deposit,unit_group,state_label,drug,dose_value,dose_unit,early_rate_median_log10_per_day,early_rate_q05_log10_per_day,early_rate_q95_log10_per_day,terminal_rate_median_log10_per_day,terminal_rate_q05_log10_per_day,terminal_rate_q95_log10_per_day,early_rate_median_log10_per_hour,terminal_rate_median_log10_per_hour,ratio_early_over_terminal,P_terminal_rate_le_0,rate_units,corpus_windels_early_rate_log10_per_hour_min,corpus_windels_early_rate_log10_per_hour_max,corpus_windels_terminal_rate_log10_per_hour_p10,corpus_windels_terminal_rate_log10_per_hour_p90,corpus_windels_n_terminal_series,corpus_windels_terminal_vs_nutrient_spearman,corpus_windels_terminal_vs_nutrient_p,corpus_windels_terminal_vs_log10dose_spearman,corpus_windels_terminal_vs_log10dose_p,corpus_era4tb_treated_100uL_series_with_ge3_uncensored,corpus_era4tb_n_terminal_rate_non_positive,corpus_era4tb_P_terminal_rate_le_0_empirical,corpus_era4tb_non_positive_by_arm,corpus_era4tb_n_rebound_gt_1_log10_from_nadir,corpus_era4tb_n_rebound_gt_2_log10_from_nadir
era4tb,era4tb_A_INH10x_r1,standard,isoniazid,10.0,xMIC,0.8691883529747688,0.747297798889775,1.1560063565481802,0.0004948487845410614,-0.10172448502764582,0.1904461242992063,0.0362161813739487,2.061869935587756e-05,1756.4726440237332,0.4666666666666667,log10 per day unless the column name says per hour,-0.02371326703960584,6.92445303860748,0.0491710682256323,0.2742777336329816,99,0.34136634165928464,0.0005444074900571664,0.2621115050966541,0.00877120692962598,64,46,0.71875,"{""INH10x"": ""10/13"", ""INH1x"": ""15/15"", ""MXF10x"": ""5/18"", ""MXF1x"": ""16/18""}",44,35
era4tb,era4tb_A_INH10x_r2,standard,isoniazid,10.0,xMIC,0.9000256280993201,0.8080275457871955,1.0816450791856753,-0.08955323156261528,-0.18102895173399564,0.18505534454957132,0.03750106783747167,-0.0037313846484423037,-10.050174766390485,0.7333333333333333,log10 per day unless the column name says per hour,-0.02371326703960584,6.92445303860748,0.0491710682256323,0.2742777336329816,99,0.34136634165928464,0.0005444074900571664,0.2621115050966541,0.00877120692962598,64,46,0.71875,"{""INH10x"": ""10/13"", ""INH1x"": ""15/15"", ""MXF10x"": ""5/18"", ""MXF1x"": ""16/18""}",44,35
era4tb,era4tb_A_INH10x_r3,standard,isoniazid,10.0,xMIC,0.9373186045541465,0.8211177640158531,1.0989118498760369,-0.02074713852027532,-0.13331343065547438,0.23571701713854454,0.03905494185642277,-0.0008644641050114717,-45.17821113683431,0.6,log10 per day unless the column name says per hour,-0.02371326703960584,6.92445303860748,0.0491710682256323,0.2742777336329816,99,0.34136634165928464,0.0005444074900571664,0.2621115050966541,0.00877120692962598,64,46,0.71875,"{""INH10x"": ""10/13"", ""INH1x"": ""15/15"", ""MXF10x"": ""5/18"", ""MXF1x"": ""16/18""}",44,35
era4tb,era4tb_A_INH1x_r1,standard,isoniazid,1.0,xMIC,0.5915107819849864,0.4361273140639428,0.7113188149310822,-0.2525149311545219,-0.33030268060365653,-0.19440510652519963,0.024646282582707766,-0.010521455464771746,-2.342478439910637,1.0,log10 per day unless the column name says per hour,-0.02371326703960584,6.92445303860748,0.0491710682256323,0.2742777336329816,99,0.34136634165928464,0.0005444074900571664,0.2621115050966541,0.00877120692962598,64,46,0.71875,"{""INH10x"": ""10/13"", ""INH1x"": ""15/15"", ""MXF10x"": ""5/18"", ""MXF1x"": ""16/18""}",44,35
era4tb,era4tb_A_INH1x_r2,standard,isoniazid,1.0,xMIC,0.575509116429913,0.43279522888080896,0.7454290934813936,-0.28461041702297035,-0.33925240535215334,-0.20246607111469692,0.02397954651791304,-0.011858767375957098,-2.0220943507611135,1.0,log10 per day unless the column name says per hour,-0.02371326703960584,6.92445303860748,0.0491710682256323,0.2742777336329816,99,0.34136634165928464,0.0005444074900571664,0.2621115050966541,0.00877120692962598,64,46,0.71875,"{""INH10x"": ""10/13"", ""INH1x"": ""15/15"", ""MXF10x"": ""5/18"", ""MXF1x"": ""16/18""}",44,35
era4tb,era4tb_A_INH1x_r3,standard,isoniazid,1.0,xMIC,0.5586215031734844,0.44618596344093014,0.7260444021972524,-0.24077466943278217,-0.329457149774465,-0.1721798422585216,0.023275895965561847,-0.01003227789303259,-2.320100800011425,1.0,log10 per day unless the column name says per hour,-0.02371326703960584,6.92445303860748,0.0491710682256323,0.2742777336329816,99,0.34136634165928464,0.0005444074900571664,0.2621115050966541,0.00877120692962598,64,46,0.71875,"{""INH10x"": ""10/13"", ""INH1x"": ""15/15"", ""MXF10x"": ""5/18"", ""MXF1x"": ""16/18""}",44,35
era4tb,era4tb_A_MXF10x_r2,standard,moxifloxacin,10.0,xMIC,0.37114540906924515,0.2587446425123578,0.49758172991794364,-0.2504523338036808,-0.30586960051669654,-0.17746236064633059,0.015464392044551882,-0.010435513908486701,-1.4819003817316017,1.0,log10 per day unless the column name says per hour,-0.02371326703960584,6.92445303860748,0.0491710682256323,0.2742777336329816,99,0.34136634165928464,0.0005444074900571664,0.2621115050966541,0.00877120692962598,64,46,0.71875,"{""INH10x"": ""10/13"", ""INH1x"": ""15/15"", ""MXF10x"": ""5/18"", ""MXF1x"": ""16/18""}",44,35
era4tb,era4tb_A_MXF10x_r3,standard,moxifloxacin,10.0,xMIC,0.36764585273352096,0.2751781062563816,0.5023733930392285,0.01160216386990412,-0.04306445543261368,0.11453956421756581,0.01531857719723004,0.00048342349457933834,31.687696955150763,0.3333333333333333,log10 per day unless the column name says per hour,-0.02371326703960584,6.92445303860748,0.0491710682256323,0.2742777336329816,99,0.34136634165928464,0.0005444074900571664,0.2621115050966541,0.00877120692962598,64,46,0.71875,"{""INH10x"": ""10/13"", ""INH1x"": ""15/15"", ""MXF10x"": ""5/18"", ""MXF1x"": ""16/18""}",44,35
era4tb,era4tb_A_MXF1x_r1,standard,moxifloxacin,1.0,xMIC,-0.16595685582271427,-0.3234562400286707,-0.015379540830814185,-0.10795460452538298,-0.16983490644005345,-0.051190077286749694,-0.006914868992613094,-0.004498108521890957,1.5372837180251393,1.0,log10 per day unless the column name says per hour,-0.02371326703960584,6.92445303860748,0.0491710682256323,0.2742777336329816,99,0.34136634165928464,0.0005444074900571664,0.2621115050966541,0.00877120692962598,64,46,0.71875,"{""INH10x"": ""10/13"", ""INH1x"": ""15/15"", ""MXF10x"": ""5/18"", ""MXF1x"": ""16/18""}",44,35
era4tb,era4tb_A_MXF1x_r2,standard,moxifloxacin,1.0,xMIC,-0.1549342544701744,-0.2927278793225915,-0.030156400682052987,-0.10779434082596753,-0.13869036991204456,-0.03514398572738965,-0.006455593936257266,-0.0044914308677486475,1.4373134367073461,1.0,log10 per day unless the column name says per hour,-0.02371326703960584,6.92445303860748,0.0491710682256323,0.2742777336329816,99,0.34136634165928464,0.0005444074900571664,0.2621115050966541,0.00877120692962598,64,46,0.71875,"{""INH10x"": ""10/13"", ""INH1x"": ""15/15"", ""MXF10x"": ""5/18"", ""MXF1x"": ""16/18""}",44,35
era4tb,era4tb_A_MXF1x_r3,standard,moxifloxacin,1.0,xMIC,-0.10726506156325695,-0.3276799048971529,-0.018318640030041095,-0.1256300492653834,-0.21117311476174655,-0.020189871083094453,-0.0044693775651357065,-0.0052345853860576415,0.85381691872673,0.9333333333333333,log10 per day unless the column name says per hour,-0.02371326703960584,6.92445303860748,0.0491710682256323,0.2742777336329816,99,0.34136634165928464,0.0005444074900571664,0.2621115050966541,0.00877120692962598,64,46,0.71875,"{""INH10x"": ""10/13"", ""INH1x"": ""15/15"", ""MXF10x"": ""5/18"", ""MXF1x"": ""16/18""}",44,35
era4tb,era4tb_A_untreated_r1,standard,none,0.0,xMIC,-0.36245747235822906,-0.49208084344382874,-0.3311384512513639,-0.07497188378199034,-0.1588845304425229,-0.033841216365703565,-0.015102394681592878,-0.003123828490916264,4.834578699025543,1.0,log10 per day unless the column name says per hour,-0.02371326703960584,6.92445303860748,0.0491710682256323,0.2742777336329816,99,0.34136634165928464,0.0005444074900571664,0.2621115050966541,0.00877120692962598,64,46,0.71875,"{""INH10x"": ""10/13"", ""INH1x"": ""15/15"", ""MXF10x"": ""5/18"", ""MXF1x"": ""16/18""}",44,35
era4tb,era4tb_A_untreated_r2,standard,none,0.0,xMIC,-0.3555284302160068,-0.5185578131199288,-0.29415640735856935,-0.10004453225880729,-0.13935711428114222,-0.01946546203286507,-0.014813684592333615,-0.004168522177450304,3.5537017584957353,1.0,log10 per day unless the column name says per hour,-0.02371326703960584,6.92445303860748,0.0491710682256323,0.2742777336329816,99,0.34136634165928464,0.0005444074900571664,0.2621115050966541,0.00877120692962598,64,46,0.71875,"{""INH10x"": ""10/13"", ""INH1x"": ""15/15"", ""MXF10x"": ""5/18"", ""MXF1x"": ""16/18""}",44,35
era4tb,era4tb_B_INH10x_r2,standard,isoniazid,10.0,xMIC,0.9167868527754138,0.8039272922909851,1.1379472385772709,-0.0671907304622007,-0.22087832145590347,-0.005648232381831529,0.038199452198975574,-0.0027996137692583626,-13.644543621849268,0.9333333333333333,log10 per day unless the column name says per hour,-0.02371326703960584,6.92445303860748,0.0491710682256323,0.2742777336329816,99,0.34136634165928464,0.0005444074900571664,0.2621115050966541,0.00877120692962598,64,46,0.71875,"{""INH10x"": ""10/13"", ""INH1x"": ""15/15"", ""MXF10x"": ""5/18"", ""MXF1x"": ""16/18""}",44,35
era4tb,era4tb_B_INH10x_r3,standard,isoniazid,10.0,xMIC,0.8933514639124671,0.8065471185657893,1.0498070906568713,-0.1558918596378289,-0.24198557323758968,-0.07691555655742974,0.03722297766301946,-0.006495494151576204,-5.7305844319768795,1.0,log10 per day unless the column name says per hour,-0.02371326703960584,6.92445303860748,0.0491710682256323,0.2742777336329816,99,0.34136634165928464,0.0005444074900571664,0.2621115050966541,0.00877120692962598,64,46,0.71875,"{""INH10x"": ""10/13"", ""INH1x"": ""15/15"", ""MXF10x"": ""5/18"", ""MXF1x"": ""16/18""}",44,35
era4tb,era4tb_B_INH1x_r1,standard,isoniazid,1.0,xMIC,0.5414816507251545,0.44933642632274506,0.7093154946938456,-0.26599396810665027,-0.3110750649255422,-0.203155386620197,0.022561735446881438,-0.01108308200444376,-2.03569146540965,1.0,log10 per day unless the column name says per hour,-0.02371326703960584,6.92445303860748,0.0491710682256323,0.2742777336329816,99,0.34136634165928464,0.0005444074900571664,0.2621115050966541,0.00877120692962598,64,46,0.71875,"{""INH10x"": ""10/13"", ""INH1x"": ""15/15"", ""MXF10x"": ""5/18"", ""MXF1x"": ""16/18""}",44,35
era4tb,era4tb_B_MXF10x_r1,standard,moxifloxacin,10.0,xMIC,0.41239924370295106,0.28914676336773365,0.5649313800023001,0.23260191888864515,0.10474077114884722,0.4143888899644379,0.017183301820956294,0.009691746620360214,1.7729829817112615,0.0,log10 per day unless the column name says per hour,-0.02371326703960584,6.92445303860748,0.0491710682256323,0.2742777336329816,99,0.34136634165928464,0.0005444074900571664,0.2621115050966541,0.00877120692962598,64,46,0.71875,"{""INH10x"": ""10/13"", ""INH1x"": ""15/15"", ""MXF10x"": ""5/18"", ""MXF1x"": ""16/18""}",44,35
era4tb,era4tb_B_MXF10x_r2,standard,moxifloxacin,10.0,xMIC,0.37536545517802417,0.22260645688359576,0.4548888191072906,0.07064693596770237,0.0020377192702477395,0.13221249068054708,0.01564022729908434,0.0029436223319875988,5.313258813512165,0.06666666666666667,log10 per day unless the column name says per hour,-0.02371326703960584,6.92445303860748,0.0491710682256323,0.2742777336329816,99,0.34136634165928464,0.0005444074900571664,0.2621115050966541,0.00877120692962598,64,46,0.71875,"{""INH10x"": ""10/13"", ""INH1x"": ""15/15"", ""MXF10x"": ""5/18"", ""MXF1x"": ""16/18""}",44,35
era4tb,era4tb_B_MXF10x_r3,standard,moxifloxacin,10.0,xMIC,0.3596578086907831,0.2685145678336486,0.4921773919456884,0.20337103688018954,0.060542899693022185,0.3460538254534248,0.01498574202878263,0.008473793203341231,1.768480970585136,0.0,log10 per day unless the column name says per hour,-0.02371326703960584,6.92445303860748,0.0491710682256323,0.2742777336329816,99,0.34136634165928464,0.0005444074900571664,0.2621115050966541,0.00877120692962598,64,46,0.71875,"{""INH10x"": ""10/13"", ""INH1x"": ""15/15"", ""MXF10x"": ""5/18"", ""MXF1x"": ""16/18""}",44,35
era4tb,era4tb_B_MXF1x_r1,standard,moxifloxacin,1.0,xMIC,-0.09996290421900268,-0.20514725858759814,0.026032646984745774,-0.16162299783628542,-0.24324851573051615,-0.08597504655438727,-0.004165121009125112,-0.006734291576511893,0.6184943080950597,1.0,log10 per day unless the column name says per hour,-0.02371326703960584,6.92445303860748,0.0491710682256323,0.2742777336329816,99,0.34136634165928464,0.0005444074900571664,0.2621115050966541,0.00877120692962598,64,46,0.71875,"{""INH10x"": ""10/13"", ""INH1x"": ""15/15"", ""MXF10x"": ""5/18"", ""MXF1x"": ""16/18""}",44,35
era4tb,era4tb_B_MXF1x_r3,standard,moxifloxacin,1.0,xMIC,-0.06720375107380601,-0.21101880674739587,0.05896717101427366,-0.17025358655132783,-0.20768173693308936,-0.1015175401422185,-0.002800156294741917,-0.0070938994396386595,0.3947273736494562,1.0,log10 per day unless the column name says per hour,-0.02371326703960584,6.92445303860748,0.0491710682256323,0.2742777336329816,99,0.34136634165928464,0.0005444074900571664,0.2621115050966541,0.00877120692962598,64,46,0.71875,"{""INH10x"": ""10/13"", ""INH1x"": ""15/15"", ""MXF10x"": ""5/18"", ""MXF1x"": ""16/18""}",44,35
era4tb,era4tb_B_untreated_r1,standard,none,0.0,xMIC,-0.3213462002822872,-0.40454749989987976,-0.2382885228003882,-0.16651386516842215,-0.20426012477277827,-0.09823313996881376,-0.013389425011761968,-0.0069380777153509226,1.9298465023153377,1.0,log10 per day unless the column name says per hour,-0.02371326703960584,6.92445303860748,0.0491710682256323,0.2742777336329816,99,0.34136634165928464,0.0005444074900571664,0.2621115050966541,0.00877120692962598,64,46,0.71875,"{""INH10x"": ""10/13"", ""INH1x"": ""15/15"", ""MXF10x"": ""5/18"", ""MXF1x"": ""16/18""}",44,35
era4tb,era4tb_B_untreated_r2,standard,none,0.0,xMIC,-0.3011459776012752,-0.427299217060605,-0.2177161293343927,-0.1275188290618202,-0.1986532663136179,-0.09160902136814641,-0.0125477490667198,-0.0053132845442425075,2.361580480442475,1.0,log10 per day unless the column name says per hour,-0.02371326703960584,6.92445303860748,0.0491710682256323,0.2742777336329816,99,0.34136634165928464,0.0005444074900571664,0.2621115050966541,0.00877120692962598,64,46,0.71875,"{""INH10x"": ""10/13"", ""INH1x"": ""15/15"", ""MXF10x"": ""5/18"", ""MXF1x"": ""16/18""}",44,35
era4tb,era4tb_B_untreated_r3,standard,none,0.0,xMIC,-0.3052453958743016,-0.4608996086131004,-0.22901119140243759,-0.11477977771204931,-0.18517796166971545,-0.04742920960250125,-0.012718558161429234,-0.004782490738002055,2.6594004794126525,1.0,log10 per day unless the column name says per hour,-0.02371326703960584,6.92445303860748,0.0491710682256323,0.2742777336329816,99,0.34136634165928464,0.0005444074900571664,0.2621115050966541,0.00877120692962598,64,46,0.71875,"{""INH10x"": ""10/13"", ""INH1x"": ""15/15"", ""MXF10x"": ""5/18"", ""MXF1x"": ""16/18""}",44,35
era4tb,era4tb_C_INH10x_r1,standard,isoniazid,10.0,xMIC,1.272440087256553,1.0661150605335146,1.4934298988223524,0.18228222075968287,-0.044368207799220204,0.5138289553544901,0.05301833696902305,0.0075950925316534525,6.98060448217883,0.13333333333333333,log10 per day unless the column name says per hour,-0.02371326703960584,6.92445303860748,0.0491710682256323,0.2742777336329816,99,0.34136634165928464,0.0005444074900571664,0.2621115050966541,0.00877120692962598,64,46,0.71875,"{""INH10x"": ""10/13"", ""INH1x"": ""15/15"", ""MXF10x"": ""5/18"", ""MXF1x"": ""16/18""}",44,35
era4tb,era4tb_C_INH10x_r2,standard,isoniazid,10.0,xMIC,1.2747413444142535,1.0950102011310088,1.4081477476767676,0.2142116266905704,0.010914844479217548,0.39462356574348734,0.05311422268392723,0.008925484445440434,5.950850400177497,0.06666666666666667,log10 per day unless the column name says per hour,-0.02371326703960584,6.92445303860748,0.0491710682256323,0.2742777336329816,99,0.34136634165928464,0.0005444074900571664,0.2621115050966541,0.00877120692962598,64,46,0.71875,"{""INH10x"": ""10/13"", ""INH1x"": ""15/15"", ""MXF10x"": ""5/18"", ""MXF1x"": ""16/18""}",44,35
era4tb,era4tb_C_INH10x_r3,standard,isoniazid,10.0,xMIC,1.2581086438634848,1.0696413905269413,1.4471971762127418,0.22372594887676095,-0.0565319101653106,0.5033912386281308,0.05242119349431187,0.009321914536531707,5.6234363969845615,0.2,log10 per day unless the column name says per hour,-0.02371326703960584,6.92445303860748,0.0491710682256323,0.2742777336329816,99,0.34136634165928464,0.0005444074900571664,0.2621115050966541,0.00877120692962598,64,46,0.71875,"{""INH10x"": ""10/13"", ""INH1x"": ""15/15"", ""MXF10x"": ""5/18"", ""MXF1x"": ""16/18""}",44,35
era4tb,era4tb_C_INH1x_r1,standard,isoniazid,1.0,xMIC,0.7226967150337179,0.6195074063448082,0.8196786392734273,-0.3124166770794495,-0.36172390634524226,-0.28279446321254165,0.030112363126404914,-0.013017361544977062,-2.313246276702225,1.0,log10 per day unless the column name says per hour,-0.02371326703960584,6.92445303860748,0.0491710682256323,0.2742777336329816,99,0.34136634165928464,0.0005444074900571664,0.2621115050966541,0.00877120692962598,64,46,0.71875,"{""INH10x"": ""10/13"", ""INH1x"": ""15/15"", ""MXF10x"": ""5/18"", ""MXF1x"": ""16/18""}",44,35
era4tb,era4tb_C_INH1x_r2,standard,isoniazid,1.0,xMIC,0.7173972942062322,0.6465823412031947,0.8486512216636902,-0.34577333286014583,-0.3949667553320703,-0.3123811761853856,0.029891553925259676,-0.014407222202506077,-2.074761776080622,1.0,log10 per day unless the column name says per hour,-0.02371326703960584,6.92445303860748,0.0491710682256323,0.2742777336329816,99,0.34136634165928464,0.0005444074900571664,0.2621115050966541,0.00877120692962598,64,46,0.71875,"{""INH10x"": ""10/13"", ""INH1x"": ""15/15"", ""MXF10x"": ""5/18"", ""MXF1x"": ""16/18""}",44,35
era4tb,era4tb_C_INH1x_r3,standard,isoniazid,1.0,xMIC,0.7379136578193166,0.6619836004757943,0.8353556712522698,-0.32050243058475336,-0.34738536743413523,-0.29067440094798686,0.03074640240913819,-0.01335426794103139,-2.302365247193292,1.0,log10 per day unless the column name says per hour,-0.02371326703960584,6.92445303860748,0.0491710682256323,0.2742777336329816,99,0.34136634165928464,0.0005444074900571664,0.2621115050966541,0.00877120692962598,64,46,0.71875,"{""INH10x"": ""10/13"", ""INH1x"": ""15/15"", ""MXF10x"": ""5/18"", ""MXF1x"": ""16/18""}",44,35
era4tb,era4tb_C_MXF10x_r1,standard,moxifloxacin,10.0,xMIC,0.5479593743305652,0.48847357107382344,0.6313394212122174,0.24413366703446066,0.09738669313527516,0.4748471663400739,0.02283164059710688,0.010172236126435861,2.2445055652779673,0.0,log10 per day unless the column name says per hour,-0.02371326703960584,6.92445303860748,0.0491710682256323,0.2742777336329816,99,0.34136634165928464,0.0005444074900571664,0.2621115050966541,0.00877120692962598,64,46,0.71875,"{""INH10x"": ""10/13"", ""INH1x"": ""15/15"", ""MXF10x"": ""5/18"", ""MXF1x"": ""16/18""}",44,35
era4tb,era4tb_C_MXF10x_r2,standard,moxifloxacin,10.0,xMIC,0.5728420700031002,0.4960166412614626,0.6577006461861209,0.33125551986929586,0.17192361675377957,0.5465539200087305,0.023868419583462506,0.013802313327887327,1.7293057342233198,0.0,log10 per day unless the column name says per hour,-0.02371326703960584,6.92445303860748,0.0491710682256323,0.2742777336329816,99,0.34136634165928464,0.0005444074900571664,0.2621115050966541,0.00877120692962598,64,46,0.71875,"{""INH10x"": ""10/13"", ""INH1x"": ""15/15"", ""MXF10x"": ""5/18"", ""MXF1x"": ""16/18""}",44,35
era4tb,era4tb_C_MXF10x_r3,standard,moxifloxacin,10.0,xMIC,0.5609345727818498,0.5090227985847996,0.6605956939630759,0.30938437259476265,0.19978249935991538,0.5166231375461281,0.02337227386591041,0.012891015524781778,1.8130669240898352,0.0,log10 per day unless the column name says per hour,-0.02371326703960584,6.92445303860748,0.0491710682256323,0.2742777336329816,99,0.34136634165928464,0.0005444074900571664,0.2621115050966541,0.00877120692962598,64,46,0.71875,"{""INH10x"": ""10/13"", ""INH1x"": ""15/15"", ""MXF10x"": ""5/18"", ""MXF1x"": ""16/18""}",44,35
era4tb,era4tb_C_MXF1x_r1,standard,moxifloxacin,1.0,xMIC,0.09228765484657221,-0.023273403050998197,0.1613365168578149,-0.16505313020391685,-0.18593112088533836,-0.12303384755444732,0.003845318951940509,-0.006877213758496536,-0.559139076808506,1.0,log10 per day unless the column name says per hour,-0.02371326703960584,6.92445303860748,0.0491710682256323,0.2742777336329816,99,0.34136634165928464,0.0005444074900571664,0.2621115050966541,0.00877120692962598,64,46,0.71875,"{""INH10x"": ""10/13"", ""INH1x"": ""15/15"", ""MXF10x"": ""5/18"", ""MXF1x"": ""16/18""}",44,35
era4tb,era4tb_C_MXF1x_r2,standard,moxifloxacin,1.0,xMIC,0.07456811815746715,-0.07156616402035822,0.17267143050926384,-0.14809462611767396,-0.19462216145151184,-0.12160001278359389,0.003107004923227798,-0.006170609421569748,-0.5035167049087679,1.0,log10 per day unless the column name says per hour,-0.02371326703960584,6.92445303860748,0.0491710682256323,0.2742777336329816,99,0.34136634165928464,0.0005444074900571664,0.2621115050966541,0.00877120692962598,64,46,0.71875,"{""INH10x"": ""10/13"", ""INH1x"": ""15/15"", ""MXF10x"": ""5/18"", ""MXF1x"": ""16/18""}",44,35
era4tb,era4tb_C_MXF1x_r3,standard,moxifloxacin,1.0,xMIC,0.02591398421917917,-0.06285283709423689,0.1911543472790989,-0.15189300490273377,-0.18258896514423478,-0.09056602773430326,0.0010797493424657986,-0.006328875204280574,-0.17060683101090438,1.0,log10 per day unless the column name says per hour,-0.02371326703960584,6.92445303860748,0.0491710682256323,0.2742777336329816,99,0.34136634165928464,0.0005444074900571664,0.2621115050966541,0.00877120692962598,64,46,0.71875,"{""INH10x"": ""10/13"", ""INH1x"": ""15/15"", ""MXF10x"": ""5/18"", ""MXF1x"": ""16/18""}",44,35
era4tb,era4tb_C_untreated_r1,standard,none,0.0,xMIC,-0.278446136481549,-0.3494893033453666,-0.15914504512936783,-0.03288307590632061,-0.08491153304922812,0.011533004246191046,-0.011601922353397874,-0.0013701281627633585,8.467764307536315,0.8666666666666667,log10 per day unless the column name says per hour,-0.02371326703960584,6.92445303860748,0.0491710682256323,0.2742777336329816,99,0.34136634165928464,0.0005444074900571664,0.2621115050966541,0.00877120692962598,64,46,0.71875,"{""INH10x"": ""10/13"", ""INH1x"": ""15/15"", ""MXF10x"": ""5/18"", ""MXF1x"": ""16/18""}",44,35
era4tb,era4tb_C_untreated_r2,standard,none,0.0,xMIC,-0.21569129830212647,-0.4234680166482878,-0.15316950300038767,-0.036402365202651304,-0.06015064420238147,0.0017731611093586776,-0.00898713742925527,-0.0015167652167771377,5.925200109975737,0.9333333333333333,log10 per day unless the column name says per hour,-0.02371326703960584,6.92445303860748,0.0491710682256323,0.2742777336329816,99,0.34136634165928464,0.0005444074900571664,0.2621115050966541,0.00877120692962598,64,46,0.71875,"{""INH10x"": ""10/13"", ""INH1x"": ""15/15"", ""MXF10x"": ""5/18"", ""MXF1x"": ""16/18""}",44,35
era4tb,era4tb_C_untreated_r3,standard,none,0.0,xMIC,-0.26745012354068315,-0.32523935578522895,-0.1582278768130655,-0.041727579054342864,-0.09586254469598006,-0.00041293836502804757,-0.011143755147528465,-0.001738649127264286,6.4094330321051265,0.9333333333333333,log10 per day unless the column name says per hour,-0.02371326703960584,6.92445303860748,0.0491710682256323,0.2742777336329816,99,0.34136634165928464,0.0005444074900571664,0.2621115050966541,0.00877120692962598,64,46,0.71875,"{""INH10x"": ""10/13"", ""INH1x"": ""15/15"", ""MXF10x"": ""5/18"", ""MXF1x"": ""16/18""}",44,35
era4tb,era4tb_D_INH10x_r1,standard,isoniazid,10.0,xMIC,0.8251210700952365,0.732810058901554,0.9705807156695433,-0.22490280169025614,-0.2641168321962939,-0.15444623592078782,0.03438004458730152,-0.009370950070427339,-3.668789645544841,1.0,log10 per day unless the column name says per hour,-0.02371326703960584,6.92445303860748,0.0491710682256323,0.2742777336329816,99,0.34136634165928464,0.0005444074900571664,0.2621115050966541,0.00877120692962598,64,46,0.71875,"{""INH10x"": ""10/13"", ""INH1x"": ""15/15"", ""MXF10x"": ""5/18"", ""MXF1x"": ""16/18""}",44,35
era4tb,era4tb_D_INH10x_r2,standard,isoniazid,10.0,xMIC,0.8264879497378022,0.6842556416577954,0.9334873931236677,-0.19856369454581108,-0.2745818644145175,-0.1546109634825805,0.034436997905741756,-0.008273487272742129,-4.162331646922097,1.0,log10 per day unless the column name says per hour,-0.02371326703960584,6.92445303860748,0.0491710682256323,0.2742777336329816,99,0.34136634165928464,0.0005444074900571664,0.2621115050966541,0.00877120692962598,64,46,0.71875,"{""INH10x"": ""10/13"", ""INH1x"": ""15/15"", ""MXF10x"": ""5/18"", ""MXF1x"": ""16/18""}",44,35
era4tb,era4tb_D_INH10x_r3,standard,isoniazid,10.0,xMIC,0.8525920564621541,0.7527396274233445,0.9620129528730778,-0.21945905515904807,-0.25753557901507923,-0.15804582068891052,0.03552466901925642,-0.00914412729829367,-3.884970961185707,1.0,log10 per day unless the column name says per hour,-0.02371326703960584,6.92445303860748,0.0491710682256323,0.2742777336329816,99,0.34136634165928464,0.0005444074900571664,0.2621115050966541,0.00877120692962598,64,46,0.71875,"{""INH10x"": ""10/13"", ""INH1x"": ""15/15"", ""MXF10x"": ""5/18"", ""MXF1x"": ""16/18""}",44,35
era4tb,era4tb_D_INH1x_r1,standard,isoniazid,1.0,xMIC,0.5700421002414816,0.4552635610870829,0.6563395679994758,-0.15596157798179014,-0.19108318988692316,-0.10680659872049864,0.0237517541767284,-0.006498399082574589,-3.6550162393717187,1.0,log10 per day unless the column name says per hour,-0.02371326703960584,6.92445303860748,0.0491710682256323,0.2742777336329816,99,0.34136634165928464,0.0005444074900571664,0.2621115050966541,0.00877120692962598,64,46,0.71875,"{""INH10x"": ""10/13"", ""INH1x"": ""15/15"", ""MXF10x"": ""5/18"", ""MXF1x"": ""16/18""}",44,35
era4tb,era4tb_D_INH1x_r2,standard,isoniazid,1.0,xMIC,0.5287194723731525,0.43237535165160296,0.6365949361597987,-0.24672352122052021,-0.3175802759579957,-0.15542524183882847,0.022029978015548023,-0.010280146717521676,-2.1429633857267536,1.0,log10 per day unless the column name says per hour,-0.02371326703960584,6.92445303860748,0.0491710682256323,0.2742777336329816,99,0.34136634165928464,0.0005444074900571664,0.2621115050966541,0.00877120692962598,64,46,0.71875,"{""INH10x"": ""10/13"", ""INH1x"": ""15/15"", ""MXF10x"": ""5/18"", ""MXF1x"": ""16/18""}",44,35
era4tb,era4tb_D_INH1x_r3,standard,isoniazid,1.0,xMIC,0.5569495117698107,0.44702293146351485,0.5940670989520386,-0.1356183725640214,-0.2433081741182797,-0.06006230525731375,0.023206229657075444,-0.005650765523500891,-4.106740858484284,1.0,log10 per day unless the column name says per hour,-0.02371326703960584,6.92445303860748,0.0491710682256323,0.2742777336329816,99,0.34136634165928464,0.0005444074900571664,0.2621115050966541,0.00877120692962598,64,46,0.71875,"{""INH10x"": ""10/13"", ""INH1x"": ""15/15"", ""MXF10x"": ""5/18"", ""MXF1x"": ""16/18""}",44,35
era4tb,era4tb_D_MXF10x_r1,standard,moxifloxacin,10.0,xMIC,0.35527901694062003,0.24980623725976192,0.3971559844808921,-0.14641960995789505,-0.20989014619269966,-0.09971108611702599,0.014803292372525834,-0.00610081708157896,-2.4264442245323927,1.0,log10 per day unless the column name says per hour,-0.02371326703960584,6.92445303860748,0.0491710682256323,0.2742777336329816,99,0.34136634165928464,0.0005444074900571664,0.2621115050966541,0.00877120692962598,64,46,0.71875,"{""INH10x"": ""10/13"", ""INH1x"": ""15/15"", ""MXF10x"": ""5/18"", ""MXF1x"": ""16/18""}",44,35
era4tb,era4tb_D_MXF10x_r2,standard,moxifloxacin,10.0,xMIC,0.33101054979358285,0.2713092541072855,0.43810418125492573,-0.0817967420103569,-0.14140454502276675,-0.03187875492422889,0.013792106241399286,-0.003408197583764871,-4.046744914995161,1.0,log10 per day unless the column name says per hour,-0.02371326703960584,6.92445303860748,0.0491710682256323,0.2742777336329816,99,0.34136634165928464,0.0005444074900571664,0.2621115050966541,0.00877120692962598,64,46,0.71875,"{""INH10x"": ""10/13"", ""INH1x"": ""15/15"", ""MXF10x"": ""5/18"", ""MXF1x"": ""16/18""}",44,35
era4tb,era4tb_D_MXF10x_r3,standard,moxifloxacin,10.0,xMIC,0.33214782643114377,0.24111996259472512,0.4193713559190214,-0.18219749032441432,-0.23176807681620137,-0.11831705442232991,0.013839492767964324,-0.007591562096850597,-1.823009888005226,1.0,log10 per day unless the column name says per hour,-0.02371326703960584,6.92445303860748,0.0491710682256323,0.2742777336329816,99,0.34136634165928464,0.0005444074900571664,0.2621115050966541,0.00877120692962598,64,46,0.71875,"{""INH10x"": ""10/13"", ""INH1x"": ""15/15"", ""MXF10x"": ""5/18"", ""MXF1x"": ""16/18""}",44,35
era4tb,era4tb_D_MXF1x_r1,standard,moxifloxacin,1.0,xMIC,-0.10192764722614872,-0.1939615006994406,0.0046925582266428255,-0.03223445426447734,-0.08593286668845294,0.05301897593316415,-0.00424698530108953,-0.0013431022610198892,3.1620714403865033,0.7333333333333333,log10 per day unless the column name says per hour,-0.02371326703960584,6.92445303860748,0.0491710682256323,0.2742777336329816,99,0.34136634165928464,0.0005444074900571664,0.2621115050966541,0.00877120692962598,64,46,0.71875,"{""INH10x"": ""10/13"", ""INH1x"": ""15/15"", ""MXF10x"": ""5/18"", ""MXF1x"": ""16/18""}",44,35
era4tb,era4tb_D_MXF1x_r2,standard,moxifloxacin,1.0,xMIC,-0.11013868400197745,-0.16699608977901134,-0.008947367329937238,-0.031295197316155744,-0.10277909977443736,0.03170166055104149,-0.004589111833415727,-0.0013039665548398227,3.5193478056493914,0.8,log10 per day unless the column name says per hour,-0.02371326703960584,6.92445303860748,0.0491710682256323,0.2742777336329816,99,0.34136634165928464,0.0005444074900571664,0.2621115050966541,0.00877120692962598,64,46,0.71875,"{""INH10x"": ""10/13"", ""INH1x"": ""15/15"", ""MXF10x"": ""5/18"", ""MXF1x"": ""16/18""}",44,35
era4tb,era4tb_D_MXF1x_r3,standard,moxifloxacin,1.0,xMIC,-0.11210014295103406,-0.2071990244941233,-0.0010209185428077007,-0.04671539222475598,-0.09646941457262953,0.003696493027101378,-0.004670839289626419,-0.0019464746760314991,2.399640409989507,0.9333333333333333,log10 per day unless the column name says per hour,-0.02371326703960584,6.92445303860748,0.0491710682256323,0.2742777336329816,99,0.34136634165928464,0.0005444074900571664,0.2621115050966541,0.00877120692962598,64,46,0.71875,"{""INH10x"": ""10/13"", ""INH1x"": ""15/15"", ""MXF10x"": ""5/18"", ""MXF1x"": ""16/18""}",44,35
era4tb,era4tb_D_untreated_r1,standard,none,0.0,xMIC,-0.2996793672466134,-0.38058496063810876,-0.2559270574768479,-0.061102174390104375,-0.12445153715074002,0.015612663063159796,-0.012486640301942227,-0.0025459239329210155,4.904561420896784,0.7333333333333333,log10 per day unless the column name says per hour,-0.02371326703960584,6.92445303860748,0.0491710682256323,0.2742777336329816,99,0.34136634165928464,0.0005444074900571664,0.2621115050966541,0.00877120692962598,64,46,0.71875,"{""INH10x"": ""10/13"", ""INH1x"": ""15/15"", ""MXF10x"": ""5/18"", ""MXF1x"": ""16/18""}",44,35
era4tb,era4tb_D_untreated_r2,standard,none,0.0,xMIC,-0.32635955836111125,-0.3881662695937446,-0.25183604097596235,-0.04038394122606101,-0.08464655893227009,-0.002554745642574636,-0.01359831493171297,-0.001682664217752542,8.081419209041966,0.9333333333333333,log10 per day unless the column name says per hour,-0.02371326703960584,6.92445303860748,0.0491710682256323,0.2742777336329816,99,0.34136634165928464,0.0005444074900571664,0.2621115050966541,0.00877120692962598,64,46,0.71875,"{""INH10x"": ""10/13"", ""INH1x"": ""15/15"", ""MXF10x"": ""5/18"", ""MXF1x"": ""16/18""}",44,35
era4tb,era4tb_D_untreated_r3,standard,none,0.0,xMIC,-0.30406652654189376,-0.3692914408655549,-0.20136681517870655,0.002283544930159347,-0.07509373531747532,0.056493858651130054,-0.01266943860591224,9.514770542330612e-05,-133.155482305608,0.4666666666666667,log10 per day unless the column name says per hour,-0.02371326703960584,6.92445303860748,0.0491710682256323,0.2742777336329816,99,0.34136634165928464,0.0005444074900571664,0.2621115050966541,0.00877120692962598,64,46,0.71875,"{""INH10x"": ""10/13"", ""INH1x"": ""15/15"", ""MXF10x"": ""5/18"", ""MXF1x"": ""16/18""}",44,35
era4tb,era4tb_E_INH10x_r1,standard,isoniazid,10.0,xMIC,0.8064712469750432,0.6663239554524854,0.9647955119122773,-0.3132376908129592,-0.39220291068223423,-0.2520482340431291,0.03360296862396014,-0.013051570450539967,-2.5746302907609038,1.0,log10 per day unless the column name says per hour,-0.02371326703960584,6.92445303860748,0.0491710682256323,0.2742777336329816,99,0.34136634165928464,0.0005444074900571664,0.2621115050966541,0.00877120692962598,64,46,0.71875,"{""INH10x"": ""10/13"", ""INH1x"": ""15/15"", ""MXF10x"": ""5/18"", ""MXF1x"": ""16/18""}",44,35
era4tb,era4tb_E_INH10x_r2,standard,isoniazid,10.0,xMIC,0.7938877900499751,0.6788014738392918,0.9445214122462826,-0.29790011940233363,-0.357241310724347,-0.21908299227175917,0.03307865791874896,-0.012412504975097235,-2.664946196204029,1.0,log10 per day unless the column name says per hour,-0.02371326703960584,6.92445303860748,0.0491710682256323,0.2742777336329816,99,0.34136634165928464,0.0005444074900571664,0.2621115050966541,0.00877120692962598,64,46,0.71875,"{""INH10x"": ""10/13"", ""INH1x"": ""15/15"", ""MXF10x"": ""5/18"", ""MXF1x"": ""16/18""}",44,35
era4tb,era4tb_E_INH10x_r3,standard,isoniazid,10.0,xMIC,0.8051235421140575,0.7148013916471595,0.9216770469313355,-0.31023180752247903,-0.3650931601804167,-0.24194374547284975,0.033546814254752394,-0.012926325313436626,-2.5952320896551497,1.0,log10 per day unless the column name says per hour,-0.02371326703960584,6.92445303860748,0.0491710682256323,0.2742777336329816,99,0.34136634165928464,0.0005444074900571664,0.2621115050966541,0.00877120692962598,64,46,0.71875,"{""INH10x"": ""10/13"", ""INH1x"": ""15/15"", ""MXF10x"": ""5/18"", ""MXF1x"": ""16/18""}",44,35
era4tb,era4tb_E_INH1x_r1,standard,isoniazid,1.0,xMIC,0.4866492278921952,0.4026463212797418,0.6075243698245876,-0.2227832855214578,-0.29503566815431664,-0.15536358304502967,0.020277051162174802,-0.009282636896727408,-2.184406369414651,1.0,log10 per day unless the column name says per hour,-0.02371326703960584,6.92445303860748,0.0491710682256323,0.2742777336329816,99,0.34136634165928464,0.0005444074900571664,0.2621115050966541,0.00877120692962598,64,46,0.71875,"{""INH10x"": ""10/13"", ""INH1x"": ""15/15"", ""MXF10x"": ""5/18"", ""MXF1x"": ""16/18""}",44,35
era4tb,era4tb_E_INH1x_r2,standard,isoniazid,1.0,xMIC,0.479743973918504,0.3956253978433744,0.5904458524216676,-0.19502077605328635,-0.271825450660824,-0.1450414578708806,0.019989332246604333,-0.008125865668886931,-2.459963413269474,1.0,log10 per day unless the column name says per hour,-0.02371326703960584,6.92445303860748,0.0491710682256323,0.2742777336329816,99,0.34136634165928464,0.0005444074900571664,0.2621115050966541,0.00877120692962598,64,46,0.71875,"{""INH10x"": ""10/13"", ""INH1x"": ""15/15"", ""MXF10x"": ""5/18"", ""MXF1x"": ""16/18""}",44,35
era4tb,era4tb_E_INH1x_r3,standard,isoniazid,1.0,xMIC,0.49468787839566336,0.41611653689605627,0.5741059837008731,-0.23700452420090917,-0.33927165335187903,-0.1636557870122155,0.02061199493315264,-0.009875188508371215,-2.087250781661516,1.0,log10 per day unless the column name says per hour,-0.02371326703960584,6.92445303860748,0.0491710682256323,0.2742777336329816,99,0.34136634165928464,0.0005444074900571664,0.2621115050966541,0.00877120692962598,64,46,0.71875,"{""INH10x"": ""10/13"", ""INH1x"": ""15/15"", ""MXF10x"": ""5/18"", ""MXF1x"": ""16/18""}",44,35
era4tb,era4tb_E_MXF10x_r1,standard,moxifloxacin,10.0,xMIC,0.3231228867979495,0.26312878228523623,0.40405182788061694,0.0913007940453332,0.030403506901446886,0.168106396723577,0.013463453616581229,0.0038041997518888835,3.539102700875861,0.0,log10 per day unless the column name says per hour,-0.02371326703960584,6.92445303860748,0.0491710682256323,0.2742777336329816,99,0.34136634165928464,0.0005444074900571664,0.2621115050966541,0.00877120692962598,64,46,0.71875,"{""INH10x"": ""10/13"", ""INH1x"": ""15/15"", ""MXF10x"": ""5/18"", ""MXF1x"": ""16/18""}",44,35
era4tb,era4tb_E_MXF10x_r2,standard,moxifloxacin,10.0,xMIC,0.3402547095256976,0.24899572049941934,0.40942930088802704,0.09306125977526215,0.0024776215505358276,0.1511315870918872,0.014177279563570733,0.003877552490635923,3.6562443958677764,0.06666666666666667,log10 per day unless the column name says per hour,-0.02371326703960584,6.92445303860748,0.0491710682256323,0.2742777336329816,99,0.34136634165928464,0.0005444074900571664,0.2621115050966541,0.00877120692962598,64,46,0.71875,"{""INH10x"": ""10/13"", ""INH1x"": ""15/15"", ""MXF10x"": ""5/18"", ""MXF1x"": ""16/18""}",44,35
era4tb,era4tb_E_MXF10x_r3,standard,moxifloxacin,10.0,xMIC,0.31067296382722265,0.2565059740205414,0.38056087051353527,0.07268037982040632,0.045046640784982675,0.1531277835831104,0.012944706826134278,0.0030283491591835965,4.274509359952404,0.0,log10 per day unless the column name says per hour,-0.02371326703960584,6.92445303860748,0.0491710682256323,0.2742777336329816,99,0.34136634165928464,0.0005444074900571664,0.2621115050966541,0.00877120692962598,64,46,0.71875,"{""INH10x"": ""10/13"", ""INH1x"": ""15/15"", ""MXF10x"": ""5/18"", ""MXF1x"": ""16/18""}",44,35
era4tb,era4tb_E_MXF1x_r1,standard,moxifloxacin,1.0,xMIC,-0.15627369492171989,-0.2800409881285278,0.03458586028604693,-0.05908558519608676,-0.13202373791743216,-0.010347306415889799,-0.006511403955071662,-0.0024618993831702816,2.6448700542288934,1.0,log10 per day unless the column name says per hour,-0.02371326703960584,6.92445303860748,0.0491710682256323,0.2742777336329816,99,0.34136634165928464,0.0005444074900571664,0.2621115050966541,0.00877120692962598,64,46,0.71875,"{""INH10x"": ""10/13"", ""INH1x"": ""15/15"", ""MXF10x"": ""5/18"", ""MXF1x"": ""16/18""}",44,35
era4tb,era4tb_E_MXF1x_r2,standard,moxifloxacin,1.0,xMIC,-0.09202892822464319,-0.21543821549932227,-0.020974841487183225,-0.08772637376768282,-0.15280188995232935,-0.03947118983252122,-0.0038345386760267994,-0.0036552655736534507,1.0490451647796866,1.0,log10 per day unless the column name says per hour,-0.02371326703960584,6.92445303860748,0.0491710682256323,0.2742777336329816,99,0.34136634165928464,0.0005444074900571664,0.2621115050966541,0.00877120692962598,64,46,0.71875,"{""INH10x"": ""10/13"", ""INH1x"": ""15/15"", ""MXF10x"": ""5/18"", ""MXF1x"": ""16/18""}",44,35
era4tb,era4tb_E_MXF1x_r3,standard,moxifloxacin,1.0,xMIC,-0.09328866673204805,-0.22756767516229653,0.016016636914292524,-0.10996100523432156,-0.18619677025811976,-0.034896069305433326,-0.0038870277805020024,-0.004581708551430065,0.848379537211891,0.9333333333333333,log10 per day unless the column name says per hour,-0.02371326703960584,6.92445303860748,0.0491710682256323,0.2742777336329816,99,0.34136634165928464,0.0005444074900571664,0.2621115050966541,0.00877120692962598,64,46,0.71875,"{""INH10x"": ""10/13"", ""INH1x"": ""15/15"", ""MXF10x"": ""5/18"", ""MXF1x"": ""16/18""}",44,35
era4tb,era4tb_E_untreated_r1,standard,none,0.0,xMIC,-0.3288972380636039,-0.4472401778423176,-0.2489671514777679,-0.027092494526964096,-0.12330047902693736,0.03708884190393617,-0.013704051585983494,-0.001128853938623504,12.139791621486363,0.8,log10 per day unless the column name says per hour,-0.02371326703960584,6.92445303860748,0.0491710682256323,0.2742777336329816,99,0.34136634165928464,0.0005444074900571664,0.2621115050966541,0.00877120692962598,64,46,0.71875,"{""INH10x"": ""10/13"", ""INH1x"": ""15/15"", ""MXF10x"": ""5/18"", ""MXF1x"": ""16/18""}",44,35
era4tb,era4tb_F_INH10x_r1,standard,isoniazid,10.0,xMIC,0.9587774782662534,0.7781897228622048,1.0718077694345487,-0.17919279389129408,-0.21190773706869998,-0.12349462337144539,0.039949061594427224,-0.0074663664121372535,-5.350535908535966,1.0,log10 per day unless the column name says per hour,-0.02371326703960584,6.92445303860748,0.0491710682256323,0.2742777336329816,99,0.34136634165928464,0.0005444074900571664,0.2621115050966541,0.00877120692962598,64,46,0.71875,"{""INH10x"": ""10/13"", ""INH1x"": ""15/15"", ""MXF10x"": ""5/18"", ""MXF1x"": ""16/18""}",44,35
era4tb,era4tb_F_INH10x_r2,standard,isoniazid,10.0,xMIC,0.932176392176177,0.8144206907161161,1.0757172473850374,-0.1863077385007413,-0.25344230117844835,-0.11705353251707297,0.038840683007340705,-0.007762822437530888,-5.0034228297632835,1.0,log10 per day unless the column name says per hour,-0.02371326703960584,6.92445303860748,0.0491710682256323,0.2742777336329816,99,0.34136634165928464,0.0005444074900571664,0.2621115050966541,0.00877120692962598,64,46,0.71875,"{""INH10x"": ""10/13"", ""INH1x"": ""15/15"", ""MXF10x"": ""5/18"", ""MXF1x"": ""16/18""}",44,35
era4tb,era4tb_F_INH10x_r3,standard,isoniazid,10.0,xMIC,0.9968328837932203,0.8630595194496992,1.0551964915216385,-0.1797424420676102,-0.2320243412831347,-0.1373770875800583,0.04153470349138418,-0.007489268419483758,-5.545895962725716,1.0,log10 per day unless the column name says per hour,-0.02371326703960584,6.92445303860748,0.0491710682256323,0.2742777336329816,99,0.34136634165928464,0.0005444074900571664,0.2621115050966541,0.00877120692962598,64,46,0.71875,"{""INH10x"": ""10/13"", ""INH1x"": ""15/15"", ""MXF10x"": ""5/18"", ""MXF1x"": ""16/18""}",44,35
era4tb,era4tb_F_INH1x_r1,standard,isoniazid,1.0,xMIC,0.7098538777762564,0.5310135049338639,0.768453053430304,-0.16942499347888698,-0.20492434542295657,-0.05260327305459753,0.02957724490734402,-0.007059374728286958,-4.189782529722897,1.0,log10 per day unless the column name says per hour,-0.02371326703960584,6.92445303860748,0.0491710682256323,0.2742777336329816,99,0.34136634165928464,0.0005444074900571664,0.2621115050966541,0.00877120692962598,64,46,0.71875,"{""INH10x"": ""10/13"", ""INH1x"": ""15/15"", ""MXF10x"": ""5/18"", ""MXF1x"": ""16/18""}",44,35
era4tb,era4tb_F_INH1x_r2,standard,isoniazid,1.0,xMIC,0.670439390213177,0.4820081315650175,0.7772387613227423,-0.15762750688848143,-0.22334050138089181,-0.06170197047112992,0.02793497459221571,-0.0065678127870200595,-4.253314687565925,1.0,log10 per day unless the column name says per hour,-0.02371326703960584,6.92445303860748,0.0491710682256323,0.2742777336329816,99,0.34136634165928464,0.0005444074900571664,0.2621115050966541,0.00877120692962598,64,46,0.71875,"{""INH10x"": ""10/13"", ""INH1x"": ""15/15"", ""MXF10x"": ""5/18"", ""MXF1x"": ""16/18""}",44,35
era4tb,era4tb_F_INH1x_r3,standard,isoniazid,1.0,xMIC,0.6353078754072231,0.4366004182556629,0.8091113934050435,-0.15786116545919693,-0.19635700265504302,-0.0740787115454143,0.026471161475300962,-0.006577548560799872,-4.024472222532995,1.0,log10 per day unless the column name says per hour,-0.02371326703960584,6.92445303860748,0.0491710682256323,0.2742777336329816,99,0.34136634165928464,0.0005444074900571664,0.2621115050966541,0.00877120692962598,64,46,0.71875,"{""INH10x"": ""10/13"", ""INH1x"": ""15/15"", ""MXF10x"": ""5/18"", ""MXF1x"": ""16/18""}",44,35
era4tb,era4tb_F_MXF10x_r1,standard,moxifloxacin,10.0,xMIC,0.48938609850995307,0.3536915094368376,0.5889931785415816,0.1076137183861565,0.058945186833336244,0.1536477985404521,0.02039108743791471,0.004483904932756521,4.547618146172226,0.0,log10 per day unless the column name says per hour,-0.02371326703960584,6.92445303860748,0.0491710682256323,0.2742777336329816,99,0.34136634165928464,0.0005444074900571664,0.2621115050966541,0.00877120692962598,64,46,0.71875,"{""INH10x"": ""10/13"", ""INH1x"": ""15/15"", ""MXF10x"": ""5/18"", ""MXF1x"": ""16/18""}",44,35
era4tb,era4tb_F_MXF10x_r2,standard,moxifloxacin,10.0,xMIC,0.4967577705617948,0.3751774382383455,0.5931843527148287,0.045795548981786165,-0.03518089692477106,0.0877001775436549,0.020698240440074785,0.0019081478742410901,10.847293713180852,0.3333333333333333,log10 per day unless the column name says per hour,-0.02371326703960584,6.92445303860748,0.0491710682256323,0.2742777336329816,99,0.34136634165928464,0.0005444074900571664,0.2621115050966541,0.00877120692962598,64,46,0.71875,"{""INH10x"": ""10/13"", ""INH1x"": ""15/15"", ""MXF10x"": ""5/18"", ""MXF1x"": ""16/18""}",44,35
era4tb,era4tb_F_MXF10x_r3,standard,moxifloxacin,10.0,xMIC,0.49522360658164044,0.3582868481688217,0.5938533022000423,0.11187324043912449,0.04012451584213802,0.17810783279180128,0.020634316940901686,0.004661385018296853,4.4266493456146465,0.0,log10 per day unless the column name says per hour,-0.02371326703960584,6.92445303860748,0.0491710682256323,0.2742777336329816,99,0.34136634165928464,0.0005444074900571664,0.2621115050966541,0.00877120692962598,64,46,0.71875,"{""INH10x"": ""10/13"", ""INH1x"": ""15/15"", ""MXF10x"": ""5/18"", ""MXF1x"": ""16/18""}",44,35
era4tb,era4tb_F_MXF1x_r1,standard,moxifloxacin,1.0,xMIC,0.030597705977847268,-0.14048912086105,0.1272175393715587,-0.08277955340682873,-0.14570852190072126,-0.026123606454018844,0.0012749044157436362,-0.0034491480586178636,-0.3696287877692654,1.0,log10 per day unless the column name says per hour,-0.02371326703960584,6.92445303860748,0.0491710682256323,0.2742777336329816,99,0.34136634165928464,0.0005444074900571664,0.2621115050966541,0.00877120692962598,64,46,0.71875,"{""INH10x"": ""10/13"", ""INH1x"": ""15/15"", ""MXF10x"": ""5/18"", ""MXF1x"": ""16/18""}",44,35
era4tb,era4tb_F_MXF1x_r2,standard,moxifloxacin,1.0,xMIC,0.03938124475397497,-0.12696435909491052,0.15151649674500106,-0.0866214108074962,-0.19563747997489855,0.010182473301125112,0.0016408851980822903,-0.003609225450312342,-0.45463638131563333,0.9333333333333333,log10 per day unless the column name says per hour,-0.02371326703960584,6.92445303860748,0.0491710682256323,0.2742777336329816,99,0.34136634165928464,0.0005444074900571664,0.2621115050966541,0.00877120692962598,64,46,0.71875,"{""INH10x"": ""10/13"", ""INH1x"": ""15/15"", ""MXF10x"": ""5/18"", ""MXF1x"": ""16/18""}",44,35
era4tb,era4tb_F_MXF1x_r3,standard,moxifloxacin,1.0,xMIC,0.021310074994726102,-0.09112198251027682,0.10317210038058862,-0.08386619929603899,-0.13019616410231366,-0.036849393193560426,0.000887919791446921,-0.0034944249706682913,-0.254096109917939,1.0,log10 per day unless the column name says per hour,-0.02371326703960584,6.92445303860748,0.0491710682256323,0.2742777336329816,99,0.34136634165928464,0.0005444074900571664,0.2621115050966541,0.00877120692962598,64,46,0.71875,"{""INH10x"": ""10/13"", ""INH1x"": ""15/15"", ""MXF10x"": ""5/18"", ""MXF1x"": ""16/18""}",44,35
era4tb,era4tb_F_untreated_r1,standard,none,0.0,xMIC,-0.19674348316675572,-0.2999960663463549,-0.15745609523593293,-0.018818140714878532,-0.06700223064242167,0.01612278253853694,-0.008197645131948155,-0.0007840891964532721,10.454990540654252,0.6666666666666666,log10 per day unless the column name says per hour,-0.02371326703960584,6.92445303860748,0.0491710682256323,0.2742777336329816,99,0.34136634165928464,0.0005444074900571664,0.2621115050966541,0.00877120692962598,64,46,0.71875,"{""INH10x"": ""10/13"", ""INH1x"": ""15/15"", ""MXF10x"": ""5/18"", ""MXF1x"": ""16/18""}",44,35
era4tb,era4tb_F_untreated_r2,standard,none,0.0,xMIC,-0.21460162579767486,-0.280037140078603,-0.0755836054460022,0.0016886635982785428,-0.05857913545431652,0.05701573507091375,-0.008941734408236453,7.036098326160595e-05,-127.08370454390325,0.4666666666666667,log10 per day unless the column name says per hour,-0.02371326703960584,6.92445303860748,0.0491710682256323,0.2742777336329816,99,0.34136634165928464,0.0005444074900571664,0.2621115050966541,0.00877120692962598,64,46,0.71875,"{""INH10x"": ""10/13"", ""INH1x"": ""15/15"", ""MXF10x"": ""5/18"", ""MXF1x"": ""16/18""}",44,35
era4tb,era4tb_F_untreated_r3,standard,none,0.0,xMIC,-0.19498135253118548,-0.27496010681840577,-0.12126478271013715,-0.00022628649421812134,-0.07787842371067019,0.06447598041346797,-0.008124223022132728,-9.428603925755056e-06,861.6570476505756,0.5333333333333333,log10 per day unless the column name says per hour,-0.02371326703960584,6.92445303860748,0.0491710682256323,0.2742777336329816,99,0.34136634165928464,0.0005444074900571664,0.2621115050966541,0.00877120692962598,64,46,0.71875,"{""INH10x"": ""10/13"", ""INH1x"": ""15/15"", ""MXF10x"": ""5/18"", ""MXF1x"": ""16/18""}",44,35
kaur,kaur_ic_amikacin_128ugmL_r1,intracellular,amikacin,128.0,ug/mL,0.1778729280460098,0.04377117349292202,0.4011830027202911,0.010723640958575966,-0.10032410320516036,0.12479755970107462,0.007411372001917074,0.0004468183732739986,16.586990252015134,0.4666666666666667,log10 per day unless the column name says per hour,-0.02371326703960584,6.92445303860748,0.0491710682256323,0.2742777336329816,99,0.34136634165928464,0.0005444074900571664,0.2621115050966541,0.00877120692962598,64,46,0.71875,"{""INH10x"": ""10/13"", ""INH1x"": ""15/15"", ""MXF10x"": ""5/18"", ""MXF1x"": ""16/18""}",44,35
kaur,kaur_ic_amikacin_128ugmL_r2,intracellular,amikacin,128.0,ug/mL,0.20546715576956084,0.05901025920686792,0.38556207717345997,0.02447611872853213,-0.10179284359010402,0.07125835749472442,0.008561131490398369,0.0010198382803555054,8.39459711927468,0.3333333333333333,log10 per day unless the column name says per hour,-0.02371326703960584,6.92445303860748,0.0491710682256323,0.2742777336329816,99,0.34136634165928464,0.0005444074900571664,0.2621115050966541,0.00877120692962598,64,46,0.71875,"{""INH10x"": ""10/13"", ""INH1x"": ""15/15"", ""MXF10x"": ""5/18"", ""MXF1x"": ""16/18""}",44,35
kaur,kaur_ic_amikacin_128ugmL_r3,intracellular,amikacin,128.0,ug/mL,0.20926682294269439,0.014848661822070806,0.387006449083778,-0.010260109741692593,-0.20143780278505408,0.11611848831211123,0.008719450955945599,-0.0004275045725705247,-20.39615834636989,0.6666666666666666,log10 per day unless the column name says per hour,-0.02371326703960584,6.92445303860748,0.0491710682256323,0.2742777336329816,99,0.34136634165928464,0.0005444074900571664,0.2621115050966541,0.00877120692962598,64,46,0.71875,"{""INH10x"": ""10/13"", ""INH1x"": ""15/15"", ""MXF10x"": ""5/18"", ""MXF1x"": ""16/18""}",44,35
kaur,kaur_ic_amikacin_16ugmL_r1,intracellular,amikacin,16.0,ug/mL,0.11848671080891375,0.0034167551659041624,0.28015435319907017,-0.06543761822916128,-0.20095875102764751,0.03952045467420598,0.00493694628370474,-0.0027265674262150533,-1.8106818985063848,0.9333333333333333,log10 per day unless the column name says per hour,-0.02371326703960584,6.92445303860748,0.0491710682256323,0.2742777336329816,99,0.34136634165928464,0.0005444074900571664,0.2621115050966541,0.00877120692962598,64,46,0.71875,"{""INH10x"": ""10/13"", ""INH1x"": ""15/15"", ""MXF10x"": ""5/18"", ""MXF1x"": ""16/18""}",44,35
kaur,kaur_ic_amikacin_16ugmL_r2,intracellular,amikacin,16.0,ug/mL,0.13621616500694042,-0.031238635798902063,0.2464939839142147,-0.008914517971256824,-0.16339665251321078,0.09952129664978186,0.005675673541955851,-0.00037143824880236763,-15.280261416954195,0.6666666666666666,log10 per day unless the column name says per hour,-0.02371326703960584,6.92445303860748,0.0491710682256323,0.2742777336329816,99,0.34136634165928464,0.0005444074900571664,0.2621115050966541,0.00877120692962598,64,46,0.71875,"{""INH10x"": ""10/13"", ""INH1x"": ""15/15"", ""MXF10x"": ""5/18"", ""MXF1x"": ""16/18""}",44,35
kaur,kaur_ic_amikacin_16ugmL_r3,intracellular,amikacin,16.0,ug/mL,0.14210080163229852,0.018861414894393143,0.23666955469336307,-0.04723889645460808,-0.16677942254518446,0.03684009925841868,0.005920866734679105,-0.001968287352275337,-3.0081312709928216,0.8666666666666667,log10 per day unless the column name says per hour,-0.02371326703960584,6.92445303860748,0.0491710682256323,0.2742777336329816,99,0.34136634165928464,0.0005444074900571664,0.2621115050966541,0.00877120692962598,64,46,0.71875,"{""INH10x"": ""10/13"", ""INH1x"": ""15/15"", ""MXF10x"": ""5/18"", ""MXF1x"": ""16/18""}",44,35
kaur,kaur_ic_amikacin_32ugmL_r1,intracellular,amikacin,32.0,ug/mL,0.1580869539706229,-0.02570933441669424,0.2747013466481571,-0.05416490409452018,-0.14609764614995188,0.05891394571607386,0.00658695641544262,-0.002256871003938341,-2.918623352397229,0.7333333333333333,log10 per day unless the column name says per hour,-0.02371326703960584,6.92445303860748,0.0491710682256323,0.2742777336329816,99,0.34136634165928464,0.0005444074900571664,0.2621115050966541,0.00877120692962598,64,46,0.71875,"{""INH10x"": ""10/13"", ""INH1x"": ""15/15"", ""MXF10x"": ""5/18"", ""MXF1x"": ""16/18""}",44,35
kaur,kaur_ic_amikacin_32ugmL_r2,intracellular,amikacin,32.0,ug/mL,0.15328226903886513,-0.047146290495422086,0.2719821819883073,-0.04648527076955266,-0.15331369130007824,0.134197722247698,0.0063867612099527135,-0.0019368862820646942,-3.2974373710492255,0.7333333333333333,log10 per day unless the column name says per hour,-0.02371326703960584,6.92445303860748,0.0491710682256323,0.2742777336329816,99,0.34136634165928464,0.0005444074900571664,0.2621115050966541,0.00877120692962598,64,46,0.71875,"{""INH10x"": ""10/13"", ""INH1x"": ""15/15"", ""MXF10x"": ""5/18"", ""MXF1x"": ""16/18""}",44,35
kaur,kaur_ic_amikacin_32ugmL_r3,intracellular,amikacin,32.0,ug/mL,0.12868664729377355,0.04197789714388979,0.298599911731494,-0.08711875914615737,-0.17334772431304388,0.03626272720996426,0.005361943637240564,-0.003629948297756557,-1.477140498269478,0.8,log10 per day unless the column name says per hour,-0.02371326703960584,6.92445303860748,0.0491710682256323,0.2742777336329816,99,0.34136634165928464,0.0005444074900571664,0.2621115050966541,0.00877120692962598,64,46,0.71875,"{""INH10x"": ""10/13"", ""INH1x"": ""15/15"", ""MXF10x"": ""5/18"", ""MXF1x"": ""16/18""}",44,35
kaur,kaur_ic_amikacin_4ugmL_r1,intracellular,amikacin,4.0,ug/mL,0.05997973635006777,0.015408030569661385,0.17294887550607618,-0.08170830865446481,-0.17568784582617827,0.05097399118179296,0.002499155681252824,-0.0034045128606027004,-0.7340714468061662,0.8666666666666667,log10 per day unless the column name says per hour,-0.02371326703960584,6.92445303860748,0.0491710682256323,0.2742777336329816,99,0.34136634165928464,0.0005444074900571664,0.2621115050966541,0.00877120692962598,64,46,0.71875,"{""INH10x"": ""10/13"", ""INH1x"": ""15/15"", ""MXF10x"": ""5/18"", ""MXF1x"": ""16/18""}",44,35
kaur,kaur_ic_amikacin_4ugmL_r2,intracellular,amikacin,4.0,ug/mL,0.08299901270438609,-0.06534305918348954,0.1791945463308498,-0.09861222317149285,-0.26280151590530826,0.03878914772566363,0.003458292196016087,-0.004108842632145535,-0.8416706371181348,0.9333333333333333,log10 per day unless the column name says per hour,-0.02371326703960584,6.92445303860748,0.0491710682256323,0.2742777336329816,99,0.34136634165928464,0.0005444074900571664,0.2621115050966541,0.00877120692962598,64,46,0.71875,"{""INH10x"": ""10/13"", ""INH1x"": ""15/15"", ""MXF10x"": ""5/18"", ""MXF1x"": ""16/18""}",44,35
kaur,kaur_ic_amikacin_4ugmL_r3,intracellular,amikacin,4.0,ug/mL,0.05660967841559342,-0.03628352980323041,0.19492486935750514,-0.1228688440056147,-0.1934862551399912,0.09823172178356059,0.002358736600649726,-0.005119535166900612,-0.46073257117163524,0.7333333333333333,log10 per day unless the column name says per hour,-0.02371326703960584,6.92445303860748,0.0491710682256323,0.2742777336329816,99,0.34136634165928464,0.0005444074900571664,0.2621115050966541,0.00877120692962598,64,46,0.71875,"{""INH10x"": ""10/13"", ""INH1x"": ""15/15"", ""MXF10x"": ""5/18"", ""MXF1x"": ""16/18""}",44,35
kaur,kaur_ic_amikacin_64ugmL_r1,intracellular,amikacin,64.0,ug/mL,0.18337670040242945,0.00030401934614791674,0.34765961886733865,-0.031499913190151094,-0.12108478781499281,0.0596478150846926,0.0076406958501012276,-0.0013124963829229622,-5.821498595741046,0.6,log10 per day unless the column name says per hour,-0.02371326703960584,6.92445303860748,0.0491710682256323,0.2742777336329816,99,0.34136634165928464,0.0005444074900571664,0.2621115050966541,0.00877120692962598,64,46,0.71875,"{""INH10x"": ""10/13"", ""INH1x"": ""15/15"", ""MXF10x"": ""5/18"", ""MXF1x"": ""16/18""}",44,35
kaur,kaur_ic_amikacin_64ugmL_r2,intracellular,amikacin,64.0,ug/mL,0.18044894348112173,0.031244800462237664,0.32861324224007227,-0.002955178299338847,-0.17101547342603732,0.08951430069658085,0.007518705978380072,-0.0001231324291391186,-61.061947944559904,0.5333333333333333,log10 per day unless the column name says per hour,-0.02371326703960584,6.92445303860748,0.0491710682256323,0.2742777336329816,99,0.34136634165928464,0.0005444074900571664,0.2621115050966541,0.00877120692962598,64,46,0.71875,"{""INH10x"": ""10/13"", ""INH1x"": ""15/15"", ""MXF10x"": ""5/18"", ""MXF1x"": ""16/18""}",44,35
kaur,kaur_ic_amikacin_64ugmL_r3,intracellular,amikacin,64.0,ug/mL,0.16827928351875338,0.056533180844448576,0.3559384173448299,-0.07273359040249588,-0.18132301799865277,0.1325952324312548,0.007011636813281391,-0.0030305662667706617,-2.3136391670962912,0.6,log10 per day unless the column name says per hour,-0.02371326703960584,6.92445303860748,0.0491710682256323,0.2742777336329816,99,0.34136634165928464,0.0005444074900571664,0.2621115050966541,0.00877120692962598,64,46,0.71875,"{""INH10x"": ""10/13"", ""INH1x"": ""15/15"", ""MXF10x"": ""5/18"", ""MXF1x"": ""16/18""}",44,35
kaur,kaur_ic_amikacin_8ugmL_r1,intracellular,amikacin,8.0,ug/mL,0.12751081621471472,-0.07590361104941237,0.2084002543290088,-0.06909850424097495,-0.24072340026629974,0.05801791521016735,0.0053129506756131135,-0.0028791043433739564,-1.8453484285279456,0.7333333333333333,log10 per day unless the column name says per hour,-0.02371326703960584,6.92445303860748,0.0491710682256323,0.2742777336329816,99,0.34136634165928464,0.0005444074900571664,0.2621115050966541,0.00877120692962598,64,46,0.71875,"{""INH10x"": ""10/13"", ""INH1x"": ""15/15"", ""MXF10x"": ""5/18"", ""MXF1x"": ""16/18""}",44,35
kaur,kaur_ic_amikacin_8ugmL_r2,intracellular,amikacin,8.0,ug/mL,0.0807236368260601,-0.02146416501494023,0.21712926253745565,-0.08634619885090108,-0.15942121961020878,0.02529985774122345,0.003363484867752504,-0.003597758285454212,-0.9348835026941975,0.8666666666666667,log10 per day unless the column name says per hour,-0.02371326703960584,6.92445303860748,0.0491710682256323,0.2742777336329816,99,0.34136634165928464,0.0005444074900571664,0.2621115050966541,0.00877120692962598,64,46,0.71875,"{""INH10x"": ""10/13"", ""INH1x"": ""15/15"", ""MXF10x"": ""5/18"", ""MXF1x"": ""16/18""}",44,35
kaur,kaur_ic_amikacin_8ugmL_r3,intracellular,amikacin,8.0,ug/mL,0.10414106139737211,-0.01955629217005595,0.21272377200287138,-0.07716444389361499,-0.20915294569056866,0.04904850183363908,0.0043392108915571714,-0.0032151851622339578,-1.34959906587222,0.8,log10 per day unless the column name says per hour,-0.02371326703960584,6.92445303860748,0.0491710682256323,0.2742777336329816,99,0.34136634165928464,0.0005444074900571664,0.2621115050966541,0.00877120692962598,64,46,0.71875,"{""INH10x"": ""10/13"", ""INH1x"": ""15/15"", ""MXF10x"": ""5/18"", ""MXF1x"": ""16/18""}",44,35
kaur,kaur_ic_apramycin_16ugmL_r1,intracellular,apramycin,16.0,ug/mL,0.363011364341474,0.24700344771293878,0.4738984602952908,0.13625408223004876,0.05704014659990959,0.20503838381845563,0.015125473514228084,0.005677253426252031,2.664223767832311,0.0,log10 per day unless the column name says per hour,-0.02371326703960584,6.92445303860748,0.0491710682256323,0.2742777336329816,99,0.34136634165928464,0.0005444074900571664,0.2621115050966541,0.00877120692962598,64,46,0.71875,"{""INH10x"": ""10/13"", ""INH1x"": ""15/15"", ""MXF10x"": ""5/18"", ""MXF1x"": ""16/18""}",44,35
kaur,kaur_ic_apramycin_16ugmL_r2,intracellular,apramycin,16.0,ug/mL,0.3629488703467063,0.25933920384639697,0.4779467232113927,0.14142245664770553,0.028331502508458464,0.22580419593986084,0.015122869597779429,0.005892602360321064,2.566416104981407,0.06666666666666667,log10 per day unless the column name says per hour,-0.02371326703960584,6.92445303860748,0.0491710682256323,0.2742777336329816,99,0.34136634165928464,0.0005444074900571664,0.2621115050966541,0.00877120692962598,64,46,0.71875,"{""INH10x"": ""10/13"", ""INH1x"": ""15/15"", ""MXF10x"": ""5/18"", ""MXF1x"": ""16/18""}",44,35
kaur,kaur_ic_apramycin_16ugmL_r3,intracellular,apramycin,16.0,ug/mL,0.3669015798533908,0.24698670036530443,0.4698215541938786,0.14027231855813252,0.07639912837300247,0.24815477968468852,0.015287565827224616,0.005844679939922188,2.6156378081206175,0.0,log10 per day unless the column name says per hour,-0.02371326703960584,6.92445303860748,0.0491710682256323,0.2742777336329816,99,0.34136634165928464,0.0005444074900571664,0.2621115050966541,0.00877120692962598,64,46,0.71875,"{""INH10x"": ""10/13"", ""INH1x"": ""15/15"", ""MXF10x"": ""5/18"", ""MXF1x"": ""16/18""}",44,35
kaur,kaur_ic_apramycin_1ugmL_r1,intracellular,apramycin,1.0,ug/mL,0.1947063938386023,0.13222352345215835,0.3132085161772199,-0.009780742196632969,-0.1042683878395898,0.04586651507780684,0.008112766409941763,-0.000407530924859707,-19.907118491031305,0.6,log10 per day unless the column name says per hour,-0.02371326703960584,6.92445303860748,0.0491710682256323,0.2742777336329816,99,0.34136634165928464,0.0005444074900571664,0.2621115050966541,0.00877120692962598,64,46,0.71875,"{""INH10x"": ""10/13"", ""INH1x"": ""15/15"", ""MXF10x"": ""5/18"", ""MXF1x"": ""16/18""}",44,35
kaur,kaur_ic_apramycin_1ugmL_r2,intracellular,apramycin,1.0,ug/mL,0.19607298797249798,0.12386902064414618,0.29526144642193874,-0.01317808459065559,-0.14051738232876027,0.029363147701932567,0.008169707832187416,-0.000549086857943983,-14.878716753080399,0.6666666666666666,log10 per day unless the column name says per hour,-0.02371326703960584,6.92445303860748,0.0491710682256323,0.2742777336329816,99,0.34136634165928464,0.0005444074900571664,0.2621115050966541,0.00877120692962598,64,46,0.71875,"{""INH10x"": ""10/13"", ""INH1x"": ""15/15"", ""MXF10x"": ""5/18"", ""MXF1x"": ""16/18""}",44,35
kaur,kaur_ic_apramycin_1ugmL_r3,intracellular,apramycin,1.0,ug/mL,0.1960848736419027,0.08033670412137592,0.32150841228053073,0.0067089587227188085,-0.10448277408367537,0.1424302771444421,0.008170203068412612,0.0002795399467799504,29.227318537210973,0.4666666666666667,log10 per day unless the column name says per hour,-0.02371326703960584,6.92445303860748,0.0491710682256323,0.2742777336329816,99,0.34136634165928464,0.0005444074900571664,0.2621115050966541,0.00877120692962598,64,46,0.71875,"{""INH10x"": ""10/13"", ""INH1x"": ""15/15"", ""MXF10x"": ""5/18"", ""MXF1x"": ""16/18""}",44,35
kaur,kaur_ic_apramycin_2ugmL_r1,intracellular,apramycin,2.0,ug/mL,0.2629598269053769,0.19437339513894658,0.3509842233798735,0.00614603396713115,-0.03343350431453751,0.12780860513254705,0.010956659454390704,0.0002560847486304646,42.78528695280242,0.4666666666666667,log10 per day unless the column name says per hour,-0.02371326703960584,6.92445303860748,0.0491710682256323,0.2742777336329816,99,0.34136634165928464,0.0005444074900571664,0.2621115050966541,0.00877120692962598,64,46,0.71875,"{""INH10x"": ""10/13"", ""INH1x"": ""15/15"", ""MXF10x"": ""5/18"", ""MXF1x"": ""16/18""}",44,35
kaur,kaur_ic_apramycin_2ugmL_r2,intracellular,apramycin,2.0,ug/mL,0.24534596143446863,0.10558535685232877,0.32947243653207686,-0.012727663952220447,-0.08629632688682039,0.1613036999235687,0.01022274839310286,-0.0005303193313425187,-19.27659013904637,0.6,log10 per day unless the column name says per hour,-0.02371326703960584,6.92445303860748,0.0491710682256323,0.2742777336329816,99,0.34136634165928464,0.0005444074900571664,0.2621115050966541,0.00877120692962598,64,46,0.71875,"{""INH10x"": ""10/13"", ""INH1x"": ""15/15"", ""MXF10x"": ""5/18"", ""MXF1x"": ""16/18""}",44,35
kaur,kaur_ic_apramycin_2ugmL_r3,intracellular,apramycin,2.0,ug/mL,0.2720337250516615,0.15518186776561863,0.3179084512775866,0.04589271033337225,-0.06024740935196199,0.132300913816636,0.01133473854381923,0.0019121962638905105,5.927602076137222,0.26666666666666666,log10 per day unless the column name says per hour,-0.02371326703960584,6.92445303860748,0.0491710682256323,0.2742777336329816,99,0.34136634165928464,0.0005444074900571664,0.2621115050966541,0.00877120692962598,64,46,0.71875,"{""INH10x"": ""10/13"", ""INH1x"": ""15/15"", ""MXF10x"": ""5/18"", ""MXF1x"": ""16/18""}",44,35
kaur,kaur_ic_apramycin_32ugmL_r1,intracellular,apramycin,32.0,ug/mL,0.3974873564228677,0.25280392851490174,0.5102749009047972,0.19701195356286605,0.049633133215655705,0.28827753429679537,0.016561973184286153,0.008208831398452751,2.0175798941866256,0.0,log10 per day unless the column name says per hour,-0.02371326703960584,6.92445303860748,0.0491710682256323,0.2742777336329816,99,0.34136634165928464,0.0005444074900571664,0.2621115050966541,0.00877120692962598,64,46,0.71875,"{""INH10x"": ""10/13"", ""INH1x"": ""15/15"", ""MXF10x"": ""5/18"", ""MXF1x"": ""16/18""}",44,35
kaur,kaur_ic_apramycin_32ugmL_r2,intracellular,apramycin,32.0,ug/mL,0.4006532568215312,0.25230906589517105,0.5150578341877934,0.1313809102834775,0.043447046192046285,0.20944464710012978,0.016693885700897134,0.005474204595144896,3.049554581080699,0.0,log10 per day unless the column name says per hour,-0.02371326703960584,6.92445303860748,0.0491710682256323,0.2742777336329816,99,0.34136634165928464,0.0005444074900571664,0.2621115050966541,0.00877120692962598,64,46,0.71875,"{""INH10x"": ""10/13"", ""INH1x"": ""15/15"", ""MXF10x"": ""5/18"", ""MXF1x"": ""16/18""}",44,35
kaur,kaur_ic_apramycin_32ugmL_r3,intracellular,apramycin,32.0,ug/mL,0.422115440518009,0.2669366406678528,0.514899224581269,0.17449099444909774,0.004877145236380356,0.2561342818002268,0.01758814335491704,0.0072704581020457395,2.419124504681231,0.06666666666666667,log10 per day unless the column name says per hour,-0.02371326703960584,6.92445303860748,0.0491710682256323,0.2742777336329816,99,0.34136634165928464,0.0005444074900571664,0.2621115050966541,0.00877120692962598,64,46,0.71875,"{""INH10x"": ""10/13"", ""INH1x"": ""15/15"", ""MXF10x"": ""5/18"", ""MXF1x"": ""16/18""}",44,35
kaur,kaur_ic_apramycin_4ugmL_r1,intracellular,apramycin,4.0,ug/mL,0.3006920848802725,0.17952771170005255,0.3847632782636387,0.06660722879634781,-0.03183458797368393,0.14544083338303676,0.012528836870011354,0.0027753011998478253,4.514406173534725,0.13333333333333333,log10 per day unless the column name says per hour,-0.02371326703960584,6.92445303860748,0.0491710682256323,0.2742777336329816,99,0.34136634165928464,0.0005444074900571664,0.2621115050966541,0.00877120692962598,64,46,0.71875,"{""INH10x"": ""10/13"", ""INH1x"": ""15/15"", ""MXF10x"": ""5/18"", ""MXF1x"": ""16/18""}",44,35
kaur,kaur_ic_apramycin_4ugmL_r2,intracellular,apramycin,4.0,ug/mL,0.29743241526947384,0.21358505819940965,0.4082429917202648,0.05942290834703343,-0.11014631560113233,0.2894046461208715,0.012393017302894743,0.0024759545144597264,5.005349343260856,0.2,log10 per day unless the column name says per hour,-0.02371326703960584,6.92445303860748,0.0491710682256323,0.2742777336329816,99,0.34136634165928464,0.0005444074900571664,0.2621115050966541,0.00877120692962598,64,46,0.71875,"{""INH10x"": ""10/13"", ""INH1x"": ""15/15"", ""MXF10x"": ""5/18"", ""MXF1x"": ""16/18""}",44,35
kaur,kaur_ic_apramycin_4ugmL_r3,intracellular,apramycin,4.0,ug/mL,0.29453518611793444,0.19419401936073635,0.3789516435220133,0.06352989139826797,-0.017485848698081976,0.1674164436809787,0.012272299421580602,0.0026470788082611652,4.636167001632312,0.06666666666666667,log10 per day unless the column name says per hour,-0.02371326703960584,6.92445303860748,0.0491710682256323,0.2742777336329816,99,0.34136634165928464,0.0005444074900571664,0.2621115050966541,0.00877120692962598,64,46,0.71875,"{""INH10x"": ""10/13"", ""INH1x"": ""15/15"", ""MXF10x"": ""5/18"", ""MXF1x"": ""16/18""}",44,35
kaur,kaur_ic_apramycin_8ugmL_r1,intracellular,apramycin,8.0,ug/mL,0.3412464148406746,0.2485103462959175,0.4220103717081918,0.12597894426207848,0.03392353773393975,0.20069095356245578,0.014218600618361442,0.005249122677586603,2.7087575375355386,0.0,log10 per day unless the column name says per hour,-0.02371326703960584,6.92445303860748,0.0491710682256323,0.2742777336329816,99,0.34136634165928464,0.0005444074900571664,0.2621115050966541,0.00877120692962598,64,46,0.71875,"{""INH10x"": ""10/13"", ""INH1x"": ""15/15"", ""MXF10x"": ""5/18"", ""MXF1x"": ""16/18""}",44,35
kaur,kaur_ic_apramycin_8ugmL_r2,intracellular,apramycin,8.0,ug/mL,0.3389841332141109,0.20698245262072126,0.4066747296390773,0.11967867816643539,-0.038274610424564204,0.30763553447702663,0.014124338883921289,0.004986611590268141,2.8324521828582583,0.13333333333333333,log10 per day unless the column name says per hour,-0.02371326703960584,6.92445303860748,0.0491710682256323,0.2742777336329816,99,0.34136634165928464,0.0005444074900571664,0.2621115050966541,0.00877120692962598,64,46,0.71875,"{""INH10x"": ""10/13"", ""INH1x"": ""15/15"", ""MXF10x"": ""5/18"", ""MXF1x"": ""16/18""}",44,35
kaur,kaur_ic_apramycin_8ugmL_r3,intracellular,apramycin,8.0,ug/mL,0.3557404278987169,0.25558934827130336,0.44031631114838815,0.15181436374885057,0.023630846448189254,0.22505309279184316,0.014822517829113204,0.006325598489535441,2.3432593538199398,0.06666666666666667,log10 per day unless the column name says per hour,-0.02371326703960584,6.92445303860748,0.0491710682256323,0.2742777336329816,99,0.34136634165928464,0.0005444074900571664,0.2621115050966541,0.00877120692962598,64,46,0.71875,"{""INH10x"": ""10/13"", ""INH1x"": ""15/15"", ""MXF10x"": ""5/18"", ""MXF1x"": ""16/18""}",44,35
kaur,kaur_ic_none_untreated_r1,intracellular,none,,,-0.023829069473205403,-0.19704043573645663,0.055494928569434575,-0.12383254358736404,-0.23100385357330716,-0.022083827411323365,-0.0009928778947168918,-0.005159689316140168,0.19242978285747608,0.9333333333333333,log10 per day unless the column name says per hour,-0.02371326703960584,6.92445303860748,0.0491710682256323,0.2742777336329816,99,0.34136634165928464,0.0005444074900571664,0.2621115050966541,0.00877120692962598,64,46,0.71875,"{""INH10x"": ""10/13"", ""INH1x"": ""15/15"", ""MXF10x"": ""5/18"", ""MXF1x"": ""16/18""}",44,35
kaur,kaur_ic_none_untreated_r2,intracellular,none,,,-0.07790860355110966,-0.18663438258625692,0.041467729746678596,-0.1570802329677163,-0.285247586990043,0.08262148332019864,-0.0032461918146295694,-0.00654500970698818,0.49597967916893604,0.8666666666666667,log10 per day unless the column name says per hour,-0.02371326703960584,6.92445303860748,0.0491710682256323,0.2742777336329816,99,0.34136634165928464,0.0005444074900571664,0.2621115050966541,0.00877120692962598,64,46,0.71875,"{""INH10x"": ""10/13"", ""INH1x"": ""15/15"", ""MXF10x"": ""5/18"", ""MXF1x"": ""16/18""}",44,35
kaur,kaur_ic_none_untreated_r3,intracellular,none,,,-0.07824701407064072,-0.17932790781167132,0.10670446637218059,-0.147305793006144,-0.23405389407550733,0.022050541017698787,-0.0032602922529433634,-0.006137741375255999,0.5311876232007868,0.8666666666666667,log10 per day unless the column name says per hour,-0.02371326703960584,6.92445303860748,0.0491710682256323,0.2742777336329816,99,0.34136634165928464,0.0005444074900571664,0.2621115050966541,0.00877120692962598,64,46,0.71875,"{""INH10x"": ""10/13"", ""INH1x"": ""15/15"", ""MXF10x"": ""5/18"", ""MXF1x"": ""16/18""}",44,35
kaur,kaur_ic_rifampicin_16ugmL_r1,intracellular,rifampicin,16.0,ug/mL,0.5640869576790302,0.37628745924836615,0.6768646932266454,0.14814138729879064,-0.004356397686391691,0.308969697061849,0.023503623236626258,0.0061725578041162766,3.8077607342862727,0.13333333333333333,log10 per day unless the column name says per hour,-0.02371326703960584,6.92445303860748,0.0491710682256323,0.2742777336329816,99,0.34136634165928464,0.0005444074900571664,0.2621115050966541,0.00877120692962598,64,46,0.71875,"{""INH10x"": ""10/13"", ""INH1x"": ""15/15"", ""MXF10x"": ""5/18"", ""MXF1x"": ""16/18""}",44,35
kaur,kaur_ic_rifampicin_16ugmL_r2,intracellular,rifampicin,16.0,ug/mL,0.5660272468082386,0.4419340212246825,0.6567764807302933,0.15908509619795616,0.03336608652704823,0.30124279984078545,0.02358446861700994,0.00662854567491484,3.5580155547940673,0.06666666666666667,log10 per day unless the column name says per hour,-0.02371326703960584,6.92445303860748,0.0491710682256323,0.2742777336329816,99,0.34136634165928464,0.0005444074900571664,0.2621115050966541,0.00877120692962598,64,46,0.71875,"{""INH10x"": ""10/13"", ""INH1x"": ""15/15"", ""MXF10x"": ""5/18"", ""MXF1x"": ""16/18""}",44,35
kaur,kaur_ic_rifampicin_16ugmL_r3,intracellular,rifampicin,16.0,ug/mL,0.5509070348685673,0.4264355574809261,0.6848340073934234,0.10854818058911239,0.032967555726175844,0.29867420997789174,0.022954459786190304,0.004522840857879683,5.075230481788696,0.0,log10 per day unless the column name says per hour,-0.02371326703960584,6.92445303860748,0.0491710682256323,0.2742777336329816,99,0.34136634165928464,0.0005444074900571664,0.2621115050966541,0.00877120692962598,64,46,0.71875,"{""INH10x"": ""10/13"", ""INH1x"": ""15/15"", ""MXF10x"": ""5/18"", ""MXF1x"": ""16/18""}",44,35
kaur,kaur_kk_amikacin_128ugmL_r1,planktonic,amikacin,128.0,ug/mL,0.15102397743876128,0.04286027370514642,0.2920084085095448,0.357471923044646,0.2618087991558422,0.38486887654752555,0.006292665726615053,0.014894663460193582,0.4224778722548773,0.0,log10 per day unless the column name says per hour,-0.02371326703960584,6.92445303860748,0.0491710682256323,0.2742777336329816,99,0.34136634165928464,0.0005444074900571664,0.2621115050966541,0.00877120692962598,64,46,0.71875,"{""INH10x"": ""10/13"", ""INH1x"": ""15/15"", ""MXF10x"": ""5/18"", ""MXF1x"": ""16/18""}",44,35
kaur,kaur_kk_amikacin_128ugmL_r2,planktonic,amikacin,128.0,ug/mL,0.165332148634367,0.03033955198191198,0.2475973571998587,0.3443123205039487,0.2770561142416196,0.41834107585808744,0.006888839526431958,0.01434634668766453,0.4801807509890454,0.0,log10 per day unless the column name says per hour,-0.02371326703960584,6.92445303860748,0.0491710682256323,0.2742777336329816,99,0.34136634165928464,0.0005444074900571664,0.2621115050966541,0.00877120692962598,64,46,0.71875,"{""INH10x"": ""10/13"", ""INH1x"": ""15/15"", ""MXF10x"": ""5/18"", ""MXF1x"": ""16/18""}",44,35
kaur,kaur_kk_amikacin_128ugmL_r3,planktonic,amikacin,128.0,ug/mL,0.12132711982603334,0.043204553079755695,0.2632426108614459,0.3121342611500051,0.28521105541702996,0.4029246533107358,0.005055296659418056,0.013005594214583546,0.38870170605118576,0.0,log10 per day unless the column name says per hour,-0.02371326703960584,6.92445303860748,0.0491710682256323,0.2742777336329816,99,0.34136634165928464,0.0005444074900571664,0.2621115050966541,0.00877120692962598,64,46,0.71875,"{""INH10x"": ""10/13"", ""INH1x"": ""15/15"", ""MXF10x"": ""5/18"", ""MXF1x"": ""16/18""}",44,35
kaur,kaur_kk_amikacin_1ugmL_r1,planktonic,amikacin,1.0,ug/mL,-0.2225221768840628,-0.3400143503381572,-0.15615730284930782,0.11835521403708885,-0.020548560780118394,0.1793369917169058,-0.009271757370169284,0.004931467251545369,-1.8801214521426262,0.06666666666666667,log10 per day unless the column name says per hour,-0.02371326703960584,6.92445303860748,0.0491710682256323,0.2742777336329816,99,0.34136634165928464,0.0005444074900571664,0.2621115050966541,0.00877120692962598,64,46,0.71875,"{""INH10x"": ""10/13"", ""INH1x"": ""15/15"", ""MXF10x"": ""5/18"", ""MXF1x"": ""16/18""}",44,35
kaur,kaur_kk_amikacin_1ugmL_r2,planktonic,amikacin,1.0,ug/mL,-0.22338916408883028,-0.2904954384543389,-0.1577666869327082,0.0910617557347492,-0.0457145754098819,0.14990895076570845,-0.009307881837034595,0.0037942398222812167,-2.453161179315862,0.13333333333333333,log10 per day unless the column name says per hour,-0.02371326703960584,6.92445303860748,0.0491710682256323,0.2742777336329816,99,0.34136634165928464,0.0005444074900571664,0.2621115050966541,0.00877120692962598,64,46,0.71875,"{""INH10x"": ""10/13"", ""INH1x"": ""15/15"", ""MXF10x"": ""5/18"", ""MXF1x"": ""16/18""}",44,35
kaur,kaur_kk_amikacin_1ugmL_r3,planktonic,amikacin,1.0,ug/mL,-0.22406642911188382,-0.321921543020174,-0.147835707286683,0.06463431171282782,0.010790026182879699,0.13573608348881894,-0.009336101212995159,0.002693096321367826,-3.466679278761684,0.06666666666666667,log10 per day unless the column name says per hour,-0.02371326703960584,6.92445303860748,0.0491710682256323,0.2742777336329816,99,0.34136634165928464,0.0005444074900571664,0.2621115050966541,0.00877120692962598,64,46,0.71875,"{""INH10x"": ""10/13"", ""INH1x"": ""15/15"", ""MXF10x"": ""5/18"", ""MXF1x"": ""16/18""}",44,35
kaur,kaur_kk_amikacin_32ugmL_r1,planktonic,amikacin,32.0,ug/mL,0.10793025179668603,-0.028126089024638395,0.22705979357674466,0.37302600765115784,0.325852199556757,0.4257740078582954,0.004497093824861918,0.015542750318798244,0.28933706922016816,0.0,log10 per day unless the column name says per hour,-0.02371326703960584,6.92445303860748,0.0491710682256323,0.2742777336329816,99,0.34136634165928464,0.0005444074900571664,0.2621115050966541,0.00877120692962598,64,46,0.71875,"{""INH10x"": ""10/13"", ""INH1x"": ""15/15"", ""MXF10x"": ""5/18"", ""MXF1x"": ""16/18""}",44,35
kaur,kaur_kk_amikacin_32ugmL_r2,planktonic,amikacin,32.0,ug/mL,0.09430818224760097,-0.0396019504530328,0.23277687840814942,0.38051495296202165,0.330601424662714,0.4869504702544726,0.00392950759365004,0.015854789706750902,0.24784356439473132,0.0,log10 per day unless the column name says per hour,-0.02371326703960584,6.92445303860748,0.0491710682256323,0.2742777336329816,99,0.34136634165928464,0.0005444074900571664,0.2621115050966541,0.00877120692962598,64,46,0.71875,"{""INH10x"": ""10/13"", ""INH1x"": ""15/15"", ""MXF10x"": ""5/18"", ""MXF1x"": ""16/18""}",44,35
kaur,kaur_kk_amikacin_32ugmL_r3,planktonic,amikacin,32.0,ug/mL,0.0657790859418656,-0.03691956310262354,0.22024432351103507,0.35192648133646914,0.22617266177663833,0.48313591086768337,0.0027407952475777334,0.014663603389019548,0.1869114415376309,0.0,log10 per day unless the column name says per hour,-0.02371326703960584,6.92445303860748,0.0491710682256323,0.2742777336329816,99,0.34136634165928464,0.0005444074900571664,0.2621115050966541,0.00877120692962598,64,46,0.71875,"{""INH10x"": ""10/13"", ""INH1x"": ""15/15"", ""MXF10x"": ""5/18"", ""MXF1x"": ""16/18""}",44,35
kaur,kaur_kk_amikacin_4ugmL_r1,planktonic,amikacin,4.0,ug/mL,-0.01253726896514743,-0.15423029132509228,0.14657833291031444,0.4155197324914184,0.33305879694308543,0.5589338247107483,-0.0005223862068811429,0.017313322187142433,-0.030172499606637475,0.0,log10 per day unless the column name says per hour,-0.02371326703960584,6.92445303860748,0.0491710682256323,0.2742777336329816,99,0.34136634165928464,0.0005444074900571664,0.2621115050966541,0.00877120692962598,64,46,0.71875,"{""INH10x"": ""10/13"", ""INH1x"": ""15/15"", ""MXF10x"": ""5/18"", ""MXF1x"": ""16/18""}",44,35
kaur,kaur_kk_amikacin_4ugmL_r2,planktonic,amikacin,4.0,ug/mL,-0.06895045440573858,-0.1511977828969352,0.1523967958502541,0.40356263785717383,0.31708288722867045,0.5055630392607141,-0.002872935600239107,0.016815109910715578,-0.170854405085292,0.0,log10 per day unless the column name says per hour,-0.02371326703960584,6.92445303860748,0.0491710682256323,0.2742777336329816,99,0.34136634165928464,0.0005444074900571664,0.2621115050966541,0.00877120692962598,64,46,0.71875,"{""INH10x"": ""10/13"", ""INH1x"": ""15/15"", ""MXF10x"": ""5/18"", ""MXF1x"": ""16/18""}",44,35
kaur,kaur_kk_amikacin_4ugmL_r3,planktonic,amikacin,4.0,ug/mL,-0.05279481326059449,-0.172653325879952,0.0764850419577812,0.34290210296282736,0.25875875137063237,0.49883023974552376,-0.0021997838858581037,0.01428758762345114,-0.153964682060634,0.0,log10 per day unless the column name says per hour,-0.02371326703960584,6.92445303860748,0.0491710682256323,0.2742777336329816,99,0.34136634165928464,0.0005444074900571664,0.2621115050966541,0.00877120692962598,64,46,0.71875,"{""INH10x"": ""10/13"", ""INH1x"": ""15/15"", ""MXF10x"": ""5/18"", ""MXF1x"": ""16/18""}",44,35
kaur,kaur_kk_amikacin_8ugmL_r1,planktonic,amikacin,8.0,ug/mL,0.022016039424952,-0.11098575195120014,0.17624008371584335,0.3677613466582223,0.3255081525537039,0.46367458541391393,0.0009173349760396666,0.015323389444092596,0.0598650174223245,0.0,log10 per day unless the column name says per hour,-0.02371326703960584,6.92445303860748,0.0491710682256323,0.2742777336329816,99,0.34136634165928464,0.0005444074900571664,0.2621115050966541,0.00877120692962598,64,46,0.71875,"{""INH10x"": ""10/13"", ""INH1x"": ""15/15"", ""MXF10x"": ""5/18"", ""MXF1x"": ""16/18""}",44,35
kaur,kaur_kk_amikacin_8ugmL_r2,planktonic,amikacin,8.0,ug/mL,0.0036789442772127987,-0.11097111030528685,0.16925488760102994,0.39532649771673267,0.33115910596079084,0.5204145631560773,0.0001532893448838666,0.01647193740486386,0.00930609078435443,0.0,log10 per day unless the column name says per hour,-0.02371326703960584,6.92445303860748,0.0491710682256323,0.2742777336329816,99,0.34136634165928464,0.0005444074900571664,0.2621115050966541,0.00877120692962598,64,46,0.71875,"{""INH10x"": ""10/13"", ""INH1x"": ""15/15"", ""MXF10x"": ""5/18"", ""MXF1x"": ""16/18""}",44,35
kaur,kaur_kk_amikacin_8ugmL_r3,planktonic,amikacin,8.0,ug/mL,0.0022639058329298597,-0.11062593979887185,0.19817775748369781,0.4077792897517215,0.3273110250000665,0.5365206689556172,9.432940970541082e-05,0.01699080373965506,0.0055517920841645745,0.0,log10 per day unless the column name says per hour,-0.02371326703960584,6.92445303860748,0.0491710682256323,0.2742777336329816,99,0.34136634165928464,0.0005444074900571664,0.2621115050966541,0.00877120692962598,64,46,0.71875,"{""INH10x"": ""10/13"", ""INH1x"": ""15/15"", ""MXF10x"": ""5/18"", ""MXF1x"": ""16/18""}",44,35
kaur,kaur_kk_apramycin_128ugmL_r1,planktonic,apramycin,128.0,ug/mL,0.2727994690632364,0.19278621368737828,0.4043702526801736,0.3017555579764264,0.21196124745678063,0.3598167686640285,0.011366644544301516,0.012573148249017766,0.9040412408395404,0.0,log10 per day unless the column name says per hour,-0.02371326703960584,6.92445303860748,0.0491710682256323,0.2742777336329816,99,0.34136634165928464,0.0005444074900571664,0.2621115050966541,0.00877120692962598,64,46,0.71875,"{""INH10x"": ""10/13"", ""INH1x"": ""15/15"", ""MXF10x"": ""5/18"", ""MXF1x"": ""16/18""}",44,35
kaur,kaur_kk_apramycin_128ugmL_r2,planktonic,apramycin,128.0,ug/mL,0.2671942373005448,0.17364749374308014,0.34474464766487817,0.29628302624680775,0.1650722015768892,0.3480329210199107,0.011133093220856033,0.012345126093616989,0.9018209402180482,0.0,log10 per day unless the column name says per hour,-0.02371326703960584,6.92445303860748,0.0491710682256323,0.2742777336329816,99,0.34136634165928464,0.0005444074900571664,0.2621115050966541,0.00877120692962598,64,46,0.71875,"{""INH10x"": ""10/13"", ""INH1x"": ""15/15"", ""MXF10x"": ""5/18"", ""MXF1x"": ""16/18""}",44,35
kaur,kaur_kk_apramycin_128ugmL_r3,planktonic,apramycin,128.0,ug/mL,0.2791006159090689,0.19411533926661337,0.37259052637056317,0.2672482668677183,0.16506117289683928,0.3521690669008509,0.01162919232954454,0.011135344452821596,1.0443495824323428,0.0,log10 per day unless the column name says per hour,-0.02371326703960584,6.92445303860748,0.0491710682256323,0.2742777336329816,99,0.34136634165928464,0.0005444074900571664,0.2621115050966541,0.00877120692962598,64,46,0.71875,"{""INH10x"": ""10/13"", ""INH1x"": ""15/15"", ""MXF10x"": ""5/18"", ""MXF1x"": ""16/18""}",44,35
kaur,kaur_kk_apramycin_1ugmL_r1,planktonic,apramycin,1.0,ug/mL,-0.2087489080250748,-0.34593020305211386,0.02373132192897165,-0.06547122987150214,-0.17636626369913436,0.06853697672866058,-0.00869787116771145,-0.002727967911312589,3.18840670069553,0.8,log10 per day unless the column name says per hour,-0.02371326703960584,6.92445303860748,0.0491710682256323,0.2742777336329816,99,0.34136634165928464,0.0005444074900571664,0.2621115050966541,0.00877120692962598,64,46,0.71875,"{""INH10x"": ""10/13"", ""INH1x"": ""15/15"", ""MXF10x"": ""5/18"", ""MXF1x"": ""16/18""}",44,35
kaur,kaur_kk_apramycin_1ugmL_r2,planktonic,apramycin,1.0,ug/mL,-0.16411555310044787,-0.2816796141920063,0.035656838157668416,-0.06365487333406067,-0.15454821112174832,0.011977261592550432,-0.006838148045851995,-0.0026522863889191944,2.578208776556191,0.9333333333333333,log10 per day unless the column name says per hour,-0.02371326703960584,6.92445303860748,0.0491710682256323,0.2742777336329816,99,0.34136634165928464,0.0005444074900571664,0.2621115050966541,0.00877120692962598,64,46,0.71875,"{""INH10x"": ""10/13"", ""INH1x"": ""15/15"", ""MXF10x"": ""5/18"", ""MXF1x"": ""16/18""}",44,35
kaur,kaur_kk_apramycin_1ugmL_r3,planktonic,apramycin,1.0,ug/mL,-0.17359049503287144,-0.3099784128656202,-0.006772504212023866,-0.05921111139748232,-0.22020147281795605,0.021524300283678664,-0.00723293729303631,-0.0024671296415617635,2.931721613322944,0.7333333333333333,log10 per day unless the column name says per hour,-0.02371326703960584,6.92445303860748,0.0491710682256323,0.2742777336329816,99,0.34136634165928464,0.0005444074900571664,0.2621115050966541,0.00877120692962598,64,46,0.71875,"{""INH10x"": ""10/13"", ""INH1x"": ""15/15"", ""MXF10x"": ""5/18"", ""MXF1x"": ""16/18""}",44,35
kaur,kaur_kk_apramycin_32ugmL_r1,planktonic,apramycin,32.0,ug/mL,0.23261280841628723,0.14453555383041478,0.30511324560254766,0.33728741409799917,0.24005601665218348,0.3905648313832817,0.009692200350678635,0.0140536422540833,0.6896575404046987,0.0,log10 per day unless the column name says per hour,-0.02371326703960584,6.92445303860748,0.0491710682256323,0.2742777336329816,99,0.34136634165928464,0.0005444074900571664,0.2621115050966541,0.00877120692962598,64,46,0.71875,"{""INH10x"": ""10/13"", ""INH1x"": ""15/15"", ""MXF10x"": ""5/18"", ""MXF1x"": ""16/18""}",44,35
kaur,kaur_kk_apramycin_32ugmL_r2,planktonic,apramycin,32.0,ug/mL,0.20789072236363892,0.11195819814657415,0.3059452244644213,0.312455535343813,0.2105085760833189,0.4024527020092128,0.008662113431818289,0.013018980639325542,0.6653449814383499,0.0,log10 per day unless the column name says per hour,-0.02371326703960584,6.92445303860748,0.0491710682256323,0.2742777336329816,99,0.34136634165928464,0.0005444074900571664,0.2621115050966541,0.00877120692962598,64,46,0.71875,"{""INH10x"": ""10/13"", ""INH1x"": ""15/15"", ""MXF10x"": ""5/18"", ""MXF1x"": ""16/18""}",44,35
kaur,kaur_kk_apramycin_32ugmL_r3,planktonic,apramycin,32.0,ug/mL,0.20560692750422635,0.12481173345770281,0.28987850106336743,0.28514238210199494,0.20684242128720506,0.3542270871678142,0.008566955312676098,0.011880932587583123,0.7210675803033767,0.0,log10 per day unless the column name says per hour,-0.02371326703960584,6.92445303860748,0.0491710682256323,0.2742777336329816,99,0.34136634165928464,0.0005444074900571664,0.2621115050966541,0.00877120692962598,64,46,0.71875,"{""INH10x"": ""10/13"", ""INH1x"": ""15/15"", ""MXF10x"": ""5/18"", ""MXF1x"": ""16/18""}",44,35
kaur,kaur_kk_apramycin_4ugmL_r1,planktonic,apramycin,4.0,ug/mL,0.06198151934748841,-0.021189079427093242,0.200713140322191,0.3518571336960999,0.23980723298200335,0.40506028215522044,0.0025825633061453503,0.014660713904004162,0.1761553579897631,0.0,log10 per day unless the column name says per hour,-0.02371326703960584,6.92445303860748,0.0491710682256323,0.2742777336329816,99,0.34136634165928464,0.0005444074900571664,0.2621115050966541,0.00877120692962598,64,46,0.71875,"{""INH10x"": ""10/13"", ""INH1x"": ""15/15"", ""MXF10x"": ""5/18"", ""MXF1x"": ""16/18""}",44,35
kaur,kaur_kk_apramycin_4ugmL_r2,planktonic,apramycin,4.0,ug/mL,0.06892144172260681,-0.016327849285145718,0.20513154833481873,0.3444515525059679,0.26568868850457683,0.40242920888074013,0.00287172673844195,0.014352148021081994,0.20009037910030233,0.0,log10 per day unless the column name says per hour,-0.02371326703960584,6.92445303860748,0.0491710682256323,0.2742777336329816,99,0.34136634165928464,0.0005444074900571664,0.2621115050966541,0.00877120692962598,64,46,0.71875,"{""INH10x"": ""10/13"", ""INH1x"": ""15/15"", ""MXF10x"": ""5/18"", ""MXF1x"": ""16/18""}",44,35
kaur,kaur_kk_apramycin_4ugmL_r3,planktonic,apramycin,4.0,ug/mL,0.09526457087683582,-0.049847284275977184,0.22109415075975444,0.33933537626302673,0.2733703539092595,0.4335444632282871,0.003969357119868159,0.014138974010959447,0.28073869552284475,0.0,log10 per day unless the column name says per hour,-0.02371326703960584,6.92445303860748,0.0491710682256323,0.2742777336329816,99,0.34136634165928464,0.0005444074900571664,0.2621115050966541,0.00877120692962598,64,46,0.71875,"{""INH10x"": ""10/13"", ""INH1x"": ""15/15"", ""MXF10x"": ""5/18"", ""MXF1x"": ""16/18""}",44,35
kaur,kaur_kk_apramycin_8ugmL_r1,planktonic,apramycin,8.0,ug/mL,0.13664502277216425,0.023268551957165574,0.24081668525684477,0.3435912917787205,0.2422973626379179,0.38933919244464926,0.005693542615506844,0.014316303824113355,0.3976964086161017,0.0,log10 per day unless the column name says per hour,-0.02371326703960584,6.92445303860748,0.0491710682256323,0.2742777336329816,99,0.34136634165928464,0.0005444074900571664,0.2621115050966541,0.00877120692962598,64,46,0.71875,"{""INH10x"": ""10/13"", ""INH1x"": ""15/15"", ""MXF10x"": ""5/18"", ""MXF1x"": ""16/18""}",44,35
kaur,kaur_kk_apramycin_8ugmL_r2,planktonic,apramycin,8.0,ug/mL,0.12171464656148677,0.029253479525943288,0.23386973054159665,0.29917604875447107,0.22871196580240208,0.38904828110498224,0.005071443606728615,0.012465668698102962,0.40683285666820207,0.0,log10 per day unless the column name says per hour,-0.02371326703960584,6.92445303860748,0.0491710682256323,0.2742777336329816,99,0.34136634165928464,0.0005444074900571664,0.2621115050966541,0.00877120692962598,64,46,0.71875,"{""INH10x"": ""10/13"", ""INH1x"": ""15/15"", ""MXF10x"": ""5/18"", ""MXF1x"": ""16/18""}",44,35
kaur,kaur_kk_apramycin_8ugmL_r3,planktonic,apramycin,8.0,ug/mL,0.14489161759023514,0.04583337306542082,0.3239292575626734,0.32297847848636313,0.26556850642572455,0.4031102433809841,0.006037150732926464,0.013457436603598464,0.44861075037961945,0.0,log10 per day unless the column name says per hour,-0.02371326703960584,6.92445303860748,0.0491710682256323,0.2742777336329816,99,0.34136634165928464,0.0005444074900571664,0.2621115050966541,0.00877120692962598,64,46,0.71875,"{""INH10x"": ""10/13"", ""INH1x"": ""15/15"", ""MXF10x"": ""5/18"", ""MXF1x"": ""16/18""}",44,35
kaur,kaur_kk_none_untreated_r1,planktonic,none,,,-0.4035470274797716,-0.49111667031424844,-0.24562662523617224,-0.0781759507333357,-0.17589108363261363,-0.012386577183084472,-0.01681445947832382,-0.0032573312805556543,5.162035430260415,1.0,log10 per day unless the column name says per hour,-0.02371326703960584,6.92445303860748,0.0491710682256323,0.2742777336329816,99,0.34136634165928464,0.0005444074900571664,0.2621115050966541,0.00877120692962598,64,46,0.71875,"{""INH10x"": ""10/13"", ""INH1x"": ""15/15"", ""MXF10x"": ""5/18"", ""MXF1x"": ""16/18""}",44,35
kaur,kaur_kk_none_untreated_r2,planktonic,none,,,-0.42109709328628336,-0.54835190381329,-0.3264505362063054,-0.08307770840938962,-0.14855439574965237,-0.021664184391731876,-0.017545712220261807,-0.0034615711837245673,5.068713393142776,1.0,log10 per day unless the column name says per hour,-0.02371326703960584,6.92445303860748,0.0491710682256323,0.2742777336329816,99,0.34136634165928464,0.0005444074900571664,0.2621115050966541,0.00877120692962598,64,46,0.71875,"{""INH10x"": ""10/13"", ""INH1x"": ""15/15"", ""MXF10x"": ""5/18"", ""MXF1x"": ""16/18""}",44,35
kaur,kaur_kk_none_untreated_r3,planktonic,none,,,-0.39331466585440983,-0.5347651766188051,-0.33163467430914945,-0.0931364958289131,-0.1926557376314342,-0.015880443371485038,-0.016388111077267075,-0.003880687326204713,4.2229918825474,0.9333333333333333,log10 per day unless the column name says per hour,-0.02371326703960584,6.92445303860748,0.0491710682256323,0.2742777336329816,99,0.34136634165928464,0.0005444074900571664,0.2621115050966541,0.00877120692962598,64,46,0.71875,"{""INH10x"": ""10/13"", ""INH1x"": ""15/15"", ""MXF10x"": ""5/18"", ""MXF1x"": ""16/18""}",44,35
vijay,vijay_001_age15d,culture_age_15d,rifampicin,,,1.1860279348632634,0.9491214347186637,1.6330896960300099,0.375776622296079,0.23169408516487922,0.6172937998525533,0.04941783061930264,0.015657359262336624,3.156204682495596,0.0,log10 per day unless the column name says per hour,-0.02371326703960584,6.92445303860748,0.0491710682256323,0.2742777336329816,99,0.34136634165928464,0.0005444074900571664,0.2621115050966541,0.00877120692962598,64,46,0.71875,"{""INH10x"": ""10/13"", ""INH1x"": ""15/15"", ""MXF10x"": ""5/18"", ""MXF1x"": ""16/18""}",44,35
vijay,vijay_001_age30d,culture_age_30d,rifampicin,,,0.7462067766669828,0.5082162574005211,0.9663351176289346,0.44314117171372086,0.21652253774918145,0.6254060555880867,0.031091949027790947,0.018464215488071704,1.6839030636247203,0.0,log10 per day unless the column name says per hour,-0.02371326703960584,6.92445303860748,0.0491710682256323,0.2742777336329816,99,0.34136634165928464,0.0005444074900571664,0.2621115050966541,0.00877120692962598,64,46,0.71875,"{""INH10x"": ""10/13"", ""INH1x"": ""15/15"", ""MXF10x"": ""5/18"", ""MXF1x"": ""16/18""}",44,35
vijay,vijay_001_age60d,culture_age_60d,rifampicin,,,0.41926041357396177,0.18103835899102738,0.6195992433247601,0.39941130707765543,0.23683940145864418,0.6082049060909109,0.017469183898915074,0.01664213779490231,1.0496959053100796,0.0,log10 per day unless the column name says per hour,-0.02371326703960584,6.92445303860748,0.0491710682256323,0.2742777336329816,99,0.34136634165928464,0.0005444074900571664,0.2621115050966541,0.00877120692962598,64,46,0.71875,"{""INH10x"": ""10/13"", ""INH1x"": ""15/15"", ""MXF10x"": ""5/18"", ""MXF1x"": ""16/18""}",44,35
vijay,vijay_002_age15d,culture_age_15d,rifampicin,,,1.2900930346657864,1.115739002271225,1.7056637208371508,0.5023782509007904,0.3721258992355465,0.6780135733508733,0.05375387644440777,0.020932427120866265,2.5679715082262864,0.0,log10 per day unless the column name says per hour,-0.02371326703960584,6.92445303860748,0.0491710682256323,0.2742777336329816,99,0.34136634165928464,0.0005444074900571664,0.2621115050966541,0.00877120692962598,64,46,0.71875,"{""INH10x"": ""10/13"", ""INH1x"": ""15/15"", ""MXF10x"": ""5/18"", ""MXF1x"": ""16/18""}",44,35
vijay,vijay_002_age30d,culture_age_30d,rifampicin,,,0.8170683473323223,0.6717849493169634,1.0143426331281045,0.501181969827348,0.391738306172981,0.7000276290475816,0.03404451447218009,0.020882582076139498,1.6302828044947304,0.0,log10 per day unless the column name says per hour,-0.02371326703960584,6.92445303860748,0.0491710682256323,0.2742777336329816,99,0.34136634165928464,0.0005444074900571664,0.2621115050966541,0.00877120692962598,64,46,0.71875,"{""INH10x"": ""10/13"", ""INH1x"": ""15/15"", ""MXF10x"": ""5/18"", ""MXF1x"": ""16/18""}",44,35
vijay,vijay_002_age60d,culture_age_60d,rifampicin,,,0.4772515244560051,0.3480967720868717,0.6679915149927923,0.45773452956924915,0.3856870679796286,0.682231436348456,0.019885480185666878,0.019072272065385382,1.0426382403466972,0.0,log10 per day unless the column name says per hour,-0.02371326703960584,6.92445303860748,0.0491710682256323,0.2742777336329816,99,0.34136634165928464,0.0005444074900571664,0.2621115050966541,0.00877120692962598,64,46,0.71875,"{""INH10x"": ""10/13"", ""INH1x"": ""15/15"", ""MXF10x"": ""5/18"", ""MXF1x"": ""16/18""}",44,35
vijay,vijay_003_age15d,culture_age_15d,rifampicin,,,1.1337582912493012,0.9997907936719357,1.4660922263937577,0.3778037859575096,0.22052417451616926,0.4874153179273186,0.047239928802054215,0.015741824414896233,3.000918289836332,0.0,log10 per day unless the column name says per hour,-0.02371326703960584,6.92445303860748,0.0491710682256323,0.2742777336329816,99,0.34136634165928464,0.0005444074900571664,0.2621115050966541,0.00877120692962598,64,46,0.71875,"{""INH10x"": ""10/13"", ""INH1x"": ""15/15"", ""MXF10x"": ""5/18"", ""MXF1x"": ""16/18""}",44,35
vijay,vijay_003_age30d,culture_age_30d,rifampicin,,,0.775245753006109,0.6614311833667577,0.9222572712342217,0.3233405570332686,0.189495871900573,0.5084431134603473,0.03230190637525454,0.013472523209719525,2.3976137114353513,0.0,log10 per day unless the column name says per hour,-0.02371326703960584,6.92445303860748,0.0491710682256323,0.2742777336329816,99,0.34136634165928464,0.0005444074900571664,0.2621115050966541,0.00877120692962598,64,46,0.71875,"{""INH10x"": ""10/13"", ""INH1x"": ""15/15"", ""MXF10x"": ""5/18"", ""MXF1x"": ""16/18""}",44,35
vijay,vijay_003_age60d,culture_age_60d,rifampicin,,,0.42932040404111205,0.35035610258885574,0.5931913745754107,0.2945067777042278,0.17928367198235276,0.4942452172076096,0.01788835016837967,0.012271115737676157,1.4577606919195496,0.0,log10 per day unless the column name says per hour,-0.02371326703960584,6.92445303860748,0.0491710682256323,0.2742777336329816,99,0.34136634165928464,0.0005444074900571664,0.2621115050966541,0.00877120692962598,64,46,0.71875,"{""INH10x"": ""10/13"", ""INH1x"": ""15/15"", ""MXF10x"": ""5/18"", ""MXF1x"": ""16/18""}",44,35
vijay,vijay_004_age15d,culture_age_15d,rifampicin,,,0.8039614309664894,0.6755282394318851,0.9829564059203497,0.17512703102308982,0.050905158310123745,0.2933324555324311,0.03349839295693706,0.007296959625962076,4.590732945506797,0.0,log10 per day unless the column name says per hour,-0.02371326703960584,6.92445303860748,0.0491710682256323,0.2742777336329816,99,0.34136634165928464,0.0005444074900571664,0.2621115050966541,0.00877120692962598,64,46,0.71875,"{""INH10x"": ""10/13"", ""INH1x"": ""15/15"", ""MXF10x"": ""5/18"", ""MXF1x"": ""16/18""}",44,35
vijay,vijay_004_age30d,culture_age_30d,rifampicin,,,0.5189238707285849,0.34228763874586154,0.618401896626965,0.21522806527708127,0.007693247802096542,0.29211260664889105,0.021621827947024372,0.00896783605321172,2.4110418409445367,0.06666666666666667,log10 per day unless the column name says per hour,-0.02371326703960584,6.92445303860748,0.0491710682256323,0.2742777336329816,99,0.34136634165928464,0.0005444074900571664,0.2621115050966541,0.00877120692962598,64,46,0.71875,"{""INH10x"": ""10/13"", ""INH1x"": ""15/15"", ""MXF10x"": ""5/18"", ""MXF1x"": ""16/18""}",44,35
vijay,vijay_004_age60d,culture_age_60d,rifampicin,,,0.18584393422963974,0.009750709661470784,0.2563743167744523,0.1581560788486875,-0.007693114783708634,0.26233559680739604,0.007743497259568323,0.006589836618695312,1.1750666530335645,0.06666666666666667,log10 per day unless the column name says per hour,-0.02371326703960584,6.92445303860748,0.0491710682256323,0.2742777336329816,99,0.34136634165928464,0.0005444074900571664,0.2621115050966541,0.00877120692962598,64,46,0.71875,"{""INH10x"": ""10/13"", ""INH1x"": ""15/15"", ""MXF10x"": ""5/18"", ""MXF1x"": ""16/18""}",44,35
vijay,vijay_005_age15d,culture_age_15d,rifampicin,,,0.987662777806369,0.8348300430039692,1.510965085166427,0.04755174316750403,-0.09512192806361511,0.19571254701997193,0.04115261574193204,0.0019813226319793345,20.77027490511261,0.26666666666666666,log10 per day unless the column name says per hour,-0.02371326703960584,6.92445303860748,0.0491710682256323,0.2742777336329816,99,0.34136634165928464,0.0005444074900571664,0.2621115050966541,0.00877120692962598,64,46,0.71875,"{""INH10x"": ""10/13"", ""INH1x"": ""15/15"", ""MXF10x"": ""5/18"", ""MXF1x"": ""16/18""}",44,35
vijay,vijay_005_age30d,culture_age_30d,rifampicin,,,0.4103161835530799,0.22787022212008293,0.5595649637916612,0.10505593266842737,0.013209278544547952,0.19560958441334308,0.017096507648044997,0.004377330527851141,3.9056926451559923,0.06666666666666667,log10 per day unless the column name says per hour,-0.02371326703960584,6.92445303860748,0.0491710682256323,0.2742777336329816,99,0.34136634165928464,0.0005444074900571664,0.2621115050966541,0.00877120692962598,64,46,0.71875,"{""INH10x"": ""10/13"", ""INH1x"": ""15/15"", ""MXF10x"": ""5/18"", ""MXF1x"": ""16/18""}",44,35
vijay,vijay_005_age60d,culture_age_60d,rifampicin,,,0.0794582349132283,-0.053839763901802284,0.2130766258644521,0.06220036917722089,0.011922106151805226,0.2351211021923627,0.0033107597880511794,0.0025916820490508702,1.2774560016972956,0.0,log10 per day unless the column name says per hour,-0.02371326703960584,6.92445303860748,0.0491710682256323,0.2742777336329816,99,0.34136634165928464,0.0005444074900571664,0.2621115050966541,0.00877120692962598,64,46,0.71875,"{""INH10x"": ""10/13"", ""INH1x"": ""15/15"", ""MXF10x"": ""5/18"", ""MXF1x"": ""16/18""}",44,35
vijay,vijay_006_age15d,culture_age_15d,rifampicin,,,1.2507221914341466,1.0497866046801347,1.765501586676853,0.3146385210964564,0.18122485285672257,0.4774458937491526,0.05211342464308944,0.013109938379019017,3.9751082832312257,0.0,log10 per day unless the column name says per hour,-0.02371326703960584,6.92445303860748,0.0491710682256323,0.2742777336329816,99,0.34136634165928464,0.0005444074900571664,0.2621115050966541,0.00877120692962598,64,46,0.71875,"{""INH10x"": ""10/13"", ""INH1x"": ""15/15"", ""MXF10x"": ""5/18"", ""MXF1x"": ""16/18""}",44,35
vijay,vijay_006_age30d,culture_age_30d,rifampicin,,,0.8464236913908447,0.6937699534215555,0.9745201344347914,0.3718958497876157,0.22616689101721849,0.4407382532121579,0.03526765380795186,0.015495660407817321,2.275969715376563,0.0,log10 per day unless the column name says per hour,-0.02371326703960584,6.92445303860748,0.0491710682256323,0.2742777336329816,99,0.34136634165928464,0.0005444074900571664,0.2621115050966541,0.00877120692962598,64,46,0.71875,"{""INH10x"": ""10/13"", ""INH1x"": ""15/15"", ""MXF10x"": ""5/18"", ""MXF1x"": ""16/18""}",44,35
vijay,vijay_006_age60d,culture_age_60d,rifampicin,,,0.34906484491079276,0.19748341497890287,0.44893349984084685,0.3239199660976675,0.1752892536669754,0.4740075153753015,0.014544368537949699,0.013496665254069479,1.0776268258979247,0.0,log10 per day unless the column name says per hour,-0.02371326703960584,6.92445303860748,0.0491710682256323,0.2742777336329816,99,0.34136634165928464,0.0005444074900571664,0.2621115050966541,0.00877120692962598,64,46,0.71875,"{""INH10x"": ""10/13"", ""INH1x"": ""15/15"", ""MXF10x"": ""5/18"", ""MXF1x"": ""16/18""}",44,35
vijay,vijay_007_age15d,culture_age_15d,rifampicin,,,0.9924847807509518,0.8576691101360974,1.3444182000922498,0.22639673207851368,0.13727312463031935,0.4098477255645425,0.041353532531289657,0.00943319716993807,4.383829976868929,0.0,log10 per day unless the column name says per hour,-0.02371326703960584,6.92445303860748,0.0491710682256323,0.2742777336329816,99,0.34136634165928464,0.0005444074900571664,0.2621115050966541,0.00877120692962598,64,46,0.71875,"{""INH10x"": ""10/13"", ""INH1x"": ""15/15"", ""MXF10x"": ""5/18"", ""MXF1x"": ""16/18""}",44,35
vijay,vijay_007_age30d,culture_age_30d,rifampicin,,,0.6752547346657997,0.5421005902790517,0.8345950950458448,0.24703462317702973,0.17468348522131535,0.3890789237552637,0.02813561394440832,0.010293109299042905,2.7334416770474284,0.0,log10 per day unless the column name says per hour,-0.02371326703960584,6.92445303860748,0.0491710682256323,0.2742777336329816,99,0.34136634165928464,0.0005444074900571664,0.2621115050966541,0.00877120692962598,64,46,0.71875,"{""INH10x"": ""10/13"", ""INH1x"": ""15/15"", ""MXF10x"": ""5/18"", ""MXF1x"": ""16/18""}",44,35
vijay,vijay_007_age60d,culture_age_60d,rifampicin,,,0.32082268147141163,0.23944860981860416,0.4733298049354253,0.23172072367097077,0.10118551265441232,0.39143911587547353,0.013367611727975485,0.009655030152957116,1.3845230430358926,0.0,log10 per day unless the column name says per hour,-0.02371326703960584,6.92445303860748,0.0491710682256323,0.2742777336329816,99,0.34136634165928464,0.0005444074900571664,0.2621115050966541,0.00877120692962598,64,46,0.71875,"{""INH10x"": ""10/13"", ""INH1x"": ""15/15"", ""MXF10x"": ""5/18"", ""MXF1x"": ""16/18""}",44,35
vijay,vijay_008_age15d,culture_age_15d,rifampicin,,,1.4339579859727534,1.2888137441857348,1.7775360269393186,0.6517234114390763,0.4980360255923119,0.7540644212448664,0.05974824941553139,0.027155142143294845,2.200255447025323,0.0,log10 per day unless the column name says per hour,-0.02371326703960584,6.92445303860748,0.0491710682256323,0.2742777336329816,99,0.34136634165928464,0.0005444074900571664,0.2621115050966541,0.00877120692962598,64,46,0.71875,"{""INH10x"": ""10/13"", ""INH1x"": ""15/15"", ""MXF10x"": ""5/18"", ""MXF1x"": ""16/18""}",44,35
vijay,vijay_008_age30d,culture_age_30d,rifampicin,,,1.2088274662131167,1.0847212138942475,1.4550462295375866,0.6475101953258492,0.47278657215363196,0.7565791928093335,0.050367811092213194,0.026979591471910383,1.8668856103567504,0.0,log10 per day unless the column name says per hour,-0.02371326703960584,6.92445303860748,0.0491710682256323,0.2742777336329816,99,0.34136634165928464,0.0005444074900571664,0.2621115050966541,0.00877120692962598,64,46,0.71875,"{""INH10x"": ""10/13"", ""INH1x"": ""15/15"", ""MXF10x"": ""5/18"", ""MXF1x"": ""16/18""}",44,35
vijay,vijay_009_age15d,culture_age_15d,rifampicin,,,1.1956138009254593,0.9472888795498126,1.3998971923316275,0.5435513193053971,0.37607645284452296,0.7130516124359138,0.04981724170522747,0.02264797163772488,2.1996337023950767,0.0,log10 per day unless the column name says per hour,-0.02371326703960584,6.92445303860748,0.0491710682256323,0.2742777336329816,99,0.34136634165928464,0.0005444074900571664,0.2621115050966541,0.00877120692962598,64,46,0.71875,"{""INH10x"": ""10/13"", ""INH1x"": ""15/15"", ""MXF10x"": ""5/18"", ""MXF1x"": ""16/18""}",44,35
vijay,vijay_009_age30d,culture_age_30d,rifampicin,,,0.9638444065960159,0.7288206874411867,1.140056407244318,0.5691348348048996,0.3482979722071663,0.7212634171730139,0.04016018360816733,0.02371395145020415,1.693525589461456,0.0,log10 per day unless the column name says per hour,-0.02371326703960584,6.92445303860748,0.0491710682256323,0.2742777336329816,99,0.34136634165928464,0.0005444074900571664,0.2621115050966541,0.00877120692962598,64,46,0.71875,"{""INH10x"": ""10/13"", ""INH1x"": ""15/15"", ""MXF10x"": ""5/18"", ""MXF1x"": ""16/18""}",44,35
vijay,vijay_010_age15d,culture_age_15d,rifampicin,,,0.8257602571337168,0.6960712104016227,1.0972801989763874,0.04036162598472828,-0.07127005133061592,0.19051828434770113,0.034406677380571536,0.0016817344160303452,20.459043385570283,0.3333333333333333,log10 per day unless the column name says per hour,-0.02371326703960584,6.92445303860748,0.0491710682256323,0.2742777336329816,99,0.34136634165928464,0.0005444074900571664,0.2621115050966541,0.00877120692962598,64,46,0.71875,"{""INH10x"": ""10/13"", ""INH1x"": ""15/15"", ""MXF10x"": ""5/18"", ""MXF1x"": ""16/18""}",44,35
vijay,vijay_010_age30d,culture_age_30d,rifampicin,,,0.4533203420542387,0.3668419774717655,0.5642662097999757,0.03627810772493277,-0.03595876484903907,0.135207341477329,0.01888834758559328,0.0015115878218721988,12.495699761723964,0.3333333333333333,log10 per day unless the column name says per hour,-0.02371326703960584,6.92445303860748,0.0491710682256323,0.2742777336329816,99,0.34136634165928464,0.0005444074900571664,0.2621115050966541,0.00877120692962598,64,46,0.71875,"{""INH10x"": ""10/13"", ""INH1x"": ""15/15"", ""MXF10x"": ""5/18"", ""MXF1x"": ""16/18""}",44,35
vijay,vijay_010_age60d,culture_age_60d,rifampicin,,,0.047264473525924965,-0.1414920046366316,0.1783823628211188,0.03502412459850978,-0.0928949456377681,0.14332614800920251,0.0019693530635802067,0.0014593385249379075,1.349483365186977,0.4,log10 per day unless the column name says per hour,-0.02371326703960584,6.92445303860748,0.0491710682256323,0.2742777336329816,99,0.34136634165928464,0.0005444074900571664,0.2621115050966541,0.00877120692962598,64,46,0.71875,"{""INH10x"": ""10/13"", ""INH1x"": ""15/15"", ""MXF10x"": ""5/18"", ""MXF1x"": ""16/18""}",44,35
vijay,vijay_011_age15d,culture_age_15d,rifampicin,,,0.8020413629344583,0.6391663116512951,1.2175037268616886,0.039941641637670076,-0.13891451809703664,0.16038459742961061,0.0334183901222691,0.0016642350682362533,20.080330453369015,0.4,log10 per day unless the column name says per hour,-0.02371326703960584,6.92445303860748,0.0491710682256323,0.2742777336329816,99,0.34136634165928464,0.0005444074900571664,0.2621115050966541,0.00877120692962598,64,46,0.71875,"{""INH10x"": ""10/13"", ""INH1x"": ""15/15"", ""MXF10x"": ""5/18"", ""MXF1x"": ""16/18""}",44,35
vijay,vijay_011_age30d,culture_age_30d,rifampicin,,,0.5891605289321226,0.4559569401668448,0.9088450523847753,-0.011884465042231309,-0.1296578672683179,0.16106950301752182,0.024548355372171773,-0.0004951860434263045,-49.574004958451845,0.5333333333333333,log10 per day unless the column name says per hour,-0.02371326703960584,6.92445303860748,0.0491710682256323,0.2742777336329816,99,0.34136634165928464,0.0005444074900571664,0.2621115050966541,0.00877120692962598,64,46,0.71875,"{""INH10x"": ""10/13"", ""INH1x"": ""15/15"", ""MXF10x"": ""5/18"", ""MXF1x"": ""16/18""}",44,35
vijay,vijay_011_age60d,culture_age_60d,rifampicin,,,0.05388136201314105,-0.1538371987071121,0.13686652884971928,0.031318708984922006,-0.09312953514549747,0.17450909810693166,0.002245056750547544,0.0013049462077050836,1.7204209164267132,0.4,log10 per day unless the column name says per hour,-0.02371326703960584,6.92445303860748,0.0491710682256323,0.2742777336329816,99,0.34136634165928464,0.0005444074900571664,0.2621115050966541,0.00877120692962598,64,46,0.71875,"{""INH10x"": ""10/13"", ""INH1x"": ""15/15"", ""MXF10x"": ""5/18"", ""MXF1x"": ""16/18""}",44,35
vijay,vijay_012_age15d,culture_age_15d,rifampicin,,,1.2552582144851432,1.1061136537554355,1.6468632394203366,0.47580458370847856,0.30727966883846924,0.6204492295882452,0.052302425603547635,0.019825190987853274,2.638180163590499,0.0,log10 per day unless the column name says per hour,-0.02371326703960584,6.92445303860748,0.0491710682256323,0.2742777336329816,99,0.34136634165928464,0.0005444074900571664,0.2621115050966541,0.00877120692962598,64,46,0.71875,"{""INH10x"": ""10/13"", ""INH1x"": ""15/15"", ""MXF10x"": ""5/18"", ""MXF1x"": ""16/18""}",44,35
vijay,vijay_012_age30d,culture_age_30d,rifampicin,,,0.8342368601911115,0.6010246512644989,0.9219080982364071,0.4971302329911723,0.31120952559865755,0.6361944614572441,0.03475986917462965,0.020713759707965514,1.67810526262225,0.0,log10 per day unless the column name says per hour,-0.02371326703960584,6.92445303860748,0.0491710682256323,0.2742777336329816,99,0.34136634165928464,0.0005444074900571664,0.2621115050966541,0.00877120692962598,64,46,0.71875,"{""INH10x"": ""10/13"", ""INH1x"": ""15/15"", ""MXF10x"": ""5/18"", ""MXF1x"": ""16/18""}",44,35
vijay,vijay_012_age60d,culture_age_60d,rifampicin,,,0.48043587072677013,0.27958219196521705,0.5990392344340777,0.45752952934772056,0.3189623752078529,0.604418833252976,0.02001816128028209,0.019063730389488356,1.0500652742823093,0.0,log10 per day unless the column name says per hour,-0.02371326703960584,6.92445303860748,0.0491710682256323,0.2742777336329816,99,0.34136634165928464,0.0005444074900571664,0.2621115050966541,0.00877120692962598,64,46,0.71875,"{""INH10x"": ""10/13"", ""INH1x"": ""15/15"", ""MXF10x"": ""5/18"", ""MXF1x"": ""16/18""}",44,35
vijay,vijay_013_age15d,culture_age_15d,rifampicin,,,1.112282262456548,0.9498628897223061,1.7158335762170212,0.22433190817371892,0.09241267435689574,0.3392640389286779,0.046345094269022835,0.009347162840571622,4.958199087733944,0.0,log10 per day unless the column name says per hour,-0.02371326703960584,6.92445303860748,0.0491710682256323,0.2742777336329816,99,0.34136634165928464,0.0005444074900571664,0.2621115050966541,0.00877120692962598,64,46,0.71875,"{""INH10x"": ""10/13"", ""INH1x"": ""15/15"", ""MXF10x"": ""5/18"", ""MXF1x"": ""16/18""}",44,35
vijay,vijay_013_age30d,culture_age_30d,rifampicin,,,0.7072182750179156,0.5797075675702138,0.8526741267658471,0.2212074546850775,0.09532510679757575,0.33159048320607304,0.029467428125746483,0.009216977278544895,3.197081563208385,0.0,log10 per day unless the column name says per hour,-0.02371326703960584,6.92445303860748,0.0491710682256323,0.2742777336329816,99,0.34136634165928464,0.0005444074900571664,0.2621115050966541,0.00877120692962598,64,46,0.71875,"{""INH10x"": ""10/13"", ""INH1x"": ""15/15"", ""MXF10x"": ""5/18"", ""MXF1x"": ""16/18""}",44,35
vijay,vijay_013_age60d,culture_age_60d,rifampicin,,,0.19201875106919417,0.1183323049483871,0.32167916347063125,0.1790043039638751,0.10571286740731765,0.3291073101214471,0.008000781294549756,0.007458512665161462,1.07270466026306,0.0,log10 per day unless the column name says per hour,-0.02371326703960584,6.92445303860748,0.0491710682256323,0.2742777336329816,99,0.34136634165928464,0.0005444074900571664,0.2621115050966541,0.00877120692962598,64,46,0.71875,"{""INH10x"": ""10/13"", ""INH1x"": ""15/15"", ""MXF10x"": ""5/18"", ""MXF1x"": ""16/18""}",44,35
vijay,vijay_014_age15d,culture_age_15d,rifampicin,,,1.010372188555455,0.7952405959802253,1.3212883012078551,0.1571211716246261,0.05127144643984942,0.3816129098268545,0.04209884118981063,0.006546715484359421,6.430528604822956,0.0,log10 per day unless the column name says per hour,-0.02371326703960584,6.92445303860748,0.0491710682256323,0.2742777336329816,99,0.34136634165928464,0.0005444074900571664,0.2621115050966541,0.00877120692962598,64,46,0.71875,"{""INH10x"": ""10/13"", ""INH1x"": ""15/15"", ""MXF10x"": ""5/18"", ""MXF1x"": ""16/18""}",44,35
vijay,vijay_014_age30d,culture_age_30d,rifampicin,,,0.6993847267185308,0.5474045671528732,0.8253815516085644,0.22270633333146933,0.022361875345482552,0.3660481222376659,0.029141030279938782,0.00927943055547789,3.140389930795492,0.06666666666666667,log10 per day unless the column name says per hour,-0.02371326703960584,6.92445303860748,0.0491710682256323,0.2742777336329816,99,0.34136634165928464,0.0005444074900571664,0.2621115050966541,0.00877120692962598,64,46,0.71875,"{""INH10x"": ""10/13"", ""INH1x"": ""15/15"", ""MXF10x"": ""5/18"", ""MXF1x"": ""16/18""}",44,35
vijay,vijay_014_age60d,culture_age_60d,rifampicin,,,0.03313742577677924,-0.29659938645183054,0.23283741956278364,0.21170995766336415,0.05044697652998334,0.37916056125444586,0.0013807260740324684,0.008821248235973507,0.15652275472781688,0.06666666666666667,log10 per day unless the column name says per hour,-0.02371326703960584,6.92445303860748,0.0491710682256323,0.2742777336329816,99,0.34136634165928464,0.0005444074900571664,0.2621115050966541,0.00877120692962598,64,46,0.71875,"{""INH10x"": ""10/13"", ""INH1x"": ""15/15"", ""MXF10x"": ""5/18"", ""MXF1x"": ""16/18""}",44,35
vijay,vijay_015_age15d,culture_age_15d,rifampicin,,,1.1973013406892539,0.9307916407132183,1.639542730669381,0.1927026482524441,0.04846433018223468,0.43371368071224115,0.04988755586205224,0.008029277010518504,6.21320646886371,0.0,log10 per day unless the column name says per hour,-0.02371326703960584,6.92445303860748,0.0491710682256323,0.2742777336329816,99,0.34136634165928464,0.0005444074900571664,0.2621115050966541,0.00877120692962598,64,46,0.71875,"{""INH10x"": ""10/13"", ""INH1x"": ""15/15"", ""MXF10x"": ""5/18"", ""MXF1x"": ""16/18""}",44,35
vijay,vijay_015_age30d,culture_age_30d,rifampicin,,,0.916822403633736,0.6771667347456999,1.171880770345896,0.18524765735070456,0.03417824962697649,0.41024465080899963,0.038200933484739,0.00771865238961269,4.949171378173161,0.06666666666666667,log10 per day unless the column name says per hour,-0.02371326703960584,6.92445303860748,0.0491710682256323,0.2742777336329816,99,0.34136634165928464,0.0005444074900571664,0.2621115050966541,0.00877120692962598,64,46,0.71875,"{""INH10x"": ""10/13"", ""INH1x"": ""15/15"", ""MXF10x"": ""5/18"", ""MXF1x"": ""16/18""}",44,35
vijay,vijay_015_age60d,culture_age_60d,rifampicin,,,0.23270780508575287,-0.05180716532942829,0.4328808600230202,0.2022398881914474,0.028151311880263895,0.39003825495994704,0.009696158545239702,0.008426662007976975,1.1506523622356015,0.0,log10 per day unless the column name says per hour,-0.02371326703960584,6.92445303860748,0.0491710682256323,0.2742777336329816,99,0.34136634165928464,0.0005444074900571664,0.2621115050966541,0.00877120692962598,64,46,0.71875,"{""INH10x"": ""10/13"", ""INH1x"": ""15/15"", ""MXF10x"": ""5/18"", ""MXF1x"": ""16/18""}",44,35
vijay,vijay_016_age15d,culture_age_15d,rifampicin,,,0.7365195407598892,0.5972556145213231,1.0457739300866906,-0.039793832533890613,-0.1259536749323389,0.03579694592699064,0.03068831419832872,-0.0016580763555787755,-18.50838418573101,0.8,log10 per day unless the column name says per hour,-0.02371326703960584,6.92445303860748,0.0491710682256323,0.2742777336329816,99,0.34136634165928464,0.0005444074900571664,0.2621115050966541,0.00877120692962598,64,46,0.71875,"{""INH10x"": ""10/13"", ""INH1x"": ""15/15"", ""MXF10x"": ""5/18"", ""MXF1x"": ""16/18""}",44,35
vijay,vijay_016_age30d,culture_age_30d,rifampicin,,,0.4344696655852463,0.35721498169601246,0.5307942923664447,-0.03711834572848269,-0.14259619091992254,0.015048170094015871,0.018102902732718595,-0.0015465977386867787,-11.704984612281814,0.8,log10 per day unless the column name says per hour,-0.02371326703960584,6.92445303860748,0.0491710682256323,0.2742777336329816,99,0.34136634165928464,0.0005444074900571664,0.2621115050966541,0.00877120692962598,64,46,0.71875,"{""INH10x"": ""10/13"", ""INH1x"": ""15/15"", ""MXF10x"": ""5/18"", ""MXF1x"": ""16/18""}",44,35
vijay,vijay_016_age60d,culture_age_60d,rifampicin,,,-0.04759500014125556,-0.18879550662034206,0.05682499402675712,-0.03856914993493724,-0.16118094548829473,0.012824340981393822,-0.0019831250058856484,-0.0016070479139557185,1.2340173486204422,0.6666666666666666,log10 per day unless the column name says per hour,-0.02371326703960584,6.92445303860748,0.0491710682256323,0.2742777336329816,99,0.34136634165928464,0.0005444074900571664,0.2621115050966541,0.00877120692962598,64,46,0.71875,"{""INH10x"": ""10/13"", ""INH1x"": ""15/15"", ""MXF10x"": ""5/18"", ""MXF1x"": ""16/18""}",44,35
vijay,vijay_017_age15d,culture_age_15d,rifampicin,,,1.0254021875392296,0.832611510746494,1.330032805591903,0.23335757353992578,0.11370715755197663,0.389119303034026,0.0427250911474679,0.00972323223083024,4.394124313106087,0.0,log10 per day unless the column name says per hour,-0.02371326703960584,6.92445303860748,0.0491710682256323,0.2742777336329816,99,0.34136634165928464,0.0005444074900571664,0.2621115050966541,0.00877120692962598,64,46,0.71875,"{""INH10x"": ""10/13"", ""INH1x"": ""15/15"", ""MXF10x"": ""5/18"", ""MXF1x"": ""16/18""}",44,35
vijay,vijay_017_age30d,culture_age_30d,rifampicin,,,0.7282353672176657,0.5741710598125064,0.8514125559556813,0.2460054264537097,0.1053620665155667,0.3536100459093851,0.03034314030073607,0.010250226102237905,2.9602410715712244,0.0,log10 per day unless the column name says per hour,-0.02371326703960584,6.92445303860748,0.0491710682256323,0.2742777336329816,99,0.34136634165928464,0.0005444074900571664,0.2621115050966541,0.00877120692962598,64,46,0.71875,"{""INH10x"": ""10/13"", ""INH1x"": ""15/15"", ""MXF10x"": ""5/18"", ""MXF1x"": ""16/18""}",44,35
vijay,vijay_017_age60d,culture_age_60d,rifampicin,,,0.2131468648938806,-0.08541708891854403,0.32259524755289054,0.24824173118150125,0.10173080921259495,0.33204866342629313,0.008881119370578358,0.010343405465895886,0.858626242571757,0.0,log10 per day unless the column name says per hour,-0.02371326703960584,6.92445303860748,0.0491710682256323,0.2742777336329816,99,0.34136634165928464,0.0005444074900571664,0.2621115050966541,0.00877120692962598,64,46,0.71875,"{""INH10x"": ""10/13"", ""INH1x"": ""15/15"", ""MXF10x"": ""5/18"", ""MXF1x"": ""16/18""}",44,35
vijay,vijay_018_age15d,culture_age_15d,rifampicin,,,0.8433014208900933,0.6622517649669324,1.1868988160770466,0.045157610475172985,-0.12193111941507537,0.2577801635611909,0.03513755920375389,0.0018815671031322076,18.674624543159307,0.26666666666666666,log10 per day unless the column name says per hour,-0.02371326703960584,6.92445303860748,0.0491710682256323,0.2742777336329816,99,0.34136634165928464,0.0005444074900571664,0.2621115050966541,0.00877120692962598,64,46,0.71875,"{""INH10x"": ""10/13"", ""INH1x"": ""15/15"", ""MXF10x"": ""5/18"", ""MXF1x"": ""16/18""}",44,35
vijay,vijay_018_age30d,culture_age_30d,rifampicin,,,0.48001825364578066,0.33562180641007194,0.6139392947284071,0.018724562506370276,-0.10131049602207115,0.2421224694407139,0.020000760568574194,0.0007801901044320949,25.635752690214996,0.3333333333333333,log10 per day unless the column name says per hour,-0.02371326703960584,6.92445303860748,0.0491710682256323,0.2742777336329816,99,0.34136634165928464,0.0005444074900571664,0.2621115050966541,0.00877120692962598,64,46,0.71875,"{""INH10x"": ""10/13"", ""INH1x"": ""15/15"", ""MXF10x"": ""5/18"", ""MXF1x"": ""16/18""}",44,35
vijay,vijay_018_age60d,culture_age_60d,rifampicin,,,-0.01243123856601285,-0.24412782221114765,0.12092618420466567,0.009343137596862193,-0.07325375053298076,0.25322379526639544,-0.0005179682735838687,0.000389297399869258,-1.3305207631949858,0.3333333333333333,log10 per day unless the column name says per hour,-0.02371326703960584,6.92445303860748,0.0491710682256323,0.2742777336329816,99,0.34136634165928464,0.0005444074900571664,0.2621115050966541,0.00877120692962598,64,46,0.71875,"{""INH10x"": ""10/13"", ""INH1x"": ""15/15"", ""MXF10x"": ""5/18"", ""MXF1x"": ""16/18""}",44,35
vijay,vijay_019_age15d,culture_age_15d,rifampicin,,,1.0062687137373783,0.7833130010839982,1.3380356533743942,0.19183612997926797,0.06854771039404751,0.3865231214334763,0.04192786307239076,0.007993172082469498,5.245459829939893,0.06666666666666667,log10 per day unless the column name says per hour,-0.02371326703960584,6.92445303860748,0.0491710682256323,0.2742777336329816,99,0.34136634165928464,0.0005444074900571664,0.2621115050966541,0.00877120692962598,64,46,0.71875,"{""INH10x"": ""10/13"", ""INH1x"": ""15/15"", ""MXF10x"": ""5/18"", ""MXF1x"": ""16/18""}",44,35
vijay,vijay_019_age30d,culture_age_30d,rifampicin,,,0.7374483585347148,0.5321156822640849,0.8436048409851804,0.2116715005803014,-0.014871693933119965,0.3577628314761191,0.03072701493894645,0.008819645857512558,3.4839284292547,0.06666666666666667,log10 per day unless the column name says per hour,-0.02371326703960584,6.92445303860748,0.0491710682256323,0.2742777336329816,99,0.34136634165928464,0.0005444074900571664,0.2621115050966541,0.00877120692962598,64,46,0.71875,"{""INH10x"": ""10/13"", ""INH1x"": ""15/15"", ""MXF10x"": ""5/18"", ""MXF1x"": ""16/18""}",44,35
vijay,vijay_019_age60d,culture_age_60d,rifampicin,,,0.309484130558371,0.17406371930899167,0.43578274891214236,0.1770179712945216,0.024754349654742647,0.3688910133780161,0.01289517210659879,0.0073757488039384,1.7483204010029743,0.06666666666666667,log10 per day unless the column name says per hour,-0.02371326703960584,6.92445303860748,0.0491710682256323,0.2742777336329816,99,0.34136634165928464,0.0005444074900571664,0.2621115050966541,0.00877120692962598,64,46,0.71875,"{""INH10x"": ""10/13"", ""INH1x"": ""15/15"", ""MXF10x"": ""5/18"", ""MXF1x"": ""16/18""}",44,35
vijay,vijay_020_age15d,culture_age_15d,rifampicin,,,1.0119375714764267,0.865570797628116,1.1840321526601105,0.2415935936756362,0.17787038053065793,0.39922291446760455,0.042164065478184444,0.010066399736484842,4.188594391435126,0.0,log10 per day unless the column name says per hour,-0.02371326703960584,6.92445303860748,0.0491710682256323,0.2742777336329816,99,0.34136634165928464,0.0005444074900571664,0.2621115050966541,0.00877120692962598,64,46,0.71875,"{""INH10x"": ""10/13"", ""INH1x"": ""15/15"", ""MXF10x"": ""5/18"", ""MXF1x"": ""16/18""}",44,35
vijay,vijay_020_age30d,culture_age_30d,rifampicin,,,0.570522439613026,0.4044965035290904,0.7287002610006664,0.2566753175654095,0.13238446596951803,0.4173424193210111,0.023771768317209414,0.01069480489855873,2.2227397827905193,0.0,log10 per day unless the column name says per hour,-0.02371326703960584,6.92445303860748,0.0491710682256323,0.2742777336329816,99,0.34136634165928464,0.0005444074900571664,0.2621115050966541,0.00877120692962598,64,46,0.71875,"{""INH10x"": ""10/13"", ""INH1x"": ""15/15"", ""MXF10x"": ""5/18"", ""MXF1x"": ""16/18""}",44,35
vijay,vijay_020_age60d,culture_age_60d,rifampicin,,,0.16861708058601055,-0.22510832199731012,0.32772469591321485,0.271344804082069,0.15875655667815966,0.37971014168059186,0.007025711691083773,0.011306033503419542,0.6214126014184219,0.0,log10 per day unless the column name says per hour,-0.02371326703960584,6.92445303860748,0.0491710682256323,0.2742777336329816,99,0.34136634165928464,0.0005444074900571664,0.2621115050966541,0.00877120692962598,64,46,0.71875,"{""INH10x"": ""10/13"", ""INH1x"": ""15/15"", ""MXF10x"": ""5/18"", ""MXF1x"": ""16/18""}",44,35
vijay,vijay_021_age15d,culture_age_15d,rifampicin,,,0.7207496260502514,0.485179600353332,0.8605382130521434,0.23911176755952016,0.07298284243650938,0.4342881186943324,0.030031234418760475,0.009962990314980007,3.014279194230125,0.0,log10 per day unless the column name says per hour,-0.02371326703960584,6.92445303860748,0.0491710682256323,0.2742777336329816,99,0.34136634165928464,0.0005444074900571664,0.2621115050966541,0.00877120692962598,64,46,0.71875,"{""INH10x"": ""10/13"", ""INH1x"": ""15/15"", ""MXF10x"": ""5/18"", ""MXF1x"": ""16/18""}",44,35
vijay,vijay_021_age30d,culture_age_30d,rifampicin,,,0.5560965019970658,0.3133124509029904,0.6834685954581909,0.22884713911705504,0.09142612545131848,0.4293400542358822,0.023170687583211075,0.009535297463210626,2.4299910592835645,0.0,log10 per day unless the column name says per hour,-0.02371326703960584,6.92445303860748,0.0491710682256323,0.2742777336329816,99,0.34136634165928464,0.0005444074900571664,0.2621115050966541,0.00877120692962598,64,46,0.71875,"{""INH10x"": ""10/13"", ""INH1x"": ""15/15"", ""MXF10x"": ""5/18"", ""MXF1x"": ""16/18""}",44,35
vijay,vijay_021_age60d,culture_age_60d,rifampicin,,,0.1983535935166691,-0.03758831224963706,0.37792282237899016,0.19700112838518255,0.06740885489143028,0.3527976085394247,0.008264733063194545,0.008208380349382606,1.006865265912803,0.0,log10 per day unless the column name says per hour,-0.02371326703960584,6.92445303860748,0.0491710682256323,0.2742777336329816,99,0.34136634165928464,0.0005444074900571664,0.2621115050966541,0.00877120692962598,64,46,0.71875,"{""INH10x"": ""10/13"", ""INH1x"": ""15/15"", ""MXF10x"": ""5/18"", ""MXF1x"": ""16/18""}",44,35
vijay,vijay_022_age15d,culture_age_15d,rifampicin,,,1.033495230628746,0.8905921154760352,1.4281616240035624,0.2232592477171042,0.12421842550180423,0.38507625410326096,0.04306230127619775,0.009302468654879341,4.629126189380994,0.0,log10 per day unless the column name says per hour,-0.02371326703960584,6.92445303860748,0.0491710682256323,0.2742777336329816,99,0.34136634165928464,0.0005444074900571664,0.2621115050966541,0.00877120692962598,64,46,0.71875,"{""INH10x"": ""10/13"", ""INH1x"": ""15/15"", ""MXF10x"": ""5/18"", ""MXF1x"": ""16/18""}",44,35
vijay,vijay_022_age30d,culture_age_30d,rifampicin,,,0.5953271480643593,0.37925166868891474,0.6732538931851073,0.21636875088158466,0.13220589691329246,0.4043394797975668,0.02480529783601497,0.009015364620066028,2.7514469887112893,0.0,log10 per day unless the column name says per hour,-0.02371326703960584,6.92445303860748,0.0491710682256323,0.2742777336329816,99,0.34136634165928464,0.0005444074900571664,0.2621115050966541,0.00877120692962598,64,46,0.71875,"{""INH10x"": ""10/13"", ""INH1x"": ""15/15"", ""MXF10x"": ""5/18"", ""MXF1x"": ""16/18""}",44,35
vijay,vijay_023_age15d,culture_age_15d,rifampicin,,,1.1777168092652555,1.0848479317570876,1.615346321781845,0.24089139752181066,0.14916340988072063,0.4384453262633314,0.04907153371938564,0.010037141563408777,4.888994880602257,0.0,log10 per day unless the column name says per hour,-0.02371326703960584,6.92445303860748,0.0491710682256323,0.2742777336329816,99,0.34136634165928464,0.0005444074900571664,0.2621115050966541,0.00877120692962598,64,46,0.71875,"{""INH10x"": ""10/13"", ""INH1x"": ""15/15"", ""MXF10x"": ""5/18"", ""MXF1x"": ""16/18""}",44,35
vijay,vijay_023_age30d,culture_age_30d,rifampicin,,,0.7806810577381825,0.7127174136340153,0.8942192578103669,0.2835805430743541,0.19433454793419444,0.4493930203038377,0.032528377405757605,0.01181585596143142,2.7529429532599843,0.0,log10 per day unless the column name says per hour,-0.02371326703960584,6.92445303860748,0.0491710682256323,0.2742777336329816,99,0.34136634165928464,0.0005444074900571664,0.2621115050966541,0.00877120692962598,64,46,0.71875,"{""INH10x"": ""10/13"", ""INH1x"": ""15/15"", ""MXF10x"": ""5/18"", ""MXF1x"": ""16/18""}",44,35
vijay,vijay_023_age60d,culture_age_60d,rifampicin,,,0.4677626428289963,0.3600459300799588,0.5368432666026506,0.24390103592773793,0.19676445304140006,0.388066087081478,0.019490110117874847,0.010162543163655747,1.9178378683376451,0.0,log10 per day unless the column name says per hour,-0.02371326703960584,6.92445303860748,0.0491710682256323,0.2742777336329816,99,0.34136634165928464,0.0005444074900571664,0.2621115050966541,0.00877120692962598,64,46,0.71875,"{""INH10x"": ""10/13"", ""INH1x"": ""15/15"", ""MXF10x"": ""5/18"", ""MXF1x"": ""16/18""}",44,35
vijay,vijay_024_age15d,culture_age_15d,rifampicin,,,1.343820426484925,1.173202129129265,1.5710440041116585,0.5092847603873285,0.3591168568681736,0.6526975067899835,0.055992517770205204,0.02122019834947202,2.638642525770658,0.0,log10 per day unless the column name says per hour,-0.02371326703960584,6.92445303860748,0.0491710682256323,0.2742777336329816,99,0.34136634165928464,0.0005444074900571664,0.2621115050966541,0.00877120692962598,64,46,0.71875,"{""INH10x"": ""10/13"", ""INH1x"": ""15/15"", ""MXF10x"": ""5/18"", ""MXF1x"": ""16/18""}",44,35
vijay,vijay_024_age30d,culture_age_30d,rifampicin,,,0.9965408719598403,0.8940372372367403,1.1208384765467256,0.5158504299391187,0.36854788913107006,0.6828235254664065,0.04152253633166001,0.021493767914129946,1.9318407315807673,0.0,log10 per day unless the column name says per hour,-0.02371326703960584,6.92445303860748,0.0491710682256323,0.2742777336329816,99,0.34136634165928464,0.0005444074900571664,0.2621115050966541,0.00877120692962598,64,46,0.71875,"{""INH10x"": ""10/13"", ""INH1x"": ""15/15"", ""MXF10x"": ""5/18"", ""MXF1x"": ""16/18""}",44,35
vijay,vijay_024_age60d,culture_age_60d,rifampicin,,,0.5233202614823763,0.2894569348708863,0.6601102464403567,0.49210200125236303,0.37612149860146954,0.6089167564376886,0.021805010895099012,0.020504250052181792,1.063438596369381,0.0,log10 per day unless the column name says per hour,-0.02371326703960584,6.92445303860748,0.0491710682256323,0.2742777336329816,99,0.34136634165928464,0.0005444074900571664,0.2621115050966541,0.00877120692962598,64,46,0.71875,"{""INH10x"": ""10/13"", ""INH1x"": ""15/15"", ""MXF10x"": ""5/18"", ""MXF1x"": ""16/18""}",44,35
vijay,vijay_025_age15d,culture_age_15d,rifampicin,,,0.9155497629402002,0.7866934620762827,1.1087638330680294,0.17779317283149512,0.10908884791053078,0.2771585152382103,0.038147906789175005,0.007408048867978963,5.1495214825145155,0.0,log10 per day unless the column name says per hour,-0.02371326703960584,6.92445303860748,0.0491710682256323,0.2742777336329816,99,0.34136634165928464,0.0005444074900571664,0.2621115050966541,0.00877120692962598,64,46,0.71875,"{""INH10x"": ""10/13"", ""INH1x"": ""15/15"", ""MXF10x"": ""5/18"", ""MXF1x"": ""16/18""}",44,35
vijay,vijay_025_age30d,culture_age_30d,rifampicin,,,0.5946302664956981,0.4998489958242363,0.6828805536088327,0.16243288554584107,0.07033793424733242,0.3049999245255827,0.02477626110398742,0.006768036897743378,3.6607751225836855,0.0,log10 per day unless the column name says per hour,-0.02371326703960584,6.92445303860748,0.0491710682256323,0.2742777336329816,99,0.34136634165928464,0.0005444074900571664,0.2621115050966541,0.00877120692962598,64,46,0.71875,"{""INH10x"": ""10/13"", ""INH1x"": ""15/15"", ""MXF10x"": ""5/18"", ""MXF1x"": ""16/18""}",44,35
vijay,vijay_025_age60d,culture_age_60d,rifampicin,,,0.2568891950416896,0.1899994865709309,0.3746817035094314,0.16988811786304944,0.07114412078429556,0.2931998122006167,0.0107037164600704,0.00707867157762706,1.5121080760266805,0.0,log10 per day unless the column name says per hour,-0.02371326703960584,6.92445303860748,0.0491710682256323,0.2742777336329816,99,0.34136634165928464,0.0005444074900571664,0.2621115050966541,0.00877120692962598,64,46,0.71875,"{""INH10x"": ""10/13"", ""INH1x"": ""15/15"", ""MXF10x"": ""5/18"", ""MXF1x"": ""16/18""}",44,35
vijay,vijay_026_age15d,culture_age_15d,rifampicin,,,1.0474245203754404,0.8061345598206994,1.3828152924888297,0.28113204912041423,0.0768190246464287,0.3647600235999,0.04364268834897669,0.01171383538001726,3.725738576062555,0.0,log10 per day unless the column name says per hour,-0.02371326703960584,6.92445303860748,0.0491710682256323,0.2742777336329816,99,0.34136634165928464,0.0005444074900571664,0.2621115050966541,0.00877120692962598,64,46,0.71875,"{""INH10x"": ""10/13"", ""INH1x"": ""15/15"", ""MXF10x"": ""5/18"", ""MXF1x"": ""16/18""}",44,35
vijay,vijay_026_age30d,culture_age_30d,rifampicin,,,0.8082439886792065,0.5425615404296875,0.8942547932053613,0.30619243558104053,0.07991280839153078,0.38095483778728406,0.03367683286163361,0.012758018149210022,2.6396602095850508,0.0,log10 per day unless the column name says per hour,-0.02371326703960584,6.92445303860748,0.0491710682256323,0.2742777336329816,99,0.34136634165928464,0.0005444074900571664,0.2621115050966541,0.00877120692962598,64,46,0.71875,"{""INH10x"": ""10/13"", ""INH1x"": ""15/15"", ""MXF10x"": ""5/18"", ""MXF1x"": ""16/18""}",44,35
vijay,vijay_026_age60d,culture_age_60d,rifampicin,,,0.22628465933164324,0.05230717814608637,0.43430476828737263,0.2832478586442741,0.07075092185443324,0.3291535691526657,0.009428527472151801,0.011801994110178087,0.7988927450845448,0.0,log10 per day unless the column name says per hour,-0.02371326703960584,6.92445303860748,0.0491710682256323,0.2742777336329816,99,0.34136634165928464,0.0005444074900571664,0.2621115050966541,0.00877120692962598,64,46,0.71875,"{""INH10x"": ""10/13"", ""INH1x"": ""15/15"", ""MXF10x"": ""5/18"", ""MXF1x"": ""16/18""}",44,35
vijay,vijay_027_age15d,culture_age_15d,rifampicin,,,1.0584215328819204,0.9325689661774974,1.3457711408054287,0.2799798818926838,0.12528461942325664,0.3640820480227706,0.04410089720341335,0.011665828412195158,3.7803485226399696,0.0,log10 per day unless the column name says per hour,-0.02371326703960584,6.92445303860748,0.0491710682256323,0.2742777336329816,99,0.34136634165928464,0.0005444074900571664,0.2621115050966541,0.00877120692962598,64,46,0.71875,"{""INH10x"": ""10/13"", ""INH1x"": ""15/15"", ""MXF10x"": ""5/18"", ""MXF1x"": ""16/18""}",44,35
vijay,vijay_027_age30d,culture_age_30d,rifampicin,,,0.7455623251082104,0.6598630110939644,0.8309441871239047,0.2590977551907148,0.16887112251690314,0.32317242035876753,0.03106509687950877,0.010795739799613117,2.8775329394861884,0.0,log10 per day unless the column name says per hour,-0.02371326703960584,6.92445303860748,0.0491710682256323,0.2742777336329816,99,0.34136634165928464,0.0005444074900571664,0.2621115050966541,0.00877120692962598,64,46,0.71875,"{""INH10x"": ""10/13"", ""INH1x"": ""15/15"", ""MXF10x"": ""5/18"", ""MXF1x"": ""16/18""}",44,35
vijay,vijay_027_age60d,culture_age_60d,rifampicin,,,0.24260078298426116,0.08144427916110689,0.3585434670374248,0.24227542311855205,0.1475730795896451,0.3098221274488618,0.010108365957677548,0.010094809296606335,1.0013429338457904,0.0,log10 per day unless the column name says per hour,-0.02371326703960584,6.92445303860748,0.0491710682256323,0.2742777336329816,99,0.34136634165928464,0.0005444074900571664,0.2621115050966541,0.00877120692962598,64,46,0.71875,"{""INH10x"": ""10/13"", ""INH1x"": ""15/15"", ""MXF10x"": ""5/18"", ""MXF1x"": ""16/18""}",44,35
vijay,vijay_028_age15d,culture_age_15d,rifampicin,,,1.0818803155607555,0.9158122797513338,1.3570954991329907,0.2541568609481833,0.18623922290533595,0.3521010264975162,0.045078346481698145,0.010589869206174303,4.256742515329247,0.0,log10 per day unless the column name says per hour,-0.02371326703960584,6.92445303860748,0.0491710682256323,0.2742777336329816,99,0.34136634165928464,0.0005444074900571664,0.2621115050966541,0.00877120692962598,64,46,0.71875,"{""INH10x"": ""10/13"", ""INH1x"": ""15/15"", ""MXF10x"": ""5/18"", ""MXF1x"": ""16/18""}",44,35
vijay,vijay_028_age30d,culture_age_30d,rifampicin,,,0.7569674293554944,0.6453240750898668,0.8857145435673354,0.28555585832355856,0.16834154719753333,0.37093385504675425,0.031540309556478935,0.011898160763481607,2.650855891381459,0.0,log10 per day unless the column name says per hour,-0.02371326703960584,6.92445303860748,0.0491710682256323,0.2742777336329816,99,0.34136634165928464,0.0005444074900571664,0.2621115050966541,0.00877120692962598,64,46,0.71875,"{""INH10x"": ""10/13"", ""INH1x"": ""15/15"", ""MXF10x"": ""5/18"", ""MXF1x"": ""16/18""}",44,35
vijay,vijay_028_age60d,culture_age_60d,rifampicin,,,0.19688057286920108,-0.038854665556991186,0.35867566581324223,0.2859481382197085,0.16274153228414934,0.36949885575322805,0.008203357202883378,0.011914505759154521,0.6885184638548957,0.0,log10 per day unless the column name says per hour,-0.02371326703960584,6.92445303860748,0.0491710682256323,0.2742777336329816,99,0.34136634165928464,0.0005444074900571664,0.2621115050966541,0.00877120692962598,64,46,0.71875,"{""INH10x"": ""10/13"", ""INH1x"": ""15/15"", ""MXF10x"": ""5/18"", ""MXF1x"": ""16/18""}",44,35
vijay,vijay_029_age15d,culture_age_15d,rifampicin,,,1.0843959287159433,0.9468748840888106,1.3249951141163194,0.2780175289814751,0.18536369452309187,0.4026363367607081,0.045183163696497636,0.011584063707561461,3.9004588404503044,0.0,log10 per day unless the column name says per hour,-0.02371326703960584,6.92445303860748,0.0491710682256323,0.2742777336329816,99,0.34136634165928464,0.0005444074900571664,0.2621115050966541,0.00877120692962598,64,46,0.71875,"{""INH10x"": ""10/13"", ""INH1x"": ""15/15"", ""MXF10x"": ""5/18"", ""MXF1x"": ""16/18""}",44,35
vijay,vijay_029_age30d,culture_age_30d,rifampicin,,,0.8083336848789832,0.6452877041429445,0.8475712933059463,0.2872691985513885,0.15688252482224427,0.3866211076715655,0.03368057020329097,0.011969549939641187,2.8138543531821893,0.0,log10 per day unless the column name says per hour,-0.02371326703960584,6.92445303860748,0.0491710682256323,0.2742777336329816,99,0.34136634165928464,0.0005444074900571664,0.2621115050966541,0.00877120692962598,64,46,0.71875,"{""INH10x"": ""10/13"", ""INH1x"": ""15/15"", ""MXF10x"": ""5/18"", ""MXF1x"": ""16/18""}",44,35
vijay,vijay_029_age60d,culture_age_60d,rifampicin,,,0.46507087389193,0.3317045713735007,0.5358766906568575,0.24760295206063035,0.1664958853502454,0.4148611218424259,0.019377953078830418,0.010316789669192932,1.8782929283413732,0.0,log10 per day unless the column name says per hour,-0.02371326703960584,6.92445303860748,0.0491710682256323,0.2742777336329816,99,0.34136634165928464,0.0005444074900571664,0.2621115050966541,0.00877120692962598,64,46,0.71875,"{""INH10x"": ""10/13"", ""INH1x"": ""15/15"", ""MXF10x"": ""5/18"", ""MXF1x"": ""16/18""}",44,35
vijay,vijay_030_age15d,culture_age_15d,rifampicin,,,0.9460524834836398,0.7973137262155587,1.2382653681160374,0.22880894817307793,0.12175567211977964,0.35944848079043484,0.03941885347848499,0.009533706173878246,4.134683066538191,0.0,log10 per day unless the column name says per hour,-0.02371326703960584,6.92445303860748,0.0491710682256323,0.2742777336329816,99,0.34136634165928464,0.0005444074900571664,0.2621115050966541,0.00877120692962598,64,46,0.71875,"{""INH10x"": ""10/13"", ""INH1x"": ""15/15"", ""MXF10x"": ""5/18"", ""MXF1x"": ""16/18""}",44,35
vijay,vijay_030_age30d,culture_age_30d,rifampicin,,,0.4666378076213507,0.24787556453881368,0.7035734491520327,0.23174604550144917,0.12355867555466446,0.39563727388212977,0.019443241984222946,0.009656085229227049,2.0135739818629728,0.0,log10 per day unless the column name says per hour,-0.02371326703960584,6.92445303860748,0.0491710682256323,0.2742777336329816,99,0.34136634165928464,0.0005444074900571664,0.2621115050966541,0.00877120692962598,64,46,0.71875,"{""INH10x"": ""10/13"", ""INH1x"": ""15/15"", ""MXF10x"": ""5/18"", ""MXF1x"": ""16/18""}",44,35
vijay,vijay_030_age60d,culture_age_60d,rifampicin,,,0.12732578961718496,-0.06142093087118439,0.3821416526945395,0.23267648935396776,0.08297740670522995,0.39086262657555404,0.005305241234049373,0.00969485372308199,0.5472224115582468,0.0,log10 per day unless the column name says per hour,-0.02371326703960584,6.92445303860748,0.0491710682256323,0.2742777336329816,99,0.34136634165928464,0.0005444074900571664,0.2621115050966541,0.00877120692962598,64,46,0.71875,"{""INH10x"": ""10/13"", ""INH1x"": ""15/15"", ""MXF10x"": ""5/18"", ""MXF1x"": ""16/18""}",44,35
vijay,vijay_031_age15d,culture_age_15d,rifampicin,,,1.1289830086634642,0.918963620084288,1.3233230924584634,0.2903814108421003,0.2027276587656366,0.4234875677359905,0.04704095869431101,0.012099225451754179,3.887931411964134,0.0,log10 per day unless the column name says per hour,-0.02371326703960584,6.92445303860748,0.0491710682256323,0.2742777336329816,99,0.34136634165928464,0.0005444074900571664,0.2621115050966541,0.00877120692962598,64,46,0.71875,"{""INH10x"": ""10/13"", ""INH1x"": ""15/15"", ""MXF10x"": ""5/18"", ""MXF1x"": ""16/18""}",44,35
vijay,vijay_031_age30d,culture_age_30d,rifampicin,,,0.5866907927364722,0.2871938120622677,0.7548392028713307,0.2853399751592081,0.1990733519100193,0.4821038754259994,0.024445449697353006,0.01188916563163367,2.0561114593534344,0.0,log10 per day unless the column name says per hour,-0.02371326703960584,6.92445303860748,0.0491710682256323,0.2742777336329816,99,0.34136634165928464,0.0005444074900571664,0.2621115050966541,0.00877120692962598,64,46,0.71875,"{""INH10x"": ""10/13"", ""INH1x"": ""15/15"", ""MXF10x"": ""5/18"", ""MXF1x"": ""16/18""}",44,35
vijay,vijay_031_age60d,culture_age_60d,rifampicin,,,0.26181196675793944,-0.06229350328979263,0.44375780006880516,0.2647862791000639,0.14543908889083734,0.4251074451566095,0.010908831948247476,0.01103276162916933,0.9887671205916208,0.0,log10 per day unless the column name says per hour,-0.02371326703960584,6.92445303860748,0.0491710682256323,0.2742777336329816,99,0.34136634165928464,0.0005444074900571664,0.2621115050966541,0.00877120692962598,64,46,0.71875,"{""INH10x"": ""10/13"", ""INH1x"": ""15/15"", ""MXF10x"": ""5/18"", ""MXF1x"": ""16/18""}",44,35
vijay,vijay_032_age15d,culture_age_15d,rifampicin,,,1.3317261861199094,1.007850991952844,1.7401355522540394,0.3266426287623676,0.1480720948739345,0.5876194952833634,0.05548859108832956,0.013610109531765316,4.077012823359133,0.0,log10 per day unless the column name says per hour,-0.02371326703960584,6.92445303860748,0.0491710682256323,0.2742777336329816,99,0.34136634165928464,0.0005444074900571664,0.2621115050966541,0.00877120692962598,64,46,0.71875,"{""INH10x"": ""10/13"", ""INH1x"": ""15/15"", ""MXF10x"": ""5/18"", ""MXF1x"": ""16/18""}",44,35
vijay,vijay_032_age30d,culture_age_30d,rifampicin,,,0.8591360911294798,0.6155730763785673,1.0860407741058262,0.3678108418612975,0.13868855659425708,0.6064871904802552,0.03579733713039499,0.015325451744220729,2.3358095883792966,0.0,log10 per day unless the column name says per hour,-0.02371326703960584,6.92445303860748,0.0491710682256323,0.2742777336329816,99,0.34136634165928464,0.0005444074900571664,0.2621115050966541,0.00877120692962598,64,46,0.71875,"{""INH10x"": ""10/13"", ""INH1x"": ""15/15"", ""MXF10x"": ""5/18"", ""MXF1x"": ""16/18""}",44,35
vijay,vijay_032_age60d,culture_age_60d,rifampicin,,,0.36959212937248775,0.07676724005463043,0.6491642316295936,0.344053560405063,0.14891413077504664,0.5267104632146363,0.01539967205718699,0.014335565016877626,1.0742284687807258,0.0,log10 per day unless the column name says per hour,-0.02371326703960584,6.92445303860748,0.0491710682256323,0.2742777336329816,99,0.34136634165928464,0.0005444074900571664,0.2621115050966541,0.00877120692962598,64,46,0.71875,"{""INH10x"": ""10/13"", ""INH1x"": ""15/15"", ""MXF10x"": ""5/18"", ""MXF1x"": ""16/18""}",44,35
vijay,vijay_033_age15d,culture_age_15d,rifampicin,,,1.3726455560913045,1.1494857234909208,1.9987610636584314,0.4534364684637116,0.2749982666162295,0.6399228849877169,0.05719356483713769,0.018893186185987985,3.0272059076808837,0.0,log10 per day unless the column name says per hour,-0.02371326703960584,6.92445303860748,0.0491710682256323,0.2742777336329816,99,0.34136634165928464,0.0005444074900571664,0.2621115050966541,0.00877120692962598,64,46,0.71875,"{""INH10x"": ""10/13"", ""INH1x"": ""15/15"", ""MXF10x"": ""5/18"", ""MXF1x"": ""16/18""}",44,35
vijay,vijay_033_age30d,culture_age_30d,rifampicin,,,0.7931466919816839,0.6310040186648502,0.9727886281655933,0.4452646023795034,0.3098928083391999,0.640488250011451,0.03304777883257016,0.018552691765812642,1.7812929384978984,0.0,log10 per day unless the column name says per hour,-0.02371326703960584,6.92445303860748,0.0491710682256323,0.2742777336329816,99,0.34136634165928464,0.0005444074900571664,0.2621115050966541,0.00877120692962598,64,46,0.71875,"{""INH10x"": ""10/13"", ""INH1x"": ""15/15"", ""MXF10x"": ""5/18"", ""MXF1x"": ""16/18""}",44,35
vijay,vijay_033_age60d,culture_age_60d,rifampicin,,,0.45547076461195907,0.3070935486062867,0.6608158791934925,0.4682119731132452,0.322208911715584,0.6277905998774608,0.018977948525498296,0.019508832213051882,0.9727875209671231,0.0,log10 per day unless the column name says per hour,-0.02371326703960584,6.92445303860748,0.0491710682256323,0.2742777336329816,99,0.34136634165928464,0.0005444074900571664,0.2621115050966541,0.00877120692962598,64,46,0.71875,"{""INH10x"": ""10/13"", ""INH1x"": ""15/15"", ""MXF10x"": ""5/18"", ""MXF1x"": ""16/18""}",44,35
vijay,vijay_034_age15d,culture_age_15d,rifampicin,,,1.2103981991482757,1.050571184302061,1.6191075971933893,0.3861939927680949,0.3194173586055766,0.5830185423833045,0.05043325829784482,0.01609141636533729,3.1341714832812175,0.0,log10 per day unless the column name says per hour,-0.02371326703960584,6.92445303860748,0.0491710682256323,0.2742777336329816,99,0.34136634165928464,0.0005444074900571664,0.2621115050966541,0.00877120692962598,64,46,0.71875,"{""INH10x"": ""10/13"", ""INH1x"": ""15/15"", ""MXF10x"": ""5/18"", ""MXF1x"": ""16/18""}",44,35
vijay,vijay_034_age30d,culture_age_30d,rifampicin,,,0.8971669536806224,0.7990754409474763,1.1200904117402466,0.4229769249761775,0.2775300903862912,0.5604724758365179,0.037381956403359264,0.017624038540674063,2.1210777721057754,0.0,log10 per day unless the column name says per hour,-0.02371326703960584,6.92445303860748,0.0491710682256323,0.2742777336329816,99,0.34136634165928464,0.0005444074900571664,0.2621115050966541,0.00877120692962598,64,46,0.71875,"{""INH10x"": ""10/13"", ""INH1x"": ""15/15"", ""MXF10x"": ""5/18"", ""MXF1x"": ""16/18""}",44,35
vijay,vijay_034_age60d,culture_age_60d,rifampicin,,,0.4607423358638431,0.33192849612031855,0.5581009123602186,0.41020244845459436,0.2799353942296579,0.5544979346598367,0.01919759732766013,0.0170917686856081,1.1232071812336903,0.0,log10 per day unless the column name says per hour,-0.02371326703960584,6.92445303860748,0.0491710682256323,0.2742777336329816,99,0.34136634165928464,0.0005444074900571664,0.2621115050966541,0.00877120692962598,64,46,0.71875,"{""INH10x"": ""10/13"", ""INH1x"": ""15/15"", ""MXF10x"": ""5/18"", ""MXF1x"": ""16/18""}",44,35
vijay,vijay_035_age15d,culture_age_15d,rifampicin,,,0.9899855958443984,0.8487371605778983,1.2606041018171141,0.16632674098758557,0.08883485712224784,0.3080929463358937,0.041249399826849935,0.006930280874482732,5.952053109236895,0.0,log10 per day unless the column name says per hour,-0.02371326703960584,6.92445303860748,0.0491710682256323,0.2742777336329816,99,0.34136634165928464,0.0005444074900571664,0.2621115050966541,0.00877120692962598,64,46,0.71875,"{""INH10x"": ""10/13"", ""INH1x"": ""15/15"", ""MXF10x"": ""5/18"", ""MXF1x"": ""16/18""}",44,35
vijay,vijay_035_age30d,culture_age_30d,rifampicin,,,0.5279048055370613,0.2726005975041416,0.6464335066769156,0.20265018671091045,0.08450561715628709,0.30280790486639997,0.021996033564044223,0.008443757779621268,2.605005275865554,0.0,log10 per day unless the column name says per hour,-0.02371326703960584,6.92445303860748,0.0491710682256323,0.2742777336329816,99,0.34136634165928464,0.0005444074900571664,0.2621115050966541,0.00877120692962598,64,46,0.71875,"{""INH10x"": ""10/13"", ""INH1x"": ""15/15"", ""MXF10x"": ""5/18"", ""MXF1x"": ""16/18""}",44,35
vijay,vijay_036_age15d,culture_age_15d,rifampicin,,,1.070270686512103,0.9078811438637494,1.4319537553362198,0.31975084356582023,0.15998780916937497,0.4110999356474804,0.04459461193800429,0.01332295181524251,3.347202073266116,0.0,log10 per day unless the column name says per hour,-0.02371326703960584,6.92445303860748,0.0491710682256323,0.2742777336329816,99,0.34136634165928464,0.0005444074900571664,0.2621115050966541,0.00877120692962598,64,46,0.71875,"{""INH10x"": ""10/13"", ""INH1x"": ""15/15"", ""MXF10x"": ""5/18"", ""MXF1x"": ""16/18""}",44,35
vijay,vijay_036_age30d,culture_age_30d,rifampicin,,,0.5625776274826397,0.3804666236806204,0.6629494796921241,0.3229415466038038,0.16977767374882768,0.44828275947273105,0.02344073447844332,0.013455897775158493,1.7420416586188894,0.0,log10 per day unless the column name says per hour,-0.02371326703960584,6.92445303860748,0.0491710682256323,0.2742777336329816,99,0.34136634165928464,0.0005444074900571664,0.2621115050966541,0.00877120692962598,64,46,0.71875,"{""INH10x"": ""10/13"", ""INH1x"": ""15/15"", ""MXF10x"": ""5/18"", ""MXF1x"": ""16/18""}",44,35
vijay,vijay_036_age60d,culture_age_60d,rifampicin,,,0.1877844520098944,0.0712476970298673,0.33569467789116,0.2970010558611088,0.1453777832179198,0.4287263005063151,0.007824352167078934,0.012375043994212867,0.6322686344176196,0.0,log10 per day unless the column name says per hour,-0.02371326703960584,6.92445303860748,0.0491710682256323,0.2742777336329816,99,0.34136634165928464,0.0005444074900571664,0.2621115050966541,0.00877120692962598,64,46,0.71875,"{""INH10x"": ""10/13"", ""INH1x"": ""15/15"", ""MXF10x"": ""5/18"", ""MXF1x"": ""16/18""}",44,35
vijay,vijay_037_age15d,culture_age_15d,rifampicin,,,1.3731308378878073,1.1181578624702933,1.8232502184116923,0.4028389350097528,0.2491389898934097,0.5604970595027096,0.05721378491199197,0.016784955625406366,3.4086348626022547,0.0,log10 per day unless the column name says per hour,-0.02371326703960584,6.92445303860748,0.0491710682256323,0.2742777336329816,99,0.34136634165928464,0.0005444074900571664,0.2621115050966541,0.00877120692962598,64,46,0.71875,"{""INH10x"": ""10/13"", ""INH1x"": ""15/15"", ""MXF10x"": ""5/18"", ""MXF1x"": ""16/18""}",44,35
vijay,vijay_037_age30d,culture_age_30d,rifampicin,,,1.1087217950469106,0.8566020956328539,1.3522893491634398,0.4657894314396845,0.2376864505273243,0.5660028338098309,0.04619674146028794,0.01940789297665352,2.38030689451244,0.0,log10 per day unless the column name says per hour,-0.02371326703960584,6.92445303860748,0.0491710682256323,0.2742777336329816,99,0.34136634165928464,0.0005444074900571664,0.2621115050966541,0.00877120692962598,64,46,0.71875,"{""INH10x"": ""10/13"", ""INH1x"": ""15/15"", ""MXF10x"": ""5/18"", ""MXF1x"": ""16/18""}",44,35
vijay,vijay_037_age60d,culture_age_60d,rifampicin,,,0.5876882600598582,0.41352502221183657,0.7462545741844929,0.4491492531617884,0.27028260246783553,0.5837127054731939,0.024487010835827425,0.018714552215074516,1.3084475949204497,0.0,log10 per day unless the column name says per hour,-0.02371326703960584,6.92445303860748,0.0491710682256323,0.2742777336329816,99,0.34136634165928464,0.0005444074900571664,0.2621115050966541,0.00877120692962598,64,46,0.71875,"{""INH10x"": ""10/13"", ""INH1x"": ""15/15"", ""MXF10x"": ""5/18"", ""MXF1x"": ""16/18""}",44,35
vijay,vijay_038_age15d,culture_age_15d,rifampicin,,,1.3306625115857846,1.132340540627636,1.5731975803144864,0.5019207545767252,0.38770338895880474,0.6532678835865579,0.05544427131607436,0.02091336477403022,2.651140642127751,0.0,log10 per day unless the column name says per hour,-0.02371326703960584,6.92445303860748,0.0491710682256323,0.2742777336329816,99,0.34136634165928464,0.0005444074900571664,0.2621115050966541,0.00877120692962598,64,46,0.71875,"{""INH10x"": ""10/13"", ""INH1x"": ""15/15"", ""MXF10x"": ""5/18"", ""MXF1x"": ""16/18""}",44,35
vijay,vijay_038_age30d,culture_age_30d,rifampicin,,,0.9512196329680594,0.7866840940405259,1.0473706511903331,0.51651958371574,0.3842224857782733,0.6383460940551441,0.039634151373669144,0.02152164932148917,1.841594516368911,0.0,log10 per day unless the column name says per hour,-0.02371326703960584,6.92445303860748,0.0491710682256323,0.2742777336329816,99,0.34136634165928464,0.0005444074900571664,0.2621115050966541,0.00877120692962598,64,46,0.71875,"{""INH10x"": ""10/13"", ""INH1x"": ""15/15"", ""MXF10x"": ""5/18"", ""MXF1x"": ""16/18""}",44,35
vijay,vijay_038_age60d,culture_age_60d,rifampicin,,,0.6035281111915937,0.46363759376930247,0.731819177730499,0.4889060811326785,0.33487371940552785,0.582278807210676,0.02514700463298307,0.020371086713861605,1.2344459078794097,0.0,log10 per day unless the column name says per hour,-0.02371326703960584,6.92445303860748,0.0491710682256323,0.2742777336329816,99,0.34136634165928464,0.0005444074900571664,0.2621115050966541,0.00877120692962598,64,46,0.71875,"{""INH10x"": ""10/13"", ""INH1x"": ""15/15"", ""MXF10x"": ""5/18"", ""MXF1x"": ""16/18""}",44,35
vijay,vijay_039_age15d,culture_age_15d,rifampicin,,,1.1870874406652985,1.0402166344879222,1.5318515497178211,0.4239692068300868,0.32711170301943004,0.5808202778784491,0.049461976694387434,0.017665383617920284,2.7999378764813097,0.0,log10 per day unless the column name says per hour,-0.02371326703960584,6.92445303860748,0.0491710682256323,0.2742777336329816,99,0.34136634165928464,0.0005444074900571664,0.2621115050966541,0.00877120692962598,64,46,0.71875,"{""INH10x"": ""10/13"", ""INH1x"": ""15/15"", ""MXF10x"": ""5/18"", ""MXF1x"": ""16/18""}",44,35
vijay,vijay_039_age30d,culture_age_30d,rifampicin,,,0.911790938260513,0.758879357752011,1.1057398630937985,0.38644569785760957,0.3109267707221527,0.5539279708005805,0.037991289094188044,0.0161019040774004,2.3594283577623707,0.0,log10 per day unless the column name says per hour,-0.02371326703960584,6.92445303860748,0.0491710682256323,0.2742777336329816,99,0.34136634165928464,0.0005444074900571664,0.2621115050966541,0.00877120692962598,64,46,0.71875,"{""INH10x"": ""10/13"", ""INH1x"": ""15/15"", ""MXF10x"": ""5/18"", ""MXF1x"": ""16/18""}",44,35
vijay,vijay_039_age60d,culture_age_60d,rifampicin,,,0.40829262565261565,0.19682056702073053,0.6074842613559152,0.4279304618498843,0.3091105769848124,0.6210868415288596,0.017012192735525653,0.017830435910411845,0.954109749251369,0.0,log10 per day unless the column name says per hour,-0.02371326703960584,6.92445303860748,0.0491710682256323,0.2742777336329816,99,0.34136634165928464,0.0005444074900571664,0.2621115050966541,0.00877120692962598,64,46,0.71875,"{""INH10x"": ""10/13"", ""INH1x"": ""15/15"", ""MXF10x"": ""5/18"", ""MXF1x"": ""16/18""}",44,35
vijay,vijay_040_age15d,culture_age_15d,rifampicin,,,0.6617019454392419,0.555191151564277,0.7589946809156662,0.09443179066741501,0.003609711955395188,0.18059641020927478,0.027570914393301744,0.003934657944475626,7.007194725023585,0.06666666666666667,log10 per day unless the column name says per hour,-0.02371326703960584,6.92445303860748,0.0491710682256323,0.2742777336329816,99,0.34136634165928464,0.0005444074900571664,0.2621115050966541,0.00877120692962598,64,46,0.71875,"{""INH10x"": ""10/13"", ""INH1x"": ""15/15"", ""MXF10x"": ""5/18"", ""MXF1x"": ""16/18""}",44,35
vijay,vijay_040_age30d,culture_age_30d,rifampicin,,,0.35778457539126474,0.1261108047828729,0.48493004126122136,0.10530892951363782,-0.0018475330436157206,0.21401990525307052,0.014907690641302698,0.004387872063068243,3.397476140377351,0.06666666666666667,log10 per day unless the column name says per hour,-0.02371326703960584,6.92445303860748,0.0491710682256323,0.2742777336329816,99,0.34136634165928464,0.0005444074900571664,0.2621115050966541,0.00877120692962598,64,46,0.71875,"{""INH10x"": ""10/13"", ""INH1x"": ""15/15"", ""MXF10x"": ""5/18"", ""MXF1x"": ""16/18""}",44,35
vijay,vijay_040_age60d,culture_age_60d,rifampicin,,,0.04141247331140626,-0.1985242009129836,0.16360115135350356,0.06408830334309151,-0.0059072766337447125,0.16467496163607698,0.0017255197213085942,0.002670345972628813,0.6461783375619722,0.06666666666666667,log10 per day unless the column name says per hour,-0.02371326703960584,6.92445303860748,0.0491710682256323,0.2742777336329816,99,0.34136634165928464,0.0005444074900571664,0.2621115050966541,0.00877120692962598,64,46,0.71875,"{""INH10x"": ""10/13"", ""INH1x"": ""15/15"", ""MXF10x"": ""5/18"", ""MXF1x"": ""16/18""}",44,35
vijay,vijay_041_age15d,culture_age_15d,rifampicin,,,0.7444724664346384,0.6238285944706579,0.8980844684443046,0.08889115211792997,-0.02674514017188606,0.27574788484984863,0.031019686101443265,0.003703798004913749,8.375102006181255,0.2,log10 per day unless the column name says per hour,-0.02371326703960584,6.92445303860748,0.0491710682256323,0.2742777336329816,99,0.34136634165928464,0.0005444074900571664,0.2621115050966541,0.00877120692962598,64,46,0.71875,"{""INH10x"": ""10/13"", ""INH1x"": ""15/15"", ""MXF10x"": ""5/18"", ""MXF1x"": ""16/18""}",44,35
vijay,vijay_041_age30d,culture_age_30d,rifampicin,,,0.3274106600053085,0.10189821994357427,0.49496883926311525,0.0809359992362657,-0.024628532493947825,0.2329428852243059,0.013642110833554521,0.003372333301511071,4.0453032407685745,0.2,log10 per day unless the column name says per hour,-0.02371326703960584,6.92445303860748,0.0491710682256323,0.2742777336329816,99,0.34136634165928464,0.0005444074900571664,0.2621115050966541,0.00877120692962598,64,46,0.71875,"{""INH10x"": ""10/13"", ""INH1x"": ""15/15"", ""MXF10x"": ""5/18"", ""MXF1x"": ""16/18""}",44,35
vijay,vijay_041_age60d,culture_age_60d,rifampicin,,,-0.062667521287734,-0.42275729144710045,0.11488292558013674,0.07398871624133294,-0.01321253714826705,0.201317450673554,-0.0026111467203222497,0.003082863176722206,-0.8469875471731122,0.26666666666666666,log10 per day unless the column name says per hour,-0.02371326703960584,6.92445303860748,0.0491710682256323,0.2742777336329816,99,0.34136634165928464,0.0005444074900571664,0.2621115050966541,0.00877120692962598,64,46,0.71875,"{""INH10x"": ""10/13"", ""INH1x"": ""15/15"", ""MXF10x"": ""5/18"", ""MXF1x"": ""16/18""}",44,35
vijay,vijay_042_age15d,culture_age_15d,rifampicin,,,0.8216347549698026,0.7265854832858577,0.9041120863040147,0.25018011988963856,0.17082350109578273,0.29015022131124196,0.03423478145707511,0.010424171662068273,3.284172840480885,0.0,log10 per day unless the column name says per hour,-0.02371326703960584,6.92445303860748,0.0491710682256323,0.2742777336329816,99,0.34136634165928464,0.0005444074900571664,0.2621115050966541,0.00877120692962598,64,46,0.71875,"{""INH10x"": ""10/13"", ""INH1x"": ""15/15"", ""MXF10x"": ""5/18"", ""MXF1x"": ""16/18""}",44,35
vijay,vijay_042_age30d,culture_age_30d,rifampicin,,,0.5786137299222763,0.3882446363393445,0.6542999000686464,0.2570992426737591,0.1856955104936268,0.36970869296425657,0.02410890541342818,0.010712468444739963,2.2505462245040393,0.0,log10 per day unless the column name says per hour,-0.02371326703960584,6.92445303860748,0.0491710682256323,0.2742777336329816,99,0.34136634165928464,0.0005444074900571664,0.2621115050966541,0.00877120692962598,64,46,0.71875,"{""INH10x"": ""10/13"", ""INH1x"": ""15/15"", ""MXF10x"": ""5/18"", ""MXF1x"": ""16/18""}",44,35
vijay,vijay_042_age60d,culture_age_60d,rifampicin,,,0.24016236659555323,0.07684094271034911,0.3233225007271374,0.2125216037385017,0.16720483031484495,0.29404916158218997,0.010006765274814719,0.008855066822437571,1.1300609555490755,0.0,log10 per day unless the column name says per hour,-0.02371326703960584,6.92445303860748,0.0491710682256323,0.2742777336329816,99,0.34136634165928464,0.0005444074900571664,0.2621115050966541,0.00877120692962598,64,46,0.71875,"{""INH10x"": ""10/13"", ""INH1x"": ""15/15"", ""MXF10x"": ""5/18"", ""MXF1x"": ""16/18""}",44,35
vijay,vijay_043_age15d,culture_age_15d,rifampicin,,,1.6129097015664582,1.4847206584132673,2.055010429062271,0.7096305949032493,0.5861267724763706,0.8586274039853696,0.06720457089860242,0.029567941454302055,2.272886362497324,0.0,log10 per day unless the column name says per hour,-0.02371326703960584,6.92445303860748,0.0491710682256323,0.2742777336329816,99,0.34136634165928464,0.0005444074900571664,0.2621115050966541,0.00877120692962598,64,46,0.71875,"{""INH10x"": ""10/13"", ""INH1x"": ""15/15"", ""MXF10x"": ""5/18"", ""MXF1x"": ""16/18""}",44,35
vijay,vijay_043_age30d,culture_age_30d,rifampicin,,,1.3259880439902463,1.2022220839572595,1.5852386447517877,0.7036203106005413,0.5778991057598939,0.8531600762671311,0.05524950183292693,0.02931751294168922,1.8845221265123984,0.0,log10 per day unless the column name says per hour,-0.02371326703960584,6.92445303860748,0.0491710682256323,0.2742777336329816,99,0.34136634165928464,0.0005444074900571664,0.2621115050966541,0.00877120692962598,64,46,0.71875,"{""INH10x"": ""10/13"", ""INH1x"": ""15/15"", ""MXF10x"": ""5/18"", ""MXF1x"": ""16/18""}",44,35
vijay,vijay_043_age60d,culture_age_60d,rifampicin,,,0.9740882375402476,0.792696779289335,1.14969886971654,0.6811236664246637,0.6061094363290463,0.8204253234618977,0.040587009897510316,0.02838015276769432,1.4301195004035108,0.0,log10 per day unless the column name says per hour,-0.02371326703960584,6.92445303860748,0.0491710682256323,0.2742777336329816,99,0.34136634165928464,0.0005444074900571664,0.2621115050966541,0.00877120692962598,64,46,0.71875,"{""INH10x"": ""10/13"", ""INH1x"": ""15/15"", ""MXF10x"": ""5/18"", ""MXF1x"": ""16/18""}",44,35
vijay,vijay_044_age15d,culture_age_15d,rifampicin,,,0.8757753527311553,0.7987177283221867,1.2180673190485367,0.10987210129225827,-0.02794971774502421,0.2336472925438377,0.03649063969713147,0.004578004220510762,7.970861960686498,0.2,log10 per day unless the column name says per hour,-0.02371326703960584,6.92445303860748,0.0491710682256323,0.2742777336329816,99,0.34136634165928464,0.0005444074900571664,0.2621115050966541,0.00877120692962598,64,46,0.71875,"{""INH10x"": ""10/13"", ""INH1x"": ""15/15"", ""MXF10x"": ""5/18"", ""MXF1x"": ""16/18""}",44,35
vijay,vijay_044_age30d,culture_age_30d,rifampicin,,,0.4822671921710751,0.2554788803964848,0.5373799491781737,0.14265499113041963,0.004780758096560429,0.23352747256570466,0.020094466340461463,0.005943957963767485,3.3806541807581865,0.06666666666666667,log10 per day unless the column name says per hour,-0.02371326703960584,6.92445303860748,0.0491710682256323,0.2742777336329816,99,0.34136634165928464,0.0005444074900571664,0.2621115050966541,0.00877120692962598,64,46,0.71875,"{""INH10x"": ""10/13"", ""INH1x"": ""15/15"", ""MXF10x"": ""5/18"", ""MXF1x"": ""16/18""}",44,35
vijay,vijay_044_age60d,culture_age_60d,rifampicin,,,0.14764034670848883,-0.0833196953775909,0.20100788932859684,0.08820255552165121,-0.012280529783370991,0.2340847220154577,0.006151681112853701,0.0036751064800688003,1.6738783341968742,0.06666666666666667,log10 per day unless the column name says per hour,-0.02371326703960584,6.92445303860748,0.0491710682256323,0.2742777336329816,99,0.34136634165928464,0.0005444074900571664,0.2621115050966541,0.00877120692962598,64,46,0.71875,"{""INH10x"": ""10/13"", ""INH1x"": ""15/15"", ""MXF10x"": ""5/18"", ""MXF1x"": ""16/18""}",44,35
vijay,vijay_045_age15d,culture_age_15d,rifampicin,,,1.4807023410447155,1.3606855293893547,1.9650052658900534,0.713679473134622,0.629300732446913,0.9113239690289252,0.06169593087686315,0.02973664471394258,2.0747441908917135,0.0,log10 per day unless the column name says per hour,-0.02371326703960584,6.92445303860748,0.0491710682256323,0.2742777336329816,99,0.34136634165928464,0.0005444074900571664,0.2621115050966541,0.00877120692962598,64,46,0.71875,"{""INH10x"": ""10/13"", ""INH1x"": ""15/15"", ""MXF10x"": ""5/18"", ""MXF1x"": ""16/18""}",44,35
vijay,vijay_045_age30d,culture_age_30d,rifampicin,,,1.0336535782809781,0.9390028920503224,1.201329212399034,0.7477600571282008,0.6369292399519342,0.9340455193695945,0.043068899095040754,0.031156669047008367,1.3823332343409216,0.0,log10 per day unless the column name says per hour,-0.02371326703960584,6.92445303860748,0.0491710682256323,0.2742777336329816,99,0.34136634165928464,0.0005444074900571664,0.2621115050966541,0.00877120692962598,64,46,0.71875,"{""INH10x"": ""10/13"", ""INH1x"": ""15/15"", ""MXF10x"": ""5/18"", ""MXF1x"": ""16/18""}",44,35
vijay,vijay_045_age60d,culture_age_60d,rifampicin,,,0.6637259127477936,0.4738324219230453,0.8070504742287501,0.7150279231529468,0.6190976133812973,0.9118240877183981,0.0276552463644914,0.029792830131372783,0.9282517385070295,0.0,log10 per day unless the column name says per hour,-0.02371326703960584,6.92445303860748,0.0491710682256323,0.2742777336329816,99,0.34136634165928464,0.0005444074900571664,0.2621115050966541,0.00877120692962598,64,46,0.71875,"{""INH10x"": ""10/13"", ""INH1x"": ""15/15"", ""MXF10x"": ""5/18"", ""MXF1x"": ""16/18""}",44,35
vijay,vijay_046_age15d,culture_age_15d,rifampicin,,,0.8037145659659671,0.5574488248744418,1.3156625934766284,-0.11175522003745214,-0.4074412876899119,-0.004323388730118523,0.03348810691524863,-0.004656467501560506,-7.191740714184277,0.9333333333333333,log10 per day unless the column name says per hour,-0.02371326703960584,6.92445303860748,0.0491710682256323,0.2742777336329816,99,0.34136634165928464,0.0005444074900571664,0.2621115050966541,0.00877120692962598,64,46,0.71875,"{""INH10x"": ""10/13"", ""INH1x"": ""15/15"", ""MXF10x"": ""5/18"", ""MXF1x"": ""16/18""}",44,35
vijay,vijay_046_age30d,culture_age_30d,rifampicin,,,0.3757997947803258,0.197423147374445,0.5253465181768138,-0.09554259552830445,-0.3258442802692761,0.03178759469529709,0.015658324782513576,-0.003980941480346019,-3.933322019381348,0.8666666666666667,log10 per day unless the column name says per hour,-0.02371326703960584,6.92445303860748,0.0491710682256323,0.2742777336329816,99,0.34136634165928464,0.0005444074900571664,0.2621115050966541,0.00877120692962598,64,46,0.71875,"{""INH10x"": ""10/13"", ""INH1x"": ""15/15"", ""MXF10x"": ""5/18"", ""MXF1x"": ""16/18""}",44,35
vijay,vijay_046_age60d,culture_age_60d,rifampicin,,,-0.12118923382697988,-0.33012481620531464,0.03643397801965887,-0.12684419114375953,-0.33601643162414346,0.036401837412597574,-0.005049551409457495,-0.00528517463098998,0.9554180820911967,0.8666666666666667,log10 per day unless the column name says per hour,-0.02371326703960584,6.92445303860748,0.0491710682256323,0.2742777336329816,99,0.34136634165928464,0.0005444074900571664,0.2621115050966541,0.00877120692962598,64,46,0.71875,"{""INH10x"": ""10/13"", ""INH1x"": ""15/15"", ""MXF10x"": ""5/18"", ""MXF1x"": ""16/18""}",44,35
vijay,vijay_047_age15d,culture_age_15d,rifampicin,,,1.156151188245415,1.0675948088679803,1.3965342168398633,0.4434186855948564,0.3267542452361518,0.5595246814687751,0.04817296617689229,0.018475778566452352,2.607357844413822,0.0,log10 per day unless the column name says per hour,-0.02371326703960584,6.92445303860748,0.0491710682256323,0.2742777336329816,99,0.34136634165928464,0.0005444074900571664,0.2621115050966541,0.00877120692962598,64,46,0.71875,"{""INH10x"": ""10/13"", ""INH1x"": ""15/15"", ""MXF10x"": ""5/18"", ""MXF1x"": ""16/18""}",44,35
vijay,vijay_047_age30d,culture_age_30d,rifampicin,,,0.6377665395460997,0.3268525892348232,0.8090613508456747,0.4944254070183616,0.3663172695711838,0.5854580913920346,0.026573605814420823,0.020601058625765067,1.2899145765832678,0.0,log10 per day unless the column name says per hour,-0.02371326703960584,6.92445303860748,0.0491710682256323,0.2742777336329816,99,0.34136634165928464,0.0005444074900571664,0.2621115050966541,0.00877120692962598,64,46,0.71875,"{""INH10x"": ""10/13"", ""INH1x"": ""15/15"", ""MXF10x"": ""5/18"", ""MXF1x"": ""16/18""}",44,35
vijay,vijay_047_age60d,culture_age_60d,rifampicin,,,0.2641027239228918,-0.005533036092363365,0.49067550453912956,0.4431489271901093,0.3678882186622932,0.5436350931445666,0.011004280163453825,0.01846453863292122,0.5959683251350684,0.0,log10 per day unless the column name says per hour,-0.02371326703960584,6.92445303860748,0.0491710682256323,0.2742777336329816,99,0.34136634165928464,0.0005444074900571664,0.2621115050966541,0.00877120692962598,64,46,0.71875,"{""INH10x"": ""10/13"", ""INH1x"": ""15/15"", ""MXF10x"": ""5/18"", ""MXF1x"": ""16/18""}",44,35
vijay,vijay_048_age15d,culture_age_15d,rifampicin,,,1.1319796325126004,0.9502923246069185,1.3489919718366363,0.26889428156976997,0.17945690283791,0.4341380006109617,0.04716581802135835,0.011203928398740416,4.209757180049535,0.0,log10 per day unless the column name says per hour,-0.02371326703960584,6.92445303860748,0.0491710682256323,0.2742777336329816,99,0.34136634165928464,0.0005444074900571664,0.2621115050966541,0.00877120692962598,64,46,0.71875,"{""INH10x"": ""10/13"", ""INH1x"": ""15/15"", ""MXF10x"": ""5/18"", ""MXF1x"": ""16/18""}",44,35
vijay,vijay_048_age30d,culture_age_30d,rifampicin,,,0.9537586446153579,0.7744865154864456,1.1713385360959259,0.25858702711470716,0.15957812399168064,0.3926764996309344,0.03973994352563991,0.010774459463112798,3.6883468411285696,0.0,log10 per day unless the column name says per hour,-0.02371326703960584,6.92445303860748,0.0491710682256323,0.2742777336329816,99,0.34136634165928464,0.0005444074900571664,0.2621115050966541,0.00877120692962598,64,46,0.71875,"{""INH10x"": ""10/13"", ""INH1x"": ""15/15"", ""MXF10x"": ""5/18"", ""MXF1x"": ""16/18""}",44,35
vijay,vijay_048_age60d,culture_age_60d,rifampicin,,,0.6036042673283674,0.42229448557729093,0.7345724097468572,0.30983513512445504,0.16213362954454666,0.45072699833950614,0.02515017780534864,0.012909797296852293,1.948146607343001,0.0,log10 per day unless the column name says per hour,-0.02371326703960584,6.92445303860748,0.0491710682256323,0.2742777336329816,99,0.34136634165928464,0.0005444074900571664,0.2621115050966541,0.00877120692962598,64,46,0.71875,"{""INH10x"": ""10/13"", ""INH1x"": ""15/15"", ""MXF10x"": ""5/18"", ""MXF1x"": ""16/18""}",44,35
vijay,vijay_049_age15d,culture_age_15d,rifampicin,,,1.7162088430979208,1.5096259867557122,2.1800194672840356,0.737081564091443,0.6583295307256871,0.8896902772771679,0.0715087017957467,0.030711731837143458,2.328383894953865,0.0,log10 per day unless the column name says per hour,-0.02371326703960584,6.92445303860748,0.0491710682256323,0.2742777336329816,99,0.34136634165928464,0.0005444074900571664,0.2621115050966541,0.00877120692962598,64,46,0.71875,"{""INH10x"": ""10/13"", ""INH1x"": ""15/15"", ""MXF10x"": ""5/18"", ""MXF1x"": ""16/18""}",44,35
vijay,vijay_049_age30d,culture_age_30d,rifampicin,,,1.4452872405716641,1.253923436569044,1.7025584613126752,0.7455471417847288,0.6359099434960752,0.8966168231766958,0.060220301690486006,0.031064464241030366,1.9385591595346496,0.0,log10 per day unless the column name says per hour,-0.02371326703960584,6.92445303860748,0.0491710682256323,0.2742777336329816,99,0.34136634165928464,0.0005444074900571664,0.2621115050966541,0.00877120692962598,64,46,0.71875,"{""INH10x"": ""10/13"", ""INH1x"": ""15/15"", ""MXF10x"": ""5/18"", ""MXF1x"": ""16/18""}",44,35
vijay,vijay_049_age60d,culture_age_60d,rifampicin,,,1.1055109927566868,0.9391750856613194,1.3860445112781914,0.7266446996134799,0.6357833845178839,0.9108064813665854,0.04606295803152862,0.030276862483894995,1.5213913943702269,0.0,log10 per day unless the column name says per hour,-0.02371326703960584,6.92445303860748,0.0491710682256323,0.2742777336329816,99,0.34136634165928464,0.0005444074900571664,0.2621115050966541,0.00877120692962598,64,46,0.71875,"{""INH10x"": ""10/13"", ""INH1x"": ""15/15"", ""MXF10x"": ""5/18"", ""MXF1x"": ""16/18""}",44,35
vijay,vijay_050_age15d,culture_age_15d,rifampicin,,,1.6764804533089799,1.3428659144021153,2.0793970929352694,0.6752082860558128,0.44501795502344915,0.8060578066845866,0.06985335222120749,0.028133678585658867,2.4829085897361183,0.0,log10 per day unless the column name says per hour,-0.02371326703960584,6.92445303860748,0.0491710682256323,0.2742777336329816,99,0.34136634165928464,0.0005444074900571664,0.2621115050966541,0.00877120692962598,64,46,0.71875,"{""INH10x"": ""10/13"", ""INH1x"": ""15/15"", ""MXF10x"": ""5/18"", ""MXF1x"": ""16/18""}",44,35
vijay,vijay_050_age30d,culture_age_30d,rifampicin,,,1.3882346299400974,1.072836292528117,1.5826512483429593,0.6723827904552079,0.4689005828992949,0.8135043390524903,0.05784310958083739,0.02801594960230033,2.064649258795355,0.0,log10 per day unless the column name says per hour,-0.02371326703960584,6.92445303860748,0.0491710682256323,0.2742777336329816,99,0.34136634165928464,0.0005444074900571664,0.2621115050966541,0.00877120692962598,64,46,0.71875,"{""INH10x"": ""10/13"", ""INH1x"": ""15/15"", ""MXF10x"": ""5/18"", ""MXF1x"": ""16/18""}",44,35
vijay,vijay_050_age60d,culture_age_60d,rifampicin,,,1.0242666816499022,0.7452206136888568,1.2463897326970994,0.6627142272153626,0.43300893800814166,0.8267153625463267,0.04267777840207926,0.027613092800640105,1.5455631395658054,0.0,log10 per day unless the column name says per hour,-0.02371326703960584,6.92445303860748,0.0491710682256323,0.2742777336329816,99,0.34136634165928464,0.0005444074900571664,0.2621115050966541,0.00877120692962598,64,46,0.71875,"{""INH10x"": ""10/13"", ""INH1x"": ""15/15"", ""MXF10x"": ""5/18"", ""MXF1x"": ""16/18""}",44,35
vijay,vijay_051_age15d,culture_age_15d,rifampicin,,,1.0660008179713205,0.8896758490620671,1.2827670039835126,0.33578799494111206,0.1954117181499629,0.47585972315173947,0.04441670074880502,0.013991166455879668,3.174624566784371,0.0,log10 per day unless the column name says per hour,-0.02371326703960584,6.92445303860748,0.0491710682256323,0.2742777336329816,99,0.34136634165928464,0.0005444074900571664,0.2621115050966541,0.00877120692962598,64,46,0.71875,"{""INH10x"": ""10/13"", ""INH1x"": ""15/15"", ""MXF10x"": ""5/18"", ""MXF1x"": ""16/18""}",44,35
vijay,vijay_051_age30d,culture_age_30d,rifampicin,,,0.5247985928420701,0.3712945994068101,0.7540290349101585,0.3199187611060663,0.20251044760466008,0.42792439763978274,0.021866608035086253,0.01332994837941943,1.6404120565723173,0.0,log10 per day unless the column name says per hour,-0.02371326703960584,6.92445303860748,0.0491710682256323,0.2742777336329816,99,0.34136634165928464,0.0005444074900571664,0.2621115050966541,0.00877120692962598,64,46,0.71875,"{""INH10x"": ""10/13"", ""INH1x"": ""15/15"", ""MXF10x"": ""5/18"", ""MXF1x"": ""16/18""}",44,35
vijay,vijay_051_age60d,culture_age_60d,rifampicin,,,0.20000662691577156,0.03938602577919578,0.44643854543191475,0.3167958356333374,0.1627848907169148,0.42879662285688847,0.008333609454823815,0.013199826484722392,0.6313423486641446,0.0,log10 per day unless the column name says per hour,-0.02371326703960584,6.92445303860748,0.0491710682256323,0.2742777336329816,99,0.34136634165928464,0.0005444074900571664,0.2621115050966541,0.00877120692962598,64,46,0.71875,"{""INH10x"": ""10/13"", ""INH1x"": ""15/15"", ""MXF10x"": ""5/18"", ""MXF1x"": ""16/18""}",44,35
vijay,vijay_052_age15d,culture_age_15d,rifampicin,,,1.0484284879808852,0.8670740393259275,1.326530137981197,0.2575741301223119,0.1196922054821413,0.3439208822958919,0.043684520332536884,0.010732255421762996,4.070395142101528,0.0,log10 per day unless the column name says per hour,-0.02371326703960584,6.92445303860748,0.0491710682256323,0.2742777336329816,99,0.34136634165928464,0.0005444074900571664,0.2621115050966541,0.00877120692962598,64,46,0.71875,"{""INH10x"": ""10/13"", ""INH1x"": ""15/15"", ""MXF10x"": ""5/18"", ""MXF1x"": ""16/18""}",44,35
vijay,vijay_052_age30d,culture_age_30d,rifampicin,,,0.5250901964328611,0.28964666215565815,0.6849038713429627,0.26975901433353955,0.13303893215278542,0.39948481432362065,0.021878758184702547,0.011239958930564148,1.9465158475987798,0.0,log10 per day unless the column name says per hour,-0.02371326703960584,6.92445303860748,0.0491710682256323,0.2742777336329816,99,0.34136634165928464,0.0005444074900571664,0.2621115050966541,0.00877120692962598,64,46,0.71875,"{""INH10x"": ""10/13"", ""INH1x"": ""15/15"", ""MXF10x"": ""5/18"", ""MXF1x"": ""16/18""}",44,35
vijay,vijay_052_age60d,culture_age_60d,rifampicin,,,0.20066417968251213,-0.06632871567635394,0.35672783703009137,0.2591932166075135,0.14994890699845775,0.3652231931400762,0.008361007486771339,0.010799717358646396,0.7741876207600383,0.0,log10 per day unless the column name says per hour,-0.02371326703960584,6.92445303860748,0.0491710682256323,0.2742777336329816,99,0.34136634165928464,0.0005444074900571664,0.2621115050966541,0.00877120692962598,64,46,0.71875,"{""INH10x"": ""10/13"", ""INH1x"": ""15/15"", ""MXF10x"": ""5/18"", ""MXF1x"": ""16/18""}",44,35
vijay,vijay_053_age15d,culture_age_15d,rifampicin,,,0.8938657851637756,0.7525760675465468,1.0013909422624825,0.10676116500845965,-0.03882926854211535,0.23029964425095237,0.037244407715157316,0.004448381875352485,8.372574288534098,0.13333333333333333,log10 per day unless the column name says per hour,-0.02371326703960584,6.92445303860748,0.0491710682256323,0.2742777336329816,99,0.34136634165928464,0.0005444074900571664,0.2621115050966541,0.00877120692962598,64,46,0.71875,"{""INH10x"": ""10/13"", ""INH1x"": ""15/15"", ""MXF10x"": ""5/18"", ""MXF1x"": ""16/18""}",44,35
vijay,vijay_053_age30d,culture_age_30d,rifampicin,,,0.44970464107297015,0.2239072603904549,0.5558853837152076,0.11796747077943157,-0.028582321670028908,0.2098926654046394,0.01873769337804042,0.004915311282476315,3.8121071690500226,0.13333333333333333,log10 per day unless the column name says per hour,-0.02371326703960584,6.92445303860748,0.0491710682256323,0.2742777336329816,99,0.34136634165928464,0.0005444074900571664,0.2621115050966541,0.00877120692962598,64,46,0.71875,"{""INH10x"": ""10/13"", ""INH1x"": ""15/15"", ""MXF10x"": ""5/18"", ""MXF1x"": ""16/18""}",44,35
vijay,vijay_053_age60d,culture_age_60d,rifampicin,,,0.09834591375710423,-0.15453946451604958,0.24618368341092045,0.11544304121632029,-0.020455418463651193,0.17446389438080132,0.00409774640654601,0.004810126717346679,0.8518998869132441,0.13333333333333333,log10 per day unless the column name says per hour,-0.02371326703960584,6.92445303860748,0.0491710682256323,0.2742777336329816,99,0.34136634165928464,0.0005444074900571664,0.2621115050966541,0.00877120692962598,64,46,0.71875,"{""INH10x"": ""10/13"", ""INH1x"": ""15/15"", ""MXF10x"": ""5/18"", ""MXF1x"": ""16/18""}",44,35
vijay,vijay_054_age15d,culture_age_15d,rifampicin,,,0.8664973500122439,0.7239755975871034,1.1742374279250714,0.12490555354982014,-0.005129473561197246,0.3629478056042634,0.036104056250510164,0.005204398064575839,6.937220366800029,0.13333333333333333,log10 per day unless the column name says per hour,-0.02371326703960584,6.92445303860748,0.0491710682256323,0.2742777336329816,99,0.34136634165928464,0.0005444074900571664,0.2621115050966541,0.00877120692962598,64,46,0.71875,"{""INH10x"": ""10/13"", ""INH1x"": ""15/15"", ""MXF10x"": ""5/18"", ""MXF1x"": ""16/18""}",44,35
vijay,vijay_054_age30d,culture_age_30d,rifampicin,,,0.473970853239539,0.21301932124329048,0.5930196064543606,0.1335399161216103,-0.0005289085496546194,0.33732144614499426,0.019748785551647458,0.005564163171733763,3.5492822446279635,0.06666666666666667,log10 per day unless the column name says per hour,-0.02371326703960584,6.92445303860748,0.0491710682256323,0.2742777336329816,99,0.34136634165928464,0.0005444074900571664,0.2621115050966541,0.00877120692962598,64,46,0.71875,"{""INH10x"": ""10/13"", ""INH1x"": ""15/15"", ""MXF10x"": ""5/18"", ""MXF1x"": ""16/18""}",44,35
vijay,vijay_054_age60d,culture_age_60d,rifampicin,,,0.16836802922375851,-0.14160881420950808,0.2680770726269959,0.09364270296525933,-0.04216106903906884,0.3275659728852182,0.007015334550989938,0.0039017792902191384,1.7979834401642771,0.2,log10 per day unless the column name says per hour,-0.02371326703960584,6.92445303860748,0.0491710682256323,0.2742777336329816,99,0.34136634165928464,0.0005444074900571664,0.2621115050966541,0.00877120692962598,64,46,0.71875,"{""INH10x"": ""10/13"", ""INH1x"": ""15/15"", ""MXF10x"": ""5/18"", ""MXF1x"": ""16/18""}",44,35
vijay,vijay_055_age15d,culture_age_15d,rifampicin,,,1.0187290596280696,0.9013391834474429,1.3801502962568988,0.23947368455900814,0.0918617510763394,0.4025799496373262,0.042447044151169566,0.009978070189958672,4.2540334296190565,0.0,log10 per day unless the column name says per hour,-0.02371326703960584,6.92445303860748,0.0491710682256323,0.2742777336329816,99,0.34136634165928464,0.0005444074900571664,0.2621115050966541,0.00877120692962598,64,46,0.71875,"{""INH10x"": ""10/13"", ""INH1x"": ""15/15"", ""MXF10x"": ""5/18"", ""MXF1x"": ""16/18""}",44,35
vijay,vijay_055_age30d,culture_age_30d,rifampicin,,,0.5874324323019124,0.39316973478906303,0.6816846550454967,0.25416286521793074,0.17175419930182234,0.3972411489208485,0.024476351345913017,0.010590119384080448,2.31124413788073,0.0,log10 per day unless the column name says per hour,-0.02371326703960584,6.92445303860748,0.0491710682256323,0.2742777336329816,99,0.34136634165928464,0.0005444074900571664,0.2621115050966541,0.00877120692962598,64,46,0.71875,"{""INH10x"": ""10/13"", ""INH1x"": ""15/15"", ""MXF10x"": ""5/18"", ""MXF1x"": ""16/18""}",44,35
vijay,vijay_055_age60d,culture_age_60d,rifampicin,,,0.25569391750732445,0.05985115160392936,0.37799810043767557,0.2188499028502874,0.12137927021574499,0.34918268513386497,0.010653913229471852,0.009118745952095308,1.1683528947337098,0.0,log10 per day unless the column name says per hour,-0.02371326703960584,6.92445303860748,0.0491710682256323,0.2742777336329816,99,0.34136634165928464,0.0005444074900571664,0.2621115050966541,0.00877120692962598,64,46,0.71875,"{""INH10x"": ""10/13"", ""INH1x"": ""15/15"", ""MXF10x"": ""5/18"", ""MXF1x"": ""16/18""}",44,35
vijay,vijay_056_age15d,culture_age_15d,rifampicin,,,1.283755545219473,1.0314068187085206,1.8253733890512882,0.3580428253865999,0.11774528775225512,0.4878645651240246,0.05348981438414471,0.014918451057774998,3.5854804347310316,0.0,log10 per day unless the column name says per hour,-0.02371326703960584,6.92445303860748,0.0491710682256323,0.2742777336329816,99,0.34136634165928464,0.0005444074900571664,0.2621115050966541,0.00877120692962598,64,46,0.71875,"{""INH10x"": ""10/13"", ""INH1x"": ""15/15"", ""MXF10x"": ""5/18"", ""MXF1x"": ""16/18""}",44,35
vijay,vijay_056_age30d,culture_age_30d,rifampicin,,,0.9335926419314946,0.7112294255321226,1.172525303169541,0.35217157283142225,0.1513941349846447,0.4662839940469763,0.038899693413812275,0.014673815534642594,2.65095968543261,0.0,log10 per day unless the column name says per hour,-0.02371326703960584,6.92445303860748,0.0491710682256323,0.2742777336329816,99,0.34136634165928464,0.0005444074900571664,0.2621115050966541,0.00877120692962598,64,46,0.71875,"{""INH10x"": ""10/13"", ""INH1x"": ""15/15"", ""MXF10x"": ""5/18"", ""MXF1x"": ""16/18""}",44,35
vijay,vijay_056_age60d,culture_age_60d,rifampicin,,,0.4557890608926067,0.2900270933347635,0.5539957253138668,0.3000804056691445,0.17430240092137458,0.46787500372524604,0.01899121087052528,0.012503350236214355,1.5188897784787045,0.0,log10 per day unless the column name says per hour,-0.02371326703960584,6.92445303860748,0.0491710682256323,0.2742777336329816,99,0.34136634165928464,0.0005444074900571664,0.2621115050966541,0.00877120692962598,64,46,0.71875,"{""INH10x"": ""10/13"", ""INH1x"": ""15/15"", ""MXF10x"": ""5/18"", ""MXF1x"": ""16/18""}",44,35
vijay,vijay_057_age15d,culture_age_15d,rifampicin,,,0.8634644381089286,0.7584517852776126,1.1430816000667503,0.06844150826117218,-0.03854018545369829,0.18509598708309163,0.03597768492120536,0.002851729510882174,12.616093070508558,0.2,log10 per day unless the column name says per hour,-0.02371326703960584,6.92445303860748,0.0491710682256323,0.2742777336329816,99,0.34136634165928464,0.0005444074900571664,0.2621115050966541,0.00877120692962598,64,46,0.71875,"{""INH10x"": ""10/13"", ""INH1x"": ""15/15"", ""MXF10x"": ""5/18"", ""MXF1x"": ""16/18""}",44,35
vijay,vijay_057_age30d,culture_age_30d,rifampicin,,,0.42400483910239173,0.24657330669651786,0.5200538755013517,0.09142042492541069,0.005875166512907301,0.18071836757994483,0.01766686829593299,0.0038091843718921123,4.637966181499752,0.06666666666666667,log10 per day unless the column name says per hour,-0.02371326703960584,6.92445303860748,0.0491710682256323,0.2742777336329816,99,0.34136634165928464,0.0005444074900571664,0.2621115050966541,0.00877120692962598,64,46,0.71875,"{""INH10x"": ""10/13"", ""INH1x"": ""15/15"", ""MXF10x"": ""5/18"", ""MXF1x"": ""16/18""}",44,35
vijay,vijay_057_age60d,culture_age_60d,rifampicin,,,0.0912720478597589,-0.0970740221471296,0.17423831164215256,0.05139040591310231,-0.011276703646564128,0.1804472097200845,0.0038030019941566206,0.0021412669130459294,1.776052285208522,0.06666666666666667,log10 per day unless the column name says per hour,-0.02371326703960584,6.92445303860748,0.0491710682256323,0.2742777336329816,99,0.34136634165928464,0.0005444074900571664,0.2621115050966541,0.00877120692962598,64,46,0.71875,"{""INH10x"": ""10/13"", ""INH1x"": ""15/15"", ""MXF10x"": ""5/18"", ""MXF1x"": ""16/18""}",44,35
vijay,vijay_058_age15d,culture_age_15d,rifampicin,,,0.9545113091678488,0.7862875734917174,1.1822724232089035,0.11529079232039496,0.021032820744428464,0.24226090668254413,0.03977130454866037,0.00480378301334979,8.279163408949836,0.06666666666666667,log10 per day unless the column name says per hour,-0.02371326703960584,6.92445303860748,0.0491710682256323,0.2742777336329816,99,0.34136634165928464,0.0005444074900571664,0.2621115050966541,0.00877120692962598,64,46,0.71875,"{""INH10x"": ""10/13"", ""INH1x"": ""15/15"", ""MXF10x"": ""5/18"", ""MXF1x"": ""16/18""}",44,35
vijay,vijay_058_age30d,culture_age_30d,rifampicin,,,0.6276834132310243,0.5080223241012277,0.7362901895886375,0.13266904102034857,9.178631647116372e-05,0.2623693987360819,0.026153475551292677,0.0055278767091811905,4.731197334386032,0.06666666666666667,log10 per day unless the column name says per hour,-0.02371326703960584,6.92445303860748,0.0491710682256323,0.2742777336329816,99,0.34136634165928464,0.0005444074900571664,0.2621115050966541,0.00877120692962598,64,46,0.71875,"{""INH10x"": ""10/13"", ""INH1x"": ""15/15"", ""MXF10x"": ""5/18"", ""MXF1x"": ""16/18""}",44,35
vijay,vijay_058_age60d,culture_age_60d,rifampicin,,,0.029284354455882122,-0.4129394375309312,0.1767915715861305,0.12963643148873966,0.0018061044937531462,0.25893636952133714,0.001220181435661755,0.005401517978697486,0.2258960241313476,0.06666666666666667,log10 per day unless the column name says per hour,-0.02371326703960584,6.92445303860748,0.0491710682256323,0.2742777336329816,99,0.34136634165928464,0.0005444074900571664,0.2621115050966541,0.00877120692962598,64,46,0.71875,"{""INH10x"": ""10/13"", ""INH1x"": ""15/15"", ""MXF10x"": ""5/18"", ""MXF1x"": ""16/18""}",44,35
vijay,vijay_059_age15d,culture_age_15d,rifampicin,,,0.8577949615686435,0.7129800625017193,1.094311064084396,0.0990569915169749,-0.012786683882908396,0.2376722481830498,0.03574145673202681,0.004127374646540621,8.659610477082252,0.13333333333333333,log10 per day unless the column name says per hour,-0.02371326703960584,6.92445303860748,0.0491710682256323,0.2742777336329816,99,0.34136634165928464,0.0005444074900571664,0.2621115050966541,0.00877120692962598,64,46,0.71875,"{""INH10x"": ""10/13"", ""INH1x"": ""15/15"", ""MXF10x"": ""5/18"", ""MXF1x"": ""16/18""}",44,35
vijay,vijay_059_age30d,culture_age_30d,rifampicin,,,0.5971417030523185,0.494276667568065,0.7513355763440226,0.08938074725416548,-0.01530080079652833,0.2516547443250817,0.024880904293846606,0.003724197802256895,6.680876155065816,0.2,log10 per day unless the column name says per hour,-0.02371326703960584,6.92445303860748,0.0491710682256323,0.2742777336329816,99,0.34136634165928464,0.0005444074900571664,0.2621115050966541,0.00877120692962598,64,46,0.71875,"{""INH10x"": ""10/13"", ""INH1x"": ""15/15"", ""MXF10x"": ""5/18"", ""MXF1x"": ""16/18""}",44,35
vijay,vijay_059_age60d,culture_age_60d,rifampicin,,,0.07171877075557904,-0.20184018392039163,0.1544726248571937,0.08509589358827041,0.005839645126466699,0.2132661980198868,0.0029882821148157937,0.0035456622328446006,0.8427994316927266,0.06666666666666667,log10 per day unless the column name says per hour,-0.02371326703960584,6.92445303860748,0.0491710682256323,0.2742777336329816,99,0.34136634165928464,0.0005444074900571664,0.2621115050966541,0.00877120692962598,64,46,0.71875,"{""INH10x"": ""10/13"", ""INH1x"": ""15/15"", ""MXF10x"": ""5/18"", ""MXF1x"": ""16/18""}",44,35
vijay,vijay_060_age15d,culture_age_15d,rifampicin,,,1.0999389090556064,1.0059959322252328,1.387571975658458,0.39793568804188334,0.30251870032307837,0.4789909750107473,0.04583078787731693,0.016580653668411806,2.764112247554525,0.0,log10 per day unless the column name says per hour,-0.02371326703960584,6.92445303860748,0.0491710682256323,0.2742777336329816,99,0.34136634165928464,0.0005444074900571664,0.2621115050966541,0.00877120692962598,64,46,0.71875,"{""INH10x"": ""10/13"", ""INH1x"": ""15/15"", ""MXF10x"": ""5/18"", ""MXF1x"": ""16/18""}",44,35
vijay,vijay_060_age30d,culture_age_30d,rifampicin,,,0.5914068390687199,0.24996238178602168,0.678823628110018,0.4056921485830756,0.323233413698097,0.47856108685884735,0.02464195162786333,0.016903839524294816,1.45777245414848,0.0,log10 per day unless the column name says per hour,-0.02371326703960584,6.92445303860748,0.0491710682256323,0.2742777336329816,99,0.34136634165928464,0.0005444074900571664,0.2621115050966541,0.00877120692962598,64,46,0.71875,"{""INH10x"": ""10/13"", ""INH1x"": ""15/15"", ""MXF10x"": ""5/18"", ""MXF1x"": ""16/18""}",44,35
vijay,vijay_060_age60d,culture_age_60d,rifampicin,,,0.24853294837946388,-0.06363790559875544,0.3844991387068252,0.3715459461596207,0.32590993108177496,0.47335232482092016,0.010355539515810995,0.015481081089984196,0.6689157853782398,0.0,log10 per day unless the column name says per hour,-0.02371326703960584,6.92445303860748,0.0491710682256323,0.2742777336329816,99,0.34136634165928464,0.0005444074900571664,0.2621115050966541,0.00877120692962598,64,46,0.71875,"{""INH10x"": ""10/13"", ""INH1x"": ""15/15"", ""MXF10x"": ""5/18"", ""MXF1x"": ""16/18""}",44,35
vijay,vijay_061_age15d,culture_age_15d,rifampicin,,,1.5267155333486921,1.3370252285423816,1.695044937432267,0.7156710530834346,0.6204734884727613,0.860463248139612,0.06361314722286217,0.029819627211809776,2.1332643352988936,0.0,log10 per day unless the column name says per hour,-0.02371326703960584,6.92445303860748,0.0491710682256323,0.2742777336329816,99,0.34136634165928464,0.0005444074900571664,0.2621115050966541,0.00877120692962598,64,46,0.71875,"{""INH10x"": ""10/13"", ""INH1x"": ""15/15"", ""MXF10x"": ""5/18"", ""MXF1x"": ""16/18""}",44,35
vijay,vijay_061_age30d,culture_age_30d,rifampicin,,,1.1510654141099028,1.0161900680430553,1.287304402866468,0.7280073631933065,0.5896324397818606,0.9007899785988618,0.04796105892124595,0.030333640133054438,1.5811178187276966,0.0,log10 per day unless the column name says per hour,-0.02371326703960584,6.92445303860748,0.0491710682256323,0.2742777336329816,99,0.34136634165928464,0.0005444074900571664,0.2621115050966541,0.00877120692962598,64,46,0.71875,"{""INH10x"": ""10/13"", ""INH1x"": ""15/15"", ""MXF10x"": ""5/18"", ""MXF1x"": ""16/18""}",44,35
vijay,vijay_061_age60d,culture_age_60d,rifampicin,,,0.6046900451978889,0.440648913236532,0.8486765556158015,0.7252109076427254,0.5930130850944109,0.8368613236667741,0.02519541854991204,0.030217121151780227,0.8338126727346316,0.0,log10 per day unless the column name says per hour,-0.02371326703960584,6.92445303860748,0.0491710682256323,0.2742777336329816,99,0.34136634165928464,0.0005444074900571664,0.2621115050966541,0.00877120692962598,64,46,0.71875,"{""INH10x"": ""10/13"", ""INH1x"": ""15/15"", ""MXF10x"": ""5/18"", ""MXF1x"": ""16/18""}",44,35
vijay,vijay_062_age15d,culture_age_15d,rifampicin,,,1.2915663142951523,0.9447136819864073,1.540718665082687,0.4294524929097412,0.16768664538365383,0.5631128699505128,0.053815263095631345,0.017893853871239217,3.007471922084297,0.0,log10 per day unless the column name says per hour,-0.02371326703960584,6.92445303860748,0.0491710682256323,0.2742777336329816,99,0.34136634165928464,0.0005444074900571664,0.2621115050966541,0.00877120692962598,64,46,0.71875,"{""INH10x"": ""10/13"", ""INH1x"": ""15/15"", ""MXF10x"": ""5/18"", ""MXF1x"": ""16/18""}",44,35
vijay,vijay_062_age30d,culture_age_30d,rifampicin,,,0.9387672420360712,0.6916009268851561,1.0679380044571154,0.43171228784616295,0.18794331609632853,0.5588486650130631,0.03911530175150297,0.01798801199359012,2.1745205509892576,0.0,log10 per day unless the column name says per hour,-0.02371326703960584,6.92445303860748,0.0491710682256323,0.2742777336329816,99,0.34136634165928464,0.0005444074900571664,0.2621115050966541,0.00877120692962598,64,46,0.71875,"{""INH10x"": ""10/13"", ""INH1x"": ""15/15"", ""MXF10x"": ""5/18"", ""MXF1x"": ""16/18""}",44,35
vijay,vijay_062_age60d,culture_age_60d,rifampicin,,,0.33972088657409827,0.2548218585919494,0.603823963131397,0.4231010128206934,0.19978031699103807,0.5855098488021844,0.014155036940587428,0.017629208867528893,0.8029309225928728,0.0,log10 per day unless the column name says per hour,-0.02371326703960584,6.92445303860748,0.0491710682256323,0.2742777336329816,99,0.34136634165928464,0.0005444074900571664,0.2621115050966541,0.00877120692962598,64,46,0.71875,"{""INH10x"": ""10/13"", ""INH1x"": ""15/15"", ""MXF10x"": ""5/18"", ""MXF1x"": ""16/18""}",44,35
vijay,vijay_063_age15d,culture_age_15d,rifampicin,,,1.0321382518935738,0.8838041351194689,1.6082881635927364,0.1490421464415884,0.04198499753387122,0.2085870685629762,0.04300576049556557,0.006210089435066183,6.92514350159391,0.0,log10 per day unless the column name says per hour,-0.02371326703960584,6.92445303860748,0.0491710682256323,0.2742777336329816,99,0.34136634165928464,0.0005444074900571664,0.2621115050966541,0.00877120692962598,64,46,0.71875,"{""INH10x"": ""10/13"", ""INH1x"": ""15/15"", ""MXF10x"": ""5/18"", ""MXF1x"": ""16/18""}",44,35
vijay,vijay_063_age30d,culture_age_30d,rifampicin,,,0.8208316274703861,0.6931059506753676,1.2774209709890563,0.14118773288880623,0.03764622994648521,0.22958040832996304,0.034201317811266084,0.00588282220370026,5.813760237348949,0.06666666666666667,log10 per day unless the column name says per hour,-0.02371326703960584,6.92445303860748,0.0491710682256323,0.2742777336329816,99,0.34136634165928464,0.0005444074900571664,0.2621115050966541,0.00877120692962598,64,46,0.71875,"{""INH10x"": ""10/13"", ""INH1x"": ""15/15"", ""MXF10x"": ""5/18"", ""MXF1x"": ""16/18""}",44,35
vijay,vijay_063_age60d,culture_age_60d,rifampicin,,,0.49551607702837824,0.38752895063227444,0.9092814322785404,0.11767795078032806,-0.02005191865730188,0.2226763256947553,0.02064650320951576,0.004903247949180335,4.210780980995911,0.06666666666666667,log10 per day unless the column name says per hour,-0.02371326703960584,6.92445303860748,0.0491710682256323,0.2742777336329816,99,0.34136634165928464,0.0005444074900571664,0.2621115050966541,0.00877120692962598,64,46,0.71875,"{""INH10x"": ""10/13"", ""INH1x"": ""15/15"", ""MXF10x"": ""5/18"", ""MXF1x"": ""16/18""}",44,35
vijay,vijay_064_age15d,culture_age_15d,rifampicin,,,1.3401140575756392,1.1114158496740676,1.8618552513422528,0.4260826704923063,0.2586982185684749,0.579340403675187,0.0558380857323183,0.017753444603846095,3.145197283023125,0.0,log10 per day unless the column name says per hour,-0.02371326703960584,6.92445303860748,0.0491710682256323,0.2742777336329816,99,0.34136634165928464,0.0005444074900571664,0.2621115050966541,0.00877120692962598,64,46,0.71875,"{""INH10x"": ""10/13"", ""INH1x"": ""15/15"", ""MXF10x"": ""5/18"", ""MXF1x"": ""16/18""}",44,35
vijay,vijay_064_age30d,culture_age_30d,rifampicin,,,1.1910259668292582,0.9344761627893795,1.7155360742021621,0.39602022891213423,0.23213873487934028,0.5983900325516593,0.04962608195121909,0.016500842871338926,3.007487698547625,0.0,log10 per day unless the column name says per hour,-0.02371326703960584,6.92445303860748,0.0491710682256323,0.2742777336329816,99,0.34136634165928464,0.0005444074900571664,0.2621115050966541,0.00877120692962598,64,46,0.71875,"{""INH10x"": ""10/13"", ""INH1x"": ""15/15"", ""MXF10x"": ""5/18"", ""MXF1x"": ""16/18""}",44,35
vijay,vijay_064_age60d,culture_age_60d,rifampicin,,,0.8668894488070026,0.6521263126791474,1.379459729735389,0.3944730847857754,0.2095388002713083,0.5679954105615914,0.03612039370029178,0.01643637853274064,2.197588332998131,0.0,log10 per day unless the column name says per hour,-0.02371326703960584,6.92445303860748,0.0491710682256323,0.2742777336329816,99,0.34136634165928464,0.0005444074900571664,0.2621115050966541,0.00877120692962598,64,46,0.71875,"{""INH10x"": ""10/13"", ""INH1x"": ""15/15"", ""MXF10x"": ""5/18"", ""MXF1x"": ""16/18""}",44,35
vijay,vijay_065_age15d,culture_age_15d,rifampicin,,,1.3258338914528385,1.0480587603359233,1.8365742456207068,0.3232850117211644,0.16475729586922547,0.5197952712980564,0.05524307881053494,0.013470208821715185,4.101130096920111,0.0,log10 per day unless the column name says per hour,-0.02371326703960584,6.92445303860748,0.0491710682256323,0.2742777336329816,99,0.34136634165928464,0.0005444074900571664,0.2621115050966541,0.00877120692962598,64,46,0.71875,"{""INH10x"": ""10/13"", ""INH1x"": ""15/15"", ""MXF10x"": ""5/18"", ""MXF1x"": ""16/18""}",44,35
vijay,vijay_065_age30d,culture_age_30d,rifampicin,,,0.8476569935984885,0.672706412730714,1.0523991410444444,0.3469205228517894,0.18904209225062088,0.5194555689386425,0.035319041399937016,0.014455021785491226,2.443375176050402,0.0,log10 per day unless the column name says per hour,-0.02371326703960584,6.92445303860748,0.0491710682256323,0.2742777336329816,99,0.34136634165928464,0.0005444074900571664,0.2621115050966541,0.00877120692962598,64,46,0.71875,"{""INH10x"": ""10/13"", ""INH1x"": ""15/15"", ""MXF10x"": ""5/18"", ""MXF1x"": ""16/18""}",44,35
vijay,vijay_065_age60d,culture_age_60d,rifampicin,,,0.31342824774245864,0.20521311112267113,0.5848015873019887,0.3098166900116193,0.20519514268307387,0.536420023268126,0.013059510322602443,0.012909028750484138,1.0116570793223048,0.0,log10 per day unless the column name says per hour,-0.02371326703960584,6.92445303860748,0.0491710682256323,0.2742777336329816,99,0.34136634165928464,0.0005444074900571664,0.2621115050966541,0.00877120692962598,64,46,0.71875,"{""INH10x"": ""10/13"", ""INH1x"": ""15/15"", ""MXF10x"": ""5/18"", ""MXF1x"": ""16/18""}",44,35
vijay,vijay_066_age15d,culture_age_15d,rifampicin,,,1.7936230777620203,1.4894091797185847,2.1832414143808663,0.7243375182979894,0.6663766362294586,0.9475066385692816,0.07473429490675085,0.030180729929082894,2.4762255612225945,0.0,log10 per day unless the column name says per hour,-0.02371326703960584,6.92445303860748,0.0491710682256323,0.2742777336329816,99,0.34136634165928464,0.0005444074900571664,0.2621115050966541,0.00877120692962598,64,46,0.71875,"{""INH10x"": ""10/13"", ""INH1x"": ""15/15"", ""MXF10x"": ""5/18"", ""MXF1x"": ""16/18""}",44,35
vijay,vijay_066_age30d,culture_age_30d,rifampicin,,,1.157563692654386,1.0923488248192845,1.3708307695653212,0.7740358066698988,0.645451496992751,0.9401546575415032,0.04823182052726608,0.032251491944579116,1.495491142243823,0.0,log10 per day unless the column name says per hour,-0.02371326703960584,6.92445303860748,0.0491710682256323,0.2742777336329816,99,0.34136634165928464,0.0005444074900571664,0.2621115050966541,0.00877120692962598,64,46,0.71875,"{""INH10x"": ""10/13"", ""INH1x"": ""15/15"", ""MXF10x"": ""5/18"", ""MXF1x"": ""16/18""}",44,35
vijay,vijay_066_age60d,culture_age_60d,rifampicin,,,0.8399299885475919,0.7595740507648617,1.032011070359305,0.7659636012775242,0.6521532625331107,0.9346545604714619,0.034997082856149664,0.031915150053230174,1.0965664519132525,0.0,log10 per day unless the column name says per hour,-0.02371326703960584,6.92445303860748,0.0491710682256323,0.2742777336329816,99,0.34136634165928464,0.0005444074900571664,0.2621115050966541,0.00877120692962598,64,46,0.71875,"{""INH10x"": ""10/13"", ""INH1x"": ""15/15"", ""MXF10x"": ""5/18"", ""MXF1x"": ""16/18""}",44,35
vijay,vijay_067_age15d,culture_age_15d,rifampicin,,,1.0941499847337957,0.9448222762109711,1.568241404894562,0.1665997902260738,0.043891290220616455,0.2767060251517579,0.04558958269724148,0.0069416579260864085,6.567535188664092,0.06666666666666667,log10 per day unless the column name says per hour,-0.02371326703960584,6.92445303860748,0.0491710682256323,0.2742777336329816,99,0.34136634165928464,0.0005444074900571664,0.2621115050966541,0.00877120692962598,64,46,0.71875,"{""INH10x"": ""10/13"", ""INH1x"": ""15/15"", ""MXF10x"": ""5/18"", ""MXF1x"": ""16/18""}",44,35
vijay,vijay_067_age30d,culture_age_30d,rifampicin,,,0.8709013071498739,0.742282700470282,1.2548043084193414,0.1797755716246363,0.037445817944944976,0.32314995100356686,0.03628755446457808,0.00749064881769318,4.844380686872622,0.06666666666666667,log10 per day unless the column name says per hour,-0.02371326703960584,6.92445303860748,0.0491710682256323,0.2742777336329816,99,0.34136634165928464,0.0005444074900571664,0.2621115050966541,0.00877120692962598,64,46,0.71875,"{""INH10x"": ""10/13"", ""INH1x"": ""15/15"", ""MXF10x"": ""5/18"", ""MXF1x"": ""16/18""}",44,35
vijay,vijay_067_age60d,culture_age_60d,rifampicin,,,0.5021569281769992,0.337028944389227,0.7371854384343091,0.13697971216852947,0.028865246365017458,0.3266116520770246,0.0209232053407083,0.005707488007022061,3.6659219108241614,0.06666666666666667,log10 per day unless the column name says per hour,-0.02371326703960584,6.92445303860748,0.0491710682256323,0.2742777336329816,99,0.34136634165928464,0.0005444074900571664,0.2621115050966541,0.00877120692962598,64,46,0.71875,"{""INH10x"": ""10/13"", ""INH1x"": ""15/15"", ""MXF10x"": ""5/18"", ""MXF1x"": ""16/18""}",44,35
vijay,vijay_068_age15d,culture_age_15d,rifampicin,,,0.9412374412643617,0.762646200036976,1.218049667527281,0.13905564946831128,0.015499149966391457,0.25387160293392763,0.0392182267193484,0.00579398539451297,6.7687824612897565,0.0,log10 per day unless the column name says per hour,-0.02371326703960584,6.92445303860748,0.0491710682256323,0.2742777336329816,99,0.34136634165928464,0.0005444074900571664,0.2621115050966541,0.00877120692962598,64,46,0.71875,"{""INH10x"": ""10/13"", ""INH1x"": ""15/15"", ""MXF10x"": ""5/18"", ""MXF1x"": ""16/18""}",44,35
vijay,vijay_068_age30d,culture_age_30d,rifampicin,,,0.7922453718323885,0.5763961045465066,1.0448827416751314,0.14434079243993708,0.0021112186886901424,0.24250158596099902,0.03301022382634952,0.006014199684997379,5.488714302036666,0.06666666666666667,log10 per day unless the column name says per hour,-0.02371326703960584,6.92445303860748,0.0491710682256323,0.2742777336329816,99,0.34136634165928464,0.0005444074900571664,0.2621115050966541,0.00877120692962598,64,46,0.71875,"{""INH10x"": ""10/13"", ""INH1x"": ""15/15"", ""MXF10x"": ""5/18"", ""MXF1x"": ""16/18""}",44,35
vijay,vijay_068_age60d,culture_age_60d,rifampicin,,,0.48076376078616884,0.265630578198527,0.7160323800750432,0.11945148384772801,-0.02548706697639329,0.23930572194477023,0.020031823366090367,0.004977145160322,4.024761730034491,0.13333333333333333,log10 per day unless the column name says per hour,-0.02371326703960584,6.92445303860748,0.0491710682256323,0.2742777336329816,99,0.34136634165928464,0.0005444074900571664,0.2621115050966541,0.00877120692962598,64,46,0.71875,"{""INH10x"": ""10/13"", ""INH1x"": ""15/15"", ""MXF10x"": ""5/18"", ""MXF1x"": ""16/18""}",44,35
vijay,vijay_069_age15d,culture_age_15d,rifampicin,,,1.0278028281215041,0.8333519904742176,1.249083265079776,0.27418818728958283,0.149294336691304,0.4410957806413412,0.04282511783839601,0.011424507803732617,3.7485306653127037,0.0,log10 per day unless the column name says per hour,-0.02371326703960584,6.92445303860748,0.0491710682256323,0.2742777336329816,99,0.34136634165928464,0.0005444074900571664,0.2621115050966541,0.00877120692962598,64,46,0.71875,"{""INH10x"": ""10/13"", ""INH1x"": ""15/15"", ""MXF10x"": ""5/18"", ""MXF1x"": ""16/18""}",44,35
vijay,vijay_069_age30d,culture_age_30d,rifampicin,,,0.5799991114860172,0.42212504983464544,0.745118208017401,0.254794562003938,0.1174548019142333,0.47930263576213405,0.02416662964525072,0.010616440083497417,2.2763402284741576,0.0,log10 per day unless the column name says per hour,-0.02371326703960584,6.92445303860748,0.0491710682256323,0.2742777336329816,99,0.34136634165928464,0.0005444074900571664,0.2621115050966541,0.00877120692962598,64,46,0.71875,"{""INH10x"": ""10/13"", ""INH1x"": ""15/15"", ""MXF10x"": ""5/18"", ""MXF1x"": ""16/18""}",44,35
vijay,vijay_069_age60d,culture_age_60d,rifampicin,,,0.23134138668394655,0.06214593675555155,0.4281006379804104,0.25618802975020344,0.09482162625282826,0.43226160393053875,0.00963922444516444,0.01067450123959181,0.9030140358607557,0.0,log10 per day unless the column name says per hour,-0.02371326703960584,6.92445303860748,0.0491710682256323,0.2742777336329816,99,0.34136634165928464,0.0005444074900571664,0.2621115050966541,0.00877120692962598,64,46,0.71875,"{""INH10x"": ""10/13"", ""INH1x"": ""15/15"", ""MXF10x"": ""5/18"", ""MXF1x"": ""16/18""}",44,35
vijay,vijay_070_age15d,culture_age_15d,rifampicin,,,0.9696041360552795,0.7462412520948978,1.2108716991909247,0.13328129501931685,-0.02926545536748139,0.3281139432807561,0.04040017233563665,0.005553387292471536,7.2748703103068735,0.13333333333333333,log10 per day unless the column name says per hour,-0.02371326703960584,6.92445303860748,0.0491710682256323,0.2742777336329816,99,0.34136634165928464,0.0005444074900571664,0.2621115050966541,0.00877120692962598,64,46,0.71875,"{""INH10x"": ""10/13"", ""INH1x"": ""15/15"", ""MXF10x"": ""5/18"", ""MXF1x"": ""16/18""}",44,35
vijay,vijay_070_age30d,culture_age_30d,rifampicin,,,0.6022548247329509,0.4496272225302124,0.8022458475593512,0.12397180995966926,-0.036711853423832604,0.36320660533736826,0.02509395103053962,0.005165492081652886,4.857998160459846,0.2,log10 per day unless the column name says per hour,-0.02371326703960584,6.92445303860748,0.0491710682256323,0.2742777336329816,99,0.34136634165928464,0.0005444074900571664,0.2621115050966541,0.00877120692962598,64,46,0.71875,"{""INH10x"": ""10/13"", ""INH1x"": ""15/15"", ""MXF10x"": ""5/18"", ""MXF1x"": ""16/18""}",44,35
vijay,vijay_070_age60d,culture_age_60d,rifampicin,,,0.126370796366844,-0.08193610335553565,0.31063283959352944,0.1023800999888143,-0.04006523298191546,0.3121445651301761,0.0052654498486185,0.004265837499533929,1.2343296830209274,0.13333333333333333,log10 per day unless the column name says per hour,-0.02371326703960584,6.92445303860748,0.0491710682256323,0.2742777336329816,99,0.34136634165928464,0.0005444074900571664,0.2621115050966541,0.00877120692962598,64,46,0.71875,"{""INH10x"": ""10/13"", ""INH1x"": ""15/15"", ""MXF10x"": ""5/18"", ""MXF1x"": ""16/18""}",44,35
vijay,vijay_071_age15d,culture_age_15d,rifampicin,,,0.8403401291363963,0.6872997565264263,1.1163111768393772,0.028136273827303986,-0.06086274041611909,0.16078017353258103,0.03501417204734985,0.0011723447428043327,29.866788128885567,0.26666666666666666,log10 per day unless the column name says per hour,-0.02371326703960584,6.92445303860748,0.0491710682256323,0.2742777336329816,99,0.34136634165928464,0.0005444074900571664,0.2621115050966541,0.00877120692962598,64,46,0.71875,"{""INH10x"": ""10/13"", ""INH1x"": ""15/15"", ""MXF10x"": ""5/18"", ""MXF1x"": ""16/18""}",44,35
vijay,vijay_071_age30d,culture_age_30d,rifampicin,,,0.588233440275895,0.48079129926814124,0.7536727032007468,0.04186889277708845,-0.0233583877662983,0.18534072295199888,0.02450972667816229,0.001744537199045352,14.049414762594077,0.3333333333333333,log10 per day unless the column name says per hour,-0.02371326703960584,6.92445303860748,0.0491710682256323,0.2742777336329816,99,0.34136634165928464,0.0005444074900571664,0.2621115050966541,0.00877120692962598,64,46,0.71875,"{""INH10x"": ""10/13"", ""INH1x"": ""15/15"", ""MXF10x"": ""5/18"", ""MXF1x"": ""16/18""}",44,35
vijay,vijay_071_age60d,culture_age_60d,rifampicin,,,-0.01572630556881771,-0.25769594740882945,0.1736527932301119,0.03328805183855087,-0.010812006281525429,0.16993993875405602,-0.0006552627320340713,0.0013870021599396195,-0.4724309384367483,0.06666666666666667,log10 per day unless the column name says per hour,-0.02371326703960584,6.92445303860748,0.0491710682256323,0.2742777336329816,99,0.34136634165928464,0.0005444074900571664,0.2621115050966541,0.00877120692962598,64,46,0.71875,"{""INH10x"": ""10/13"", ""INH1x"": ""15/15"", ""MXF10x"": ""5/18"", ""MXF1x"": ""16/18""}",44,35
vijay,vijay_072_age15d,culture_age_15d,rifampicin,,,1.0395982003927868,0.8281717702417729,1.6380877238152287,0.038405093072249756,-0.10084468023903058,0.13813852630894455,0.043316591683032785,0.0016002122113437398,27.06927954677881,0.3333333333333333,log10 per day unless the column name says per hour,-0.02371326703960584,6.92445303860748,0.0491710682256323,0.2742777336329816,99,0.34136634165928464,0.0005444074900571664,0.2621115050966541,0.00877120692962598,64,46,0.71875,"{""INH10x"": ""10/13"", ""INH1x"": ""15/15"", ""MXF10x"": ""5/18"", ""MXF1x"": ""16/18""}",44,35
vijay,vijay_072_age30d,culture_age_30d,rifampicin,,,0.8550065394260573,0.6465963800722617,1.462307835762016,-0.0029715471124913484,-0.10071576693321692,0.1343783643397912,0.03562527247608572,-0.00012381446302047285,-287.73110674635035,0.6,log10 per day unless the column name says per hour,-0.02371326703960584,6.92445303860748,0.0491710682256323,0.2742777336329816,99,0.34136634165928464,0.0005444074900571664,0.2621115050966541,0.00877120692962598,64,46,0.71875,"{""INH10x"": ""10/13"", ""INH1x"": ""15/15"", ""MXF10x"": ""5/18"", ""MXF1x"": ""16/18""}",44,35
vijay,vijay_072_age60d,culture_age_60d,rifampicin,,,0.5409800856509158,0.3300251784490836,1.1141349808338898,-0.02703054423089564,-0.08904837405240291,0.10419740775408831,0.022540836902121494,-0.0011262726762873182,-20.013658660730222,0.5333333333333333,log10 per day unless the column name says per hour,-0.02371326703960584,6.92445303860748,0.0491710682256323,0.2742777336329816,99,0.34136634165928464,0.0005444074900571664,0.2621115050966541,0.00877120692962598,64,46,0.71875,"{""INH10x"": ""10/13"", ""INH1x"": ""15/15"", ""MXF10x"": ""5/18"", ""MXF1x"": ""16/18""}",44,35
vijay,vijay_073_age15d,culture_age_15d,rifampicin,,,1.231639291965512,0.9422959973182926,1.8546787236660478,0.14603930886696603,-0.030565849731740733,0.23299469667925848,0.05131830383189633,0.006084971202790251,8.433614904925832,0.13333333333333333,log10 per day unless the column name says per hour,-0.02371326703960584,6.92445303860748,0.0491710682256323,0.2742777336329816,99,0.34136634165928464,0.0005444074900571664,0.2621115050966541,0.00877120692962598,64,46,0.71875,"{""INH10x"": ""10/13"", ""INH1x"": ""15/15"", ""MXF10x"": ""5/18"", ""MXF1x"": ""16/18""}",44,35
vijay,vijay_073_age30d,culture_age_30d,rifampicin,,,1.0851241145326527,0.7731632473576454,1.6757768342809916,0.14327640442934078,-0.036534700171337274,0.2406858432231921,0.04521350477219386,0.005969850184555866,7.57364144399506,0.13333333333333333,log10 per day unless the column name says per hour,-0.02371326703960584,6.92445303860748,0.0491710682256323,0.2742777336329816,99,0.34136634165928464,0.0005444074900571664,0.2621115050966541,0.00877120692962598,64,46,0.71875,"{""INH10x"": ""10/13"", ""INH1x"": ""15/15"", ""MXF10x"": ""5/18"", ""MXF1x"": ""16/18""}",44,35
vijay,vijay_073_age60d,culture_age_60d,rifampicin,,,0.7528845084718383,0.43608467597109996,1.3144349041241563,0.14465738350918556,-0.04892173530100195,0.21189607326698354,0.03137018785299326,0.006027390979549398,5.204604771688208,0.2,log10 per day unless the column name says per hour,-0.02371326703960584,6.92445303860748,0.0491710682256323,0.2742777336329816,99,0.34136634165928464,0.0005444074900571664,0.2621115050966541,0.00877120692962598,64,46,0.71875,"{""INH10x"": ""10/13"", ""INH1x"": ""15/15"", ""MXF10x"": ""5/18"", ""MXF1x"": ""16/18""}",44,35
vijay,vijay_074_age15d,culture_age_15d,rifampicin,,,0.9233571363977223,0.683575040987394,1.4177278955542836,0.0029667599173659478,-0.23171080624221688,0.23941671884734167,0.03847321401657176,0.0001236149965569145,311.2341955925876,0.4666666666666667,log10 per day unless the column name says per hour,-0.02371326703960584,6.92445303860748,0.0491710682256323,0.2742777336329816,99,0.34136634165928464,0.0005444074900571664,0.2621115050966541,0.00877120692962598,64,46,0.71875,"{""INH10x"": ""10/13"", ""INH1x"": ""15/15"", ""MXF10x"": ""5/18"", ""MXF1x"": ""16/18""}",44,35
vijay,vijay_074_age30d,culture_age_30d,rifampicin,,,0.5811018861147562,0.39131646348614085,0.8067919681903567,0.0034122505630276453,-0.15619022743137653,0.22799474475312737,0.024212578588114844,0.00014217710679281854,170.298714992123,0.4666666666666667,log10 per day unless the column name says per hour,-0.02371326703960584,6.92445303860748,0.0491710682256323,0.2742777336329816,99,0.34136634165928464,0.0005444074900571664,0.2621115050966541,0.00877120692962598,64,46,0.71875,"{""INH10x"": ""10/13"", ""INH1x"": ""15/15"", ""MXF10x"": ""5/18"", ""MXF1x"": ""16/18""}",44,35
vijay,vijay_074_age60d,culture_age_60d,rifampicin,,,-0.03572891079891069,-0.16732688718170757,0.17344654782348629,-0.0007302069249196318,-0.14106542397886646,0.16360521934776576,-0.0014887046166212788,-3.0425288538317992e-05,48.92984382864226,0.5333333333333333,log10 per day unless the column name says per hour,-0.02371326703960584,6.92445303860748,0.0491710682256323,0.2742777336329816,99,0.34136634165928464,0.0005444074900571664,0.2621115050966541,0.00877120692962598,64,46,0.71875,"{""INH10x"": ""10/13"", ""INH1x"": ""15/15"", ""MXF10x"": ""5/18"", ""MXF1x"": ""16/18""}",44,35
vijay,vijay_075_age15d,culture_age_15d,rifampicin,,,0.9846494104086735,0.8733950496688436,1.245107485409416,0.1873569466324844,0.12069650483510151,0.3216417906742573,0.041027058767028064,0.007806539443020183,5.255473192249134,0.0,log10 per day unless the column name says per hour,-0.02371326703960584,6.92445303860748,0.0491710682256323,0.2742777336329816,99,0.34136634165928464,0.0005444074900571664,0.2621115050966541,0.00877120692962598,64,46,0.71875,"{""INH10x"": ""10/13"", ""INH1x"": ""15/15"", ""MXF10x"": ""5/18"", ""MXF1x"": ""16/18""}",44,35
vijay,vijay_075_age30d,culture_age_30d,rifampicin,,,0.6658654003794803,0.5675817886230291,0.7864897112220445,0.17985805794995877,0.08356429563900122,0.2990428726492531,0.027744391682478345,0.007494085747914949,3.7021716345049245,0.0,log10 per day unless the column name says per hour,-0.02371326703960584,6.92445303860748,0.0491710682256323,0.2742777336329816,99,0.34136634165928464,0.0005444074900571664,0.2621115050966541,0.00877120692962598,64,46,0.71875,"{""INH10x"": ""10/13"", ""INH1x"": ""15/15"", ""MXF10x"": ""5/18"", ""MXF1x"": ""16/18""}",44,35
vijay,vijay_075_age60d,culture_age_60d,rifampicin,,,0.12237266463612016,-0.14931713731108454,0.3038873516076686,0.16284409251789075,0.0718029291278841,0.3114365173523148,0.005098861026505007,0.006785170521578781,0.7514713167914014,0.0,log10 per day unless the column name says per hour,-0.02371326703960584,6.92445303860748,0.0491710682256323,0.2742777336329816,99,0.34136634165928464,0.0005444074900571664,0.2621115050966541,0.00877120692962598,64,46,0.71875,"{""INH10x"": ""10/13"", ""INH1x"": ""15/15"", ""MXF10x"": ""5/18"", ""MXF1x"": ""16/18""}",44,35
vijay,vijay_076_age15d,culture_age_15d,rifampicin,,,1.637365047298182,1.447728750055052,1.8826200521884198,0.8606740497679554,0.6675468509851291,0.9685330344369703,0.06822354363742425,0.035861418740331476,1.9024217678453634,0.0,log10 per day unless the column name says per hour,-0.02371326703960584,6.92445303860748,0.0491710682256323,0.2742777336329816,99,0.34136634165928464,0.0005444074900571664,0.2621115050966541,0.00877120692962598,64,46,0.71875,"{""INH10x"": ""10/13"", ""INH1x"": ""15/15"", ""MXF10x"": ""5/18"", ""MXF1x"": ""16/18""}",44,35
vijay,vijay_076_age30d,culture_age_30d,rifampicin,,,1.1899277400692707,0.9750250463398189,1.307866371091544,0.8736194010067165,0.638413294793323,0.920463630515493,0.04958032250288628,0.036400808375279856,1.3620665231313038,0.0,log10 per day unless the column name says per hour,-0.02371326703960584,6.92445303860748,0.0491710682256323,0.2742777336329816,99,0.34136634165928464,0.0005444074900571664,0.2621115050966541,0.00877120692962598,64,46,0.71875,"{""INH10x"": ""10/13"", ""INH1x"": ""15/15"", ""MXF10x"": ""5/18"", ""MXF1x"": ""16/18""}",44,35
vijay,vijay_076_age60d,culture_age_60d,rifampicin,,,0.8546433321352255,0.6351106801628443,0.9945561474428835,0.8313259607131459,0.6185493678647499,0.9283047887919172,0.03561013883896773,0.03463858169638108,1.0280484100389178,0.0,log10 per day unless the column name says per hour,-0.02371326703960584,6.92445303860748,0.0491710682256323,0.2742777336329816,99,0.34136634165928464,0.0005444074900571664,0.2621115050966541,0.00877120692962598,64,46,0.71875,"{""INH10x"": ""10/13"", ""INH1x"": ""15/15"", ""MXF10x"": ""5/18"", ""MXF1x"": ""16/18""}",44,35
vijay,vijay_077_age15d,culture_age_15d,rifampicin,,,0.9982125556124845,0.8211709698437607,1.2986547193804014,0.20638851415641965,0.05494509993494496,0.3462865907511009,0.041592189817186855,0.008599521423184152,4.836570289255292,0.06666666666666667,log10 per day unless the column name says per hour,-0.02371326703960584,6.92445303860748,0.0491710682256323,0.2742777336329816,99,0.34136634165928464,0.0005444074900571664,0.2621115050966541,0.00877120692962598,64,46,0.71875,"{""INH10x"": ""10/13"", ""INH1x"": ""15/15"", ""MXF10x"": ""5/18"", ""MXF1x"": ""16/18""}",44,35
vijay,vijay_077_age30d,culture_age_30d,rifampicin,,,0.7166369886334514,0.5491087747064098,0.8302009996665688,0.22651082429148506,0.03508004679099256,0.34780400451445426,0.02985987452639381,0.00943795101214521,3.1638090182888936,0.06666666666666667,log10 per day unless the column name says per hour,-0.02371326703960584,6.92445303860748,0.0491710682256323,0.2742777336329816,99,0.34136634165928464,0.0005444074900571664,0.2621115050966541,0.00877120692962598,64,46,0.71875,"{""INH10x"": ""10/13"", ""INH1x"": ""15/15"", ""MXF10x"": ""5/18"", ""MXF1x"": ""16/18""}",44,35
vijay,vijay_077_age60d,culture_age_60d,rifampicin,,,0.2629971396180676,0.05100017195151862,0.3725075369953981,0.23825297749803034,0.0005849145098243832,0.3356437729980633,0.010958214150752816,0.009927207395751264,1.1038566752864265,0.06666666666666667,log10 per day unless the column name says per hour,-0.02371326703960584,6.92445303860748,0.0491710682256323,0.2742777336329816,99,0.34136634165928464,0.0005444074900571664,0.2621115050966541,0.00877120692962598,64,46,0.71875,"{""INH10x"": ""10/13"", ""INH1x"": ""15/15"", ""MXF10x"": ""5/18"", ""MXF1x"": ""16/18""}",44,35
vijay,vijay_078_age15d,culture_age_15d,rifampicin,,,0.5135260585974553,0.2720631775484998,0.6349809899160168,0.055142946055788726,-0.09874732358612509,0.096828141349756,0.021396919108227302,0.0022976227523245304,9.312633715251907,0.26666666666666666,log10 per day unless the column name says per hour,-0.02371326703960584,6.92445303860748,0.0491710682256323,0.2742777336329816,99,0.34136634165928464,0.0005444074900571664,0.2621115050966541,0.00877120692962598,64,46,0.71875,"{""INH10x"": ""10/13"", ""INH1x"": ""15/15"", ""MXF10x"": ""5/18"", ""MXF1x"": ""16/18""}",44,35
vijay,vijay_078_age30d,culture_age_30d,rifampicin,,,0.34402103958136665,0.09535913130017043,0.46198341091056067,0.05775454217461441,-0.12416429526116547,0.12415968754540217,0.014334209982556944,0.0024064392572756004,5.9566057772782175,0.3333333333333333,log10 per day unless the column name says per hour,-0.02371326703960584,6.92445303860748,0.0491710682256323,0.2742777336329816,99,0.34136634165928464,0.0005444074900571664,0.2621115050966541,0.00877120692962598,64,46,0.71875,"{""INH10x"": ""10/13"", ""INH1x"": ""15/15"", ""MXF10x"": ""5/18"", ""MXF1x"": ""16/18""}",44,35
vijay,vijay_078_age60d,culture_age_60d,rifampicin,,,0.01897737956723058,-0.2172899069847578,0.11466083151514739,0.009878633625273942,-0.13581566498572273,0.11785307099315605,0.0007907241486346076,0.0004116097343864142,1.9210530815393334,0.4,log10 per day unless the column name says per hour,-0.02371326703960584,6.92445303860748,0.0491710682256323,0.2742777336329816,99,0.34136634165928464,0.0005444074900571664,0.2621115050966541,0.00877120692962598,64,46,0.71875,"{""INH10x"": ""10/13"", ""INH1x"": ""15/15"", ""MXF10x"": ""5/18"", ""MXF1x"": ""16/18""}",44,35
vijay,vijay_079_age15d,culture_age_15d,rifampicin,,,1.1113217182891735,0.8255271253607553,1.4459316163330227,0.13430988323527052,-0.007103860943520349,0.37534874028429493,0.046305071595382226,0.0055962451348029385,8.274310806617798,0.06666666666666667,log10 per day unless the column name says per hour,-0.02371326703960584,6.92445303860748,0.0491710682256323,0.2742777336329816,99,0.34136634165928464,0.0005444074900571664,0.2621115050966541,0.00877120692962598,64,46,0.71875,"{""INH10x"": ""10/13"", ""INH1x"": ""15/15"", ""MXF10x"": ""5/18"", ""MXF1x"": ""16/18""}",44,35
vijay,vijay_079_age30d,culture_age_30d,rifampicin,,,0.591570436728463,0.49478837968521033,0.8361476405391007,0.13068548374592287,-0.016828228676758084,0.32348506952043515,0.02464876819701929,0.005445228489413453,4.5266728925959905,0.13333333333333333,log10 per day unless the column name says per hour,-0.02371326703960584,6.92445303860748,0.0491710682256323,0.2742777336329816,99,0.34136634165928464,0.0005444074900571664,0.2621115050966541,0.00877120692962598,64,46,0.71875,"{""INH10x"": ""10/13"", ""INH1x"": ""15/15"", ""MXF10x"": ""5/18"", ""MXF1x"": ""16/18""}",44,35
vijay,vijay_079_age60d,culture_age_60d,rifampicin,,,0.1518499715570165,-0.0922806733909955,0.3203426039006055,0.12998050740489345,-0.0022113364964254224,0.29533610798258453,0.00632708214820902,0.005415854475203894,1.1682518755216038,0.06666666666666667,log10 per day unless the column name says per hour,-0.02371326703960584,6.92445303860748,0.0491710682256323,0.2742777336329816,99,0.34136634165928464,0.0005444074900571664,0.2621115050966541,0.00877120692962598,64,46,0.71875,"{""INH10x"": ""10/13"", ""INH1x"": ""15/15"", ""MXF10x"": ""5/18"", ""MXF1x"": ""16/18""}",44,35
vijay,vijay_080_age15d,culture_age_15d,rifampicin,,,0.9399433949498458,0.6927820923807831,1.3323723787587363,0.1496832283997724,-0.0738085320734845,0.30716180133855525,0.03916430812291024,0.00623680118332385,6.279550521448233,0.2,log10 per day unless the column name says per hour,-0.02371326703960584,6.92445303860748,0.0491710682256323,0.2742777336329816,99,0.34136634165928464,0.0005444074900571664,0.2621115050966541,0.00877120692962598,64,46,0.71875,"{""INH10x"": ""10/13"", ""INH1x"": ""15/15"", ""MXF10x"": ""5/18"", ""MXF1x"": ""16/18""}",44,35
vijay,vijay_080_age30d,culture_age_30d,rifampicin,,,0.5998891328494415,0.39560567341869274,0.7270149305593299,0.1755245479868018,-0.048334644560788606,0.28533546280484573,0.024995380535393394,0.0073135228327834085,3.4176936487228486,0.2,log10 per day unless the column name says per hour,-0.02371326703960584,6.92445303860748,0.0491710682256323,0.2742777336329816,99,0.34136634165928464,0.0005444074900571664,0.2621115050966541,0.00877120692962598,64,46,0.71875,"{""INH10x"": ""10/13"", ""INH1x"": ""15/15"", ""MXF10x"": ""5/18"", ""MXF1x"": ""16/18""}",44,35
vijay,vijay_080_age60d,culture_age_60d,rifampicin,,,0.27906210753765115,0.039355370192341595,0.38372354214095783,0.1587826738240591,-0.07040067729143282,0.2632383328415113,0.011627587814068798,0.00661594474266913,1.7575098139918528,0.2,log10 per day unless the column name says per hour,-0.02371326703960584,6.92445303860748,0.0491710682256323,0.2742777336329816,99,0.34136634165928464,0.0005444074900571664,0.2621115050966541,0.00877120692962598,64,46,0.71875,"{""INH10x"": ""10/13"", ""INH1x"": ""15/15"", ""MXF10x"": ""5/18"", ""MXF1x"": ""16/18""}",44,35
vijay,vijay_081_age15d,culture_age_15d,rifampicin,,,0.9983734707891173,0.7771640319801036,1.2459241887328913,0.1691851930754847,-0.0010088732067999907,0.32165571177621893,0.041598894616213224,0.007049383044811863,5.9010688384749885,0.06666666666666667,log10 per day unless the column name says per hour,-0.02371326703960584,6.92445303860748,0.0491710682256323,0.2742777336329816,99,0.34136634165928464,0.0005444074900571664,0.2621115050966541,0.00877120692962598,64,46,0.71875,"{""INH10x"": ""10/13"", ""INH1x"": ""15/15"", ""MXF10x"": ""5/18"", ""MXF1x"": ""16/18""}",44,35
vijay,vijay_081_age30d,culture_age_30d,rifampicin,,,0.4736178462065211,0.3634467016368676,0.6603497077303391,0.14214530323390043,0.06391123023744366,0.28338699264567124,0.019734076925271713,0.005922720968079185,3.331927509607418,0.0,log10 per day unless the column name says per hour,-0.02371326703960584,6.92445303860748,0.0491710682256323,0.2742777336329816,99,0.34136634165928464,0.0005444074900571664,0.2621115050966541,0.00877120692962598,64,46,0.71875,"{""INH10x"": ""10/13"", ""INH1x"": ""15/15"", ""MXF10x"": ""5/18"", ""MXF1x"": ""16/18""}",44,35
vijay,vijay_081_age60d,culture_age_60d,rifampicin,,,0.09259054485141702,-0.08734910258340153,0.2729068120598866,0.13841121294835684,0.06340399324476087,0.30121170929671404,0.0038579393688090422,0.0057671338728482015,0.6689526294807043,0.0,log10 per day unless the column name says per hour,-0.02371326703960584,6.92445303860748,0.0491710682256323,0.2742777336329816,99,0.34136634165928464,0.0005444074900571664,0.2621115050966541,0.00877120692962598,64,46,0.71875,"{""INH10x"": ""10/13"", ""INH1x"": ""15/15"", ""MXF10x"": ""5/18"", ""MXF1x"": ""16/18""}",44,35
vijay,vijay_082_age15d,culture_age_15d,rifampicin,,,0.9819973720216447,0.7913966184153827,1.301837259283091,0.1753424457020946,0.10175331156371256,0.38153441636795543,0.04091655716756853,0.007305935237587275,5.60045440275226,0.0,log10 per day unless the column name says per hour,-0.02371326703960584,6.92445303860748,0.0491710682256323,0.2742777336329816,99,0.34136634165928464,0.0005444074900571664,0.2621115050966541,0.00877120692962598,64,46,0.71875,"{""INH10x"": ""10/13"", ""INH1x"": ""15/15"", ""MXF10x"": ""5/18"", ""MXF1x"": ""16/18""}",44,35
vijay,vijay_082_age30d,culture_age_30d,rifampicin,,,0.5273696246966163,0.4078909370791003,0.6906857388783743,0.24014943732209404,0.0851477954697452,0.38807410955670935,0.021973734362359013,0.010006226555087252,2.1960060809524022,0.0,log10 per day unless the column name says per hour,-0.02371326703960584,6.92445303860748,0.0491710682256323,0.2742777336329816,99,0.34136634165928464,0.0005444074900571664,0.2621115050966541,0.00877120692962598,64,46,0.71875,"{""INH10x"": ""10/13"", ""INH1x"": ""15/15"", ""MXF10x"": ""5/18"", ""MXF1x"": ""16/18""}",44,35
vijay,vijay_082_age60d,culture_age_60d,rifampicin,,,0.190536725301401,0.05024781507614118,0.3562874154491175,0.21595578401419563,0.07512908464288295,0.33387736642484916,0.00793903022089171,0.008998157667258151,0.8822950780002089,0.0,log10 per day unless the column name says per hour,-0.02371326703960584,6.92445303860748,0.0491710682256323,0.2742777336329816,99,0.34136634165928464,0.0005444074900571664,0.2621115050966541,0.00877120692962598,64,46,0.71875,"{""INH10x"": ""10/13"", ""INH1x"": ""15/15"", ""MXF10x"": ""5/18"", ""MXF1x"": ""16/18""}",44,35
vijay,vijay_083_age15d,culture_age_15d,rifampicin,,,0.9711703425281828,0.8067946010263246,1.3487359708851283,0.2046173358814889,0.07241539984799722,0.2662422007725946,0.04046543093867428,0.008525722328395371,4.746275961146661,0.0,log10 per day unless the column name says per hour,-0.02371326703960584,6.92445303860748,0.0491710682256323,0.2742777336329816,99,0.34136634165928464,0.0005444074900571664,0.2621115050966541,0.00877120692962598,64,46,0.71875,"{""INH10x"": ""10/13"", ""INH1x"": ""15/15"", ""MXF10x"": ""5/18"", ""MXF1x"": ""16/18""}",44,35
vijay,vijay_083_age30d,culture_age_30d,rifampicin,,,0.6816396346375792,0.5426727477702646,0.8438308479801301,0.20914604740978826,0.08289639778918431,0.28473162445587824,0.028401651443232465,0.008714418642074511,3.2591561881253974,0.0,log10 per day unless the column name says per hour,-0.02371326703960584,6.92445303860748,0.0491710682256323,0.2742777336329816,99,0.34136634165928464,0.0005444074900571664,0.2621115050966541,0.00877120692962598,64,46,0.71875,"{""INH10x"": ""10/13"", ""INH1x"": ""15/15"", ""MXF10x"": ""5/18"", ""MXF1x"": ""16/18""}",44,35
vijay,vijay_083_age60d,culture_age_60d,rifampicin,,,0.07913833891501873,-0.05965168856843775,0.27166444779251236,0.18500820473721888,0.05980596018752777,0.31232368909247954,0.0032974307881257804,0.00770867519738412,0.4277558340043615,0.0,log10 per day unless the column name says per hour,-0.02371326703960584,6.92445303860748,0.0491710682256323,0.2742777336329816,99,0.34136634165928464,0.0005444074900571664,0.2621115050966541,0.00877120692962598,64,46,0.71875,"{""INH10x"": ""10/13"", ""INH1x"": ""15/15"", ""MXF10x"": ""5/18"", ""MXF1x"": ""16/18""}",44,35
vijay,vijay_084_age15d,culture_age_15d,rifampicin,,,1.1600547241744212,0.8143019190039459,1.3099880132645292,0.22449800222801167,0.07067705666425364,0.4119873694892201,0.048335613507267554,0.009354083426167153,5.167327604974455,0.06666666666666667,log10 per day unless the column name says per hour,-0.02371326703960584,6.92445303860748,0.0491710682256323,0.2742777336329816,99,0.34136634165928464,0.0005444074900571664,0.2621115050966541,0.00877120692962598,64,46,0.71875,"{""INH10x"": ""10/13"", ""INH1x"": ""15/15"", ""MXF10x"": ""5/18"", ""MXF1x"": ""16/18""}",44,35
vijay,vijay_084_age30d,culture_age_30d,rifampicin,,,0.7561140311523791,0.5466415559140678,0.9146354052268717,0.21525050340769922,0.07956115019534252,0.36223926967490616,0.0315047512980158,0.0089687709753208,3.5127166681707926,0.06666666666666667,log10 per day unless the column name says per hour,-0.02371326703960584,6.92445303860748,0.0491710682256323,0.2742777336329816,99,0.34136634165928464,0.0005444074900571664,0.2621115050966541,0.00877120692962598,64,46,0.71875,"{""INH10x"": ""10/13"", ""INH1x"": ""15/15"", ""MXF10x"": ""5/18"", ""MXF1x"": ""16/18""}",44,35
vijay,vijay_084_age60d,culture_age_60d,rifampicin,,,0.135528769403859,-0.09108660256635431,0.4271606171905011,0.22976460923670428,0.03293317700993725,0.3800783850502255,0.005647032058494125,0.009573525384862678,0.5898592035305003,0.06666666666666667,log10 per day unless the column name says per hour,-0.02371326703960584,6.92445303860748,0.0491710682256323,0.2742777336329816,99,0.34136634165928464,0.0005444074900571664,0.2621115050966541,0.00877120692962598,64,46,0.71875,"{""INH10x"": ""10/13"", ""INH1x"": ""15/15"", ""MXF10x"": ""5/18"", ""MXF1x"": ""16/18""}",44,35
vijay,vijay_085_age15d,culture_age_15d,rifampicin,,,0.7858837079633321,0.5330136467113888,0.9087411253150297,0.13340079481081282,-0.09083209212848965,0.2631009418704116,0.03274515449847217,0.005558366450450534,5.891147118559988,0.2,log10 per day unless the column name says per hour,-0.02371326703960584,6.92445303860748,0.0491710682256323,0.2742777336329816,99,0.34136634165928464,0.0005444074900571664,0.2621115050966541,0.00877120692962598,64,46,0.71875,"{""INH10x"": ""10/13"", ""INH1x"": ""15/15"", ""MXF10x"": ""5/18"", ""MXF1x"": ""16/18""}",44,35
vijay,vijay_085_age30d,culture_age_30d,rifampicin,,,0.2217523645003832,0.016085568851690105,0.4948823811708981,0.11937845726929391,-0.08166165498730835,0.2625295550874974,0.009239681854182632,0.00497410238622058,1.8575576328663237,0.13333333333333333,log10 per day unless the column name says per hour,-0.02371326703960584,6.92445303860748,0.0491710682256323,0.2742777336329816,99,0.34136634165928464,0.0005444074900571664,0.2621115050966541,0.00877120692962598,64,46,0.71875,"{""INH10x"": ""10/13"", ""INH1x"": ""15/15"", ""MXF10x"": ""5/18"", ""MXF1x"": ""16/18""}",44,35
vijay,vijay_086_age15d,culture_age_15d,rifampicin,,,0.8624039906710291,0.7135912830311281,1.193364511530779,0.07765834556072927,0.0018184135474120658,0.23912753289622207,0.03593349961129288,0.0032357643983637195,11.105103829396214,0.06666666666666667,log10 per day unless the column name says per hour,-0.02371326703960584,6.92445303860748,0.0491710682256323,0.2742777336329816,99,0.34136634165928464,0.0005444074900571664,0.2621115050966541,0.00877120692962598,64,46,0.71875,"{""INH10x"": ""10/13"", ""INH1x"": ""15/15"", ""MXF10x"": ""5/18"", ""MXF1x"": ""16/18""}",44,35
vijay,vijay_086_age30d,culture_age_30d,rifampicin,,,0.6069370642368856,0.45885841369346,0.6979140477060138,0.0686130715780815,-0.0031998160180986904,0.206767192775074,0.02528904434320357,0.0028588779824200625,8.845793524142012,0.06666666666666667,log10 per day unless the column name says per hour,-0.02371326703960584,6.92445303860748,0.0491710682256323,0.2742777336329816,99,0.34136634165928464,0.0005444074900571664,0.2621115050966541,0.00877120692962598,64,46,0.71875,"{""INH10x"": ""10/13"", ""INH1x"": ""15/15"", ""MXF10x"": ""5/18"", ""MXF1x"": ""16/18""}",44,35
vijay,vijay_086_age60d,culture_age_60d,rifampicin,,,0.0643217392619551,-0.033795553374956336,0.1808075587540705,0.071215605039641,-0.028320845474948318,0.19269611928528896,0.002680072469248129,0.0029673168766517085,0.9031972588894169,0.13333333333333333,log10 per day unless the column name says per hour,-0.02371326703960584,6.92445303860748,0.0491710682256323,0.2742777336329816,99,0.34136634165928464,0.0005444074900571664,0.2621115050966541,0.00877120692962598,64,46,0.71875,"{""INH10x"": ""10/13"", ""INH1x"": ""15/15"", ""MXF10x"": ""5/18"", ""MXF1x"": ""16/18""}",44,35
vijay,vijay_087_age15d,culture_age_15d,rifampicin,,,0.7920481739489106,0.678924602607396,0.8976270300328069,0.2456311444771571,0.08969682284470912,0.37051324091079285,0.03300200724787127,0.010234631019881545,3.224542944807915,0.0,log10 per day unless the column name says per hour,-0.02371326703960584,6.92445303860748,0.0491710682256323,0.2742777336329816,99,0.34136634165928464,0.0005444074900571664,0.2621115050966541,0.00877120692962598,64,46,0.71875,"{""INH10x"": ""10/13"", ""INH1x"": ""15/15"", ""MXF10x"": ""5/18"", ""MXF1x"": ""16/18""}",44,35
vijay,vijay_087_age30d,culture_age_30d,rifampicin,,,0.5364408067356137,0.355525561323595,0.680876508422698,0.21669467847201093,0.034303146842133106,0.35489628731174727,0.02235170028065057,0.009028944936333789,2.4755605929884537,0.0,log10 per day unless the column name says per hour,-0.02371326703960584,6.92445303860748,0.0491710682256323,0.2742777336329816,99,0.34136634165928464,0.0005444074900571664,0.2621115050966541,0.00877120692962598,64,46,0.71875,"{""INH10x"": ""10/13"", ""INH1x"": ""15/15"", ""MXF10x"": ""5/18"", ""MXF1x"": ""16/18""}",44,35
vijay,vijay_087_age60d,culture_age_60d,rifampicin,,,0.21863393032207143,-0.008492326433367767,0.38058404835561654,0.20192826876661407,0.06337885434510036,0.3623759249178729,0.009109747096752977,0.008413677865275587,1.08273067291418,0.0,log10 per day unless the column name says per hour,-0.02371326703960584,6.92445303860748,0.0491710682256323,0.2742777336329816,99,0.34136634165928464,0.0005444074900571664,0.2621115050966541,0.00877120692962598,64,46,0.71875,"{""INH10x"": ""10/13"", ""INH1x"": ""15/15"", ""MXF10x"": ""5/18"", ""MXF1x"": ""16/18""}",44,35
vijay,vijay_088_age15d,culture_age_15d,rifampicin,,,0.8746059386377312,0.7675819220722802,0.9919389186394182,0.22352015859776017,0.11052237130372632,0.3207437108435658,0.036441914109905466,0.00931333994157334,3.912872754406212,0.0,log10 per day unless the column name says per hour,-0.02371326703960584,6.92445303860748,0.0491710682256323,0.2742777336329816,99,0.34136634165928464,0.0005444074900571664,0.2621115050966541,0.00877120692962598,64,46,0.71875,"{""INH10x"": ""10/13"", ""INH1x"": ""15/15"", ""MXF10x"": ""5/18"", ""MXF1x"": ""16/18""}",44,35
vijay,vijay_088_age30d,culture_age_30d,rifampicin,,,0.46411019158545425,0.03942261565565351,0.5775451215024597,0.22312139445823256,0.1047607781547373,0.3765309218860887,0.019337924649393927,0.009296724769093023,2.080079289179657,0.0,log10 per day unless the column name says per hour,-0.02371326703960584,6.92445303860748,0.0491710682256323,0.2742777336329816,99,0.34136634165928464,0.0005444074900571664,0.2621115050966541,0.00877120692962598,64,46,0.71875,"{""INH10x"": ""10/13"", ""INH1x"": ""15/15"", ""MXF10x"": ""5/18"", ""MXF1x"": ""16/18""}",44,35
vijay,vijay_089_age15d,culture_age_15d,rifampicin,,,1.230171463329023,1.113703141909992,1.7360967288096287,0.2923895200757617,0.20265351521218294,0.5157732663065445,0.05125714430537596,0.012182896669823404,4.207303541557408,0.0,log10 per day unless the column name says per hour,-0.02371326703960584,6.92445303860748,0.0491710682256323,0.2742777336329816,99,0.34136634165928464,0.0005444074900571664,0.2621115050966541,0.00877120692962598,64,46,0.71875,"{""INH10x"": ""10/13"", ""INH1x"": ""15/15"", ""MXF10x"": ""5/18"", ""MXF1x"": ""16/18""}",44,35
vijay,vijay_089_age30d,culture_age_30d,rifampicin,,,0.8954041825955859,0.7944384918550474,1.1086306130682415,0.3146542742257993,0.22330200418997087,0.5176467431968368,0.03730850760814941,0.013110594759408303,2.8456762101792847,0.0,log10 per day unless the column name says per hour,-0.02371326703960584,6.92445303860748,0.0491710682256323,0.2742777336329816,99,0.34136634165928464,0.0005444074900571664,0.2621115050966541,0.00877120692962598,64,46,0.71875,"{""INH10x"": ""10/13"", ""INH1x"": ""15/15"", ""MXF10x"": ""5/18"", ""MXF1x"": ""16/18""}",44,35
vijay,vijay_089_age60d,culture_age_60d,rifampicin,,,0.3516979087600478,0.16105097196541562,0.4989028255053584,0.32538315678937496,0.18354792301709616,0.49015362883608654,0.01465407953166866,0.013557631532890623,1.08087312272192,0.0,log10 per day unless the column name says per hour,-0.02371326703960584,6.92445303860748,0.0491710682256323,0.2742777336329816,99,0.34136634165928464,0.0005444074900571664,0.2621115050966541,0.00877120692962598,64,46,0.71875,"{""INH10x"": ""10/13"", ""INH1x"": ""15/15"", ""MXF10x"": ""5/18"", ""MXF1x"": ""16/18""}",44,35
vijay,vijay_090_age15d,culture_age_15d,rifampicin,,,0.9550164604679623,0.7760236892584604,1.1540273795336629,0.1217176328224367,0.042489788079985054,0.21619777592948805,0.039792352519498426,0.005071568034268195,7.846163602780158,0.0,log10 per day unless the column name says per hour,-0.02371326703960584,6.92445303860748,0.0491710682256323,0.2742777336329816,99,0.34136634165928464,0.0005444074900571664,0.2621115050966541,0.00877120692962598,64,46,0.71875,"{""INH10x"": ""10/13"", ""INH1x"": ""15/15"", ""MXF10x"": ""5/18"", ""MXF1x"": ""16/18""}",44,35
vijay,vijay_090_age30d,culture_age_30d,rifampicin,,,0.4558857615164049,0.285910887625468,0.6217600617165058,0.11792018215418859,0.05558758355308725,0.28261779812127086,0.01899524006318354,0.004913340923091192,3.866053742355177,0.0,log10 per day unless the column name says per hour,-0.02371326703960584,6.92445303860748,0.0491710682256323,0.2742777336329816,99,0.34136634165928464,0.0005444074900571664,0.2621115050966541,0.00877120692962598,64,46,0.71875,"{""INH10x"": ""10/13"", ""INH1x"": ""15/15"", ""MXF10x"": ""5/18"", ""MXF1x"": ""16/18""}",44,35
vijay,vijay_090_age60d,culture_age_60d,rifampicin,,,0.0590423558421703,-0.19100923990175384,0.24251674818577762,0.09767981514713574,0.0046370748511281,0.24721464061218545,0.002460098160090429,0.004069992297797322,0.6044478662580842,0.06666666666666667,log10 per day unless the column name says per hour,-0.02371326703960584,6.92445303860748,0.0491710682256323,0.2742777336329816,99,0.34136634165928464,0.0005444074900571664,0.2621115050966541,0.00877120692962598,64,46,0.71875,"{""INH10x"": ""10/13"", ""INH1x"": ""15/15"", ""MXF10x"": ""5/18"", ""MXF1x"": ""16/18""}",44,35
vijay,vijay_091_age15d,culture_age_15d,rifampicin,,,0.8234900241581968,0.758091531023119,0.9735109620772489,0.18987266717191056,0.10258698503901334,0.30950016394547614,0.034312084339924866,0.00791136113216294,4.337064604525778,0.0,log10 per day unless the column name says per hour,-0.02371326703960584,6.92445303860748,0.0491710682256323,0.2742777336329816,99,0.34136634165928464,0.0005444074900571664,0.2621115050966541,0.00877120692962598,64,46,0.71875,"{""INH10x"": ""10/13"", ""INH1x"": ""15/15"", ""MXF10x"": ""5/18"", ""MXF1x"": ""16/18""}",44,35
vijay,vijay_091_age30d,culture_age_30d,rifampicin,,,0.4676132261663618,0.22708525062674612,0.6216900033728394,0.2073249043471625,0.11174612574895551,0.34369380987426473,0.01948388442359841,0.00863853768113177,2.2554609521649667,0.0,log10 per day unless the column name says per hour,-0.02371326703960584,6.92445303860748,0.0491710682256323,0.2742777336329816,99,0.34136634165928464,0.0005444074900571664,0.2621115050966541,0.00877120692962598,64,46,0.71875,"{""INH10x"": ""10/13"", ""INH1x"": ""15/15"", ""MXF10x"": ""5/18"", ""MXF1x"": ""16/18""}",44,35
vijay,vijay_091_age60d,culture_age_60d,rifampicin,,,0.0607537502760645,-0.2307881852147657,0.24194264101140703,0.17800383448681187,0.08203681889698647,0.30149092309468667,0.0025314062615026875,0.0074168264369504945,0.3413058513667338,0.0,log10 per day unless the column name says per hour,-0.02371326703960584,6.92445303860748,0.0491710682256323,0.2742777336329816,99,0.34136634165928464,0.0005444074900571664,0.2621115050966541,0.00877120692962598,64,46,0.71875,"{""INH10x"": ""10/13"", ""INH1x"": ""15/15"", ""MXF10x"": ""5/18"", ""MXF1x"": ""16/18""}",44,35
vijay,vijay_092_age15d,culture_age_15d,rifampicin,,,0.932524271189044,0.8181013643929338,1.1057950522831628,0.21319047878355132,0.10719914224942959,0.24871634420386363,0.038855177966210165,0.008882936615981305,4.374136577346027,0.0,log10 per day unless the column name says per hour,-0.02371326703960584,6.92445303860748,0.0491710682256323,0.2742777336329816,99,0.34136634165928464,0.0005444074900571664,0.2621115050966541,0.00877120692962598,64,46,0.71875,"{""INH10x"": ""10/13"", ""INH1x"": ""15/15"", ""MXF10x"": ""5/18"", ""MXF1x"": ""16/18""}",44,35
vijay,vijay_092_age30d,culture_age_30d,rifampicin,,,0.6167007664213762,0.5065907104041057,0.7143654012809826,0.20560268027346043,0.09801894339774407,0.30482879293734394,0.02569586526755734,0.008566778344727518,2.999478244160716,0.0,log10 per day unless the column name says per hour,-0.02371326703960584,6.92445303860748,0.0491710682256323,0.2742777336329816,99,0.34136634165928464,0.0005444074900571664,0.2621115050966541,0.00877120692962598,64,46,0.71875,"{""INH10x"": ""10/13"", ""INH1x"": ""15/15"", ""MXF10x"": ""5/18"", ""MXF1x"": ""16/18""}",44,35
vijay,vijay_092_age60d,culture_age_60d,rifampicin,,,0.2272590063034526,0.08756699485299443,0.34041458118827406,0.17987096279756382,0.08179106751967923,0.23210072275442958,0.009469125262643858,0.007494623449898492,1.2634557727876388,0.0,log10 per day unless the column name says per hour,-0.02371326703960584,6.92445303860748,0.0491710682256323,0.2742777336329816,99,0.34136634165928464,0.0005444074900571664,0.2621115050966541,0.00877120692962598,64,46,0.71875,"{""INH10x"": ""10/13"", ""INH1x"": ""15/15"", ""MXF10x"": ""5/18"", ""MXF1x"": ""16/18""}",44,35
vijay,vijay_093_age15d,culture_age_15d,rifampicin,,,0.7609667881599445,0.6178676504677044,0.9696130076989364,0.11061456037836968,-0.06279812391762787,0.29512296996184106,0.031706949506664354,0.0046089400157654035,6.87944503469499,0.13333333333333333,log10 per day unless the column name says per hour,-0.02371326703960584,6.92445303860748,0.0491710682256323,0.2742777336329816,99,0.34136634165928464,0.0005444074900571664,0.2621115050966541,0.00877120692962598,64,46,0.71875,"{""INH10x"": ""10/13"", ""INH1x"": ""15/15"", ""MXF10x"": ""5/18"", ""MXF1x"": ""16/18""}",44,35
vijay,vijay_093_age30d,culture_age_30d,rifampicin,,,0.5963492016186258,0.4588160165097553,0.7873403463205887,0.0921395931028765,0.037869981600961625,0.2794939523962609,0.024847883400776077,0.0038391497126198542,6.472236109755605,0.0,log10 per day unless the column name says per hour,-0.02371326703960584,6.92445303860748,0.0491710682256323,0.2742777336329816,99,0.34136634165928464,0.0005444074900571664,0.2621115050966541,0.00877120692962598,64,46,0.71875,"{""INH10x"": ""10/13"", ""INH1x"": ""15/15"", ""MXF10x"": ""5/18"", ""MXF1x"": ""16/18""}",44,35
vijay,vijay_093_age60d,culture_age_60d,rifampicin,,,0.2721059499854352,0.11593989861462724,0.42474929661882943,0.08449352911728825,-0.06598502692436538,0.283651130566987,0.0113377479160598,0.0035205637132203435,3.220435373313807,0.26666666666666666,log10 per day unless the column name says per hour,-0.02371326703960584,6.92445303860748,0.0491710682256323,0.2742777336329816,99,0.34136634165928464,0.0005444074900571664,0.2621115050966541,0.00877120692962598,64,46,0.71875,"{""INH10x"": ""10/13"", ""INH1x"": ""15/15"", ""MXF10x"": ""5/18"", ""MXF1x"": ""16/18""}",44,35
vijay,vijay_094_age15d,culture_age_15d,rifampicin,,,1.0572310692604514,0.7901230055570488,1.3133841361606777,0.2802658468334378,0.06254156959869168,0.3606474128197395,0.044051294552518806,0.011677743618059908,3.772243679369055,0.0,log10 per day unless the column name says per hour,-0.02371326703960584,6.92445303860748,0.0491710682256323,0.2742777336329816,99,0.34136634165928464,0.0005444074900571664,0.2621115050966541,0.00877120692962598,64,46,0.71875,"{""INH10x"": ""10/13"", ""INH1x"": ""15/15"", ""MXF10x"": ""5/18"", ""MXF1x"": ""16/18""}",44,35
vijay,vijay_094_age30d,culture_age_30d,rifampicin,,,0.744107866210415,0.5303546811583967,0.8408943471647907,0.22552166757694994,0.07350373856826202,0.3346528534651241,0.03100449442543396,0.00939673614903958,3.2994961158511256,0.0,log10 per day unless the column name says per hour,-0.02371326703960584,6.92445303860748,0.0491710682256323,0.2742777336329816,99,0.34136634165928464,0.0005444074900571664,0.2621115050966541,0.00877120692962598,64,46,0.71875,"{""INH10x"": ""10/13"", ""INH1x"": ""15/15"", ""MXF10x"": ""5/18"", ""MXF1x"": ""16/18""}",44,35
vijay,vijay_094_age60d,culture_age_60d,rifampicin,,,0.42473423765987844,0.24199247899252369,0.4976899810851863,0.2539729945660376,0.06634976385097632,0.34539845313964784,0.017697259902494936,0.010582208106918234,1.672359844343371,0.0,log10 per day unless the column name says per hour,-0.02371326703960584,6.92445303860748,0.0491710682256323,0.2742777336329816,99,0.34136634165928464,0.0005444074900571664,0.2621115050966541,0.00877120692962598,64,46,0.71875,"{""INH10x"": ""10/13"", ""INH1x"": ""15/15"", ""MXF10x"": ""5/18"", ""MXF1x"": ""16/18""}",44,35
vijay,vijay_095_age15d,culture_age_15d,rifampicin,,,1.0329117007749973,0.9061415040130878,1.4438629387460216,0.1791494741815781,0.049584219119483824,0.26868314583557396,0.04303798753229155,0.007464561424232421,5.765641822247734,0.0,log10 per day unless the column name says per hour,-0.02371326703960584,6.92445303860748,0.0491710682256323,0.2742777336329816,99,0.34136634165928464,0.0005444074900571664,0.2621115050966541,0.00877120692962598,64,46,0.71875,"{""INH10x"": ""10/13"", ""INH1x"": ""15/15"", ""MXF10x"": ""5/18"", ""MXF1x"": ""16/18""}",44,35
vijay,vijay_095_age30d,culture_age_30d,rifampicin,,,0.6623730276213166,0.5801729072769285,0.8117723679943516,0.1705501775606105,0.093644244649119,0.29529364158593796,0.02759887615088819,0.007106257398358771,3.883742820413781,0.0,log10 per day unless the column name says per hour,-0.02371326703960584,6.92445303860748,0.0491710682256323,0.2742777336329816,99,0.34136634165928464,0.0005444074900571664,0.2621115050966541,0.00877120692962598,64,46,0.71875,"{""INH10x"": ""10/13"", ""INH1x"": ""15/15"", ""MXF10x"": ""5/18"", ""MXF1x"": ""16/18""}",44,35
vijay,vijay_095_age60d,culture_age_60d,rifampicin,,,0.18530749626255744,-0.0758487394254174,0.2737975395257114,0.1926597425415629,0.011905969861663562,0.26253885879361716,0.00772114567760656,0.00802748927256512,0.9618381807116796,0.06666666666666667,log10 per day unless the column name says per hour,-0.02371326703960584,6.92445303860748,0.0491710682256323,0.2742777336329816,99,0.34136634165928464,0.0005444074900571664,0.2621115050966541,0.00877120692962598,64,46,0.71875,"{""INH10x"": ""10/13"", ""INH1x"": ""15/15"", ""MXF10x"": ""5/18"", ""MXF1x"": ""16/18""}",44,35
vijay,vijay_096_age15d,culture_age_15d,rifampicin,,,0.9229296676453004,0.7409981276655326,1.0703784651415142,0.20729126191908417,0.1250681853734172,0.3379116327688331,0.03845540281855418,0.008637135913295175,4.452332718228926,0.0,log10 per day unless the column name says per hour,-0.02371326703960584,6.92445303860748,0.0491710682256323,0.2742777336329816,99,0.34136634165928464,0.0005444074900571664,0.2621115050966541,0.00877120692962598,64,46,0.71875,"{""INH10x"": ""10/13"", ""INH1x"": ""15/15"", ""MXF10x"": ""5/18"", ""MXF1x"": ""16/18""}",44,35
vijay,vijay_096_age30d,culture_age_30d,rifampicin,,,0.4556721939379342,0.31051425738495847,0.6236350351557401,0.24020909576567168,0.14200439125715314,0.37548050954343143,0.01898634141408059,0.010008712323569653,1.8969814298058498,0.0,log10 per day unless the column name says per hour,-0.02371326703960584,6.92445303860748,0.0491710682256323,0.2742777336329816,99,0.34136634165928464,0.0005444074900571664,0.2621115050966541,0.00877120692962598,64,46,0.71875,"{""INH10x"": ""10/13"", ""INH1x"": ""15/15"", ""MXF10x"": ""5/18"", ""MXF1x"": ""16/18""}",44,35
vijay,vijay_096_age60d,culture_age_60d,rifampicin,,,0.11678946937300598,0.002952527957523793,0.32176280140660984,0.19730156425524217,0.11334370182586645,0.3535855634173782,0.004866227890541916,0.00822089851063509,0.5919338238085102,0.0,log10 per day unless the column name says per hour,-0.02371326703960584,6.92445303860748,0.0491710682256323,0.2742777336329816,99,0.34136634165928464,0.0005444074900571664,0.2621115050966541,0.00877120692962598,64,46,0.71875,"{""INH10x"": ""10/13"", ""INH1x"": ""15/15"", ""MXF10x"": ""5/18"", ""MXF1x"": ""16/18""}",44,35
vijay,vijay_097_age15d,culture_age_15d,rifampicin,,,1.0633772620515303,0.9357438749879843,1.442361411278928,0.25213838195466126,0.16871812875393935,0.3807940615222205,0.04430738591881376,0.010505765914777553,4.21743509975702,0.0,log10 per day unless the column name says per hour,-0.02371326703960584,6.92445303860748,0.0491710682256323,0.2742777336329816,99,0.34136634165928464,0.0005444074900571664,0.2621115050966541,0.00877120692962598,64,46,0.71875,"{""INH10x"": ""10/13"", ""INH1x"": ""15/15"", ""MXF10x"": ""5/18"", ""MXF1x"": ""16/18""}",44,35
vijay,vijay_097_age30d,culture_age_30d,rifampicin,,,0.7253420096644211,0.6386669157494016,0.946053174727071,0.2650027741009905,0.13833811277414743,0.41060898453060934,0.030222583736017546,0.011041782254207938,2.737111006196482,0.0,log10 per day unless the column name says per hour,-0.02371326703960584,6.92445303860748,0.0491710682256323,0.2742777336329816,99,0.34136634165928464,0.0005444074900571664,0.2621115050966541,0.00877120692962598,64,46,0.71875,"{""INH10x"": ""10/13"", ""INH1x"": ""15/15"", ""MXF10x"": ""5/18"", ""MXF1x"": ""16/18""}",44,35
vijay,vijay_097_age60d,culture_age_60d,rifampicin,,,0.11406689418020664,-0.3319600858749416,0.23208599966398077,0.28694460992224713,0.11326201601930505,0.42296313935429203,0.00475278725750861,0.011956025413426963,0.3975223448564347,0.0,log10 per day unless the column name says per hour,-0.02371326703960584,6.92445303860748,0.0491710682256323,0.2742777336329816,99,0.34136634165928464,0.0005444074900571664,0.2621115050966541,0.00877120692962598,64,46,0.71875,"{""INH10x"": ""10/13"", ""INH1x"": ""15/15"", ""MXF10x"": ""5/18"", ""MXF1x"": ""16/18""}",44,35
vijay,vijay_098_age15d,culture_age_15d,rifampicin,,,0.6677152942411089,0.4517958408147214,0.7644531992804442,0.20068469727626542,-0.010907384610829574,0.28848638666828474,0.027821470593379537,0.008361862386511059,3.327185895603801,0.06666666666666667,log10 per day unless the column name says per hour,-0.02371326703960584,6.92445303860748,0.0491710682256323,0.2742777336329816,99,0.34136634165928464,0.0005444074900571664,0.2621115050966541,0.00877120692962598,64,46,0.71875,"{""INH10x"": ""10/13"", ""INH1x"": ""15/15"", ""MXF10x"": ""5/18"", ""MXF1x"": ""16/18""}",44,35
vijay,vijay_098_age30d,culture_age_30d,rifampicin,,,0.513654736505844,0.28348225779866376,0.6055505028996573,0.17540156233957724,0.010738387992483937,0.3250688875099227,0.0214022806877435,0.007308398430815718,2.928450178290938,0.0,log10 per day unless the column name says per hour,-0.02371326703960584,6.92445303860748,0.0491710682256323,0.2742777336329816,99,0.34136634165928464,0.0005444074900571664,0.2621115050966541,0.00877120692962598,64,46,0.71875,"{""INH10x"": ""10/13"", ""INH1x"": ""15/15"", ""MXF10x"": ""5/18"", ""MXF1x"": ""16/18""}",44,35
vijay,vijay_098_age60d,culture_age_60d,rifampicin,,,0.1568464031722165,-0.04897609622470646,0.2853730600339706,0.150259758640693,-0.0023627519753689438,0.2883848730972904,0.006535266798842354,0.006260823276695541,1.0438350533177265,0.13333333333333333,log10 per day unless the column name says per hour,-0.02371326703960584,6.92445303860748,0.0491710682256323,0.2742777336329816,99,0.34136634165928464,0.0005444074900571664,0.2621115050966541,0.00877120692962598,64,46,0.71875,"{""INH10x"": ""10/13"", ""INH1x"": ""15/15"", ""MXF10x"": ""5/18"", ""MXF1x"": ""16/18""}",44,35
vijay,vijay_099_age15d,culture_age_15d,rifampicin,,,1.0422123654339637,0.9356853441884008,1.304592031201701,0.3264222074828728,0.14261869756722206,0.4312602250730131,0.043425515226415155,0.013600925311786367,3.192835357222587,0.0,log10 per day unless the column name says per hour,-0.02371326703960584,6.92445303860748,0.0491710682256323,0.2742777336329816,99,0.34136634165928464,0.0005444074900571664,0.2621115050966541,0.00877120692962598,64,46,0.71875,"{""INH10x"": ""10/13"", ""INH1x"": ""15/15"", ""MXF10x"": ""5/18"", ""MXF1x"": ""16/18""}",44,35
vijay,vijay_099_age30d,culture_age_30d,rifampicin,,,0.7541185483564006,0.5587933464866297,0.8565441287657739,0.33577816458583254,0.13057104027301583,0.42919082375691264,0.03142160618151669,0.013990756857743022,2.245883228549338,0.0,log10 per day unless the column name says per hour,-0.02371326703960584,6.92445303860748,0.0491710682256323,0.2742777336329816,99,0.34136634165928464,0.0005444074900571664,0.2621115050966541,0.00877120692962598,64,46,0.71875,"{""INH10x"": ""10/13"", ""INH1x"": ""15/15"", ""MXF10x"": ""5/18"", ""MXF1x"": ""16/18""}",44,35
vijay,vijay_099_age60d,culture_age_60d,rifampicin,,,0.4138315577608841,0.20531551185775465,0.5089432451184998,0.31075114376485685,0.131639061075183,0.4057968424490835,0.017242981573370172,0.012947964323535703,1.3317137074611298,0.0,log10 per day unless the column name says per hour,-0.02371326703960584,6.92445303860748,0.0491710682256323,0.2742777336329816,99,0.34136634165928464,0.0005444074900571664,0.2621115050966541,0.00877120692962598,64,46,0.71875,"{""INH10x"": ""10/13"", ""INH1x"": ""15/15"", ""MXF10x"": ""5/18"", ""MXF1x"": ""16/18""}",44,35
vijay,vijay_100_age15d,culture_age_15d,rifampicin,,,0.8741390665313393,0.7324594437115491,1.0460356098207848,0.20930323448592733,0.07273214025500516,0.33628012126969403,0.036422461105472474,0.008720968103580305,4.176424070456076,0.0,log10 per day unless the column name says per hour,-0.02371326703960584,6.92445303860748,0.0491710682256323,0.2742777336329816,99,0.34136634165928464,0.0005444074900571664,0.2621115050966541,0.00877120692962598,64,46,0.71875,"{""INH10x"": ""10/13"", ""INH1x"": ""15/15"", ""MXF10x"": ""5/18"", ""MXF1x"": ""16/18""}",44,35
vijay,vijay_100_age30d,culture_age_30d,rifampicin,,,0.3752684793142876,0.10925693055821994,0.6129326412628573,0.23806978862008235,0.06467425031318702,0.33173600423421507,0.015636186638095316,0.009919574525836765,1.576296099935428,0.0,log10 per day unless the column name says per hour,-0.02371326703960584,6.92445303860748,0.0491710682256323,0.2742777336329816,99,0.34136634165928464,0.0005444074900571664,0.2621115050966541,0.00877120692962598,64,46,0.71875,"{""INH10x"": ""10/13"", ""INH1x"": ""15/15"", ""MXF10x"": ""5/18"", ""MXF1x"": ""16/18""}",44,35
vijay,vijay_100_age60d,culture_age_60d,rifampicin,,,0.04327054333273218,-0.25813491225383106,0.29259472506359324,0.23852852318353832,0.03620391985320387,0.3430347478883185,0.0018029393055305073,0.009938688465980764,0.18140615954527667,0.06666666666666667,log10 per day unless the column name says per hour,-0.02371326703960584,6.92445303860748,0.0491710682256323,0.2742777336329816,99,0.34136634165928464,0.0005444074900571664,0.2621115050966541,0.00877120692962598,64,46,0.71875,"{""INH10x"": ""10/13"", ""INH1x"": ""15/15"", ""MXF10x"": ""5/18"", ""MXF1x"": ""16/18""}",44,35
vijay,vijay_101_age15d,culture_age_15d,rifampicin,,,0.6229538793535752,0.4243605901430938,0.7945087816185991,0.16352525803704476,-0.021060225710661552,0.26405916494963816,0.025956411639732297,0.006813552418210199,3.8095269613483937,0.13333333333333333,log10 per day unless the column name says per hour,-0.02371326703960584,6.92445303860748,0.0491710682256323,0.2742777336329816,99,0.34136634165928464,0.0005444074900571664,0.2621115050966541,0.00877120692962598,64,46,0.71875,"{""INH10x"": ""10/13"", ""INH1x"": ""15/15"", ""MXF10x"": ""5/18"", ""MXF1x"": ""16/18""}",44,35
vijay,vijay_101_age30d,culture_age_30d,rifampicin,,,0.43192963158795256,0.2592318740119132,0.6276546773712809,0.15235037961096728,-0.0571520905249477,0.2617799402807257,0.017997067982831357,0.0063479324837903035,2.835107025600474,0.13333333333333333,log10 per day unless the column name says per hour,-0.02371326703960584,6.92445303860748,0.0491710682256323,0.2742777336329816,99,0.34136634165928464,0.0005444074900571664,0.2621115050966541,0.00877120692962598,64,46,0.71875,"{""INH10x"": ""10/13"", ""INH1x"": ""15/15"", ""MXF10x"": ""5/18"", ""MXF1x"": ""16/18""}",44,35
vijay,vijay_101_age60d,culture_age_60d,rifampicin,,,0.11719649208210345,-0.04443968291262297,0.27908835329485365,0.10782740335743063,-0.084229225789274,0.2905177099961629,0.004883187170087643,0.004492808473226276,1.0868896814070148,0.13333333333333333,log10 per day unless the column name says per hour,-0.02371326703960584,6.92445303860748,0.0491710682256323,0.2742777336329816,99,0.34136634165928464,0.0005444074900571664,0.2621115050966541,0.00877120692962598,64,46,0.71875,"{""INH10x"": ""10/13"", ""INH1x"": ""15/15"", ""MXF10x"": ""5/18"", ""MXF1x"": ""16/18""}",44,35
vijay,vijay_102_age15d,culture_age_15d,rifampicin,,,1.12769094151185,0.9479209751724896,1.2556572216797341,0.49102747334865965,0.31721691870017366,0.5584490956808204,0.04698712256299375,0.020459478056194153,2.2965943917991734,0.0,log10 per day unless the column name says per hour,-0.02371326703960584,6.92445303860748,0.0491710682256323,0.2742777336329816,99,0.34136634165928464,0.0005444074900571664,0.2621115050966541,0.00877120692962598,64,46,0.71875,"{""INH10x"": ""10/13"", ""INH1x"": ""15/15"", ""MXF10x"": ""5/18"", ""MXF1x"": ""16/18""}",44,35
vijay,vijay_102_age30d,culture_age_30d,rifampicin,,,0.7959669391569821,0.6357871807439077,0.9108450695195948,0.4683655850572784,0.3275696931481938,0.5688269562342394,0.033165289131540925,0.01951523271071993,1.6994565026797177,0.0,log10 per day unless the column name says per hour,-0.02371326703960584,6.92445303860748,0.0491710682256323,0.2742777336329816,99,0.34136634165928464,0.0005444074900571664,0.2621115050966541,0.00877120692962598,64,46,0.71875,"{""INH10x"": ""10/13"", ""INH1x"": ""15/15"", ""MXF10x"": ""5/18"", ""MXF1x"": ""16/18""}",44,35
vijay,vijay_102_age60d,culture_age_60d,rifampicin,,,0.34658933566288713,0.01615681571805334,0.5172753131564127,0.47458699593582476,0.3298090350179314,0.604867012007929,0.014441222319286963,0.0197744581639927,0.7302967393353401,0.0,log10 per day unless the column name says per hour,-0.02371326703960584,6.92445303860748,0.0491710682256323,0.2742777336329816,99,0.34136634165928464,0.0005444074900571664,0.2621115050966541,0.00877120692962598,64,46,0.71875,"{""INH10x"": ""10/13"", ""INH1x"": ""15/15"", ""MXF10x"": ""5/18"", ""MXF1x"": ""16/18""}",44,35
vijay,vijay_103_age15d,culture_age_15d,rifampicin,,,1.51961106374202,1.3628369288338082,2.1431453676241743,0.6060667208095508,0.5242641447144554,0.8891411257342083,0.0633171276559175,0.025252780033731284,2.507332957850262,0.0,log10 per day unless the column name says per hour,-0.02371326703960584,6.92445303860748,0.0491710682256323,0.2742777336329816,99,0.34136634165928464,0.0005444074900571664,0.2621115050966541,0.00877120692962598,64,46,0.71875,"{""INH10x"": ""10/13"", ""INH1x"": ""15/15"", ""MXF10x"": ""5/18"", ""MXF1x"": ""16/18""}",44,35
vijay,vijay_103_age30d,culture_age_30d,rifampicin,,,1.344802243081153,1.196749026215299,1.9537480776849387,0.587014956666816,0.46176280654533375,0.9015707113693332,0.056033426795048046,0.024458956527784,2.290916488256448,0.0,log10 per day unless the column name says per hour,-0.02371326703960584,6.92445303860748,0.0491710682256323,0.2742777336329816,99,0.34136634165928464,0.0005444074900571664,0.2621115050966541,0.00877120692962598,64,46,0.71875,"{""INH10x"": ""10/13"", ""INH1x"": ""15/15"", ""MXF10x"": ""5/18"", ""MXF1x"": ""16/18""}",44,35
vijay,vijay_103_age60d,culture_age_60d,rifampicin,,,0.9225415114052937,0.7979515308289138,1.2503512579932463,0.5954190917729582,0.42519518069376316,0.9115180095497917,0.038439229641887236,0.024809128823873258,1.549398607052177,0.0,log10 per day unless the column name says per hour,-0.02371326703960584,6.92445303860748,0.0491710682256323,0.2742777336329816,99,0.34136634165928464,0.0005444074900571664,0.2621115050966541,0.00877120692962598,64,46,0.71875,"{""INH10x"": ""10/13"", ""INH1x"": ""15/15"", ""MXF10x"": ""5/18"", ""MXF1x"": ""16/18""}",44,35
vijay,vijay_104_age15d,culture_age_15d,rifampicin,,,1.1636091483220181,0.9683062196669155,1.5092304668449692,0.38079289183863574,0.21254827698054862,0.4660120318208219,0.048483714513417424,0.01586637049327649,3.0557533327463147,0.0,log10 per day unless the column name says per hour,-0.02371326703960584,6.92445303860748,0.0491710682256323,0.2742777336329816,99,0.34136634165928464,0.0005444074900571664,0.2621115050966541,0.00877120692962598,64,46,0.71875,"{""INH10x"": ""10/13"", ""INH1x"": ""15/15"", ""MXF10x"": ""5/18"", ""MXF1x"": ""16/18""}",44,35
vijay,vijay_104_age30d,culture_age_30d,rifampicin,,,0.7952845982138365,0.6160562749332709,0.9085761206163658,0.3769624934305316,0.20440732135693573,0.48879163475881404,0.03313685825890985,0.015706770559605485,2.10971810743393,0.0,log10 per day unless the column name says per hour,-0.02371326703960584,6.92445303860748,0.0491710682256323,0.2742777336329816,99,0.34136634165928464,0.0005444074900571664,0.2621115050966541,0.00877120692962598,64,46,0.71875,"{""INH10x"": ""10/13"", ""INH1x"": ""15/15"", ""MXF10x"": ""5/18"", ""MXF1x"": ""16/18""}",44,35
vijay,vijay_104_age60d,culture_age_60d,rifampicin,,,0.4643400844123964,0.29545901568517147,0.557301647979639,0.3562721505421374,0.14855503427255837,0.47550508403928515,0.019347503517183184,0.014844672939255725,1.3033297261821126,0.0,log10 per day unless the column name says per hour,-0.02371326703960584,6.92445303860748,0.0491710682256323,0.2742777336329816,99,0.34136634165928464,0.0005444074900571664,0.2621115050966541,0.00877120692962598,64,46,0.71875,"{""INH10x"": ""10/13"", ""INH1x"": ""15/15"", ""MXF10x"": ""5/18"", ""MXF1x"": ""16/18""}",44,35
vijay,vijay_105_age15d,culture_age_15d,rifampicin,,,0.9897441269941533,0.8888731910010271,1.128888281556527,0.26046890483305096,0.1498039007709985,0.3098108828159728,0.041239338624756386,0.010852871034710457,3.7998552173762756,0.0,log10 per day unless the column name says per hour,-0.02371326703960584,6.92445303860748,0.0491710682256323,0.2742777336329816,99,0.34136634165928464,0.0005444074900571664,0.2621115050966541,0.00877120692962598,64,46,0.71875,"{""INH10x"": ""10/13"", ""INH1x"": ""15/15"", ""MXF10x"": ""5/18"", ""MXF1x"": ""16/18""}",44,35
vijay,vijay_105_age30d,culture_age_30d,rifampicin,,,0.5836399317117026,0.38181163557535697,0.695439764668326,0.2433074726730255,0.17092162110195627,0.3507865147425542,0.024318330487987608,0.010137811361376063,2.3987752011876795,0.0,log10 per day unless the column name says per hour,-0.02371326703960584,6.92445303860748,0.0491710682256323,0.2742777336329816,99,0.34136634165928464,0.0005444074900571664,0.2621115050966541,0.00877120692962598,64,46,0.71875,"{""INH10x"": ""10/13"", ""INH1x"": ""15/15"", ""MXF10x"": ""5/18"", ""MXF1x"": ""16/18""}",44,35
vijay,vijay_105_age60d,culture_age_60d,rifampicin,,,0.2130926082618366,-0.0449209206151406,0.34183371865825257,0.24639939969485466,0.12788968227621267,0.34137944167422546,0.008878858677576524,0.010266641653952278,0.8648260041450353,0.0,log10 per day unless the column name says per hour,-0.02371326703960584,6.92445303860748,0.0491710682256323,0.2742777336329816,99,0.34136634165928464,0.0005444074900571664,0.2621115050966541,0.00877120692962598,64,46,0.71875,"{""INH10x"": ""10/13"", ""INH1x"": ""15/15"", ""MXF10x"": ""5/18"", ""MXF1x"": ""16/18""}",44,35
vijay,vijay_106_age15d,culture_age_15d,rifampicin,,,0.986777860018714,0.8293391464551095,1.3601165553282446,0.1848897100916423,0.07318867202727858,0.3061503067941135,0.04111574416744642,0.007703737920485096,5.337116162546896,0.0,log10 per day unless the column name says per hour,-0.02371326703960584,6.92445303860748,0.0491710682256323,0.2742777336329816,99,0.34136634165928464,0.0005444074900571664,0.2621115050966541,0.00877120692962598,64,46,0.71875,"{""INH10x"": ""10/13"", ""INH1x"": ""15/15"", ""MXF10x"": ""5/18"", ""MXF1x"": ""16/18""}",44,35
vijay,vijay_106_age30d,culture_age_30d,rifampicin,,,0.6861800553208577,0.5656186018312511,0.8585531652340737,0.21443665513840446,0.01758654913894602,0.32211475717205856,0.02859083563836907,0.008934860630766853,3.199919598064867,0.0,log10 per day unless the column name says per hour,-0.02371326703960584,6.92445303860748,0.0491710682256323,0.2742777336329816,99,0.34136634165928464,0.0005444074900571664,0.2621115050966541,0.00877120692962598,64,46,0.71875,"{""INH10x"": ""10/13"", ""INH1x"": ""15/15"", ""MXF10x"": ""5/18"", ""MXF1x"": ""16/18""}",44,35
vijay,vijay_106_age60d,culture_age_60d,rifampicin,,,0.04183730863276606,-0.22349324306266222,0.20162640808697602,0.2153187881779419,0.044959217781433095,0.3694238740068344,0.001743221193031919,0.008971616174080913,0.19430403164906923,0.06666666666666667,log10 per day unless the column name says per hour,-0.02371326703960584,6.92445303860748,0.0491710682256323,0.2742777336329816,99,0.34136634165928464,0.0005444074900571664,0.2621115050966541,0.00877120692962598,64,46,0.71875,"{""INH10x"": ""10/13"", ""INH1x"": ""15/15"", ""MXF10x"": ""5/18"", ""MXF1x"": ""16/18""}",44,35
vijay,vijay_107_age15d,culture_age_15d,rifampicin,,,1.2466283532717926,1.0042658447563453,1.3961362627366232,0.35426878864655115,0.23467000655582657,0.5377115859189694,0.051942848052991354,0.014761199526939632,3.5188771724272208,0.0,log10 per day unless the column name says per hour,-0.02371326703960584,6.92445303860748,0.0491710682256323,0.2742777336329816,99,0.34136634165928464,0.0005444074900571664,0.2621115050966541,0.00877120692962598,64,46,0.71875,"{""INH10x"": ""10/13"", ""INH1x"": ""15/15"", ""MXF10x"": ""5/18"", ""MXF1x"": ""16/18""}",44,35
vijay,vijay_107_age30d,culture_age_30d,rifampicin,,,1.0946686099196266,0.8359801259611966,1.2108366772835983,0.3081485237443954,0.2543573586315734,0.5808575537248092,0.04561119207998444,0.012839521822683142,3.552405822419704,0.0,log10 per day unless the column name says per hour,-0.02371326703960584,6.92445303860748,0.0491710682256323,0.2742777336329816,99,0.34136634165928464,0.0005444074900571664,0.2621115050966541,0.00877120692962598,64,46,0.71875,"{""INH10x"": ""10/13"", ""INH1x"": ""15/15"", ""MXF10x"": ""5/18"", ""MXF1x"": ""16/18""}",44,35
vijay,vijay_107_age60d,culture_age_60d,rifampicin,,,0.49956615837757007,0.4069586335425605,0.7108868353020716,0.37959907779137886,0.18550016202703115,0.5469390605106792,0.02081525659906542,0.015816628241307452,1.3160362803940295,0.0,log10 per day unless the column name says per hour,-0.02371326703960584,6.92445303860748,0.0491710682256323,0.2742777336329816,99,0.34136634165928464,0.0005444074900571664,0.2621115050966541,0.00877120692962598,64,46,0.71875,"{""INH10x"": ""10/13"", ""INH1x"": ""15/15"", ""MXF10x"": ""5/18"", ""MXF1x"": ""16/18""}",44,35
vijay,vijay_108_age15d,culture_age_15d,rifampicin,,,0.8572845798461286,0.7082885753986391,0.9972976142221629,0.22778984481705394,0.05511894930593819,0.29475267071393174,0.03572019082692202,0.009491243534043915,3.7634890200423294,0.0,log10 per day unless the column name says per hour,-0.02371326703960584,6.92445303860748,0.0491710682256323,0.2742777336329816,99,0.34136634165928464,0.0005444074900571664,0.2621115050966541,0.00877120692962598,64,46,0.71875,"{""INH10x"": ""10/13"", ""INH1x"": ""15/15"", ""MXF10x"": ""5/18"", ""MXF1x"": ""16/18""}",44,35
vijay,vijay_108_age30d,culture_age_30d,rifampicin,,,0.4568888678100271,0.22907409488335567,0.606686647998837,0.19428416688337258,0.09303025304406484,0.29579189893894403,0.019037036158751127,0.008095173620140525,2.351652608337839,0.0,log10 per day unless the column name says per hour,-0.02371326703960584,6.92445303860748,0.0491710682256323,0.2742777336329816,99,0.34136634165928464,0.0005444074900571664,0.2621115050966541,0.00877120692962598,64,46,0.71875,"{""INH10x"": ""10/13"", ""INH1x"": ""15/15"", ""MXF10x"": ""5/18"", ""MXF1x"": ""16/18""}",44,35
vijay,vijay_108_age60d,culture_age_60d,rifampicin,,,0.14323374504410152,-0.10659909291331347,0.2842556465426619,0.20288646788052758,-0.00635225702210882,0.27863863924042753,0.0059680727101708965,0.008453602828355316,0.7059797853469786,0.13333333333333333,log10 per day unless the column name says per hour,-0.02371326703960584,6.92445303860748,0.0491710682256323,0.2742777336329816,99,0.34136634165928464,0.0005444074900571664,0.2621115050966541,0.00877120692962598,64,46,0.71875,"{""INH10x"": ""10/13"", ""INH1x"": ""15/15"", ""MXF10x"": ""5/18"", ""MXF1x"": ""16/18""}",44,35
vijay,vijay_109_age15d,culture_age_15d,rifampicin,,,0.8375887168501507,0.7166771962865273,0.9771038417573606,0.18474068958219095,0.04902239957033648,0.3193952492590894,0.03489952986875628,0.007697528732591289,4.5338615913172085,0.0,log10 per day unless the column name says per hour,-0.02371326703960584,6.92445303860748,0.0491710682256323,0.2742777336329816,99,0.34136634165928464,0.0005444074900571664,0.2621115050966541,0.00877120692962598,64,46,0.71875,"{""INH10x"": ""10/13"", ""INH1x"": ""15/15"", ""MXF10x"": ""5/18"", ""MXF1x"": ""16/18""}",44,35
vijay,vijay_109_age30d,culture_age_30d,rifampicin,,,0.52595350460992,0.31928126225107833,0.7013945858565199,0.18299161856373072,0.031158570871736735,0.3555255518697829,0.021914729358746665,0.00762465077348878,2.874194505398866,0.06666666666666667,log10 per day unless the column name says per hour,-0.02371326703960584,6.92445303860748,0.0491710682256323,0.2742777336329816,99,0.34136634165928464,0.0005444074900571664,0.2621115050966541,0.00877120692962598,64,46,0.71875,"{""INH10x"": ""10/13"", ""INH1x"": ""15/15"", ""MXF10x"": ""5/18"", ""MXF1x"": ""16/18""}",44,35
vijay,vijay_109_age60d,culture_age_60d,rifampicin,,,0.19712162710008652,-0.014617519825918792,0.3605856085676817,0.15628848256779065,0.014415032058672138,0.3302553447104216,0.008213401129170272,0.006512020106991277,1.2612677777748873,0.06666666666666667,log10 per day unless the column name says per hour,-0.02371326703960584,6.92445303860748,0.0491710682256323,0.2742777336329816,99,0.34136634165928464,0.0005444074900571664,0.2621115050966541,0.00877120692962598,64,46,0.71875,"{""INH10x"": ""10/13"", ""INH1x"": ""15/15"", ""MXF10x"": ""5/18"", ""MXF1x"": ""16/18""}",44,35
vijay,vijay_110_age15d,culture_age_15d,rifampicin,,,0.9713437805344352,0.8407741482661417,1.2677635181660323,0.1655400046038891,0.08409106230319058,0.36107355031060034,0.040472657522268134,0.006897500191828713,5.867728364866887,0.0,log10 per day unless the column name says per hour,-0.02371326703960584,6.92445303860748,0.0491710682256323,0.2742777336329816,99,0.34136634165928464,0.0005444074900571664,0.2621115050966541,0.00877120692962598,64,46,0.71875,"{""INH10x"": ""10/13"", ""INH1x"": ""15/15"", ""MXF10x"": ""5/18"", ""MXF1x"": ""16/18""}",44,35
vijay,vijay_110_age30d,culture_age_30d,rifampicin,,,0.513407449053086,0.43123996101207135,0.6413980588662002,0.19861406285329547,0.13357552701784786,0.3081936141642217,0.021391977043878584,0.008275585952220645,2.58495013735412,0.0,log10 per day unless the column name says per hour,-0.02371326703960584,6.92445303860748,0.0491710682256323,0.2742777336329816,99,0.34136634165928464,0.0005444074900571664,0.2621115050966541,0.00877120692962598,64,46,0.71875,"{""INH10x"": ""10/13"", ""INH1x"": ""15/15"", ""MXF10x"": ""5/18"", ""MXF1x"": ""16/18""}",44,35
vijay,vijay_110_age60d,culture_age_60d,rifampicin,,,0.1795280930917075,0.06339319227308923,0.340653313259514,0.1884660804839588,0.07685129760462443,0.2888479561046543,0.007480337212154479,0.007852753353498283,0.9525750874146711,0.0,log10 per day unless the column name says per hour,-0.02371326703960584,6.92445303860748,0.0491710682256323,0.2742777336329816,99,0.34136634165928464,0.0005444074900571664,0.2621115050966541,0.00877120692962598,64,46,0.71875,"{""INH10x"": ""10/13"", ""INH1x"": ""15/15"", ""MXF10x"": ""5/18"", ""MXF1x"": ""16/18""}",44,35
vijay,vijay_111_age15d,culture_age_15d,rifampicin,,,1.052620561315519,0.932009623075042,1.2722093938375676,0.3340301328111643,0.20049499871242896,0.4161484763106295,0.04385919005481329,0.013917922200465178,3.151274265159162,0.0,log10 per day unless the column name says per hour,-0.02371326703960584,6.92445303860748,0.0491710682256323,0.2742777336329816,99,0.34136634165928464,0.0005444074900571664,0.2621115050966541,0.00877120692962598,64,46,0.71875,"{""INH10x"": ""10/13"", ""INH1x"": ""15/15"", ""MXF10x"": ""5/18"", ""MXF1x"": ""16/18""}",44,35
vijay,vijay_111_age30d,culture_age_30d,rifampicin,,,0.648244249395031,0.4321747351523655,0.7578920967857509,0.3203502412280222,0.18817051614438499,0.4441281318237277,0.027010177058126292,0.013347926717834259,2.0235484977631626,0.0,log10 per day unless the column name says per hour,-0.02371326703960584,6.92445303860748,0.0491710682256323,0.2742777336329816,99,0.34136634165928464,0.0005444074900571664,0.2621115050966541,0.00877120692962598,64,46,0.71875,"{""INH10x"": ""10/13"", ""INH1x"": ""15/15"", ""MXF10x"": ""5/18"", ""MXF1x"": ""16/18""}",44,35
vijay,vijay_111_age60d,culture_age_60d,rifampicin,,,0.317845080205826,0.09482588449159618,0.4344127607729062,0.29971226099422116,0.1725486693272471,0.41586758361602627,0.013243545008576085,0.012488010874759215,1.060500758799302,0.0,log10 per day unless the column name says per hour,-0.02371326703960584,6.92445303860748,0.0491710682256323,0.2742777336329816,99,0.34136634165928464,0.0005444074900571664,0.2621115050966541,0.00877120692962598,64,46,0.71875,"{""INH10x"": ""10/13"", ""INH1x"": ""15/15"", ""MXF10x"": ""5/18"", ""MXF1x"": ""16/18""}",44,35
vijay,vijay_112_age15d,culture_age_15d,rifampicin,,,1.2500067794888332,1.0885222002159756,1.6685686548805903,0.44761174671250414,0.34175311669781916,0.6480156932997229,0.05208361581203472,0.018650489446354338,2.7926138861849354,0.0,log10 per day unless the column name says per hour,-0.02371326703960584,6.92445303860748,0.0491710682256323,0.2742777336329816,99,0.34136634165928464,0.0005444074900571664,0.2621115050966541,0.00877120692962598,64,46,0.71875,"{""INH10x"": ""10/13"", ""INH1x"": ""15/15"", ""MXF10x"": ""5/18"", ""MXF1x"": ""16/18""}",44,35
vijay,vijay_112_age30d,culture_age_30d,rifampicin,,,1.041628044152089,0.8641915352265814,1.3605244957214564,0.45257700182498634,0.31148440982417397,0.6522850097259498,0.043401168506337046,0.018857375076041096,2.3015487750190444,0.0,log10 per day unless the column name says per hour,-0.02371326703960584,6.92445303860748,0.0491710682256323,0.2742777336329816,99,0.34136634165928464,0.0005444074900571664,0.2621115050966541,0.00877120692962598,64,46,0.71875,"{""INH10x"": ""10/13"", ""INH1x"": ""15/15"", ""MXF10x"": ""5/18"", ""MXF1x"": ""16/18""}",44,35
vijay,vijay_112_age60d,culture_age_60d,rifampicin,,,0.4803624919035304,0.3242820623784035,0.6910680681134778,0.4537789953385826,0.32028595095669804,0.682322913366031,0.020015103829313766,0.01890745813910761,1.0585824748126844,0.0,log10 per day unless the column name says per hour,-0.02371326703960584,6.92445303860748,0.0491710682256323,0.2742777336329816,99,0.34136634165928464,0.0005444074900571664,0.2621115050966541,0.00877120692962598,64,46,0.71875,"{""INH10x"": ""10/13"", ""INH1x"": ""15/15"", ""MXF10x"": ""5/18"", ""MXF1x"": ""16/18""}",44,35
vijay,vijay_113_age15d,culture_age_15d,rifampicin,,,1.1177348675709635,0.9462785834835451,1.5912615689472966,0.26510126670929873,0.11457926502724756,0.3326228844398632,0.046572286148790144,0.011045886112887447,4.216256230856243,0.0,log10 per day unless the column name says per hour,-0.02371326703960584,6.92445303860748,0.0491710682256323,0.2742777336329816,99,0.34136634165928464,0.0005444074900571664,0.2621115050966541,0.00877120692962598,64,46,0.71875,"{""INH10x"": ""10/13"", ""INH1x"": ""15/15"", ""MXF10x"": ""5/18"", ""MXF1x"": ""16/18""}",44,35
vijay,vijay_113_age30d,culture_age_30d,rifampicin,,,0.8840883742697084,0.696904455837437,1.2495021396334878,0.2557905257279664,0.10506128856982978,0.3378124013866207,0.036837015594571185,0.0106579385719986,3.4562983587982368,0.0,log10 per day unless the column name says per hour,-0.02371326703960584,6.92445303860748,0.0491710682256323,0.2742777336329816,99,0.34136634165928464,0.0005444074900571664,0.2621115050966541,0.00877120692962598,64,46,0.71875,"{""INH10x"": ""10/13"", ""INH1x"": ""15/15"", ""MXF10x"": ""5/18"", ""MXF1x"": ""16/18""}",44,35
vijay,vijay_113_age60d,culture_age_60d,rifampicin,,,0.5736010854261382,0.35146260690761993,0.8984964075710086,0.2316739439086292,0.03180303362468717,0.342545614288416,0.02390004522608909,0.009653080996192883,2.4758981340273767,0.0,log10 per day unless the column name says per hour,-0.02371326703960584,6.92445303860748,0.0491710682256323,0.2742777336329816,99,0.34136634165928464,0.0005444074900571664,0.2621115050966541,0.00877120692962598,64,46,0.71875,"{""INH10x"": ""10/13"", ""INH1x"": ""15/15"", ""MXF10x"": ""5/18"", ""MXF1x"": ""16/18""}",44,35
vijay,vijay_114_age15d,culture_age_15d,rifampicin,,,0.7919662365136544,0.637989303679782,0.9584691387241695,0.23255325512747257,0.04590470421201321,0.35515933837101243,0.032998593188068935,0.00968971896364469,3.4055263431145835,0.0,log10 per day unless the column name says per hour,-0.02371326703960584,6.92445303860748,0.0491710682256323,0.2742777336329816,99,0.34136634165928464,0.0005444074900571664,0.2621115050966541,0.00877120692962598,64,46,0.71875,"{""INH10x"": ""10/13"", ""INH1x"": ""15/15"", ""MXF10x"": ""5/18"", ""MXF1x"": ""16/18""}",44,35
vijay,vijay_114_age30d,culture_age_30d,rifampicin,,,0.4405513659557967,0.14122975107755403,0.6745233053720442,0.1871576342727742,0.021440253668282967,0.3278545359117502,0.01835630691482486,0.007798234761365592,2.353905399945973,0.06666666666666667,log10 per day unless the column name says per hour,-0.02371326703960584,6.92445303860748,0.0491710682256323,0.2742777336329816,99,0.34136634165928464,0.0005444074900571664,0.2621115050966541,0.00877120692962598,64,46,0.71875,"{""INH10x"": ""10/13"", ""INH1x"": ""15/15"", ""MXF10x"": ""5/18"", ""MXF1x"": ""16/18""}",44,35
vijay,vijay_114_age60d,culture_age_60d,rifampicin,,,0.11975281764798995,-0.19961853446047367,0.329477645236755,0.17236405821437267,0.023726319036559546,0.36845950042039044,0.004989700735332915,0.007181835758932195,0.694766756414211,0.06666666666666667,log10 per day unless the column name says per hour,-0.02371326703960584,6.92445303860748,0.0491710682256323,0.2742777336329816,99,0.34136634165928464,0.0005444074900571664,0.2621115050966541,0.00877120692962598,64,46,0.71875,"{""INH10x"": ""10/13"", ""INH1x"": ""15/15"", ""MXF10x"": ""5/18"", ""MXF1x"": ""16/18""}",44,35
vijay,vijay_115_age15d,culture_age_15d,rifampicin,,,0.9409866265715162,0.8318849968775496,1.0872235030664879,0.2949319853120591,0.22771984800013553,0.44241137504270434,0.03920777610714651,0.012288832721335796,3.1905207757506706,0.0,log10 per day unless the column name says per hour,-0.02371326703960584,6.92445303860748,0.0491710682256323,0.2742777336329816,99,0.34136634165928464,0.0005444074900571664,0.2621115050966541,0.00877120692962598,64,46,0.71875,"{""INH10x"": ""10/13"", ""INH1x"": ""15/15"", ""MXF10x"": ""5/18"", ""MXF1x"": ""16/18""}",44,35
vijay,vijay_115_age30d,culture_age_30d,rifampicin,,,0.5686393018993909,0.29361942199920427,0.7643181932759427,0.3276983190630121,0.1772313947531103,0.46089586399797366,0.023693304245807956,0.013654096627625505,1.7352524221830048,0.0,log10 per day unless the column name says per hour,-0.02371326703960584,6.92445303860748,0.0491710682256323,0.2742777336329816,99,0.34136634165928464,0.0005444074900571664,0.2621115050966541,0.00877120692962598,64,46,0.71875,"{""INH10x"": ""10/13"", ""INH1x"": ""15/15"", ""MXF10x"": ""5/18"", ""MXF1x"": ""16/18""}",44,35
vijay,vijay_115_age60d,culture_age_60d,rifampicin,,,0.19949283766418593,-0.13080246866710948,0.44259306849958324,0.2926027414759191,0.21212542839408718,0.4471099483365672,0.008312201569341081,0.012191780894829961,0.6817873156550859,0.0,log10 per day unless the column name says per hour,-0.02371326703960584,6.92445303860748,0.0491710682256323,0.2742777336329816,99,0.34136634165928464,0.0005444074900571664,0.2621115050966541,0.00877120692962598,64,46,0.71875,"{""INH10x"": ""10/13"", ""INH1x"": ""15/15"", ""MXF10x"": ""5/18"", ""MXF1x"": ""16/18""}",44,35
vijay,vijay_116_age15d,culture_age_15d,rifampicin,,,0.8846582282175628,0.7349321403840906,1.017269961294139,0.21458365375972224,0.15915378379920153,0.3697948021304739,0.036860759509065116,0.00894098557332176,4.122672965612513,0.0,log10 per day unless the column name says per hour,-0.02371326703960584,6.92445303860748,0.0491710682256323,0.2742777336329816,99,0.34136634165928464,0.0005444074900571664,0.2621115050966541,0.00877120692962598,64,46,0.71875,"{""INH10x"": ""10/13"", ""INH1x"": ""15/15"", ""MXF10x"": ""5/18"", ""MXF1x"": ""16/18""}",44,35
vijay,vijay_116_age30d,culture_age_30d,rifampicin,,,0.47378075069212555,0.23641194950086317,0.6849283420233804,0.227593894919969,0.09774717910419378,0.39021966909831646,0.019740864612171897,0.00948307895499871,2.081693583471233,0.0,log10 per day unless the column name says per hour,-0.02371326703960584,6.92445303860748,0.0491710682256323,0.2742777336329816,99,0.34136634165928464,0.0005444074900571664,0.2621115050966541,0.00877120692962598,64,46,0.71875,"{""INH10x"": ""10/13"", ""INH1x"": ""15/15"", ""MXF10x"": ""5/18"", ""MXF1x"": ""16/18""}",44,35
vijay,vijay_116_age60d,culture_age_60d,rifampicin,,,0.15030578646790385,-0.09208267375843286,0.3543623559017976,0.1772477358489881,0.06066866850316341,0.3798690869089808,0.006262741102829327,0.007385322327041171,0.8479983439447808,0.0,log10 per day unless the column name says per hour,-0.02371326703960584,6.92445303860748,0.0491710682256323,0.2742777336329816,99,0.34136634165928464,0.0005444074900571664,0.2621115050966541,0.00877120692962598,64,46,0.71875,"{""INH10x"": ""10/13"", ""INH1x"": ""15/15"", ""MXF10x"": ""5/18"", ""MXF1x"": ""16/18""}",44,35
vijay,vijay_117_age15d,culture_age_15d,rifampicin,,,0.8797848459553537,0.7489413756771872,1.0221504964670058,0.2551215592889924,0.04923793239857567,0.3587894025419733,0.036657701914806405,0.010630064970374683,3.448492743644474,0.0,log10 per day unless the column name says per hour,-0.02371326703960584,6.92445303860748,0.0491710682256323,0.2742777336329816,99,0.34136634165928464,0.0005444074900571664,0.2621115050966541,0.00877120692962598,64,46,0.71875,"{""INH10x"": ""10/13"", ""INH1x"": ""15/15"", ""MXF10x"": ""5/18"", ""MXF1x"": ""16/18""}",44,35
vijay,vijay_117_age30d,culture_age_30d,rifampicin,,,0.5233504755153652,0.15961156244409774,0.6065439784277896,0.26308251651102493,0.05118990878876495,0.39847730822123706,0.021806269813140215,0.010961771521292706,1.9893016170591225,0.06666666666666667,log10 per day unless the column name says per hour,-0.02371326703960584,6.92445303860748,0.0491710682256323,0.2742777336329816,99,0.34136634165928464,0.0005444074900571664,0.2621115050966541,0.00877120692962598,64,46,0.71875,"{""INH10x"": ""10/13"", ""INH1x"": ""15/15"", ""MXF10x"": ""5/18"", ""MXF1x"": ""16/18""}",44,35
vijay,vijay_117_age60d,culture_age_60d,rifampicin,,,0.09924388457554545,-0.367141424458325,0.21887678246057185,0.20290973808906998,0.045505063221840655,0.4070017818948049,0.004135161857314394,0.008454572420377915,0.48910360591950003,0.0,log10 per day unless the column name says per hour,-0.02371326703960584,6.92445303860748,0.0491710682256323,0.2742777336329816,99,0.34136634165928464,0.0005444074900571664,0.2621115050966541,0.00877120692962598,64,46,0.71875,"{""INH10x"": ""10/13"", ""INH1x"": ""15/15"", ""MXF10x"": ""5/18"", ""MXF1x"": ""16/18""}",44,35
vijay,vijay_118_age15d,culture_age_15d,rifampicin,,,1.148598376407166,0.994194049211686,1.3704884484278421,0.32224080387462434,0.20851467849388924,0.49690544823339006,0.04785826568363192,0.01342670016144268,3.5644101013788942,0.0,log10 per day unless the column name says per hour,-0.02371326703960584,6.92445303860748,0.0491710682256323,0.2742777336329816,99,0.34136634165928464,0.0005444074900571664,0.2621115050966541,0.00877120692962598,64,46,0.71875,"{""INH10x"": ""10/13"", ""INH1x"": ""15/15"", ""MXF10x"": ""5/18"", ""MXF1x"": ""16/18""}",44,35
vijay,vijay_118_age30d,culture_age_30d,rifampicin,,,0.9757733690136334,0.8168934899653031,1.2007320782247262,0.3149087071587562,0.22339045528714072,0.43399090838327686,0.040657223708901395,0.01312119613161484,3.098591264171406,0.0,log10 per day unless the column name says per hour,-0.02371326703960584,6.92445303860748,0.0491710682256323,0.2742777336329816,99,0.34136634165928464,0.0005444074900571664,0.2621115050966541,0.00877120692962598,64,46,0.71875,"{""INH10x"": ""10/13"", ""INH1x"": ""15/15"", ""MXF10x"": ""5/18"", ""MXF1x"": ""16/18""}",44,35
vijay,vijay_118_age60d,culture_age_60d,rifampicin,,,0.2836219792526282,0.16218291194159706,0.5412204265030546,0.3158815634153576,0.19814369738537058,0.49403000794063456,0.011817582468859509,0.013161731808973233,0.8978744317524137,0.0,log10 per day unless the column name says per hour,-0.02371326703960584,6.92445303860748,0.0491710682256323,0.2742777336329816,99,0.34136634165928464,0.0005444074900571664,0.2621115050966541,0.00877120692962598,64,46,0.71875,"{""INH10x"": ""10/13"", ""INH1x"": ""15/15"", ""MXF10x"": ""5/18"", ""MXF1x"": ""16/18""}",44,35
vijay,vijay_119_age15d,culture_age_15d,rifampicin,,,0.5720792661576176,0.34185910194409325,0.8141868541733767,0.13531249074454174,-0.062132439777190726,0.3106747718030734,0.023836636089900734,0.0056380204476892395,4.2278378219912724,0.2,log10 per day unless the column name says per hour,-0.02371326703960584,6.92445303860748,0.0491710682256323,0.2742777336329816,99,0.34136634165928464,0.0005444074900571664,0.2621115050966541,0.00877120692962598,64,46,0.71875,"{""INH10x"": ""10/13"", ""INH1x"": ""15/15"", ""MXF10x"": ""5/18"", ""MXF1x"": ""16/18""}",44,35
vijay,vijay_119_age30d,culture_age_30d,rifampicin,,,0.43340139720642046,0.19274765889457374,0.6508943588693162,0.1252050060276144,-0.0603610809373608,0.3224391535796679,0.01805839155026752,0.0052168752511506,3.4615340948175213,0.2,log10 per day unless the column name says per hour,-0.02371326703960584,6.92445303860748,0.0491710682256323,0.2742777336329816,99,0.34136634165928464,0.0005444074900571664,0.2621115050966541,0.00877120692962598,64,46,0.71875,"{""INH10x"": ""10/13"", ""INH1x"": ""15/15"", ""MXF10x"": ""5/18"", ""MXF1x"": ""16/18""}",44,35
vijay,vijay_119_age60d,culture_age_60d,rifampicin,,,0.11423403462655883,-0.13719604396597912,0.31611783050649045,0.10879936451558685,-0.13855106908911186,0.3126169325030694,0.004759751442773285,0.004533306854816119,1.049951303807417,0.26666666666666666,log10 per day unless the column name says per hour,-0.02371326703960584,6.92445303860748,0.0491710682256323,0.2742777336329816,99,0.34136634165928464,0.0005444074900571664,0.2621115050966541,0.00877120692962598,64,46,0.71875,"{""INH10x"": ""10/13"", ""INH1x"": ""15/15"", ""MXF10x"": ""5/18"", ""MXF1x"": ""16/18""}",44,35
vijay,vijay_120_age15d,culture_age_15d,rifampicin,,,0.8604364827730238,0.7543784834011592,1.0869435841346962,0.3002679248302833,0.14125797905903972,0.5028993891068729,0.03585152011554266,0.012511163534595138,2.86556242482229,0.0,log10 per day unless the column name says per hour,-0.02371326703960584,6.92445303860748,0.0491710682256323,0.2742777336329816,99,0.34136634165928464,0.0005444074900571664,0.2621115050966541,0.00877120692962598,64,46,0.71875,"{""INH10x"": ""10/13"", ""INH1x"": ""15/15"", ""MXF10x"": ""5/18"", ""MXF1x"": ""16/18""}",44,35
vijay,vijay_120_age30d,culture_age_30d,rifampicin,,,0.4584110743505607,0.10887996274628467,0.7258543958204922,0.32685334876873046,0.1772843799410165,0.485594360547666,0.019100461431273363,0.013618889532030436,1.402497713660923,0.0,log10 per day unless the column name says per hour,-0.02371326703960584,6.92445303860748,0.0491710682256323,0.2742777336329816,99,0.34136634165928464,0.0005444074900571664,0.2621115050966541,0.00877120692962598,64,46,0.71875,"{""INH10x"": ""10/13"", ""INH1x"": ""15/15"", ""MXF10x"": ""5/18"", ""MXF1x"": ""16/18""}",44,35
vijay,vijay_120_age60d,culture_age_60d,rifampicin,,,0.12215581045457048,-0.1715942745492309,0.3961499781894699,0.27336219946172396,0.15498173020491982,0.4627948201794714,0.005089825435607103,0.011390091644238499,0.4468643093123586,0.0,log10 per day unless the column name says per hour,-0.02371326703960584,6.92445303860748,0.0491710682256323,0.2742777336329816,99,0.34136634165928464,0.0005444074900571664,0.2621115050966541,0.00877120692962598,64,46,0.71875,"{""INH10x"": ""10/13"", ""INH1x"": ""15/15"", ""MXF10x"": ""5/18"", ""MXF1x"": ""16/18""}",44,35
vijay,vijay_121_age15d,culture_age_15d,rifampicin,,,0.8805326820398534,0.6560986057422382,1.1291867430733928,0.17806408707148916,-0.04397627957600622,0.25008109786920707,0.036688861751660556,0.0074193369613120485,4.945032412326564,0.13333333333333333,log10 per day unless the column name says per hour,-0.02371326703960584,6.92445303860748,0.0491710682256323,0.2742777336329816,99,0.34136634165928464,0.0005444074900571664,0.2621115050966541,0.00877120692962598,64,46,0.71875,"{""INH10x"": ""10/13"", ""INH1x"": ""15/15"", ""MXF10x"": ""5/18"", ""MXF1x"": ""16/18""}",44,35
vijay,vijay_121_age30d,culture_age_30d,rifampicin,,,0.4480053168688445,0.30939946324650563,0.5947462435267263,0.14538058389660782,-0.08627282693948302,0.2522000724057273,0.01866688820286852,0.006057524329025326,3.081603504821924,0.13333333333333333,log10 per day unless the column name says per hour,-0.02371326703960584,6.92445303860748,0.0491710682256323,0.2742777336329816,99,0.34136634165928464,0.0005444074900571664,0.2621115050966541,0.00877120692962598,64,46,0.71875,"{""INH10x"": ""10/13"", ""INH1x"": ""15/15"", ""MXF10x"": ""5/18"", ""MXF1x"": ""16/18""}",44,35
vijay,vijay_121_age60d,culture_age_60d,rifampicin,,,0.10993304500623001,-0.012049656032617661,0.2737627929304974,0.12073834755136562,-0.049451134395035255,0.24042694434130005,0.004580543541926251,0.005030764481306901,0.9105064566123972,0.13333333333333333,log10 per day unless the column name says per hour,-0.02371326703960584,6.92445303860748,0.0491710682256323,0.2742777336329816,99,0.34136634165928464,0.0005444074900571664,0.2621115050966541,0.00877120692962598,64,46,0.71875,"{""INH10x"": ""10/13"", ""INH1x"": ""15/15"", ""MXF10x"": ""5/18"", ""MXF1x"": ""16/18""}",44,35
vijay,vijay_122_age15d,culture_age_15d,rifampicin,,,1.0039465024295962,0.9113670167127823,1.1486598427022563,0.3882588424951458,0.2375458571936278,0.5140212702622522,0.04183110426789984,0.016177451770631075,2.585765969881672,0.0,log10 per day unless the column name says per hour,-0.02371326703960584,6.92445303860748,0.0491710682256323,0.2742777336329816,99,0.34136634165928464,0.0005444074900571664,0.2621115050966541,0.00877120692962598,64,46,0.71875,"{""INH10x"": ""10/13"", ""INH1x"": ""15/15"", ""MXF10x"": ""5/18"", ""MXF1x"": ""16/18""}",44,35
vijay,vijay_122_age30d,culture_age_30d,rifampicin,,,0.6909353266513782,0.5167311240434037,0.8874304890304897,0.38107791754830866,0.24717280802345726,0.46793816190014986,0.028788971943807428,0.015878246564512862,1.8131077525996753,0.0,log10 per day unless the column name says per hour,-0.02371326703960584,6.92445303860748,0.0491710682256323,0.2742777336329816,99,0.34136634165928464,0.0005444074900571664,0.2621115050966541,0.00877120692962598,64,46,0.71875,"{""INH10x"": ""10/13"", ""INH1x"": ""15/15"", ""MXF10x"": ""5/18"", ""MXF1x"": ""16/18""}",44,35
vijay,vijay_122_age60d,culture_age_60d,rifampicin,,,0.3565320913186415,0.1451294188126563,0.545545214962144,0.3492080781701582,0.21924094304780797,0.4461720035335509,0.014855503804943396,0.014550336590423258,1.020973206538809,0.0,log10 per day unless the column name says per hour,-0.02371326703960584,6.92445303860748,0.0491710682256323,0.2742777336329816,99,0.34136634165928464,0.0005444074900571664,0.2621115050966541,0.00877120692962598,64,46,0.71875,"{""INH10x"": ""10/13"", ""INH1x"": ""15/15"", ""MXF10x"": ""5/18"", ""MXF1x"": ""16/18""}",44,35
vijay,vijay_123_age15d,culture_age_15d,rifampicin,,,0.94624337443814,0.7796618534198898,1.0226454905465874,0.2479929828572237,0.08293360778874234,0.3951538845658016,0.039426807268255835,0.01033304095238432,3.8156054398640706,0.0,log10 per day unless the column name says per hour,-0.02371326703960584,6.92445303860748,0.0491710682256323,0.2742777336329816,99,0.34136634165928464,0.0005444074900571664,0.2621115050966541,0.00877120692962598,64,46,0.71875,"{""INH10x"": ""10/13"", ""INH1x"": ""15/15"", ""MXF10x"": ""5/18"", ""MXF1x"": ""16/18""}",44,35
vijay,vijay_123_age30d,culture_age_30d,rifampicin,,,0.5572649254603651,0.17000018968509667,0.7141770410007507,0.27453618189694473,0.07620019481053847,0.42823988702929455,0.02321937189418188,0.011439007579039364,2.0298414642830247,0.06666666666666667,log10 per day unless the column name says per hour,-0.02371326703960584,6.92445303860748,0.0491710682256323,0.2742777336329816,99,0.34136634165928464,0.0005444074900571664,0.2621115050966541,0.00877120692962598,64,46,0.71875,"{""INH10x"": ""10/13"", ""INH1x"": ""15/15"", ""MXF10x"": ""5/18"", ""MXF1x"": ""16/18""}",44,35
vijay,vijay_123_age60d,culture_age_60d,rifampicin,,,0.22945891981062594,-0.1297939596598071,0.3715181709080085,0.28437275533914297,0.06952855705293175,0.38309295312092534,0.009560788325442748,0.011848864805797624,0.806894878297934,0.06666666666666667,log10 per day unless the column name says per hour,-0.02371326703960584,6.92445303860748,0.0491710682256323,0.2742777336329816,99,0.34136634165928464,0.0005444074900571664,0.2621115050966541,0.00877120692962598,64,46,0.71875,"{""INH10x"": ""10/13"", ""INH1x"": ""15/15"", ""MXF10x"": ""5/18"", ""MXF1x"": ""16/18""}",44,35
vijay,vijay_124_age15d,culture_age_15d,rifampicin,,,0.74383829707561,0.6008440918701845,0.89702716444324,0.2814630403506375,0.16959322504806595,0.3820503126187431,0.030993262378150418,0.011727626681276563,2.6427565628118006,0.0,log10 per day unless the column name says per hour,-0.02371326703960584,6.92445303860748,0.0491710682256323,0.2742777336329816,99,0.34136634165928464,0.0005444074900571664,0.2621115050966541,0.00877120692962598,64,46,0.71875,"{""INH10x"": ""10/13"", ""INH1x"": ""15/15"", ""MXF10x"": ""5/18"", ""MXF1x"": ""16/18""}",44,35
vijay,vijay_124_age30d,culture_age_30d,rifampicin,,,0.5570318701266456,0.4513134377508994,0.7414217098672181,0.24038248351352806,0.18310126410063837,0.36839443127825944,0.0232096612552769,0.01001593681306367,2.3172731306576146,0.0,log10 per day unless the column name says per hour,-0.02371326703960584,6.92445303860748,0.0491710682256323,0.2742777336329816,99,0.34136634165928464,0.0005444074900571664,0.2621115050966541,0.00877120692962598,64,46,0.71875,"{""INH10x"": ""10/13"", ""INH1x"": ""15/15"", ""MXF10x"": ""5/18"", ""MXF1x"": ""16/18""}",44,35
vijay,vijay_124_age60d,culture_age_60d,rifampicin,,,0.2016095911598979,0.1015691369311505,0.40350228029285246,0.24560117619074767,0.1535381767032358,0.31989187965236776,0.008400399631662413,0.010233382341281154,0.820882026246147,0.0,log10 per day unless the column name says per hour,-0.02371326703960584,6.92445303860748,0.0491710682256323,0.2742777336329816,99,0.34136634165928464,0.0005444074900571664,0.2621115050966541,0.00877120692962598,64,46,0.71875,"{""INH10x"": ""10/13"", ""INH1x"": ""15/15"", ""MXF10x"": ""5/18"", ""MXF1x"": ""16/18""}",44,35
vijay,vijay_125_age15d,culture_age_15d,rifampicin,,,1.0013334076151768,0.8492482965790913,1.0946551576128107,0.3622151363840925,0.18314565250334083,0.4842578831030026,0.04172222531729903,0.015092297349337187,2.764471461936268,0.0,log10 per day unless the column name says per hour,-0.02371326703960584,6.92445303860748,0.0491710682256323,0.2742777336329816,99,0.34136634165928464,0.0005444074900571664,0.2621115050966541,0.00877120692962598,64,46,0.71875,"{""INH10x"": ""10/13"", ""INH1x"": ""15/15"", ""MXF10x"": ""5/18"", ""MXF1x"": ""16/18""}",44,35
vijay,vijay_125_age30d,culture_age_30d,rifampicin,,,0.834710887152441,0.6833275174878041,0.9425589510303237,0.3357630713319548,0.16709688398661043,0.47893967210430666,0.03477962029801838,0.013990127972164784,2.48601159097451,0.0,log10 per day unless the column name says per hour,-0.02371326703960584,6.92445303860748,0.0491710682256323,0.2742777336329816,99,0.34136634165928464,0.0005444074900571664,0.2621115050966541,0.00877120692962598,64,46,0.71875,"{""INH10x"": ""10/13"", ""INH1x"": ""15/15"", ""MXF10x"": ""5/18"", ""MXF1x"": ""16/18""}",44,35
vijay,vijay_125_age60d,culture_age_60d,rifampicin,,,0.26772108498295705,-0.023276862546928803,0.4245075178537463,0.31687652164509394,0.1338589045869653,0.43023775933447445,0.011155045207623211,0.013203188401878915,0.8448751065337947,0.0,log10 per day unless the column name says per hour,-0.02371326703960584,6.92445303860748,0.0491710682256323,0.2742777336329816,99,0.34136634165928464,0.0005444074900571664,0.2621115050966541,0.00877120692962598,64,46,0.71875,"{""INH10x"": ""10/13"", ""INH1x"": ""15/15"", ""MXF10x"": ""5/18"", ""MXF1x"": ""16/18""}",44,35
vijay,vijay_126_age15d,culture_age_15d,rifampicin,,,1.0305986665964701,0.9225157842512706,1.1243281387588278,0.3787046260877947,0.27744717316450396,0.45175071078072926,0.042941611108186256,0.015779359420324778,2.721378603802816,0.0,log10 per day unless the column name says per hour,-0.02371326703960584,6.92445303860748,0.0491710682256323,0.2742777336329816,99,0.34136634165928464,0.0005444074900571664,0.2621115050966541,0.00877120692962598,64,46,0.71875,"{""INH10x"": ""10/13"", ""INH1x"": ""15/15"", ""MXF10x"": ""5/18"", ""MXF1x"": ""16/18""}",44,35
vijay,vijay_126_age30d,culture_age_30d,rifampicin,,,0.6206274652445648,0.42966198403558703,0.7447545592139935,0.37496459542388466,0.26461949112771915,0.4784436561363229,0.025859477718523535,0.015623524809328528,1.6551628415556585,0.0,log10 per day unless the column name says per hour,-0.02371326703960584,6.92445303860748,0.0491710682256323,0.2742777336329816,99,0.34136634165928464,0.0005444074900571664,0.2621115050966541,0.00877120692962598,64,46,0.71875,"{""INH10x"": ""10/13"", ""INH1x"": ""15/15"", ""MXF10x"": ""5/18"", ""MXF1x"": ""16/18""}",44,35
vijay,vijay_126_age60d,culture_age_60d,rifampicin,,,0.2898570732908002,0.047002591225912146,0.4188442937443364,0.35276535922327074,0.25691032584740914,0.4198667768123062,0.01207737805378334,0.014698556634302947,0.8216710221463245,0.0,log10 per day unless the column name says per hour,-0.02371326703960584,6.92445303860748,0.0491710682256323,0.2742777336329816,99,0.34136634165928464,0.0005444074900571664,0.2621115050966541,0.00877120692962598,64,46,0.71875,"{""INH10x"": ""10/13"", ""INH1x"": ""15/15"", ""MXF10x"": ""5/18"", ""MXF1x"": ""16/18""}",44,35
vijay,vijay_127_age15d,culture_age_15d,rifampicin,,,0.7168741334981683,0.5952790767509372,0.9114862605969544,0.0788939539488218,-0.10461503413216627,0.1564043559723276,0.02986975556242368,0.0032872480812009084,9.086553501466053,0.2,log10 per day unless the column name says per hour,-0.02371326703960584,6.92445303860748,0.0491710682256323,0.2742777336329816,99,0.34136634165928464,0.0005444074900571664,0.2621115050966541,0.00877120692962598,64,46,0.71875,"{""INH10x"": ""10/13"", ""INH1x"": ""15/15"", ""MXF10x"": ""5/18"", ""MXF1x"": ""16/18""}",44,35
vijay,vijay_127_age30d,culture_age_30d,rifampicin,,,0.3115958924599054,0.06291362947972258,0.4564558345908639,0.08493484183157819,-0.13694906476551283,0.1666985979631033,0.012983162185829391,0.0035389517429824245,3.668646290974267,0.13333333333333333,log10 per day unless the column name says per hour,-0.02371326703960584,6.92445303860748,0.0491710682256323,0.2742777336329816,99,0.34136634165928464,0.0005444074900571664,0.2621115050966541,0.00877120692962598,64,46,0.71875,"{""INH10x"": ""10/13"", ""INH1x"": ""15/15"", ""MXF10x"": ""5/18"", ""MXF1x"": ""16/18""}",44,35
vijay,vijay_127_age60d,culture_age_60d,rifampicin,,,-0.00018500100933572987,-0.24879105851273575,0.11041022218644284,0.09707687243484558,-0.0931256566316438,0.17288541618124392,-7.708375388988745e-06,0.004044869684785232,-0.001905716621226088,0.3333333333333333,log10 per day unless the column name says per hour,-0.02371326703960584,6.92445303860748,0.0491710682256323,0.2742777336329816,99,0.34136634165928464,0.0005444074900571664,0.2621115050966541,0.00877120692962598,64,46,0.71875,"{""INH10x"": ""10/13"", ""INH1x"": ""15/15"", ""MXF10x"": ""5/18"", ""MXF1x"": ""16/18""}",44,35
vijay,vijay_128_age15d,culture_age_15d,rifampicin,,,1.005863919933855,0.8885572933397123,1.1381455444287938,0.4711477546306857,0.3281286088883988,0.529879284548469,0.04191099666391063,0.019631156442945236,2.1349224527713444,0.0,log10 per day unless the column name says per hour,-0.02371326703960584,6.92445303860748,0.0491710682256323,0.2742777336329816,99,0.34136634165928464,0.0005444074900571664,0.2621115050966541,0.00877120692962598,64,46,0.71875,"{""INH10x"": ""10/13"", ""INH1x"": ""15/15"", ""MXF10x"": ""5/18"", ""MXF1x"": ""16/18""}",44,35
vijay,vijay_128_age30d,culture_age_30d,rifampicin,,,0.7883874447470284,0.5599109688831271,0.882096146295053,0.4506990697327019,0.2964291019189396,0.5380007102481624,0.03284947686445951,0.018779127905529245,1.7492546528099133,0.0,log10 per day unless the column name says per hour,-0.02371326703960584,6.92445303860748,0.0491710682256323,0.2742777336329816,99,0.34136634165928464,0.0005444074900571664,0.2621115050966541,0.00877120692962598,64,46,0.71875,"{""INH10x"": ""10/13"", ""INH1x"": ""15/15"", ""MXF10x"": ""5/18"", ""MXF1x"": ""16/18""}",44,35
vijay,vijay_128_age60d,culture_age_60d,rifampicin,,,0.41104161298798403,0.07683619105734762,0.5009355144348877,0.4009561092973285,0.3371645423436382,0.530838566548733,0.017126733874499336,0.016706504554055354,1.0251536351655304,0.0,log10 per day unless the column name says per hour,-0.02371326703960584,6.92445303860748,0.0491710682256323,0.2742777336329816,99,0.34136634165928464,0.0005444074900571664,0.2621115050966541,0.00877120692962598,64,46,0.71875,"{""INH10x"": ""10/13"", ""INH1x"": ""15/15"", ""MXF10x"": ""5/18"", ""MXF1x"": ""16/18""}",44,35
vijay,vijay_129_age15d,culture_age_15d,rifampicin,,,0.850806054913941,0.7321498882348044,0.9152128428703753,0.27710365606780496,0.16280378678399315,0.3424157153036902,0.03545025228808087,0.011545985669491873,3.070353047618238,0.0,log10 per day unless the column name says per hour,-0.02371326703960584,6.92445303860748,0.0491710682256323,0.2742777336329816,99,0.34136634165928464,0.0005444074900571664,0.2621115050966541,0.00877120692962598,64,46,0.71875,"{""INH10x"": ""10/13"", ""INH1x"": ""15/15"", ""MXF10x"": ""5/18"", ""MXF1x"": ""16/18""}",44,35
vijay,vijay_129_age30d,culture_age_30d,rifampicin,,,0.5436224717584898,0.3745842050092117,0.6984551548615453,0.25628021988145094,0.15543502577570223,0.3473791743205884,0.022650936323270407,0.010678342495060457,2.1212033921695417,0.0,log10 per day unless the column name says per hour,-0.02371326703960584,6.92445303860748,0.0491710682256323,0.2742777336329816,99,0.34136634165928464,0.0005444074900571664,0.2621115050966541,0.00877120692962598,64,46,0.71875,"{""INH10x"": ""10/13"", ""INH1x"": ""15/15"", ""MXF10x"": ""5/18"", ""MXF1x"": ""16/18""}",44,35
vijay,vijay_129_age60d,culture_age_60d,rifampicin,,,0.2424048540151458,0.04426983321297451,0.3571748737191837,0.21340180811745763,0.14135843552808702,0.3505509324500068,0.010100202250631076,0.008891742004894067,1.13590815445071,0.0,log10 per day unless the column name says per hour,-0.02371326703960584,6.92445303860748,0.0491710682256323,0.2742777336329816,99,0.34136634165928464,0.0005444074900571664,0.2621115050966541,0.00877120692962598,64,46,0.71875,"{""INH10x"": ""10/13"", ""INH1x"": ""15/15"", ""MXF10x"": ""5/18"", ""MXF1x"": ""16/18""}",44,35
vijay,vijay_130_age15d,culture_age_15d,rifampicin,,,0.8841555526875818,0.7937791471279229,0.9251115852024945,0.2842891672393272,0.213032076702782,0.38928619433679795,0.03683981469531591,0.011845381968305299,3.110057133985906,0.0,log10 per day unless the column name says per hour,-0.02371326703960584,6.92445303860748,0.0491710682256323,0.2742777336329816,99,0.34136634165928464,0.0005444074900571664,0.2621115050966541,0.00877120692962598,64,46,0.71875,"{""INH10x"": ""10/13"", ""INH1x"": ""15/15"", ""MXF10x"": ""5/18"", ""MXF1x"": ""16/18""}",44,35
vijay,vijay_130_age30d,culture_age_30d,rifampicin,,,0.4230858940718299,0.019741464892872318,0.5581297462485543,0.3086009352037595,0.20747414510663204,0.45240691424050405,0.01762857891965958,0.012858372300156644,1.3709805960000725,0.0,log10 per day unless the column name says per hour,-0.02371326703960584,6.92445303860748,0.0491710682256323,0.2742777336329816,99,0.34136634165928464,0.0005444074900571664,0.2621115050966541,0.00877120692962598,64,46,0.71875,"{""INH10x"": ""10/13"", ""INH1x"": ""15/15"", ""MXF10x"": ""5/18"", ""MXF1x"": ""16/18""}",44,35
vijay,vijay_130_age60d,culture_age_60d,rifampicin,,,0.10787769259653884,-0.3165510200063522,0.23107691061877514,0.2662338411526933,0.22456187494403929,0.3655425367057264,0.0044949038581891185,0.011093076714695553,0.40519902402139657,0.0,log10 per day unless the column name says per hour,-0.02371326703960584,6.92445303860748,0.0491710682256323,0.2742777336329816,99,0.34136634165928464,0.0005444074900571664,0.2621115050966541,0.00877120692962598,64,46,0.71875,"{""INH10x"": ""10/13"", ""INH1x"": ""15/15"", ""MXF10x"": ""5/18"", ""MXF1x"": ""16/18""}",44,35
vijay,vijay_131_age15d,culture_age_15d,rifampicin,,,0.8146963403795026,0.6719575420881558,0.9507180860277163,0.1577329193356296,0.02396053002772679,0.2868112458817868,0.03394568084914594,0.0065722049723179006,5.1650368471654495,0.06666666666666667,log10 per day unless the column name says per hour,-0.02371326703960584,6.92445303860748,0.0491710682256323,0.2742777336329816,99,0.34136634165928464,0.0005444074900571664,0.2621115050966541,0.00877120692962598,64,46,0.71875,"{""INH10x"": ""10/13"", ""INH1x"": ""15/15"", ""MXF10x"": ""5/18"", ""MXF1x"": ""16/18""}",44,35
vijay,vijay_131_age30d,culture_age_30d,rifampicin,,,0.4703976892966958,0.2818903974322534,0.5779970289210496,0.1396192487908166,0.02917890350384519,0.25738555547733744,0.019599903720695658,0.005817468699617359,3.369146399014546,0.0,log10 per day unless the column name says per hour,-0.02371326703960584,6.92445303860748,0.0491710682256323,0.2742777336329816,99,0.34136634165928464,0.0005444074900571664,0.2621115050966541,0.00877120692962598,64,46,0.71875,"{""INH10x"": ""10/13"", ""INH1x"": ""15/15"", ""MXF10x"": ""5/18"", ""MXF1x"": ""16/18""}",44,35
vijay,vijay_131_age60d,culture_age_60d,rifampicin,,,0.14948475983372742,-0.04054411207722811,0.2654889820843366,0.14403363527812038,-0.016464946384858178,0.23910669789999492,0.006228531659738642,0.006001401469921682,1.0378461915863002,0.13333333333333333,log10 per day unless the column name says per hour,-0.02371326703960584,6.92445303860748,0.0491710682256323,0.2742777336329816,99,0.34136634165928464,0.0005444074900571664,0.2621115050966541,0.00877120692962598,64,46,0.71875,"{""INH10x"": ""10/13"", ""INH1x"": ""15/15"", ""MXF10x"": ""5/18"", ""MXF1x"": ""16/18""}",44,35
vijay,vijay_132_age15d,culture_age_15d,rifampicin,,,0.9697694897982387,0.8447242522518191,1.2751574885776877,0.20882340980074776,-0.0030237899121056725,0.39617143354213125,0.040407062074926614,0.00870097540836449,4.643969230861425,0.13333333333333333,log10 per day unless the column name says per hour,-0.02371326703960584,6.92445303860748,0.0491710682256323,0.2742777336329816,99,0.34136634165928464,0.0005444074900571664,0.2621115050966541,0.00877120692962598,64,46,0.71875,"{""INH10x"": ""10/13"", ""INH1x"": ""15/15"", ""MXF10x"": ""5/18"", ""MXF1x"": ""16/18""}",44,35
vijay,vijay_132_age30d,culture_age_30d,rifampicin,,,0.6928270188329084,0.5661130527764878,0.8797788096219561,0.2109529988180502,0.08889379707152427,0.39637071528892504,0.028867792451371183,0.008789708284085426,3.284271959700753,0.0,log10 per day unless the column name says per hour,-0.02371326703960584,6.92445303860748,0.0491710682256323,0.2742777336329816,99,0.34136634165928464,0.0005444074900571664,0.2621115050966541,0.00877120692962598,64,46,0.71875,"{""INH10x"": ""10/13"", ""INH1x"": ""15/15"", ""MXF10x"": ""5/18"", ""MXF1x"": ""16/18""}",44,35
vijay,vijay_132_age60d,culture_age_60d,rifampicin,,,0.2130436121664043,0.012327457834882344,0.3955409623930163,0.17789563832856675,0.04477082493893054,0.3687022587570239,0.00887681717360018,0.007412318263690282,1.1975763665038293,0.0,log10 per day unless the column name says per hour,-0.02371326703960584,6.92445303860748,0.0491710682256323,0.2742777336329816,99,0.34136634165928464,0.0005444074900571664,0.2621115050966541,0.00877120692962598,64,46,0.71875,"{""INH10x"": ""10/13"", ""INH1x"": ""15/15"", ""MXF10x"": ""5/18"", ""MXF1x"": ""16/18""}",44,35
vijay,vijay_133_age15d,culture_age_15d,rifampicin,,,0.9029055674505923,0.7535589652584419,1.2569156155468824,0.1531311967842525,-0.014755910800575133,0.26625189899655566,0.03762106531044134,0.0063804665326771875,5.896287539126998,0.13333333333333333,log10 per day unless the column name says per hour,-0.02371326703960584,6.92445303860748,0.0491710682256323,0.2742777336329816,99,0.34136634165928464,0.0005444074900571664,0.2621115050966541,0.00877120692962598,64,46,0.71875,"{""INH10x"": ""10/13"", ""INH1x"": ""15/15"", ""MXF10x"": ""5/18"", ""MXF1x"": ""16/18""}",44,35
vijay,vijay_133_age30d,culture_age_30d,rifampicin,,,0.5563159644003405,0.4692762725897418,0.6616106866480962,0.16799517623349305,0.038251904528239844,0.24814500447235763,0.023179831850014185,0.0069997990097288776,3.3114996327461705,0.0,log10 per day unless the column name says per hour,-0.02371326703960584,6.92445303860748,0.0491710682256323,0.2742777336329816,99,0.34136634165928464,0.0005444074900571664,0.2621115050966541,0.00877120692962598,64,46,0.71875,"{""INH10x"": ""10/13"", ""INH1x"": ""15/15"", ""MXF10x"": ""5/18"", ""MXF1x"": ""16/18""}",44,35
vijay,vijay_133_age60d,culture_age_60d,rifampicin,,,0.10232251936565075,-0.004818091373544115,0.2607691146455885,0.13961005997421683,0.006180234572471769,0.2363698035708267,0.0042634383069021144,0.005817085832259035,0.7329165203750192,0.06666666666666667,log10 per day unless the column name says per hour,-0.02371326703960584,6.92445303860748,0.0491710682256323,0.2742777336329816,99,0.34136634165928464,0.0005444074900571664,0.2621115050966541,0.00877120692962598,64,46,0.71875,"{""INH10x"": ""10/13"", ""INH1x"": ""15/15"", ""MXF10x"": ""5/18"", ""MXF1x"": ""16/18""}",44,35
vijay,vijay_134_age15d,culture_age_15d,rifampicin,,,0.871979090327895,0.6740207366074584,1.0437366799893812,0.25539986530590303,0.09279728917743821,0.34949999280971616,0.03633246209699562,0.010641661054412626,3.4141720837772933,0.0,log10 per day unless the column name says per hour,-0.02371326703960584,6.92445303860748,0.0491710682256323,0.2742777336329816,99,0.34136634165928464,0.0005444074900571664,0.2621115050966541,0.00877120692962598,64,46,0.71875,"{""INH10x"": ""10/13"", ""INH1x"": ""15/15"", ""MXF10x"": ""5/18"", ""MXF1x"": ""16/18""}",44,35
vijay,vijay_134_age30d,culture_age_30d,rifampicin,,,0.5482757365782246,0.33305920563992075,0.7085975852340768,0.21921830646186066,0.036974921144459286,0.35725127900999415,0.022844822357426024,0.009134096102577528,2.5010490475329576,0.0,log10 per day unless the column name says per hour,-0.02371326703960584,6.92445303860748,0.0491710682256323,0.2742777336329816,99,0.34136634165928464,0.0005444074900571664,0.2621115050966541,0.00877120692962598,64,46,0.71875,"{""INH10x"": ""10/13"", ""INH1x"": ""15/15"", ""MXF10x"": ""5/18"", ""MXF1x"": ""16/18""}",44,35
vijay,vijay_134_age60d,culture_age_60d,rifampicin,,,0.23325102845192494,0.0034103297925891494,0.36246900273794624,0.22357760092519624,0.0221770462603644,0.3394131116692709,0.00971879285216354,0.009315733371883177,1.043266532455392,0.06666666666666667,log10 per day unless the column name says per hour,-0.02371326703960584,6.92445303860748,0.0491710682256323,0.2742777336329816,99,0.34136634165928464,0.0005444074900571664,0.2621115050966541,0.00877120692962598,64,46,0.71875,"{""INH10x"": ""10/13"", ""INH1x"": ""15/15"", ""MXF10x"": ""5/18"", ""MXF1x"": ""16/18""}",44,35
vijay,vijay_135_age15d,culture_age_15d,rifampicin,,,1.3518480358184566,1.1223397013020904,1.6197134560149073,0.4934833444418562,0.3492750271867161,0.690586943234808,0.05632700149243569,0.020561806018410674,2.7393995178245283,0.0,log10 per day unless the column name says per hour,-0.02371326703960584,6.92445303860748,0.0491710682256323,0.2742777336329816,99,0.34136634165928464,0.0005444074900571664,0.2621115050966541,0.00877120692962598,64,46,0.71875,"{""INH10x"": ""10/13"", ""INH1x"": ""15/15"", ""MXF10x"": ""5/18"", ""MXF1x"": ""16/18""}",44,35
vijay,vijay_135_age30d,culture_age_30d,rifampicin,,,0.9172719515475484,0.8176509856795805,1.090851824057045,0.5001582526131387,0.40673873353460377,0.674157259185221,0.03821966464781452,0.020839927192214114,1.8339634440802435,0.0,log10 per day unless the column name says per hour,-0.02371326703960584,6.92445303860748,0.0491710682256323,0.2742777336329816,99,0.34136634165928464,0.0005444074900571664,0.2621115050966541,0.00877120692962598,64,46,0.71875,"{""INH10x"": ""10/13"", ""INH1x"": ""15/15"", ""MXF10x"": ""5/18"", ""MXF1x"": ""16/18""}",44,35
vijay,vijay_135_age60d,culture_age_60d,rifampicin,,,0.5019213110488546,0.34116424064036543,0.7152146406050301,0.490764320717148,0.36228762210470716,0.6426096335133549,0.020913387960368943,0.020448513363214498,1.0227339068076569,0.0,log10 per day unless the column name says per hour,-0.02371326703960584,6.92445303860748,0.0491710682256323,0.2742777336329816,99,0.34136634165928464,0.0005444074900571664,0.2621115050966541,0.00877120692962598,64,46,0.71875,"{""INH10x"": ""10/13"", ""INH1x"": ""15/15"", ""MXF10x"": ""5/18"", ""MXF1x"": ""16/18""}",44,35
vijay,vijay_136_age15d,culture_age_15d,rifampicin,,,0.9430978070704319,0.7667361615057869,1.1134269949880309,0.2793020271310928,0.16067943047019995,0.4098942556685768,0.039295741961268,0.011637584463795534,3.3766235668163653,0.0,log10 per day unless the column name says per hour,-0.02371326703960584,6.92445303860748,0.0491710682256323,0.2742777336329816,99,0.34136634165928464,0.0005444074900571664,0.2621115050966541,0.00877120692962598,64,46,0.71875,"{""INH10x"": ""10/13"", ""INH1x"": ""15/15"", ""MXF10x"": ""5/18"", ""MXF1x"": ""16/18""}",44,35
vijay,vijay_136_age30d,culture_age_30d,rifampicin,,,0.5862063820812103,0.4237422227001236,0.7622441032147153,0.2589230270909514,0.16011033657125123,0.44367957271488456,0.02442526592005043,0.010788459462122974,2.2640179541671075,0.0,log10 per day unless the column name says per hour,-0.02371326703960584,6.92445303860748,0.0491710682256323,0.2742777336329816,99,0.34136634165928464,0.0005444074900571664,0.2621115050966541,0.00877120692962598,64,46,0.71875,"{""INH10x"": ""10/13"", ""INH1x"": ""15/15"", ""MXF10x"": ""5/18"", ""MXF1x"": ""16/18""}",44,35
vijay,vijay_136_age60d,culture_age_60d,rifampicin,,,0.214219032395557,-0.07402477872390875,0.391876965281895,0.27513623275048515,0.1288549689282748,0.37340763200789345,0.008925793016481541,0.01146400969793688,0.7785925912194466,0.0,log10 per day unless the column name says per hour,-0.02371326703960584,6.92445303860748,0.0491710682256323,0.2742777336329816,99,0.34136634165928464,0.0005444074900571664,0.2621115050966541,0.00877120692962598,64,46,0.71875,"{""INH10x"": ""10/13"", ""INH1x"": ""15/15"", ""MXF10x"": ""5/18"", ""MXF1x"": ""16/18""}",44,35
vijay,vijay_137_age15d,culture_age_15d,rifampicin,,,1.1458908156511118,1.0584533648126377,1.2973299202357498,0.4941914893680864,0.4186045978242641,0.6061152853416361,0.04774545065212966,0.0205913120570036,2.3187182302883067,0.0,log10 per day unless the column name says per hour,-0.02371326703960584,6.92445303860748,0.0491710682256323,0.2742777336329816,99,0.34136634165928464,0.0005444074900571664,0.2621115050966541,0.00877120692962598,64,46,0.71875,"{""INH10x"": ""10/13"", ""INH1x"": ""15/15"", ""MXF10x"": ""5/18"", ""MXF1x"": ""16/18""}",44,35
vijay,vijay_137_age30d,culture_age_30d,rifampicin,,,0.760396043949087,0.5210870806019642,0.9024775446598526,0.5086915948176911,0.3953560765272631,0.5954346715378779,0.031683168497878625,0.021195483117403796,1.4948075645354504,0.0,log10 per day unless the column name says per hour,-0.02371326703960584,6.92445303860748,0.0491710682256323,0.2742777336329816,99,0.34136634165928464,0.0005444074900571664,0.2621115050966541,0.00877120692962598,64,46,0.71875,"{""INH10x"": ""10/13"", ""INH1x"": ""15/15"", ""MXF10x"": ""5/18"", ""MXF1x"": ""16/18""}",44,35
vijay,vijay_137_age60d,culture_age_60d,rifampicin,,,0.42780133113681185,0.22193435046571347,0.5973365885888977,0.4777868218871905,0.38623120616489465,0.6185592472906727,0.017825055464033828,0.019907784245299605,0.8953811857913053,0.0,log10 per day unless the column name says per hour,-0.02371326703960584,6.92445303860748,0.0491710682256323,0.2742777336329816,99,0.34136634165928464,0.0005444074900571664,0.2621115050966541,0.00877120692962598,64,46,0.71875,"{""INH10x"": ""10/13"", ""INH1x"": ""15/15"", ""MXF10x"": ""5/18"", ""MXF1x"": ""16/18""}",44,35
vijay,vijay_138_age15d,culture_age_15d,rifampicin,,,1.3812311079192585,1.2572570046251195,1.6488462229741627,0.5827670437786443,0.5259824141424668,0.7208512213640378,0.057551296163302436,0.02428196015744351,2.370125631956462,0.0,log10 per day unless the column name says per hour,-0.02371326703960584,6.92445303860748,0.0491710682256323,0.2742777336329816,99,0.34136634165928464,0.0005444074900571664,0.2621115050966541,0.00877120692962598,64,46,0.71875,"{""INH10x"": ""10/13"", ""INH1x"": ""15/15"", ""MXF10x"": ""5/18"", ""MXF1x"": ""16/18""}",44,35
vijay,vijay_138_age30d,culture_age_30d,rifampicin,,,1.0939853675315536,0.9902403208475873,1.1792941536303996,0.6004606411649273,0.5303277657657353,0.7194468309167661,0.04558272364714807,0.02501919338187197,1.821910201156833,0.0,log10 per day unless the column name says per hour,-0.02371326703960584,6.92445303860748,0.0491710682256323,0.2742777336329816,99,0.34136634165928464,0.0005444074900571664,0.2621115050966541,0.00877120692962598,64,46,0.71875,"{""INH10x"": ""10/13"", ""INH1x"": ""15/15"", ""MXF10x"": ""5/18"", ""MXF1x"": ""16/18""}",44,35
vijay,vijay_138_age60d,culture_age_60d,rifampicin,,,0.568568633535466,0.4427327214560983,0.7585009103916043,0.5630009578154233,0.4829839965333851,0.7185164993812235,0.023690359730644418,0.023458373242309302,1.0098892828560126,0.0,log10 per day unless the column name says per hour,-0.02371326703960584,6.92445303860748,0.0491710682256323,0.2742777336329816,99,0.34136634165928464,0.0005444074900571664,0.2621115050966541,0.00877120692962598,64,46,0.71875,"{""INH10x"": ""10/13"", ""INH1x"": ""15/15"", ""MXF10x"": ""5/18"", ""MXF1x"": ""16/18""}",44,35
vijay,vijay_139_age15d,culture_age_15d,rifampicin,,,0.982764588453078,0.9258455172116847,1.0435105528731303,0.3584057621257066,0.19828253515251817,0.42657644172833215,0.04094852451887825,0.01493357342190444,2.7420446106231546,0.0,log10 per day unless the column name says per hour,-0.02371326703960584,6.92445303860748,0.0491710682256323,0.2742777336329816,99,0.34136634165928464,0.0005444074900571664,0.2621115050966541,0.00877120692962598,64,46,0.71875,"{""INH10x"": ""10/13"", ""INH1x"": ""15/15"", ""MXF10x"": ""5/18"", ""MXF1x"": ""16/18""}",44,35
vijay,vijay_139_age30d,culture_age_30d,rifampicin,,,0.6659757987776833,0.48708384508375346,0.7726394403007797,0.31210666035179097,0.19702104465487197,0.4196855849034295,0.027748991615736806,0.013004444181324624,2.133808352654278,0.0,log10 per day unless the column name says per hour,-0.02371326703960584,6.92445303860748,0.0491710682256323,0.2742777336329816,99,0.34136634165928464,0.0005444074900571664,0.2621115050966541,0.00877120692962598,64,46,0.71875,"{""INH10x"": ""10/13"", ""INH1x"": ""15/15"", ""MXF10x"": ""5/18"", ""MXF1x"": ""16/18""}",44,35
vijay,vijay_139_age60d,culture_age_60d,rifampicin,,,0.2791170238836026,0.008825322386440432,0.40641174831342564,0.31324709258820543,0.270981071558197,0.38839507643623705,0.011629875995150108,0.013051962191175227,0.8910442602272762,0.0,log10 per day unless the column name says per hour,-0.02371326703960584,6.92445303860748,0.0491710682256323,0.2742777336329816,99,0.34136634165928464,0.0005444074900571664,0.2621115050966541,0.00877120692962598,64,46,0.71875,"{""INH10x"": ""10/13"", ""INH1x"": ""15/15"", ""MXF10x"": ""5/18"", ""MXF1x"": ""16/18""}",44,35
vijay,vijay_140_age15d,culture_age_15d,rifampicin,,,0.7691446774776204,0.6138052666195559,0.9224194772480107,0.12265244628862267,-0.001725890007930302,0.21061391373951574,0.03204769489490085,0.005110518595359278,6.2709281449445236,0.06666666666666667,log10 per day unless the column name says per hour,-0.02371326703960584,6.92445303860748,0.0491710682256323,0.2742777336329816,99,0.34136634165928464,0.0005444074900571664,0.2621115050966541,0.00877120692962598,64,46,0.71875,"{""INH10x"": ""10/13"", ""INH1x"": ""15/15"", ""MXF10x"": ""5/18"", ""MXF1x"": ""16/18""}",44,35
vijay,vijay_140_age30d,culture_age_30d,rifampicin,,,0.47550974241316224,0.2458961582211676,0.5274127011079425,0.11965086235589216,-0.005896633474226322,0.20294033026923572,0.01981290593388176,0.004985452598162173,3.9741438803741804,0.13333333333333333,log10 per day unless the column name says per hour,-0.02371326703960584,6.92445303860748,0.0491710682256323,0.2742777336329816,99,0.34136634165928464,0.0005444074900571664,0.2621115050966541,0.00877120692962598,64,46,0.71875,"{""INH10x"": ""10/13"", ""INH1x"": ""15/15"", ""MXF10x"": ""5/18"", ""MXF1x"": ""16/18""}",44,35
vijay,vijay_140_age60d,culture_age_60d,rifampicin,,,0.1265799753684254,-0.10840403986374644,0.19854998595102966,0.11308087741372409,-0.0384762520809146,0.19876439627218587,0.0052741656403510586,0.0047117032255718375,1.1193756032269961,0.13333333333333333,log10 per day unless the column name says per hour,-0.02371326703960584,6.92445303860748,0.0491710682256323,0.2742777336329816,99,0.34136634165928464,0.0005444074900571664,0.2621115050966541,0.00877120692962598,64,46,0.71875,"{""INH10x"": ""10/13"", ""INH1x"": ""15/15"", ""MXF10x"": ""5/18"", ""MXF1x"": ""16/18""}",44,35
vijay,vijay_141_age15d,culture_age_15d,rifampicin,,,0.9776877533117231,0.8934548816700767,1.3331054851358224,0.28057044309431245,0.19831780655639691,0.458176601383287,0.040736989721321795,0.011690435128929685,3.4846427247615597,0.0,log10 per day unless the column name says per hour,-0.02371326703960584,6.92445303860748,0.0491710682256323,0.2742777336329816,99,0.34136634165928464,0.0005444074900571664,0.2621115050966541,0.00877120692962598,64,46,0.71875,"{""INH10x"": ""10/13"", ""INH1x"": ""15/15"", ""MXF10x"": ""5/18"", ""MXF1x"": ""16/18""}",44,35
vijay,vijay_141_age30d,culture_age_30d,rifampicin,,,0.6891937043388086,0.5812569839707109,0.9111133224722331,0.27862325433565727,0.19515481228723497,0.43167972341367616,0.028716404347450358,0.011609302263985719,2.4735684965783125,0.0,log10 per day unless the column name says per hour,-0.02371326703960584,6.92445303860748,0.0491710682256323,0.2742777336329816,99,0.34136634165928464,0.0005444074900571664,0.2621115050966541,0.00877120692962598,64,46,0.71875,"{""INH10x"": ""10/13"", ""INH1x"": ""15/15"", ""MXF10x"": ""5/18"", ""MXF1x"": ""16/18""}",44,35
vijay,vijay_141_age60d,culture_age_60d,rifampicin,,,0.14838132738177973,-0.23731775534403904,0.4307320326225196,0.2682305763156826,0.1646607731405666,0.44492730204025094,0.0061825553075741555,0.011176274013153442,0.5531857307988207,0.0,log10 per day unless the column name says per hour,-0.02371326703960584,6.92445303860748,0.0491710682256323,0.2742777336329816,99,0.34136634165928464,0.0005444074900571664,0.2621115050966541,0.00877120692962598,64,46,0.71875,"{""INH10x"": ""10/13"", ""INH1x"": ""15/15"", ""MXF10x"": ""5/18"", ""MXF1x"": ""16/18""}",44,35
vijay,vijay_142_age15d,culture_age_15d,rifampicin,,,1.0758691745951825,0.9055537553791873,1.277062102491293,0.4137986564167576,0.2602846773613982,0.6035419953584383,0.04482788227479927,0.01724161068403157,2.59998228102418,0.0,log10 per day unless the column name says per hour,-0.02371326703960584,6.92445303860748,0.0491710682256323,0.2742777336329816,99,0.34136634165928464,0.0005444074900571664,0.2621115050966541,0.00877120692962598,64,46,0.71875,"{""INH10x"": ""10/13"", ""INH1x"": ""15/15"", ""MXF10x"": ""5/18"", ""MXF1x"": ""16/18""}",44,35
vijay,vijay_142_age30d,culture_age_30d,rifampicin,,,0.6628954424622818,0.4468110203825487,0.8766884759635629,0.45015842489768254,0.28654016346847644,0.5969415622621684,0.027620643435928408,0.01875660103740344,1.4725825527156418,0.0,log10 per day unless the column name says per hour,-0.02371326703960584,6.92445303860748,0.0491710682256323,0.2742777336329816,99,0.34136634165928464,0.0005444074900571664,0.2621115050966541,0.00877120692962598,64,46,0.71875,"{""INH10x"": ""10/13"", ""INH1x"": ""15/15"", ""MXF10x"": ""5/18"", ""MXF1x"": ""16/18""}",44,35
vijay,vijay_142_age60d,culture_age_60d,rifampicin,,,0.3152334297626822,0.09090704574645742,0.587690544469475,0.42426619345209127,0.25109753074342617,0.592980493028647,0.013134726240111758,0.0176777580605038,0.743008598440872,0.0,log10 per day unless the column name says per hour,-0.02371326703960584,6.92445303860748,0.0491710682256323,0.2742777336329816,99,0.34136634165928464,0.0005444074900571664,0.2621115050966541,0.00877120692962598,64,46,0.71875,"{""INH10x"": ""10/13"", ""INH1x"": ""15/15"", ""MXF10x"": ""5/18"", ""MXF1x"": ""16/18""}",44,35
vijay,vijay_143_age15d,culture_age_15d,rifampicin,,,1.0836139788259511,0.9083723276388457,1.5288196660344713,0.29288376928420573,0.054429296861753386,0.5117990729683044,0.0451505824510813,0.012203490386841905,3.6998089087498878,0.0,log10 per day unless the column name says per hour,-0.02371326703960584,6.92445303860748,0.0491710682256323,0.2742777336329816,99,0.34136634165928464,0.0005444074900571664,0.2621115050966541,0.00877120692962598,64,46,0.71875,"{""INH10x"": ""10/13"", ""INH1x"": ""15/15"", ""MXF10x"": ""5/18"", ""MXF1x"": ""16/18""}",44,35
vijay,vijay_143_age30d,culture_age_30d,rifampicin,,,0.8637143172793298,0.6889048140340015,1.1990462694439041,0.2406470333604671,0.027948274154725228,0.5216715658181192,0.035988096553305406,0.010026959723352796,3.589133450839451,0.0,log10 per day unless the column name says per hour,-0.02371326703960584,6.92445303860748,0.0491710682256323,0.2742777336329816,99,0.34136634165928464,0.0005444074900571664,0.2621115050966541,0.00877120692962598,64,46,0.71875,"{""INH10x"": ""10/13"", ""INH1x"": ""15/15"", ""MXF10x"": ""5/18"", ""MXF1x"": ""16/18""}",44,35
vijay,vijay_143_age60d,culture_age_60d,rifampicin,,,0.4184691609385678,0.12571815725361157,0.5442807611942152,0.27732149481869395,0.019990278176149148,0.4873084996072876,0.01743621503910699,0.011555062284112247,1.5089676377669634,0.0,log10 per day unless the column name says per hour,-0.02371326703960584,6.92445303860748,0.0491710682256323,0.2742777336329816,99,0.34136634165928464,0.0005444074900571664,0.2621115050966541,0.00877120692962598,64,46,0.71875,"{""INH10x"": ""10/13"", ""INH1x"": ""15/15"", ""MXF10x"": ""5/18"", ""MXF1x"": ""16/18""}",44,35
vijay,vijay_144_age15d,culture_age_15d,rifampicin,,,0.8556419899519075,0.6257701477428937,0.9965706998188358,0.20431962272305784,0.07928429381274449,0.3450742344425232,0.03565174958132948,0.008513317613460743,4.1877621862667365,0.0,log10 per day unless the column name says per hour,-0.02371326703960584,6.92445303860748,0.0491710682256323,0.2742777336329816,99,0.34136634165928464,0.0005444074900571664,0.2621115050966541,0.00877120692962598,64,46,0.71875,"{""INH10x"": ""10/13"", ""INH1x"": ""15/15"", ""MXF10x"": ""5/18"", ""MXF1x"": ""16/18""}",44,35
vijay,vijay_144_age30d,culture_age_30d,rifampicin,,,0.47758202984157544,0.2356960456211599,0.6331971705897645,0.2131210481924306,0.04646729087617188,0.34307138825737976,0.019899251243398978,0.00888004367468461,2.2408956501112858,0.0,log10 per day unless the column name says per hour,-0.02371326703960584,6.92445303860748,0.0491710682256323,0.2742777336329816,99,0.34136634165928464,0.0005444074900571664,0.2621115050966541,0.00877120692962598,64,46,0.71875,"{""INH10x"": ""10/13"", ""INH1x"": ""15/15"", ""MXF10x"": ""5/18"", ""MXF1x"": ""16/18""}",44,35
vijay,vijay_144_age60d,culture_age_60d,rifampicin,,,0.1424337610315159,-0.09876133714939618,0.2845593845296694,0.189132951859135,0.018432185808910435,0.34035770148124095,0.005934740042979829,0.007880539660797293,0.7530880242254118,0.06666666666666667,log10 per day unless the column name says per hour,-0.02371326703960584,6.92445303860748,0.0491710682256323,0.2742777336329816,99,0.34136634165928464,0.0005444074900571664,0.2621115050966541,0.00877120692962598,64,46,0.71875,"{""INH10x"": ""10/13"", ""INH1x"": ""15/15"", ""MXF10x"": ""5/18"", ""MXF1x"": ""16/18""}",44,35
vijay,vijay_145_age15d,culture_age_15d,rifampicin,,,0.7536649424552878,0.5448169485216278,0.7959806813760454,0.24456602521989526,0.1356472602196559,0.3403795129031675,0.031402705935636994,0.010190251050828969,3.081642030112929,0.0,log10 per day unless the column name says per hour,-0.02371326703960584,6.92445303860748,0.0491710682256323,0.2742777336329816,99,0.34136634165928464,0.0005444074900571664,0.2621115050966541,0.00877120692962598,64,46,0.71875,"{""INH10x"": ""10/13"", ""INH1x"": ""15/15"", ""MXF10x"": ""5/18"", ""MXF1x"": ""16/18""}",44,35
vijay,vijay_145_age30d,culture_age_30d,rifampicin,,,0.518381767739023,0.2557768802200392,0.5987974897818371,0.22006656228288882,0.15503675621833315,0.32599858887921,0.02159924032245929,0.009169440095120367,2.3555680715939897,0.0,log10 per day unless the column name says per hour,-0.02371326703960584,6.92445303860748,0.0491710682256323,0.2742777336329816,99,0.34136634165928464,0.0005444074900571664,0.2621115050966541,0.00877120692962598,64,46,0.71875,"{""INH10x"": ""10/13"", ""INH1x"": ""15/15"", ""MXF10x"": ""5/18"", ""MXF1x"": ""16/18""}",44,35
vijay,vijay_145_age60d,culture_age_60d,rifampicin,,,0.20674940515559395,-0.08706234375786052,0.2902271140382063,0.21979552940915492,0.1290016432256332,0.28718565577751387,0.008614558548149747,0.009158147058714788,0.9406442692959633,0.0,log10 per day unless the column name says per hour,-0.02371326703960584,6.92445303860748,0.0491710682256323,0.2742777336329816,99,0.34136634165928464,0.0005444074900571664,0.2621115050966541,0.00877120692962598,64,46,0.71875,"{""INH10x"": ""10/13"", ""INH1x"": ""15/15"", ""MXF10x"": ""5/18"", ""MXF1x"": ""16/18""}",44,35
vijay,vijay_146_age15d,culture_age_15d,rifampicin,,,0.7444507941940716,0.624454164545444,0.8494783733651551,0.15502795184709364,0.06052386883909337,0.3131302141223776,0.031018783091419647,0.006459497993628902,4.802042375740952,0.0,log10 per day unless the column name says per hour,-0.02371326703960584,6.92445303860748,0.0491710682256323,0.2742777336329816,99,0.34136634165928464,0.0005444074900571664,0.2621115050966541,0.00877120692962598,64,46,0.71875,"{""INH10x"": ""10/13"", ""INH1x"": ""15/15"", ""MXF10x"": ""5/18"", ""MXF1x"": ""16/18""}",44,35
vijay,vijay_146_age30d,culture_age_30d,rifampicin,,,0.4415458825681247,0.32123343651374225,0.6219360895348481,0.12361731278117558,0.06299262255858583,0.313822103804914,0.018397745107005196,0.005150721365882315,3.5718773740838285,0.0,log10 per day unless the column name says per hour,-0.02371326703960584,6.92445303860748,0.0491710682256323,0.2742777336329816,99,0.34136634165928464,0.0005444074900571664,0.2621115050966541,0.00877120692962598,64,46,0.71875,"{""INH10x"": ""10/13"", ""INH1x"": ""15/15"", ""MXF10x"": ""5/18"", ""MXF1x"": ""16/18""}",44,35
vijay,vijay_146_age60d,culture_age_60d,rifampicin,,,0.1201347518743968,-0.022542558726984345,0.3057072388055405,0.11271090868909228,0.03039623373874828,0.2455067483246883,0.0050056146614332,0.004696287862045512,1.0658662348804484,0.0,log10 per day unless the column name says per hour,-0.02371326703960584,6.92445303860748,0.0491710682256323,0.2742777336329816,99,0.34136634165928464,0.0005444074900571664,0.2621115050966541,0.00877120692962598,64,46,0.71875,"{""INH10x"": ""10/13"", ""INH1x"": ""15/15"", ""MXF10x"": ""5/18"", ""MXF1x"": ""16/18""}",44,35
vijay,vijay_147_age15d,culture_age_15d,rifampicin,,,0.7709457722328646,0.6386625781201221,0.9259190906188809,0.1896356274527476,0.12432751023668615,0.32714960097320833,0.032122740509702694,0.007901484477197816,4.065405760449549,0.0,log10 per day unless the column name says per hour,-0.02371326703960584,6.92445303860748,0.0491710682256323,0.2742777336329816,99,0.34136634165928464,0.0005444074900571664,0.2621115050966541,0.00877120692962598,64,46,0.71875,"{""INH10x"": ""10/13"", ""INH1x"": ""15/15"", ""MXF10x"": ""5/18"", ""MXF1x"": ""16/18""}",44,35
vijay,vijay_147_age30d,culture_age_30d,rifampicin,,,0.4985648935195535,0.3041842184320345,0.692712193095391,0.1882991934009268,0.09655447871956976,0.33014353715366673,0.020773537229981397,0.007845799725038616,2.647727186265789,0.0,log10 per day unless the column name says per hour,-0.02371326703960584,6.92445303860748,0.0491710682256323,0.2742777336329816,99,0.34136634165928464,0.0005444074900571664,0.2621115050966541,0.00877120692962598,64,46,0.71875,"{""INH10x"": ""10/13"", ""INH1x"": ""15/15"", ""MXF10x"": ""5/18"", ""MXF1x"": ""16/18""}",44,35
vijay,vijay_147_age60d,culture_age_60d,rifampicin,,,0.15960481442565913,-0.03209694575481514,0.3828365154934421,0.17966946066580503,0.07514672706790966,0.3483497190523034,0.0066502006010691304,0.007486227527741876,0.8883246703931102,0.0,log10 per day unless the column name says per hour,-0.02371326703960584,6.92445303860748,0.0491710682256323,0.2742777336329816,99,0.34136634165928464,0.0005444074900571664,0.2621115050966541,0.00877120692962598,64,46,0.71875,"{""INH10x"": ""10/13"", ""INH1x"": ""15/15"", ""MXF10x"": ""5/18"", ""MXF1x"": ""16/18""}",44,35
vijay,vijay_148_age15d,culture_age_15d,rifampicin,,,1.1101325310681889,0.9178691482833509,1.39321123429142,0.3148838716495545,0.15663971690065315,0.44354028208001006,0.0462555221278412,0.013120161318731437,3.525529984284794,0.0,log10 per day unless the column name says per hour,-0.02371326703960584,6.92445303860748,0.0491710682256323,0.2742777336329816,99,0.34136634165928464,0.0005444074900571664,0.2621115050966541,0.00877120692962598,64,46,0.71875,"{""INH10x"": ""10/13"", ""INH1x"": ""15/15"", ""MXF10x"": ""5/18"", ""MXF1x"": ""16/18""}",44,35
vijay,vijay_148_age30d,culture_age_30d,rifampicin,,,0.7102506237021672,0.5994097433036771,0.852448962294903,0.26659319207639226,0.17329542754160498,0.4118232252166661,0.0295937759875903,0.011108049669849678,2.6641738979540217,0.0,log10 per day unless the column name says per hour,-0.02371326703960584,6.92445303860748,0.0491710682256323,0.2742777336329816,99,0.34136634165928464,0.0005444074900571664,0.2621115050966541,0.00877120692962598,64,46,0.71875,"{""INH10x"": ""10/13"", ""INH1x"": ""15/15"", ""MXF10x"": ""5/18"", ""MXF1x"": ""16/18""}",44,35
vijay,vijay_148_age60d,culture_age_60d,rifampicin,,,0.3790984322346403,0.25770131510543315,0.5095507154737637,0.2877508130880597,0.1336052965412684,0.44147907505795475,0.015795768009776678,0.011989617212002488,1.317453904530326,0.0,log10 per day unless the column name says per hour,-0.02371326703960584,6.92445303860748,0.0491710682256323,0.2742777336329816,99,0.34136634165928464,0.0005444074900571664,0.2621115050966541,0.00877120692962598,64,46,0.71875,"{""INH10x"": ""10/13"", ""INH1x"": ""15/15"", ""MXF10x"": ""5/18"", ""MXF1x"": ""16/18""}",44,35
vijay,vijay_149_age15d,culture_age_15d,rifampicin,,,0.9879553484875442,0.8616888000592561,1.1431594314927118,0.3580807013244496,0.2275679722547594,0.4619069688274786,0.041164806186981005,0.014920029221852066,2.7590298634730894,0.0,log10 per day unless the column name says per hour,-0.02371326703960584,6.92445303860748,0.0491710682256323,0.2742777336329816,99,0.34136634165928464,0.0005444074900571664,0.2621115050966541,0.00877120692962598,64,46,0.71875,"{""INH10x"": ""10/13"", ""INH1x"": ""15/15"", ""MXF10x"": ""5/18"", ""MXF1x"": ""16/18""}",44,35
vijay,vijay_149_age30d,culture_age_30d,rifampicin,,,0.5093026559968782,0.20882818238610953,0.713782361940549,0.3710388530212617,0.20517046725602092,0.46554767695695726,0.021220943999869925,0.015459952209219238,1.3726396894820434,0.0,log10 per day unless the column name says per hour,-0.02371326703960584,6.92445303860748,0.0491710682256323,0.2742777336329816,99,0.34136634165928464,0.0005444074900571664,0.2621115050966541,0.00877120692962598,64,46,0.71875,"{""INH10x"": ""10/13"", ""INH1x"": ""15/15"", ""MXF10x"": ""5/18"", ""MXF1x"": ""16/18""}",44,35
vijay,vijay_149_age60d,culture_age_60d,rifampicin,,,0.17353802299105414,-0.1306281439766686,0.378608174645607,0.33609988284253645,0.20910723726436517,0.44661631308567346,0.0072307509579605895,0.014004161785105685,0.5163287220553929,0.0,log10 per day unless the column name says per hour,-0.02371326703960584,6.92445303860748,0.0491710682256323,0.2742777336329816,99,0.34136634165928464,0.0005444074900571664,0.2621115050966541,0.00877120692962598,64,46,0.71875,"{""INH10x"": ""10/13"", ""INH1x"": ""15/15"", ""MXF10x"": ""5/18"", ""MXF1x"": ""16/18""}",44,35
vijay,vijay_150_age15d,culture_age_15d,rifampicin,,,0.8873825141479799,0.750175118289244,1.0002774897449644,0.2352134374685057,0.05854440612011748,0.4781847852836625,0.036974271422832494,0.00980055989452107,3.7726692985675934,0.0,log10 per day unless the column name says per hour,-0.02371326703960584,6.92445303860748,0.0491710682256323,0.2742777336329816,99,0.34136634165928464,0.0005444074900571664,0.2621115050966541,0.00877120692962598,64,46,0.71875,"{""INH10x"": ""10/13"", ""INH1x"": ""15/15"", ""MXF10x"": ""5/18"", ""MXF1x"": ""16/18""}",44,35
vijay,vijay_150_age30d,culture_age_30d,rifampicin,,,0.5632294331533949,0.33121024940205135,0.7145506937897511,0.23755969961705958,0.08729761467309162,0.3742403383195808,0.02346789304805812,0.009898320817377482,2.370896385461452,0.0,log10 per day unless the column name says per hour,-0.02371326703960584,6.92445303860748,0.0491710682256323,0.2742777336329816,99,0.34136634165928464,0.0005444074900571664,0.2621115050966541,0.00877120692962598,64,46,0.71875,"{""INH10x"": ""10/13"", ""INH1x"": ""15/15"", ""MXF10x"": ""5/18"", ""MXF1x"": ""16/18""}",44,35
vijay,vijay_150_age60d,culture_age_60d,rifampicin,,,0.1523207208518723,-0.18296910368712987,0.36037148601293156,0.211209620937032,0.09279648675718527,0.3701693839538711,0.006346696702161345,0.008800400872376333,0.721182681812036,0.0,log10 per day unless the column name says per hour,-0.02371326703960584,6.92445303860748,0.0491710682256323,0.2742777336329816,99,0.34136634165928464,0.0005444074900571664,0.2621115050966541,0.00877120692962598,64,46,0.71875,"{""INH10x"": ""10/13"", ""INH1x"": ""15/15"", ""MXF10x"": ""5/18"", ""MXF1x"": ""16/18""}",44,35
vijay,vijay_151_age15d,culture_age_15d,rifampicin,,,0.7323859237995155,0.6702292216408461,0.9278803837800648,0.1489057342790205,0.01728697973932643,0.23602077564015417,0.030516080158313145,0.006204405594959188,4.918453458798075,0.0,log10 per day unless the column name says per hour,-0.02371326703960584,6.92445303860748,0.0491710682256323,0.2742777336329816,99,0.34136634165928464,0.0005444074900571664,0.2621115050966541,0.00877120692962598,64,46,0.71875,"{""INH10x"": ""10/13"", ""INH1x"": ""15/15"", ""MXF10x"": ""5/18"", ""MXF1x"": ""16/18""}",44,35
vijay,vijay_151_age30d,culture_age_30d,rifampicin,,,0.3962249663395623,0.11991060315740024,0.5418273732892146,0.10974714389613925,0.011027126729492052,0.2613016738151037,0.016509373597481763,0.004572797662339136,3.610344217381505,0.06666666666666667,log10 per day unless the column name says per hour,-0.02371326703960584,6.92445303860748,0.0491710682256323,0.2742777336329816,99,0.34136634165928464,0.0005444074900571664,0.2621115050966541,0.00877120692962598,64,46,0.71875,"{""INH10x"": ""10/13"", ""INH1x"": ""15/15"", ""MXF10x"": ""5/18"", ""MXF1x"": ""16/18""}",44,35
vijay,vijay_151_age60d,culture_age_60d,rifampicin,,,0.05327661653068294,-0.17442123985535823,0.20260256818240832,0.09040852097470047,0.022016281389114756,0.24004821685789762,0.002219859022111789,0.003767021707279186,0.5892875578131804,0.0,log10 per day unless the column name says per hour,-0.02371326703960584,6.92445303860748,0.0491710682256323,0.2742777336329816,99,0.34136634165928464,0.0005444074900571664,0.2621115050966541,0.00877120692962598,64,46,0.71875,"{""INH10x"": ""10/13"", ""INH1x"": ""15/15"", ""MXF10x"": ""5/18"", ""MXF1x"": ""16/18""}",44,35
vijay,vijay_152_age15d,culture_age_15d,rifampicin,,,0.9764081675124533,0.846802623854697,1.1385256185776644,0.3076243824569715,0.18666957789516475,0.4602087247590811,0.04068367364635222,0.012817682602373813,3.174027233192502,0.0,log10 per day unless the column name says per hour,-0.02371326703960584,6.92445303860748,0.0491710682256323,0.2742777336329816,99,0.34136634165928464,0.0005444074900571664,0.2621115050966541,0.00877120692962598,64,46,0.71875,"{""INH10x"": ""10/13"", ""INH1x"": ""15/15"", ""MXF10x"": ""5/18"", ""MXF1x"": ""16/18""}",44,35
vijay,vijay_152_age30d,culture_age_30d,rifampicin,,,0.6110362560755751,0.34102589400957944,0.7459341989385928,0.33567742723476945,0.18015286168033462,0.44839077235816704,0.025459844003148963,0.013986559468115395,1.8203078506325134,0.0,log10 per day unless the column name says per hour,-0.02371326703960584,6.92445303860748,0.0491710682256323,0.2742777336329816,99,0.34136634165928464,0.0005444074900571664,0.2621115050966541,0.00877120692962598,64,46,0.71875,"{""INH10x"": ""10/13"", ""INH1x"": ""15/15"", ""MXF10x"": ""5/18"", ""MXF1x"": ""16/18""}",44,35
vijay,vijay_152_age60d,culture_age_60d,rifampicin,,,0.28161583242460037,-0.012152154729628122,0.4226068638725293,0.3327260654238906,0.17660013787398426,0.48031375046805813,0.011733993017691681,0.013863586059328775,0.8463894527344104,0.0,log10 per day unless the column name says per hour,-0.02371326703960584,6.92445303860748,0.0491710682256323,0.2742777336329816,99,0.34136634165928464,0.0005444074900571664,0.2621115050966541,0.00877120692962598,64,46,0.71875,"{""INH10x"": ""10/13"", ""INH1x"": ""15/15"", ""MXF10x"": ""5/18"", ""MXF1x"": ""16/18""}",44,35
vijay,vijay_153_age15d,culture_age_15d,rifampicin,,,1.1093430919367173,0.8694327075318284,1.2763161671129537,0.2123029309334391,0.08073905549208849,0.44446013299867115,0.046222628830696555,0.008845955455559962,5.225283923586137,0.0,log10 per day unless the column name says per hour,-0.02371326703960584,6.92445303860748,0.0491710682256323,0.2742777336329816,99,0.34136634165928464,0.0005444074900571664,0.2621115050966541,0.00877120692962598,64,46,0.71875,"{""INH10x"": ""10/13"", ""INH1x"": ""15/15"", ""MXF10x"": ""5/18"", ""MXF1x"": ""16/18""}",44,35
vijay,vijay_153_age30d,culture_age_30d,rifampicin,,,0.754647302123183,0.5946122169885071,0.8841930317916304,0.2275670034549096,0.09489213879801828,0.39779991727473174,0.03144363758846596,0.0094819584772879,3.3161543223146133,0.0,log10 per day unless the column name says per hour,-0.02371326703960584,6.92445303860748,0.0491710682256323,0.2742777336329816,99,0.34136634165928464,0.0005444074900571664,0.2621115050966541,0.00877120692962598,64,46,0.71875,"{""INH10x"": ""10/13"", ""INH1x"": ""15/15"", ""MXF10x"": ""5/18"", ""MXF1x"": ""16/18""}",44,35
vijay,vijay_153_age60d,culture_age_60d,rifampicin,,,0.15831200493221592,-0.12319088542524691,0.384419896349407,0.19821680194473737,0.08092321260674862,0.41092958018881104,0.00659633353884233,0.008259033414364058,0.7986810572009588,0.0,log10 per day unless the column name says per hour,-0.02371326703960584,6.92445303860748,0.0491710682256323,0.2742777336329816,99,0.34136634165928464,0.0005444074900571664,0.2621115050966541,0.00877120692962598,64,46,0.71875,"{""INH10x"": ""10/13"", ""INH1x"": ""15/15"", ""MXF10x"": ""5/18"", ""MXF1x"": ""16/18""}",44,35
vijay,vijay_154_age15d,culture_age_15d,rifampicin,,,0.8611466039228117,0.7183648682860146,1.0236250041041397,0.19477033960961815,0.010917920985948022,0.3489570732011262,0.035881108496783824,0.008115430817067422,4.421343648364654,0.06666666666666667,log10 per day unless the column name says per hour,-0.02371326703960584,6.92445303860748,0.0491710682256323,0.2742777336329816,99,0.34136634165928464,0.0005444074900571664,0.2621115050966541,0.00877120692962598,64,46,0.71875,"{""INH10x"": ""10/13"", ""INH1x"": ""15/15"", ""MXF10x"": ""5/18"", ""MXF1x"": ""16/18""}",44,35
vijay,vijay_154_age30d,culture_age_30d,rifampicin,,,0.700238213197549,0.5688091320221683,0.8611862171514036,0.20269915909569575,0.058242880774395135,0.39678720711703785,0.029176592216564542,0.00844579829565399,3.454568910505255,0.0,log10 per day unless the column name says per hour,-0.02371326703960584,6.92445303860748,0.0491710682256323,0.2742777336329816,99,0.34136634165928464,0.0005444074900571664,0.2621115050966541,0.00877120692962598,64,46,0.71875,"{""INH10x"": ""10/13"", ""INH1x"": ""15/15"", ""MXF10x"": ""5/18"", ""MXF1x"": ""16/18""}",44,35
vijay,vijay_154_age60d,culture_age_60d,rifampicin,,,0.21108488310191276,0.01743214798700958,0.35854911292883535,0.21219303992256724,0.03749752024550659,0.3584427328362253,0.008795203462579698,0.008841376663440302,0.9947776005232836,0.0,log10 per day unless the column name says per hour,-0.02371326703960584,6.92445303860748,0.0491710682256323,0.2742777336329816,99,0.34136634165928464,0.0005444074900571664,0.2621115050966541,0.00877120692962598,64,46,0.71875,"{""INH10x"": ""10/13"", ""INH1x"": ""15/15"", ""MXF10x"": ""5/18"", ""MXF1x"": ""16/18""}",44,35
vijay,vijay_155_age15d,culture_age_15d,rifampicin,,,0.8177203700973031,0.6119875446320663,0.940949933153728,0.15951667772612863,-0.032560910363301304,0.29546941039157304,0.03407168208738763,0.006646528238588693,5.126237467791505,0.2,log10 per day unless the column name says per hour,-0.02371326703960584,6.92445303860748,0.0491710682256323,0.2742777336329816,99,0.34136634165928464,0.0005444074900571664,0.2621115050966541,0.00877120692962598,64,46,0.71875,"{""INH10x"": ""10/13"", ""INH1x"": ""15/15"", ""MXF10x"": ""5/18"", ""MXF1x"": ""16/18""}",44,35
vijay,vijay_155_age30d,culture_age_30d,rifampicin,,,0.46343351516814874,0.17074939622568314,0.6459423222929517,0.1744682000312947,-0.03630655791239763,0.2786486197247819,0.019309729798672865,0.00726950833463728,2.6562635201430504,0.13333333333333333,log10 per day unless the column name says per hour,-0.02371326703960584,6.92445303860748,0.0491710682256323,0.2742777336329816,99,0.34136634165928464,0.0005444074900571664,0.2621115050966541,0.00877120692962598,64,46,0.71875,"{""INH10x"": ""10/13"", ""INH1x"": ""15/15"", ""MXF10x"": ""5/18"", ""MXF1x"": ""16/18""}",44,35
vijay,vijay_155_age60d,culture_age_60d,rifampicin,,,0.13742466559611974,-0.1611155647322662,0.298453589807788,0.11633903658360015,-0.03460628152502811,0.2589836466098807,0.005726027733171656,0.004847459857650006,1.1812429398739919,0.13333333333333333,log10 per day unless the column name says per hour,-0.02371326703960584,6.92445303860748,0.0491710682256323,0.2742777336329816,99,0.34136634165928464,0.0005444074900571664,0.2621115050966541,0.00877120692962598,64,46,0.71875,"{""INH10x"": ""10/13"", ""INH1x"": ""15/15"", ""MXF10x"": ""5/18"", ""MXF1x"": ""16/18""}",44,35
vijay,vijay_156_age15d,culture_age_15d,rifampicin,,,1.1643099762462743,1.0060294477885983,1.299542824001936,0.5010107287033073,0.3794739912761207,0.6155896325068339,0.048512915676928094,0.02087544702930447,2.3239222426627215,0.0,log10 per day unless the column name says per hour,-0.02371326703960584,6.92445303860748,0.0491710682256323,0.2742777336329816,99,0.34136634165928464,0.0005444074900571664,0.2621115050966541,0.00877120692962598,64,46,0.71875,"{""INH10x"": ""10/13"", ""INH1x"": ""15/15"", ""MXF10x"": ""5/18"", ""MXF1x"": ""16/18""}",44,35
vijay,vijay_156_age30d,culture_age_30d,rifampicin,,,0.8147240208458072,0.6718862486241528,0.9720690937135024,0.5112490969640918,0.3813285868942399,0.6670964231714147,0.03394683420190863,0.02130204570683716,1.5935950316270784,0.0,log10 per day unless the column name says per hour,-0.02371326703960584,6.92445303860748,0.0491710682256323,0.2742777336329816,99,0.34136634165928464,0.0005444074900571664,0.2621115050966541,0.00877120692962598,64,46,0.71875,"{""INH10x"": ""10/13"", ""INH1x"": ""15/15"", ""MXF10x"": ""5/18"", ""MXF1x"": ""16/18""}",44,35
vijay,vijay_156_age60d,culture_age_60d,rifampicin,,,0.43888741043234974,0.22321569717539025,0.6054768405557396,0.48407457985098756,0.30296768807713964,0.6365977460592461,0.01828697543468124,0.020169774160457815,0.9066524636915498,0.0,log10 per day unless the column name says per hour,-0.02371326703960584,6.92445303860748,0.0491710682256323,0.2742777336329816,99,0.34136634165928464,0.0005444074900571664,0.2621115050966541,0.00877120692962598,64,46,0.71875,"{""INH10x"": ""10/13"", ""INH1x"": ""15/15"", ""MXF10x"": ""5/18"", ""MXF1x"": ""16/18""}",44,35
vijay,vijay_157_age15d,culture_age_15d,rifampicin,,,1.1156056448725746,0.7661755920004303,1.4040715384406206,0.2940538042476704,0.06931930605980029,0.4021256508465519,0.046483568536357274,0.012252241843652934,3.7938827138347175,0.0,log10 per day unless the column name says per hour,-0.02371326703960584,6.92445303860748,0.0491710682256323,0.2742777336329816,99,0.34136634165928464,0.0005444074900571664,0.2621115050966541,0.00877120692962598,64,46,0.71875,"{""INH10x"": ""10/13"", ""INH1x"": ""15/15"", ""MXF10x"": ""5/18"", ""MXF1x"": ""16/18""}",44,35
vijay,vijay_157_age30d,culture_age_30d,rifampicin,,,0.7374563286502521,0.4912998225656584,0.9116225543964083,0.27709364248656737,0.04545856344772415,0.3977748592737199,0.03072734702709384,0.011545568436940308,2.6613975045854823,0.0,log10 per day unless the column name says per hour,-0.02371326703960584,6.92445303860748,0.0491710682256323,0.2742777336329816,99,0.34136634165928464,0.0005444074900571664,0.2621115050966541,0.00877120692962598,64,46,0.71875,"{""INH10x"": ""10/13"", ""INH1x"": ""15/15"", ""MXF10x"": ""5/18"", ""MXF1x"": ""16/18""}",44,35
vijay,vijay_157_age60d,culture_age_60d,rifampicin,,,0.19977947828473788,-0.06211745427942118,0.4102667632150829,0.25661108367666546,0.04670015740656301,0.38885171574415517,0.008324144928530746,0.010692128486527728,0.7785301999521719,0.06666666666666667,log10 per day unless the column name says per hour,-0.02371326703960584,6.92445303860748,0.0491710682256323,0.2742777336329816,99,0.34136634165928464,0.0005444074900571664,0.2621115050966541,0.00877120692962598,64,46,0.71875,"{""INH10x"": ""10/13"", ""INH1x"": ""15/15"", ""MXF10x"": ""5/18"", ""MXF1x"": ""16/18""}",44,35
vijay,vijay_158_age15d,culture_age_15d,rifampicin,,,0.9050121243676348,0.8075722267301993,1.099911896405238,0.24308745068125437,0.15306106572932263,0.4650407128759928,0.037708838515318116,0.010128643778385599,3.7229899027338993,0.0,log10 per day unless the column name says per hour,-0.02371326703960584,6.92445303860748,0.0491710682256323,0.2742777336329816,99,0.34136634165928464,0.0005444074900571664,0.2621115050966541,0.00877120692962598,64,46,0.71875,"{""INH10x"": ""10/13"", ""INH1x"": ""15/15"", ""MXF10x"": ""5/18"", ""MXF1x"": ""16/18""}",44,35
vijay,vijay_158_age30d,culture_age_30d,rifampicin,,,0.5896240062743698,0.4207814229377503,0.7385619425440996,0.3006633132480331,0.14198932217477794,0.43609171453182544,0.024567666928098742,0.012527638052001378,1.9610773256794314,0.0,log10 per day unless the column name says per hour,-0.02371326703960584,6.92445303860748,0.0491710682256323,0.2742777336329816,99,0.34136634165928464,0.0005444074900571664,0.2621115050966541,0.00877120692962598,64,46,0.71875,"{""INH10x"": ""10/13"", ""INH1x"": ""15/15"", ""MXF10x"": ""5/18"", ""MXF1x"": ""16/18""}",44,35
vijay,vijay_158_age60d,culture_age_60d,rifampicin,,,0.24971600748747114,0.05983056821639387,0.40953017261551106,0.20819802249647562,0.14884798829033166,0.42142742141250544,0.010404833645311298,0.008674917604019818,1.199415846957424,0.0,log10 per day unless the column name says per hour,-0.02371326703960584,6.92445303860748,0.0491710682256323,0.2742777336329816,99,0.34136634165928464,0.0005444074900571664,0.2621115050966541,0.00877120692962598,64,46,0.71875,"{""INH10x"": ""10/13"", ""INH1x"": ""15/15"", ""MXF10x"": ""5/18"", ""MXF1x"": ""16/18""}",44,35
vijay,vijay_159_age15d,culture_age_15d,rifampicin,,,0.751507311551498,0.4559674311596192,0.9175483576393948,0.3415557400877763,0.2197011289441706,0.46445818960481866,0.03131280464797908,0.014231489170324012,2.2002479342269825,0.0,log10 per day unless the column name says per hour,-0.02371326703960584,6.92445303860748,0.0491710682256323,0.2742777336329816,99,0.34136634165928464,0.0005444074900571664,0.2621115050966541,0.00877120692962598,64,46,0.71875,"{""INH10x"": ""10/13"", ""INH1x"": ""15/15"", ""MXF10x"": ""5/18"", ""MXF1x"": ""16/18""}",44,35
vijay,vijay_159_age30d,culture_age_30d,rifampicin,,,0.583010652384674,0.2837776652079319,0.7633823374467119,0.31462916714019035,0.19469320368723822,0.4075303634437366,0.024292110516028084,0.013109548630841265,1.853008917399257,0.0,log10 per day unless the column name says per hour,-0.02371326703960584,6.92445303860748,0.0491710682256323,0.2742777336329816,99,0.34136634165928464,0.0005444074900571664,0.2621115050966541,0.00877120692962598,64,46,0.71875,"{""INH10x"": ""10/13"", ""INH1x"": ""15/15"", ""MXF10x"": ""5/18"", ""MXF1x"": ""16/18""}",44,35
vijay,vijay_159_age60d,culture_age_60d,rifampicin,,,0.24759603599630525,-0.0626977406296863,0.4370164756132454,0.3014603536640733,0.1625147588381689,0.44647169802985776,0.010316501499846052,0.012560848069336389,0.8213220510986637,0.0,log10 per day unless the column name says per hour,-0.02371326703960584,6.92445303860748,0.0491710682256323,0.2742777336329816,99,0.34136634165928464,0.0005444074900571664,0.2621115050966541,0.00877120692962598,64,46,0.71875,"{""INH10x"": ""10/13"", ""INH1x"": ""15/15"", ""MXF10x"": ""5/18"", ""MXF1x"": ""16/18""}",44,35
vijay,vijay_160_age15d,culture_age_15d,rifampicin,,,1.1183037261314541,0.9124017105319348,1.302284021354298,0.3463796361011867,0.2260254451027297,0.5309038247458714,0.04659598858881059,0.014432484837549447,3.2285492840138206,0.0,log10 per day unless the column name says per hour,-0.02371326703960584,6.92445303860748,0.0491710682256323,0.2742777336329816,99,0.34136634165928464,0.0005444074900571664,0.2621115050966541,0.00877120692962598,64,46,0.71875,"{""INH10x"": ""10/13"", ""INH1x"": ""15/15"", ""MXF10x"": ""5/18"", ""MXF1x"": ""16/18""}",44,35
vijay,vijay_160_age30d,culture_age_30d,rifampicin,,,0.5860006771590234,0.3621631367492733,0.8349995100806714,0.3230562079674106,0.23660955083775825,0.5248493968991894,0.024416694881625973,0.01346067533197544,1.8139279255643905,0.0,log10 per day unless the column name says per hour,-0.02371326703960584,6.92445303860748,0.0491710682256323,0.2742777336329816,99,0.34136634165928464,0.0005444074900571664,0.2621115050966541,0.00877120692962598,64,46,0.71875,"{""INH10x"": ""10/13"", ""INH1x"": ""15/15"", ""MXF10x"": ""5/18"", ""MXF1x"": ""16/18""}",44,35
vijay,vijay_160_age60d,culture_age_60d,rifampicin,,,0.2516318185781112,0.02554238576298361,0.501041593222592,0.33847896059846083,0.20014238150454616,0.5280745537886112,0.0104846591074213,0.014103290024935869,0.7434193786615386,0.0,log10 per day unless the column name says per hour,-0.02371326703960584,6.92445303860748,0.0491710682256323,0.2742777336329816,99,0.34136634165928464,0.0005444074900571664,0.2621115050966541,0.00877120692962598,64,46,0.71875,"{""INH10x"": ""10/13"", ""INH1x"": ""15/15"", ""MXF10x"": ""5/18"", ""MXF1x"": ""16/18""}",44,35
vijay,vijay_161_age15d,culture_age_15d,rifampicin,,,1.13974117732268,0.953937266984112,1.4061458730373886,0.3537259728293108,0.2107148818542035,0.48127756359668233,0.04748921572177833,0.014738582201221283,3.222102036235428,0.0,log10 per day unless the column name says per hour,-0.02371326703960584,6.92445303860748,0.0491710682256323,0.2742777336329816,99,0.34136634165928464,0.0005444074900571664,0.2621115050966541,0.00877120692962598,64,46,0.71875,"{""INH10x"": ""10/13"", ""INH1x"": ""15/15"", ""MXF10x"": ""5/18"", ""MXF1x"": ""16/18""}",44,35
vijay,vijay_161_age30d,culture_age_30d,rifampicin,,,0.8435166016581757,0.6070813463795007,0.9339139941792313,0.33346674299311807,0.1350951717735668,0.43349215372342426,0.035146525069090655,0.013894447624713252,2.529537410798365,0.0,log10 per day unless the column name says per hour,-0.02371326703960584,6.92445303860748,0.0491710682256323,0.2742777336329816,99,0.34136634165928464,0.0005444074900571664,0.2621115050966541,0.00877120692962598,64,46,0.71875,"{""INH10x"": ""10/13"", ""INH1x"": ""15/15"", ""MXF10x"": ""5/18"", ""MXF1x"": ""16/18""}",44,35
vijay,vijay_161_age60d,culture_age_60d,rifampicin,,,0.4322118093018907,0.2152448833757447,0.5330475196403767,0.3037108492212043,0.12160622200844358,0.428315199732393,0.018008825387578777,0.012654618717550178,1.4231029626047182,0.0,log10 per day unless the column name says per hour,-0.02371326703960584,6.92445303860748,0.0491710682256323,0.2742777336329816,99,0.34136634165928464,0.0005444074900571664,0.2621115050966541,0.00877120692962598,64,46,0.71875,"{""INH10x"": ""10/13"", ""INH1x"": ""15/15"", ""MXF10x"": ""5/18"", ""MXF1x"": ""16/18""}",44,35
vijay,vijay_162_age15d,culture_age_15d,rifampicin,,,0.8336715985142708,0.7643015491529086,0.9460572540538477,0.2635898485799593,0.16316136493187933,0.3834122746111096,0.03473631660476128,0.010982910357498306,3.1627606412216536,0.0,log10 per day unless the column name says per hour,-0.02371326703960584,6.92445303860748,0.0491710682256323,0.2742777336329816,99,0.34136634165928464,0.0005444074900571664,0.2621115050966541,0.00877120692962598,64,46,0.71875,"{""INH10x"": ""10/13"", ""INH1x"": ""15/15"", ""MXF10x"": ""5/18"", ""MXF1x"": ""16/18""}",44,35
vijay,vijay_162_age30d,culture_age_30d,rifampicin,,,0.5083390221299848,0.33708698815508864,0.6675056926854143,0.2574269020077167,0.18184309473815852,0.37499421341382566,0.02118079258874937,0.010726120916988194,1.9746926920433001,0.0,log10 per day unless the column name says per hour,-0.02371326703960584,6.92445303860748,0.0491710682256323,0.2742777336329816,99,0.34136634165928464,0.0005444074900571664,0.2621115050966541,0.00877120692962598,64,46,0.71875,"{""INH10x"": ""10/13"", ""INH1x"": ""15/15"", ""MXF10x"": ""5/18"", ""MXF1x"": ""16/18""}",44,35
vijay,vijay_162_age60d,culture_age_60d,rifampicin,,,0.16759149962855835,-0.006060304664104836,0.3478387957446834,0.26073397968426315,0.18840870308158084,0.3185229713400605,0.0069829791511899315,0.01086391582017763,0.6427681571519904,0.0,log10 per day unless the column name says per hour,-0.02371326703960584,6.92445303860748,0.0491710682256323,0.2742777336329816,99,0.34136634165928464,0.0005444074900571664,0.2621115050966541,0.00877120692962598,64,46,0.71875,"{""INH10x"": ""10/13"", ""INH1x"": ""15/15"", ""MXF10x"": ""5/18"", ""MXF1x"": ""16/18""}",44,35
vijay,vijay_163_age15d,culture_age_15d,rifampicin,,,0.9783729411845713,0.7823580368221372,1.1422963391356349,0.22154734604704138,0.07692562622375819,0.3354993855108615,0.040765539216023806,0.009231139418626725,4.416089646936381,0.0,log10 per day unless the column name says per hour,-0.02371326703960584,6.92445303860748,0.0491710682256323,0.2742777336329816,99,0.34136634165928464,0.0005444074900571664,0.2621115050966541,0.00877120692962598,64,46,0.71875,"{""INH10x"": ""10/13"", ""INH1x"": ""15/15"", ""MXF10x"": ""5/18"", ""MXF1x"": ""16/18""}",44,35
vijay,vijay_163_age30d,culture_age_30d,rifampicin,,,0.750139240654286,0.5394743530590628,0.8121678659239603,0.21152904882502088,0.08343561206069736,0.3291009237828418,0.03125580169392859,0.008813710367709204,3.5462705705012145,0.0,log10 per day unless the column name says per hour,-0.02371326703960584,6.92445303860748,0.0491710682256323,0.2742777336329816,99,0.34136634165928464,0.0005444074900571664,0.2621115050966541,0.00877120692962598,64,46,0.71875,"{""INH10x"": ""10/13"", ""INH1x"": ""15/15"", ""MXF10x"": ""5/18"", ""MXF1x"": ""16/18""}",44,35
vijay,vijay_163_age60d,culture_age_60d,rifampicin,,,0.20040588115697133,0.05861843190275713,0.3780175561358053,0.1822141804196869,0.06909932535397517,0.3053771633652151,0.008350245048207139,0.007592257517486954,1.0998369100329304,0.0,log10 per day unless the column name says per hour,-0.02371326703960584,6.92445303860748,0.0491710682256323,0.2742777336329816,99,0.34136634165928464,0.0005444074900571664,0.2621115050966541,0.00877120692962598,64,46,0.71875,"{""INH10x"": ""10/13"", ""INH1x"": ""15/15"", ""MXF10x"": ""5/18"", ""MXF1x"": ""16/18""}",44,35
vijay,vijay_164_age15d,culture_age_15d,rifampicin,,,0.7021247829236587,0.5466046842747916,0.8250016274135666,0.029761836365177145,-0.06332783647417442,0.18505036103666944,0.029255199288485776,0.0012400765152157144,23.59144692244798,0.4,log10 per day unless the column name says per hour,-0.02371326703960584,6.92445303860748,0.0491710682256323,0.2742777336329816,99,0.34136634165928464,0.0005444074900571664,0.2621115050966541,0.00877120692962598,64,46,0.71875,"{""INH10x"": ""10/13"", ""INH1x"": ""15/15"", ""MXF10x"": ""5/18"", ""MXF1x"": ""16/18""}",44,35
vijay,vijay_164_age30d,culture_age_30d,rifampicin,,,0.3698115640736835,0.19416589492838815,0.49064111434289687,0.01727693971333757,-0.05450640207206004,0.15444855950138703,0.015408815169736812,0.0007198724880557321,21.404922990394752,0.3333333333333333,log10 per day unless the column name says per hour,-0.02371326703960584,6.92445303860748,0.0491710682256323,0.2742777336329816,99,0.34136634165928464,0.0005444074900571664,0.2621115050966541,0.00877120692962598,64,46,0.71875,"{""INH10x"": ""10/13"", ""INH1x"": ""15/15"", ""MXF10x"": ""5/18"", ""MXF1x"": ""16/18""}",44,35
vijay,vijay_164_age60d,culture_age_60d,rifampicin,,,0.029908399063963854,-0.15087128270928185,0.16077056134037265,-0.007237896684160601,-0.0718741796957816,0.14805843293810614,0.0012461832943318272,-0.0003015790285066917,-4.1321948031415445,0.5333333333333333,log10 per day unless the column name says per hour,-0.02371326703960584,6.92445303860748,0.0491710682256323,0.2742777336329816,99,0.34136634165928464,0.0005444074900571664,0.2621115050966541,0.00877120692962598,64,46,0.71875,"{""INH10x"": ""10/13"", ""INH1x"": ""15/15"", ""MXF10x"": ""5/18"", ""MXF1x"": ""16/18""}",44,35
vijay,vijay_165_age15d,culture_age_15d,rifampicin,,,1.0753994229818167,0.9485260098185396,1.3214662358758742,0.36423824378689235,0.20518913875305328,0.4204686054337467,0.04480830929090903,0.015176593491120514,2.952461586134291,0.0,log10 per day unless the column name says per hour,-0.02371326703960584,6.92445303860748,0.0491710682256323,0.2742777336329816,99,0.34136634165928464,0.0005444074900571664,0.2621115050966541,0.00877120692962598,64,46,0.71875,"{""INH10x"": ""10/13"", ""INH1x"": ""15/15"", ""MXF10x"": ""5/18"", ""MXF1x"": ""16/18""}",44,35
vijay,vijay_165_age30d,culture_age_30d,rifampicin,,,0.8338005183173282,0.7327892473739529,0.96686841489446,0.3372641097518879,0.2693084320107583,0.4228486680820256,0.034741688263222006,0.014052671239661996,2.4722479926213397,0.0,log10 per day unless the column name says per hour,-0.02371326703960584,6.92445303860748,0.0491710682256323,0.2742777336329816,99,0.34136634165928464,0.0005444074900571664,0.2621115050966541,0.00877120692962598,64,46,0.71875,"{""INH10x"": ""10/13"", ""INH1x"": ""15/15"", ""MXF10x"": ""5/18"", ""MXF1x"": ""16/18""}",44,35
vijay,vijay_165_age60d,culture_age_60d,rifampicin,,,0.32832624320932974,0.23774680540231263,0.44377533538634706,0.33543726874489305,0.2289182077079972,0.4276440334008706,0.013680260133722073,0.013976552864370544,0.9788007290836506,0.0,log10 per day unless the column name says per hour,-0.02371326703960584,6.92445303860748,0.0491710682256323,0.2742777336329816,99,0.34136634165928464,0.0005444074900571664,0.2621115050966541,0.00877120692962598,64,46,0.71875,"{""INH10x"": ""10/13"", ""INH1x"": ""15/15"", ""MXF10x"": ""5/18"", ""MXF1x"": ""16/18""}",44,35
vijay,vijay_166_age15d,culture_age_15d,rifampicin,,,0.8979988940897211,0.8049473995013936,1.0319230436753846,0.3191992830081278,0.20744805632405233,0.4529921645611994,0.037416620587071715,0.013299970125338657,2.8132860626345937,0.0,log10 per day unless the column name says per hour,-0.02371326703960584,6.92445303860748,0.0491710682256323,0.2742777336329816,99,0.34136634165928464,0.0005444074900571664,0.2621115050966541,0.00877120692962598,64,46,0.71875,"{""INH10x"": ""10/13"", ""INH1x"": ""15/15"", ""MXF10x"": ""5/18"", ""MXF1x"": ""16/18""}",44,35
vijay,vijay_166_age30d,culture_age_30d,rifampicin,,,0.5831821596180129,0.33828860987836956,0.7106946304011704,0.2878741044917119,0.19679791742934102,0.44350457411250843,0.02429925665075054,0.01199475435382133,2.0258236170555004,0.0,log10 per day unless the column name says per hour,-0.02371326703960584,6.92445303860748,0.0491710682256323,0.2742777336329816,99,0.34136634165928464,0.0005444074900571664,0.2621115050966541,0.00877120692962598,64,46,0.71875,"{""INH10x"": ""10/13"", ""INH1x"": ""15/15"", ""MXF10x"": ""5/18"", ""MXF1x"": ""16/18""}",44,35
vijay,vijay_166_age60d,culture_age_60d,rifampicin,,,0.2519936083344494,-0.016991374709679916,0.3759290954754402,0.27751081499517966,0.20336100353395092,0.431856975465487,0.010499733680602058,0.011562950624799152,0.9080496856990115,0.0,log10 per day unless the column name says per hour,-0.02371326703960584,6.92445303860748,0.0491710682256323,0.2742777336329816,99,0.34136634165928464,0.0005444074900571664,0.2621115050966541,0.00877120692962598,64,46,0.71875,"{""INH10x"": ""10/13"", ""INH1x"": ""15/15"", ""MXF10x"": ""5/18"", ""MXF1x"": ""16/18""}",44,35
vijay,vijay_167_age15d,culture_age_15d,rifampicin,,,1.2567298044185544,1.0487419495806765,1.8048161009610002,0.37810179859411813,0.18041393588877774,0.4557341368482322,0.0523637418507731,0.015754241608088256,3.323786898373417,0.0,log10 per day unless the column name says per hour,-0.02371326703960584,6.92445303860748,0.0491710682256323,0.2742777336329816,99,0.34136634165928464,0.0005444074900571664,0.2621115050966541,0.00877120692962598,64,46,0.71875,"{""INH10x"": ""10/13"", ""INH1x"": ""15/15"", ""MXF10x"": ""5/18"", ""MXF1x"": ""16/18""}",44,35
vijay,vijay_167_age30d,culture_age_30d,rifampicin,,,1.051276650141753,0.8679712763392975,1.4805368253607265,0.34435501572149746,0.20133056506485203,0.4497780192871812,0.043803193755906376,0.014348125655062395,3.0528861266594403,0.0,log10 per day unless the column name says per hour,-0.02371326703960584,6.92445303860748,0.0491710682256323,0.2742777336329816,99,0.34136634165928464,0.0005444074900571664,0.2621115050966541,0.00877120692962598,64,46,0.71875,"{""INH10x"": ""10/13"", ""INH1x"": ""15/15"", ""MXF10x"": ""5/18"", ""MXF1x"": ""16/18""}",44,35
vijay,vijay_167_age60d,culture_age_60d,rifampicin,,,0.4458652304448944,0.3317425070433953,0.5457834513217406,0.3556720396303446,0.24100756865141368,0.44005850691128845,0.018577717935203932,0.014819668317931025,1.2535852717247298,0.0,log10 per day unless the column name says per hour,-0.02371326703960584,6.92445303860748,0.0491710682256323,0.2742777336329816,99,0.34136634165928464,0.0005444074900571664,0.2621115050966541,0.00877120692962598,64,46,0.71875,"{""INH10x"": ""10/13"", ""INH1x"": ""15/15"", ""MXF10x"": ""5/18"", ""MXF1x"": ""16/18""}",44,35
vijay,vijay_168_age15d,culture_age_15d,rifampicin,,,0.8954777634549977,0.678948558246662,1.004170241139941,0.22713204143836374,0.058819520705979074,0.4201798190386077,0.037311573477291575,0.009463835059931822,3.942542662779709,0.06666666666666667,log10 per day unless the column name says per hour,-0.02371326703960584,6.92445303860748,0.0491710682256323,0.2742777336329816,99,0.34136634165928464,0.0005444074900571664,0.2621115050966541,0.00877120692962598,64,46,0.71875,"{""INH10x"": ""10/13"", ""INH1x"": ""15/15"", ""MXF10x"": ""5/18"", ""MXF1x"": ""16/18""}",44,35
vijay,vijay_168_age30d,culture_age_30d,rifampicin,,,0.5495030924337431,0.34631556365805244,0.7443917509225265,0.19483367860136178,0.07433992532987546,0.38543778823201374,0.022895962184739296,0.008118069941723408,2.8203701556035927,0.0,log10 per day unless the column name says per hour,-0.02371326703960584,6.92445303860748,0.0491710682256323,0.2742777336329816,99,0.34136634165928464,0.0005444074900571664,0.2621115050966541,0.00877120692962598,64,46,0.71875,"{""INH10x"": ""10/13"", ""INH1x"": ""15/15"", ""MXF10x"": ""5/18"", ""MXF1x"": ""16/18""}",44,35
vijay,vijay_168_age60d,culture_age_60d,rifampicin,,,0.2093491022257028,0.0004212324752302101,0.4348237831235543,0.19570731469232333,0.07403459993494009,0.36304770360308086,0.008722879259404284,0.008154471445513472,1.069705046818644,0.0,log10 per day unless the column name says per hour,-0.02371326703960584,6.92445303860748,0.0491710682256323,0.2742777336329816,99,0.34136634165928464,0.0005444074900571664,0.2621115050966541,0.00877120692962598,64,46,0.71875,"{""INH10x"": ""10/13"", ""INH1x"": ""15/15"", ""MXF10x"": ""5/18"", ""MXF1x"": ""16/18""}",44,35
vijay,vijay_169_age15d,culture_age_15d,rifampicin,,,0.9640419367128408,0.8499285402834402,1.099926070233303,0.3401700225774165,0.22908942324403375,0.39950552984901627,0.0401684140297017,0.014173750940725689,2.8340002725943974,0.0,log10 per day unless the column name says per hour,-0.02371326703960584,6.92445303860748,0.0491710682256323,0.2742777336329816,99,0.34136634165928464,0.0005444074900571664,0.2621115050966541,0.00877120692962598,64,46,0.71875,"{""INH10x"": ""10/13"", ""INH1x"": ""15/15"", ""MXF10x"": ""5/18"", ""MXF1x"": ""16/18""}",44,35
vijay,vijay_169_age30d,culture_age_30d,rifampicin,,,0.6076151387416757,0.5289267054433301,0.7088831064494348,0.30735145575279316,0.20464651113512217,0.42300903121542593,0.02531729744756982,0.012806310656366381,1.9769391924741317,0.0,log10 per day unless the column name says per hour,-0.02371326703960584,6.92445303860748,0.0491710682256323,0.2742777336329816,99,0.34136634165928464,0.0005444074900571664,0.2621115050966541,0.00877120692962598,64,46,0.71875,"{""INH10x"": ""10/13"", ""INH1x"": ""15/15"", ""MXF10x"": ""5/18"", ""MXF1x"": ""16/18""}",44,35
vijay,vijay_169_age60d,culture_age_60d,rifampicin,,,0.2155172864462543,0.06957530165176179,0.3806202278334214,0.29350867945360615,0.19851686342334204,0.4132370965113311,0.008979886935260596,0.012229528310566923,0.7342790913286105,0.0,log10 per day unless the column name says per hour,-0.02371326703960584,6.92445303860748,0.0491710682256323,0.2742777336329816,99,0.34136634165928464,0.0005444074900571664,0.2621115050966541,0.00877120692962598,64,46,0.71875,"{""INH10x"": ""10/13"", ""INH1x"": ""15/15"", ""MXF10x"": ""5/18"", ""MXF1x"": ""16/18""}",44,35
vijay,vijay_170_age15d,culture_age_15d,rifampicin,,,0.8544795267550453,0.6502040257874498,0.9971863422507808,0.20900827046366166,0.03558682391597282,0.33961654775109745,0.035603313614793554,0.008708677935985903,4.08825700944502,0.0,log10 per day unless the column name says per hour,-0.02371326703960584,6.92445303860748,0.0491710682256323,0.2742777336329816,99,0.34136634165928464,0.0005444074900571664,0.2621115050966541,0.00877120692962598,64,46,0.71875,"{""INH10x"": ""10/13"", ""INH1x"": ""15/15"", ""MXF10x"": ""5/18"", ""MXF1x"": ""16/18""}",44,35
vijay,vijay_170_age30d,culture_age_30d,rifampicin,,,0.3424557824862177,0.06041055613571843,0.6223295243873201,0.2155968428508973,0.06857726425443712,0.3167509378295802,0.014268990936925739,0.008983201785454054,1.5884081508700647,0.0,log10 per day unless the column name says per hour,-0.02371326703960584,6.92445303860748,0.0491710682256323,0.2742777336329816,99,0.34136634165928464,0.0005444074900571664,0.2621115050966541,0.00877120692962598,64,46,0.71875,"{""INH10x"": ""10/13"", ""INH1x"": ""15/15"", ""MXF10x"": ""5/18"", ""MXF1x"": ""16/18""}",44,35
vijay,vijay_170_age60d,culture_age_60d,rifampicin,,,0.011966355849782622,-0.3050243037854104,0.2787922617971565,0.2091512972904611,0.02435551181643396,0.32598186338990737,0.0004985981604076092,0.008714637387102547,0.05721387342467313,0.0,log10 per day unless the column name says per hour,-0.02371326703960584,6.92445303860748,0.0491710682256323,0.2742777336329816,99,0.34136634165928464,0.0005444074900571664,0.2621115050966541,0.00877120692962598,64,46,0.71875,"{""INH10x"": ""10/13"", ""INH1x"": ""15/15"", ""MXF10x"": ""5/18"", ""MXF1x"": ""16/18""}",44,35
vijay,vijay_171_age15d,culture_age_15d,rifampicin,,,0.9054341355710332,0.7791167416078076,1.107649946119567,0.2745288470967389,0.16330623277745163,0.46112666226487214,0.037726422315459716,0.011438701962364121,3.298138411122875,0.0,log10 per day unless the column name says per hour,-0.02371326703960584,6.92445303860748,0.0491710682256323,0.2742777336329816,99,0.34136634165928464,0.0005444074900571664,0.2621115050966541,0.00877120692962598,64,46,0.71875,"{""INH10x"": ""10/13"", ""INH1x"": ""15/15"", ""MXF10x"": ""5/18"", ""MXF1x"": ""16/18""}",44,35
vijay,vijay_171_age30d,culture_age_30d,rifampicin,,,0.5947030297139855,0.3822818238731847,0.7509148855048191,0.24760966394186382,0.14375427719895334,0.4352654758057647,0.024779292904749395,0.010317069330910993,2.4017763291081224,0.0,log10 per day unless the column name says per hour,-0.02371326703960584,6.92445303860748,0.0491710682256323,0.2742777336329816,99,0.34136634165928464,0.0005444074900571664,0.2621115050966541,0.00877120692962598,64,46,0.71875,"{""INH10x"": ""10/13"", ""INH1x"": ""15/15"", ""MXF10x"": ""5/18"", ""MXF1x"": ""16/18""}",44,35
vijay,vijay_171_age60d,culture_age_60d,rifampicin,,,0.27109071726191175,0.08382682383605013,0.40434812286263255,0.26843243038188436,0.0945944350461106,0.4313514430047661,0.011295446552579656,0.011184684599245182,1.009903001944458,0.0,log10 per day unless the column name says per hour,-0.02371326703960584,6.92445303860748,0.0491710682256323,0.2742777336329816,99,0.34136634165928464,0.0005444074900571664,0.2621115050966541,0.00877120692962598,64,46,0.71875,"{""INH10x"": ""10/13"", ""INH1x"": ""15/15"", ""MXF10x"": ""5/18"", ""MXF1x"": ""16/18""}",44,35
vijay,vijay_172_age15d,culture_age_15d,rifampicin,,,0.8888583712485814,0.772288912603162,1.0581480542163653,0.25156951418116985,0.10106652647855825,0.4200926294929366,0.03703576546869089,0.010482063090882078,3.5332515314572763,0.0,log10 per day unless the column name says per hour,-0.02371326703960584,6.92445303860748,0.0491710682256323,0.2742777336329816,99,0.34136634165928464,0.0005444074900571664,0.2621115050966541,0.00877120692962598,64,46,0.71875,"{""INH10x"": ""10/13"", ""INH1x"": ""15/15"", ""MXF10x"": ""5/18"", ""MXF1x"": ""16/18""}",44,35
vijay,vijay_172_age30d,culture_age_30d,rifampicin,,,0.5909746059806267,0.36739696554053375,0.6949070403177733,0.20207207686615886,0.1021970218159724,0.39595931941181434,0.024623941915859444,0.008419669869423286,2.9245733262397007,0.0,log10 per day unless the column name says per hour,-0.02371326703960584,6.92445303860748,0.0491710682256323,0.2742777336329816,99,0.34136634165928464,0.0005444074900571664,0.2621115050966541,0.00877120692962598,64,46,0.71875,"{""INH10x"": ""10/13"", ""INH1x"": ""15/15"", ""MXF10x"": ""5/18"", ""MXF1x"": ""16/18""}",44,35
vijay,vijay_172_age60d,culture_age_60d,rifampicin,,,0.2427957057407304,0.03472582577924151,0.35678911521438383,0.2218713572783601,0.08529708014345323,0.3810538949682418,0.0101164877391971,0.009244639886598337,1.0943084709943816,0.0,log10 per day unless the column name says per hour,-0.02371326703960584,6.92445303860748,0.0491710682256323,0.2742777336329816,99,0.34136634165928464,0.0005444074900571664,0.2621115050966541,0.00877120692962598,64,46,0.71875,"{""INH10x"": ""10/13"", ""INH1x"": ""15/15"", ""MXF10x"": ""5/18"", ""MXF1x"": ""16/18""}",44,35
vijay,vijay_173_age15d,culture_age_15d,rifampicin,,,0.9106039303621604,0.7927375893935811,1.0606196844206677,0.288084405805327,0.15830051216643998,0.3837030806091207,0.03794183043175668,0.012003516908555292,3.160892821729132,0.0,log10 per day unless the column name says per hour,-0.02371326703960584,6.92445303860748,0.0491710682256323,0.2742777336329816,99,0.34136634165928464,0.0005444074900571664,0.2621115050966541,0.00877120692962598,64,46,0.71875,"{""INH10x"": ""10/13"", ""INH1x"": ""15/15"", ""MXF10x"": ""5/18"", ""MXF1x"": ""16/18""}",44,35
vijay,vijay_173_age30d,culture_age_30d,rifampicin,,,0.45837789785796595,0.11236985595285251,0.6222209973792397,0.28073649971228926,0.1654385700204643,0.4003736465140306,0.01909907907741525,0.01169735415467872,1.6327691565853788,0.0,log10 per day unless the column name says per hour,-0.02371326703960584,6.92445303860748,0.0491710682256323,0.2742777336329816,99,0.34136634165928464,0.0005444074900571664,0.2621115050966541,0.00877120692962598,64,46,0.71875,"{""INH10x"": ""10/13"", ""INH1x"": ""15/15"", ""MXF10x"": ""5/18"", ""MXF1x"": ""16/18""}",44,35
vijay,vijay_173_age60d,culture_age_60d,rifampicin,,,0.12469600750079936,-0.250617014311598,0.2798714753650498,0.25436298182268324,0.14090370048549256,0.4332056494127354,0.0051956669791999735,0.010598457575945136,0.4902285961867089,0.0,log10 per day unless the column name says per hour,-0.02371326703960584,6.92445303860748,0.0491710682256323,0.2742777336329816,99,0.34136634165928464,0.0005444074900571664,0.2621115050966541,0.00877120692962598,64,46,0.71875,"{""INH10x"": ""10/13"", ""INH1x"": ""15/15"", ""MXF10x"": ""5/18"", ""MXF1x"": ""16/18""}",44,35
vijay,vijay_174_age15d,culture_age_15d,rifampicin,,,0.7337431030040367,0.5120901238051173,0.7794750999666296,0.2376837903603375,0.12018880027114079,0.3752161292341799,0.030572629291834862,0.009903491265014061,3.087055713356198,0.0,log10 per day unless the column name says per hour,-0.02371326703960584,6.92445303860748,0.0491710682256323,0.2742777336329816,99,0.34136634165928464,0.0005444074900571664,0.2621115050966541,0.00877120692962598,64,46,0.71875,"{""INH10x"": ""10/13"", ""INH1x"": ""15/15"", ""MXF10x"": ""5/18"", ""MXF1x"": ""16/18""}",44,35
vijay,vijay_174_age30d,culture_age_30d,rifampicin,,,0.5019399898116327,0.20034826003499878,0.5561050045850977,0.19298625259961943,0.08727957485659253,0.3387578550513028,0.020914166242151363,0.008041093858317477,2.6009105988134125,0.0,log10 per day unless the column name says per hour,-0.02371326703960584,6.92445303860748,0.0491710682256323,0.2742777336329816,99,0.34136634165928464,0.0005444074900571664,0.2621115050966541,0.00877120692962598,64,46,0.71875,"{""INH10x"": ""10/13"", ""INH1x"": ""15/15"", ""MXF10x"": ""5/18"", ""MXF1x"": ""16/18""}",44,35
vijay,vijay_174_age60d,culture_age_60d,rifampicin,,,0.18993962518693835,-0.15382157350902095,0.24258219054002342,0.20761100487638015,0.08677843769819121,0.3468247814844054,0.007914151049455765,0.00865045853651584,0.9148822592522778,0.0,log10 per day unless the column name says per hour,-0.02371326703960584,6.92445303860748,0.0491710682256323,0.2742777336329816,99,0.34136634165928464,0.0005444074900571664,0.2621115050966541,0.00877120692962598,64,46,0.71875,"{""INH10x"": ""10/13"", ""INH1x"": ""15/15"", ""MXF10x"": ""5/18"", ""MXF1x"": ""16/18""}",44,35
vijay,vijay_175_age15d,culture_age_15d,rifampicin,,,0.95845058935409,0.8133682723206064,1.1614790290861288,0.2999967121280114,0.19009963472381242,0.46434094372627155,0.039935441223087086,0.012499863005333808,3.1948703122623234,0.0,log10 per day unless the column name says per hour,-0.02371326703960584,6.92445303860748,0.0491710682256323,0.2742777336329816,99,0.34136634165928464,0.0005444074900571664,0.2621115050966541,0.00877120692962598,64,46,0.71875,"{""INH10x"": ""10/13"", ""INH1x"": ""15/15"", ""MXF10x"": ""5/18"", ""MXF1x"": ""16/18""}",44,35
vijay,vijay_175_age30d,culture_age_30d,rifampicin,,,0.5932288258966678,0.26219361049004647,0.7118547546674688,0.3084496058245551,0.13930949984836244,0.45814824988241837,0.024717867745694493,0.012852066909356462,1.9232601199500121,0.0,log10 per day unless the column name says per hour,-0.02371326703960584,6.92445303860748,0.0491710682256323,0.2742777336329816,99,0.34136634165928464,0.0005444074900571664,0.2621115050966541,0.00877120692962598,64,46,0.71875,"{""INH10x"": ""10/13"", ""INH1x"": ""15/15"", ""MXF10x"": ""5/18"", ""MXF1x"": ""16/18""}",44,35
vijay,vijay_175_age60d,culture_age_60d,rifampicin,,,0.2543759543988479,-0.1018775564517292,0.3840619924845278,0.2993270651017849,0.16594399788628586,0.4613606362848918,0.010598998099951996,0.012471961045907705,0.849826106811786,0.0,log10 per day unless the column name says per hour,-0.02371326703960584,6.92445303860748,0.0491710682256323,0.2742777336329816,99,0.34136634165928464,0.0005444074900571664,0.2621115050966541,0.00877120692962598,64,46,0.71875,"{""INH10x"": ""10/13"", ""INH1x"": ""15/15"", ""MXF10x"": ""5/18"", ""MXF1x"": ""16/18""}",44,35
vijay,vijay_176_age15d,culture_age_15d,rifampicin,,,1.2708939528879772,1.0886487502702764,1.7060302490123138,0.4103577922858021,0.2591992231607793,0.5432040490861616,0.05295391470366572,0.017098241345241755,3.0970386740038727,0.0,log10 per day unless the column name says per hour,-0.02371326703960584,6.92445303860748,0.0491710682256323,0.2742777336329816,99,0.34136634165928464,0.0005444074900571664,0.2621115050966541,0.00877120692962598,64,46,0.71875,"{""INH10x"": ""10/13"", ""INH1x"": ""15/15"", ""MXF10x"": ""5/18"", ""MXF1x"": ""16/18""}",44,35
vijay,vijay_176_age30d,culture_age_30d,rifampicin,,,1.087657404565838,0.9236118243829241,1.5495416580108738,0.4278826859248325,0.2843815038073294,0.5255605243598052,0.04531905852357659,0.01782844524686802,2.5419523629822924,0.0,log10 per day unless the column name says per hour,-0.02371326703960584,6.92445303860748,0.0491710682256323,0.2742777336329816,99,0.34136634165928464,0.0005444074900571664,0.2621115050966541,0.00877120692962598,64,46,0.71875,"{""INH10x"": ""10/13"", ""INH1x"": ""15/15"", ""MXF10x"": ""5/18"", ""MXF1x"": ""16/18""}",44,35
vijay,vijay_176_age60d,culture_age_60d,rifampicin,,,0.7558596229386976,0.5831796615473258,1.1934037475489887,0.37741153942488337,0.2595223357212697,0.4828009863331576,0.031494150955779066,0.01572548080937014,2.002746455740358,0.0,log10 per day unless the column name says per hour,-0.02371326703960584,6.92445303860748,0.0491710682256323,0.2742777336329816,99,0.34136634165928464,0.0005444074900571664,0.2621115050966541,0.00877120692962598,64,46,0.71875,"{""INH10x"": ""10/13"", ""INH1x"": ""15/15"", ""MXF10x"": ""5/18"", ""MXF1x"": ""16/18""}",44,35
vijay,vijay_177_age15d,culture_age_15d,rifampicin,,,0.7224228266236535,0.47046692993117556,0.9384527062883674,0.3070395495967432,0.17236369003560725,0.44033332405067666,0.0301009511093189,0.012793314566530966,2.352865705973262,0.0,log10 per day unless the column name says per hour,-0.02371326703960584,6.92445303860748,0.0491710682256323,0.2742777336329816,99,0.34136634165928464,0.0005444074900571664,0.2621115050966541,0.00877120692962598,64,46,0.71875,"{""INH10x"": ""10/13"", ""INH1x"": ""15/15"", ""MXF10x"": ""5/18"", ""MXF1x"": ""16/18""}",44,35
vijay,vijay_177_age30d,culture_age_30d,rifampicin,,,0.49400870580921574,0.20135933196312056,0.7353374893747501,0.2850055606230845,0.15011555662885015,0.43280725984377433,0.02058369607538399,0.011875231692628522,1.733330061101982,0.0,log10 per day unless the column name says per hour,-0.02371326703960584,6.92445303860748,0.0491710682256323,0.2742777336329816,99,0.34136634165928464,0.0005444074900571664,0.2621115050966541,0.00877120692962598,64,46,0.71875,"{""INH10x"": ""10/13"", ""INH1x"": ""15/15"", ""MXF10x"": ""5/18"", ""MXF1x"": ""16/18""}",44,35
vijay,vijay_177_age60d,culture_age_60d,rifampicin,,,0.17347437125416407,-0.12527994281184487,0.4070843992964623,0.30258224588101007,0.1228055035966646,0.4521616957569164,0.007228098802256836,0.012607593578375419,0.5733131193770785,0.0,log10 per day unless the column name says per hour,-0.02371326703960584,6.92445303860748,0.0491710682256323,0.2742777336329816,99,0.34136634165928464,0.0005444074900571664,0.2621115050966541,0.00877120692962598,64,46,0.71875,"{""INH10x"": ""10/13"", ""INH1x"": ""15/15"", ""MXF10x"": ""5/18"", ""MXF1x"": ""16/18""}",44,35
vijay,vijay_178_age15d,culture_age_15d,rifampicin,,,0.8001253067155945,0.7247810138632738,0.965473599322733,0.16076684611736863,0.04850127866361145,0.33031722613468234,0.0333385544464831,0.006698618588223693,4.976929796405031,0.0,log10 per day unless the column name says per hour,-0.02371326703960584,6.92445303860748,0.0491710682256323,0.2742777336329816,99,0.34136634165928464,0.0005444074900571664,0.2621115050966541,0.00877120692962598,64,46,0.71875,"{""INH10x"": ""10/13"", ""INH1x"": ""15/15"", ""MXF10x"": ""5/18"", ""MXF1x"": ""16/18""}",44,35
vijay,vijay_178_age30d,culture_age_30d,rifampicin,,,0.35831620594008456,-0.03916804189293783,0.452156649730611,0.15568604630644947,0.05263287410016622,0.26448280157560583,0.01492984191417019,0.006486918596102061,2.3015306409334957,0.0,log10 per day unless the column name says per hour,-0.02371326703960584,6.92445303860748,0.0491710682256323,0.2742777336329816,99,0.34136634165928464,0.0005444074900571664,0.2621115050966541,0.00877120692962598,64,46,0.71875,"{""INH10x"": ""10/13"", ""INH1x"": ""15/15"", ""MXF10x"": ""5/18"", ""MXF1x"": ""16/18""}",44,35
vijay,vijay_178_age60d,culture_age_60d,rifampicin,,,0.03957800387987962,-0.3666012496523823,0.15492958880994423,0.14975078474796408,0.05985320143757643,0.27018413770255684,0.0016490834949949842,0.00623961603116517,0.2642924639526318,0.06666666666666667,log10 per day unless the column name says per hour,-0.02371326703960584,6.92445303860748,0.0491710682256323,0.2742777336329816,99,0.34136634165928464,0.0005444074900571664,0.2621115050966541,0.00877120692962598,64,46,0.71875,"{""INH10x"": ""10/13"", ""INH1x"": ""15/15"", ""MXF10x"": ""5/18"", ""MXF1x"": ""16/18""}",44,35
vijay,vijay_179_age15d,culture_age_15d,rifampicin,,,1.1885398602304418,1.0822129762890624,1.3509126680124564,0.6652451034094979,0.5291915262446376,0.7776241039917826,0.04952249417626841,0.027718545975395747,1.786619479255039,0.0,log10 per day unless the column name says per hour,-0.02371326703960584,6.92445303860748,0.0491710682256323,0.2742777336329816,99,0.34136634165928464,0.0005444074900571664,0.2621115050966541,0.00877120692962598,64,46,0.71875,"{""INH10x"": ""10/13"", ""INH1x"": ""15/15"", ""MXF10x"": ""5/18"", ""MXF1x"": ""16/18""}",44,35
vijay,vijay_179_age30d,culture_age_30d,rifampicin,,,0.9322274665978927,0.7738755107994367,1.1219426089878466,0.6680809152684469,0.49359538101810935,0.7481204258402946,0.03884281110824553,0.027836704802851955,1.3953810762926926,0.0,log10 per day unless the column name says per hour,-0.02371326703960584,6.92445303860748,0.0491710682256323,0.2742777336329816,99,0.34136634165928464,0.0005444074900571664,0.2621115050966541,0.00877120692962598,64,46,0.71875,"{""INH10x"": ""10/13"", ""INH1x"": ""15/15"", ""MXF10x"": ""5/18"", ""MXF1x"": ""16/18""}",44,35
vijay,vijay_179_age60d,culture_age_60d,rifampicin,,,0.5993925066806268,0.4425339251590869,0.8087524039605741,0.6370242188505432,0.5214622754597932,0.7583395755127458,0.024974687778359452,0.0265426757854393,0.9409257747879357,0.0,log10 per day unless the column name says per hour,-0.02371326703960584,6.92445303860748,0.0491710682256323,0.2742777336329816,99,0.34136634165928464,0.0005444074900571664,0.2621115050966541,0.00877120692962598,64,46,0.71875,"{""INH10x"": ""10/13"", ""INH1x"": ""15/15"", ""MXF10x"": ""5/18"", ""MXF1x"": ""16/18""}",44,35
vijay,vijay_180_age15d,culture_age_15d,rifampicin,,,1.2938101801788902,1.1720873959726794,1.4395203655295126,0.6578559622356125,0.5465859929068665,0.7443319564813136,0.053908757507453754,0.02741066509315052,1.9667073864955096,0.0,log10 per day unless the column name says per hour,-0.02371326703960584,6.92445303860748,0.0491710682256323,0.2742777336329816,99,0.34136634165928464,0.0005444074900571664,0.2621115050966541,0.00877120692962598,64,46,0.71875,"{""INH10x"": ""10/13"", ""INH1x"": ""15/15"", ""MXF10x"": ""5/18"", ""MXF1x"": ""16/18""}",44,35
vijay,vijay_180_age30d,culture_age_30d,rifampicin,,,0.9413652903904196,0.8275409799186838,1.1186974690901192,0.6486071991768739,0.5664313189079127,0.7663386808095128,0.03922355376626748,0.02702529996570308,1.45136423336817,0.0,log10 per day unless the column name says per hour,-0.02371326703960584,6.92445303860748,0.0491710682256323,0.2742777336329816,99,0.34136634165928464,0.0005444074900571664,0.2621115050966541,0.00877120692962598,64,46,0.71875,"{""INH10x"": ""10/13"", ""INH1x"": ""15/15"", ""MXF10x"": ""5/18"", ""MXF1x"": ""16/18""}",44,35
vijay,vijay_180_age60d,culture_age_60d,rifampicin,,,0.6359104594833153,0.4825191707751212,0.7755887931044224,0.6760302489475304,0.4963949903061318,0.7729936624726512,0.026496269145138137,0.02816792703948043,0.9406538545772543,0.0,log10 per day unless the column name says per hour,-0.02371326703960584,6.92445303860748,0.0491710682256323,0.2742777336329816,99,0.34136634165928464,0.0005444074900571664,0.2621115050966541,0.00877120692962598,64,46,0.71875,"{""INH10x"": ""10/13"", ""INH1x"": ""15/15"", ""MXF10x"": ""5/18"", ""MXF1x"": ""16/18""}",44,35
vijay,vijay_181_age15d,culture_age_15d,rifampicin,,,0.8385905500244855,0.6711307046937072,0.9556431706813368,0.20220762302937803,0.007557766800303796,0.36943759301409385,0.034941272917686894,0.008425317626224085,4.147175746696006,0.06666666666666667,log10 per day unless the column name says per hour,-0.02371326703960584,6.92445303860748,0.0491710682256323,0.2742777336329816,99,0.34136634165928464,0.0005444074900571664,0.2621115050966541,0.00877120692962598,64,46,0.71875,"{""INH10x"": ""10/13"", ""INH1x"": ""15/15"", ""MXF10x"": ""5/18"", ""MXF1x"": ""16/18""}",44,35
vijay,vijay_181_age30d,culture_age_30d,rifampicin,,,0.5092681809697625,0.21420947547370364,0.6432005904153932,0.1732121988399202,0.015349684014904254,0.3481666139856198,0.02121950754040677,0.007217174951663342,2.940140384918383,0.06666666666666667,log10 per day unless the column name says per hour,-0.02371326703960584,6.92445303860748,0.0491710682256323,0.2742777336329816,99,0.34136634165928464,0.0005444074900571664,0.2621115050966541,0.00877120692962598,64,46,0.71875,"{""INH10x"": ""10/13"", ""INH1x"": ""15/15"", ""MXF10x"": ""5/18"", ""MXF1x"": ""16/18""}",44,35
vijay,vijay_181_age60d,culture_age_60d,rifampicin,,,0.16524073799000838,-0.112078521004394,0.33829325771084856,0.15686359600550068,0.008514037358148086,0.3349277555605359,0.006885030749583683,0.006535983166895861,1.0534039904594177,0.06666666666666667,log10 per day unless the column name says per hour,-0.02371326703960584,6.92445303860748,0.0491710682256323,0.2742777336329816,99,0.34136634165928464,0.0005444074900571664,0.2621115050966541,0.00877120692962598,64,46,0.71875,"{""INH10x"": ""10/13"", ""INH1x"": ""15/15"", ""MXF10x"": ""5/18"", ""MXF1x"": ""16/18""}",44,35
vijay,vijay_182_age15d,culture_age_15d,rifampicin,,,1.209432847166662,1.026800876337775,1.3023831297700426,0.7008427446552042,0.6132685307285214,0.8577843411002107,0.050393035298610916,0.029201781027300176,1.7256836235947202,0.0,log10 per day unless the column name says per hour,-0.02371326703960584,6.92445303860748,0.0491710682256323,0.2742777336329816,99,0.34136634165928464,0.0005444074900571664,0.2621115050966541,0.00877120692962598,64,46,0.71875,"{""INH10x"": ""10/13"", ""INH1x"": ""15/15"", ""MXF10x"": ""5/18"", ""MXF1x"": ""16/18""}",44,35
vijay,vijay_182_age30d,culture_age_30d,rifampicin,,,1.0184946145903544,0.8585449457890825,1.1176052725911714,0.6933681587739664,0.5783348441848887,0.8075521127475467,0.04243727560793143,0.028890339948915267,1.4689088353743933,0.0,log10 per day unless the column name says per hour,-0.02371326703960584,6.92445303860748,0.0491710682256323,0.2742777336329816,99,0.34136634165928464,0.0005444074900571664,0.2621115050966541,0.00877120692962598,64,46,0.71875,"{""INH10x"": ""10/13"", ""INH1x"": ""15/15"", ""MXF10x"": ""5/18"", ""MXF1x"": ""16/18""}",44,35
vijay,vijay_182_age60d,culture_age_60d,rifampicin,,,0.6744396342893542,0.5087395057101727,0.7924387781561332,0.6679305610412453,0.5341770551210485,0.7785551362169848,0.02810165142872309,0.02783044004338522,1.0097451346408852,0.0,log10 per day unless the column name says per hour,-0.02371326703960584,6.92445303860748,0.0491710682256323,0.2742777336329816,99,0.34136634165928464,0.0005444074900571664,0.2621115050966541,0.00877120692962598,64,46,0.71875,"{""INH10x"": ""10/13"", ""INH1x"": ""15/15"", ""MXF10x"": ""5/18"", ""MXF1x"": ""16/18""}",44,35
vijay,vijay_183_age15d,culture_age_15d,rifampicin,,,1.0514734394030931,0.911749813561557,1.4148011869225763,0.2680664023487024,0.1345737516826794,0.36393437267593576,0.04381139330846221,0.011169433431195933,3.92243649405691,0.0,log10 per day unless the column name says per hour,-0.02371326703960584,6.92445303860748,0.0491710682256323,0.2742777336329816,99,0.34136634165928464,0.0005444074900571664,0.2621115050966541,0.00877120692962598,64,46,0.71875,"{""INH10x"": ""10/13"", ""INH1x"": ""15/15"", ""MXF10x"": ""5/18"", ""MXF1x"": ""16/18""}",44,35
vijay,vijay_183_age30d,culture_age_30d,rifampicin,,,0.895259908275373,0.73575118902155,1.2280357208711492,0.29110017186413173,0.15649992192889545,0.3542751410962261,0.03730249617814054,0.012129173827672155,3.075435862996423,0.0,log10 per day unless the column name says per hour,-0.02371326703960584,6.92445303860748,0.0491710682256323,0.2742777336329816,99,0.34136634165928464,0.0005444074900571664,0.2621115050966541,0.00877120692962598,64,46,0.71875,"{""INH10x"": ""10/13"", ""INH1x"": ""15/15"", ""MXF10x"": ""5/18"", ""MXF1x"": ""16/18""}",44,35
vijay,vijay_183_age60d,culture_age_60d,rifampicin,,,0.5460911231190846,0.4234208076692582,0.8971263127535661,0.29494317065978726,0.13686095665956283,0.3663561503181675,0.022753796796628523,0.012289298777491136,1.8515130284165586,0.0,log10 per day unless the column name says per hour,-0.02371326703960584,6.92445303860748,0.0491710682256323,0.2742777336329816,99,0.34136634165928464,0.0005444074900571664,0.2621115050966541,0.00877120692962598,64,46,0.71875,"{""INH10x"": ""10/13"", ""INH1x"": ""15/15"", ""MXF10x"": ""5/18"", ""MXF1x"": ""16/18""}",44,35
vijay,vijay_184_age15d,culture_age_15d,rifampicin,,,0.8479169038890388,0.7358507195837274,1.0109640047276944,0.19191551273615534,0.09160166172637155,0.38708099220112685,0.03532987099537662,0.007996479697339806,4.418178039910466,0.0,log10 per day unless the column name says per hour,-0.02371326703960584,6.92445303860748,0.0491710682256323,0.2742777336329816,99,0.34136634165928464,0.0005444074900571664,0.2621115050966541,0.00877120692962598,64,46,0.71875,"{""INH10x"": ""10/13"", ""INH1x"": ""15/15"", ""MXF10x"": ""5/18"", ""MXF1x"": ""16/18""}",44,35
vijay,vijay_184_age30d,culture_age_30d,rifampicin,,,0.5028928389714055,0.37598695934987886,0.7175408080341903,0.1932472857657521,0.09940442517566085,0.3466102619019316,0.020953868290475228,0.00805197024023967,2.6023280843436805,0.0,log10 per day unless the column name says per hour,-0.02371326703960584,6.92445303860748,0.0491710682256323,0.2742777336329816,99,0.34136634165928464,0.0005444074900571664,0.2621115050966541,0.00877120692962598,64,46,0.71875,"{""INH10x"": ""10/13"", ""INH1x"": ""15/15"", ""MXF10x"": ""5/18"", ""MXF1x"": ""16/18""}",44,35
vijay,vijay_184_age60d,culture_age_60d,rifampicin,,,0.1569112578290103,0.02042896580653723,0.39203447233875865,0.18836895701217685,0.07900058636024485,0.36173229576063665,0.006537969076208763,0.007848706542174035,0.8329995574529141,0.0,log10 per day unless the column name says per hour,-0.02371326703960584,6.92445303860748,0.0491710682256323,0.2742777336329816,99,0.34136634165928464,0.0005444074900571664,0.2621115050966541,0.00877120692962598,64,46,0.71875,"{""INH10x"": ""10/13"", ""INH1x"": ""15/15"", ""MXF10x"": ""5/18"", ""MXF1x"": ""16/18""}",44,35
vijay,vijay_185_age15d,culture_age_15d,rifampicin,,,0.7248655273366635,0.6394575097703274,0.8550917933733813,0.19465251546123347,0.04546133680775233,0.2887843839612633,0.030202730305694314,0.008110521477551395,3.7238949911285686,0.0,log10 per day unless the column name says per hour,-0.02371326703960584,6.92445303860748,0.0491710682256323,0.2742777336329816,99,0.34136634165928464,0.0005444074900571664,0.2621115050966541,0.00877120692962598,64,46,0.71875,"{""INH10x"": ""10/13"", ""INH1x"": ""15/15"", ""MXF10x"": ""5/18"", ""MXF1x"": ""16/18""}",44,35
vijay,vijay_185_age30d,culture_age_30d,rifampicin,,,0.4125827606101889,0.1673532934631015,0.589299672606859,0.17081387368387532,0.033957003209610925,0.2774461865287965,0.01719094835875787,0.0071172447368281384,2.415393736540127,0.06666666666666667,log10 per day unless the column name says per hour,-0.02371326703960584,6.92445303860748,0.0491710682256323,0.2742777336329816,99,0.34136634165928464,0.0005444074900571664,0.2621115050966541,0.00877120692962598,64,46,0.71875,"{""INH10x"": ""10/13"", ""INH1x"": ""15/15"", ""MXF10x"": ""5/18"", ""MXF1x"": ""16/18""}",44,35
vijay,vijay_185_age60d,culture_age_60d,rifampicin,,,0.09181217006342021,-0.17293829904975364,0.2666856290419616,0.13852387823566967,0.027978305697269133,0.24895679118522787,0.003825507085975842,0.005771828259819569,0.6627894860640621,0.06666666666666667,log10 per day unless the column name says per hour,-0.02371326703960584,6.92445303860748,0.0491710682256323,0.2742777336329816,99,0.34136634165928464,0.0005444074900571664,0.2621115050966541,0.00877120692962598,64,46,0.71875,"{""INH10x"": ""10/13"", ""INH1x"": ""15/15"", ""MXF10x"": ""5/18"", ""MXF1x"": ""16/18""}",44,35
vijay,vijay_186_age15d,culture_age_15d,rifampicin,,,1.270288539309279,1.168326243988197,1.4107616528347549,0.7216131929059667,0.5866556391137573,0.8241049228413438,0.05292868913788663,0.030067216371081947,1.760345503376641,0.0,log10 per day unless the column name says per hour,-0.02371326703960584,6.92445303860748,0.0491710682256323,0.2742777336329816,99,0.34136634165928464,0.0005444074900571664,0.2621115050966541,0.00877120692962598,64,46,0.71875,"{""INH10x"": ""10/13"", ""INH1x"": ""15/15"", ""MXF10x"": ""5/18"", ""MXF1x"": ""16/18""}",44,35
vijay,vijay_186_age30d,culture_age_30d,rifampicin,,,0.9122369661291795,0.4680908034661349,1.08408644741343,0.6945452838367164,0.6004539772901822,0.9019671222649556,0.03800987358871581,0.028939386826529852,1.3134305096565038,0.0,log10 per day unless the column name says per hour,-0.02371326703960584,6.92445303860748,0.0491710682256323,0.2742777336329816,99,0.34136634165928464,0.0005444074900571664,0.2621115050966541,0.00877120692962598,64,46,0.71875,"{""INH10x"": ""10/13"", ""INH1x"": ""15/15"", ""MXF10x"": ""5/18"", ""MXF1x"": ""16/18""}",44,35
vijay,vijay_186_age60d,culture_age_60d,rifampicin,,,0.547738227003639,0.1340193137382679,0.752648136686375,0.6755329324179179,0.5902699342809106,0.8234218870212764,0.02282242612515163,0.028147205517413246,0.8108238706337136,0.0,log10 per day unless the column name says per hour,-0.02371326703960584,6.92445303860748,0.0491710682256323,0.2742777336329816,99,0.34136634165928464,0.0005444074900571664,0.2621115050966541,0.00877120692962598,64,46,0.71875,"{""INH10x"": ""10/13"", ""INH1x"": ""15/15"", ""MXF10x"": ""5/18"", ""MXF1x"": ""16/18""}",44,35
vijay,vijay_187_age15d,culture_age_15d,rifampicin,,,0.7722564615289668,0.6579651565805266,0.8494421451979136,0.20659151001060846,0.10249942594095471,0.28908949321687316,0.03217735256370695,0.008607979583775353,3.738084210185169,0.0,log10 per day unless the column name says per hour,-0.02371326703960584,6.92445303860748,0.0491710682256323,0.2742777336329816,99,0.34136634165928464,0.0005444074900571664,0.2621115050966541,0.00877120692962598,64,46,0.71875,"{""INH10x"": ""10/13"", ""INH1x"": ""15/15"", ""MXF10x"": ""5/18"", ""MXF1x"": ""16/18""}",44,35
vijay,vijay_187_age30d,culture_age_30d,rifampicin,,,0.43200393768959267,0.29836986173224533,0.5122459661640286,0.20121797780916917,0.07283576840239787,0.315550090877051,0.018000164070399696,0.008384082408715382,2.146945031419091,0.0,log10 per day unless the column name says per hour,-0.02371326703960584,6.92445303860748,0.0491710682256323,0.2742777336329816,99,0.34136634165928464,0.0005444074900571664,0.2621115050966541,0.00877120692962598,64,46,0.71875,"{""INH10x"": ""10/13"", ""INH1x"": ""15/15"", ""MXF10x"": ""5/18"", ""MXF1x"": ""16/18""}",44,35
vijay,vijay_187_age60d,culture_age_60d,rifampicin,,,0.033359161488493314,-0.2082766300235184,0.14526978273580568,0.15866447520226865,0.07232821993207542,0.32016138941691347,0.0013899650620205547,0.006611019800094527,0.21024972002060566,0.0,log10 per day unless the column name says per hour,-0.02371326703960584,6.92445303860748,0.0491710682256323,0.2742777336329816,99,0.34136634165928464,0.0005444074900571664,0.2621115050966541,0.00877120692962598,64,46,0.71875,"{""INH10x"": ""10/13"", ""INH1x"": ""15/15"", ""MXF10x"": ""5/18"", ""MXF1x"": ""16/18""}",44,35
vijay,vijay_188_age15d,culture_age_15d,rifampicin,,,1.2759421216418814,1.0507073954573427,1.7387098784910842,0.40767194000339724,0.25955509425206463,0.5570320065704664,0.05316425506841172,0.016986330833474884,3.129825716313094,0.0,log10 per day unless the column name says per hour,-0.02371326703960584,6.92445303860748,0.0491710682256323,0.2742777336329816,99,0.34136634165928464,0.0005444074900571664,0.2621115050966541,0.00877120692962598,64,46,0.71875,"{""INH10x"": ""10/13"", ""INH1x"": ""15/15"", ""MXF10x"": ""5/18"", ""MXF1x"": ""16/18""}",44,35
vijay,vijay_188_age30d,culture_age_30d,rifampicin,,,1.1012361691929902,0.9208090559046752,1.5637339960831034,0.4121265871782567,0.24028606984166045,0.5440073387020145,0.045884840383041255,0.01717194113242736,2.6720823248335437,0.0,log10 per day unless the column name says per hour,-0.02371326703960584,6.92445303860748,0.0491710682256323,0.2742777336329816,99,0.34136634165928464,0.0005444074900571664,0.2621115050966541,0.00877120692962598,64,46,0.71875,"{""INH10x"": ""10/13"", ""INH1x"": ""15/15"", ""MXF10x"": ""5/18"", ""MXF1x"": ""16/18""}",44,35
vijay,vijay_188_age60d,culture_age_60d,rifampicin,,,0.7458591100605743,0.6129553664129261,1.2067396539186974,0.40341067971373373,0.18945887503828904,0.5771619648101465,0.031077462919190595,0.016808778321405572,1.8488829065949546,0.0,log10 per day unless the column name says per hour,-0.02371326703960584,6.92445303860748,0.0491710682256323,0.2742777336329816,99,0.34136634165928464,0.0005444074900571664,0.2621115050966541,0.00877120692962598,64,46,0.71875,"{""INH10x"": ""10/13"", ""INH1x"": ""15/15"", ""MXF10x"": ""5/18"", ""MXF1x"": ""16/18""}",44,35
vijay,vijay_189_age15d,culture_age_15d,rifampicin,,,0.7633819348851293,0.68808046068234,0.9063781861604119,0.13957160483631742,0.05585103109352859,0.21160340984642087,0.03180758062021372,0.005815483534846559,5.469464478683793,0.0,log10 per day unless the column name says per hour,-0.02371326703960584,6.92445303860748,0.0491710682256323,0.2742777336329816,99,0.34136634165928464,0.0005444074900571664,0.2621115050966541,0.00877120692962598,64,46,0.71875,"{""INH10x"": ""10/13"", ""INH1x"": ""15/15"", ""MXF10x"": ""5/18"", ""MXF1x"": ""16/18""}",44,35
vijay,vijay_189_age30d,culture_age_30d,rifampicin,,,0.4479757627284874,0.23370272681686124,0.5747205096338918,0.1135489343236202,0.0414002650057761,0.2313536090613499,0.018665656780353642,0.004731205596817508,3.945222078894495,0.0,log10 per day unless the column name says per hour,-0.02371326703960584,6.92445303860748,0.0491710682256323,0.2742777336329816,99,0.34136634165928464,0.0005444074900571664,0.2621115050966541,0.00877120692962598,64,46,0.71875,"{""INH10x"": ""10/13"", ""INH1x"": ""15/15"", ""MXF10x"": ""5/18"", ""MXF1x"": ""16/18""}",44,35
vijay,vijay_189_age60d,culture_age_60d,rifampicin,,,0.0960263373573722,-0.10692349461482531,0.260522297714251,0.08987233761034087,0.0016184540720793374,0.20387994828192585,0.004001097389890508,0.003744680733764203,1.0684749046332054,0.06666666666666667,log10 per day unless the column name says per hour,-0.02371326703960584,6.92445303860748,0.0491710682256323,0.2742777336329816,99,0.34136634165928464,0.0005444074900571664,0.2621115050966541,0.00877120692962598,64,46,0.71875,"{""INH10x"": ""10/13"", ""INH1x"": ""15/15"", ""MXF10x"": ""5/18"", ""MXF1x"": ""16/18""}",44,35
vijay,vijay_190_age15d,culture_age_15d,rifampicin,,,0.9949408071444181,0.8851259511926252,1.28509388949314,0.2112732881659455,0.09008096847298953,0.2929394621183662,0.04145586696435075,0.008803053673581062,4.709259820687495,0.0,log10 per day unless the column name says per hour,-0.02371326703960584,6.92445303860748,0.0491710682256323,0.2742777336329816,99,0.34136634165928464,0.0005444074900571664,0.2621115050966541,0.00877120692962598,64,46,0.71875,"{""INH10x"": ""10/13"", ""INH1x"": ""15/15"", ""MXF10x"": ""5/18"", ""MXF1x"": ""16/18""}",44,35
vijay,vijay_190_age30d,culture_age_30d,rifampicin,,,0.8056478766035781,0.7150116975034735,1.0893165924954558,0.1574185461829808,0.05150847672150111,0.2893308863491501,0.033568661525149084,0.006559106090957533,5.117871408030322,0.0,log10 per day unless the column name says per hour,-0.02371326703960584,6.92445303860748,0.0491710682256323,0.2742777336329816,99,0.34136634165928464,0.0005444074900571664,0.2621115050966541,0.00877120692962598,64,46,0.71875,"{""INH10x"": ""10/13"", ""INH1x"": ""15/15"", ""MXF10x"": ""5/18"", ""MXF1x"": ""16/18""}",44,35
vijay,vijay_190_age60d,culture_age_60d,rifampicin,,,0.47323426552475895,0.3733943042708595,0.7391697257126717,0.1489073431429867,0.03054545984454725,0.29738099215620967,0.019718094396864956,0.006204472630957779,3.178045189284861,0.0,log10 per day unless the column name says per hour,-0.02371326703960584,6.92445303860748,0.0491710682256323,0.2742777336329816,99,0.34136634165928464,0.0005444074900571664,0.2621115050966541,0.00877120692962598,64,46,0.71875,"{""INH10x"": ""10/13"", ""INH1x"": ""15/15"", ""MXF10x"": ""5/18"", ""MXF1x"": ""16/18""}",44,35
vijay,vijay_191_age15d,culture_age_15d,rifampicin,,,1.0070558983744284,0.767726181129487,1.3918149045083363,0.030393088501315505,-0.11527788555604868,0.1833701134219471,0.04196066243226785,0.0012663786875548126,33.134371925737,0.3333333333333333,log10 per day unless the column name says per hour,-0.02371326703960584,6.92445303860748,0.0491710682256323,0.2742777336329816,99,0.34136634165928464,0.0005444074900571664,0.2621115050966541,0.00877120692962598,64,46,0.71875,"{""INH10x"": ""10/13"", ""INH1x"": ""15/15"", ""MXF10x"": ""5/18"", ""MXF1x"": ""16/18""}",44,35
vijay,vijay_191_age30d,culture_age_30d,rifampicin,,,0.7720062647640296,0.5659390357403936,1.0863299415214027,0.0054325267962464716,-0.11057648457622081,0.19117124723563134,0.032166927698501234,0.00022635528317693632,142.10813746881774,0.4666666666666667,log10 per day unless the column name says per hour,-0.02371326703960584,6.92445303860748,0.0491710682256323,0.2742777336329816,99,0.34136634165928464,0.0005444074900571664,0.2621115050966541,0.00877120692962598,64,46,0.71875,"{""INH10x"": ""10/13"", ""INH1x"": ""15/15"", ""MXF10x"": ""5/18"", ""MXF1x"": ""16/18""}",44,35
vijay,vijay_191_age60d,culture_age_60d,rifampicin,,,0.41761959078804445,0.23671010971846182,0.7751275837246323,0.003528709177725808,-0.14269969729858822,0.1443405393287936,0.017400816282835185,0.00014702954907190867,118.34911004402835,0.4666666666666667,log10 per day unless the column name says per hour,-0.02371326703960584,6.92445303860748,0.0491710682256323,0.2742777336329816,99,0.34136634165928464,0.0005444074900571664,0.2621115050966541,0.00877120692962598,64,46,0.71875,"{""INH10x"": ""10/13"", ""INH1x"": ""15/15"", ""MXF10x"": ""5/18"", ""MXF1x"": ""16/18""}",44,35
vijay,vijay_192_age15d,culture_age_15d,rifampicin,,,0.8795629195157687,0.7855527576839489,1.0507890393023234,0.21487379181768507,0.15334553330404133,0.4072355821105482,0.0366484549798237,0.008953074659070212,4.093393205729135,0.0,log10 per day unless the column name says per hour,-0.02371326703960584,6.92445303860748,0.0491710682256323,0.2742777336329816,99,0.34136634165928464,0.0005444074900571664,0.2621115050966541,0.00877120692962598,64,46,0.71875,"{""INH10x"": ""10/13"", ""INH1x"": ""15/15"", ""MXF10x"": ""5/18"", ""MXF1x"": ""16/18""}",44,35
vijay,vijay_192_age30d,culture_age_30d,rifampicin,,,0.44288630631558473,0.022256507632164076,0.5750917666473337,0.2413160766377618,0.15554484240694366,0.3769393960638296,0.018453596096482696,0.01005483652657341,1.8352954866757545,0.0,log10 per day unless the column name says per hour,-0.02371326703960584,6.92445303860748,0.0491710682256323,0.2742777336329816,99,0.34136634165928464,0.0005444074900571664,0.2621115050966541,0.00877120692962598,64,46,0.71875,"{""INH10x"": ""10/13"", ""INH1x"": ""15/15"", ""MXF10x"": ""5/18"", ""MXF1x"": ""16/18""}",44,35
vijay,vijay_192_age60d,culture_age_60d,rifampicin,,,0.14204256513884173,-0.3224254738379528,0.23438939436697617,0.2303964698958555,0.14420076931980572,0.3395723164321556,0.005918440214118405,0.009599852912327312,0.6165136349660576,0.0,log10 per day unless the column name says per hour,-0.02371326703960584,6.92445303860748,0.0491710682256323,0.2742777336329816,99,0.34136634165928464,0.0005444074900571664,0.2621115050966541,0.00877120692962598,64,46,0.71875,"{""INH10x"": ""10/13"", ""INH1x"": ""15/15"", ""MXF10x"": ""5/18"", ""MXF1x"": ""16/18""}",44,35
vijay,vijay_193_age15d,culture_age_15d,rifampicin,,,0.7004557520209567,0.41484951251001767,0.887407446385485,0.10675069463614296,-0.09980802742532675,0.2635595631888909,0.029185656334206528,0.00444794560983929,6.561603691745916,0.2,log10 per day unless the column name says per hour,-0.02371326703960584,6.92445303860748,0.0491710682256323,0.2742777336329816,99,0.34136634165928464,0.0005444074900571664,0.2621115050966541,0.00877120692962598,64,46,0.71875,"{""INH10x"": ""10/13"", ""INH1x"": ""15/15"", ""MXF10x"": ""5/18"", ""MXF1x"": ""16/18""}",44,35
vijay,vijay_193_age30d,culture_age_30d,rifampicin,,,0.4374489304551501,0.14827233692287634,0.5856424130893026,0.09061528671523844,-0.13235133599664098,0.2838411302112513,0.018227038768964587,0.0037756369464682685,4.827540101813593,0.2,log10 per day unless the column name says per hour,-0.02371326703960584,6.92445303860748,0.0491710682256323,0.2742777336329816,99,0.34136634165928464,0.0005444074900571664,0.2621115050966541,0.00877120692962598,64,46,0.71875,"{""INH10x"": ""10/13"", ""INH1x"": ""15/15"", ""MXF10x"": ""5/18"", ""MXF1x"": ""16/18""}",44,35
vijay,vijay_193_age60d,culture_age_60d,rifampicin,,,0.031067457462536873,-0.24589955776476594,0.21161650106621743,0.08418261065004262,-0.15827660308192285,0.20272647343509415,0.0012944773942723698,0.003507608777085109,0.369048396368795,0.26666666666666666,log10 per day unless the column name says per hour,-0.02371326703960584,6.92445303860748,0.0491710682256323,0.2742777336329816,99,0.34136634165928464,0.0005444074900571664,0.2621115050966541,0.00877120692962598,64,46,0.71875,"{""INH10x"": ""10/13"", ""INH1x"": ""15/15"", ""MXF10x"": ""5/18"", ""MXF1x"": ""16/18""}",44,35
vijay,vijay_194_age15d,culture_age_15d,rifampicin,,,0.7621000865501796,0.6804100431874108,0.8648880388188059,0.08683176691123931,-0.01950100672548962,0.2540410100737776,0.03175417027292415,0.0036179902879683048,8.776742817282635,0.13333333333333333,log10 per day unless the column name says per hour,-0.02371326703960584,6.92445303860748,0.0491710682256323,0.2742777336329816,99,0.34136634165928464,0.0005444074900571664,0.2621115050966541,0.00877120692962598,64,46,0.71875,"{""INH10x"": ""10/13"", ""INH1x"": ""15/15"", ""MXF10x"": ""5/18"", ""MXF1x"": ""16/18""}",44,35
vijay,vijay_194_age30d,culture_age_30d,rifampicin,,,0.41871523754224643,0.09336697131060484,0.50080488334448,0.11670726547687733,-0.0009824662579907256,0.2723115744825994,0.017446468230926934,0.004862802728203222,3.58773925369029,0.06666666666666667,log10 per day unless the column name says per hour,-0.02371326703960584,6.92445303860748,0.0491710682256323,0.2742777336329816,99,0.34136634165928464,0.0005444074900571664,0.2621115050966541,0.00877120692962598,64,46,0.71875,"{""INH10x"": ""10/13"", ""INH1x"": ""15/15"", ""MXF10x"": ""5/18"", ""MXF1x"": ""16/18""}",44,35
vijay,vijay_194_age60d,culture_age_60d,rifampicin,,,0.09497223301329234,-0.2626077545068005,0.18392177046058455,0.1020801055708643,-0.03137567070924835,0.23288189523977737,0.003957176375553847,0.004253337732119346,0.9303696590258945,0.13333333333333333,log10 per day unless the column name says per hour,-0.02371326703960584,6.92445303860748,0.0491710682256323,0.2742777336329816,99,0.34136634165928464,0.0005444074900571664,0.2621115050966541,0.00877120692962598,64,46,0.71875,"{""INH10x"": ""10/13"", ""INH1x"": ""15/15"", ""MXF10x"": ""5/18"", ""MXF1x"": ""16/18""}",44,35
vijay,vijay_195_age15d,culture_age_15d,rifampicin,,,0.7666135643022968,0.659989398639583,0.8236164291685658,0.08670809054317324,-0.025616157034565934,0.19069867332387075,0.03194223184592903,0.0036128371059655517,8.841315262508157,0.13333333333333333,log10 per day unless the column name says per hour,-0.02371326703960584,6.92445303860748,0.0491710682256323,0.2742777336329816,99,0.34136634165928464,0.0005444074900571664,0.2621115050966541,0.00877120692962598,64,46,0.71875,"{""INH10x"": ""10/13"", ""INH1x"": ""15/15"", ""MXF10x"": ""5/18"", ""MXF1x"": ""16/18""}",44,35
vijay,vijay_195_age30d,culture_age_30d,rifampicin,,,0.4010223923357122,0.2763485508258848,0.5170742877876496,0.11683627844384363,0.007184671467369071,0.17857894569672136,0.016709266347321342,0.004868178268493484,3.4323447962993807,0.06666666666666667,log10 per day unless the column name says per hour,-0.02371326703960584,6.92445303860748,0.0491710682256323,0.2742777336329816,99,0.34136634165928464,0.0005444074900571664,0.2621115050966541,0.00877120692962598,64,46,0.71875,"{""INH10x"": ""10/13"", ""INH1x"": ""15/15"", ""MXF10x"": ""5/18"", ""MXF1x"": ""16/18""}",44,35
vijay,vijay_195_age60d,culture_age_60d,rifampicin,,,0.006182686928517098,-0.19646868108157378,0.14056828261444046,0.08024545689573137,-0.027763124759179407,0.15433391818030684,0.00025761195535487907,0.003343560703988807,0.07704718955679575,0.13333333333333333,log10 per day unless the column name says per hour,-0.02371326703960584,6.92445303860748,0.0491710682256323,0.2742777336329816,99,0.34136634165928464,0.0005444074900571664,0.2621115050966541,0.00877120692962598,64,46,0.71875,"{""INH10x"": ""10/13"", ""INH1x"": ""15/15"", ""MXF10x"": ""5/18"", ""MXF1x"": ""16/18""}",44,35
vijay,vijay_196_age15d,culture_age_15d,rifampicin,,,1.0627233954607125,0.9423009419451421,1.3044237803233558,0.24377550216681973,0.1202189173949439,0.43474337775354155,0.044280141477529684,0.010157312590284155,4.359434750475758,0.0,log10 per day unless the column name says per hour,-0.02371326703960584,6.92445303860748,0.0491710682256323,0.2742777336329816,99,0.34136634165928464,0.0005444074900571664,0.2621115050966541,0.00877120692962598,64,46,0.71875,"{""INH10x"": ""10/13"", ""INH1x"": ""15/15"", ""MXF10x"": ""5/18"", ""MXF1x"": ""16/18""}",44,35
vijay,vijay_196_age30d,culture_age_30d,rifampicin,,,0.5467812712742968,0.2890629559682936,0.7433601033064327,0.28766819162221546,0.20050433678475738,0.4582656951848346,0.022782552969762365,0.011986174650925644,1.9007359423052426,0.0,log10 per day unless the column name says per hour,-0.02371326703960584,6.92445303860748,0.0491710682256323,0.2742777336329816,99,0.34136634165928464,0.0005444074900571664,0.2621115050966541,0.00877120692962598,64,46,0.71875,"{""INH10x"": ""10/13"", ""INH1x"": ""15/15"", ""MXF10x"": ""5/18"", ""MXF1x"": ""16/18""}",44,35
vijay,vijay_196_age60d,culture_age_60d,rifampicin,,,0.20693298103692143,-0.050092034907771414,0.4138213169876736,0.25055308774027724,0.1778342861001948,0.4659883357705625,0.008622207543205059,0.010439711989178218,0.8259047330178093,0.0,log10 per day unless the column name says per hour,-0.02371326703960584,6.92445303860748,0.0491710682256323,0.2742777336329816,99,0.34136634165928464,0.0005444074900571664,0.2621115050966541,0.00877120692962598,64,46,0.71875,"{""INH10x"": ""10/13"", ""INH1x"": ""15/15"", ""MXF10x"": ""5/18"", ""MXF1x"": ""16/18""}",44,35
vijay,vijay_197_age15d,culture_age_15d,rifampicin,,,0.8940172409223364,0.7433819627949565,1.2000069735089065,0.19266874014310229,0.055711980424432025,0.34378887481175824,0.03725071837176402,0.008027864172629262,4.640177956519134,0.0,log10 per day unless the column name says per hour,-0.02371326703960584,6.92445303860748,0.0491710682256323,0.2742777336329816,99,0.34136634165928464,0.0005444074900571664,0.2621115050966541,0.00877120692962598,64,46,0.71875,"{""INH10x"": ""10/13"", ""INH1x"": ""15/15"", ""MXF10x"": ""5/18"", ""MXF1x"": ""16/18""}",44,35
vijay,vijay_197_age30d,culture_age_30d,rifampicin,,,0.5151510564902717,0.2913194282417787,0.6539356911607348,0.19070479819592392,0.07823058805450438,0.3326734582556021,0.021464627353761322,0.007946033258163497,2.701300970733952,0.0,log10 per day unless the column name says per hour,-0.02371326703960584,6.92445303860748,0.0491710682256323,0.2742777336329816,99,0.34136634165928464,0.0005444074900571664,0.2621115050966541,0.00877120692962598,64,46,0.71875,"{""INH10x"": ""10/13"", ""INH1x"": ""15/15"", ""MXF10x"": ""5/18"", ""MXF1x"": ""16/18""}",44,35
vijay,vijay_197_age60d,culture_age_60d,rifampicin,,,0.14824596238992974,-0.006947164913756116,0.30957852511931877,0.14119246313950182,0.057419341907769275,0.3866008657491083,0.006176915099580405,0.005883019297479242,1.049956627241915,0.0,log10 per day unless the column name says per hour,-0.02371326703960584,6.92445303860748,0.0491710682256323,0.2742777336329816,99,0.34136634165928464,0.0005444074900571664,0.2621115050966541,0.00877120692962598,64,46,0.71875,"{""INH10x"": ""10/13"", ""INH1x"": ""15/15"", ""MXF10x"": ""5/18"", ""MXF1x"": ""16/18""}",44,35
vijay,vijay_198_age15d,culture_age_15d,rifampicin,,,0.8704891373232962,0.8394449735386081,1.1072069396482271,0.24383177772428305,0.16462782833097367,0.42739586796552337,0.03627038072180401,0.010159657405178461,3.5700397439894678,0.0,log10 per day unless the column name says per hour,-0.02371326703960584,6.92445303860748,0.0491710682256323,0.2742777336329816,99,0.34136634165928464,0.0005444074900571664,0.2621115050966541,0.00877120692962598,64,46,0.71875,"{""INH10x"": ""10/13"", ""INH1x"": ""15/15"", ""MXF10x"": ""5/18"", ""MXF1x"": ""16/18""}",44,35
vijay,vijay_198_age30d,culture_age_30d,rifampicin,,,0.5356640912874258,0.27768874282616296,0.6250205503481148,0.2614482302265133,0.14492888584140173,0.3989943680528267,0.022319337136976074,0.010893676259438054,2.0488342599348925,0.0,log10 per day unless the column name says per hour,-0.02371326703960584,6.92445303860748,0.0491710682256323,0.2742777336329816,99,0.34136634165928464,0.0005444074900571664,0.2621115050966541,0.00877120692962598,64,46,0.71875,"{""INH10x"": ""10/13"", ""INH1x"": ""15/15"", ""MXF10x"": ""5/18"", ""MXF1x"": ""16/18""}",44,35
vijay,vijay_198_age60d,culture_age_60d,rifampicin,,,0.20358107091428346,-0.042404880448183,0.32006540407814943,0.23662252382017648,0.13066394004084705,0.4388841617944915,0.008482544621428478,0.009859271825840687,0.8603621820423013,0.0,log10 per day unless the column name says per hour,-0.02371326703960584,6.92445303860748,0.0491710682256323,0.2742777336329816,99,0.34136634165928464,0.0005444074900571664,0.2621115050966541,0.00877120692962598,64,46,0.71875,"{""INH10x"": ""10/13"", ""INH1x"": ""15/15"", ""MXF10x"": ""5/18"", ""MXF1x"": ""16/18""}",44,35
vijay,vijay_199_age15d,culture_age_15d,rifampicin,,,0.9642330642135513,0.8564384288452435,1.1602376488131318,0.23960958094454254,0.1271701046166114,0.3474708316542543,0.04017637767556464,0.009983732539355939,4.02418409319251,0.0,log10 per day unless the column name says per hour,-0.02371326703960584,6.92445303860748,0.0491710682256323,0.2742777336329816,99,0.34136634165928464,0.0005444074900571664,0.2621115050966541,0.00877120692962598,64,46,0.71875,"{""INH10x"": ""10/13"", ""INH1x"": ""15/15"", ""MXF10x"": ""5/18"", ""MXF1x"": ""16/18""}",44,35
vijay,vijay_199_age30d,culture_age_30d,rifampicin,,,0.6478937491403574,0.5582719609627336,0.7185635953960737,0.22721082924132976,0.1440564200821789,0.3239712937599654,0.026995572880848223,0.009467117885055406,2.851509108539027,0.0,log10 per day unless the column name says per hour,-0.02371326703960584,6.92445303860748,0.0491710682256323,0.2742777336329816,99,0.34136634165928464,0.0005444074900571664,0.2621115050966541,0.00877120692962598,64,46,0.71875,"{""INH10x"": ""10/13"", ""INH1x"": ""15/15"", ""MXF10x"": ""5/18"", ""MXF1x"": ""16/18""}",44,35
vijay,vijay_199_age60d,culture_age_60d,rifampicin,,,0.26682172790508785,0.14981108693199233,0.3614572933165263,0.2146741843141849,0.12192516525126766,0.3119778368638041,0.011117571996045328,0.008944757679757704,1.242914832808135,0.0,log10 per day unless the column name says per hour,-0.02371326703960584,6.92445303860748,0.0491710682256323,0.2742777336329816,99,0.34136634165928464,0.0005444074900571664,0.2621115050966541,0.00877120692962598,64,46,0.71875,"{""INH10x"": ""10/13"", ""INH1x"": ""15/15"", ""MXF10x"": ""5/18"", ""MXF1x"": ""16/18""}",44,35
vijay,vijay_200_age15d,culture_age_15d,rifampicin,,,0.9114110111868665,0.7923069485521067,1.0894627242017512,0.0789226646151218,-0.015944744849735328,0.21705393989969726,0.03797545879945277,0.0032884443589634087,11.548153063907545,0.06666666666666667,log10 per day unless the column name says per hour,-0.02371326703960584,6.92445303860748,0.0491710682256323,0.2742777336329816,99,0.34136634165928464,0.0005444074900571664,0.2621115050966541,0.00877120692962598,64,46,0.71875,"{""INH10x"": ""10/13"", ""INH1x"": ""15/15"", ""MXF10x"": ""5/18"", ""MXF1x"": ""16/18""}",44,35
vijay,vijay_200_age30d,culture_age_30d,rifampicin,,,0.44894441106482136,0.21552660077409885,0.5223171620500586,0.08835729638861502,-0.000675768330145066,0.2038353403136337,0.01870601712770089,0.0036815540161922924,5.081011183165498,0.06666666666666667,log10 per day unless the column name says per hour,-0.02371326703960584,6.92445303860748,0.0491710682256323,0.2742777336329816,99,0.34136634165928464,0.0005444074900571664,0.2621115050966541,0.00877120692962598,64,46,0.71875,"{""INH10x"": ""10/13"", ""INH1x"": ""15/15"", ""MXF10x"": ""5/18"", ""MXF1x"": ""16/18""}",44,35
vijay,vijay_200_age60d,culture_age_60d,rifampicin,,,0.10304266083582106,-0.10460446079302349,0.21906478900818424,0.0687196180668258,-0.037639928137573914,0.15140928663807052,0.004293444201492544,0.002863317419451075,1.499464981537268,0.2,log10 per day unless the column name says per hour,-0.02371326703960584,6.92445303860748,0.0491710682256323,0.2742777336329816,99,0.34136634165928464,0.0005444074900571664,0.2621115050966541,0.00877120692962598,64,46,0.71875,"{""INH10x"": ""10/13"", ""INH1x"": ""15/15"", ""MXF10x"": ""5/18"", ""MXF1x"": ""16/18""}",44,35
vijay,vijay_201_age15d,culture_age_15d,rifampicin,,,0.9456958789244383,0.7758608122051145,1.07730141001301,0.2919701860707432,0.1170506371955358,0.4524563147799648,0.03940399495518493,0.012165424419614301,3.239015228408629,0.0,log10 per day unless the column name says per hour,-0.02371326703960584,6.92445303860748,0.0491710682256323,0.2742777336329816,99,0.34136634165928464,0.0005444074900571664,0.2621115050966541,0.00877120692962598,64,46,0.71875,"{""INH10x"": ""10/13"", ""INH1x"": ""15/15"", ""MXF10x"": ""5/18"", ""MXF1x"": ""16/18""}",44,35
vijay,vijay_201_age30d,culture_age_30d,rifampicin,,,0.545165097233893,0.3205179624086103,0.713101907864216,0.3305295832356967,0.1344217385718417,0.41718175968987403,0.02271521238474554,0.01377206596815403,1.6493685433450058,0.0,log10 per day unless the column name says per hour,-0.02371326703960584,6.92445303860748,0.0491710682256323,0.2742777336329816,99,0.34136634165928464,0.0005444074900571664,0.2621115050966541,0.00877120692962598,64,46,0.71875,"{""INH10x"": ""10/13"", ""INH1x"": ""15/15"", ""MXF10x"": ""5/18"", ""MXF1x"": ""16/18""}",44,35
vijay,vijay_201_age60d,culture_age_60d,rifampicin,,,0.25133902557462096,-0.060893150919413754,0.37396856995623345,0.2949699120780036,0.12465412670215999,0.345335178599966,0.01047245939894254,0.01229041300325015,0.8520836033885224,0.0,log10 per day unless the column name says per hour,-0.02371326703960584,6.92445303860748,0.0491710682256323,0.2742777336329816,99,0.34136634165928464,0.0005444074900571664,0.2621115050966541,0.00877120692962598,64,46,0.71875,"{""INH10x"": ""10/13"", ""INH1x"": ""15/15"", ""MXF10x"": ""5/18"", ""MXF1x"": ""16/18""}",44,35
vijay,vijay_202_age15d,culture_age_15d,rifampicin,,,1.0517358122712592,0.8243862846070598,1.3077288576642063,0.3207495766837919,0.13908478795756768,0.42891452513769884,0.04382232551130247,0.013364565695157996,3.278993609734686,0.0,log10 per day unless the column name says per hour,-0.02371326703960584,6.92445303860748,0.0491710682256323,0.2742777336329816,99,0.34136634165928464,0.0005444074900571664,0.2621115050966541,0.00877120692962598,64,46,0.71875,"{""INH10x"": ""10/13"", ""INH1x"": ""15/15"", ""MXF10x"": ""5/18"", ""MXF1x"": ""16/18""}",44,35
vijay,vijay_202_age30d,culture_age_30d,rifampicin,,,0.566179308717378,0.4890532114934914,0.761608729703298,0.3369115632137581,0.10723385491330314,0.41427923876010847,0.02359080452989075,0.014037981800573253,1.680498298475312,0.0,log10 per day unless the column name says per hour,-0.02371326703960584,6.92445303860748,0.0491710682256323,0.2742777336329816,99,0.34136634165928464,0.0005444074900571664,0.2621115050966541,0.00877120692962598,64,46,0.71875,"{""INH10x"": ""10/13"", ""INH1x"": ""15/15"", ""MXF10x"": ""5/18"", ""MXF1x"": ""16/18""}",44,35
vijay,vijay_202_age60d,culture_age_60d,rifampicin,,,0.23755429593919453,0.13407221132096378,0.42583911233312616,0.27665414601783567,0.08986316170311626,0.4291133935221258,0.009898095664133105,0.011527256084076487,0.8586688446876903,0.0,log10 per day unless the column name says per hour,-0.02371326703960584,6.92445303860748,0.0491710682256323,0.2742777336329816,99,0.34136634165928464,0.0005444074900571664,0.2621115050966541,0.00877120692962598,64,46,0.71875,"{""INH10x"": ""10/13"", ""INH1x"": ""15/15"", ""MXF10x"": ""5/18"", ""MXF1x"": ""16/18""}",44,35
vijay,vijay_203_age15d,culture_age_15d,rifampicin,,,1.0080842472482765,0.8341566716566177,1.3428231802733206,0.05087997672442219,-0.12968308659632938,0.21348010463202757,0.04200351030201152,0.002119999030184258,19.812985621206074,0.3333333333333333,log10 per day unless the column name says per hour,-0.02371326703960584,6.92445303860748,0.0491710682256323,0.2742777336329816,99,0.34136634165928464,0.0005444074900571664,0.2621115050966541,0.00877120692962598,64,46,0.71875,"{""INH10x"": ""10/13"", ""INH1x"": ""15/15"", ""MXF10x"": ""5/18"", ""MXF1x"": ""16/18""}",44,35
vijay,vijay_203_age30d,culture_age_30d,rifampicin,,,0.5681151143933232,0.432124417610751,0.6605735008664386,0.06472569638013531,-0.06489113872510337,0.20153176559952732,0.0236714630997218,0.002696904015838971,8.777273110462524,0.3333333333333333,log10 per day unless the column name says per hour,-0.02371326703960584,6.92445303860748,0.0491710682256323,0.2742777336329816,99,0.34136634165928464,0.0005444074900571664,0.2621115050966541,0.00877120692962598,64,46,0.71875,"{""INH10x"": ""10/13"", ""INH1x"": ""15/15"", ""MXF10x"": ""5/18"", ""MXF1x"": ""16/18""}",44,35
vijay,vijay_203_age60d,culture_age_60d,rifampicin,,,0.05601257578492308,-0.3210089788657873,0.18194395032702254,0.058422381390266225,-0.05505048262696492,0.1761872691047507,0.002333857324371795,0.002434265891261093,0.9587520133894329,0.26666666666666666,log10 per day unless the column name says per hour,-0.02371326703960584,6.92445303860748,0.0491710682256323,0.2742777336329816,99,0.34136634165928464,0.0005444074900571664,0.2621115050966541,0.00877120692962598,64,46,0.71875,"{""INH10x"": ""10/13"", ""INH1x"": ""15/15"", ""MXF10x"": ""5/18"", ""MXF1x"": ""16/18""}",44,35
vijay,vijay_204_age15d,culture_age_15d,rifampicin,,,0.7051907203988202,0.5550408053653255,0.931239633195098,-0.10032095922601678,-0.21135260804513906,-0.005198724748926631,0.029382946683284176,-0.004180039967750699,-7.029345869890161,0.9333333333333333,log10 per day unless the column name says per hour,-0.02371326703960584,6.92445303860748,0.0491710682256323,0.2742777336329816,99,0.34136634165928464,0.0005444074900571664,0.2621115050966541,0.00877120692962598,64,46,0.71875,"{""INH10x"": ""10/13"", ""INH1x"": ""15/15"", ""MXF10x"": ""5/18"", ""MXF1x"": ""16/18""}",44,35
vijay,vijay_204_age30d,culture_age_30d,rifampicin,,,0.2445315724082276,0.0164090319213709,0.33992323948632136,-0.09601776187323587,-0.20595885750604787,-0.024713791172422832,0.010188815517009482,-0.004000740078051494,-2.5467326840117557,0.9333333333333333,log10 per day unless the column name says per hour,-0.02371326703960584,6.92445303860748,0.0491710682256323,0.2742777336329816,99,0.34136634165928464,0.0005444074900571664,0.2621115050966541,0.00877120692962598,64,46,0.71875,"{""INH10x"": ""10/13"", ""INH1x"": ""15/15"", ""MXF10x"": ""5/18"", ""MXF1x"": ""16/18""}",44,35
vijay,vijay_204_age60d,culture_age_60d,rifampicin,,,-0.13499954546274007,-0.4591048716624216,-0.06598780352709238,-0.12082999869994494,-0.21037021903488087,-0.007428000104997149,-0.0056249810609475025,-0.005034583279164373,1.117268450842097,0.9333333333333333,log10 per day unless the column name says per hour,-0.02371326703960584,6.92445303860748,0.0491710682256323,0.2742777336329816,99,0.34136634165928464,0.0005444074900571664,0.2621115050966541,0.00877120692962598,64,46,0.71875,"{""INH10x"": ""10/13"", ""INH1x"": ""15/15"", ""MXF10x"": ""5/18"", ""MXF1x"": ""16/18""}",44,35
vijay,vijay_205_age15d,culture_age_15d,rifampicin,,,0.6648876267228851,0.4938700147617579,0.9140048167058833,-0.09953199158284867,-0.19812605978011583,0.05855677441842804,0.027703651113453548,-0.004147166315952028,-6.680139884164223,0.8,log10 per day unless the column name says per hour,-0.02371326703960584,6.92445303860748,0.0491710682256323,0.2742777336329816,99,0.34136634165928464,0.0005444074900571664,0.2621115050966541,0.00877120692962598,64,46,0.71875,"{""INH10x"": ""10/13"", ""INH1x"": ""15/15"", ""MXF10x"": ""5/18"", ""MXF1x"": ""16/18""}",44,35
vijay,vijay_205_age30d,culture_age_30d,rifampicin,,,0.22342226487468586,0.07872946761436264,0.39504442071236334,-0.08574243350028686,-0.1505909490806324,0.03901859114135102,0.009309261036445244,-0.0035726013958452857,-2.605737389923023,0.9333333333333333,log10 per day unless the column name says per hour,-0.02371326703960584,6.92445303860748,0.0491710682256323,0.2742777336329816,99,0.34136634165928464,0.0005444074900571664,0.2621115050966541,0.00877120692962598,64,46,0.71875,"{""INH10x"": ""10/13"", ""INH1x"": ""15/15"", ""MXF10x"": ""5/18"", ""MXF1x"": ""16/18""}",44,35
vijay,vijay_205_age60d,culture_age_60d,rifampicin,,,-0.1528094313001797,-0.42282252201026627,-0.01406396757019042,-0.12162733772397141,-0.20764299775094083,0.037640986286444654,-0.006367059637507488,-0.005067805738498809,1.2563740533972294,0.9333333333333333,log10 per day unless the column name says per hour,-0.02371326703960584,6.92445303860748,0.0491710682256323,0.2742777336329816,99,0.34136634165928464,0.0005444074900571664,0.2621115050966541,0.00877120692962598,64,46,0.71875,"{""INH10x"": ""10/13"", ""INH1x"": ""15/15"", ""MXF10x"": ""5/18"", ""MXF1x"": ""16/18""}",44,35
vijay,vijay_206_age15d,culture_age_15d,rifampicin,,,0.6404961105696202,0.5061966271401382,0.9281971186781061,-0.1819496595190984,-0.28572095402973086,-0.028602211920910146,0.026687337940400842,-0.007581235813295766,-3.5201830674620767,0.9333333333333333,log10 per day unless the column name says per hour,-0.02371326703960584,6.92445303860748,0.0491710682256323,0.2742777336329816,99,0.34136634165928464,0.0005444074900571664,0.2621115050966541,0.00877120692962598,64,46,0.71875,"{""INH10x"": ""10/13"", ""INH1x"": ""15/15"", ""MXF10x"": ""5/18"", ""MXF1x"": ""16/18""}",44,35
vijay,vijay_206_age30d,culture_age_30d,rifampicin,,,0.15825386253971385,-0.0213465943195081,0.2874997554508269,-0.149315083415793,-0.31073693679307185,-0.055553999233384097,0.006593910939154744,-0.006221461808991375,-1.0598652120029248,1.0,log10 per day unless the column name says per hour,-0.02371326703960584,6.92445303860748,0.0491710682256323,0.2742777336329816,99,0.34136634165928464,0.0005444074900571664,0.2621115050966541,0.00877120692962598,64,46,0.71875,"{""INH10x"": ""10/13"", ""INH1x"": ""15/15"", ""MXF10x"": ""5/18"", ""MXF1x"": ""16/18""}",44,35
vijay,vijay_206_age60d,culture_age_60d,rifampicin,,,-0.2988538959417249,-0.6994567351083584,-0.13001033992335548,-0.1665386386180099,-0.2557326539627769,-0.049114515431356406,-0.012452245664238538,-0.00693910994241708,1.7945018550752467,1.0,log10 per day unless the column name says per hour,-0.02371326703960584,6.92445303860748,0.0491710682256323,0.2742777336329816,99,0.34136634165928464,0.0005444074900571664,0.2621115050966541,0.00877120692962598,64,46,0.71875,"{""INH10x"": ""10/13"", ""INH1x"": ""15/15"", ""MXF10x"": ""5/18"", ""MXF1x"": ""16/18""}",44,35
vijay,vijay_207_age15d,culture_age_15d,rifampicin,,,0.6886111338838418,0.497296177788247,0.9960975687785621,-0.09534889903836548,-0.2079142822417646,-0.0005285988605706424,0.028692130578493406,-0.0039728707932652286,-7.222014525902032,0.9333333333333333,log10 per day unless the column name says per hour,-0.02371326703960584,6.92445303860748,0.0491710682256323,0.2742777336329816,99,0.34136634165928464,0.0005444074900571664,0.2621115050966541,0.00877120692962598,64,46,0.71875,"{""INH10x"": ""10/13"", ""INH1x"": ""15/15"", ""MXF10x"": ""5/18"", ""MXF1x"": ""16/18""}",44,35
vijay,vijay_207_age30d,culture_age_30d,rifampicin,,,0.17756420839076498,-0.07922983188798079,0.2950564696770059,-0.08620101303457779,-0.22942495681204536,0.03477556874230503,0.00739850868294854,-0.0035917088764407415,-2.0598854020374295,0.8,log10 per day unless the column name says per hour,-0.02371326703960584,6.92445303860748,0.0491710682256323,0.2742777336329816,99,0.34136634165928464,0.0005444074900571664,0.2621115050966541,0.00877120692962598,64,46,0.71875,"{""INH10x"": ""10/13"", ""INH1x"": ""15/15"", ""MXF10x"": ""5/18"", ""MXF1x"": ""16/18""}",44,35
vijay,vijay_207_age60d,culture_age_60d,rifampicin,,,-0.19186941790303333,-0.6023112199843534,-0.0734722016559422,-0.08217777986493625,-0.22025851510635794,0.003738662240663111,-0.007994559079293055,-0.0034240741610390107,2.334808974133657,0.9333333333333333,log10 per day unless the column name says per hour,-0.02371326703960584,6.92445303860748,0.0491710682256323,0.2742777336329816,99,0.34136634165928464,0.0005444074900571664,0.2621115050966541,0.00877120692962598,64,46,0.71875,"{""INH10x"": ""10/13"", ""INH1x"": ""15/15"", ""MXF10x"": ""5/18"", ""MXF1x"": ""16/18""}",44,35
vijay,vijay_208_age15d,culture_age_15d,rifampicin,,,0.636562148796747,0.4605993164449387,0.8136375734087666,-0.10642736658872569,-0.24368431090837855,0.010427155718644965,0.026523422866531126,-0.004434473607863571,-5.981188572077107,0.8666666666666667,log10 per day unless the column name says per hour,-0.02371326703960584,6.92445303860748,0.0491710682256323,0.2742777336329816,99,0.34136634165928464,0.0005444074900571664,0.2621115050966541,0.00877120692962598,64,46,0.71875,"{""INH10x"": ""10/13"", ""INH1x"": ""15/15"", ""MXF10x"": ""5/18"", ""MXF1x"": ""16/18""}",44,35
vijay,vijay_208_age30d,culture_age_30d,rifampicin,,,0.1825688583318332,0.03931604779065053,0.32746384314347005,-0.10654250274560235,-0.2029912180536666,-0.008715963720024755,0.007607035763826383,-0.004439270947733431,-1.7135777143114737,0.9333333333333333,log10 per day unless the column name says per hour,-0.02371326703960584,6.92445303860748,0.0491710682256323,0.2742777336329816,99,0.34136634165928464,0.0005444074900571664,0.2621115050966541,0.00877120692962598,64,46,0.71875,"{""INH10x"": ""10/13"", ""INH1x"": ""15/15"", ""MXF10x"": ""5/18"", ""MXF1x"": ""16/18""}",44,35
vijay,vijay_208_age60d,culture_age_60d,rifampicin,,,-0.2037244039308331,-0.4400724648513366,-0.03603174560203976,-0.11772998553780943,-0.1924526264243134,0.003363337552688375,-0.00848851683045138,-0.004905416064075393,1.7304376875626664,0.9333333333333333,log10 per day unless the column name says per hour,-0.02371326703960584,6.92445303860748,0.0491710682256323,0.2742777336329816,99,0.34136634165928464,0.0005444074900571664,0.2621115050966541,0.00877120692962598,64,46,0.71875,"{""INH10x"": ""10/13"", ""INH1x"": ""15/15"", ""MXF10x"": ""5/18"", ""MXF1x"": ""16/18""}",44,35
vijay,vijay_209_age15d,culture_age_15d,rifampicin,,,0.8584500858217439,0.6388421917089311,0.9815934703229982,0.2504109909448779,0.021182599414709534,0.3905952494890215,0.035768753575906,0.010433791289369913,3.428164564912055,0.0,log10 per day unless the column name says per hour,-0.02371326703960584,6.92445303860748,0.0491710682256323,0.2742777336329816,99,0.34136634165928464,0.0005444074900571664,0.2621115050966541,0.00877120692962598,64,46,0.71875,"{""INH10x"": ""10/13"", ""INH1x"": ""15/15"", ""MXF10x"": ""5/18"", ""MXF1x"": ""16/18""}",44,35
vijay,vijay_209_age30d,culture_age_30d,rifampicin,,,0.3674709267624727,0.16739899609849465,0.6316351533670623,0.2352177423881175,0.12036349319279918,0.3956554898745131,0.01531128861510303,0.009800739266171562,1.5622585398176847,0.0,log10 per day unless the column name says per hour,-0.02371326703960584,6.92445303860748,0.0491710682256323,0.2742777336329816,99,0.34136634165928464,0.0005444074900571664,0.2621115050966541,0.00877120692962598,64,46,0.71875,"{""INH10x"": ""10/13"", ""INH1x"": ""15/15"", ""MXF10x"": ""5/18"", ""MXF1x"": ""16/18""}",44,35
vijay,vijay_209_age60d,culture_age_60d,rifampicin,,,0.08508149266942797,-0.21241424975972506,0.2960349841361348,0.2118558642085219,0.040996948955327406,0.42473131556920507,0.0035450621945594986,0.008827327675355079,0.40160083832130977,0.06666666666666667,log10 per day unless the column name says per hour,-0.02371326703960584,6.92445303860748,0.0491710682256323,0.2742777336329816,99,0.34136634165928464,0.0005444074900571664,0.2621115050966541,0.00877120692962598,64,46,0.71875,"{""INH10x"": ""10/13"", ""INH1x"": ""15/15"", ""MXF10x"": ""5/18"", ""MXF1x"": ""16/18""}",44,35
vijay,vijay_210_age15d,culture_age_15d,rifampicin,,,0.8942458315696562,0.7521711557548887,1.1724347590323272,0.08988595630687932,0.012984873584024312,0.23621215928271874,0.03726024298206901,0.0037452481794533047,9.948671275372703,0.06666666666666667,log10 per day unless the column name says per hour,-0.02371326703960584,6.92445303860748,0.0491710682256323,0.2742777336329816,99,0.34136634165928464,0.0005444074900571664,0.2621115050966541,0.00877120692962598,64,46,0.71875,"{""INH10x"": ""10/13"", ""INH1x"": ""15/15"", ""MXF10x"": ""5/18"", ""MXF1x"": ""16/18""}",44,35
vijay,vijay_210_age30d,culture_age_30d,rifampicin,,,0.48958036464849064,0.36687215321494615,0.7249382917260314,0.05751451247059769,-0.010021496229271317,0.32384361312851845,0.020399181860353777,0.002396438019608237,8.512292700016744,0.13333333333333333,log10 per day unless the column name says per hour,-0.02371326703960584,6.92445303860748,0.0491710682256323,0.2742777336329816,99,0.34136634165928464,0.0005444074900571664,0.2621115050966541,0.00877120692962598,64,46,0.71875,"{""INH10x"": ""10/13"", ""INH1x"": ""15/15"", ""MXF10x"": ""5/18"", ""MXF1x"": ""16/18""}",44,35
vijay,vijay_210_age60d,culture_age_60d,rifampicin,,,0.07747085066708494,-0.09751073735041191,0.3254826743269752,0.07700596483041824,-0.008842772284452143,0.28602191191005943,0.003227952111128539,0.0032085818679340934,1.006037010739239,0.2,log10 per day unless the column name says per hour,-0.02371326703960584,6.92445303860748,0.0491710682256323,0.2742777336329816,99,0.34136634165928464,0.0005444074900571664,0.2621115050966541,0.00877120692962598,64,46,0.71875,"{""INH10x"": ""10/13"", ""INH1x"": ""15/15"", ""MXF10x"": ""5/18"", ""MXF1x"": ""16/18""}",44,35
vijay,vijay_211_age15d,culture_age_15d,rifampicin,,,0.8401370970308784,0.7167225985912844,1.2043985174194531,0.040204790441909416,-0.09836579896111407,0.22023522586433586,0.0350057123762866,0.0016751996017462256,20.896442632744595,0.4,log10 per day unless the column name says per hour,-0.02371326703960584,6.92445303860748,0.0491710682256323,0.2742777336329816,99,0.34136634165928464,0.0005444074900571664,0.2621115050966541,0.00877120692962598,64,46,0.71875,"{""INH10x"": ""10/13"", ""INH1x"": ""15/15"", ""MXF10x"": ""5/18"", ""MXF1x"": ""16/18""}",44,35
vijay,vijay_211_age30d,culture_age_30d,rifampicin,,,0.37473495917147737,0.14060903096004682,0.5780659888620786,0.06931688996205566,-0.09808790162716385,0.21563086191574632,0.01561395663214489,0.002888203748418986,5.40611327739327,0.2,log10 per day unless the column name says per hour,-0.02371326703960584,6.92445303860748,0.0491710682256323,0.2742777336329816,99,0.34136634165928464,0.0005444074900571664,0.2621115050966541,0.00877120692962598,64,46,0.71875,"{""INH10x"": ""10/13"", ""INH1x"": ""15/15"", ""MXF10x"": ""5/18"", ""MXF1x"": ""16/18""}",44,35
vijay,vijay_212_age15d,culture_age_15d,rifampicin,,,0.9582888966805247,0.7867386517464545,1.456231381426368,0.037215256575897825,-0.05312629170412915,0.12878206765404132,0.039928704028355196,0.0015506356906624093,25.749893588027906,0.4,log10 per day unless the column name says per hour,-0.02371326703960584,6.92445303860748,0.0491710682256323,0.2742777336329816,99,0.34136634165928464,0.0005444074900571664,0.2621115050966541,0.00877120692962598,64,46,0.71875,"{""INH10x"": ""10/13"", ""INH1x"": ""15/15"", ""MXF10x"": ""5/18"", ""MXF1x"": ""16/18""}",44,35
vijay,vijay_212_age30d,culture_age_30d,rifampicin,,,0.5440155138449082,0.4344248474291955,0.6787672719272518,0.03518865255460057,-0.051183878188271414,0.20315261624162137,0.022667313076871174,0.0014661938564416903,15.459970028712666,0.26666666666666666,log10 per day unless the column name says per hour,-0.02371326703960584,6.92445303860748,0.0491710682256323,0.2742777336329816,99,0.34136634165928464,0.0005444074900571664,0.2621115050966541,0.00877120692962598,64,46,0.71875,"{""INH10x"": ""10/13"", ""INH1x"": ""15/15"", ""MXF10x"": ""5/18"", ""MXF1x"": ""16/18""}",44,35
vijay,vijay_212_age60d,culture_age_60d,rifampicin,,,0.036457004201873464,-0.16256709789168503,0.24861772455620357,0.029348450305662903,-0.050236840742690136,0.1738289072294404,0.0015190418417447276,0.0012228520960692877,1.2422122402435312,0.3333333333333333,log10 per day unless the column name says per hour,-0.02371326703960584,6.92445303860748,0.0491710682256323,0.2742777336329816,99,0.34136634165928464,0.0005444074900571664,0.2621115050966541,0.00877120692962598,64,46,0.71875,"{""INH10x"": ""10/13"", ""INH1x"": ""15/15"", ""MXF10x"": ""5/18"", ""MXF1x"": ""16/18""}",44,35
vijay,vijay_213_age15d,culture_age_15d,rifampicin,,,0.873165832848111,0.7803403044809332,1.289316846367483,0.10168664933549212,-0.004601194924195691,0.3011243100268831,0.036381909702004625,0.004236943722312172,8.58682864027998,0.13333333333333333,log10 per day unless the column name says per hour,-0.02371326703960584,6.92445303860748,0.0491710682256323,0.2742777336329816,99,0.34136634165928464,0.0005444074900571664,0.2621115050966541,0.00877120692962598,64,46,0.71875,"{""INH10x"": ""10/13"", ""INH1x"": ""15/15"", ""MXF10x"": ""5/18"", ""MXF1x"": ""16/18""}",44,35
vijay,vijay_213_age30d,culture_age_30d,rifampicin,,,0.5219606625725672,0.41808203743730366,0.7279721117655972,0.0968537551450351,-0.026721389624671462,0.2914249453947707,0.021748360940523636,0.004035573131043129,5.389162885744073,0.2,log10 per day unless the column name says per hour,-0.02371326703960584,6.92445303860748,0.0491710682256323,0.2742777336329816,99,0.34136634165928464,0.0005444074900571664,0.2621115050966541,0.00877120692962598,64,46,0.71875,"{""INH10x"": ""10/13"", ""INH1x"": ""15/15"", ""MXF10x"": ""5/18"", ""MXF1x"": ""16/18""}",44,35
vijay,vijay_213_age60d,culture_age_60d,rifampicin,,,0.12945957980469258,-0.07523167903884732,0.2333458222511069,0.09479687226776873,-0.013404804615296301,0.25156331003420784,0.005394149158528858,0.003949869677823697,1.3656524388169007,0.06666666666666667,log10 per day unless the column name says per hour,-0.02371326703960584,6.92445303860748,0.0491710682256323,0.2742777336329816,99,0.34136634165928464,0.0005444074900571664,0.2621115050966541,0.00877120692962598,64,46,0.71875,"{""INH10x"": ""10/13"", ""INH1x"": ""15/15"", ""MXF10x"": ""5/18"", ""MXF1x"": ""16/18""}",44,35
vijay,vijay_214_age15d,culture_age_15d,rifampicin,,,0.8985743385565953,0.7129800847704467,1.1790578433637522,0.177454141816781,0.03483444545103125,0.3051917544726978,0.037440597439858135,0.007393922575699209,5.063698876548968,0.06666666666666667,log10 per day unless the column name says per hour,-0.02371326703960584,6.92445303860748,0.0491710682256323,0.2742777336329816,99,0.34136634165928464,0.0005444074900571664,0.2621115050966541,0.00877120692962598,64,46,0.71875,"{""INH10x"": ""10/13"", ""INH1x"": ""15/15"", ""MXF10x"": ""5/18"", ""MXF1x"": ""16/18""}",44,35
vijay,vijay_214_age30d,culture_age_30d,rifampicin,,,0.41553178110847866,0.24646696848567673,0.6107247807357457,0.15874418706951177,0.04225529399058945,0.3018430614037351,0.01731382421285328,0.006614341127896324,2.617618879653989,0.06666666666666667,log10 per day unless the column name says per hour,-0.02371326703960584,6.92445303860748,0.0491710682256323,0.2742777336329816,99,0.34136634165928464,0.0005444074900571664,0.2621115050966541,0.00877120692962598,64,46,0.71875,"{""INH10x"": ""10/13"", ""INH1x"": ""15/15"", ""MXF10x"": ""5/18"", ""MXF1x"": ""16/18""}",44,35
vijay,vijay_214_age60d,culture_age_60d,rifampicin,,,0.09284387377711834,-0.09768809181538926,0.29674097815009337,0.19463770024746174,-0.00022321054587553027,0.29513924886979265,0.003868494740713264,0.008109904176977573,0.4770086866988098,0.06666666666666667,log10 per day unless the column name says per hour,-0.02371326703960584,6.92445303860748,0.0491710682256323,0.2742777336329816,99,0.34136634165928464,0.0005444074900571664,0.2621115050966541,0.00877120692962598,64,46,0.71875,"{""INH10x"": ""10/13"", ""INH1x"": ""15/15"", ""MXF10x"": ""5/18"", ""MXF1x"": ""16/18""}",44,35
vijay,vijay_215_age15d,culture_age_15d,rifampicin,,,0.8174084643608751,0.682162391548422,0.9482261795402627,0.17981459128447938,0.0860704766311227,0.2726177266861173,0.03405868601503646,0.007492274636853307,4.545840571234162,0.0,log10 per day unless the column name says per hour,-0.02371326703960584,6.92445303860748,0.0491710682256323,0.2742777336329816,99,0.34136634165928464,0.0005444074900571664,0.2621115050966541,0.00877120692962598,64,46,0.71875,"{""INH10x"": ""10/13"", ""INH1x"": ""15/15"", ""MXF10x"": ""5/18"", ""MXF1x"": ""16/18""}",44,35
vijay,vijay_215_age30d,culture_age_30d,rifampicin,,,0.3629609823770603,0.04521523068521595,0.5496067055023226,0.1878376869799285,0.1051110856501894,0.3120661403567678,0.015123374265710846,0.007826570290830354,1.932311817786836,0.0,log10 per day unless the column name says per hour,-0.02371326703960584,6.92445303860748,0.0491710682256323,0.2742777336329816,99,0.34136634165928464,0.0005444074900571664,0.2621115050966541,0.00877120692962598,64,46,0.71875,"{""INH10x"": ""10/13"", ""INH1x"": ""15/15"", ""MXF10x"": ""5/18"", ""MXF1x"": ""16/18""}",44,35
vijay,vijay_215_age60d,culture_age_60d,rifampicin,,,0.057987670071074277,-0.28339216479547186,0.2053677688682009,0.17295691042051942,0.06919847902799658,0.3134335139288498,0.002416152919628095,0.007206537934188309,0.3352723515359158,0.0,log10 per day unless the column name says per hour,-0.02371326703960584,6.92445303860748,0.0491710682256323,0.2742777336329816,99,0.34136634165928464,0.0005444074900571664,0.2621115050966541,0.00877120692962598,64,46,0.71875,"{""INH10x"": ""10/13"", ""INH1x"": ""15/15"", ""MXF10x"": ""5/18"", ""MXF1x"": ""16/18""}",44,35
vijay,vijay_216_age15d,culture_age_15d,rifampicin,,,0.8755039261108952,0.8003905789076242,1.4136058892774936,0.006594755305303633,-0.15888891779850856,0.11960379500222379,0.036479330254620634,0.00027478147105431804,132.75760594283122,0.4666666666666667,log10 per day unless the column name says per hour,-0.02371326703960584,6.92445303860748,0.0491710682256323,0.2742777336329816,99,0.34136634165928464,0.0005444074900571664,0.2621115050966541,0.00877120692962598,64,46,0.71875,"{""INH10x"": ""10/13"", ""INH1x"": ""15/15"", ""MXF10x"": ""5/18"", ""MXF1x"": ""16/18""}",44,35
vijay,vijay_216_age30d,culture_age_30d,rifampicin,,,0.4995212070053957,0.38862901999277083,0.6585898432999281,-0.0009263164680911858,-0.06976053765158073,0.12171526090938822,0.02081338362522482,-3.859651950379941e-05,-539.2554534140305,0.5333333333333333,log10 per day unless the column name says per hour,-0.02371326703960584,6.92445303860748,0.0491710682256323,0.2742777336329816,99,0.34136634165928464,0.0005444074900571664,0.2621115050966541,0.00877120692962598,64,46,0.71875,"{""INH10x"": ""10/13"", ""INH1x"": ""15/15"", ""MXF10x"": ""5/18"", ""MXF1x"": ""16/18""}",44,35
vijay,vijay_216_age60d,culture_age_60d,rifampicin,,,0.023920860620658926,-0.23939908601741955,0.14781632089055213,0.007931593882518038,-0.14149637444693064,0.10643523991903688,0.0009967025258607886,0.0003304830784382516,3.0158957928220076,0.4,log10 per day unless the column name says per hour,-0.02371326703960584,6.92445303860748,0.0491710682256323,0.2742777336329816,99,0.34136634165928464,0.0005444074900571664,0.2621115050966541,0.00877120692962598,64,46,0.71875,"{""INH10x"": ""10/13"", ""INH1x"": ""15/15"", ""MXF10x"": ""5/18"", ""MXF1x"": ""16/18""}",44,35
vijay,vijay_217_age15d,culture_age_15d,rifampicin,,,0.7734751206555682,0.6900626521352081,1.1306735868032323,0.016656331065609237,-0.06498005574786403,0.09792248141131632,0.032228130027315345,0.0006940137944003848,46.43730468665951,0.3333333333333333,log10 per day unless the column name says per hour,-0.02371326703960584,6.92445303860748,0.0491710682256323,0.2742777336329816,99,0.34136634165928464,0.0005444074900571664,0.2621115050966541,0.00877120692962598,64,46,0.71875,"{""INH10x"": ""10/13"", ""INH1x"": ""15/15"", ""MXF10x"": ""5/18"", ""MXF1x"": ""16/18""}",44,35
vijay,vijay_217_age30d,culture_age_30d,rifampicin,,,0.36813028443129575,0.25449114868734435,0.4346419362174934,0.03828172286850771,-0.043860532530381906,0.10186176798632124,0.01533876185130399,0.0015950717861878212,9.616345787146809,0.2,log10 per day unless the column name says per hour,-0.02371326703960584,6.92445303860748,0.0491710682256323,0.2742777336329816,99,0.34136634165928464,0.0005444074900571664,0.2621115050966541,0.00877120692962598,64,46,0.71875,"{""INH10x"": ""10/13"", ""INH1x"": ""15/15"", ""MXF10x"": ""5/18"", ""MXF1x"": ""16/18""}",44,35
vijay,vijay_217_age60d,culture_age_60d,rifampicin,,,0.021455944421244322,-0.09609422114277841,0.10794814674844841,0.008131215013170304,-0.07569875857791021,0.11444673524657092,0.0008939976842185134,0.0003388006255487627,2.6387132041757186,0.4,log10 per day unless the column name says per hour,-0.02371326703960584,6.92445303860748,0.0491710682256323,0.2742777336329816,99,0.34136634165928464,0.0005444074900571664,0.2621115050966541,0.00877120692962598,64,46,0.71875,"{""INH10x"": ""10/13"", ""INH1x"": ""15/15"", ""MXF10x"": ""5/18"", ""MXF1x"": ""16/18""}",44,35
windels,windels_nut0.25_ab100_r1,nutrient_0.25,amikacin,100.0,ug/mL,59.975549139481096,53.21871202062647,61.551024416017,3.521946630990544,2.63089825857692,4.868095707198005,2.498981214145046,0.14674777629127267,17.029090847584204,0.0,log10 per day unless the column name says per hour,-0.02371326703960584,6.92445303860748,0.0491710682256323,0.2742777336329816,99,0.34136634165928464,0.0005444074900571664,0.2621115050966541,0.00877120692962598,64,46,0.71875,"{""INH10x"": ""10/13"", ""INH1x"": ""15/15"", ""MXF10x"": ""5/18"", ""MXF1x"": ""16/18""}",44,35
windels,windels_nut0.25_ab100_r2,nutrient_0.25,amikacin,100.0,ug/mL,59.91330267817654,53.526598337696335,63.23222234224969,3.9663870962688335,2.047739717688166,5.9654982561316094,2.496387611590689,0.16526612901120138,15.10525857008177,0.0,log10 per day unless the column name says per hour,-0.02371326703960584,6.92445303860748,0.0491710682256323,0.2742777336329816,99,0.34136634165928464,0.0005444074900571664,0.2621115050966541,0.00877120692962598,64,46,0.71875,"{""INH10x"": ""10/13"", ""INH1x"": ""15/15"", ""MXF10x"": ""5/18"", ""MXF1x"": ""16/18""}",44,35
windels,windels_nut0.25_ab100_r3,nutrient_0.25,amikacin,100.0,ug/mL,59.913692692162876,53.86000230847597,61.8524011861809,3.4816038156051095,2.2486276518660615,5.380086859280876,2.496403862173453,0.1450668256502129,17.208647469772423,0.0,log10 per day unless the column name says per hour,-0.02371326703960584,6.92445303860748,0.0491710682256323,0.2742777336329816,99,0.34136634165928464,0.0005444074900571664,0.2621115050966541,0.00877120692962598,64,46,0.71875,"{""INH10x"": ""10/13"", ""INH1x"": ""15/15"", ""MXF10x"": ""5/18"", ""MXF1x"": ""16/18""}",44,35
windels,windels_nut0.25_ab12.5_r1,nutrient_0.25,amikacin,12.5,ug/mL,39.19144131264462,26.078161987630295,43.1262229328248,3.374929464442574,1.5626403705846987,3.9572103125046016,1.6329767213601925,0.14062206101844058,11.612521602467844,0.0,log10 per day unless the column name says per hour,-0.02371326703960584,6.92445303860748,0.0491710682256323,0.2742777336329816,99,0.34136634165928464,0.0005444074900571664,0.2621115050966541,0.00877120692962598,64,46,0.71875,"{""INH10x"": ""10/13"", ""INH1x"": ""15/15"", ""MXF10x"": ""5/18"", ""MXF1x"": ""16/18""}",44,35
windels,windels_nut0.25_ab12.5_r2,nutrient_0.25,amikacin,12.5,ug/mL,40.281821608391866,27.62696987904069,43.72336172645555,3.717423268894098,2.369030148161828,6.606575326164629,1.6784092336829943,0.15489263620392074,10.83595240430487,0.0,log10 per day unless the column name says per hour,-0.02371326703960584,6.92445303860748,0.0491710682256323,0.2742777336329816,99,0.34136634165928464,0.0005444074900571664,0.2621115050966541,0.00877120692962598,64,46,0.71875,"{""INH10x"": ""10/13"", ""INH1x"": ""15/15"", ""MXF10x"": ""5/18"", ""MXF1x"": ""16/18""}",44,35
windels,windels_nut0.25_ab12.5_r3,nutrient_0.25,amikacin,12.5,ug/mL,40.674232532241916,25.83765737320552,42.930329163590564,2.8419494434465267,1.8458865583940658,3.8155613668385024,1.694759688843413,0.11841456014360528,14.312088705883141,0.0,log10 per day unless the column name says per hour,-0.02371326703960584,6.92445303860748,0.0491710682256323,0.2742777336329816,99,0.34136634165928464,0.0005444074900571664,0.2621115050966541,0.00877120692962598,64,46,0.71875,"{""INH10x"": ""10/13"", ""INH1x"": ""15/15"", ""MXF10x"": ""5/18"", ""MXF1x"": ""16/18""}",44,35
windels,windels_nut0.25_ab200_r1,nutrient_0.25,amikacin,200.0,ug/mL,66.90032755208833,59.460440475671916,69.07447453518304,3.654182086798656,2.2796958731658843,5.436437040674131,2.78751364800368,0.15225758694994398,18.307880111879744,0.0,log10 per day unless the column name says per hour,-0.02371326703960584,6.92445303860748,0.0491710682256323,0.2742777336329816,99,0.34136634165928464,0.0005444074900571664,0.2621115050966541,0.00877120692962598,64,46,0.71875,"{""INH10x"": ""10/13"", ""INH1x"": ""15/15"", ""MXF10x"": ""5/18"", ""MXF1x"": ""16/18""}",44,35
windels,windels_nut0.25_ab200_r2,nutrient_0.25,amikacin,200.0,ug/mL,66.92607390272362,59.641481900295965,69.35870802449958,3.596136779089837,2.3690482026351694,4.43495686441751,2.788586412613484,0.14983903246207655,18.610547377361506,0.0,log10 per day unless the column name says per hour,-0.02371326703960584,6.92445303860748,0.0491710682256323,0.2742777336329816,99,0.34136634165928464,0.0005444074900571664,0.2621115050966541,0.00877120692962598,64,46,0.71875,"{""INH10x"": ""10/13"", ""INH1x"": ""15/15"", ""MXF10x"": ""5/18"", ""MXF1x"": ""16/18""}",44,35
windels,windels_nut0.25_ab200_r3,nutrient_0.25,amikacin,200.0,ug/mL,66.64027475483387,59.60195295283909,69.15239423918663,3.784366555797184,1.9192121991563647,4.608953550344697,2.7766781147847444,0.15768193982488268,17.609360449703047,0.0,log10 per day unless the column name says per hour,-0.02371326703960584,6.92445303860748,0.0491710682256323,0.2742777336329816,99,0.34136634165928464,0.0005444074900571664,0.2621115050966541,0.00877120692962598,64,46,0.71875,"{""INH10x"": ""10/13"", ""INH1x"": ""15/15"", ""MXF10x"": ""5/18"", ""MXF1x"": ""16/18""}",44,35
windels,windels_nut0.25_ab25_r1,nutrient_0.25,amikacin,25.0,ug/mL,46.14407474540893,36.35333956063997,49.722688003242446,4.090166495795348,2.4996728841638736,5.054967617238952,1.9226697810587055,0.17042360399147283,11.28171060831988,0.0,log10 per day unless the column name says per hour,-0.02371326703960584,6.92445303860748,0.0491710682256323,0.2742777336329816,99,0.34136634165928464,0.0005444074900571664,0.2621115050966541,0.00877120692962598,64,46,0.71875,"{""INH10x"": ""10/13"", ""INH1x"": ""15/15"", ""MXF10x"": ""5/18"", ""MXF1x"": ""16/18""}",44,35
windels,windels_nut0.25_ab25_r2,nutrient_0.25,amikacin,25.0,ug/mL,46.1516270495788,36.316619076813794,49.34268855794486,3.665281758501144,2.4743248239549938,4.750547829938581,1.9229844603991166,0.152720073270881,12.591563238634004,0.0,log10 per day unless the column name says per hour,-0.02371326703960584,6.92445303860748,0.0491710682256323,0.2742777336329816,99,0.34136634165928464,0.0005444074900571664,0.2621115050966541,0.00877120692962598,64,46,0.71875,"{""INH10x"": ""10/13"", ""INH1x"": ""15/15"", ""MXF10x"": ""5/18"", ""MXF1x"": ""16/18""}",44,35
windels,windels_nut0.25_ab25_r3,nutrient_0.25,amikacin,25.0,ug/mL,46.97929332875031,38.03669793530307,49.9941970479754,3.935093771276276,2.4648930091980525,6.292285040887262,1.9574705553645961,0.16396224046984484,11.938544812240504,0.0,log10 per day unless the column name says per hour,-0.02371326703960584,6.92445303860748,0.0491710682256323,0.2742777336329816,99,0.34136634165928464,0.0005444074900571664,0.2621115050966541,0.00877120692962598,64,46,0.71875,"{""INH10x"": ""10/13"", ""INH1x"": ""15/15"", ""MXF10x"": ""5/18"", ""MXF1x"": ""16/18""}",44,35
windels,windels_nut0.25_ab400_r1,nutrient_0.25,amikacin,400.0,ug/mL,73.4637459999946,64.2001952056705,76.49812274480584,3.534236178185513,2.2222691088515787,5.074236142292969,3.0609894166664415,0.14725984075772972,20.786314863007004,0.0,log10 per day unless the column name says per hour,-0.02371326703960584,6.92445303860748,0.0491710682256323,0.2742777336329816,99,0.34136634165928464,0.0005444074900571664,0.2621115050966541,0.00877120692962598,64,46,0.71875,"{""INH10x"": ""10/13"", ""INH1x"": ""15/15"", ""MXF10x"": ""5/18"", ""MXF1x"": ""16/18""}",44,35
windels,windels_nut0.25_ab400_r2,nutrient_0.25,amikacin,400.0,ug/mL,73.22075503274337,64.38739207372461,76.36454719052544,3.4140866149191265,2.5501038653236283,4.743841600628971,3.0508647930309736,0.1422536089549636,21.446660056244014,0.0,log10 per day unless the column name says per hour,-0.02371326703960584,6.92445303860748,0.0491710682256323,0.2742777336329816,99,0.34136634165928464,0.0005444074900571664,0.2621115050966541,0.00877120692962598,64,46,0.71875,"{""INH10x"": ""10/13"", ""INH1x"": ""15/15"", ""MXF10x"": ""5/18"", ""MXF1x"": ""16/18""}",44,35
windels,windels_nut0.25_ab400_r3,nutrient_0.25,amikacin,400.0,ug/mL,73.15127164331065,64.45905240495378,76.20035266900969,3.4008787782640724,2.136194569666698,4.695876129890857,3.0479696518046104,0.1417032824276697,21.509520454195552,0.0,log10 per day unless the column name says per hour,-0.02371326703960584,6.92445303860748,0.0491710682256323,0.2742777336329816,99,0.34136634165928464,0.0005444074900571664,0.2621115050966541,0.00877120692962598,64,46,0.71875,"{""INH10x"": ""10/13"", ""INH1x"": ""15/15"", ""MXF10x"": ""5/18"", ""MXF1x"": ""16/18""}",44,35
windels,windels_nut0.25_ab50_r1,nutrient_0.25,amikacin,50.0,ug/mL,52.499866942339615,47.04155458301728,55.971414492326176,4.065506297754177,2.59801602532499,5.878397930699149,2.187494455930817,0.16939609573975736,12.913488037477897,0.0,log10 per day unless the column name says per hour,-0.02371326703960584,6.92445303860748,0.0491710682256323,0.2742777336329816,99,0.34136634165928464,0.0005444074900571664,0.2621115050966541,0.00877120692962598,64,46,0.71875,"{""INH10x"": ""10/13"", ""INH1x"": ""15/15"", ""MXF10x"": ""5/18"", ""MXF1x"": ""16/18""}",44,35
windels,windels_nut0.25_ab50_r2,nutrient_0.25,amikacin,50.0,ug/mL,52.79912498960395,45.621911069276294,55.826288656232094,3.9950394357161723,2.600426519417721,6.065928268182012,2.199963541233498,0.16645997648817384,13.216171164062338,0.0,log10 per day unless the column name says per hour,-0.02371326703960584,6.92445303860748,0.0491710682256323,0.2742777336329816,99,0.34136634165928464,0.0005444074900571664,0.2621115050966541,0.00877120692962598,64,46,0.71875,"{""INH10x"": ""10/13"", ""INH1x"": ""15/15"", ""MXF10x"": ""5/18"", ""MXF1x"": ""16/18""}",44,35
windels,windels_nut0.25_ab50_r3,nutrient_0.25,amikacin,50.0,ug/mL,52.91527988240256,44.91856327794492,55.18289763510397,4.080073813073308,2.110687256219305,4.543800992022765,2.20480332843344,0.17000307554472116,12.969196712287964,0.0,log10 per day unless the column name says per hour,-0.02371326703960584,6.92445303860748,0.0491710682256323,0.2742777336329816,99,0.34136634165928464,0.0005444074900571664,0.2621115050966541,0.00877120692962598,64,46,0.71875,"{""INH10x"": ""10/13"", ""INH1x"": ""15/15"", ""MXF10x"": ""5/18"", ""MXF1x"": ""16/18""}",44,35
windels,windels_nut0.5_ab100_r1,nutrient_0.5,amikacin,100.0,ug/mL,71.49539664004122,62.22969228208668,76.36762526553314,3.5462760294554174,2.786907740371458,5.497716896318742,2.9789748600017174,0.14776150122730905,20.160697037173495,0.0,log10 per day unless the column name says per hour,-0.02371326703960584,6.92445303860748,0.0491710682256323,0.2742777336329816,99,0.34136634165928464,0.0005444074900571664,0.2621115050966541,0.00877120692962598,64,46,0.71875,"{""INH10x"": ""10/13"", ""INH1x"": ""15/15"", ""MXF10x"": ""5/18"", ""MXF1x"": ""16/18""}",44,35
windels,windels_nut0.5_ab100_r2,nutrient_0.5,amikacin,100.0,ug/mL,72.2723105395797,62.16290935109475,76.4934534355107,3.923499330243529,2.979442018039111,4.767561550227001,3.0113462724824878,0.16347913876014705,18.42037030119585,0.0,log10 per day unless the column name says per hour,-0.02371326703960584,6.92445303860748,0.0491710682256323,0.2742777336329816,99,0.34136634165928464,0.0005444074900571664,0.2621115050966541,0.00877120692962598,64,46,0.71875,"{""INH10x"": ""10/13"", ""INH1x"": ""15/15"", ""MXF10x"": ""5/18"", ""MXF1x"": ""16/18""}",44,35
windels,windels_nut0.5_ab100_r3,nutrient_0.5,amikacin,100.0,ug/mL,71.37500853358065,62.01586776551734,76.38881487963556,3.9618239967831106,1.874305896051428,4.550886417052489,2.973958688899194,0.16507599986596294,18.01569393075895,0.0,log10 per day unless the column name says per hour,-0.02371326703960584,6.92445303860748,0.0491710682256323,0.2742777336329816,99,0.34136634165928464,0.0005444074900571664,0.2621115050966541,0.00877120692962598,64,46,0.71875,"{""INH10x"": ""10/13"", ""INH1x"": ""15/15"", ""MXF10x"": ""5/18"", ""MXF1x"": ""16/18""}",44,35
windels,windels_nut0.5_ab12.5_r1,nutrient_0.5,amikacin,12.5,ug/mL,52.97300018591099,44.86739639938691,55.620657115981274,2.9068154174309826,1.674069983196683,4.0389692846250815,2.2072083410796246,0.12111730905962427,18.223723415065706,0.0,log10 per day unless the column name says per hour,-0.02371326703960584,6.92445303860748,0.0491710682256323,0.2742777336329816,99,0.34136634165928464,0.0005444074900571664,0.2621115050966541,0.00877120692962598,64,46,0.71875,"{""INH10x"": ""10/13"", ""INH1x"": ""15/15"", ""MXF10x"": ""5/18"", ""MXF1x"": ""16/18""}",44,35
windels,windels_nut0.5_ab12.5_r2,nutrient_0.5,amikacin,12.5,ug/mL,53.49490838735939,45.458362824715664,54.93100407344597,2.4078246879723904,1.7967428073481821,4.339953238619588,2.2289545161399746,0.10032602866551626,22.217111010854786,0.0,log10 per day unless the column name says per hour,-0.02371326703960584,6.92445303860748,0.0491710682256323,0.2742777336329816,99,0.34136634165928464,0.0005444074900571664,0.2621115050966541,0.00877120692962598,64,46,0.71875,"{""INH10x"": ""10/13"", ""INH1x"": ""15/15"", ""MXF10x"": ""5/18"", ""MXF1x"": ""16/18""}",44,35
windels,windels_nut0.5_ab12.5_r3,nutrient_0.5,amikacin,12.5,ug/mL,53.49542809766357,46.012159776151314,55.70715979677476,3.1375979148598483,2.0870329066136364,4.71043673734214,2.228976170735982,0.13073324645249368,17.049803559693252,0.0,log10 per day unless the column name says per hour,-0.02371326703960584,6.92445303860748,0.0491710682256323,0.2742777336329816,99,0.34136634165928464,0.0005444074900571664,0.2621115050966541,0.00877120692962598,64,46,0.71875,"{""INH10x"": ""10/13"", ""INH1x"": ""15/15"", ""MXF10x"": ""5/18"", ""MXF1x"": ""16/18""}",44,35
windels,windels_nut0.5_ab200_r1,nutrient_0.5,amikacin,200.0,ug/mL,79.21498566860136,67.04654811033558,83.53225363786432,4.22743286974698,2.783419017189489,5.009515000284002,3.3006244028583898,0.17614303623945748,18.738319000992803,0.0,log10 per day unless the column name says per hour,-0.02371326703960584,6.92445303860748,0.0491710682256323,0.2742777336329816,99,0.34136634165928464,0.0005444074900571664,0.2621115050966541,0.00877120692962598,64,46,0.71875,"{""INH10x"": ""10/13"", ""INH1x"": ""15/15"", ""MXF10x"": ""5/18"", ""MXF1x"": ""16/18""}",44,35
windels,windels_nut0.5_ab200_r2,nutrient_0.5,amikacin,200.0,ug/mL,78.79674998383538,66.94714344716462,83.48248925529752,4.083078515322592,3.149548297925718,4.9336225589521785,3.283197915993141,0.17012827147177467,19.298367564604593,0.0,log10 per day unless the column name says per hour,-0.02371326703960584,6.92445303860748,0.0491710682256323,0.2742777336329816,99,0.34136634165928464,0.0005444074900571664,0.2621115050966541,0.00877120692962598,64,46,0.71875,"{""INH10x"": ""10/13"", ""INH1x"": ""15/15"", ""MXF10x"": ""5/18"", ""MXF1x"": ""16/18""}",44,35
windels,windels_nut0.5_ab200_r3,nutrient_0.5,amikacin,200.0,ug/mL,79.26602842193769,66.99431205322973,83.77964555181465,4.151280162806526,3.0950385684537913,5.3196339269699795,3.3027511842474038,0.17297000678360527,19.09435771936647,0.0,log10 per day unless the column name says per hour,-0.02371326703960584,6.92445303860748,0.0491710682256323,0.2742777336329816,99,0.34136634165928464,0.0005444074900571664,0.2621115050966541,0.00877120692962598,64,46,0.71875,"{""INH10x"": ""10/13"", ""INH1x"": ""15/15"", ""MXF10x"": ""5/18"", ""MXF1x"": ""16/18""}",44,35
windels,windels_nut0.5_ab25_r1,nutrient_0.5,amikacin,25.0,ug/mL,58.43717181450497,52.58237057099395,62.29194833967586,2.7001125137217117,2.1020018740193676,4.246965071112295,2.434882158937707,0.11250468807173798,21.64249508771686,0.0,log10 per day unless the column name says per hour,-0.02371326703960584,6.92445303860748,0.0491710682256323,0.2742777336329816,99,0.34136634165928464,0.0005444074900571664,0.2621115050966541,0.00877120692962598,64,46,0.71875,"{""INH10x"": ""10/13"", ""INH1x"": ""15/15"", ""MXF10x"": ""5/18"", ""MXF1x"": ""16/18""}",44,35
windels,windels_nut0.5_ab25_r2,nutrient_0.5,amikacin,25.0,ug/mL,58.82124797276544,52.52424159775113,61.741671939228354,3.2760873955742094,1.0320188109786765,4.457476940308325,2.45088533219856,0.13650364148225871,17.954724911255205,0.0,log10 per day unless the column name says per hour,-0.02371326703960584,6.92445303860748,0.0491710682256323,0.2742777336329816,99,0.34136634165928464,0.0005444074900571664,0.2621115050966541,0.00877120692962598,64,46,0.71875,"{""INH10x"": ""10/13"", ""INH1x"": ""15/15"", ""MXF10x"": ""5/18"", ""MXF1x"": ""16/18""}",44,35
windels,windels_nut0.5_ab25_r3,nutrient_0.5,amikacin,25.0,ug/mL,58.41903148418962,52.48585491262077,63.009494544889975,3.211875547839509,2.194095625480798,4.468079970168639,2.434126311841234,0.1338281478266462,18.18844803108439,0.0,log10 per day unless the column name says per hour,-0.02371326703960584,6.92445303860748,0.0491710682256323,0.2742777336329816,99,0.34136634165928464,0.0005444074900571664,0.2621115050966541,0.00877120692962598,64,46,0.71875,"{""INH10x"": ""10/13"", ""INH1x"": ""15/15"", ""MXF10x"": ""5/18"", ""MXF1x"": ""16/18""}",44,35
windels,windels_nut0.5_ab400_r1,nutrient_0.5,amikacin,400.0,ug/mL,86.18424394595294,71.91441867649928,91.1997335183417,4.145422441723562,2.617735586591289,6.331717099667647,3.591010164414706,0.17272593507181508,20.790219852749125,0.0,log10 per day unless the column name says per hour,-0.02371326703960584,6.92445303860748,0.0491710682256323,0.2742777336329816,99,0.34136634165928464,0.0005444074900571664,0.2621115050966541,0.00877120692962598,64,46,0.71875,"{""INH10x"": ""10/13"", ""INH1x"": ""15/15"", ""MXF10x"": ""5/18"", ""MXF1x"": ""16/18""}",44,35
windels,windels_nut0.5_ab400_r2,nutrient_0.5,amikacin,400.0,ug/mL,86.18625813700477,71.79497704695208,90.7751407659561,4.382555558164199,3.153441463685284,5.690971513323251,3.5910940890418654,0.18260648159017498,19.665753689408373,0.0,log10 per day unless the column name says per hour,-0.02371326703960584,6.92445303860748,0.0491710682256323,0.2742777336329816,99,0.34136634165928464,0.0005444074900571664,0.2621115050966541,0.00877120692962598,64,46,0.71875,"{""INH10x"": ""10/13"", ""INH1x"": ""15/15"", ""MXF10x"": ""5/18"", ""MXF1x"": ""16/18""}",44,35
windels,windels_nut0.5_ab400_r3,nutrient_0.5,amikacin,400.0,ug/mL,86.26994649229977,71.76770069171221,91.93630677505006,5.024112824581379,3.110076029580864,6.734793236329754,3.5945811038458237,0.20933803435755746,17.171180167413535,0.0,log10 per day unless the column name says per hour,-0.02371326703960584,6.92445303860748,0.0491710682256323,0.2742777336329816,99,0.34136634165928464,0.0005444074900571664,0.2621115050966541,0.00877120692962598,64,46,0.71875,"{""INH10x"": ""10/13"", ""INH1x"": ""15/15"", ""MXF10x"": ""5/18"", ""MXF1x"": ""16/18""}",44,35
windels,windels_nut0.5_ab50_r1,nutrient_0.5,amikacin,50.0,ug/mL,65.53243123619788,57.27627226655847,69.01543879236597,3.589041951209006,1.8793464416687475,4.487503994787929,2.7305179681749117,0.1495434146337086,18.259031832749294,0.0,log10 per day unless the column name says per hour,-0.02371326703960584,6.92445303860748,0.0491710682256323,0.2742777336329816,99,0.34136634165928464,0.0005444074900571664,0.2621115050966541,0.00877120692962598,64,46,0.71875,"{""INH10x"": ""10/13"", ""INH1x"": ""15/15"", ""MXF10x"": ""5/18"", ""MXF1x"": ""16/18""}",44,35
windels,windels_nut0.5_ab50_r2,nutrient_0.5,amikacin,50.0,ug/mL,65.55567658122062,57.33176077997095,69.21873116265766,3.7385812364537623,2.58996924508802,4.819574218631809,2.731486524217526,0.15577421818557344,17.534907612012617,0.0,log10 per day unless the column name says per hour,-0.02371326703960584,6.92445303860748,0.0491710682256323,0.2742777336329816,99,0.34136634165928464,0.0005444074900571664,0.2621115050966541,0.00877120692962598,64,46,0.71875,"{""INH10x"": ""10/13"", ""INH1x"": ""15/15"", ""MXF10x"": ""5/18"", ""MXF1x"": ""16/18""}",44,35
windels,windels_nut0.5_ab50_r3,nutrient_0.5,amikacin,50.0,ug/mL,65.51019823446194,57.41527148472215,69.08324718732145,3.6929223187848845,2.224536180702366,4.839571230622096,2.729591593102581,0.15387176328270352,17.739392432174785,0.0,log10 per day unless the column name says per hour,-0.02371326703960584,6.92445303860748,0.0491710682256323,0.2742777336329816,99,0.34136634165928464,0.0005444074900571664,0.2621115050966541,0.00877120692962598,64,46,0.71875,"{""INH10x"": ""10/13"", ""INH1x"": ""15/15"", ""MXF10x"": ""5/18"", ""MXF1x"": ""16/18""}",44,35
windels,windels_nut0.8_ab100_r1,nutrient_0.8,amikacin,100.0,ug/mL,86.54021980101297,70.75926817227804,95.85673730710728,4.200874573362862,3.2422652138392922,5.309383046111245,3.6058424917088736,0.1750364405567859,20.60052455499433,0.0,log10 per day unless the column name says per hour,-0.02371326703960584,6.92445303860748,0.0491710682256323,0.2742777336329816,99,0.34136634165928464,0.0005444074900571664,0.2621115050966541,0.00877120692962598,64,46,0.71875,"{""INH10x"": ""10/13"", ""INH1x"": ""15/15"", ""MXF10x"": ""5/18"", ""MXF1x"": ""16/18""}",44,35
windels,windels_nut0.8_ab100_r2,nutrient_0.8,amikacin,100.0,ug/mL,87.44720586779549,70.77007272335354,95.24475743651766,4.272905279672758,2.539521797245118,5.673947586584847,3.643633577824812,0.1780377199863649,20.465514712858948,0.0,log10 per day unless the column name says per hour,-0.02371326703960584,6.92445303860748,0.0491710682256323,0.2742777336329816,99,0.34136634165928464,0.0005444074900571664,0.2621115050966541,0.00877120692962598,64,46,0.71875,"{""INH10x"": ""10/13"", ""INH1x"": ""15/15"", ""MXF10x"": ""5/18"", ""MXF1x"": ""16/18""}",44,35
windels,windels_nut0.8_ab100_r3,nutrient_0.8,amikacin,100.0,ug/mL,86.77139908848334,70.82183676006032,95.38696538956012,4.32673693847729,3.354196601719258,5.079933171046999,3.615474962020139,0.18028070576988708,20.054697182265215,0.0,log10 per day unless the column name says per hour,-0.02371326703960584,6.92445303860748,0.0491710682256323,0.2742777336329816,99,0.34136634165928464,0.0005444074900571664,0.2621115050966541,0.00877120692962598,64,46,0.71875,"{""INH10x"": ""10/13"", ""INH1x"": ""15/15"", ""MXF10x"": ""5/18"", ""MXF1x"": ""16/18""}",44,35
windels,windels_nut0.8_ab12.5_r1,nutrient_0.8,amikacin,12.5,ug/mL,67.63888504471785,56.80174109587041,75.56801226435037,1.892587166578331,0.43009783335782314,3.1302728550764796,2.818286876863244,0.07885779860743046,35.73884798500688,0.0,log10 per day unless the column name says per hour,-0.02371326703960584,6.92445303860748,0.0491710682256323,0.2742777336329816,99,0.34136634165928464,0.0005444074900571664,0.2621115050966541,0.00877120692962598,64,46,0.71875,"{""INH10x"": ""10/13"", ""INH1x"": ""15/15"", ""MXF10x"": ""5/18"", ""MXF1x"": ""16/18""}",44,35
windels,windels_nut0.8_ab12.5_r2,nutrient_0.8,amikacin,12.5,ug/mL,66.90240283471965,56.72483455827542,75.63448944391763,1.7445557948979387,-0.1701698935608941,2.642223411029821,2.787600118113319,0.0726898247874141,38.349248003635005,0.06666666666666667,log10 per day unless the column name says per hour,-0.02371326703960584,6.92445303860748,0.0491710682256323,0.2742777336329816,99,0.34136634165928464,0.0005444074900571664,0.2621115050966541,0.00877120692962598,64,46,0.71875,"{""INH10x"": ""10/13"", ""INH1x"": ""15/15"", ""MXF10x"": ""5/18"", ""MXF1x"": ""16/18""}",44,35
windels,windels_nut0.8_ab12.5_r3,nutrient_0.8,amikacin,12.5,ug/mL,67.8830654968816,56.84020141584379,75.60822163111287,1.920097695413748,0.2844240769933013,3.0282769328368504,2.828461062370067,0.08000407064223951,35.353964362867465,0.06666666666666667,log10 per day unless the column name says per hour,-0.02371326703960584,6.92445303860748,0.0491710682256323,0.2742777336329816,99,0.34136634165928464,0.0005444074900571664,0.2621115050966541,0.00877120692962598,64,46,0.71875,"{""INH10x"": ""10/13"", ""INH1x"": ""15/15"", ""MXF10x"": ""5/18"", ""MXF1x"": ""16/18""}",44,35
windels,windels_nut0.8_ab200_r1,nutrient_0.8,amikacin,200.0,ug/mL,93.84830174007178,75.61833962595423,103.33542169830702,5.2434266387380575,4.0814255067730025,6.067533571232494,3.910345905836324,0.21847610994741906,17.898276872365734,0.0,log10 per day unless the column name says per hour,-0.02371326703960584,6.92445303860748,0.0491710682256323,0.2742777336329816,99,0.34136634165928464,0.0005444074900571664,0.2621115050966541,0.00877120692962598,64,46,0.71875,"{""INH10x"": ""10/13"", ""INH1x"": ""15/15"", ""MXF10x"": ""5/18"", ""MXF1x"": ""16/18""}",44,35
windels,windels_nut0.8_ab200_r2,nutrient_0.8,amikacin,200.0,ug/mL,93.83725921229414,75.54112125246961,102.82494404304256,5.225301199859703,4.112455388078378,6.206187706847079,3.909885800512256,0.21772088332748762,17.958248840241712,0.0,log10 per day unless the column name says per hour,-0.02371326703960584,6.92445303860748,0.0491710682256323,0.2742777336329816,99,0.34136634165928464,0.0005444074900571664,0.2621115050966541,0.00877120692962598,64,46,0.71875,"{""INH10x"": ""10/13"", ""INH1x"": ""15/15"", ""MXF10x"": ""5/18"", ""MXF1x"": ""16/18""}",44,35
windels,windels_nut0.8_ab200_r3,nutrient_0.8,amikacin,200.0,ug/mL,93.30651748021192,75.5166823668957,103.32611926871142,5.4628666666361365,4.027250481153415,6.838080889049316,3.8877715616754966,0.22761944444317236,17.080138171790157,0.0,log10 per day unless the column name says per hour,-0.02371326703960584,6.92445303860748,0.0491710682256323,0.2742777336329816,99,0.34136634165928464,0.0005444074900571664,0.2621115050966541,0.00877120692962598,64,46,0.71875,"{""INH10x"": ""10/13"", ""INH1x"": ""15/15"", ""MXF10x"": ""5/18"", ""MXF1x"": ""16/18""}",44,35
windels,windels_nut0.8_ab25_r1,nutrient_0.8,amikacin,25.0,ug/mL,73.85659397102823,61.51552753339225,82.06969256889737,2.6437280820065276,0.7489108508366575,3.3367607198769393,3.0773580821261763,0.11015533675027199,27.93653192766058,0.0,log10 per day unless the column name says per hour,-0.02371326703960584,6.92445303860748,0.0491710682256323,0.2742777336329816,99,0.34136634165928464,0.0005444074900571664,0.2621115050966541,0.00877120692962598,64,46,0.71875,"{""INH10x"": ""10/13"", ""INH1x"": ""15/15"", ""MXF10x"": ""5/18"", ""MXF1x"": ""16/18""}",44,35
windels,windels_nut0.8_ab25_r2,nutrient_0.8,amikacin,25.0,ug/mL,73.92766408857808,61.54927469933581,82.10092153048687,2.440252749116184,1.6587251825180336,3.4814381732283315,3.0803193370240867,0.10167719787984099,30.295084849449864,0.0,log10 per day unless the column name says per hour,-0.02371326703960584,6.92445303860748,0.0491710682256323,0.2742777336329816,99,0.34136634165928464,0.0005444074900571664,0.2621115050966541,0.00877120692962598,64,46,0.71875,"{""INH10x"": ""10/13"", ""INH1x"": ""15/15"", ""MXF10x"": ""5/18"", ""MXF1x"": ""16/18""}",44,35
windels,windels_nut0.8_ab25_r3,nutrient_0.8,amikacin,25.0,ug/mL,74.02733706470603,61.54562733796321,82.29594930119296,3.010799305093986,1.4941450605514721,3.9146780759735873,3.0844723776960845,0.12544997104558275,24.587270542894977,0.0,log10 per day unless the column name says per hour,-0.02371326703960584,6.92445303860748,0.0491710682256323,0.2742777336329816,99,0.34136634165928464,0.0005444074900571664,0.2621115050966541,0.00877120692962598,64,46,0.71875,"{""INH10x"": ""10/13"", ""INH1x"": ""15/15"", ""MXF10x"": ""5/18"", ""MXF1x"": ""16/18""}",44,35
windels,windels_nut0.8_ab400_r1,nutrient_0.8,amikacin,400.0,ug/mL,99.3393429241408,80.12170285227005,110.07929719501615,5.884927053859324,4.032113942667417,6.61769066081894,4.139139288505866,0.24520529391080517,16.880301491416827,0.0,log10 per day unless the column name says per hour,-0.02371326703960584,6.92445303860748,0.0491710682256323,0.2742777336329816,99,0.34136634165928464,0.0005444074900571664,0.2621115050966541,0.00877120692962598,64,46,0.71875,"{""INH10x"": ""10/13"", ""INH1x"": ""15/15"", ""MXF10x"": ""5/18"", ""MXF1x"": ""16/18""}",44,35
windels,windels_nut0.8_ab400_r2,nutrient_0.8,amikacin,400.0,ug/mL,100.25289664483265,80.01505483211099,110.47998861979487,5.941341354432296,4.370381988189296,7.291660502309018,4.177204026868027,0.24755588976801235,16.873781636876164,0.0,log10 per day unless the column name says per hour,-0.02371326703960584,6.92445303860748,0.0491710682256323,0.2742777336329816,99,0.34136634165928464,0.0005444074900571664,0.2621115050966541,0.00877120692962598,64,46,0.71875,"{""INH10x"": ""10/13"", ""INH1x"": ""15/15"", ""MXF10x"": ""5/18"", ""MXF1x"": ""16/18""}",44,35
windels,windels_nut0.8_ab400_r3,nutrient_0.8,amikacin,400.0,ug/mL,100.63826189026906,80.22541547857584,110.53963884551821,5.919313514637568,4.392618989358937,6.890371600625371,4.193260912094544,0.24663806310989866,17.001677921165324,0.0,log10 per day unless the column name says per hour,-0.02371326703960584,6.92445303860748,0.0491710682256323,0.2742777336329816,99,0.34136634165928464,0.0005444074900571664,0.2621115050966541,0.00877120692962598,64,46,0.71875,"{""INH10x"": ""10/13"", ""INH1x"": ""15/15"", ""MXF10x"": ""5/18"", ""MXF1x"": ""16/18""}",44,35
windels,windels_nut0.8_ab50_r1,nutrient_0.8,amikacin,50.0,ug/mL,80.64041307443296,66.19631953814826,88.64293273971587,3.2537489302566462,2.5532175797255663,4.811987851515815,3.3600172114347067,0.13557287209402694,24.78384620416065,0.0,log10 per day unless the column name says per hour,-0.02371326703960584,6.92445303860748,0.0491710682256323,0.2742777336329816,99,0.34136634165928464,0.0005444074900571664,0.2621115050966541,0.00877120692962598,64,46,0.71875,"{""INH10x"": ""10/13"", ""INH1x"": ""15/15"", ""MXF10x"": ""5/18"", ""MXF1x"": ""16/18""}",44,35
windels,windels_nut0.8_ab50_r2,nutrient_0.8,amikacin,50.0,ug/mL,80.10443956670895,66.24943786769335,88.75025706467436,3.5908528828167823,3.0172208650074452,5.063894606955088,3.337684981946206,0.14961887011736594,22.307914632211947,0.0,log10 per day unless the column name says per hour,-0.02371326703960584,6.92445303860748,0.0491710682256323,0.2742777336329816,99,0.34136634165928464,0.0005444074900571664,0.2621115050966541,0.00877120692962598,64,46,0.71875,"{""INH10x"": ""10/13"", ""INH1x"": ""15/15"", ""MXF10x"": ""5/18"", ""MXF1x"": ""16/18""}",44,35
windels,windels_nut0.8_ab50_r3,nutrient_0.8,amikacin,50.0,ug/mL,79.86944602740407,66.25461276628945,88.54248146348057,3.4112730205324877,2.390174144905494,3.9940148590497286,3.3278935844751696,0.14213637585552033,23.41338425469584,0.0,log10 per day unless the column name says per hour,-0.02371326703960584,6.92445303860748,0.0491710682256323,0.2742777336329816,99,0.34136634165928464,0.0005444074900571664,0.2621115050966541,0.00877120692962598,64,46,0.71875,"{""INH10x"": ""10/13"", ""INH1x"": ""15/15"", ""MXF10x"": ""5/18"", ""MXF1x"": ""16/18""}",44,35
windels,windels_nut0.95_ab100_r1,nutrient_0.95,amikacin,100.0,ug/mL,94.20097751670781,75.15282100732912,106.70065429082725,4.502196231442096,3.287544479996187,5.532599462774697,3.9250407298628254,0.18759150964342067,20.92333889376793,0.0,log10 per day unless the column name says per hour,-0.02371326703960584,6.92445303860748,0.0491710682256323,0.2742777336329816,99,0.34136634165928464,0.0005444074900571664,0.2621115050966541,0.00877120692962598,64,46,0.71875,"{""INH10x"": ""10/13"", ""INH1x"": ""15/15"", ""MXF10x"": ""5/18"", ""MXF1x"": ""16/18""}",44,35
windels,windels_nut0.95_ab100_r2,nutrient_0.95,amikacin,100.0,ug/mL,94.4468252889924,75.10022232156017,106.54160018323118,4.5268137661978995,2.6534813963446395,6.434850655781484,3.93528438704135,0.1886172402582458,20.86386367255371,0.0,log10 per day unless the column name says per hour,-0.02371326703960584,6.92445303860748,0.0491710682256323,0.2742777336329816,99,0.34136634165928464,0.0005444074900571664,0.2621115050966541,0.00877120692962598,64,46,0.71875,"{""INH10x"": ""10/13"", ""INH1x"": ""15/15"", ""MXF10x"": ""5/18"", ""MXF1x"": ""16/18""}",44,35
windels,windels_nut0.95_ab100_r3,nutrient_0.95,amikacin,100.0,ug/mL,93.23161606961297,75.14357372551977,106.93731941344066,5.006937457399702,3.0027325307496686,5.6239670171297265,3.884650669567207,0.20862239405832092,18.620487446238602,0.0,log10 per day unless the column name says per hour,-0.02371326703960584,6.92445303860748,0.0491710682256323,0.2742777336329816,99,0.34136634165928464,0.0005444074900571664,0.2621115050966541,0.00877120692962598,64,46,0.71875,"{""INH10x"": ""10/13"", ""INH1x"": ""15/15"", ""MXF10x"": ""5/18"", ""MXF1x"": ""16/18""}",44,35
windels,windels_nut0.95_ab12.5_r1,nutrient_0.95,amikacin,12.5,ug/mL,74.85120999114146,61.41696481200158,86.2322141373558,2.074306581929403,0.6037274733140825,3.1832576181216274,3.1188004162975607,0.08642944091372512,36.084931052727555,0.0,log10 per day unless the column name says per hour,-0.02371326703960584,6.92445303860748,0.0491710682256323,0.2742777336329816,99,0.34136634165928464,0.0005444074900571664,0.2621115050966541,0.00877120692962598,64,46,0.71875,"{""INH10x"": ""10/13"", ""INH1x"": ""15/15"", ""MXF10x"": ""5/18"", ""MXF1x"": ""16/18""}",44,35
windels,windels_nut0.95_ab12.5_r2,nutrient_0.95,amikacin,12.5,ug/mL,76.03616386261325,61.435641055425464,86.34132861352705,1.9749728208371604,1.141997440737559,3.140968789649019,3.168173494275552,0.08229053420154835,38.49985329437734,0.0,log10 per day unless the column name says per hour,-0.02371326703960584,6.92445303860748,0.0491710682256323,0.2742777336329816,99,0.34136634165928464,0.0005444074900571664,0.2621115050966541,0.00877120692962598,64,46,0.71875,"{""INH10x"": ""10/13"", ""INH1x"": ""15/15"", ""MXF10x"": ""5/18"", ""MXF1x"": ""16/18""}",44,35
windels,windels_nut0.95_ab12.5_r3,nutrient_0.95,amikacin,12.5,ug/mL,74.50357438145113,61.50219208612883,86.14080952806313,1.5455953988406117,0.36973386497632116,2.9970446230622403,3.1043155992271303,0.06439980828502549,48.20380187294686,0.0,log10 per day unless the column name says per hour,-0.02371326703960584,6.92445303860748,0.0491710682256323,0.2742777336329816,99,0.34136634165928464,0.0005444074900571664,0.2621115050966541,0.00877120692962598,64,46,0.71875,"{""INH10x"": ""10/13"", ""INH1x"": ""15/15"", ""MXF10x"": ""5/18"", ""MXF1x"": ""16/18""}",44,35
windels,windels_nut0.95_ab25_r1,nutrient_0.95,amikacin,25.0,ug/mL,82.2296009331274,65.91990304408196,93.0929462931311,2.9412762936207195,2.217479912084981,4.662776436843178,3.4262333722136415,0.12255317890086331,27.957115457488193,0.0,log10 per day unless the column name says per hour,-0.02371326703960584,6.92445303860748,0.0491710682256323,0.2742777336329816,99,0.34136634165928464,0.0005444074900571664,0.2621115050966541,0.00877120692962598,64,46,0.71875,"{""INH10x"": ""10/13"", ""INH1x"": ""15/15"", ""MXF10x"": ""5/18"", ""MXF1x"": ""16/18""}",44,35
windels,windels_nut0.95_ab25_r2,nutrient_0.95,amikacin,25.0,ug/mL,81.14503097232303,66.0104566900324,93.03189420964901,2.98134259610983,1.6410833934026858,5.528006155239563,3.381042957180126,0.12422260817124292,27.21761366110831,0.0,log10 per day unless the column name says per hour,-0.02371326703960584,6.92445303860748,0.0491710682256323,0.2742777336329816,99,0.34136634165928464,0.0005444074900571664,0.2621115050966541,0.00877120692962598,64,46,0.71875,"{""INH10x"": ""10/13"", ""INH1x"": ""15/15"", ""MXF10x"": ""5/18"", ""MXF1x"": ""16/18""}",44,35
windels,windels_nut0.95_ab25_r3,nutrient_0.95,amikacin,25.0,ug/mL,81.61195547485131,66.05112062288207,92.4204167362507,2.85698014852399,1.1621756645635433,4.067181286720887,3.4004981447854714,0.11904083952183292,28.565811182487472,0.0,log10 per day unless the column name says per hour,-0.02371326703960584,6.92445303860748,0.0491710682256323,0.2742777336329816,99,0.34136634165928464,0.0005444074900571664,0.2621115050966541,0.00877120692962598,64,46,0.71875,"{""INH10x"": ""10/13"", ""INH1x"": ""15/15"", ""MXF10x"": ""5/18"", ""MXF1x"": ""16/18""}",44,35
windels,windels_nut0.95_ab50_r1,nutrient_0.95,amikacin,50.0,ug/mL,87.87356864260805,70.53517416815617,99.4860271960101,3.91876096009349,2.3801135127187805,4.60697579535141,3.661398693442002,0.16328170667056208,22.423814449889704,0.0,log10 per day unless the column name says per hour,-0.02371326703960584,6.92445303860748,0.0491710682256323,0.2742777336329816,99,0.34136634165928464,0.0005444074900571664,0.2621115050966541,0.00877120692962598,64,46,0.71875,"{""INH10x"": ""10/13"", ""INH1x"": ""15/15"", ""MXF10x"": ""5/18"", ""MXF1x"": ""16/18""}",44,35
windels,windels_nut0.95_ab50_r2,nutrient_0.95,amikacin,50.0,ug/mL,87.38400322786464,70.60833269477868,98.73294530631892,3.9849191431249804,1.9518384736271202,4.833175162406665,3.64100013449436,0.16603829763020753,21.928676615339793,0.0,log10 per day unless the column name says per hour,-0.02371326703960584,6.92445303860748,0.0491710682256323,0.2742777336329816,99,0.34136634165928464,0.0005444074900571664,0.2621115050966541,0.00877120692962598,64,46,0.71875,"{""INH10x"": ""10/13"", ""INH1x"": ""15/15"", ""MXF10x"": ""5/18"", ""MXF1x"": ""16/18""}",44,35
windels,windels_nut0.95_ab50_r3,nutrient_0.95,amikacin,50.0,ug/mL,86.63126830571274,70.52684671123451,98.30598837798847,3.251245651966196,1.8457490182457943,4.792109726306493,3.6096361794046974,0.13546856883192485,26.645562218075504,0.0,log10 per day unless the column name says per hour,-0.02371326703960584,6.92445303860748,0.0491710682256323,0.2742777336329816,99,0.34136634165928464,0.0005444074900571664,0.2621115050966541,0.00877120692962598,64,46,0.71875,"{""INH10x"": ""10/13"", ""INH1x"": ""15/15"", ""MXF10x"": ""5/18"", ""MXF1x"": ""16/18""}",44,35
windels,windels_nut0.9_ab100_r1,nutrient_0.9,amikacin,100.0,ug/mL,92.21857801295681,73.75654612746713,103.43275950062933,5.006417146456914,4.172775076388117,5.633110104985172,3.842440750539867,0.20860071443570474,18.420074739121713,0.0,log10 per day unless the column name says per hour,-0.02371326703960584,6.92445303860748,0.0491710682256323,0.2742777336329816,99,0.34136634165928464,0.0005444074900571664,0.2621115050966541,0.00877120692962598,64,46,0.71875,"{""INH10x"": ""10/13"", ""INH1x"": ""15/15"", ""MXF10x"": ""5/18"", ""MXF1x"": ""16/18""}",44,35
windels,windels_nut0.9_ab100_r2,nutrient_0.9,amikacin,100.0,ug/mL,92.19964901780799,73.81674538501389,103.77101324253493,4.512861540519967,3.290371382979604,6.28293203776524,3.841652042408666,0.18803589752166527,20.430418303324426,0.0,log10 per day unless the column name says per hour,-0.02371326703960584,6.92445303860748,0.0491710682256323,0.2742777336329816,99,0.34136634165928464,0.0005444074900571664,0.2621115050966541,0.00877120692962598,64,46,0.71875,"{""INH10x"": ""10/13"", ""INH1x"": ""15/15"", ""MXF10x"": ""5/18"", ""MXF1x"": ""16/18""}",44,35
windels,windels_nut0.9_ab100_r3,nutrient_0.9,amikacin,100.0,ug/mL,91.76703244085562,73.7767710992707,102.92864068983903,4.958422345076713,3.6182429865775414,5.65432270431176,3.8236263517023175,0.20660093104486302,18.507304552620933,0.0,log10 per day unless the column name says per hour,-0.02371326703960584,6.92445303860748,0.0491710682256323,0.2742777336329816,99,0.34136634165928464,0.0005444074900571664,0.2621115050966541,0.00877120692962598,64,46,0.71875,"{""INH10x"": ""10/13"", ""INH1x"": ""15/15"", ""MXF10x"": ""5/18"", ""MXF1x"": ""16/18""}",44,35
windels,windels_nut0.9_ab12.5_r1,nutrient_0.9,amikacin,12.5,ug/mL,73.11018595527763,59.87886074416633,82.43020343006506,2.301749691540713,0.5594057981344609,3.792227221402017,3.046257748136568,0.09590623714752972,31.762874227362293,0.0,log10 per day unless the column name says per hour,-0.02371326703960584,6.92445303860748,0.0491710682256323,0.2742777336329816,99,0.34136634165928464,0.0005444074900571664,0.2621115050966541,0.00877120692962598,64,46,0.71875,"{""INH10x"": ""10/13"", ""INH1x"": ""15/15"", ""MXF10x"": ""5/18"", ""MXF1x"": ""16/18""}",44,35
windels,windels_nut0.9_ab12.5_r2,nutrient_0.9,amikacin,12.5,ug/mL,72.46727228049475,59.83664033297076,82.52931683481683,1.9722898209497228,-0.9747087173257823,3.134914621602384,3.019469678353948,0.08217874253957179,36.74270967215121,0.06666666666666667,log10 per day unless the column name says per hour,-0.02371326703960584,6.92445303860748,0.0491710682256323,0.2742777336329816,99,0.34136634165928464,0.0005444074900571664,0.2621115050966541,0.00877120692962598,64,46,0.71875,"{""INH10x"": ""10/13"", ""INH1x"": ""15/15"", ""MXF10x"": ""5/18"", ""MXF1x"": ""16/18""}",44,35
windels,windels_nut0.9_ab12.5_r3,nutrient_0.9,amikacin,12.5,ug/mL,72.25341244336302,59.93671055537844,82.54347282970295,2.167951859834296,0.08184904308952334,3.227115496728118,3.0105588518067923,0.09033132749309568,33.32795980482961,0.06666666666666667,log10 per day unless the column name says per hour,-0.02371326703960584,6.92445303860748,0.0491710682256323,0.2742777336329816,99,0.34136634165928464,0.0005444074900571664,0.2621115050966541,0.00877120692962598,64,46,0.71875,"{""INH10x"": ""10/13"", ""INH1x"": ""15/15"", ""MXF10x"": ""5/18"", ""MXF1x"": ""16/18""}",44,35
windels,windels_nut0.9_ab200_r1,nutrient_0.9,amikacin,200.0,ug/mL,98.32441950389368,78.32002457050382,109.79636427734806,5.640496699722698,4.180062600123696,6.252730335694527,4.096850812662237,0.2350206958217791,17.431872535042448,0.0,log10 per day unless the column name says per hour,-0.02371326703960584,6.92445303860748,0.0491710682256323,0.2742777336329816,99,0.34136634165928464,0.0005444074900571664,0.2621115050966541,0.00877120692962598,64,46,0.71875,"{""INH10x"": ""10/13"", ""INH1x"": ""15/15"", ""MXF10x"": ""5/18"", ""MXF1x"": ""16/18""}",44,35
windels,windels_nut0.9_ab200_r2,nutrient_0.9,amikacin,200.0,ug/mL,97.88361099191444,78.2760878505352,110.2507203115189,5.676060283431998,4.505293651816198,6.193092793427928,4.078483791329768,0.2365025118096666,17.244991438450626,0.0,log10 per day unless the column name says per hour,-0.02371326703960584,6.92445303860748,0.0491710682256323,0.2742777336329816,99,0.34136634165928464,0.0005444074900571664,0.2621115050966541,0.00877120692962598,64,46,0.71875,"{""INH10x"": ""10/13"", ""INH1x"": ""15/15"", ""MXF10x"": ""5/18"", ""MXF1x"": ""16/18""}",44,35
windels,windels_nut0.9_ab200_r3,nutrient_0.9,amikacin,200.0,ug/mL,98.41056171756938,78.33478045120904,110.24951756638941,5.445756635684963,3.6883361460308373,6.57618480237705,4.100440071565391,0.22690652648687346,18.071053905109252,0.0,log10 per day unless the column name says per hour,-0.02371326703960584,6.92445303860748,0.0491710682256323,0.2742777336329816,99,0.34136634165928464,0.0005444074900571664,0.2621115050966541,0.00877120692962598,64,46,0.71875,"{""INH10x"": ""10/13"", ""INH1x"": ""15/15"", ""MXF10x"": ""5/18"", ""MXF1x"": ""16/18""}",44,35
windels,windels_nut0.9_ab25_r1,nutrient_0.9,amikacin,25.0,ug/mL,79.03093251321215,64.60749608380831,88.65953413846694,2.67358447680463,1.0086981165319178,3.9566639778313606,3.2929555213838397,0.11139935320019291,29.5599159850251,0.0,log10 per day unless the column name says per hour,-0.02371326703960584,6.92445303860748,0.0491710682256323,0.2742777336329816,99,0.34136634165928464,0.0005444074900571664,0.2621115050966541,0.00877120692962598,64,46,0.71875,"{""INH10x"": ""10/13"", ""INH1x"": ""15/15"", ""MXF10x"": ""5/18"", ""MXF1x"": ""16/18""}",44,35
windels,windels_nut0.9_ab25_r2,nutrient_0.9,amikacin,25.0,ug/mL,79.10524352114923,64.47819099479615,88.65782846940198,2.7984908618463833,1.0159940454930871,4.11361615415481,3.296051813381218,0.11660378591026598,28.267108032990794,0.0,log10 per day unless the column name says per hour,-0.02371326703960584,6.92445303860748,0.0491710682256323,0.2742777336329816,99,0.34136634165928464,0.0005444074900571664,0.2621115050966541,0.00877120692962598,64,46,0.71875,"{""INH10x"": ""10/13"", ""INH1x"": ""15/15"", ""MXF10x"": ""5/18"", ""MXF1x"": ""16/18""}",44,35
windels,windels_nut0.9_ab25_r3,nutrient_0.9,amikacin,25.0,ug/mL,79.29515766951023,64.50683918861256,89.0151865039843,2.7847518737789514,1.2828703715592678,3.808521345907367,3.3039649028962597,0.11603132807412297,28.474765890687948,0.0,log10 per day unless the column name says per hour,-0.02371326703960584,6.92445303860748,0.0491710682256323,0.2742777336329816,99,0.34136634165928464,0.0005444074900571664,0.2621115050966541,0.00877120692962598,64,46,0.71875,"{""INH10x"": ""10/13"", ""INH1x"": ""15/15"", ""MXF10x"": ""5/18"", ""MXF1x"": ""16/18""}",44,35
windels,windels_nut0.9_ab400_r2,nutrient_0.9,amikacin,400.0,ug/mL,104.74807107319484,82.93453264204406,119.24475048447168,26.059569586406845,22.24591842928905,31.00107812668891,4.364502961383118,1.0858153994336186,4.019562592002033,0.0,log10 per day unless the column name says per hour,-0.02371326703960584,6.92445303860748,0.0491710682256323,0.2742777336329816,99,0.34136634165928464,0.0005444074900571664,0.2621115050966541,0.00877120692962598,64,46,0.71875,"{""INH10x"": ""10/13"", ""INH1x"": ""15/15"", ""MXF10x"": ""5/18"", ""MXF1x"": ""16/18""}",44,35
windels,windels_nut0.9_ab400_r3,nutrient_0.9,amikacin,400.0,ug/mL,104.5734249809854,82.823949691223,118.34723636081355,25.43473999701699,23.232919287427197,30.91789969545247,4.357226040874392,1.0597808332090413,4.111440690695083,0.0,log10 per day unless the column name says per hour,-0.02371326703960584,6.92445303860748,0.0491710682256323,0.2742777336329816,99,0.34136634165928464,0.0005444074900571664,0.2621115050966541,0.00877120692962598,64,46,0.71875,"{""INH10x"": ""10/13"", ""INH1x"": ""15/15"", ""MXF10x"": ""5/18"", ""MXF1x"": ""16/18""}",44,35
windels,windels_nut0.9_ab50_r1,nutrient_0.9,amikacin,50.0,ug/mL,85.30302299457371,69.05417450861987,96.37659907266743,3.995336235378061,3.1082822464205586,4.8665101247537965,3.5542926247739044,0.16647234314075254,21.350649349416233,0.0,log10 per day unless the column name says per hour,-0.02371326703960584,6.92445303860748,0.0491710682256323,0.2742777336329816,99,0.34136634165928464,0.0005444074900571664,0.2621115050966541,0.00877120692962598,64,46,0.71875,"{""INH10x"": ""10/13"", ""INH1x"": ""15/15"", ""MXF10x"": ""5/18"", ""MXF1x"": ""16/18""}",44,35
windels,windels_nut0.9_ab50_r2,nutrient_0.9,amikacin,50.0,ug/mL,84.87112089610888,69.085291787121,95.08580943591846,3.874304773366157,2.5949823488522816,4.86877506473824,3.5362967040045366,0.1614293655569232,21.906155003487072,0.0,log10 per day unless the column name says per hour,-0.02371326703960584,6.92445303860748,0.0491710682256323,0.2742777336329816,99,0.34136634165928464,0.0005444074900571664,0.2621115050966541,0.00877120692962598,64,46,0.71875,"{""INH10x"": ""10/13"", ""INH1x"": ""15/15"", ""MXF10x"": ""5/18"", ""MXF1x"": ""16/18""}",44,35
windels,windels_nut0.9_ab50_r3,nutrient_0.9,amikacin,50.0,ug/mL,85.41645675879559,69.21354941491055,95.70158388263506,3.993092993199528,2.905087249700054,4.714556191798218,3.559019031616483,0.166378874716647,21.391051223766848,0.0,log10 per day unless the column name says per hour,-0.02371326703960584,6.92445303860748,0.0491710682256323,0.2742777336329816,99,0.34136634165928464,0.0005444074900571664,0.2621115050966541,0.00877120692962598,64,46,0.71875,"{""INH10x"": ""10/13"", ""INH1x"": ""15/15"", ""MXF10x"": ""5/18"", ""MXF1x"": ""16/18""}",44,35
windels,windels_nut0_ab100_r1,nutrient_0.0,amikacin,100.0,ug/mL,47.025721625553196,35.55254192198616,50.37112184087368,2.910580006876254,1.8021087404877048,4.173555919314671,1.9594050677313832,0.12127416695317726,16.156821497589753,0.0,log10 per day unless the column name says per hour,-0.02371326703960584,6.92445303860748,0.0491710682256323,0.2742777336329816,99,0.34136634165928464,0.0005444074900571664,0.2621115050966541,0.00877120692962598,64,46,0.71875,"{""INH10x"": ""10/13"", ""INH1x"": ""15/15"", ""MXF10x"": ""5/18"", ""MXF1x"": ""16/18""}",44,35
windels,windels_nut0_ab100_r2,nutrient_0.0,amikacin,100.0,ug/mL,47.48569978771733,34.00726563374453,50.25461930435159,2.988481241279802,1.7355978314405933,4.0415023810072475,1.978570824488222,0.12452005171999175,15.889575993249942,0.0,log10 per day unless the column name says per hour,-0.02371326703960584,6.92445303860748,0.0491710682256323,0.2742777336329816,99,0.34136634165928464,0.0005444074900571664,0.2621115050966541,0.00877120692962598,64,46,0.71875,"{""INH10x"": ""10/13"", ""INH1x"": ""15/15"", ""MXF10x"": ""5/18"", ""MXF1x"": ""16/18""}",44,35
windels,windels_nut0_ab100_r3,nutrient_0.0,amikacin,100.0,ug/mL,47.45126283048474,34.92604140395328,50.47790643319344,3.0246535412841276,1.7026600476076328,3.9008827858432347,1.9771359512701974,0.12602723088683865,15.688164671692988,0.0,log10 per day unless the column name says per hour,-0.02371326703960584,6.92445303860748,0.0491710682256323,0.2742777336329816,99,0.34136634165928464,0.0005444074900571664,0.2621115050966541,0.00877120692962598,64,46,0.71875,"{""INH10x"": ""10/13"", ""INH1x"": ""15/15"", ""MXF10x"": ""5/18"", ""MXF1x"": ""16/18""}",44,35
windels,windels_nut0_ab12.5_r1,nutrient_0.0,amikacin,12.5,ug/mL,30.640445381818008,6.513793103420259,34.05555403651588,3.9091407304003813,2.2817757778244503,5.107386404009067,1.276685224242417,0.16288086376668257,7.83815357260872,0.0,log10 per day unless the column name says per hour,-0.02371326703960584,6.92445303860748,0.0491710682256323,0.2742777336329816,99,0.34136634165928464,0.0005444074900571664,0.2621115050966541,0.00877120692962598,64,46,0.71875,"{""INH10x"": ""10/13"", ""INH1x"": ""15/15"", ""MXF10x"": ""5/18"", ""MXF1x"": ""16/18""}",44,35
windels,windels_nut0_ab12.5_r2,nutrient_0.0,amikacin,12.5,ug/mL,29.636838602979722,6.320186998541265,33.99755696877233,3.6494958485905595,1.790950731486185,5.99404281126837,1.234868275124155,0.15206232702460665,8.12080348424715,0.0,log10 per day unless the column name says per hour,-0.02371326703960584,6.92445303860748,0.0491710682256323,0.2742777336329816,99,0.34136634165928464,0.0005444074900571664,0.2621115050966541,0.00877120692962598,64,46,0.71875,"{""INH10x"": ""10/13"", ""INH1x"": ""15/15"", ""MXF10x"": ""5/18"", ""MXF1x"": ""16/18""}",44,35
windels,windels_nut0_ab12.5_r3,nutrient_0.0,amikacin,12.5,ug/mL,30.469742059664394,4.905096965477441,33.845195006601365,3.8401372144908494,2.4181256892561276,5.73410634565638,1.2695725858193498,0.16000571727045207,7.934545136743056,0.0,log10 per day unless the column name says per hour,-0.02371326703960584,6.92445303860748,0.0491710682256323,0.2742777336329816,99,0.34136634165928464,0.0005444074900571664,0.2621115050966541,0.00877120692962598,64,46,0.71875,"{""INH10x"": ""10/13"", ""INH1x"": ""15/15"", ""MXF10x"": ""5/18"", ""MXF1x"": ""16/18""}",44,35
windels,windels_nut0_ab200_r1,nutrient_0.0,amikacin,200.0,ug/mL,53.79529334933227,43.626780986858115,56.797074057279154,2.4800563932760324,1.3003286259486388,3.5440206832487573,2.2414705562221777,0.10333568305316802,21.691157303996356,0.0,log10 per day unless the column name says per hour,-0.02371326703960584,6.92445303860748,0.0491710682256323,0.2742777336329816,99,0.34136634165928464,0.0005444074900571664,0.2621115050966541,0.00877120692962598,64,46,0.71875,"{""INH10x"": ""10/13"", ""INH1x"": ""15/15"", ""MXF10x"": ""5/18"", ""MXF1x"": ""16/18""}",44,35
windels,windels_nut0_ab200_r2,nutrient_0.0,amikacin,200.0,ug/mL,53.738370815278294,44.67060506282253,57.630119137288645,2.3762587487517686,1.3497974893178257,4.01624549772176,2.239098783969929,0.09901078119799035,22.61469667118813,0.0,log10 per day unless the column name says per hour,-0.02371326703960584,6.92445303860748,0.0491710682256323,0.2742777336329816,99,0.34136634165928464,0.0005444074900571664,0.2621115050966541,0.00877120692962598,64,46,0.71875,"{""INH10x"": ""10/13"", ""INH1x"": ""15/15"", ""MXF10x"": ""5/18"", ""MXF1x"": ""16/18""}",44,35
windels,windels_nut0_ab200_r3,nutrient_0.0,amikacin,200.0,ug/mL,54.014369700064975,43.74570493268373,56.59569893246118,2.288080265323561,1.492178981648516,3.5403197847979575,2.2505987375027074,0.09533667772181503,23.606850912822644,0.0,log10 per day unless the column name says per hour,-0.02371326703960584,6.92445303860748,0.0491710682256323,0.2742777336329816,99,0.34136634165928464,0.0005444074900571664,0.2621115050966541,0.00877120692962598,64,46,0.71875,"{""INH10x"": ""10/13"", ""INH1x"": ""15/15"", ""MXF10x"": ""5/18"", ""MXF1x"": ""16/18""}",44,35
windels,windels_nut0_ab25_r1,nutrient_0.0,amikacin,25.0,ug/mL,36.432918071389885,15.746417029112035,39.30603926865963,3.6634445755382212,2.1008768406164746,5.669933507374649,1.5180382529745786,0.15264352398075923,9.944989563827994,0.0,log10 per day unless the column name says per hour,-0.02371326703960584,6.92445303860748,0.0491710682256323,0.2742777336329816,99,0.34136634165928464,0.0005444074900571664,0.2621115050966541,0.00877120692962598,64,46,0.71875,"{""INH10x"": ""10/13"", ""INH1x"": ""15/15"", ""MXF10x"": ""5/18"", ""MXF1x"": ""16/18""}",44,35
windels,windels_nut0_ab25_r2,nutrient_0.0,amikacin,25.0,ug/mL,36.217284221131806,16.446605242297522,38.88969036759665,3.7802660319834707,2.0065001506728786,5.728658898210487,1.5090535092138253,0.15751108466597794,9.580617849302243,0.0,log10 per day unless the column name says per hour,-0.02371326703960584,6.92445303860748,0.0491710682256323,0.2742777336329816,99,0.34136634165928464,0.0005444074900571664,0.2621115050966541,0.00877120692962598,64,46,0.71875,"{""INH10x"": ""10/13"", ""INH1x"": ""15/15"", ""MXF10x"": ""5/18"", ""MXF1x"": ""16/18""}",44,35
windels,windels_nut0_ab25_r3,nutrient_0.0,amikacin,25.0,ug/mL,36.200801814767715,15.833720502722144,38.87604333325814,3.997405756035477,2.0893836240563646,5.182724613267731,1.5083667422819882,0.16655857316814487,9.056073869936768,0.0,log10 per day unless the column name says per hour,-0.02371326703960584,6.92445303860748,0.0491710682256323,0.2742777336329816,99,0.34136634165928464,0.0005444074900571664,0.2621115050966541,0.00877120692962598,64,46,0.71875,"{""INH10x"": ""10/13"", ""INH1x"": ""15/15"", ""MXF10x"": ""5/18"", ""MXF1x"": ""16/18""}",44,35
windels,windels_nut0_ab400_r1,nutrient_0.0,amikacin,400.0,ug/mL,61.39744868392469,54.220899520420225,63.77242510125058,2.413725837100371,0.9336860842979091,3.906755994290443,2.558227028496862,0.10057190987918213,25.436794742886768,0.0,log10 per day unless the column name says per hour,-0.02371326703960584,6.92445303860748,0.0491710682256323,0.2742777336329816,99,0.34136634165928464,0.0005444074900571664,0.2621115050966541,0.00877120692962598,64,46,0.71875,"{""INH10x"": ""10/13"", ""INH1x"": ""15/15"", ""MXF10x"": ""5/18"", ""MXF1x"": ""16/18""}",44,35
windels,windels_nut0_ab400_r2,nutrient_0.0,amikacin,400.0,ug/mL,61.6135134614618,54.9073753336754,63.91995437718654,2.4916979808597306,1.2171245338425576,4.490064752700783,2.567229727560908,0.10382074920248878,24.727520724723945,0.0,log10 per day unless the column name says per hour,-0.02371326703960584,6.92445303860748,0.0491710682256323,0.2742777336329816,99,0.34136634165928464,0.0005444074900571664,0.2621115050966541,0.00877120692962598,64,46,0.71875,"{""INH10x"": ""10/13"", ""INH1x"": ""15/15"", ""MXF10x"": ""5/18"", ""MXF1x"": ""16/18""}",44,35
windels,windels_nut0_ab400_r3,nutrient_0.0,amikacin,400.0,ug/mL,61.79984792427946,54.2371502992815,63.973806745869716,2.2249776928909633,1.129406338345659,4.358156765512619,2.5749936635116444,0.0927074038704568,27.775491018061192,0.0,log10 per day unless the column name says per hour,-0.02371326703960584,6.92445303860748,0.0491710682256323,0.2742777336329816,99,0.34136634165928464,0.0005444074900571664,0.2621115050966541,0.00877120692962598,64,46,0.71875,"{""INH10x"": ""10/13"", ""INH1x"": ""15/15"", ""MXF10x"": ""5/18"", ""MXF1x"": ""16/18""}",44,35
windels,windels_nut0_ab50_r1,nutrient_0.0,amikacin,50.0,ug/mL,41.424327843591115,25.97177804565278,43.90019707416291,3.3931563186442064,1.6646695498164226,4.797935196009446,1.7260136601496299,0.14138151327684192,12.208199078827855,0.0,log10 per day unless the column name says per hour,-0.02371326703960584,6.92445303860748,0.0491710682256323,0.2742777336329816,99,0.34136634165928464,0.0005444074900571664,0.2621115050966541,0.00877120692962598,64,46,0.71875,"{""INH10x"": ""10/13"", ""INH1x"": ""15/15"", ""MXF10x"": ""5/18"", ""MXF1x"": ""16/18""}",44,35
windels,windels_nut0_ab50_r2,nutrient_0.0,amikacin,50.0,ug/mL,41.184690883895136,23.981240242823148,44.51623003385429,2.951422489045343,1.9057686019004558,4.082627619380729,1.716028786828964,0.12297593704355596,13.954183461282968,0.0,log10 per day unless the column name says per hour,-0.02371326703960584,6.92445303860748,0.0491710682256323,0.2742777336329816,99,0.34136634165928464,0.0005444074900571664,0.2621115050966541,0.00877120692962598,64,46,0.71875,"{""INH10x"": ""10/13"", ""INH1x"": ""15/15"", ""MXF10x"": ""5/18"", ""MXF1x"": ""16/18""}",44,35
windels,windels_nut0_ab50_r3,nutrient_0.0,amikacin,50.0,ug/mL,41.0202730678916,25.142587220250864,44.633737257989594,3.0936666019173233,1.3499417788662416,4.163258078514169,1.7091780444954834,0.12890277507988848,13.259435597381106,0.0,log10 per day unless the column name says per hour,-0.02371326703960584,6.92445303860748,0.0491710682256323,0.2742777336329816,99,0.34136634165928464,0.0005444074900571664,0.2621115050966541,0.00877120692962598,64,46,0.71875,"{""INH10x"": ""10/13"", ""INH1x"": ""15/15"", ""MXF10x"": ""5/18"", ""MXF1x"": ""16/18""}",44,35
