unit_group,time_days,plated_volume_uL,limit_log10,observed_blank,observed_y_log10,predicted_p_blank,mu_median,mu_q05,mu_q95,fold
era4tb_A_INH10x_r1,1.0,100.0,1.0,0,2.11394335230684,0.02348407608855707,2.677194566181813,2.3065300413410452,3.101893090822863,in-sample
era4tb_A_INH10x_r1,1.0,10.0,2.0,0,2.0,0.1292865300972316,2.677194566181813,2.3065300413410452,3.101893090822863,in-sample
era4tb_A_INH10x_r1,1.0,10.0,2.0,0,2.30102999566398,0.1292865300972316,2.677194566181813,2.3065300413410452,3.101893090822863,in-sample
era4tb_A_INH10x_r1,1.0,2.5,2.6020599913279625,0,2.90308998699194,0.37070677610535036,2.677194566181813,2.3065300413410452,3.101893090822863,in-sample
era4tb_A_INH10x_r1,2.0,100.0,1.0,0,1.90308998699194,0.09933603126404379,1.7563736684856013,1.4934318595370688,2.0342247086872116,in-sample
era4tb_A_INH10x_r1,2.0,10.0,2.0,1,,0.5259207742632321,1.7563736684856013,1.4934318595370688,2.0342247086872116,in-sample
era4tb_A_INH10x_r1,2.0,10.0,2.0,0,2.60205999132796,0.5259207742632321,1.7563736684856013,1.4934318595370688,2.0342247086872116,in-sample
era4tb_A_INH10x_r1,2.0,2.5,2.6020599913279625,1,,0.7962419447148871,1.7563736684856013,1.4934318595370688,2.0342247086872116,in-sample
era4tb_A_INH10x_r1,3.0,100.0,1.0,0,1.0,0.19595995215497927,1.443399801185481,1.097256971673039,1.6877079702703848,in-sample
era4tb_A_INH10x_r1,3.0,10.0,2.0,1,,0.6873791617971129,1.443399801185481,1.097256971673039,1.6877079702703848,in-sample
era4tb_A_INH10x_r1,3.0,10.0,2.0,1,,0.6873791617971129,1.443399801185481,1.097256971673039,1.6877079702703848,in-sample
era4tb_A_INH10x_r1,3.0,2.5,2.6020599913279625,0,3.07918124604762,0.8869125277103541,1.443399801185481,1.097256971673039,1.6877079702703848,in-sample
era4tb_A_INH10x_r1,7.0,100.0,1.0,1,,0.7942462407681379,0.2346163742916283,-0.4308263634046579,0.46479548668524434,in-sample
era4tb_A_INH10x_r1,7.0,10.0,2.0,1,,0.9705823365582827,0.2346163742916283,-0.4308263634046579,0.46479548668524434,in-sample
era4tb_A_INH10x_r1,7.0,10.0,2.0,0,2.0,0.9705823365582827,0.2346163742916283,-0.4308263634046579,0.46479548668524434,in-sample
era4tb_A_INH10x_r1,7.0,2.5,2.6020599913279625,1,,0.9922803345942838,0.2346163742916283,-0.4308263634046579,0.46479548668524434,in-sample
era4tb_A_INH10x_r1,10.0,100.0,1.0,1,,0.8170612404630003,-0.012797602731689839,-0.7926489127774978,0.594689405911656,in-sample
era4tb_A_INH10x_r1,10.0,10.0,2.0,1,,0.9729314634644477,-0.012797602731689839,-0.7926489127774978,0.594689405911656,in-sample
era4tb_A_INH10x_r1,10.0,10.0,2.0,1,,0.9729314634644477,-0.012797602731689839,-0.7926489127774978,0.594689405911656,in-sample
era4tb_A_INH10x_r1,10.0,2.5,2.6020599913279625,1,,0.9928188950635555,-0.012797602731689839,-0.7926489127774978,0.594689405911656,in-sample
era4tb_A_INH10x_r1,14.0,100.0,1.0,1,,0.8246763033907952,-0.1039804143467502,-1.2750789786079508,0.8043192261651,in-sample
era4tb_A_INH10x_r1,14.0,10.0,2.0,1,,0.9693638879787417,-0.1039804143467502,-1.2750789786079508,0.8043192261651,in-sample
era4tb_A_INH10x_r1,14.0,10.0,2.0,1,,0.9693638879787417,-0.1039804143467502,-1.2750789786079508,0.8043192261651,in-sample
era4tb_A_INH10x_r1,14.0,2.5,2.6020599913279625,1,,0.9914390043519481,-0.1039804143467502,-1.2750789786079508,0.8043192261651,in-sample
era4tb_A_INH10x_r1,21.0,100.0,1.0,1,,0.801615936610262,-0.11339651982663312,-2.4345188929842387,1.0508852329479612,in-sample
era4tb_A_INH10x_r1,21.0,10.0,2.0,1,,0.962255406496048,-0.11339651982663312,-2.4345188929842387,1.0508852329479612,in-sample
era4tb_A_INH10x_r1,21.0,10.0,2.0,1,,0.962255406496048,-0.11339651982663312,-2.4345188929842387,1.0508852329479612,in-sample
era4tb_A_INH10x_r1,21.0,2.5,2.6020599913279625,1,,0.9892286738939894,-0.11339651982663312,-2.4345188929842387,1.0508852329479612,in-sample
era4tb_A_INH10x_r2,1.0,100.0,1.0,0,2.38021124171161,0.023785335575493245,2.6445889297237177,2.3281353547540506,3.112588418507332,in-sample
era4tb_A_INH10x_r2,1.0,10.0,2.0,0,2.0,0.14119288569949937,2.6445889297237177,2.3281353547540506,3.112588418507332,in-sample
era4tb_A_INH10x_r2,1.0,10.0,2.0,1,,0.14119288569949937,2.6445889297237177,2.3281353547540506,3.112588418507332,in-sample
era4tb_A_INH10x_r2,1.0,2.5,2.6020599913279625,0,3.30102999566398,0.39423990382461427,2.6445889297237177,2.3281353547540506,3.112588418507332,in-sample
era4tb_A_INH10x_r2,2.0,100.0,1.0,0,1.60205999132796,0.11260718500363441,1.7406248092746883,1.436764396524422,2.023158600293511,in-sample
era4tb_A_INH10x_r2,2.0,10.0,2.0,1,,0.5573457557093435,1.7406248092746883,1.436764396524422,2.023158600293511,in-sample
era4tb_A_INH10x_r2,2.0,10.0,2.0,1,,0.5573457557093435,1.7406248092746883,1.436764396524422,2.023158600293511,in-sample
era4tb_A_INH10x_r2,2.0,2.5,2.6020599913279625,1,,0.8159337535955725,1.7406248092746883,1.436764396524422,2.023158600293511,in-sample
era4tb_A_INH10x_r2,3.0,100.0,1.0,0,1.30102999566398,0.21501662776438274,1.432185639603174,1.1342618530232618,1.6751024929712015,in-sample
era4tb_A_INH10x_r2,3.0,10.0,2.0,1,,0.7102246200406038,1.432185639603174,1.1342618530232618,1.6751024929712015,in-sample
era4tb_A_INH10x_r2,3.0,10.0,2.0,1,,0.7102246200406038,1.432185639603174,1.1342618530232618,1.6751024929712015,in-sample
era4tb_A_INH10x_r2,3.0,2.5,2.6020599913279625,0,2.90308998699194,0.8976600413069064,1.432185639603174,1.1342618530232618,1.6751024929712015,in-sample
era4tb_A_INH10x_r2,7.0,100.0,1.0,0,1.0,0.8005681305367668,0.19275067794294243,-0.5841930326392102,0.38140868766355285,in-sample
era4tb_A_INH10x_r2,7.0,10.0,2.0,1,,0.972173377322796,0.19275067794294243,-0.5841930326392102,0.38140868766355285,in-sample
era4tb_A_INH10x_r2,7.0,10.0,2.0,1,,0.972173377322796,0.19275067794294243,-0.5841930326392102,0.38140868766355285,in-sample
era4tb_A_INH10x_r2,7.0,2.5,2.6020599913279625,1,,0.9927299847984045,0.19275067794294243,-0.5841930326392102,0.38140868766355285,in-sample
era4tb_A_INH10x_r2,10.0,100.0,1.0,1,,0.832570576943267,0.10550132477351415,-0.6949597213237257,0.3749514322410689,in-sample
era4tb_A_INH10x_r2,10.0,10.0,2.0,1,,0.977364668656279,0.10550132477351415,-0.6949597213237257,0.3749514322410689,in-sample
era4tb_A_INH10x_r2,10.0,10.0,2.0,1,,0.977364668656279,0.10550132477351415,-0.6949597213237257,0.3749514322410689,in-sample
era4tb_A_INH10x_r2,10.0,2.5,2.6020599913279625,1,,0.9941147946747153,0.10550132477351415,-0.6949597213237257,0.3749514322410689,in-sample
era4tb_A_INH10x_r2,14.0,100.0,1.0,1,,0.856919446760148,-0.1955579263084557,-0.8164681444820232,0.4272202525045826,in-sample
era4tb_A_INH10x_r2,14.0,10.0,2.0,1,,0.9801990248360296,-0.1955579263084557,-0.8164681444820232,0.4272202525045826,in-sample
era4tb_A_INH10x_r2,14.0,10.0,2.0,1,,0.9801990248360296,-0.1955579263084557,-0.8164681444820232,0.4272202525045826,in-sample
era4tb_A_INH10x_r2,14.0,2.5,2.6020599913279625,1,,0.9948225156615993,-0.1955579263084557,-0.8164681444820232,0.4272202525045826,in-sample
era4tb_A_INH10x_r2,21.0,100.0,1.0,1,,0.6841965624362117,0.4487973817996984,-1.0853737614349594,1.5207932742420458,in-sample
era4tb_A_INH10x_r2,21.0,10.0,2.0,1,,0.9156664554751711,0.4487973817996984,-1.0853737614349594,1.5207932742420458,in-sample
era4tb_A_INH10x_r2,21.0,10.0,2.0,1,,0.9156664554751711,0.4487973817996984,-1.0853737614349594,1.5207932742420458,in-sample
era4tb_A_INH10x_r2,21.0,2.5,2.6020599913279625,1,,0.9723158410970693,0.4487973817996984,-1.0853737614349594,1.5207932742420458,in-sample
era4tb_A_INH10x_r3,1.0,100.0,1.0,0,2.46239799789896,0.0223600871268869,2.7833719595689734,2.3955386968293135,3.0569266201498015,in-sample
era4tb_A_INH10x_r3,1.0,10.0,2.0,0,2.0,0.10974414353177983,2.7833719595689734,2.3955386968293135,3.0569266201498015,in-sample
era4tb_A_INH10x_r3,1.0,10.0,2.0,1,,0.10974414353177983,2.7833719595689734,2.3955386968293135,3.0569266201498015,in-sample
era4tb_A_INH10x_r3,1.0,2.5,2.6020599913279625,0,3.30102999566398,0.3381447178176521,2.7833719595689734,2.3955386968293135,3.0569266201498015,in-sample
era4tb_A_INH10x_r3,2.0,100.0,1.0,0,1.30102999566398,0.09878266935395326,1.8773020378614298,1.3901350785463442,2.027899944730236,in-sample
era4tb_A_INH10x_r3,2.0,10.0,2.0,1,,0.5167511587070751,1.8773020378614298,1.3901350785463442,2.027899944730236,in-sample
era4tb_A_INH10x_r3,2.0,10.0,2.0,0,2.69897000433602,0.5167511587070751,1.8773020378614298,1.3901350785463442,2.027899944730236,in-sample
era4tb_A_INH10x_r3,2.0,2.5,2.6020599913279625,0,2.60205999132796,0.7891923407965792,1.8773020378614298,1.3901350785463442,2.027899944730236,in-sample
era4tb_A_INH10x_r3,3.0,100.0,1.0,1,,0.23379152360052285,1.4387969968974001,0.9311302517167475,1.5926214886756203,in-sample
era4tb_A_INH10x_r3,3.0,10.0,2.0,1,,0.7208228374315528,1.4387969968974001,0.9311302517167475,1.5926214886756203,in-sample
era4tb_A_INH10x_r3,3.0,10.0,2.0,1,,0.7208228374315528,1.4387969968974001,0.9311302517167475,1.5926214886756203,in-sample
era4tb_A_INH10x_r3,3.0,2.5,2.6020599913279625,0,2.60205999132796,0.9018481338402641,1.4387969968974001,0.9311302517167475,1.5926214886756203,in-sample
era4tb_A_INH10x_r3,7.0,100.0,1.0,1,,0.8959757781946792,-0.2939859722753675,-1.203115054192705,0.3693122916335434,in-sample
era4tb_A_INH10x_r3,7.0,10.0,2.0,1,,0.9864829659799091,-0.2939859722753675,-1.203115054192705,0.3693122916335434,in-sample
era4tb_A_INH10x_r3,7.0,10.0,2.0,1,,0.9864829659799091,-0.2939859722753675,-1.203115054192705,0.3693122916335434,in-sample
era4tb_A_INH10x_r3,7.0,2.5,2.6020599913279625,1,,0.9965015536678467,-0.2939859722753675,-1.203115054192705,0.3693122916335434,in-sample
era4tb_A_INH10x_r3,10.0,100.0,1.0,1,,0.925636009682233,-0.5826953068351282,-1.6133642725434436,0.2145267155849857,in-sample
era4tb_A_INH10x_r3,10.0,10.0,2.0,1,,0.9905791391596804,-0.5826953068351282,-1.6133642725434436,0.2145267155849857,in-sample
era4tb_A_INH10x_r3,10.0,10.0,2.0,1,,0.9905791391596804,-0.5826953068351282,-1.6133642725434436,0.2145267155849857,in-sample
era4tb_A_INH10x_r3,10.0,2.5,2.6020599913279625,1,,0.9975699709823292,-0.5826953068351282,-1.6133642725434436,0.2145267155849857,in-sample
era4tb_A_INH10x_r3,14.0,100.0,1.0,1,,0.9419848454630982,-0.7637187018042089,-2.1603632303444282,0.008145947520242336,in-sample
era4tb_A_INH10x_r3,14.0,10.0,2.0,1,,0.9927298750524287,-0.7637187018042089,-2.1603632303444282,0.008145947520242336,in-sample
era4tb_A_INH10x_r3,14.0,10.0,2.0,1,,0.9927298750524287,-0.7637187018042089,-2.1603632303444282,0.008145947520242336,in-sample
era4tb_A_INH10x_r3,14.0,2.5,2.6020599913279625,1,,0.9981276636884928,-0.7637187018042089,-2.1603632303444282,0.008145947520242336,in-sample
era4tb_A_INH10x_r3,21.0,100.0,1.0,1,,0.8456077174465179,-0.8170621588373495,-3.6049645318016137,0.9093978219540408,in-sample
era4tb_A_INH10x_r3,21.0,10.0,2.0,1,,0.9665666871891839,-0.8170621588373495,-3.6049645318016137,0.9093978219540408,in-sample
era4tb_A_INH10x_r3,21.0,10.0,2.0,1,,0.9665666871891839,-0.8170621588373495,-3.6049645318016137,0.9093978219540408,in-sample
era4tb_A_INH10x_r3,21.0,2.5,2.6020599913279625,1,,0.9899686579439924,-0.8170621588373495,-3.6049645318016137,0.9093978219540408,in-sample
era4tb_A_INH1x_r1,1.0,100.0,1.0,0,2.54406804435028,0.023046572639761308,2.585223336407121,2.4441754933425295,2.9309874147544486,in-sample
era4tb_A_INH1x_r1,1.0,10.0,2.0,0,2.0,0.13581722036170787,2.585223336407121,2.4441754933425295,2.9309874147544486,in-sample
era4tb_A_INH1x_r1,1.0,10.0,2.0,0,2.95424250943932,0.13581722036170787,2.585223336407121,2.4441754933425295,2.9309874147544486,in-sample
era4tb_A_INH1x_r1,1.0,2.5,2.6020599913279625,0,2.60205999132796,0.3962416580331066,2.585223336407121,2.4441754933425295,2.9309874147544486,in-sample
era4tb_A_INH1x_r1,2.0,100.0,1.0,0,2.17609125905568,0.05391036424756425,1.9499365435936005,1.8508045136765219,2.2899701907774586,in-sample
era4tb_A_INH1x_r1,2.0,10.0,2.0,1,,0.3904807288858863,1.9499365435936005,1.8508045136765219,2.2899701907774586,in-sample
era4tb_A_INH1x_r1,2.0,10.0,2.0,1,,0.3904807288858863,1.9499365435936005,1.8508045136765219,2.2899701907774586,in-sample
era4tb_A_INH1x_r1,2.0,2.5,2.6020599913279625,0,2.60205999132796,0.6996919741844251,1.9499365435936005,1.8508045136765219,2.2899701907774586,in-sample
era4tb_A_INH1x_r1,3.0,100.0,1.0,0,2.04139268515822,0.09456316828539187,1.7168848884989676,1.5795733696047156,1.993727478216578,in-sample
era4tb_A_INH1x_r1,3.0,10.0,2.0,1,,0.5246345043118044,1.7168848884989676,1.5795733696047156,1.993727478216578,in-sample
era4tb_A_INH1x_r1,3.0,10.0,2.0,1,,0.5246345043118044,1.7168848884989676,1.5795733696047156,1.993727478216578,in-sample
era4tb_A_INH1x_r1,3.0,2.5,2.6020599913279625,1,,0.7980205221860064,1.7168848884989676,1.5795733696047156,1.993727478216578,in-sample
era4tb_A_INH1x_r1,7.0,100.0,1.0,1,,0.5204907414622298,0.7763534664913783,0.39995727987062063,1.1350606882494125,in-sample
era4tb_A_INH1x_r1,7.0,10.0,2.0,1,,0.895823962307076,0.7763534664913783,0.39995727987062063,1.1350606882494125,in-sample
era4tb_A_INH1x_r1,7.0,10.0,2.0,1,,0.895823962307076,0.7763534664913783,0.39995727987062063,1.1350606882494125,in-sample
era4tb_A_INH1x_r1,7.0,2.5,2.6020599913279625,1,,0.9696467163839115,0.7763534664913783,0.39995727987062063,1.1350606882494125,in-sample
era4tb_A_INH1x_r1,14.0,100.0,1.0,0,2.30102999566398,0.027681577390388366,2.457112187207464,2.1352769035364876,2.8149274957202697,in-sample
era4tb_A_INH1x_r1,14.0,10.0,2.0,0,3.47712125471966,0.19238391194872462,2.457112187207464,2.1352769035364876,2.8149274957202697,in-sample
era4tb_A_INH1x_r1,14.0,10.0,2.0,1,,0.19238391194872462,2.457112187207464,2.1352769035364876,2.8149274957202697,in-sample
era4tb_A_INH1x_r1,14.0,2.5,2.6020599913279625,1,,0.4759772143718477,2.457112187207464,2.1352769035364876,2.8149274957202697,in-sample
era4tb_A_INH1x_r1,21.0,100.0,1.0,0,4.6232492903979,0.020478650350932305,4.230153729042952,3.8395598564094,4.627873655167085,in-sample
era4tb_A_INH1x_r1,21.0,10.0,2.0,0,4.36172783601759,0.0206263393140101,4.230153729042952,3.8395598564094,4.627873655167085,in-sample
era4tb_A_INH1x_r1,21.0,10.0,2.0,0,4.14612803567824,0.0206263393140101,4.230153729042952,3.8395598564094,4.627873655167085,in-sample
era4tb_A_INH1x_r1,21.0,2.5,2.6020599913279625,0,4.38021124171161,0.024347940910965496,4.230153729042952,3.8395598564094,4.627873655167085,in-sample
era4tb_A_INH1x_r2,1.0,100.0,1.0,0,2.5910646070265,0.021653463039828964,2.78102065313084,2.580463067455795,2.950277370236633,in-sample
era4tb_A_INH1x_r2,1.0,10.0,2.0,0,2.69897000433602,0.09304860247789977,2.78102065313084,2.580463067455795,2.950277370236633,in-sample
era4tb_A_INH1x_r2,1.0,10.0,2.0,0,2.47712125471966,0.09304860247789977,2.78102065313084,2.580463067455795,2.950277370236633,in-sample
era4tb_A_INH1x_r2,1.0,2.5,2.6020599913279625,0,3.44715803134222,0.3098293562689329,2.78102065313084,2.580463067455795,2.950277370236633,in-sample
era4tb_A_INH1x_r2,2.0,100.0,1.0,0,2.27875360095283,0.03652114175128005,2.208783054453585,2.0239184564238815,2.3176285223379867,in-sample
era4tb_A_INH1x_r2,2.0,10.0,2.0,1,,0.29773137375203923,2.208783054453585,2.0239184564238815,2.3176285223379867,in-sample
era4tb_A_INH1x_r2,2.0,10.0,2.0,0,2.47712125471966,0.29773137375203923,2.208783054453585,2.0239184564238815,2.3176285223379867,in-sample
era4tb_A_INH1x_r2,2.0,2.5,2.6020599913279625,1,,0.6181859704715497,2.208783054453585,2.0239184564238815,2.3176285223379867,in-sample
era4tb_A_INH1x_r2,3.0,100.0,1.0,0,1.84509804001426,0.05846332230771302,1.9849939190642885,1.8043056549710046,2.069530902616301,in-sample
era4tb_A_INH1x_r2,3.0,10.0,2.0,1,,0.4186952714322438,1.9849939190642885,1.8043056549710046,2.069530902616301,in-sample
era4tb_A_INH1x_r2,3.0,10.0,2.0,1,,0.4186952714322438,1.9849939190642885,1.8043056549710046,2.069530902616301,in-sample
era4tb_A_INH1x_r2,3.0,2.5,2.6020599913279625,0,2.60205999132796,0.7265363136777518,1.9849939190642885,1.8043056549710046,2.069530902616301,in-sample
era4tb_A_INH1x_r2,7.0,100.0,1.0,1,,0.3797502600025735,1.1281055901390689,0.730733918476289,1.2684415797597017,in-sample
era4tb_A_INH1x_r2,7.0,10.0,2.0,1,,0.8361357832083703,1.1281055901390689,0.730733918476289,1.2684415797597017,in-sample
era4tb_A_INH1x_r2,7.0,10.0,2.0,1,,0.8361357832083703,1.1281055901390689,0.730733918476289,1.2684415797597017,in-sample
era4tb_A_INH1x_r2,7.0,2.5,2.6020599913279625,1,,0.9496059624649603,1.1281055901390689,0.730733918476289,1.2684415797597017,in-sample
era4tb_A_INH1x_r2,10.0,100.0,1.0,0,1.95424250943932,0.10525083232782279,1.7179811313229125,1.52801738933851,1.9688261307599784,in-sample
era4tb_A_INH1x_r2,10.0,10.0,2.0,1,,0.5488087631725701,1.7179811313229125,1.52801738933851,1.9688261307599784,in-sample
era4tb_A_INH1x_r2,10.0,10.0,2.0,0,2.0,0.5488087631725701,1.7179811313229125,1.52801738933851,1.9688261307599784,in-sample
era4tb_A_INH1x_r2,10.0,2.5,2.6020599913279625,1,,0.8131307913647394,1.7179811313229125,1.52801738933851,1.9688261307599784,in-sample
era4tb_A_INH1x_r2,14.0,100.0,1.0,0,2.49136169383427,0.023527748431766835,2.674820848289953,2.3151954252961175,3.0004559687923122,in-sample
era4tb_A_INH1x_r2,14.0,10.0,2.0,0,3.0,0.13431411083059872,2.674820848289953,2.3151954252961175,3.0004559687923122,in-sample
era4tb_A_INH1x_r2,14.0,10.0,2.0,1,,0.13431411083059872,2.674820848289953,2.3151954252961175,3.0004559687923122,in-sample
era4tb_A_INH1x_r2,14.0,2.5,2.6020599913279625,1,,0.38380382998022966,2.674820848289953,2.3151954252961175,3.0004559687923122,in-sample
era4tb_A_INH1x_r2,21.0,100.0,1.0,0,4.79239168949825,0.020478609196259916,4.56025922897324,3.9833097198116034,5.0233493325922165,in-sample
era4tb_A_INH1x_r2,21.0,10.0,2.0,0,4.34242268082221,0.020529766511232884,4.56025922897324,3.9833097198116034,5.0233493325922165,in-sample
era4tb_A_INH1x_r2,21.0,10.0,2.0,0,4.25527250510331,0.020529766511232884,4.56025922897324,3.9833097198116034,5.0233493325922165,in-sample
era4tb_A_INH1x_r2,21.0,2.5,2.6020599913279625,0,4.55630250076729,0.02187795816514499,4.56025922897324,3.9833097198116034,5.0233493325922165,in-sample
era4tb_A_INH1x_r3,1.0,100.0,1.0,0,2.44715803134222,0.02291246931987271,2.669936227277006,2.378142527251311,2.8786819393958787,in-sample
era4tb_A_INH1x_r3,1.0,10.0,2.0,0,2.60205999132796,0.12431519522785894,2.669936227277006,2.378142527251311,2.8786819393958787,in-sample
era4tb_A_INH1x_r3,1.0,10.0,2.0,0,2.95424250943932,0.12431519522785894,2.669936227277006,2.378142527251311,2.8786819393958787,in-sample
era4tb_A_INH1x_r3,1.0,2.5,2.6020599913279625,0,3.38021124171161,0.37128881791178886,2.669936227277006,2.378142527251311,2.8786819393958787,in-sample
era4tb_A_INH1x_r3,2.0,100.0,1.0,0,2.25527250510331,0.04883538685994298,2.0937111054591426,1.805102038900192,2.366281499421496,in-sample
era4tb_A_INH1x_r3,2.0,10.0,2.0,1,,0.3567793989396348,2.0937111054591426,1.805102038900192,2.366281499421496,in-sample
era4tb_A_INH1x_r3,2.0,10.0,2.0,0,2.47712125471966,0.3567793989396348,2.0937111054591426,1.805102038900192,2.366281499421496,in-sample
era4tb_A_INH1x_r3,2.0,2.5,2.6020599913279625,1,,0.6682505301824545,2.0937111054591426,1.805102038900192,2.366281499421496,in-sample
era4tb_A_INH1x_r3,3.0,100.0,1.0,0,1.84509804001426,0.07813587922494694,1.8644941253431961,1.575823108870474,2.12067682793778,in-sample
era4tb_A_INH1x_r3,3.0,10.0,2.0,1,,0.47411591038485196,1.8644941253431961,1.575823108870474,2.12067682793778,in-sample
era4tb_A_INH1x_r3,3.0,10.0,2.0,1,,0.47411591038485196,1.8644941253431961,1.575823108870474,2.12067682793778,in-sample
era4tb_A_INH1x_r3,3.0,2.5,2.6020599913279625,1,,0.7634570367294021,1.8644941253431961,1.575823108870474,2.12067682793778,in-sample
era4tb_A_INH1x_r3,7.0,100.0,1.0,1,,0.41719727166799425,0.9476262048794095,0.6277353636848764,1.356352893433466,in-sample
era4tb_A_INH1x_r3,7.0,10.0,2.0,1,,0.8470090825564166,0.9476262048794095,0.6277353636848764,1.356352893433466,in-sample
era4tb_A_INH1x_r3,7.0,10.0,2.0,1,,0.8470090825564166,0.9476262048794095,0.6277353636848764,1.356352893433466,in-sample
era4tb_A_INH1x_r3,7.0,2.5,2.6020599913279625,1,,0.9522078113368669,0.9476262048794095,0.6277353636848764,1.356352893433466,in-sample
era4tb_A_INH1x_r3,10.0,100.0,1.0,0,1.95424250943932,0.109025454665376,1.7160162153291278,1.4401802076141652,2.1815471954426617,in-sample
era4tb_A_INH1x_r3,10.0,10.0,2.0,1,,0.5361203402638814,1.7160162153291278,1.4401802076141652,2.1815471954426617,in-sample
era4tb_A_INH1x_r3,10.0,10.0,2.0,1,,0.5361203402638814,1.7160162153291278,1.4401802076141652,2.1815471954426617,in-sample
era4tb_A_INH1x_r3,10.0,2.5,2.6020599913279625,1,,0.7977518083243132,1.7160162153291278,1.4401802076141652,2.1815471954426617,in-sample
era4tb_A_INH1x_r3,14.0,10.0,2.0,0,3.53147891704225,0.10427893299711592,2.689351618954962,2.4730038559434444,3.339810900004984,in-sample
era4tb_A_INH1x_r3,14.0,10.0,2.0,0,3.14612803567824,0.10427893299711592,2.689351618954962,2.4730038559434444,3.339810900004984,in-sample
era4tb_A_INH1x_r3,14.0,2.5,2.6020599913279625,0,3.07918124604762,0.32323093486038684,2.689351618954962,2.4730038559434444,3.339810900004984,in-sample
era4tb_A_INH1x_r3,21.0,100.0,1.0,0,4.8750612633917,0.02047860406821629,4.4853629142903095,4.117238832785101,4.918319782481078,in-sample
era4tb_A_INH1x_r3,21.0,10.0,2.0,0,4.41497334797082,0.02051908026793516,4.4853629142903095,4.117238832785101,4.918319782481078,in-sample
era4tb_A_INH1x_r3,21.0,10.0,2.0,0,4.20411998265593,0.02051908026793516,4.4853629142903095,4.117238832785101,4.918319782481078,in-sample
era4tb_A_INH1x_r3,21.0,2.5,2.6020599913279625,0,4.44715803134222,0.021678301677553427,4.4853629142903095,4.117238832785101,4.918319782481078,in-sample
era4tb_A_MXF10x_r2,1.0,100.0,1.0,0,2.41497334797082,0.023253850853618196,2.619733879410187,2.3781006414810775,2.881344395286195,in-sample
era4tb_A_MXF10x_r2,1.0,10.0,2.0,0,2.77815125038364,0.1368800981569307,2.619733879410187,2.3781006414810775,2.881344395286195,in-sample
era4tb_A_MXF10x_r2,1.0,10.0,2.0,0,2.77815125038364,0.1368800981569307,2.619733879410187,2.3781006414810775,2.881344395286195,in-sample
era4tb_A_MXF10x_r2,1.0,2.5,2.6020599913279625,1,,0.39621324269209707,2.619733879410187,2.3781006414810775,2.881344395286195,in-sample
era4tb_A_MXF10x_r2,2.0,100.0,1.0,0,2.17609125905568,0.03541997659202969,2.2517499700059798,2.001508174074826,2.4403009916629754,in-sample
era4tb_A_MXF10x_r2,2.0,10.0,2.0,0,2.0,0.2820034510087999,2.2517499700059798,2.001508174074826,2.4403009916629754,in-sample
era4tb_A_MXF10x_r2,2.0,10.0,2.0,0,2.0,0.2820034510087999,2.2517499700059798,2.001508174074826,2.4403009916629754,in-sample
era4tb_A_MXF10x_r2,2.0,2.5,2.6020599913279625,0,3.07918124604762,0.5959577715897267,2.2517499700059798,2.001508174074826,2.4403009916629754,in-sample
era4tb_A_MXF10x_r2,3.0,100.0,1.0,0,1.90308998699194,0.045905555305966614,2.11378719925222,1.8719184033466159,2.293219467296489,in-sample
era4tb_A_MXF10x_r2,3.0,10.0,2.0,1,,0.3513889483491695,2.11378719925222,1.8719184033466159,2.293219467296489,in-sample
era4tb_A_MXF10x_r2,3.0,10.0,2.0,1,,0.3513889483491695,2.11378719925222,1.8719184033466159,2.293219467296489,in-sample
era4tb_A_MXF10x_r2,3.0,2.5,2.6020599913279625,0,2.60205999132796,0.665816850128576,2.11378719925222,1.8719184033466159,2.293219467296489,in-sample
era4tb_A_MXF10x_r2,7.0,100.0,1.0,0,1.60205999132796,0.16600122775225212,1.566320370622842,1.2031955923153685,1.8052113656447817,in-sample
era4tb_A_MXF10x_r2,7.0,10.0,2.0,1,,0.6463789737751919,1.566320370622842,1.2031955923153685,1.8052113656447817,in-sample
era4tb_A_MXF10x_r2,7.0,10.0,2.0,1,,0.6463789737751919,1.566320370622842,1.2031955923153685,1.8052113656447817,in-sample
era4tb_A_MXF10x_r2,7.0,2.5,2.6020599913279625,1,,0.8660040192012184,1.566320370622842,1.2031955923153685,1.8052113656447817,in-sample
era4tb_A_MXF10x_r2,10.0,100.0,1.0,0,1.30102999566398,0.14925068684286769,1.5580068170505024,1.3442149246187245,1.7939546868448908,in-sample
era4tb_A_MXF10x_r2,10.0,10.0,2.0,1,,0.6305754494474702,1.5580068170505024,1.3442149246187245,1.7939546868448908,in-sample
era4tb_A_MXF10x_r2,10.0,10.0,2.0,1,,0.6305754494474702,1.5580068170505024,1.3442149246187245,1.7939546868448908,in-sample
era4tb_A_MXF10x_r2,10.0,2.5,2.6020599913279625,1,,0.8591317887151121,1.5580068170505024,1.3442149246187245,1.7939546868448908,in-sample
era4tb_A_MXF10x_r2,14.0,100.0,1.0,1,,0.13917274426923393,1.5950116216680035,1.3232559402978452,1.9649461271986237,in-sample
era4tb_A_MXF10x_r2,14.0,10.0,2.0,1,,0.6021594113623104,1.5950116216680035,1.3232559402978452,1.9649461271986237,in-sample
era4tb_A_MXF10x_r2,14.0,10.0,2.0,1,,0.6021594113623104,1.5950116216680035,1.3232559402978452,1.9649461271986237,in-sample
era4tb_A_MXF10x_r2,14.0,2.5,2.6020599913279625,1,,0.8408832647335334,1.5950116216680035,1.3232559402978452,1.9649461271986237,in-sample
era4tb_A_MXF10x_r2,21.0,100.0,1.0,0,3.95424250943932,0.020611088997678103,3.3624505320425557,2.8216271509867195,3.8040270027733225,in-sample
era4tb_A_MXF10x_r2,21.0,10.0,2.0,0,3.67209785793572,0.03684740327824001,3.3624505320425557,2.8216271509867195,3.8040270027733225,in-sample
era4tb_A_MXF10x_r2,21.0,10.0,2.0,0,3.44715803134222,0.03684740327824001,3.3624505320425557,2.8216271509867195,3.8040270027733225,in-sample
era4tb_A_MXF10x_r2,21.0,2.5,2.6020599913279625,0,3.68124123737559,0.12021736627387573,3.3624505320425557,2.8216271509867195,3.8040270027733225,in-sample
era4tb_A_MXF10x_r3,1.0,100.0,1.0,0,2.46239799789896,0.022902793312278378,2.7442537292602616,2.3308668323910133,2.978645000491317,in-sample
era4tb_A_MXF10x_r3,1.0,10.0,2.0,0,3.23044892137827,0.11276509951743365,2.7442537292602616,2.3308668323910133,2.978645000491317,in-sample
era4tb_A_MXF10x_r3,1.0,10.0,2.0,0,3.17609125905568,0.11276509951743365,2.7442537292602616,2.3308668323910133,2.978645000491317,in-sample
era4tb_A_MXF10x_r3,1.0,2.5,2.6020599913279625,0,2.60205999132796,0.34004892934412456,2.7442537292602616,2.3308668323910133,2.978645000491317,in-sample
era4tb_A_MXF10x_r3,2.0,100.0,1.0,0,2.0,0.03301823471318632,2.3861799945776045,1.9981323849513912,2.614833881991741,in-sample
era4tb_A_MXF10x_r3,2.0,10.0,2.0,1,,0.2418391568665351,2.3861799945776045,1.9981323849513912,2.614833881991741,in-sample
era4tb_A_MXF10x_r3,2.0,10.0,2.0,1,,0.2418391568665351,2.3861799945776045,1.9981323849513912,2.614833881991741,in-sample
era4tb_A_MXF10x_r3,2.0,2.5,2.6020599913279625,1,,0.5412961049335147,2.3861799945776045,1.9981323849513912,2.614833881991741,in-sample
era4tb_A_MXF10x_r3,3.0,100.0,1.0,0,2.0,0.041672979780303605,2.253242877240742,1.880490065974296,2.4996172027055423,in-sample
era4tb_A_MXF10x_r3,3.0,10.0,2.0,1,,0.3130748544180821,2.253242877240742,1.880490065974296,2.4996172027055423,in-sample
era4tb_A_MXF10x_r3,3.0,10.0,2.0,1,,0.3130748544180821,2.253242877240742,1.880490065974296,2.4996172027055423,in-sample
era4tb_A_MXF10x_r3,3.0,2.5,2.6020599913279625,0,2.60205999132796,0.6245363403057723,2.253242877240742,1.880490065974296,2.4996172027055423,in-sample
era4tb_A_MXF10x_r3,7.0,100.0,1.0,0,1.69897000433602,0.1803947330623249,1.6131642793568568,1.02830698390887,2.028460625673142,in-sample
era4tb_A_MXF10x_r3,7.0,10.0,2.0,1,,0.6346293086585395,1.6131642793568568,1.02830698390887,2.028460625673142,in-sample
era4tb_A_MXF10x_r3,7.0,10.0,2.0,1,,0.6346293086585395,1.6131642793568568,1.02830698390887,2.028460625673142,in-sample
era4tb_A_MXF10x_r3,7.0,2.5,2.6020599913279625,1,,0.8530346164658731,1.6131642793568568,1.02830698390887,2.028460625673142,in-sample
era4tb_A_MXF10x_r3,10.0,100.0,1.0,0,1.60205999132796,0.20882927128070514,1.4295977963790798,1.0502978319539058,1.8649076787663061,in-sample
era4tb_A_MXF10x_r3,10.0,10.0,2.0,1,,0.6817385470483984,1.4295977963790798,1.0502978319539058,1.8649076787663061,in-sample
era4tb_A_MXF10x_r3,10.0,10.0,2.0,1,,0.6817385470483984,1.4295977963790798,1.0502978319539058,1.8649076787663061,in-sample
era4tb_A_MXF10x_r3,10.0,2.5,2.6020599913279625,1,,0.8798655750501715,1.4295977963790798,1.0502978319539058,1.8649076787663061,in-sample
era4tb_A_MXF10x_r3,14.0,100.0,1.0,1,,0.2755578688146777,1.3028589371824615,0.8464602308285412,1.95908395075422,in-sample
era4tb_A_MXF10x_r3,14.0,10.0,2.0,0,2.30102999566398,0.7257074394636939,1.3028589371824615,0.8464602308285412,1.95908395075422,in-sample
era4tb_A_MXF10x_r3,14.0,10.0,2.0,1,,0.7257074394636939,1.3028589371824615,0.8464602308285412,1.95908395075422,in-sample
era4tb_A_MXF10x_r3,14.0,2.5,2.6020599913279625,1,,0.892474174332156,1.3028589371824615,0.8464602308285412,1.95908395075422,in-sample
era4tb_A_MXF1x_r1,1.0,100.0,1.0,0,3.73239375982297,0.020480036269084796,3.6730258542340373,3.5126240531906054,3.9803469951811628,in-sample
era4tb_A_MXF1x_r1,1.0,10.0,2.0,0,3.60205999132796,0.021946647186984174,3.6730258542340373,3.5126240531906054,3.9803469951811628,in-sample
era4tb_A_MXF1x_r1,1.0,10.0,2.0,0,3.07918124604762,0.021946647186984174,3.6730258542340373,3.5126240531906054,3.9803469951811628,in-sample
era4tb_A_MXF1x_r1,1.0,2.5,2.6020599913279625,0,3.30102999566398,0.04360644134800685,3.6730258542340373,3.5126240531906054,3.9803469951811628,in-sample
era4tb_A_MXF1x_r1,2.0,100.0,1.0,0,4.05690485133647,0.020478894100497667,3.8448102223202265,3.7229696799428615,4.1435491698650075,in-sample
era4tb_A_MXF1x_r1,2.0,10.0,2.0,0,4.17609125905568,0.021006205806282888,3.8448102223202265,3.7229696799428615,4.1435491698650075,in-sample
era4tb_A_MXF1x_r1,2.0,10.0,2.0,0,4.04139268515823,0.021006205806282888,3.8448102223202265,3.7229696799428615,4.1435491698650075,in-sample
era4tb_A_MXF1x_r1,2.0,2.5,2.6020599913279625,0,3.68124123737559,0.03176039476206622,3.8448102223202265,3.7229696799428615,4.1435491698650075,in-sample
era4tb_A_MXF1x_r1,3.0,100.0,1.0,0,4.07918124604763,0.02047866077077446,4.018239122776747,3.8784773696094965,4.236475488946103,in-sample
era4tb_A_MXF1x_r1,3.0,10.0,2.0,0,4.30102999566398,0.020687590264741408,4.018239122776747,3.8784773696094965,4.236475488946103,in-sample
era4tb_A_MXF1x_r1,3.0,10.0,2.0,0,4.27875360095283,0.020687590264741408,4.018239122776747,3.8784773696094965,4.236475488946103,in-sample
era4tb_A_MXF1x_r1,3.0,2.5,2.6020599913279625,0,4.20411998265593,0.02631893954068364,4.018239122776747,3.8784773696094965,4.236475488946103,in-sample
era4tb_A_MXF1x_r1,7.0,100.0,1.0,0,4.97772360528885,0.02047858709062848,4.580059174750852,4.355135169536032,4.792770992809544,in-sample
era4tb_A_MXF1x_r1,7.0,10.0,2.0,0,5.14612803567824,0.020484614077724297,4.580059174750852,4.355135169536032,4.792770992809544,in-sample
era4tb_A_MXF1x_r1,7.0,10.0,2.0,0,4.30102999566398,0.020484614077724297,4.580059174750852,4.355135169536032,4.792770992809544,in-sample
era4tb_A_MXF1x_r1,7.0,2.5,2.6020599913279625,0,4.50514997831991,0.02084838586330811,4.580059174750852,4.355135169536032,4.792770992809544,in-sample
era4tb_A_MXF1x_r1,10.0,100.0,1.0,0,5.47712125471966,0.02047858652131477,5.1163957228032,4.859246263733525,5.296845533152937,in-sample
era4tb_A_MXF1x_r1,10.0,10.0,2.0,0,5.17609125905568,0.020478658058448767,5.1163957228032,4.859246263733525,5.296845533152937,in-sample
era4tb_A_MXF1x_r1,10.0,10.0,2.0,0,5.23044892137827,0.020478658058448767,5.1163957228032,4.859246263733525,5.296845533152937,in-sample
era4tb_A_MXF1x_r1,10.0,2.5,2.6020599913279625,0,4.50514997831991,0.020490344866545218,5.1163957228032,4.859246263733525,5.296845533152937,in-sample
era4tb_A_MXF1x_r1,14.0,100.0,1.0,0,6.49136169383427,0.02047858652023228,5.723420767056993,5.362427774005481,6.182257896849704,in-sample
era4tb_A_MXF1x_r1,14.0,10.0,2.0,0,6.50514997831991,0.02047858712273002,5.723420767056993,5.362427774005481,6.182257896849704,in-sample
era4tb_A_MXF1x_r1,14.0,10.0,2.0,0,5.36172783601759,0.02047858712273002,5.723420767056993,5.362427774005481,6.182257896849704,in-sample
era4tb_A_MXF1x_r1,14.0,2.5,2.6020599913279625,0,4.90308998699194,0.020478786342687294,5.723420767056993,5.362427774005481,6.182257896849704,in-sample
era4tb_A_MXF1x_r1,21.0,100.0,1.0,0,6.69019608002851,0.02047858652022966,6.555615567244569,6.09537931531774,6.912059661262744,in-sample
era4tb_A_MXF1x_r1,21.0,10.0,2.0,0,6.20411998265593,0.020478586520246818,6.555615567244569,6.09537931531774,6.912059661262744,in-sample
era4tb_A_MXF1x_r1,21.0,10.0,2.0,0,6.25527250510331,0.020478586520246818,6.555615567244569,6.09537931531774,6.912059661262744,in-sample
era4tb_A_MXF1x_r1,21.0,2.5,2.6020599913279625,0,6.20411998265593,0.020478586557585096,6.555615567244569,6.09537931531774,6.912059661262744,in-sample
era4tb_A_MXF1x_r2,1.0,100.0,1.0,0,3.70757017609794,0.020482441072970516,3.7318406276589675,3.3645128142275906,3.9201828744801333,in-sample
era4tb_A_MXF1x_r2,1.0,10.0,2.0,0,3.47712125471966,0.022727982293783436,3.7318406276589675,3.3645128142275906,3.9201828744801333,in-sample
era4tb_A_MXF1x_r2,1.0,10.0,2.0,0,3.07918124604762,0.022727982293783436,3.7318406276589675,3.3645128142275906,3.9201828744801333,in-sample
era4tb_A_MXF1x_r2,1.0,2.5,2.6020599913279625,0,3.30102999566398,0.049024276396177145,3.7318406276589675,3.3645128142275906,3.9201828744801333,in-sample
era4tb_A_MXF1x_r2,2.0,100.0,1.0,0,3.95424250943932,0.020479634793163826,3.9122658846486695,3.5072862918047782,4.061232372429942,in-sample
era4tb_A_MXF1x_r2,2.0,10.0,2.0,0,3.95424250943932,0.02145737062090864,3.9122658846486695,3.5072862918047782,4.061232372429942,in-sample
era4tb_A_MXF1x_r2,2.0,10.0,2.0,0,4.34242268082221,0.02145737062090864,3.9122658846486695,3.5072862918047782,4.061232372429942,in-sample
era4tb_A_MXF1x_r2,2.0,2.5,2.6020599913279625,0,3.68124123737559,0.03626543359564458,3.9122658846486695,3.5072862918047782,4.061232372429942,in-sample
era4tb_A_MXF1x_r2,3.0,100.0,1.0,0,4.22788670461367,0.020478817641705997,4.049346128019839,3.6988608339852145,4.172273470969666,in-sample
era4tb_A_MXF1x_r2,3.0,10.0,2.0,0,4.30102999566398,0.020865555817215452,4.049346128019839,3.6988608339852145,4.172273470969666,in-sample
era4tb_A_MXF1x_r2,3.0,10.0,2.0,0,4.27875360095283,0.020865555817215452,4.049346128019839,3.6988608339852145,4.172273470969666,in-sample
era4tb_A_MXF1x_r2,3.0,2.5,2.6020599913279625,0,4.07918124604763,0.02893473100736998,4.049346128019839,3.6988608339852145,4.172273470969666,in-sample
era4tb_A_MXF1x_r2,7.0,100.0,1.0,0,4.97772360528885,0.02047858699359833,4.454396787632604,4.375926290211332,4.712921235497038,in-sample
era4tb_A_MXF1x_r2,7.0,10.0,2.0,0,5.0,0.020485438758658395,4.454396787632604,4.375926290211332,4.712921235497038,in-sample
era4tb_A_MXF1x_r2,7.0,10.0,2.0,0,4.34242268082221,0.020485438758658395,4.454396787632604,4.375926290211332,4.712921235497038,in-sample
era4tb_A_MXF1x_r2,7.0,2.5,2.6020599913279625,0,4.50514997831991,0.020937748573385855,4.454396787632604,4.375926290211332,4.712921235497038,in-sample
era4tb_A_MXF1x_r2,10.0,100.0,1.0,0,5.38021124171161,0.020478586520654637,5.09729972754587,4.934809687796609,5.21462437180532,in-sample
era4tb_A_MXF1x_r2,10.0,10.0,2.0,0,4.95424250943933,0.020478626632171155,5.09729972754587,4.934809687796609,5.21462437180532,in-sample
era4tb_A_MXF1x_r2,10.0,10.0,2.0,0,5.27875360095283,0.020478626632171155,5.09729972754587,4.934809687796609,5.21462437180532,in-sample
era4tb_A_MXF1x_r2,10.0,2.5,2.6020599913279625,0,4.7160033436348,0.020486820791773826,5.09729972754587,4.934809687796609,5.21462437180532,in-sample
era4tb_A_MXF1x_r2,14.0,100.0,1.0,0,6.46239799789896,0.02047858652022968,5.8235780331987,5.652817580577281,6.016317060913074,in-sample
era4tb_A_MXF1x_r2,14.0,10.0,2.0,0,6.44715803134222,0.02047858653734485,5.8235780331987,5.652817580577281,6.016317060913074,in-sample
era4tb_A_MXF1x_r2,14.0,10.0,2.0,0,5.32221929473392,0.02047858653734485,5.8235780331987,5.652817580577281,6.016317060913074,in-sample
era4tb_A_MXF1x_r2,14.0,2.5,2.6020599913279625,0,5.38021124171161,0.020478599685061813,5.8235780331987,5.652817580577281,6.016317060913074,in-sample
era4tb_A_MXF1x_r2,21.0,100.0,1.0,0,6.60205999132796,0.02047858652022966,6.515381352983432,6.035898756134326,6.877165145345463,in-sample
era4tb_A_MXF1x_r2,21.0,10.0,2.0,0,6.23044892137827,0.020478586520781043,6.515381352983432,6.035898756134326,6.877165145345463,in-sample
era4tb_A_MXF1x_r2,21.0,10.0,2.0,0,6.14612803567824,0.020478586520781043,6.515381352983432,6.035898756134326,6.877165145345463,in-sample
era4tb_A_MXF1x_r2,21.0,2.5,2.6020599913279625,0,6.30102999566398,0.020478587207226725,6.515381352983432,6.035898756134326,6.877165145345463,in-sample
era4tb_A_MXF1x_r3,1.0,100.0,1.0,0,3.55630250076729,0.020480483429052256,3.673863181298127,3.4471382417759133,3.806957180033032,in-sample
era4tb_A_MXF1x_r3,1.0,10.0,2.0,0,3.67209785793572,0.022332027017538517,3.673863181298127,3.4471382417759133,3.806957180033032,in-sample
era4tb_A_MXF1x_r3,1.0,10.0,2.0,0,3.04139268515822,0.022332027017538517,3.673863181298127,3.4471382417759133,3.806957180033032,in-sample
era4tb_A_MXF1x_r3,1.0,2.5,2.6020599913279625,0,3.20411998265592,0.048408978984953006,3.673863181298127,3.4471382417759133,3.806957180033032,in-sample
era4tb_A_MXF1x_r3,2.0,100.0,1.0,0,4.0,0.020479174655839087,3.7576391325935705,3.652021730086427,3.9946184307469492,in-sample
era4tb_A_MXF1x_r3,2.0,10.0,2.0,0,4.11394335230684,0.021320588405529098,3.7576391325935705,3.652021730086427,3.9946184307469492,in-sample
era4tb_A_MXF1x_r3,2.0,10.0,2.0,0,3.84509804001426,0.021320588405529098,3.7576391325935705,3.652021730086427,3.9946184307469492,in-sample
era4tb_A_MXF1x_r3,2.0,2.5,2.6020599913279625,0,3.50514997831991,0.03652831641170053,3.7576391325935705,3.652021730086427,3.9946184307469492,in-sample
era4tb_A_MXF1x_r3,3.0,100.0,1.0,0,4.0899051114394,0.02047876271470166,3.889962940276827,3.7909729143482087,4.1236702807189785,in-sample
era4tb_A_MXF1x_r3,3.0,10.0,2.0,0,4.39794000867204,0.020861049766313675,3.889962940276827,3.7909729143482087,4.1236702807189785,in-sample
era4tb_A_MXF1x_r3,3.0,10.0,2.0,0,4.25527250510331,0.020861049766313675,3.889962940276827,3.7909729143482087,4.1236702807189785,in-sample
era4tb_A_MXF1x_r3,3.0,2.5,2.6020599913279625,0,4.30102999566398,0.02964451828557231,3.889962940276827,3.7909729143482087,4.1236702807189785,in-sample
era4tb_A_MXF1x_r3,7.0,100.0,1.0,0,5.09691001300806,0.020478591469720208,4.433416302237767,4.206598764907154,4.770520398327764,in-sample
era4tb_A_MXF1x_r3,7.0,10.0,2.0,0,4.69897000433602,0.020500669238180995,4.433416302237767,4.206598764907154,4.770520398327764,in-sample
era4tb_A_MXF1x_r3,7.0,10.0,2.0,0,4.60205999132796,0.020500669238180995,4.433416302237767,4.206598764907154,4.770520398327764,in-sample
era4tb_A_MXF1x_r3,7.0,2.5,2.6020599913279625,0,4.55630250076729,0.021407463021321495,4.433416302237767,4.206598764907154,4.770520398327764,in-sample
era4tb_A_MXF1x_r3,10.0,100.0,1.0,0,5.11394335230684,0.020478586533092844,4.960364842755306,4.754671340842152,5.237150420703602,in-sample
era4tb_A_MXF1x_r3,10.0,10.0,2.0,0,5.14612803567824,0.020478872206837067,4.960364842755306,4.754671340842152,5.237150420703602,in-sample
era4tb_A_MXF1x_r3,10.0,10.0,2.0,0,5.17609125905568,0.020478872206837067,4.960364842755306,4.754671340842152,5.237150420703602,in-sample
era4tb_A_MXF1x_r3,10.0,2.5,2.6020599913279625,0,4.64345267648619,0.020509035574074342,4.960364842755306,4.754671340842152,5.237150420703602,in-sample
era4tb_A_MXF1x_r3,14.0,100.0,1.0,0,6.23044892137827,0.020478586520230678,5.649855523162144,5.353331842097843,6.068725639958082,in-sample
era4tb_A_MXF1x_r3,14.0,10.0,2.0,0,6.41497334797082,0.020478586856683356,5.649855523162144,5.353331842097843,6.068725639958082,in-sample
era4tb_A_MXF1x_r3,14.0,10.0,2.0,0,5.30102999566398,0.020478586856683356,5.649855523162144,5.353331842097843,6.068725639958082,in-sample
era4tb_A_MXF1x_r3,14.0,2.5,2.6020599913279625,0,5.30102999566398,0.020478728016848757,5.649855523162144,5.353331842097843,6.068725639958082,in-sample
era4tb_A_MXF1x_r3,21.0,100.0,1.0,0,6.68124123737559,0.02047858652022966,6.478935713619233,6.035120109116292,6.988000239810702,in-sample
era4tb_A_MXF1x_r3,21.0,10.0,2.0,0,6.34242268082221,0.02047858652036166,6.478935713619233,6.035120109116292,6.988000239810702,in-sample
era4tb_A_MXF1x_r3,21.0,10.0,2.0,0,6.38021124171161,0.02047858652036166,6.478935713619233,6.035120109116292,6.988000239810702,in-sample
era4tb_A_MXF1x_r3,21.0,2.5,2.6020599913279625,0,6.30102999566398,0.020478586742268337,6.478935713619233,6.035120109116292,6.988000239810702,in-sample
era4tb_A_untreated_r1,0.0,10.0,2.0,0,3.43136376415899,0.0338477185039411,3.338149981414609,2.9846775411921693,3.5093470150843564,in-sample
era4tb_A_untreated_r1,0.0,10.0,2.0,0,3.23044892137827,0.0338477185039411,3.338149981414609,2.9846775411921693,3.5093470150843564,in-sample
era4tb_A_untreated_r1,0.0,2.5,2.6020599913279625,0,3.20411998265592,0.11676093946593902,3.338149981414609,2.9846775411921693,3.5093470150843564,in-sample
era4tb_A_untreated_r1,1.0,100.0,1.0,0,3.98677173426624,0.020482028876797877,3.705831168304013,3.3869283971975115,3.915489675029497,in-sample
era4tb_A_untreated_r1,1.0,10.0,2.0,0,3.70757017609794,0.02257686340453813,3.705831168304013,3.3869283971975115,3.915489675029497,in-sample
era4tb_A_untreated_r1,1.0,10.0,2.0,0,3.23044892137827,0.02257686340453813,3.705831168304013,3.3869283971975115,3.915489675029497,in-sample
era4tb_A_untreated_r1,1.0,2.5,2.6020599913279625,0,3.30102999566398,0.04844028580021009,3.705831168304013,3.3869283971975115,3.915489675029497,in-sample
era4tb_A_untreated_r1,2.0,100.0,1.0,0,4.04139268515823,0.020478690174871576,4.075415273422999,3.789179253202854,4.325249460128099,in-sample
era4tb_A_untreated_r1,2.0,10.0,2.0,0,4.38021124171161,0.020698737607256656,4.075415273422999,3.789179253202854,4.325249460128099,in-sample
era4tb_A_untreated_r1,2.0,10.0,2.0,0,4.23044892137827,0.020698737607256656,4.075415273422999,3.789179253202854,4.325249460128099,in-sample
era4tb_A_untreated_r1,2.0,2.5,2.6020599913279625,0,3.64345267648619,0.02611100121254857,4.075415273422999,3.789179253202854,4.325249460128099,in-sample
era4tb_A_untreated_r1,3.0,100.0,1.0,0,4.69019608002851,0.020478597550603193,4.283860674634929,4.029484258774227,4.4624855764876745,in-sample
era4tb_A_untreated_r1,3.0,10.0,2.0,0,4.50514997831991,0.020530144627096004,4.283860674634929,4.029484258774227,4.4624855764876745,in-sample
era4tb_A_untreated_r1,3.0,10.0,2.0,0,4.41497334797082,0.020530144627096004,4.283860674634929,4.029484258774227,4.4624855764876745,in-sample
era4tb_A_untreated_r1,3.0,2.5,2.6020599913279625,0,4.50514997831991,0.02246075287297329,4.283860674634929,4.029484258774227,4.4624855764876745,in-sample
era4tb_A_untreated_r1,7.0,100.0,1.0,0,5.5910646070265,0.020478586520890126,5.013456177005762,4.873279563127309,5.263485310896602,in-sample
era4tb_A_untreated_r1,7.0,10.0,2.0,0,5.17609125905568,0.020478647445443404,5.013456177005762,4.873279563127309,5.263485310896602,in-sample
era4tb_A_untreated_r1,7.0,10.0,2.0,0,4.65321251377534,0.020478647445443404,5.013456177005762,4.873279563127309,5.263485310896602,in-sample
era4tb_A_untreated_r1,7.0,2.5,2.6020599913279625,0,4.68124123737559,0.02049016420347831,5.013456177005762,4.873279563127309,5.263485310896602,in-sample
era4tb_A_untreated_r1,10.0,100.0,1.0,0,5.78532983501077,0.020478586520232423,5.445077762969668,5.320510404358191,5.646268335852498,in-sample
era4tb_A_untreated_r1,10.0,10.0,2.0,0,5.54406804435028,0.020478587300658598,5.445077762969668,5.320510404358191,5.646268335852498,in-sample
era4tb_A_untreated_r1,10.0,10.0,2.0,0,5.41497334797082,0.020478587300658598,5.445077762969668,5.320510404358191,5.646268335852498,in-sample
era4tb_A_untreated_r1,10.0,2.5,2.6020599913279625,0,4.7160033436348,0.02047889883465782,5.445077762969668,5.320510404358191,5.646268335852498,in-sample
era4tb_A_untreated_r1,14.0,100.0,1.0,0,6.7481880270062,0.02047858652022967,6.039640542321468,5.777034834204867,6.281035068172252,in-sample
era4tb_A_untreated_r1,14.0,10.0,2.0,0,6.56820172406699,0.02047858652690646,6.039640542321468,5.777034834204867,6.281035068172252,in-sample
era4tb_A_untreated_r1,14.0,10.0,2.0,0,5.50514997831991,0.02047858652690646,6.039640542321468,5.777034834204867,6.281035068172252,in-sample
era4tb_A_untreated_r1,14.0,2.5,2.6020599913279625,0,5.30102999566398,0.0204785910738516,6.039640542321468,5.777034834204867,6.281035068172252,in-sample
era4tb_A_untreated_r1,21.0,100.0,1.0,0,7.01283722470517,0.02047858652022966,6.571432613090769,6.315337976928962,7.084918537957198,in-sample
era4tb_A_untreated_r1,21.0,10.0,2.0,0,6.43136376415899,0.02047858652023108,6.571432613090769,6.315337976928962,7.084918537957198,in-sample
era4tb_A_untreated_r1,21.0,10.0,2.0,0,6.36172783601759,0.02047858652023108,6.571432613090769,6.315337976928962,7.084918537957198,in-sample
era4tb_A_untreated_r1,21.0,2.5,2.6020599913279625,0,6.50514997831991,0.020478586525580912,6.571432613090769,6.315337976928962,7.084918537957198,in-sample
era4tb_A_untreated_r2,0.0,10.0,2.0,0,3.47712125471966,0.03086448860430029,3.308485300093859,3.1304085656229916,3.511364331471185,in-sample
era4tb_A_untreated_r2,0.0,10.0,2.0,0,3.14612803567824,0.03086448860430029,3.308485300093859,3.1304085656229916,3.511364331471185,in-sample
era4tb_A_untreated_r2,0.0,2.5,2.6020599913279625,0,3.20411998265592,0.10810314996401944,3.308485300093859,3.1304085656229916,3.511364331471185,in-sample
era4tb_A_untreated_r2,1.0,100.0,1.0,0,3.92941892571429,0.02048012184626864,3.685072744765672,3.5290235905225305,3.9117768123116607,in-sample
era4tb_A_untreated_r2,1.0,10.0,2.0,0,3.75587485567249,0.022042301997870068,3.685072744765672,3.5290235905225305,3.9117768123116607,in-sample
era4tb_A_untreated_r2,1.0,10.0,2.0,0,3.04139268515822,0.022042301997870068,3.685072744765672,3.5290235905225305,3.9117768123116607,in-sample
era4tb_A_untreated_r2,1.0,2.5,2.6020599913279625,0,3.30102999566398,0.04509273445109079,3.685072744765672,3.5290235905225305,3.9117768123116607,in-sample
era4tb_A_untreated_r2,2.0,100.0,1.0,0,4.15533603746506,0.020478651791339796,4.074702009304086,3.8515532129084153,4.298790843059986,in-sample
era4tb_A_untreated_r2,2.0,10.0,2.0,0,4.23044892137827,0.020662880874976138,4.074702009304086,3.8515532129084153,4.298790843059986,in-sample
era4tb_A_untreated_r2,2.0,10.0,2.0,0,4.36172783601759,0.020662880874976138,4.074702009304086,3.8515532129084153,4.298790843059986,in-sample
era4tb_A_untreated_r2,2.0,2.5,2.6020599913279625,0,3.7160033436348,0.02565263291491773,4.074702009304086,3.8515532129084153,4.298790843059986,in-sample
era4tb_A_untreated_r2,3.0,100.0,1.0,0,4.84509804001426,0.020478594552442875,4.280482717462679,4.048889314978993,4.477543906208027,in-sample
era4tb_A_untreated_r2,3.0,10.0,2.0,0,4.53147891704226,0.020523955870850086,4.280482717462679,4.048889314978993,4.477543906208027,in-sample
era4tb_A_untreated_r2,3.0,10.0,2.0,0,4.43136376415899,0.020523955870850086,4.280482717462679,4.048889314978993,4.477543906208027,in-sample
era4tb_A_untreated_r2,3.0,2.5,2.6020599913279625,0,4.44715803134222,0.022345946027035775,4.280482717462679,4.048889314978993,4.477543906208027,in-sample
era4tb_A_untreated_r2,7.0,100.0,1.0,0,5.56820172406699,0.020478586520912185,5.0316167376558525,4.849891601636009,5.326416071591832,in-sample
era4tb_A_untreated_r2,7.0,10.0,2.0,0,5.17609125905568,0.02047865206373352,5.0316167376558525,4.849891601636009,5.326416071591832,in-sample
era4tb_A_untreated_r2,7.0,10.0,2.0,0,4.51851393987789,0.02047865206373352,5.0316167376558525,4.849891601636009,5.326416071591832,in-sample
era4tb_A_untreated_r2,7.0,2.5,2.6020599913279625,0,4.68124123737559,0.020490914011965528,5.0316167376558525,4.849891601636009,5.326416071591832,in-sample
era4tb_A_untreated_r2,10.0,100.0,1.0,0,5.80617997398389,0.020478586520231212,5.480362461195746,5.26924352949426,5.687702035485029,in-sample
era4tb_A_untreated_r2,10.0,10.0,2.0,0,5.47712125471966,0.02047858725295029,5.480362461195746,5.26924352949426,5.687702035485029,in-sample
era4tb_A_untreated_r2,10.0,10.0,2.0,0,5.50514997831991,0.02047858725295029,5.480362461195746,5.26924352949426,5.687702035485029,in-sample
era4tb_A_untreated_r2,10.0,2.5,2.6020599913279625,0,4.7481880270062,0.020478915048345075,5.480362461195746,5.26924352949426,5.687702035485029,in-sample
era4tb_A_untreated_r2,14.0,100.0,1.0,0,6.63346845557959,0.020478586520229665,6.07911027632931,5.704145244220764,6.309770832699531,in-sample
era4tb_A_untreated_r2,14.0,10.0,2.0,0,6.60205999132796,0.020478586524840144,6.07911027632931,5.704145244220764,6.309770832699531,in-sample
era4tb_A_untreated_r2,14.0,10.0,2.0,0,5.44715803134222,0.020478586524840144,6.07911027632931,5.704145244220764,6.309770832699531,in-sample
era4tb_A_untreated_r2,14.0,2.5,2.6020599913279625,0,5.44715803134222,0.0204785902620481,6.07911027632931,5.704145244220764,6.309770832699531,in-sample
era4tb_A_untreated_r2,21.0,100.0,1.0,0,6.99563519459755,0.02047858652022966,6.663060172359357,6.357319716382961,7.08603027490231,in-sample
era4tb_A_untreated_r2,21.0,10.0,2.0,0,6.51851393987789,0.02047858652023053,6.663060172359357,6.357319716382961,7.08603027490231,in-sample
era4tb_A_untreated_r2,21.0,10.0,2.0,0,6.51851393987789,0.02047858652023053,6.663060172359357,6.357319716382961,7.08603027490231,in-sample
era4tb_A_untreated_r2,21.0,2.5,2.6020599913279625,0,6.60205999132796,0.020478586523499837,6.663060172359357,6.357319716382961,7.08603027490231,in-sample
era4tb_B_INH10x_r2,1.0,100.0,1.0,0,2.30102999566398,0.023438126689988202,2.588450042057555,2.358126256768174,2.8170945259298934,in-sample
era4tb_B_INH10x_r2,1.0,10.0,2.0,0,2.0,0.1417703816924705,2.588450042057555,2.358126256768174,2.8170945259298934,in-sample
era4tb_B_INH10x_r2,1.0,10.0,2.0,1,,0.1417703816924705,2.588450042057555,2.358126256768174,2.8170945259298934,in-sample
era4tb_B_INH10x_r2,1.0,2.5,2.6020599913279625,1,,0.4068200413557569,2.588450042057555,2.358126256768174,2.8170945259298934,in-sample
era4tb_B_INH10x_r2,2.0,100.0,1.0,0,2.0,0.12049181393689858,1.7070895703933173,1.4734588866043044,1.8012336756815266,in-sample
era4tb_B_INH10x_r2,2.0,10.0,2.0,0,2.30102999566398,0.5857061588900438,1.7070895703933173,1.4734588866043044,1.8012336756815266,in-sample
era4tb_B_INH10x_r2,2.0,10.0,2.0,1,,0.5857061588900438,1.7070895703933173,1.4734588866043044,1.8012336756815266,in-sample
era4tb_B_INH10x_r2,2.0,2.5,2.6020599913279625,1,,0.836322504965754,1.7070895703933173,1.4734588866043044,1.8012336756815266,in-sample
era4tb_B_INH10x_r2,3.0,100.0,1.0,0,2.30102999566398,0.2061597590358322,1.41972515286137,1.237485351753229,1.5403514996286012,in-sample
era4tb_B_INH10x_r2,3.0,10.0,2.0,0,2.0,0.7088407304551435,1.41972515286137,1.237485351753229,1.5403514996286012,in-sample
era4tb_B_INH10x_r2,3.0,10.0,2.0,1,,0.7088407304551435,1.41972515286137,1.237485351753229,1.5403514996286012,in-sample
era4tb_B_INH10x_r2,3.0,2.5,2.6020599913279625,1,,0.8986708413784734,1.41972515286137,1.237485351753229,1.5403514996286012,in-sample
era4tb_B_INH10x_r2,7.0,100.0,1.0,1,,0.7086449760341362,0.4089382163167139,-0.007459916208977582,0.6874081149823646,in-sample
era4tb_B_INH10x_r2,7.0,10.0,2.0,1,,0.9535057464047759,0.4089382163167139,-0.007459916208977582,0.6874081149823646,in-sample
era4tb_B_INH10x_r2,7.0,10.0,2.0,1,,0.9535057464047759,0.4089382163167139,-0.007459916208977582,0.6874081149823646,in-sample
era4tb_B_INH10x_r2,7.0,2.5,2.6020599913279625,1,,0.9875352499152683,0.4089382163167139,-0.007459916208977582,0.6874081149823646,in-sample
era4tb_B_INH10x_r2,10.0,100.0,1.0,0,2.0,0.5716397927775135,0.7148772506353853,0.3869943036443467,0.9432500061290162,in-sample
era4tb_B_INH10x_r2,10.0,10.0,2.0,1,,0.9166349019186316,0.7148772506353853,0.3869943036443467,0.9432500061290162,in-sample
era4tb_B_INH10x_r2,10.0,10.0,2.0,1,,0.9166349019186316,0.7148772506353853,0.3869943036443467,0.9432500061290162,in-sample
era4tb_B_INH10x_r2,10.0,2.5,2.6020599913279625,1,,0.9765571247742352,0.7148772506353853,0.3869943036443467,0.9432500061290162,in-sample
era4tb_B_INH10x_r2,14.0,100.0,1.0,1,,0.3846393842502593,0.9707539027225329,0.47307854201212696,1.727236752451431,in-sample
era4tb_B_INH10x_r2,14.0,10.0,2.0,1,,0.7973666215742878,0.9707539027225329,0.47307854201212696,1.727236752451431,in-sample
era4tb_B_INH10x_r2,14.0,10.0,2.0,1,,0.7973666215742878,0.9707539027225329,0.47307854201212696,1.727236752451431,in-sample
era4tb_B_INH10x_r2,14.0,2.5,2.6020599913279625,1,,0.9270258229791115,0.9707539027225329,0.47307854201212696,1.727236752451431,in-sample
era4tb_B_INH10x_r3,1.0,100.0,1.0,0,2.84509804001426,0.02839731681830163,2.3823730495173003,2.0726640258227427,2.9420021802957277,in-sample
era4tb_B_INH10x_r3,1.0,10.0,2.0,1,,0.19776490210057818,2.3823730495173003,2.0726640258227427,2.9420021802957277,in-sample
era4tb_B_INH10x_r3,1.0,10.0,2.0,1,,0.19776490210057818,2.3823730495173003,2.0726640258227427,2.9420021802957277,in-sample
era4tb_B_INH10x_r3,1.0,2.5,2.6020599913279625,1,,0.4781438517208759,2.3823730495173003,2.0726640258227427,2.9420021802957277,in-sample
era4tb_B_INH10x_r3,2.0,100.0,1.0,0,2.0,0.15759448648580265,1.4765511976043666,1.2740104988758536,1.8921950896388562,in-sample
era4tb_B_INH10x_r3,2.0,10.0,2.0,0,2.0,0.6307849890570665,1.4765511976043666,1.2740104988758536,1.8921950896388562,in-sample
era4tb_B_INH10x_r3,2.0,10.0,2.0,1,,0.6307849890570665,1.4765511976043666,1.2740104988758536,1.8921950896388562,in-sample
era4tb_B_INH10x_r3,2.0,2.5,2.6020599913279625,1,,0.8569068422673679,1.4765511976043666,1.2740104988758536,1.8921950896388562,in-sample
era4tb_B_INH10x_r3,3.0,100.0,1.0,0,2.0,0.25476886099889945,1.2134250462844056,1.0430395223040199,1.672571162791144,in-sample
era4tb_B_INH10x_r3,3.0,10.0,2.0,1,,0.7435962327511854,1.2134250462844056,1.0430395223040199,1.672571162791144,in-sample
era4tb_B_INH10x_r3,3.0,10.0,2.0,1,,0.7435962327511854,1.2134250462844056,1.0430395223040199,1.672571162791144,in-sample
era4tb_B_INH10x_r3,3.0,2.5,2.6020599913279625,1,,0.9116847131549627,1.2134250462844056,1.0430395223040199,1.672571162791144,in-sample
era4tb_B_INH10x_r3,7.0,100.0,1.0,1,,0.7284601469098705,0.3697087755044226,-0.30353358082947546,0.840876099158846,in-sample
era4tb_B_INH10x_r3,7.0,10.0,2.0,1,,0.95361038213052,0.3697087755044226,-0.30353358082947546,0.840876099158846,in-sample
era4tb_B_INH10x_r3,7.0,10.0,2.0,1,,0.95361038213052,0.3697087755044226,-0.30353358082947546,0.840876099158846,in-sample
era4tb_B_INH10x_r3,7.0,2.5,2.6020599913279625,1,,0.9872870516132342,0.3697087755044226,-0.30353358082947546,0.840876099158846,in-sample
era4tb_B_INH10x_r3,10.0,100.0,1.0,1,,0.5201149615348378,0.8273289674543296,0.037151903836193385,1.267276422551598,in-sample
era4tb_B_INH10x_r3,10.0,10.0,2.0,1,,0.8867019895180195,0.8273289674543296,0.037151903836193385,1.267276422551598,in-sample
era4tb_B_INH10x_r3,10.0,10.0,2.0,1,,0.8867019895180195,0.8273289674543296,0.037151903836193385,1.267276422551598,in-sample
era4tb_B_INH10x_r3,10.0,2.5,2.6020599913279625,1,,0.9659906576011489,0.8273289674543296,0.037151903836193385,1.267276422551598,in-sample
era4tb_B_INH10x_r3,14.0,100.0,1.0,0,2.0,0.2446313026623108,1.5010313171802436,0.5672033903490631,1.9150857989235714,in-sample
era4tb_B_INH10x_r3,14.0,10.0,2.0,1,,0.6777986713425393,1.5010313171802436,0.5672033903490631,1.9150857989235714,in-sample
era4tb_B_INH10x_r3,14.0,10.0,2.0,1,,0.6777986713425393,1.5010313171802436,0.5672033903490631,1.9150857989235714,in-sample
era4tb_B_INH10x_r3,14.0,2.5,2.6020599913279625,1,,0.8738313729616021,1.5010313171802436,0.5672033903490631,1.9150857989235714,in-sample
era4tb_B_INH1x_r1,1.0,100.0,1.0,0,2.69897000433602,0.022117589977407242,2.6718970861121125,2.531011033762176,2.768275319035857,in-sample
era4tb_B_INH1x_r1,1.0,10.0,2.0,0,2.77815125038364,0.1147285688495561,2.6718970861121125,2.531011033762176,2.768275319035857,in-sample
era4tb_B_INH1x_r1,1.0,10.0,2.0,1,,0.1147285688495561,2.6718970861121125,2.531011033762176,2.768275319035857,in-sample
era4tb_B_INH1x_r1,1.0,2.5,2.6020599913279625,0,2.60205999132796,0.3617595443960153,2.6718970861121125,2.531011033762176,2.768275319035857,in-sample
era4tb_B_INH1x_r1,2.0,100.0,1.0,0,2.0,0.04449219656229575,2.1946718452575107,1.8155952121668844,2.251389369954512,in-sample
era4tb_B_INH1x_r1,2.0,10.0,2.0,0,2.30102999566398,0.33955291571926327,2.1946718452575107,1.8155952121668844,2.251389369954512,in-sample
era4tb_B_INH1x_r1,2.0,10.0,2.0,1,,0.33955291571926327,2.1946718452575107,1.8155952121668844,2.251389369954512,in-sample
era4tb_B_INH1x_r1,2.0,2.5,2.6020599913279625,1,,0.6560937426591137,2.1946718452575107,1.8155952121668844,2.251389369954512,in-sample
era4tb_B_INH1x_r1,3.0,100.0,1.0,1,,0.06083188070164274,1.9892002059915639,1.7301846758772084,2.0948528160965334,in-sample
era4tb_B_INH1x_r1,3.0,10.0,2.0,0,2.30102999566398,0.4228944605342702,1.9892002059915639,1.7301846758772084,2.0948528160965334,in-sample
era4tb_B_INH1x_r1,3.0,10.0,2.0,1,,0.4228944605342702,1.9892002059915639,1.7301846758772084,2.0948528160965334,in-sample
era4tb_B_INH1x_r1,3.0,2.5,2.6020599913279625,1,,0.7286853991316471,1.9892002059915639,1.7301846758772084,2.0948528160965334,in-sample
era4tb_B_INH1x_r1,7.0,100.0,1.0,1,,0.24096178923151487,1.3057668255783277,1.1281007576813515,1.581923182249995,in-sample
era4tb_B_INH1x_r1,7.0,10.0,2.0,0,3.0,0.739325790526906,1.3057668255783277,1.1281007576813515,1.581923182249995,in-sample
era4tb_B_INH1x_r1,7.0,10.0,2.0,1,,0.739325790526906,1.3057668255783277,1.1281007576813515,1.581923182249995,in-sample
era4tb_B_INH1x_r1,7.0,2.5,2.6020599913279625,1,,0.9113941759050105,1.3057668255783277,1.1281007576813515,1.581923182249995,in-sample
era4tb_B_INH1x_r1,10.0,100.0,1.0,1,,0.04997983928579462,2.1515766632136226,1.7622250902162746,2.3924373365210414,in-sample
era4tb_B_INH1x_r1,10.0,10.0,2.0,1,,0.35196995758510863,2.1515766632136226,1.7622250902162746,2.3924373365210414,in-sample
era4tb_B_INH1x_r1,10.0,10.0,2.0,0,3.0,0.35196995758510863,2.1515766632136226,1.7622250902162746,2.3924373365210414,in-sample
era4tb_B_INH1x_r1,10.0,2.5,2.6020599913279625,1,,0.6594793332631281,2.1515766632136226,1.7622250902162746,2.3924373365210414,in-sample
era4tb_B_INH1x_r1,14.0,100.0,1.0,1,,0.02113340012057378,3.2366400565520097,2.5755601078767545,3.6184281384501698,in-sample
era4tb_B_INH1x_r1,14.0,10.0,2.0,0,3.56820172406699,0.058533040756481046,3.2366400565520097,2.5755601078767545,3.6184281384501698,in-sample
era4tb_B_INH1x_r1,14.0,10.0,2.0,0,3.0,0.058533040756481046,3.2366400565520097,2.5755601078767545,3.6184281384501698,in-sample
era4tb_B_INH1x_r1,14.0,2.5,2.6020599913279625,1,,0.18656634041803719,3.2366400565520097,2.5755601078767545,3.6184281384501698,in-sample
era4tb_B_MXF10x_r1,1.0,100.0,1.0,0,2.90308998699194,0.02173952521993492,2.7801945554348695,2.497443507827387,2.941724414155829,in-sample
era4tb_B_MXF10x_r1,1.0,10.0,2.0,0,2.69897000433602,0.09674223752452481,2.7801945554348695,2.497443507827387,2.941724414155829,in-sample
era4tb_B_MXF10x_r1,1.0,10.0,2.0,1,,0.09674223752452481,2.7801945554348695,2.497443507827387,2.941724414155829,in-sample
era4tb_B_MXF10x_r1,1.0,2.5,2.6020599913279625,0,2.60205999132796,0.3173908074060373,2.7801945554348695,2.497443507827387,2.941724414155829,in-sample
era4tb_B_MXF10x_r1,2.0,100.0,1.0,0,2.30102999566398,0.030707276315930444,2.3288002923500013,2.0768063051948538,2.6201798527404234,in-sample
era4tb_B_MXF10x_r1,2.0,10.0,2.0,0,2.0,0.22978360050624994,2.3288002923500013,2.0768063051948538,2.6201798527404234,in-sample
era4tb_B_MXF10x_r1,2.0,10.0,2.0,1,,0.22978360050624994,2.3288002923500013,2.0768063051948538,2.6201798527404234,in-sample
era4tb_B_MXF10x_r1,2.0,2.5,2.6020599913279625,1,,0.5318922322933505,2.3288002923500013,2.0768063051948538,2.6201798527404234,in-sample
era4tb_B_MXF10x_r1,3.0,100.0,1.0,0,2.47712125471966,0.04525670106581727,2.1301344245810663,1.8592230548276258,2.3618373666834995,in-sample
era4tb_B_MXF10x_r1,3.0,10.0,2.0,1,,0.3370340149312913,2.1301344245810663,1.8592230548276258,2.3618373666834995,in-sample
era4tb_B_MXF10x_r1,3.0,10.0,2.0,1,,0.3370340149312913,2.1301344245810663,1.8592230548276258,2.3618373666834995,in-sample
era4tb_B_MXF10x_r1,3.0,2.5,2.6020599913279625,0,2.90308998699194,0.6507692677270336,2.1301344245810663,1.8592230548276258,2.3618373666834995,in-sample
era4tb_B_MXF10x_r1,7.0,100.0,1.0,0,2.0,0.3256999130289632,1.1992844413150028,0.6046485148860361,1.8001237176493206,in-sample
era4tb_B_MXF10x_r1,7.0,10.0,2.0,1,,0.766275839084791,1.1992844413150028,0.6046485148860361,1.8001237176493206,in-sample
era4tb_B_MXF10x_r1,7.0,10.0,2.0,1,,0.766275839084791,1.1992844413150028,0.6046485148860361,1.8001237176493206,in-sample
era4tb_B_MXF10x_r1,7.0,2.5,2.6020599913279625,1,,0.9150670846884335,1.1992844413150028,0.6046485148860361,1.8001237176493206,in-sample
era4tb_B_MXF10x_r1,10.0,100.0,1.0,1,,0.642090921747186,0.5097889390619113,-0.35020145802474856,1.3726688275340975,in-sample
era4tb_B_MXF10x_r1,10.0,10.0,2.0,1,,0.9081110811525183,0.5097889390619113,-0.35020145802474856,1.3726688275340975,in-sample
era4tb_B_MXF10x_r1,10.0,10.0,2.0,1,,0.9081110811525183,0.5097889390619113,-0.35020145802474856,1.3726688275340975,in-sample
era4tb_B_MXF10x_r1,10.0,2.5,2.6020599913279625,1,,0.9694665653268489,0.5097889390619113,-0.35020145802474856,1.3726688275340975,in-sample
era4tb_B_MXF10x_r1,14.0,100.0,1.0,1,,0.8548318811962456,-0.3911558777221913,-2.0451162827492464,0.856617475842286,in-sample
era4tb_B_MXF10x_r1,14.0,10.0,2.0,1,,0.9663181487215632,-0.3911558777221913,-2.0451162827492464,0.856617475842286,in-sample
era4tb_B_MXF10x_r1,14.0,10.0,2.0,1,,0.9663181487215632,-0.3911558777221913,-2.0451162827492464,0.856617475842286,in-sample
era4tb_B_MXF10x_r1,14.0,2.5,2.6020599913279625,1,,0.9893031609781601,-0.3911558777221913,-2.0451162827492464,0.856617475842286,in-sample
era4tb_B_MXF10x_r2,1.0,100.0,1.0,0,2.95424250943932,0.021118429168689355,2.894605855101548,2.6474262289078863,3.175537635677331,in-sample
era4tb_B_MXF10x_r2,1.0,10.0,2.0,0,3.0,0.07145124141925865,2.894605855101548,2.6474262289078863,3.175537635677331,in-sample
era4tb_B_MXF10x_r2,1.0,10.0,2.0,0,3.30102999566398,0.07145124141925865,2.894605855101548,2.6474262289078863,3.175537635677331,in-sample
era4tb_B_MXF10x_r2,1.0,2.5,2.6020599913279625,0,2.90308998699194,0.2511430895433356,2.894605855101548,2.6474262289078863,3.175537635677331,in-sample
era4tb_B_MXF10x_r2,2.0,100.0,1.0,0,2.47712125471966,0.024063054110033524,2.523795274446733,2.343366093277879,2.7537165010226476,in-sample
era4tb_B_MXF10x_r2,2.0,10.0,2.0,0,2.0,0.15189821581317753,2.523795274446733,2.343366093277879,2.7537165010226476,in-sample
era4tb_B_MXF10x_r2,2.0,10.0,2.0,1,,0.15189821581317753,2.523795274446733,2.343366093277879,2.7537165010226476,in-sample
era4tb_B_MXF10x_r2,2.0,2.5,2.6020599913279625,1,,0.42325724727683794,2.523795274446733,2.343366093277879,2.7537165010226476,in-sample
era4tb_B_MXF10x_r2,3.0,100.0,1.0,0,2.47712125471966,0.026878380833362955,2.422931907354526,2.2179846189259127,2.6440860599902023,in-sample
era4tb_B_MXF10x_r2,3.0,10.0,2.0,0,2.0,0.19572596545596538,2.422931907354526,2.2179846189259127,2.6440860599902023,in-sample
era4tb_B_MXF10x_r2,3.0,10.0,2.0,0,3.0,0.19572596545596538,2.422931907354526,2.2179846189259127,2.6440860599902023,in-sample
era4tb_B_MXF10x_r2,3.0,2.5,2.6020599913279625,0,2.90308998699194,0.4911940699760865,2.422931907354526,2.2179846189259127,2.6440860599902023,in-sample
era4tb_B_MXF10x_r2,7.0,100.0,1.0,0,2.30102999566398,0.06955801539275593,1.9620986479814873,1.6519919128719174,2.258844023515847,in-sample
era4tb_B_MXF10x_r2,7.0,10.0,2.0,0,2.30102999566398,0.4378551832477388,1.9620986479814873,1.6519919128719174,2.258844023515847,in-sample
era4tb_B_MXF10x_r2,7.0,10.0,2.0,1,,0.4378551832477388,1.9620986479814873,1.6519919128719174,2.258844023515847,in-sample
era4tb_B_MXF10x_r2,7.0,2.5,2.6020599913279625,1,,0.7334832754819333,1.9620986479814873,1.6519919128719174,2.258844023515847,in-sample
era4tb_B_MXF10x_r2,10.0,100.0,1.0,1,,0.1078915489308581,1.6941297575860617,1.4454303829935873,2.07156907598398,in-sample
era4tb_B_MXF10x_r2,10.0,10.0,2.0,1,,0.5439169497543443,1.6941297575860617,1.4454303829935873,2.07156907598398,in-sample
era4tb_B_MXF10x_r2,10.0,10.0,2.0,1,,0.5439169497543443,1.6941297575860617,1.4454303829935873,2.07156907598398,in-sample
era4tb_B_MXF10x_r2,10.0,2.5,2.6020599913279625,0,2.60205999132796,0.8064297104839153,1.6941297575860617,1.4454303829935873,2.07156907598398,in-sample
era4tb_B_MXF10x_r2,14.0,100.0,1.0,1,,0.20019643773688509,1.5388715374455813,1.0424843494539653,1.8717052142251978,in-sample
era4tb_B_MXF10x_r2,14.0,10.0,2.0,0,2.0,0.6664946280600551,1.5388715374455813,1.0424843494539653,1.8717052142251978,in-sample
era4tb_B_MXF10x_r2,14.0,10.0,2.0,1,,0.6664946280600551,1.5388715374455813,1.0424843494539653,1.8717052142251978,in-sample
era4tb_B_MXF10x_r2,14.0,2.5,2.6020599913279625,1,,0.869974765482601,1.5388715374455813,1.0424843494539653,1.8717052142251978,in-sample
era4tb_B_MXF10x_r3,1.0,100.0,1.0,0,2.77815125038364,0.022404213707473766,2.7349377588575354,2.409173124958916,2.9076942494869296,in-sample
era4tb_B_MXF10x_r3,1.0,10.0,2.0,0,2.47712125471966,0.11126668238497826,2.7349377588575354,2.409173124958916,2.9076942494869296,in-sample
era4tb_B_MXF10x_r3,1.0,10.0,2.0,1,,0.11126668238497826,2.7349377588575354,2.409173124958916,2.9076942494869296,in-sample
era4tb_B_MXF10x_r3,1.0,2.5,2.6020599913279625,0,2.60205999132796,0.3443877037594619,2.7349377588575354,2.409173124958916,2.9076942494869296,in-sample
era4tb_B_MXF10x_r3,2.0,100.0,1.0,0,2.0,0.03141513583242247,2.360710915567911,2.083495680224021,2.52687091350539,in-sample
era4tb_B_MXF10x_r3,2.0,10.0,2.0,0,2.30102999566398,0.2395082400519923,2.360710915567911,2.083495680224021,2.52687091350539,in-sample
era4tb_B_MXF10x_r3,2.0,10.0,2.0,1,,0.2395082400519923,2.360710915567911,2.083495680224021,2.52687091350539,in-sample
era4tb_B_MXF10x_r3,2.0,2.5,2.6020599913279625,0,2.90308998699194,0.5457288782526728,2.360710915567911,2.083495680224021,2.52687091350539,in-sample
era4tb_B_MXF10x_r3,3.0,10.0,2.0,0,2.30102999566398,0.33191263103018576,2.125099190659541,1.8989939250559342,2.354818374912882,in-sample
era4tb_B_MXF10x_r3,3.0,10.0,2.0,1,,0.33191263103018576,2.125099190659541,1.8989939250559342,2.354818374912882,in-sample
era4tb_B_MXF10x_r3,3.0,2.5,2.6020599913279625,1,,0.6479509418243908,2.125099190659541,1.8989939250559342,2.354818374912882,in-sample
era4tb_B_MXF10x_r3,7.0,100.0,1.0,0,2.0,0.2457704784692684,1.4296732556456113,0.8751841850763276,1.6900181059358306,in-sample
era4tb_B_MXF10x_r3,7.0,10.0,2.0,1,,0.7233803862464205,1.4296732556456113,0.8751841850763276,1.6900181059358306,in-sample
era4tb_B_MXF10x_r3,7.0,10.0,2.0,1,,0.7233803862464205,1.4296732556456113,0.8751841850763276,1.6900181059358306,in-sample
era4tb_B_MXF10x_r3,7.0,2.5,2.6020599913279625,1,,0.9017093132008033,1.4296732556456113,0.8751841850763276,1.6900181059358306,in-sample
era4tb_B_MXF10x_r3,10.0,100.0,1.0,1,,0.5266601503509606,0.8231718859712394,-0.09425092108764532,1.446023178931639,in-sample
era4tb_B_MXF10x_r3,10.0,10.0,2.0,1,,0.8728486423740536,0.8231718859712394,-0.09425092108764532,1.446023178931639,in-sample
era4tb_B_MXF10x_r3,10.0,10.0,2.0,1,,0.8728486423740536,0.8231718859712394,-0.09425092108764532,1.446023178931639,in-sample
era4tb_B_MXF10x_r3,10.0,2.5,2.6020599913279625,1,,0.959238690883848,0.8231718859712394,-0.09425092108764532,1.446023178931639,in-sample
era4tb_B_MXF10x_r3,14.0,100.0,1.0,1,,0.7530339372012251,-0.0634499396287409,-1.3760752225192616,1.2193545490862017,in-sample
era4tb_B_MXF10x_r3,14.0,10.0,2.0,1,,0.9427800635839236,-0.0634499396287409,-1.3760752225192616,1.2193545490862017,in-sample
era4tb_B_MXF10x_r3,14.0,10.0,2.0,1,,0.9427800635839236,-0.0634499396287409,-1.3760752225192616,1.2193545490862017,in-sample
era4tb_B_MXF10x_r3,14.0,2.5,2.6020599913279625,1,,0.9826723007706932,-0.0634499396287409,-1.3760752225192616,1.2193545490862017,in-sample
era4tb_B_MXF1x_r1,1.0,100.0,1.0,0,3.70757017609794,0.0204853757959277,3.6343090685790527,3.3042488438752677,3.8330375416200835,in-sample
era4tb_B_MXF1x_r1,1.0,10.0,2.0,0,3.7481880270062,0.02369608528872485,3.6343090685790527,3.3042488438752677,3.8330375416200835,in-sample
era4tb_B_MXF1x_r1,1.0,10.0,2.0,0,3.60205999132796,0.02369608528872485,3.6343090685790527,3.3042488438752677,3.8330375416200835,in-sample
era4tb_B_MXF1x_r1,1.0,2.5,2.6020599913279625,0,3.44715803134222,0.05815590574193857,3.6343090685790527,3.3042488438752677,3.8330375416200835,in-sample
era4tb_B_MXF1x_r1,2.0,100.0,1.0,1,,0.020482455217268394,3.723590381135067,3.393563088409272,3.9641830556760635,in-sample
era4tb_B_MXF1x_r1,2.0,10.0,2.0,0,3.77815125038364,0.022671103196979663,3.723590381135067,3.393563088409272,3.9641830556760635,in-sample
era4tb_B_MXF1x_r1,2.0,10.0,2.0,0,3.95424250943932,0.022671103196979663,3.723590381135067,3.393563088409272,3.9641830556760635,in-sample
era4tb_B_MXF1x_r1,2.0,2.5,2.6020599913279625,0,3.90308998699194,0.04885671770488079,3.723590381135067,3.393563088409272,3.9641830556760635,in-sample
era4tb_B_MXF1x_r1,3.0,100.0,1.0,0,3.17609125905568,0.02048140128569569,3.7407415777754114,3.4039533769143477,3.9858158070096987,in-sample
era4tb_B_MXF1x_r1,3.0,10.0,2.0,0,3.84509804001426,0.022296399706653525,3.7407415777754114,3.4039533769143477,3.9858158070096987,in-sample
era4tb_B_MXF1x_r1,3.0,10.0,2.0,0,3.84509804001426,0.022296399706653525,3.7407415777754114,3.4039533769143477,3.9858158070096987,in-sample
era4tb_B_MXF1x_r1,3.0,2.5,2.6020599913279625,0,4.30102999566398,0.04553020400161611,3.7407415777754114,3.4039533769143477,3.9858158070096987,in-sample
era4tb_B_MXF1x_r1,7.0,100.0,1.0,0,3.7481880270062,0.020479814378678154,3.811145362357498,3.4746465556169777,4.221417997404565,in-sample
era4tb_B_MXF1x_r1,7.0,10.0,2.0,0,3.84509804001426,0.02163325057950923,3.811145362357498,3.4746465556169777,4.221417997404565,in-sample
era4tb_B_MXF1x_r1,7.0,10.0,2.0,0,3.69897000433602,0.02163325057950923,3.811145362357498,3.4746465556169777,4.221417997404565,in-sample
era4tb_B_MXF1x_r1,7.0,2.5,2.6020599913279625,0,3.7160033436348,0.03851350353194826,3.811145362357498,3.4746465556169777,4.221417997404565,in-sample
era4tb_B_MXF1x_r1,10.0,100.0,1.0,0,4.20411998265593,0.020478592710530354,4.30516467468832,4.053767583337888,4.598430141917702,in-sample
era4tb_B_MXF1x_r1,10.0,10.0,2.0,0,4.30102999566398,0.020514684760464735,4.30516467468832,4.053767583337888,4.598430141917702,in-sample
era4tb_B_MXF1x_r1,10.0,10.0,2.0,0,4.27875360095283,0.020514684760464735,4.30516467468832,4.053767583337888,4.598430141917702,in-sample
era4tb_B_MXF1x_r1,10.0,2.5,2.6020599913279625,0,4.20411998265593,0.022004244821156822,4.30516467468832,4.053767583337888,4.598430141917702,in-sample
era4tb_B_MXF1x_r1,14.0,100.0,1.0,0,4.39794000867204,0.020478586523831346,4.873098930660377,4.760417099572555,5.3477379328319685,in-sample
era4tb_B_MXF1x_r1,14.0,10.0,2.0,0,5.27875360095283,0.02047878380763213,4.873098930660377,4.760417099572555,5.3477379328319685,in-sample
era4tb_B_MXF1x_r1,14.0,10.0,2.0,0,5.30102999566398,0.02047878380763213,4.873098930660377,4.760417099572555,5.3477379328319685,in-sample
era4tb_B_MXF1x_r1,14.0,2.5,2.6020599913279625,0,5.60205999132796,0.020506534104556155,4.873098930660377,4.760417099572555,5.3477379328319685,in-sample
era4tb_B_MXF1x_r3,1.0,100.0,1.0,0,3.25527250510331,0.020484103742595402,3.5656940378187403,3.35483724280228,3.6975427403916856,in-sample
era4tb_B_MXF1x_r3,1.0,10.0,2.0,0,3.57978359661681,0.023927779687498162,3.5656940378187403,3.35483724280228,3.6975427403916856,in-sample
era4tb_B_MXF1x_r3,1.0,10.0,2.0,0,3.60205999132796,0.023927779687498162,3.5656940378187403,3.35483724280228,3.6975427403916856,in-sample
era4tb_B_MXF1x_r3,1.0,2.5,2.6020599913279625,0,3.20411998265592,0.06277575007010007,3.5656940378187403,3.35483724280228,3.6975427403916856,in-sample
era4tb_B_MXF1x_r3,2.0,100.0,1.0,0,3.6232492903979,0.02048295116889202,3.590054391576083,3.3758123630498003,3.8647229385691575,in-sample
era4tb_B_MXF1x_r3,2.0,10.0,2.0,0,3.69897000433602,0.02325531480048959,3.590054391576083,3.3758123630498003,3.8647229385691575,in-sample
era4tb_B_MXF1x_r3,2.0,10.0,2.0,0,3.60205999132796,0.02325531480048959,3.590054391576083,3.3758123630498003,3.8647229385691575,in-sample
era4tb_B_MXF1x_r3,2.0,2.5,2.6020599913279625,0,4.07918124604763,0.05590203694604125,3.590054391576083,3.3758123630498003,3.8647229385691575,in-sample
era4tb_B_MXF1x_r3,3.0,100.0,1.0,0,3.39794000867204,0.02048175003993385,3.6444880820543704,3.446412174077986,3.86277324416973,in-sample
era4tb_B_MXF1x_r3,3.0,10.0,2.0,0,3.90308998699194,0.022798974180188898,3.6444880820543704,3.446412174077986,3.86277324416973,in-sample
era4tb_B_MXF1x_r3,3.0,10.0,2.0,0,3.84509804001426,0.022798974180188898,3.6444880820543704,3.446412174077986,3.86277324416973,in-sample
era4tb_B_MXF1x_r3,3.0,2.5,2.6020599913279625,0,3.60205999132796,0.052045474358210324,3.6444880820543704,3.446412174077986,3.86277324416973,in-sample
era4tb_B_MXF1x_r3,7.0,100.0,1.0,0,3.38021124171161,0.020482409734884542,3.7319068805181232,3.4059468080041304,4.044552937403862,in-sample
era4tb_B_MXF1x_r3,7.0,10.0,2.0,0,3.77815125038364,0.022396844825458666,3.7319068805181232,3.4059468080041304,4.044552937403862,in-sample
era4tb_B_MXF1x_r3,7.0,10.0,2.0,0,4.07918124604763,0.022396844825458666,3.7319068805181232,3.4059468080041304,4.044552937403862,in-sample
era4tb_B_MXF1x_r3,7.0,2.5,2.6020599913279625,0,3.64345267648619,0.04519148829541393,3.7319068805181232,3.4059468080041304,4.044552937403862,in-sample
era4tb_B_MXF1x_r3,10.0,100.0,1.0,0,4.14612803567824,0.020478649508294595,4.258839110186427,3.8621562860351,4.543943185859904,in-sample
era4tb_B_MXF1x_r3,10.0,10.0,2.0,0,4.27875360095283,0.0206220059932865,4.258839110186427,3.8621562860351,4.543943185859904,in-sample
era4tb_B_MXF1x_r3,10.0,10.0,2.0,0,4.17609125905568,0.0206220059932865,4.258839110186427,3.8621562860351,4.543943185859904,in-sample
era4tb_B_MXF1x_r3,10.0,2.5,2.6020599913279625,0,4.07918124604763,0.024290331924038143,4.258839110186427,3.8621562860351,4.543943185859904,in-sample
era4tb_B_MXF1x_r3,14.0,100.0,1.0,0,3.80617997398389,0.020478587034700946,4.926493433050533,4.3508499440948665,5.291242217192757,in-sample
era4tb_B_MXF1x_r3,14.0,10.0,2.0,0,5.55630250076729,0.020483239038970664,4.926493433050533,4.3508499440948665,5.291242217192757,in-sample
era4tb_B_MXF1x_r3,14.0,10.0,2.0,0,5.27875360095283,0.020483239038970664,4.926493433050533,4.3508499440948665,5.291242217192757,in-sample
era4tb_B_MXF1x_r3,14.0,2.5,2.6020599913279625,0,4.90308998699194,0.0207356394278209,4.926493433050533,4.3508499440948665,5.291242217192757,in-sample
era4tb_B_untreated_r1,0.0,100.0,1.0,0,3.74036268949424,0.020554196171994794,3.2132051704975746,3.019427579318405,3.5266959553514625,in-sample
era4tb_B_untreated_r1,0.0,10.0,2.0,0,3.47712125471966,0.035742956282325336,3.2132051704975746,3.019427579318405,3.5266959553514625,in-sample
era4tb_B_untreated_r1,0.0,10.0,2.0,0,3.69897000433602,0.035742956282325336,3.2132051704975746,3.019427579318405,3.5266959553514625,in-sample
era4tb_B_untreated_r1,0.0,2.5,2.6020599913279625,0,3.55630250076729,0.12957882096220402,3.2132051704975746,3.019427579318405,3.5266959553514625,in-sample
era4tb_B_untreated_r1,1.0,100.0,1.0,0,3.47712125471966,0.020484990651310285,3.53728792987217,3.3614679466052912,3.8091931584635046,in-sample
era4tb_B_untreated_r1,1.0,10.0,2.0,0,3.14612803567824,0.024020370433772274,3.53728792987217,3.3614679466052912,3.8091931584635046,in-sample
era4tb_B_untreated_r1,1.0,10.0,2.0,0,3.60205999132796,0.024020370433772274,3.53728792987217,3.3614679466052912,3.8091931584635046,in-sample
era4tb_B_untreated_r1,1.0,2.5,2.6020599913279625,0,3.60205999132796,0.06237396483670461,3.53728792987217,3.3614679466052912,3.8091931584635046,in-sample
era4tb_B_untreated_r1,2.0,100.0,1.0,0,3.66275783168157,0.020479024490156445,3.898625717243845,3.662736793351307,4.146996258378863,in-sample
era4tb_B_untreated_r1,2.0,10.0,2.0,0,4.04139268515823,0.0211255107907166,3.898625717243845,3.662736793351307,4.146996258378863,in-sample
era4tb_B_untreated_r1,2.0,2.5,2.6020599913279625,0,4.07918124604763,0.03328101891261668,3.898625717243845,3.662736793351307,4.146996258378863,in-sample
era4tb_B_untreated_r1,3.0,100.0,1.0,0,3.60205999132796,0.020478691101374503,4.016212388978762,3.854924477781092,4.256641241927699,in-sample
era4tb_B_untreated_r1,3.0,10.0,2.0,0,4.20411998265593,0.020734700959094778,4.016212388978762,3.854924477781092,4.256641241927699,in-sample
era4tb_B_untreated_r1,3.0,10.0,2.0,0,4.04139268515823,0.020734700959094778,4.016212388978762,3.854924477781092,4.256641241927699,in-sample
era4tb_B_untreated_r1,3.0,2.5,2.6020599913279625,0,4.30102999566398,0.02711943877405579,4.016212388978762,3.854924477781092,4.256641241927699,in-sample
era4tb_B_untreated_r1,7.0,100.0,1.0,0,4.83884909073726,0.020478587074620816,4.567268562993743,4.333535810350025,4.808522343517849,in-sample
era4tb_B_untreated_r1,7.0,10.0,2.0,0,4.84509804001426,0.02048436970061592,4.567268562993743,4.333535810350025,4.808522343517849,in-sample
era4tb_B_untreated_r1,7.0,10.0,2.0,0,4.60205999132796,0.02048436970061592,4.567268562993743,4.333535810350025,4.808522343517849,in-sample
era4tb_B_untreated_r1,7.0,2.5,2.6020599913279625,0,3.60205999132796,0.020838173729653037,4.567268562993743,4.333535810350025,4.808522343517849,in-sample
era4tb_B_untreated_r1,10.0,100.0,1.0,0,5.11394335230684,0.020478586525697492,5.074278187196809,4.740458164919748,5.3708173468465965,in-sample
era4tb_B_untreated_r1,10.0,10.0,2.0,0,5.17609125905568,0.02047876588543748,5.074278187196809,4.740458164919748,5.3708173468465965,in-sample
era4tb_B_untreated_r1,10.0,10.0,2.0,0,5.04139268515823,0.02047876588543748,5.074278187196809,4.740458164919748,5.3708173468465965,in-sample
era4tb_B_untreated_r1,10.0,2.5,2.6020599913279625,0,4.80617997398389,0.020500524782566414,5.074278187196809,4.740458164919748,5.3708173468465965,in-sample
era4tb_B_untreated_r1,14.0,100.0,1.0,0,5.6232492903979,0.020478586520242408,5.796945495059813,5.161203063425603,6.181256838332114,in-sample
era4tb_B_untreated_r1,14.0,10.0,2.0,0,6.14612803567824,0.020478588343462164,5.796945495059813,5.161203063425603,6.181256838332114,in-sample
era4tb_B_untreated_r1,14.0,10.0,2.0,0,5.60205999132796,0.020478588343462164,5.796945495059813,5.161203063425603,6.181256838332114,in-sample
era4tb_B_untreated_r1,14.0,2.5,2.6020599913279625,0,5.85733249643127,0.020479102873700243,5.796945495059813,5.161203063425603,6.181256838332114,in-sample
era4tb_B_untreated_r2,0.0,100.0,1.0,0,3.39794000867204,0.020505815312773342,3.435715617052653,3.108973590569152,3.7243385829116757,in-sample
era4tb_B_untreated_r2,0.0,10.0,2.0,0,3.84509804001426,0.028436909931194063,3.435715617052653,3.108973590569152,3.7243385829116757,in-sample
era4tb_B_untreated_r2,0.0,10.0,2.0,0,3.60205999132796,0.028436909931194063,3.435715617052653,3.108973590569152,3.7243385829116757,in-sample
era4tb_B_untreated_r2,0.0,2.5,2.6020599913279625,0,3.64345267648619,0.09072209675190475,3.435715617052653,3.108973590569152,3.7243385829116757,in-sample
era4tb_B_untreated_r2,1.0,10.0,2.0,0,3.84509804001426,0.021972795577331193,3.7034421543744256,3.5275522299112825,3.9160132366600444,in-sample
era4tb_B_untreated_r2,1.0,10.0,2.0,0,4.07918124604763,0.021972795577331193,3.7034421543744256,3.5275522299112825,3.9160132366600444,in-sample
era4tb_B_untreated_r2,1.0,2.5,2.6020599913279625,0,3.85733249643127,0.04383746821848357,3.7034421543744256,3.5275522299112825,3.9160132366600444,in-sample
era4tb_B_untreated_r2,2.0,100.0,1.0,1,,0.020478663979364275,3.987964761169902,3.889247068832749,4.178378860072292,in-sample
era4tb_B_untreated_r2,2.0,10.0,2.0,0,3.77815125038364,0.020697230428736006,3.987964761169902,3.889247068832749,4.178378860072292,in-sample
era4tb_B_untreated_r2,2.0,2.5,2.6020599913279625,0,3.90308998699194,0.026543178345416994,3.987964761169902,3.889247068832749,4.178378860072292,in-sample
era4tb_B_untreated_r2,3.0,100.0,1.0,0,4.25527250510331,0.020478606366865337,4.156701126544887,4.020594684386739,4.29221256912906,in-sample
era4tb_B_untreated_r2,3.0,10.0,2.0,0,4.07918124604763,0.0205647586202657,4.156701126544887,4.020594684386739,4.29221256912906,in-sample
era4tb_B_untreated_r2,3.0,10.0,2.0,0,4.20411998265593,0.0205647586202657,4.156701126544887,4.020594684386739,4.29221256912906,in-sample
era4tb_B_untreated_r2,3.0,2.5,2.6020599913279625,0,4.20411998265593,0.02354571029910252,4.156701126544887,4.020594684386739,4.29221256912906,in-sample
era4tb_B_untreated_r2,7.0,100.0,1.0,0,4.73239375982297,0.020478586583824128,4.733364872926606,4.521193620592308,4.927684361849074,in-sample
era4tb_B_untreated_r2,7.0,10.0,2.0,0,5.0,0.02048004510958742,4.733364872926606,4.521193620592308,4.927684361849074,in-sample
era4tb_B_untreated_r2,7.0,10.0,2.0,0,4.60205999132796,0.02048004510958742,4.733364872926606,4.521193620592308,4.927684361849074,in-sample
era4tb_B_untreated_r2,7.0,2.5,2.6020599913279625,0,3.55630250076729,0.020613962882449852,4.733364872926606,4.521193620592308,4.927684361849074,in-sample
era4tb_B_untreated_r2,10.0,100.0,1.0,0,5.23044892137827,0.02047858652104883,5.1713644606882045,4.8808501725579045,5.323089544671177,in-sample
era4tb_B_untreated_r2,10.0,10.0,2.0,0,5.17609125905568,0.020478635613426523,5.1713644606882045,4.8808501725579045,5.323089544671177,in-sample
era4tb_B_untreated_r2,10.0,10.0,2.0,0,5.14612803567824,0.020478635613426523,5.1713644606882045,4.8808501725579045,5.323089544671177,in-sample
era4tb_B_untreated_r2,10.0,2.5,2.6020599913279625,0,4.85733249643127,0.020486933060553,5.1713644606882045,4.8808501725579045,5.323089544671177,in-sample
era4tb_B_untreated_r2,14.0,100.0,1.0,0,5.41497334797082,0.02047858652023464,5.683481292362585,5.260814069955869,5.958139095040596,in-sample
era4tb_B_untreated_r2,14.0,10.0,2.0,0,5.77815125038364,0.020478587417629847,5.683481292362585,5.260814069955869,5.958139095040596,in-sample
era4tb_B_untreated_r2,14.0,10.0,2.0,0,5.90308998699194,0.020478587417629847,5.683481292362585,5.260814069955869,5.958139095040596,in-sample
era4tb_B_untreated_r2,14.0,2.5,2.6020599913279625,0,5.83250891270624,0.020478876196470052,5.683481292362585,5.260814069955869,5.958139095040596,in-sample
era4tb_B_untreated_r3,0.0,100.0,1.0,0,3.86332286012046,0.02053113906086631,3.379873800985454,3.0554989453148838,3.672885232107318,in-sample
era4tb_B_untreated_r3,0.0,10.0,2.0,0,3.69897000433602,0.030403229467766173,3.379873800985454,3.0554989453148838,3.672885232107318,in-sample
era4tb_B_untreated_r3,0.0,10.0,2.0,0,3.47712125471966,0.030403229467766173,3.379873800985454,3.0554989453148838,3.672885232107318,in-sample
era4tb_B_untreated_r3,0.0,2.5,2.6020599913279625,0,3.55630250076729,0.09794879117554432,3.379873800985454,3.0554989453148838,3.672885232107318,in-sample
era4tb_B_untreated_r3,1.0,100.0,1.0,1,,0.020481717838068007,3.6889710680694594,3.504726387002776,3.9418949123960463,in-sample
era4tb_B_untreated_r3,1.0,10.0,2.0,0,3.60205999132796,0.022288718388474904,3.6889710680694594,3.504726387002776,3.9418949123960463,in-sample
era4tb_B_untreated_r3,1.0,10.0,2.0,0,4.04139268515823,0.022288718388474904,3.6889710680694594,3.504726387002776,3.9418949123960463,in-sample
era4tb_B_untreated_r3,1.0,2.5,2.6020599913279625,0,3.64345267648619,0.04565738258655445,3.6889710680694594,3.504726387002776,3.9418949123960463,in-sample
era4tb_B_untreated_r3,2.0,100.0,1.0,0,3.23044892137827,0.02047871661735772,4.0122087334666325,3.858739096631805,4.2287780723410044,in-sample
era4tb_B_untreated_r3,2.0,10.0,2.0,0,3.90308998699194,0.020729395787169456,4.0122087334666325,3.858739096631805,4.2287780723410044,in-sample
era4tb_B_untreated_r3,2.0,2.5,2.6020599913279625,0,4.07918124604763,0.02681699446468772,4.0122087334666325,3.858739096631805,4.2287780723410044,in-sample
era4tb_B_untreated_r3,3.0,100.0,1.0,0,4.25527250510331,0.020478608037104756,4.134288434448962,4.03117078701418,4.331826147267136,in-sample
era4tb_B_untreated_r3,3.0,10.0,2.0,0,4.23044892137827,0.02056802289126699,4.134288434448962,4.03117078701418,4.331826147267136,in-sample
era4tb_B_untreated_r3,3.0,10.0,2.0,0,4.25527250510331,0.02056802289126699,4.134288434448962,4.03117078701418,4.331826147267136,in-sample
era4tb_B_untreated_r3,3.0,2.5,2.6020599913279625,0,4.07918124604763,0.023626938049553774,4.134288434448962,4.03117078701418,4.331826147267136,in-sample
era4tb_B_untreated_r3,7.0,100.0,1.0,0,4.53147891704226,0.020478586797473237,4.684375426406094,4.297063956710192,5.041863098819612,in-sample
era4tb_B_untreated_r3,7.0,10.0,2.0,0,5.04139268515823,0.02048261129056316,4.684375426406094,4.297063956710192,5.041863098819612,in-sample
era4tb_B_untreated_r3,7.0,10.0,2.0,0,4.60205999132796,0.02048261129056316,4.684375426406094,4.297063956710192,5.041863098819612,in-sample
era4tb_B_untreated_r3,7.0,2.5,2.6020599913279625,0,3.44715803134222,0.02075277627577846,4.684375426406094,4.297063956710192,5.041863098819612,in-sample
era4tb_B_untreated_r3,10.0,100.0,1.0,0,5.17609125905568,0.020478586522984992,5.056313037793029,4.690137294363259,5.295998022375412,in-sample
era4tb_B_untreated_r3,10.0,10.0,2.0,0,5.23044892137827,0.020478752552543954,5.056313037793029,4.690137294363259,5.295998022375412,in-sample
era4tb_B_untreated_r3,10.0,10.0,2.0,0,5.14612803567824,0.020478752552543954,5.056313037793029,4.690137294363259,5.295998022375412,in-sample
era4tb_B_untreated_r3,10.0,2.5,2.6020599913279625,0,4.60205999132796,0.020502472819842053,5.056313037793029,4.690137294363259,5.295998022375412,in-sample
era4tb_B_untreated_r3,14.0,100.0,1.0,0,5.14612803567824,0.02047858652029755,5.453581698045526,5.012734712573282,5.841768261948415,in-sample
era4tb_B_untreated_r3,14.0,10.0,2.0,0,5.77815125038364,0.020478595369687314,5.453581698045526,5.012734712573282,5.841768261948415,in-sample
era4tb_B_untreated_r3,14.0,10.0,2.0,0,6.0,0.020478595369687314,5.453581698045526,5.012734712573282,5.841768261948415,in-sample
era4tb_B_untreated_r3,14.0,2.5,2.6020599913279625,0,5.60205999132796,0.020480639430363212,5.453581698045526,5.012734712573282,5.841768261948415,in-sample
era4tb_C_INH10x_r1,0.0,100.0,1.0,0,4.17609125905568,0.020485236551127477,3.605333837964315,3.296512547517546,3.931941506871545,in-sample
era4tb_C_INH10x_r1,0.0,10.0,2.0,0,4.04139268515823,0.023439969991847408,3.605333837964315,3.296512547517546,3.931941506871545,in-sample
era4tb_C_INH10x_r1,0.0,10.0,2.0,0,4.25527250510331,0.023439969991847408,3.605333837964315,3.296512547517546,3.931941506871545,in-sample
era4tb_C_INH10x_r1,0.0,2.5,2.6020599913279625,0,3.94448267215017,0.05464604134384306,3.605333837964315,3.296512547517546,3.931941506871545,in-sample
era4tb_C_INH10x_r1,1.0,100.0,1.0,0,1.47712125471966,0.030287817148596442,2.4340783980335874,2.0540319001306635,2.628544653984742,in-sample
era4tb_C_INH10x_r1,1.0,10.0,2.0,0,2.0,0.22062035514573897,2.4340783980335874,2.0540319001306635,2.628544653984742,in-sample
era4tb_C_INH10x_r1,1.0,10.0,2.0,1,,0.22062035514573897,2.4340783980335874,2.0540319001306635,2.628544653984742,in-sample
era4tb_C_INH10x_r1,1.0,2.5,2.6020599913279625,1,,0.519067337371293,2.4340783980335874,2.0540319001306635,2.628544653984742,in-sample
era4tb_C_INH10x_r1,2.0,100.0,1.0,1,,0.34591514374725263,1.2159535129737704,0.5244859179966814,1.365207750140217,in-sample
era4tb_C_INH10x_r1,2.0,10.0,2.0,1,,0.8067905948892157,1.2159535129737704,0.5244859179966814,1.365207750140217,in-sample
era4tb_C_INH10x_r1,2.0,10.0,2.0,1,,0.8067905948892157,1.2159535129737704,0.5244859179966814,1.365207750140217,in-sample
era4tb_C_INH10x_r1,2.0,2.5,2.6020599913279625,1,,0.9378389486474121,1.2159535129737704,0.5244859179966814,1.365207750140217,in-sample
era4tb_C_INH10x_r1,3.0,100.0,1.0,1,,0.6693768003348795,0.5858411391347227,-0.17752864069137841,0.8729460651206405,in-sample
era4tb_C_INH10x_r1,3.0,10.0,2.0,1,,0.9410193611723242,0.5858411391347227,-0.17752864069137841,0.8729460651206405,in-sample
era4tb_C_INH10x_r1,3.0,10.0,2.0,1,,0.9410193611723242,0.5858411391347227,-0.17752864069137841,0.8729460651206405,in-sample
era4tb_C_INH10x_r1,3.0,2.5,2.6020599913279625,1,,0.9837442595997506,0.5858411391347227,-0.17752864069137841,0.8729460651206405,in-sample
era4tb_C_INH10x_r1,7.0,100.0,1.0,1,,0.9943645589382523,-2.234897090708315,-3.7827507914849217,-1.02320433587656,in-sample
era4tb_C_INH10x_r1,7.0,10.0,2.0,1,,0.9994088119747403,-2.234897090708315,-3.7827507914849217,-1.02320433587656,in-sample
era4tb_C_INH10x_r1,7.0,10.0,2.0,1,,0.9994088119747403,-2.234897090708315,-3.7827507914849217,-1.02320433587656,in-sample
era4tb_C_INH10x_r1,7.0,2.5,2.6020599913279625,1,,0.9998515246635417,-2.234897090708315,-3.7827507914849217,-1.02320433587656,in-sample
era4tb_C_INH10x_r1,10.0,100.0,1.0,1,,0.9984907151805,-2.938749015395973,-5.422984970271229,-1.5554131171688543,in-sample
era4tb_C_INH10x_r1,10.0,10.0,2.0,1,,0.999846494183079,-2.938749015395973,-5.422984970271229,-1.5554131171688543,in-sample
era4tb_C_INH10x_r1,10.0,10.0,2.0,1,,0.999846494183079,-2.938749015395973,-5.422984970271229,-1.5554131171688543,in-sample
era4tb_C_INH10x_r1,10.0,2.5,2.6020599913279625,1,,0.9999615665686282,-2.938749015395973,-5.422984970271229,-1.5554131171688543,in-sample
era4tb_C_INH10x_r1,14.0,100.0,1.0,1,,0.9997283217044368,-3.94877990574306,-7.498177540086711,-2.26502482555858,in-sample
era4tb_C_INH10x_r1,14.0,10.0,2.0,1,,0.9999727326608772,-3.94877990574306,-7.498177540086711,-2.26502482555858,in-sample
era4tb_C_INH10x_r1,14.0,10.0,2.0,1,,0.9999727326608772,-3.94877990574306,-7.498177540086711,-2.26502482555858,in-sample
era4tb_C_INH10x_r1,14.0,2.5,2.6020599913279625,1,,0.999993181065454,-3.94877990574306,-7.498177540086711,-2.26502482555858,in-sample
era4tb_C_INH10x_r1,21.0,100.0,1.0,1,,0.9991535576037289,-5.151951832005118,-11.060909225917127,-2.2931694067314514,in-sample
era4tb_C_INH10x_r1,21.0,10.0,2.0,1,,0.9999136283256441,-5.151951832005118,-11.060909225917127,-2.2931694067314514,in-sample
era4tb_C_INH10x_r1,21.0,10.0,2.0,1,,0.9999136283256441,-5.151951832005118,-11.060909225917127,-2.2931694067314514,in-sample
era4tb_C_INH10x_r1,21.0,2.5,2.6020599913279625,1,,0.9999783691130981,-5.151951832005118,-11.060909225917127,-2.2931694067314514,in-sample
era4tb_C_INH10x_r1,28.0,100.0,1.0,1,,0.9966413708467926,-6.53542984844422,-14.657711913398556,-2.321313987904322,in-sample
era4tb_C_INH10x_r1,28.0,10.0,2.0,1,,0.9996358253744607,-6.53542984844422,-14.657711913398556,-2.321313987904322,in-sample
era4tb_C_INH10x_r1,28.0,10.0,2.0,1,,0.9996358253744607,-6.53542984844422,-14.657711913398556,-2.321313987904322,in-sample
era4tb_C_INH10x_r1,28.0,2.5,2.6020599913279625,1,,0.9999082461583113,-6.53542984844422,-14.657711913398556,-2.321313987904322,in-sample
era4tb_C_INH10x_r2,0.0,100.0,1.0,0,4.77815125038364,0.0204825139888277,3.733401690869157,3.437735687271107,4.026606237877415,in-sample
era4tb_C_INH10x_r2,0.0,10.0,2.0,0,4.07918124604763,0.02244399500600306,3.733401690869157,3.437735687271107,4.026606237877415,in-sample
era4tb_C_INH10x_r2,0.0,10.0,2.0,0,4.25527250510331,0.02244399500600306,3.733401690869157,3.437735687271107,4.026606237877415,in-sample
era4tb_C_INH10x_r2,0.0,2.5,2.6020599913279625,0,3.92427928606188,0.045756155868220336,3.733401690869157,3.437735687271107,4.026606237877415,in-sample
era4tb_C_INH10x_r2,1.0,100.0,1.0,0,1.0,0.02606064827908807,2.4728095730858044,2.2258253689334575,2.7219041384363325,in-sample
era4tb_C_INH10x_r2,1.0,10.0,2.0,0,2.30102999566398,0.18164773515623991,2.4728095730858044,2.2258253689334575,2.7219041384363325,in-sample
era4tb_C_INH10x_r2,1.0,10.0,2.0,0,2.0,0.18164773515623991,2.4728095730858044,2.2258253689334575,2.7219041384363325,in-sample
era4tb_C_INH10x_r2,1.0,2.5,2.6020599913279625,1,,0.46747951051628645,2.4728095730858044,2.2258253689334575,2.7219041384363325,in-sample
era4tb_C_INH10x_r2,2.0,100.0,1.0,1,,0.2908825392624888,1.2597353740014072,0.8926039954801345,1.5475239379066532,in-sample
era4tb_C_INH10x_r2,2.0,10.0,2.0,1,,0.7729171125360252,1.2597353740014072,0.8926039954801345,1.5475239379066532,in-sample
era4tb_C_INH10x_r2,2.0,10.0,2.0,1,,0.7729171125360252,1.2597353740014072,0.8926039954801345,1.5475239379066532,in-sample
era4tb_C_INH10x_r2,2.0,2.5,2.6020599913279625,1,,0.9241454713797743,1.2597353740014072,0.8926039954801345,1.5475239379066532,in-sample
era4tb_C_INH10x_r2,3.0,100.0,1.0,1,,0.6150318965226618,0.5917106160304044,0.14653897042307382,0.9456652964978804,in-sample
era4tb_C_INH10x_r2,3.0,10.0,2.0,1,,0.9272134260752641,0.5917106160304044,0.14653897042307382,0.9456652964978804,in-sample
era4tb_C_INH10x_r2,3.0,10.0,2.0,1,,0.9272134260752641,0.5917106160304044,0.14653897042307382,0.9456652964978804,in-sample
era4tb_C_INH10x_r2,3.0,2.5,2.6020599913279625,1,,0.9796331169843349,0.5917106160304044,0.14653897042307382,0.9456652964978804,in-sample
era4tb_C_INH10x_r2,7.0,100.0,1.0,1,,0.9951870696402871,-1.7541688500038313,-3.175193807626278,-1.0204356003895505,in-sample
era4tb_C_INH10x_r2,7.0,10.0,2.0,1,,0.9995087374213745,-1.7541688500038313,-3.175193807626278,-1.0204356003895505,in-sample
era4tb_C_INH10x_r2,7.0,10.0,2.0,1,,0.9995087374213745,-1.7541688500038313,-3.175193807626278,-1.0204356003895505,in-sample
era4tb_C_INH10x_r2,7.0,2.5,2.6020599913279625,1,,0.9998769624683592,-1.7541688500038313,-3.175193807626278,-1.0204356003895505,in-sample
era4tb_C_INH10x_r2,10.0,100.0,1.0,1,,0.9987145797725656,-2.496259232881463,-4.5861350700765104,-1.7369402166237122,in-sample
era4tb_C_INH10x_r2,10.0,10.0,2.0,1,,0.9998701577872297,-2.496259232881463,-4.5861350700765104,-1.7369402166237122,in-sample
era4tb_C_INH10x_r2,10.0,10.0,2.0,1,,0.9998701577872297,-2.496259232881463,-4.5861350700765104,-1.7369402166237122,in-sample
era4tb_C_INH10x_r2,10.0,2.5,2.6020599913279625,1,,0.9999675113712664,-2.496259232881463,-4.5861350700765104,-1.7369402166237122,in-sample
era4tb_C_INH10x_r2,14.0,100.0,1.0,1,,0.999660550487754,-3.607454689737498,-6.467390086676821,-2.3390006163808654,in-sample
era4tb_C_INH10x_r2,14.0,10.0,2.0,1,,0.9999658985022591,-3.607454689737498,-6.467390086676821,-2.3390006163808654,in-sample
era4tb_C_INH10x_r2,14.0,10.0,2.0,1,,0.9999658985022591,-3.607454689737498,-6.467390086676821,-2.3390006163808654,in-sample
era4tb_C_INH10x_r2,14.0,2.5,2.6020599913279625,1,,0.9999914713176132,-3.607454689737498,-6.467390086676821,-2.3390006163808654,in-sample
era4tb_C_INH10x_r2,21.0,100.0,1.0,1,,0.9997840359231223,-5.286789810269467,-8.893944481886512,-2.212460724603863,in-sample
era4tb_C_INH10x_r2,21.0,10.0,2.0,1,,0.9999783406003773,-5.286789810269467,-8.893944481886512,-2.212460724603863,in-sample
era4tb_C_INH10x_r2,21.0,10.0,2.0,1,,0.9999783406003773,-5.286789810269467,-8.893944481886512,-2.212460724603863,in-sample
era4tb_C_INH10x_r2,21.0,2.5,2.6020599913279625,1,,0.9999945838271656,-5.286789810269467,-8.893944481886512,-2.212460724603863,in-sample
era4tb_C_INH10x_r2,28.0,100.0,1.0,1,,0.999797821271706,-7.042571950067622,-11.320498877096206,-2.1104616050237426,in-sample
era4tb_C_INH10x_r2,28.0,10.0,2.0,1,,0.9999797298866827,-7.042571950067622,-11.320498877096206,-2.1104616050237426,in-sample
era4tb_C_INH10x_r2,28.0,10.0,2.0,1,,0.9999797298866827,-7.042571950067622,-11.320498877096206,-2.1104616050237426,in-sample
era4tb_C_INH10x_r2,28.0,2.5,2.6020599913279625,1,,0.999994931375402,-7.042571950067622,-11.320498877096206,-2.1104616050237426,in-sample
era4tb_C_INH10x_r3,0.0,100.0,1.0,0,4.9731278535997,0.02048032304775429,3.683852305306257,3.5429235962037424,3.900893671466983,in-sample
era4tb_C_INH10x_r3,0.0,10.0,2.0,0,4.0,0.022018914116945478,3.683852305306257,3.5429235962037424,3.900893671466983,in-sample
era4tb_C_INH10x_r3,0.0,10.0,2.0,0,4.04139268515823,0.022018914116945478,3.683852305306257,3.5429235962037424,3.900893671466983,in-sample
era4tb_C_INH10x_r3,0.0,2.5,2.6020599913279625,0,4.0,0.04421168915793337,3.683852305306257,3.5429235962037424,3.900893671466983,in-sample
era4tb_C_INH10x_r3,1.0,100.0,1.0,0,1.0,0.02595244017647203,2.415862031718908,2.297468849613378,2.681080509593334,in-sample
era4tb_C_INH10x_r3,1.0,10.0,2.0,0,2.30102999566398,0.18877433667204307,2.415862031718908,2.297468849613378,2.681080509593334,in-sample
era4tb_C_INH10x_r3,1.0,10.0,2.0,1,,0.18877433667204307,2.415862031718908,2.297468849613378,2.681080509593334,in-sample
era4tb_C_INH10x_r3,1.0,2.5,2.6020599913279625,1,,0.48315268212507434,2.415862031718908,2.297468849613378,2.681080509593334,in-sample
era4tb_C_INH10x_r3,2.0,100.0,1.0,1,,0.30834007262071533,1.1639349094287392,0.8880080918159248,1.5434397959505661,in-sample
era4tb_C_INH10x_r3,2.0,10.0,2.0,1,,0.7838305168640126,1.1639349094287392,0.8880080918159248,1.5434397959505661,in-sample
era4tb_C_INH10x_r3,2.0,10.0,2.0,1,,0.7838305168640126,1.1639349094287392,0.8880080918159248,1.5434397959505661,in-sample
era4tb_C_INH10x_r3,2.0,2.5,2.6020599913279625,1,,0.928238988699124,1.1639349094287392,0.8880080918159248,1.5434397959505661,in-sample
era4tb_C_INH10x_r3,3.0,100.0,1.0,1,,0.6389519320634585,0.5020842485590102,-0.04637344406406009,1.0330751267774845,in-sample
era4tb_C_INH10x_r3,3.0,10.0,2.0,1,,0.9290674022184118,0.5020842485590102,-0.04637344406406009,1.0330751267774845,in-sample
era4tb_C_INH10x_r3,3.0,10.0,2.0,1,,0.9290674022184118,0.5020842485590102,-0.04637344406406009,1.0330751267774845,in-sample
era4tb_C_INH10x_r3,3.0,2.5,2.6020599913279625,1,,0.9797700546324676,0.5020842485590102,-0.04637344406406009,1.0330751267774845,in-sample
era4tb_C_INH10x_r3,7.0,100.0,1.0,1,,0.9928575591123179,-2.21870343894665,-3.991947581900357,-0.8018700268417938,in-sample
era4tb_C_INH10x_r3,7.0,10.0,2.0,1,,0.9992440878003155,-2.21870343894665,-3.991947581900357,-0.8018700268417938,in-sample
era4tb_C_INH10x_r3,7.0,10.0,2.0,1,,0.9992440878003155,-2.21870343894665,-3.991947581900357,-0.8018700268417938,in-sample
era4tb_C_INH10x_r3,7.0,2.5,2.6020599913279625,1,,0.9998099791846428,-2.21870343894665,-3.991947581900357,-0.8018700268417938,in-sample
era4tb_C_INH10x_r3,10.0,100.0,1.0,1,,0.9942552097980971,-3.233709554517078,-5.784450068615003,-0.9967283349902438,in-sample
era4tb_C_INH10x_r3,10.0,10.0,2.0,1,,0.9993770179834425,-3.233709554517078,-5.784450068615003,-0.9967283349902438,in-sample
era4tb_C_INH10x_r3,10.0,10.0,2.0,1,,0.9993770179834425,-3.233709554517078,-5.784450068615003,-0.9967283349902438,in-sample
era4tb_C_INH10x_r3,10.0,2.5,2.6020599913279625,1,,0.9998429869605285,-3.233709554517078,-5.784450068615003,-0.9967283349902438,in-sample
era4tb_C_INH10x_r3,14.0,100.0,1.0,1,,0.994217336984152,-4.646075033573199,-8.174453384234532,-1.256539412521511,in-sample
era4tb_C_INH10x_r3,14.0,10.0,2.0,1,,0.9993514555216509,-4.646075033573199,-8.174453384234532,-1.256539412521511,in-sample
era4tb_C_INH10x_r3,14.0,10.0,2.0,1,,0.9993514555216509,-4.646075033573199,-8.174453384234532,-1.256539412521511,in-sample
era4tb_C_INH10x_r3,14.0,2.5,2.6020599913279625,1,,0.9998359383906004,-4.646075033573199,-8.174453384234532,-1.256539412521511,in-sample
era4tb_C_INH10x_r3,21.0,100.0,1.0,1,,0.9929592667092577,-6.5308987514315096,-11.07468200538116,-0.6611343076505016,in-sample
era4tb_C_INH10x_r3,21.0,10.0,2.0,1,,0.9992280239312621,-6.5308987514315096,-11.07468200538116,-0.6611343076505016,in-sample
era4tb_C_INH10x_r3,21.0,10.0,2.0,1,,0.9992280239312621,-6.5308987514315096,-11.07468200538116,-0.6611343076505016,in-sample
era4tb_C_INH10x_r3,21.0,2.5,2.6020599913279625,1,,0.9998052172854985,-6.5308987514315096,-11.07468200538116,-0.6611343076505016,in-sample
era4tb_C_INH10x_r3,28.0,100.0,1.0,1,,0.9837215266792526,-8.096980393568836,-13.97491062652779,-0.2704930899451058,in-sample
era4tb_C_INH10x_r3,28.0,10.0,2.0,1,,0.997979284458562,-8.096980393568836,-13.97491062652779,-0.2704930899451058,in-sample
era4tb_C_INH10x_r3,28.0,10.0,2.0,1,,0.997979284458562,-8.096980393568836,-13.97491062652779,-0.2704930899451058,in-sample
era4tb_C_INH10x_r3,28.0,2.5,2.6020599913279625,1,,0.9994816661985848,-8.096980393568836,-13.97491062652779,-0.2704930899451058,in-sample
era4tb_C_INH1x_r1,0.0,100.0,1.0,0,5.07918124604763,0.02047947043318242,3.8696339866206104,3.5891182392780854,4.025659928459596,in-sample
era4tb_C_INH1x_r1,0.0,10.0,2.0,0,4.04139268515823,0.021425406050144077,3.8696339866206104,3.5891182392780854,4.025659928459596,in-sample
era4tb_C_INH1x_r1,0.0,10.0,2.0,0,3.84509804001426,0.021425406050144077,3.8696339866206104,3.5891182392780854,4.025659928459596,in-sample
era4tb_C_INH1x_r1,0.0,2.5,2.6020599913279625,0,3.68124123737559,0.03668923690561635,3.8696339866206104,3.5891182392780854,4.025659928459596,in-sample
era4tb_C_INH1x_r1,1.0,100.0,1.0,0,3.7160033436348,0.020613217676947845,3.1081116133797444,2.9226509719613407,3.299687313687178,in-sample
era4tb_C_INH1x_r1,1.0,10.0,2.0,0,3.30102999566398,0.043451360702115756,3.1081116133797444,2.9226509719613407,3.299687313687178,in-sample
era4tb_C_INH1x_r1,1.0,10.0,2.0,0,3.84509804001426,0.043451360702115756,3.1081116133797444,2.9226509719613407,3.299687313687178,in-sample
era4tb_C_INH1x_r1,1.0,2.5,2.6020599913279625,0,2.60205999132796,0.1659857498266531,3.1081116133797444,2.9226509719613407,3.299687313687178,in-sample
era4tb_C_INH1x_r1,2.0,100.0,1.0,0,2.44715803134222,0.027165080772736716,2.4062818156448262,2.2625869646332784,2.5615770190545133,in-sample
era4tb_C_INH1x_r1,2.0,10.0,2.0,0,2.0,0.20702809526915444,2.4062818156448262,2.2625869646332784,2.5615770190545133,in-sample
era4tb_C_INH1x_r1,2.0,10.0,2.0,1,,0.20702809526915444,2.4062818156448262,2.2625869646332784,2.5615770190545133,in-sample
era4tb_C_INH1x_r1,2.0,2.5,2.6020599913279625,1,,0.5105045720014165,2.4062818156448262,2.2625869646332784,2.5615770190545133,in-sample
era4tb_C_INH1x_r1,3.0,100.0,1.0,0,1.47712125471966,0.04216881662613676,2.1073719631175853,1.992198909327658,2.3160114432599617,in-sample
era4tb_C_INH1x_r1,3.0,10.0,2.0,1,,0.33573983055961104,2.1073719631175853,1.992198909327658,2.3160114432599617,in-sample
era4tb_C_INH1x_r1,3.0,10.0,2.0,0,2.0,0.33573983055961104,2.1073719631175853,1.992198909327658,2.3160114432599617,in-sample
era4tb_C_INH1x_r1,3.0,2.5,2.6020599913279625,1,,0.6543586490171056,2.1073719631175853,1.992198909327658,2.3160114432599617,in-sample
era4tb_C_INH1x_r1,7.0,100.0,1.0,1,,0.3987272285459503,1.0600488222431008,0.5270018740758311,1.4311251455855913,in-sample
era4tb_C_INH1x_r1,7.0,10.0,2.0,1,,0.831145705715124,1.0600488222431008,0.5270018740758311,1.4311251455855913,in-sample
era4tb_C_INH1x_r1,7.0,10.0,2.0,1,,0.831145705715124,1.0600488222431008,0.5270018740758311,1.4311251455855913,in-sample
era4tb_C_INH1x_r1,7.0,2.5,2.6020599913279625,1,,0.9460028499844103,1.0600488222431008,0.5270018740758311,1.4311251455855913,in-sample
era4tb_C_INH1x_r1,10.0,100.0,1.0,1,,0.09442969473355288,1.812473408855916,1.4349372740246757,2.1929754604242935,in-sample
era4tb_C_INH1x_r1,10.0,10.0,2.0,1,,0.4979723471137296,1.812473408855916,1.4349372740246757,2.1929754604242935,in-sample
era4tb_C_INH1x_r1,10.0,10.0,2.0,0,2.0,0.4979723471137296,1.812473408855916,1.4349372740246757,2.1929754604242935,in-sample
era4tb_C_INH1x_r1,10.0,2.5,2.6020599913279625,1,,0.7733429897696661,1.812473408855916,1.4349372740246757,2.1929754604242935,in-sample
era4tb_C_INH1x_r1,14.0,100.0,1.0,0,1.90308998699194,0.021446562281305905,2.8817709628607,2.5727526500913664,3.269095503405602,in-sample
era4tb_C_INH1x_r1,14.0,10.0,2.0,0,3.04139268515822,0.08054588982221071,2.8817709628607,2.5727526500913664,3.269095503405602,in-sample
era4tb_C_INH1x_r1,14.0,10.0,2.0,1,,0.08054588982221071,2.8817709628607,2.5727526500913664,3.269095503405602,in-sample
era4tb_C_INH1x_r1,14.0,2.5,2.6020599913279625,0,3.38021124171161,0.26582428307542866,2.8817709628607,2.5727526500913664,3.269095503405602,in-sample
era4tb_C_INH1x_r1,21.0,100.0,1.0,0,6.07918124604763,0.020478586523582712,5.090475890145592,4.8263169573343205,5.351889921688263,in-sample
era4tb_C_INH1x_r1,21.0,10.0,2.0,0,6.0,0.02047870209535895,5.090475890145592,4.8263169573343205,5.351889921688263,in-sample
era4tb_C_INH1x_r1,21.0,10.0,2.0,0,6.04139268515823,0.02047870209535895,5.090475890145592,4.8263169573343205,5.351889921688263,in-sample
era4tb_C_INH1x_r1,21.0,2.5,2.6020599913279625,0,5.64345267648619,0.020493432211293582,5.090475890145592,4.8263169573343205,5.351889921688263,in-sample
era4tb_C_INH1x_r1,28.0,100.0,1.0,0,6.80617997398389,0.02047858652022966,7.302954313832046,6.958174052935575,7.640170589324641,in-sample
era4tb_C_INH1x_r1,28.0,10.0,2.0,0,7.11394335230684,0.02047858652022966,7.302954313832046,6.958174052935575,7.640170589324641,in-sample
era4tb_C_INH1x_r1,28.0,10.0,2.0,0,7.34242268082221,0.02047858652022966,7.302954313832046,6.958174052935575,7.640170589324641,in-sample
era4tb_C_INH1x_r1,28.0,2.5,2.6020599913279625,0,6.64345267648619,0.0204785865202313,7.302954313832046,6.958174052935575,7.640170589324641,in-sample
era4tb_C_INH1x_r2,0.0,100.0,1.0,0,4.74036268949424,0.020480702026754956,3.737640110553382,3.429140175349692,4.062673570487227,in-sample
era4tb_C_INH1x_r2,0.0,10.0,2.0,0,4.0,0.02216002143818271,3.737640110553382,3.429140175349692,4.062673570487227,in-sample
era4tb_C_INH1x_r2,0.0,10.0,2.0,0,4.04139268515823,0.02216002143818271,3.737640110553382,3.429140175349692,4.062673570487227,in-sample
era4tb_C_INH1x_r2,0.0,2.5,2.6020599913279625,0,3.77815125038364,0.04452806726586712,3.737640110553382,3.429140175349692,4.062673570487227,in-sample
era4tb_C_INH1x_r2,1.0,100.0,1.0,0,3.63346845557959,0.020780709777930076,3.024888659714393,2.7582535327659543,3.258108232810843,in-sample
era4tb_C_INH1x_r2,1.0,10.0,2.0,0,3.69897000433602,0.05574612049053872,3.024888659714393,2.7582535327659543,3.258108232810843,in-sample
era4tb_C_INH1x_r2,1.0,10.0,2.0,0,3.47712125471966,0.05574612049053872,3.024888659714393,2.7582535327659543,3.258108232810843,in-sample
era4tb_C_INH1x_r2,1.0,2.5,2.6020599913279625,1,,0.20684943833527034,3.024888659714393,2.7582535327659543,3.258108232810843,in-sample
era4tb_C_INH1x_r2,2.0,100.0,1.0,0,1.47712125471966,0.032626648600519524,2.264640755968121,2.075648868274922,2.491215389935362,in-sample
era4tb_C_INH1x_r2,2.0,10.0,2.0,0,2.0,0.2608223225952851,2.264640755968121,2.075648868274922,2.491215389935362,in-sample
era4tb_C_INH1x_r2,2.0,10.0,2.0,1,,0.2608223225952851,2.264640755968121,2.075648868274922,2.491215389935362,in-sample
era4tb_C_INH1x_r2,2.0,2.5,2.6020599913279625,1,,0.5741542963811739,2.264640755968121,2.075648868274922,2.491215389935362,in-sample
era4tb_C_INH1x_r2,3.0,100.0,1.0,1,,0.060915966717041505,1.9383021419448623,1.781673294409336,2.1966632984644683,in-sample
era4tb_C_INH1x_r2,3.0,10.0,2.0,1,,0.4210943802056282,1.9383021419448623,1.781673294409336,2.1966632984644683,in-sample
era4tb_C_INH1x_r2,3.0,10.0,2.0,1,,0.4210943802056282,1.9383021419448623,1.781673294409336,2.1966632984644683,in-sample
era4tb_C_INH1x_r2,3.0,2.5,2.6020599913279625,1,,0.7248884234717452,1.9383021419448623,1.781673294409336,2.1966632984644683,in-sample
era4tb_C_INH1x_r2,7.0,100.0,1.0,1,,0.5592478927639786,0.7320087830519038,0.2737051658237297,1.2037160826606013,in-sample
era4tb_C_INH1x_r2,7.0,10.0,2.0,1,,0.9067949279646059,0.7320087830519038,0.2737051658237297,1.2037160826606013,in-sample
era4tb_C_INH1x_r2,7.0,10.0,2.0,1,,0.9067949279646059,0.7320087830519038,0.2737051658237297,1.2037160826606013,in-sample
era4tb_C_INH1x_r2,7.0,2.5,2.6020599913279625,1,,0.9729451437770007,0.7320087830519038,0.2737051658237297,1.2037160826606013,in-sample
era4tb_C_INH1x_r2,10.0,100.0,1.0,1,,0.16366588020317527,1.5366002294667331,1.2392298610386019,1.8263946432643572,in-sample
era4tb_C_INH1x_r2,10.0,10.0,2.0,1,,0.6359403969668835,1.5366002294667331,1.2392298610386019,1.8263946432643572,in-sample
era4tb_C_INH1x_r2,10.0,10.0,2.0,1,,0.6359403969668835,1.5366002294667331,1.2392298610386019,1.8263946432643572,in-sample
era4tb_C_INH1x_r2,10.0,2.5,2.6020599913279625,1,,0.8593480932405358,1.5366002294667331,1.2392298610386019,1.8263946432643572,in-sample
era4tb_C_INH1x_r2,14.0,100.0,1.0,0,2.32221929473392,0.023384441009099702,2.6762257050238425,2.3446778705647744,3.0023269230763123,in-sample
era4tb_C_INH1x_r2,14.0,10.0,2.0,0,3.20411998265592,0.12463868955068765,2.6762257050238425,2.3446778705647744,3.0023269230763123,in-sample
era4tb_C_INH1x_r2,14.0,10.0,2.0,1,,0.12463868955068765,2.6762257050238425,2.3446778705647744,3.0023269230763123,in-sample
era4tb_C_INH1x_r2,14.0,2.5,2.6020599913279625,1,,0.363296189658035,2.6762257050238425,2.3446778705647744,3.0023269230763123,in-sample
era4tb_C_INH1x_r2,21.0,100.0,1.0,0,6.14612803567824,0.02047858652105092,5.119777867616403,4.867100827020581,5.25892994936856,in-sample
era4tb_C_INH1x_r2,21.0,10.0,2.0,0,6.07918124604763,0.020478642965656196,5.119777867616403,4.867100827020581,5.25892994936856,in-sample
era4tb_C_INH1x_r2,21.0,10.0,2.0,0,5.60205999132796,0.020478642965656196,5.119777867616403,4.867100827020581,5.25892994936856,in-sample
era4tb_C_INH1x_r2,21.0,2.5,2.6020599913279625,0,5.68124123737559,0.020488155153684982,5.119777867616403,4.867100827020581,5.25892994936856,in-sample
era4tb_C_INH1x_r2,28.0,100.0,1.0,0,7.01703333929878,0.02047858652022966,7.519356002529582,7.178797648109518,7.874212445213759,in-sample
era4tb_C_INH1x_r2,28.0,10.0,2.0,0,7.30102999566398,0.02047858652022966,7.519356002529582,7.178797648109518,7.874212445213759,in-sample
era4tb_C_INH1x_r2,28.0,10.0,2.0,0,7.0,0.02047858652022966,7.519356002529582,7.178797648109518,7.874212445213759,in-sample
era4tb_C_INH1x_r2,28.0,2.5,2.6020599913279625,0,7.38021124171161,0.020478586520230976,7.519356002529582,7.178797648109518,7.874212445213759,in-sample
era4tb_C_INH1x_r3,0.0,100.0,1.0,0,4.76342799356294,0.02047904923137905,3.9028248744330396,3.6920528121319305,3.952756043435081,in-sample
era4tb_C_INH1x_r3,0.0,10.0,2.0,0,4.20411998265593,0.02110914802972014,3.9028248744330396,3.6920528121319305,3.952756043435081,in-sample
era4tb_C_INH1x_r3,0.0,10.0,2.0,0,4.07918124604763,0.02110914802972014,3.9028248744330396,3.6920528121319305,3.952756043435081,in-sample
era4tb_C_INH1x_r3,0.0,2.5,2.6020599913279625,0,3.77815125038364,0.03317047291756899,3.9028248744330396,3.6920528121319305,3.952756043435081,in-sample
era4tb_C_INH1x_r3,1.0,100.0,1.0,0,3.47712125471966,0.020605397759680177,3.1253206830127995,2.9837679109809385,3.223033311821185,in-sample
era4tb_C_INH1x_r3,1.0,10.0,2.0,0,4.04139268515823,0.04296245110126614,3.1253206830127995,2.9837679109809385,3.223033311821185,in-sample
era4tb_C_INH1x_r3,1.0,10.0,2.0,0,3.95424250943932,0.04296245110126614,3.1253206830127995,2.9837679109809385,3.223033311821185,in-sample
era4tb_C_INH1x_r3,1.0,2.5,2.6020599913279625,1,,0.16563451619018793,3.1253206830127995,2.9837679109809385,3.223033311821185,in-sample
era4tb_C_INH1x_r3,2.0,100.0,1.0,0,1.47712125471966,0.0286792489959871,2.3637264422472866,2.1569837169874555,2.504387025752961,in-sample
era4tb_C_INH1x_r3,2.0,10.0,2.0,0,2.0,0.22326934582782326,2.3637264422472866,2.1569837169874555,2.504387025752961,in-sample
era4tb_C_INH1x_r3,2.0,10.0,2.0,1,,0.22326934582782326,2.3637264422472866,2.1569837169874555,2.504387025752961,in-sample
era4tb_C_INH1x_r3,2.0,2.5,2.6020599913279625,1,,0.5310328030314312,2.3637264422472866,2.1569837169874555,2.504387025752961,in-sample
era4tb_C_INH1x_r3,3.0,100.0,1.0,1,,0.04706534149294694,2.060427076569662,1.9143477603072214,2.1955280218365267,in-sample
era4tb_C_INH1x_r3,3.0,10.0,2.0,1,,0.36554549207498704,2.060427076569662,1.9143477603072214,2.1955280218365267,in-sample
era4tb_C_INH1x_r3,3.0,10.0,2.0,1,,0.36554549207498704,2.060427076569662,1.9143477603072214,2.1955280218365267,in-sample
era4tb_C_INH1x_r3,3.0,2.5,2.6020599913279625,1,,0.6823027188867875,2.060427076569662,1.9143477603072214,2.1955280218365267,in-sample
era4tb_C_INH1x_r3,7.0,100.0,1.0,1,,0.46685555665076606,0.9172360902784638,0.5413412454719424,1.0913006592531234,in-sample
era4tb_C_INH1x_r3,7.0,10.0,2.0,1,,0.8787404789150209,0.9172360902784638,0.5413412454719424,1.0913006592531234,in-sample
era4tb_C_INH1x_r3,7.0,10.0,2.0,1,,0.8787404789150209,0.9172360902784638,0.5413412454719424,1.0913006592531234,in-sample
era4tb_C_INH1x_r3,7.0,2.5,2.6020599913279625,1,,0.9644304894400889,0.9172360902784638,0.5413412454719424,1.0913006592531234,in-sample
era4tb_C_INH1x_r3,10.0,100.0,1.0,1,,0.11394099107435475,1.7807990686149622,1.3850571667531912,1.9270301015387372,in-sample
era4tb_C_INH1x_r3,10.0,10.0,2.0,1,,0.5586338619935901,1.7807990686149622,1.3850571667531912,1.9270301015387372,in-sample
era4tb_C_INH1x_r3,10.0,10.0,2.0,1,,0.5586338619935901,1.7807990686149622,1.3850571667531912,1.9270301015387372,in-sample
era4tb_C_INH1x_r3,10.0,2.5,2.6020599913279625,1,,0.8175014603571636,1.7807990686149622,1.3850571667531912,1.9270301015387372,in-sample
era4tb_C_INH1x_r3,14.0,100.0,1.0,1,,0.022444904334259014,2.851255460226067,2.357958594456702,3.1469665821603563,in-sample
era4tb_C_INH1x_r3,14.0,10.0,2.0,0,3.0,0.1001400558689893,2.851255460226067,2.357958594456702,3.1469665821603563,in-sample
era4tb_C_INH1x_r3,14.0,10.0,2.0,1,,0.1001400558689893,2.851255460226067,2.357958594456702,3.1469665821603563,in-sample
era4tb_C_INH1x_r3,14.0,2.5,2.6020599913279625,1,,0.30394748850323544,2.851255460226067,2.357958594456702,3.1469665821603563,in-sample
era4tb_C_INH1x_r3,21.0,100.0,1.0,0,6.17609125905568,0.020478586533434658,5.028122887807895,4.718007286874406,5.394338281002715,in-sample
era4tb_C_INH1x_r3,21.0,10.0,2.0,0,5.84509804001426,0.020478889595291278,5.028122887807895,4.718007286874406,5.394338281002715,in-sample
era4tb_C_INH1x_r3,21.0,10.0,2.0,0,6.27875360095283,0.020478889595291278,5.028122887807895,4.718007286874406,5.394338281002715,in-sample
era4tb_C_INH1x_r3,21.0,2.5,2.6020599913279625,0,5.68124123737559,0.020510232014879146,5.028122887807895,4.718007286874406,5.394338281002715,in-sample
era4tb_C_INH1x_r3,28.0,100.0,1.0,0,6.72427586960079,0.02047858652022966,7.149625424948875,6.979554117778294,7.647866925087678,in-sample
era4tb_C_INH1x_r3,28.0,10.0,2.0,0,7.32221929473392,0.02047858652022966,7.149625424948875,6.979554117778294,7.647866925087678,in-sample
era4tb_C_INH1x_r3,28.0,10.0,2.0,0,7.04139268515823,0.02047858652022966,7.149625424948875,6.979554117778294,7.647866925087678,in-sample
era4tb_C_INH1x_r3,28.0,2.5,2.6020599913279625,0,6.90308998699194,0.020478586520231417,7.149625424948875,6.979554117778294,7.647866925087678,in-sample
era4tb_C_MXF10x_r1,0.0,100.0,1.0,0,4.63346845557959,0.020478627345807267,4.2454608187367775,3.9743871763952585,4.490079288873695,in-sample
era4tb_C_MXF10x_r1,0.0,10.0,2.0,0,3.90308998699194,0.020577569801297862,4.2454608187367775,3.9743871763952585,4.490079288873695,in-sample
era4tb_C_MXF10x_r1,0.0,10.0,2.0,0,4.20411998265593,0.020577569801297862,4.2454608187367775,3.9743871763952585,4.490079288873695,in-sample
era4tb_C_MXF10x_r1,0.0,2.5,2.6020599913279625,0,3.83250891270624,0.023426230329793206,4.2454608187367775,3.9743871763952585,4.490079288873695,in-sample
era4tb_C_MXF10x_r1,1.0,100.0,1.0,0,3.30102999566398,0.02048249060064001,3.7220082053655594,3.432670327128684,3.8929857256861986,in-sample
era4tb_C_MXF10x_r1,1.0,10.0,2.0,0,3.60205999132796,0.022760554132813058,3.7220082053655594,3.432670327128684,3.8929857256861986,in-sample
era4tb_C_MXF10x_r1,1.0,10.0,2.0,0,3.69897000433602,0.022760554132813058,3.7220082053655594,3.432670327128684,3.8929857256861986,in-sample
era4tb_C_MXF10x_r1,1.0,2.5,2.6020599913279625,0,3.90308998699194,0.05024719956812705,3.7220082053655594,3.432670327128684,3.8929857256861986,in-sample
era4tb_C_MXF10x_r1,2.0,100.0,1.0,0,3.09691001300806,0.02067437962798865,3.1985555919943414,2.826253083361632,3.335281283311753,in-sample
era4tb_C_MXF10x_r1,2.0,10.0,2.0,0,3.17609125905568,0.04617698947050971,3.1985555919943414,2.826253083361632,3.335281283311753,in-sample
era4tb_C_MXF10x_r1,2.0,10.0,2.0,0,2.84509804001426,0.04617698947050971,3.1985555919943414,2.826253083361632,3.335281283311753,in-sample
era4tb_C_MXF10x_r1,2.0,2.5,2.6020599913279625,0,3.60205999132796,0.17055525253434187,3.1985555919943414,2.826253083361632,3.335281283311753,in-sample
era4tb_C_MXF10x_r1,3.0,100.0,1.0,0,2.85733249643127,0.0224727885937675,2.6814341718428345,2.4080049016020864,2.9532176604757447,in-sample
era4tb_C_MXF10x_r1,3.0,10.0,2.0,0,3.07918124604762,0.11399779720898741,2.6814341718428345,2.4080049016020864,2.9532176604757447,in-sample
era4tb_C_MXF10x_r1,3.0,10.0,2.0,0,3.07918124604762,0.11399779720898741,2.6814341718428345,2.4080049016020864,2.9532176604757447,in-sample
era4tb_C_MXF10x_r1,3.0,2.5,2.6020599913279625,0,2.60205999132796,0.34935953052920443,2.6814341718428345,2.4080049016020864,2.9532176604757447,in-sample
era4tb_C_MXF10x_r1,7.0,100.0,1.0,1,,0.3795146738325207,1.0813169853771964,0.32120024127508284,1.6337252291312694,in-sample
era4tb_C_MXF10x_r1,7.0,10.0,2.0,1,,0.8054547529610446,1.0813169853771964,0.32120024127508284,1.6337252291312694,in-sample
era4tb_C_MXF10x_r1,7.0,10.0,2.0,1,,0.8054547529610446,1.0813169853771964,0.32120024127508284,1.6337252291312694,in-sample
era4tb_C_MXF10x_r1,7.0,2.5,2.6020599913279625,1,,0.9338371883586838,1.0813169853771964,0.32120024127508284,1.6337252291312694,in-sample
era4tb_C_MXF10x_r1,10.0,100.0,1.0,1,,0.7966678252382078,0.061895713271893804,-0.9155700620079299,0.8766184871068734,in-sample
era4tb_C_MXF10x_r1,10.0,10.0,2.0,1,,0.9662588516209305,0.061895713271893804,-0.9155700620079299,0.8766184871068734,in-sample
era4tb_C_MXF10x_r1,10.0,10.0,2.0,1,,0.9662588516209305,0.061895713271893804,-0.9155700620079299,0.8766184871068734,in-sample
era4tb_C_MXF10x_r1,10.0,2.5,2.6020599913279625,1,,0.9907818160308373,0.061895713271893804,-0.9155700620079299,0.8766184871068734,in-sample
era4tb_C_MXF10x_r1,14.0,100.0,1.0,1,,0.9756337347569276,-1.211171738168309,-2.5645971330519464,-0.16621800830426378,in-sample
era4tb_C_MXF10x_r1,14.0,10.0,2.0,1,,0.9972710848662802,-1.211171738168309,-2.5645971330519464,-0.16621800830426378,in-sample
era4tb_C_MXF10x_r1,14.0,10.0,2.0,1,,0.9972710848662802,-1.211171738168309,-2.5645971330519464,-0.16621800830426378,in-sample
era4tb_C_MXF10x_r1,14.0,2.5,2.6020599913279625,1,,0.9993095752345665,-1.211171738168309,-2.5645971330519464,-0.16621800830426378,in-sample
era4tb_C_MXF10x_r1,21.0,100.0,1.0,1,,0.9950065010498176,-3.2482165220512735,-5.57390301720093,-0.8479248602511904,in-sample
era4tb_C_MXF10x_r1,21.0,10.0,2.0,1,,0.9994670251349601,-3.2482165220512735,-5.57390301720093,-0.8479248602511904,in-sample
era4tb_C_MXF10x_r1,21.0,10.0,2.0,1,,0.9994670251349601,-3.2482165220512735,-5.57390301720093,-0.8479248602511904,in-sample
era4tb_C_MXF10x_r1,21.0,2.5,2.6020599913279625,1,,0.9998659299984691,-3.2482165220512735,-5.57390301720093,-0.8479248602511904,in-sample
era4tb_C_MXF10x_r1,28.0,100.0,1.0,1,,0.9982731757615164,-5.16461454148226,-8.897833181581447,-1.5296317121981167,in-sample
era4tb_C_MXF10x_r1,28.0,10.0,2.0,1,,0.9998216655981002,-5.16461454148226,-8.897833181581447,-1.5296317121981167,in-sample
era4tb_C_MXF10x_r1,28.0,10.0,2.0,1,,0.9998216655981002,-5.16461454148226,-8.897833181581447,-1.5296317121981167,in-sample
era4tb_C_MXF10x_r1,28.0,2.5,2.6020599913279625,1,,0.9999552885831301,-5.16461454148226,-8.897833181581447,-1.5296317121981167,in-sample
era4tb_C_MXF10x_r2,0.0,10.0,2.0,0,4.17609125905568,0.020537836008127582,4.333317451002117,4.021359240641077,4.529068680281412,in-sample
era4tb_C_MXF10x_r2,0.0,10.0,2.0,0,4.07918124604763,0.020537836008127582,4.333317451002117,4.021359240641077,4.529068680281412,in-sample
era4tb_C_MXF10x_r2,0.0,2.5,2.6020599913279625,0,3.80617997398389,0.022510579469887756,4.333317451002117,4.021359240641077,4.529068680281412,in-sample
era4tb_C_MXF10x_r2,1.0,100.0,1.0,0,3.47712125471966,0.020480573494703634,3.7154452097814312,3.495763539515615,3.914142991495949,in-sample
era4tb_C_MXF10x_r2,1.0,10.0,2.0,0,3.84509804001426,0.022045146773858774,3.7154452097814312,3.495763539515615,3.914142991495949,in-sample
era4tb_C_MXF10x_r2,1.0,10.0,2.0,0,3.84509804001426,0.022045146773858774,3.7154452097814312,3.495763539515615,3.914142991495949,in-sample
era4tb_C_MXF10x_r2,1.0,2.5,2.6020599913279625,0,4.38021124171161,0.04378968943572048,3.7154452097814312,3.495763539515615,3.914142991495949,in-sample
era4tb_C_MXF10x_r2,2.0,100.0,1.0,0,2.8750612633917,0.02059734260520716,3.165083197759106,2.969375781628679,3.3137336094694256,in-sample
era4tb_C_MXF10x_r2,2.0,10.0,2.0,0,3.14612803567824,0.041077785609278036,3.165083197759106,2.969375781628679,3.3137336094694256,in-sample
era4tb_C_MXF10x_r2,2.0,10.0,2.0,0,3.38021124171161,0.041077785609278036,3.165083197759106,2.969375781628679,3.3137336094694256,in-sample
era4tb_C_MXF10x_r2,2.0,2.5,2.6020599913279625,0,3.60205999132796,0.1547198685934093,3.165083197759106,2.969375781628679,3.3137336094694256,in-sample
era4tb_C_MXF10x_r2,3.0,100.0,1.0,0,2.51851393987789,0.021799676615752328,2.6802282162779214,2.5810082082240617,2.954334194458692,in-sample
era4tb_C_MXF10x_r2,3.0,10.0,2.0,0,2.69897000433602,0.1021970770419994,2.6802282162779214,2.5810082082240617,2.954334194458692,in-sample
era4tb_C_MXF10x_r2,3.0,10.0,2.0,0,3.41497334797082,0.1021970770419994,2.6802282162779214,2.5810082082240617,2.954334194458692,in-sample
era4tb_C_MXF10x_r2,3.0,2.5,2.6020599913279625,0,3.20411998265592,0.3324624204506377,2.6802282162779214,2.5810082082240617,2.954334194458692,in-sample
era4tb_C_MXF10x_r2,7.0,100.0,1.0,1,,0.3743786011053567,1.1280941698275235,0.509127849807587,1.5210343865222413,in-sample
era4tb_C_MXF10x_r2,7.0,10.0,2.0,1,,0.8159405201860646,1.1280941698275235,0.509127849807587,1.5210343865222413,in-sample
era4tb_C_MXF10x_r2,7.0,10.0,2.0,1,,0.8159405201860646,1.1280941698275235,0.509127849807587,1.5210343865222413,in-sample
era4tb_C_MXF10x_r2,7.0,2.5,2.6020599913279625,1,,0.9402527225977481,1.1280941698275235,0.509127849807587,1.5210343865222413,in-sample
era4tb_C_MXF10x_r2,10.0,100.0,1.0,1,,0.85560684632974,-0.0034333011345828446,-1.093081998994901,0.3090586451645002,in-sample
era4tb_C_MXF10x_r2,10.0,10.0,2.0,1,,0.9808807425186684,-0.0034333011345828446,-1.093081998994901,0.3090586451645002,in-sample
era4tb_C_MXF10x_r2,10.0,10.0,2.0,1,,0.9808807425186684,-0.0034333011345828446,-1.093081998994901,0.3090586451645002,in-sample
era4tb_C_MXF10x_r2,10.0,2.5,2.6020599913279625,1,,0.9950485708507805,-0.0034333011345828446,-1.093081998994901,0.3090586451645002,in-sample
era4tb_C_MXF10x_r2,14.0,100.0,1.0,1,,0.993084315627957,-1.6167339928978781,-3.2839963155479297,-1.0390655279617755,in-sample
era4tb_C_MXF10x_r2,14.0,10.0,2.0,1,,0.999295213666426,-1.6167339928978781,-3.2839963155479297,-1.0390655279617755,in-sample
era4tb_C_MXF10x_r2,14.0,10.0,2.0,1,,0.999295213666426,-1.6167339928978781,-3.2839963155479297,-1.0390655279617755,in-sample
era4tb_C_MXF10x_r2,14.0,2.5,2.6020599913279625,1,,0.999823512787093,-1.6167339928978781,-3.2839963155479297,-1.0390655279617755,in-sample
era4tb_C_MXF10x_r2,21.0,100.0,1.0,1,,0.9998938583210183,-3.6520860363783187,-6.783331809152365,-2.652156598008317,in-sample
era4tb_C_MXF10x_r2,21.0,10.0,2.0,1,,0.9999893792693976,-3.6520860363783187,-6.783331809152365,-2.652156598008317,in-sample
era4tb_C_MXF10x_r2,21.0,10.0,2.0,1,,0.9999893792693976,-3.6520860363783187,-6.783331809152365,-2.652156598008317,in-sample
era4tb_C_MXF10x_r2,21.0,2.5,2.6020599913279625,1,,0.9999973446803231,-3.6520860363783187,-6.783331809152365,-2.652156598008317,in-sample
era4tb_C_MXF10x_r2,28.0,100.0,1.0,1,,0.9999963217656475,-5.976082377315032,-10.282667302756803,-4.020222583789494,in-sample
era4tb_C_MXF10x_r2,28.0,10.0,2.0,1,,0.9999996321650727,-5.976082377315032,-10.282667302756803,-4.020222583789494,in-sample
era4tb_C_MXF10x_r2,28.0,10.0,2.0,1,,0.9999996321650727,-5.976082377315032,-10.282667302756803,-4.020222583789494,in-sample
era4tb_C_MXF10x_r2,28.0,2.5,2.6020599913279625,1,,0.9999999080410288,-5.976082377315032,-10.282667302756803,-4.020222583789494,in-sample
era4tb_C_MXF10x_r3,0.0,10.0,2.0,0,4.17609125905568,0.020557052517679763,4.139163879961833,4.051453287974592,4.368434395314244,in-sample
era4tb_C_MXF10x_r3,0.0,10.0,2.0,0,4.07918124604763,0.020557052517679763,4.139163879961833,4.051453287974592,4.368434395314244,in-sample
era4tb_C_MXF10x_r3,0.0,2.5,2.6020599913279625,0,3.85733249643127,0.02327681281908441,4.139163879961833,4.051453287974592,4.368434395314244,in-sample
era4tb_C_MXF10x_r3,1.0,100.0,1.0,0,3.69897000433602,0.020481306299503642,3.600754622881553,3.489818251856772,3.79307926969196,in-sample
era4tb_C_MXF10x_r3,1.0,10.0,2.0,0,3.69897000433602,0.022715885662373758,3.600754622881553,3.489818251856772,3.79307926969196,in-sample
era4tb_C_MXF10x_r3,1.0,10.0,2.0,0,3.84509804001426,0.022715885662373758,3.600754622881553,3.489818251856772,3.79307926969196,in-sample
era4tb_C_MXF10x_r3,1.0,2.5,2.6020599913279625,0,3.90308998699194,0.05205649831173472,3.600754622881553,3.489818251856772,3.79307926969196,in-sample
era4tb_C_MXF10x_r3,2.0,100.0,1.0,0,2.85125834871908,0.020660753823700796,3.042971949580285,2.909133492354093,3.199604320948948,in-sample
era4tb_C_MXF10x_r3,2.0,10.0,2.0,0,3.39794000867204,0.04865338065564691,3.042971949580285,2.909133492354093,3.199604320948948,in-sample
era4tb_C_MXF10x_r3,2.0,10.0,2.0,0,2.84509804001426,0.04865338065564691,3.042971949580285,2.909133492354093,3.199604320948948,in-sample
era4tb_C_MXF10x_r3,2.0,2.5,2.6020599913279625,0,3.50514997831991,0.1871170797999522,3.042971949580285,2.909133492354093,3.199604320948948,in-sample
era4tb_C_MXF10x_r3,3.0,100.0,1.0,0,2.54406804435028,0.022642598478834507,2.622038994786767,2.4939821651708116,2.760448294731706,in-sample
era4tb_C_MXF10x_r3,3.0,10.0,2.0,0,2.30102999566398,0.12874827330056285,2.622038994786767,2.4939821651708116,2.760448294731706,in-sample
era4tb_C_MXF10x_r3,3.0,10.0,2.0,0,3.38021124171161,0.12874827330056285,2.622038994786767,2.4939821651708116,2.760448294731706,in-sample
era4tb_C_MXF10x_r3,3.0,2.5,2.6020599913279625,0,3.30102999566398,0.38861031446870176,2.622038994786767,2.4939821651708116,2.760448294731706,in-sample
era4tb_C_MXF10x_r3,7.0,100.0,1.0,1,,0.45101677144790575,0.8978646129115329,0.5113881940833578,1.2954379994756033,in-sample
era4tb_C_MXF10x_r3,7.0,10.0,2.0,1,,0.8653205181549825,0.8978646129115329,0.5113881940833578,1.2954379994756033,in-sample
era4tb_C_MXF10x_r3,7.0,10.0,2.0,1,,0.8653205181549825,0.8978646129115329,0.5113881940833578,1.2954379994756033,in-sample
era4tb_C_MXF10x_r3,7.0,2.5,2.6020599913279625,1,,0.95900049710578,0.8978646129115329,0.5113881940833578,1.2954379994756033,in-sample
era4tb_C_MXF10x_r3,10.0,100.0,1.0,1,,0.8925988523453938,-0.26377110920862457,-0.958292716646614,0.25345836456719867,in-sample
era4tb_C_MXF10x_r3,10.0,10.0,2.0,1,,0.9860901761794078,-0.26377110920862457,-0.958292716646614,0.25345836456719867,in-sample
era4tb_C_MXF10x_r3,10.0,10.0,2.0,1,,0.9860901761794078,-0.26377110920862457,-0.958292716646614,0.25345836456719867,in-sample
era4tb_C_MXF10x_r3,10.0,2.5,2.6020599913279625,1,,0.9964009262933047,-0.26377110920862457,-0.958292716646614,0.25345836456719867,in-sample
era4tb_C_MXF10x_r3,14.0,100.0,1.0,1,,0.9940061954616506,-1.6551554874371233,-3.0695022613736445,-0.9895356098137705,in-sample
era4tb_C_MXF10x_r3,14.0,10.0,2.0,1,,0.999385800679165,-1.6551554874371233,-3.0695022613736445,-0.9895356098137705,in-sample
era4tb_C_MXF10x_r3,14.0,10.0,2.0,1,,0.999385800679165,-1.6551554874371233,-3.0695022613736445,-0.9895356098137705,in-sample
era4tb_C_MXF10x_r3,14.0,2.5,2.6020599913279625,1,,0.9998461155292687,-1.6551554874371233,-3.0695022613736445,-0.9895356098137705,in-sample
era4tb_C_MXF10x_r3,21.0,100.0,1.0,1,,0.9998585478040208,-3.7130013299240394,-6.544281485248594,-2.3868088245714185,in-sample
era4tb_C_MXF10x_r3,21.0,10.0,2.0,1,,0.9999858410544216,-3.7130013299240394,-6.544281485248594,-2.3868088245714185,in-sample
era4tb_C_MXF10x_r3,21.0,10.0,2.0,1,,0.9999858410544216,-3.7130013299240394,-6.544281485248594,-2.3868088245714185,in-sample
era4tb_C_MXF10x_r3,21.0,2.5,2.6020599913279625,1,,0.9999964599767708,-3.7130013299240394,-6.544281485248594,-2.3868088245714185,in-sample
era4tb_C_MXF10x_r3,28.0,100.0,1.0,1,,0.9999953353852362,-5.764656859923713,-10.160643448071491,-3.892051506326852,in-sample
era4tb_C_MXF10x_r3,28.0,10.0,2.0,1,,0.9999995335166357,-5.764656859923713,-10.160643448071491,-3.892051506326852,in-sample
era4tb_C_MXF10x_r3,28.0,10.0,2.0,1,,0.9999995335166357,-5.764656859923713,-10.160643448071491,-3.892051506326852,in-sample
era4tb_C_MXF10x_r3,28.0,2.5,2.6020599913279625,1,,0.999999883378703,-5.764656859923713,-10.160643448071491,-3.892051506326852,in-sample
era4tb_C_MXF1x_r1,0.0,100.0,1.0,0,4.54406804435028,0.020478589895095822,4.3634550826394065,4.151731135108344,4.54862082677605,in-sample
era4tb_C_MXF1x_r1,0.0,10.0,2.0,0,4.04139268515823,0.020502124479585587,4.3634550826394065,4.151731135108344,4.54862082677605,in-sample
era4tb_C_MXF1x_r1,0.0,10.0,2.0,0,4.30102999566398,0.020502124479585587,4.3634550826394065,4.151731135108344,4.54862082677605,in-sample
era4tb_C_MXF1x_r1,0.0,2.5,2.6020599913279625,0,3.92427928606188,0.02160355293243935,4.3634550826394065,4.151731135108344,4.54862082677605,in-sample
era4tb_C_MXF1x_r1,1.0,100.0,1.0,0,4.53147891704226,0.02047859391074216,4.259257735797601,4.126067880383514,4.482258705984087,in-sample
era4tb_C_MXF1x_r1,1.0,10.0,2.0,0,4.43136376415899,0.02051937420679398,4.259257735797601,4.126067880383514,4.482258705984087,in-sample
era4tb_C_MXF1x_r1,1.0,10.0,2.0,0,4.25527250510331,0.02051937420679398,4.259257735797601,4.126067880383514,4.482258705984087,in-sample
era4tb_C_MXF1x_r1,1.0,2.5,2.6020599913279625,0,4.30102999566398,0.022195547784722807,4.259257735797601,4.126067880383514,4.482258705984087,in-sample
era4tb_C_MXF1x_r1,2.0,100.0,1.0,0,4.54406804435028,0.02047860661056707,4.1892856541400585,4.014339416575468,4.415896585192124,in-sample
era4tb_C_MXF1x_r1,2.0,10.0,2.0,0,4.90308998699194,0.020558434357089157,4.1892856541400585,4.014339416575468,4.415896585192124,in-sample
era4tb_C_MXF1x_r1,2.0,10.0,2.0,0,5.23044892137827,0.020558434357089157,4.1892856541400585,4.014339416575468,4.415896585192124,in-sample
era4tb_C_MXF1x_r1,2.0,2.5,2.6020599913279625,0,4.64345267648619,0.0232638702064669,4.1892856541400585,4.014339416575468,4.415896585192124,in-sample
era4tb_C_MXF1x_r1,3.0,100.0,1.0,0,4.44715803134222,0.02047862745067031,4.074366006889498,3.9383362806880284,4.266372350421247,in-sample
era4tb_C_MXF1x_r1,3.0,10.0,2.0,0,4.69897000433602,0.020614521304936746,4.074366006889498,3.9383362806880284,4.266372350421247,in-sample
era4tb_C_MXF1x_r1,3.0,10.0,2.0,0,4.27875360095283,0.020614521304936746,4.074366006889498,3.9383362806880284,4.266372350421247,in-sample
era4tb_C_MXF1x_r1,3.0,2.5,2.6020599913279625,0,4.50514997831991,0.02469800599599236,4.074366006889498,3.9383362806880284,4.266372350421247,in-sample
era4tb_C_MXF1x_r1,7.0,100.0,1.0,0,3.25527250510331,0.020480015133577355,3.697264557404263,3.5031824118504598,3.9531027484540835,in-sample
era4tb_C_MXF1x_r1,7.0,10.0,2.0,1,,0.021913241171432174,3.697264557404263,3.5031824118504598,3.9531027484540835,in-sample
era4tb_C_MXF1x_r1,7.0,10.0,2.0,0,2.0,0.021913241171432174,3.697264557404263,3.5031824118504598,3.9531027484540835,in-sample
era4tb_C_MXF1x_r1,7.0,2.5,2.6020599913279625,0,3.44715803134222,0.04320815507702254,3.697264557404263,3.5031824118504598,3.9531027484540835,in-sample
era4tb_C_MXF1x_r1,10.0,100.0,1.0,0,4.0,0.02047859318904305,4.249078399994803,4.098221488855527,4.403372696721454,in-sample
era4tb_C_MXF1x_r1,10.0,10.0,2.0,0,4.0,0.020519920599113044,4.249078399994803,4.098221488855527,4.403372696721454,in-sample
era4tb_C_MXF1x_r1,10.0,10.0,2.0,0,4.0,0.020519920599113044,4.249078399994803,4.098221488855527,4.403372696721454,in-sample
era4tb_C_MXF1x_r1,10.0,2.5,2.6020599913279625,0,5.20411998265593,0.022259889714242944,4.249078399994803,4.098221488855527,4.403372696721454,in-sample
era4tb_C_MXF1x_r1,14.0,100.0,1.0,0,4.61278385671974,0.02047858652157832,4.974152222746415,4.85783513732025,5.127102514247499,in-sample
era4tb_C_MXF1x_r1,14.0,10.0,2.0,0,5.0,0.02047868735175793,4.974152222746415,4.85783513732025,5.127102514247499,in-sample
era4tb_C_MXF1x_r1,14.0,10.0,2.0,0,5.04139268515823,0.02047868735175793,4.974152222746415,4.85783513732025,5.127102514247499,in-sample
era4tb_C_MXF1x_r1,14.0,2.5,2.6020599913279625,0,5.60205999132796,0.02049556271629332,4.974152222746415,4.85783513732025,5.127102514247499,in-sample
era4tb_C_MXF1x_r1,21.0,100.0,1.0,0,6.32221929473392,0.02047858652022966,6.08469089175318,5.985178324235503,6.2322885436431426,in-sample
era4tb_C_MXF1x_r1,21.0,10.0,2.0,0,6.30102999566398,0.02047858652045243,6.08469089175318,5.985178324235503,6.2322885436431426,in-sample
era4tb_C_MXF1x_r1,21.0,10.0,2.0,0,6.43136376415899,0.02047858652045243,6.08469089175318,5.985178324235503,6.2322885436431426,in-sample
era4tb_C_MXF1x_r1,21.0,2.5,2.6020599913279625,0,6.90308998699194,0.02047858688122584,6.08469089175318,5.985178324235503,6.2322885436431426,in-sample
era4tb_C_MXF1x_r1,28.0,100.0,1.0,0,6.90308998699194,0.02047858652022966,7.247419900532657,6.851667783877934,7.5150952799963076,in-sample
era4tb_C_MXF1x_r1,28.0,10.0,2.0,0,7.20411998265593,0.020478586520229665,7.247419900532657,6.851667783877934,7.5150952799963076,in-sample
era4tb_C_MXF1x_r1,28.0,10.0,2.0,0,7.39794000867204,0.020478586520229665,7.247419900532657,6.851667783877934,7.5150952799963076,in-sample
era4tb_C_MXF1x_r1,28.0,2.5,2.6020599913279625,0,6.60205999132796,0.020478586520236396,7.247419900532657,6.851667783877934,7.5150952799963076,in-sample
era4tb_C_MXF1x_r2,0.0,100.0,1.0,0,4.47712125471966,0.020478589886546678,4.303518587350221,4.175868868871016,4.674453808330158,in-sample
era4tb_C_MXF1x_r2,0.0,10.0,2.0,0,4.38021124171161,0.02050380067496693,4.303518587350221,4.175868868871016,4.674453808330158,in-sample
era4tb_C_MXF1x_r2,0.0,10.0,2.0,0,4.11394335230684,0.02050380067496693,4.303518587350221,4.175868868871016,4.674453808330158,in-sample
era4tb_C_MXF1x_r2,0.0,2.5,2.6020599913279625,0,4.03342375548695,0.021694836200719554,4.303518587350221,4.175868868871016,4.674453808330158,in-sample
era4tb_C_MXF1x_r2,1.0,100.0,1.0,0,4.67209785793572,0.020478591005357278,4.285854843308072,4.164671132665051,4.493888985502433,in-sample
era4tb_C_MXF1x_r2,1.0,10.0,2.0,0,4.27875360095283,0.020510492195223762,4.285854843308072,4.164671132665051,4.493888985502433,in-sample
era4tb_C_MXF1x_r2,1.0,10.0,2.0,0,4.27875360095283,0.020510492195223762,4.285854843308072,4.164671132665051,4.493888985502433,in-sample
era4tb_C_MXF1x_r2,1.0,2.5,2.6020599913279625,0,4.07918124604763,0.021969042185141608,4.285854843308072,4.164671132665051,4.493888985502433,in-sample
era4tb_C_MXF1x_r2,2.0,100.0,1.0,0,4.90308998699194,0.02047859585979808,4.236941261536097,4.085917326467638,4.368393666173321,in-sample
era4tb_C_MXF1x_r2,2.0,10.0,2.0,0,4.47712125471966,0.02053039586043143,4.236941261536097,4.085917326467638,4.368393666173321,in-sample
era4tb_C_MXF1x_r2,2.0,10.0,2.0,0,4.90308998699194,0.02053039586043143,4.236941261536097,4.085917326467638,4.368393666173321,in-sample
era4tb_C_MXF1x_r2,2.0,2.5,2.6020599913279625,0,4.85733249643127,0.02258810452477954,4.236941261536097,4.085917326467638,4.368393666173321,in-sample
era4tb_C_MXF1x_r2,3.0,100.0,1.0,0,4.74036268949424,0.020478610691993245,4.169539675682,3.9949962031172737,4.250256980496027,in-sample
era4tb_C_MXF1x_r2,3.0,10.0,2.0,0,4.95424250943933,0.020579536978266755,4.169539675682,3.9949962031172737,4.250256980496027,in-sample
era4tb_C_MXF1x_r2,3.0,10.0,2.0,0,4.60205999132796,0.020579536978266755,4.169539675682,3.9949962031172737,4.250256980496027,in-sample
era4tb_C_MXF1x_r2,3.0,2.5,2.6020599913279625,0,4.50514997831991,0.0239436836489472,4.169539675682,3.9949962031172737,4.250256980496027,in-sample
era4tb_C_MXF1x_r2,7.0,100.0,1.0,0,2.0,0.020480674527784962,3.745206561872319,3.386515078208281,4.052396227635355,in-sample
era4tb_C_MXF1x_r2,7.0,10.0,2.0,1,,0.02216890733711297,3.745206561872319,3.386515078208281,4.052396227635355,in-sample
era4tb_C_MXF1x_r2,7.0,10.0,2.0,1,,0.02216890733711297,3.745206561872319,3.386515078208281,4.052396227635355,in-sample
era4tb_C_MXF1x_r2,7.0,2.5,2.6020599913279625,0,2.60205999132796,0.044571714362127875,3.745206561872319,3.386515078208281,4.052396227635355,in-sample
era4tb_C_MXF1x_r2,10.0,100.0,1.0,0,4.0,0.02047859613243976,4.288072904599648,4.01406919908896,4.558976866425015,in-sample
era4tb_C_MXF1x_r2,10.0,10.0,2.0,0,4.0,0.020530390642816178,4.288072904599648,4.01406919908896,4.558976866425015,in-sample
era4tb_C_MXF1x_r2,10.0,10.0,2.0,0,4.0,0.020530390642816178,4.288072904599648,4.01406919908896,4.558976866425015,in-sample
era4tb_C_MXF1x_r2,10.0,2.5,2.6020599913279625,0,5.07918124604763,0.022496643446808868,4.288072904599648,4.01406919908896,4.558976866425015,in-sample
era4tb_C_MXF1x_r2,14.0,100.0,1.0,0,4.69019608002851,0.020478586534218832,5.038048107278444,4.670574188484321,5.353515706162734,in-sample
era4tb_C_MXF1x_r2,14.0,10.0,2.0,0,5.0,0.020478998581360947,5.038048107278444,4.670574188484321,5.353515706162734,in-sample
era4tb_C_MXF1x_r2,14.0,10.0,2.0,0,4.90308998699194,0.020478998581360947,5.038048107278444,4.670574188484321,5.353515706162734,in-sample
era4tb_C_MXF1x_r2,14.0,2.5,2.6020599913279625,0,5.60205999132796,0.020522324830406943,5.038048107278444,4.670574188484321,5.353515706162734,in-sample
era4tb_C_MXF1x_r2,21.0,100.0,1.0,0,6.44715803134222,0.020478586520229672,6.068509011040595,5.85643626027896,6.3128209788647505,in-sample
era4tb_C_MXF1x_r2,21.0,10.0,2.0,0,6.38021124171161,0.02047858652905587,6.068509011040595,5.85643626027896,6.3128209788647505,in-sample
era4tb_C_MXF1x_r2,21.0,10.0,2.0,0,6.47712125471966,0.02047858652905587,6.068509011040595,5.85643626027896,6.3128209788647505,in-sample
era4tb_C_MXF1x_r2,21.0,2.5,2.6020599913279625,0,7.07918124604763,0.020478591527248957,6.068509011040595,5.85643626027896,6.3128209788647505,in-sample
era4tb_C_MXF1x_r2,28.0,100.0,1.0,0,6.88649072517248,0.02047858652022966,7.231425685985175,6.786848539377998,7.476518203753158,in-sample
era4tb_C_MXF1x_r2,28.0,10.0,2.0,0,6.77815125038364,0.020478586520229703,7.231425685985175,6.786848539377998,7.476518203753158,in-sample
era4tb_C_MXF1x_r2,28.0,10.0,2.0,0,7.20411998265593,0.020478586520229703,7.231425685985175,6.786848539377998,7.476518203753158,in-sample
era4tb_C_MXF1x_r2,28.0,2.5,2.6020599913279625,0,6.77815125038364,0.02047858652042782,7.231425685985175,6.786848539377998,7.476518203753158,in-sample
era4tb_C_MXF1x_r3,0.0,100.0,1.0,0,4.44715803134222,0.020478588623757222,4.3863602825596075,4.234836206792572,4.556991429471307,in-sample
era4tb_C_MXF1x_r3,0.0,10.0,2.0,0,4.30102999566398,0.020496335202314916,4.3863602825596075,4.234836206792572,4.556991429471307,in-sample
era4tb_C_MXF1x_r3,0.0,10.0,2.0,0,4.36172783601759,0.020496335202314916,4.3863602825596075,4.234836206792572,4.556991429471307,in-sample
era4tb_C_MXF1x_r3,0.0,2.5,2.6020599913279625,0,3.94448267215017,0.02140476007300751,4.3863602825596075,4.234836206792572,4.556991429471307,in-sample
era4tb_C_MXF1x_r3,1.0,100.0,1.0,0,4.57978359661681,0.02047858995072381,4.329624630777568,4.122982871070508,4.4813117831860945,in-sample
era4tb_C_MXF1x_r3,1.0,10.0,2.0,0,4.38021124171161,0.020504801648567342,4.329624630777568,4.122982871070508,4.4813117831860945,in-sample
era4tb_C_MXF1x_r3,1.0,10.0,2.0,0,4.34242268082221,0.020504801648567342,4.329624630777568,4.122982871070508,4.4813117831860945,in-sample
era4tb_C_MXF1x_r3,1.0,2.5,2.6020599913279625,0,4.38021124171161,0.021733071688792814,4.329624630777568,4.122982871070508,4.4813117831860945,in-sample
era4tb_C_MXF1x_r3,2.0,100.0,1.0,0,4.88649072517248,0.020478597896097753,4.300424775302029,4.053283468765913,4.516799856165273,in-sample
era4tb_C_MXF1x_r3,2.0,10.0,2.0,0,4.60205999132796,0.020533296483540343,4.300424775302029,4.053283468765913,4.516799856165273,in-sample
era4tb_C_MXF1x_r3,2.0,10.0,2.0,0,4.95424250943933,0.020533296483540343,4.300424775302029,4.053283468765913,4.516799856165273,in-sample
era4tb_C_MXF1x_r3,2.0,2.5,2.6020599913279625,0,4.50514997831991,0.022529974399668785,4.300424775302029,4.053283468765913,4.516799856165273,in-sample
era4tb_C_MXF1x_r3,3.0,100.0,1.0,0,4.70757017609794,0.020478610000667412,4.241410572245007,3.9418255763486303,4.471048195753801,in-sample
era4tb_C_MXF1x_r3,3.0,10.0,2.0,0,4.60205999132796,0.020569161689552414,4.241410572245007,3.9418255763486303,4.471048195753801,in-sample
era4tb_C_MXF1x_r3,3.0,10.0,2.0,0,4.6232492903979,0.020569161689552414,4.241410572245007,3.9418255763486303,4.471048195753801,in-sample
era4tb_C_MXF1x_r3,3.0,2.5,2.6020599913279625,0,4.38021124171161,0.02344734378944036,4.241410572245007,3.9418255763486303,4.471048195753801,in-sample
era4tb_C_MXF1x_r3,7.0,100.0,1.0,1,,0.020480105419148964,3.875359549785057,3.4917322259619388,4.49160526660275,in-sample
era4tb_C_MXF1x_r3,7.0,10.0,2.0,1,,0.02149798143487368,3.875359549785057,3.4917322259619388,4.49160526660275,in-sample
era4tb_C_MXF1x_r3,7.0,10.0,2.0,1,,0.02149798143487368,3.875359549785057,3.4917322259619388,4.49160526660275,in-sample
era4tb_C_MXF1x_r3,7.0,2.5,2.6020599913279625,0,3.30102999566398,0.0353519005634535,3.875359549785057,3.4917322259619388,4.49160526660275,in-sample
era4tb_C_MXF1x_r3,10.0,10.0,2.0,0,4.0,0.020510834123264928,4.476165919712594,4.105420531511377,4.706810759707219,in-sample
era4tb_C_MXF1x_r3,10.0,10.0,2.0,0,4.0,0.020510834123264928,4.476165919712594,4.105420531511377,4.706810759707219,in-sample
era4tb_C_MXF1x_r3,10.0,2.5,2.6020599913279625,1,,0.02178190295624691,4.476165919712594,4.105420531511377,4.706810759707219,in-sample
era4tb_C_MXF1x_r3,14.0,100.0,1.0,0,4.61278385671974,0.0204785865255029,4.955808289432701,4.6930045501420885,5.418511437796008,in-sample
era4tb_C_MXF1x_r3,14.0,10.0,2.0,0,5.0,0.020478838851610056,4.955808289432701,4.6930045501420885,5.418511437796008,in-sample
era4tb_C_MXF1x_r3,14.0,10.0,2.0,0,5.14612803567824,0.020478838851610056,4.955808289432701,4.6930045501420885,5.418511437796008,in-sample
era4tb_C_MXF1x_r3,14.0,2.5,2.6020599913279625,0,5.60205999132796,0.02051133333018235,4.955808289432701,4.6930045501420885,5.418511437796008,in-sample
era4tb_C_MXF1x_r3,21.0,100.0,1.0,0,6.30102999566398,0.02047858652022966,6.099322267415829,5.843574153794223,6.405168758967221,in-sample
era4tb_C_MXF1x_r3,21.0,10.0,2.0,0,6.41497334797082,0.020478586521238126,6.099322267415829,5.843574153794223,6.405168758967221,in-sample
era4tb_C_MXF1x_r3,21.0,10.0,2.0,0,6.54406804435028,0.020478586521238126,6.099322267415829,5.843574153794223,6.405168758967221,in-sample
era4tb_C_MXF1x_r3,21.0,2.5,2.6020599913279625,0,7.50514997831991,0.02047858790888993,6.099322267415829,5.843574153794223,6.405168758967221,in-sample
era4tb_C_MXF1x_r3,28.0,100.0,1.0,0,7.25527250510331,0.02047858652022966,7.111245639020141,6.706025392756731,7.507724457068778,in-sample
era4tb_C_MXF1x_r3,28.0,10.0,2.0,0,6.69897000433602,0.02047858652022968,7.111245639020141,6.706025392756731,7.507724457068778,in-sample
era4tb_C_MXF1x_r3,28.0,10.0,2.0,0,7.32221929473392,0.02047858652022968,7.111245639020141,6.706025392756731,7.507724457068778,in-sample
era4tb_C_MXF1x_r3,28.0,2.5,2.6020599913279625,0,6.44715803134222,0.020478586520318327,7.111245639020141,6.706025392756731,7.507724457068778,in-sample
era4tb_C_untreated_r1,0.0,100.0,1.0,0,4.66275783168157,0.020478597035629542,4.271538706546937,4.05863324471299,4.484658746685176,in-sample
era4tb_C_untreated_r1,0.0,10.0,2.0,0,4.07918124604763,0.02053116899464699,4.271538706546937,4.05863324471299,4.484658746685176,in-sample
era4tb_C_untreated_r1,0.0,10.0,2.0,0,3.90308998699194,0.02053116899464699,4.271538706546937,4.05863324471299,4.484658746685176,in-sample
era4tb_C_untreated_r1,0.0,2.5,2.6020599913279625,0,3.88081359228079,0.022538108040737935,4.271538706546937,4.05863324471299,4.484658746685176,in-sample
era4tb_C_untreated_r1,1.0,100.0,1.0,0,4.55630250076729,0.020478586963067973,4.507760268433247,4.38422817743753,4.712056460379644,in-sample
era4tb_C_untreated_r1,1.0,10.0,2.0,0,4.39794000867204,0.020484908321535024,4.507760268433247,4.38422817743753,4.712056460379644,in-sample
era4tb_C_untreated_r1,1.0,10.0,2.0,0,4.20411998265593,0.020484908321535024,4.507760268433247,4.38422817743753,4.712056460379644,in-sample
era4tb_C_untreated_r1,1.0,2.5,2.6020599913279625,0,4.38021124171161,0.02090472551913959,4.507760268433247,4.38422817743753,4.712056460379644,in-sample
era4tb_C_untreated_r1,2.0,100.0,1.0,0,4.93951925261862,0.02047858654793142,4.775058100678875,4.632864942672223,5.053995459551409,in-sample
era4tb_C_untreated_r1,2.0,10.0,2.0,0,5.0,0.020479361050451905,4.775058100678875,4.632864942672223,5.053995459551409,in-sample
era4tb_C_untreated_r1,2.0,10.0,2.0,0,5.23044892137827,0.020479361050451905,4.775058100678875,4.632864942672223,5.053995459551409,in-sample
era4tb_C_untreated_r1,2.0,2.5,2.6020599913279625,0,4.20411998265593,0.020560007461477063,4.775058100678875,4.632864942672223,5.053995459551409,in-sample
era4tb_C_untreated_r1,3.0,100.0,1.0,0,5.5910646070265,0.020478586522070057,4.985812078984966,4.8278047120009475,5.146344191839048,in-sample
era4tb_C_untreated_r1,3.0,10.0,2.0,0,5.69897000433602,0.020478703576850627,4.985812078984966,4.8278047120009475,5.146344191839048,in-sample
era4tb_C_untreated_r1,3.0,10.0,2.0,0,5.30102999566398,0.020478703576850627,4.985812078984966,4.8278047120009475,5.146344191839048,in-sample
era4tb_C_untreated_r1,3.0,2.5,2.6020599913279625,0,5.55630250076729,0.020497364314823307,4.985812078984966,4.8278047120009475,5.146344191839048,in-sample
era4tb_C_untreated_r1,7.0,100.0,1.0,0,5.63346845557959,0.020478586520229745,5.7135639202246775,5.505618555361097,5.979616938838365,in-sample
era4tb_C_untreated_r1,7.0,10.0,2.0,0,5.69897000433602,0.020478586581449524,5.7135639202246775,5.505618555361097,5.979616938838365,in-sample
era4tb_C_untreated_r1,7.0,10.0,2.0,0,5.84509804001426,0.020478586581449524,5.7135639202246775,5.505618555361097,5.979616938838365,in-sample
era4tb_C_untreated_r1,7.0,2.5,2.6020599913279625,0,5.50514997831991,0.020478624875371432,5.7135639202246775,5.505618555361097,5.979616938838365,in-sample
era4tb_C_untreated_r1,10.0,100.0,1.0,0,5.78532983501077,0.02047858652022966,6.2048474994268545,5.949504729665429,6.47891464748153,in-sample
era4tb_C_untreated_r1,10.0,10.0,2.0,0,6.0,0.020478586520466815,6.2048474994268545,5.949504729665429,6.47891464748153,in-sample
era4tb_C_untreated_r1,10.0,10.0,2.0,0,6.30102999566398,0.020478586520466815,6.2048474994268545,5.949504729665429,6.47891464748153,in-sample
era4tb_C_untreated_r1,10.0,2.5,2.6020599913279625,0,6.30102999566398,0.020478586897272177,6.2048474994268545,5.949504729665429,6.47891464748153,in-sample
era4tb_C_untreated_r1,14.0,100.0,1.0,0,6.76342799356294,0.02047858652022966,6.80186551147843,6.5064737234525705,7.201577379791308,in-sample
era4tb_C_untreated_r1,14.0,10.0,2.0,0,7.47712125471966,0.020478586520229755,6.80186551147843,6.5064737234525705,7.201577379791308,in-sample
era4tb_C_untreated_r1,14.0,10.0,2.0,0,6.77815125038364,0.020478586520229755,6.80186551147843,6.5064737234525705,7.201577379791308,in-sample
era4tb_C_untreated_r1,14.0,2.5,2.6020599913279625,0,7.77815125038364,0.020478586520770295,6.80186551147843,6.5064737234525705,7.201577379791308,in-sample
era4tb_C_untreated_r1,21.0,100.0,1.0,0,6.66275783168157,0.02047858652022966,7.116720698356094,6.926962860367847,7.349254545245192,in-sample
era4tb_C_untreated_r1,21.0,10.0,2.0,0,7.04139268515823,0.02047858652022966,7.116720698356094,6.926962860367847,7.349254545245192,in-sample
era4tb_C_untreated_r1,21.0,10.0,2.0,0,7.14612803567824,0.02047858652022966,7.116720698356094,6.926962860367847,7.349254545245192,in-sample
era4tb_C_untreated_r1,21.0,2.5,2.6020599913279625,0,6.94448267215017,0.020478586520230716,7.116720698356094,6.926962860367847,7.349254545245192,in-sample
era4tb_C_untreated_r1,28.0,100.0,1.0,0,7.14612803567824,0.02047858652022966,7.286514341763187,6.992565178179362,7.7284227390302505,in-sample
era4tb_C_untreated_r1,28.0,10.0,2.0,0,7.69897000433602,0.02047858652022966,7.286514341763187,6.992565178179362,7.7284227390302505,in-sample
era4tb_C_untreated_r1,28.0,10.0,2.0,0,7.92427928606188,0.02047858652022966,7.286514341763187,6.992565178179362,7.7284227390302505,in-sample
era4tb_C_untreated_r1,28.0,2.5,2.6020599913279625,0,7.20411998265593,0.020478586520230324,7.286514341763187,6.992565178179362,7.7284227390302505,in-sample
era4tb_C_untreated_r2,0.0,100.0,1.0,0,4.39794000867204,0.0204785908751434,4.332688277471397,4.116254862875715,4.499359374851705,in-sample
era4tb_C_untreated_r2,0.0,10.0,2.0,0,4.14612803567824,0.020508406325353796,4.332688277471397,4.116254862875715,4.499359374851705,in-sample
era4tb_C_untreated_r2,0.0,10.0,2.0,0,3.95424250943932,0.020508406325353796,4.332688277471397,4.116254862875715,4.499359374851705,in-sample
era4tb_C_untreated_r2,0.0,2.5,2.6020599913279625,0,3.90308998699194,0.021861780911867787,4.332688277471397,4.116254862875715,4.499359374851705,in-sample
era4tb_C_untreated_r2,1.0,100.0,1.0,0,4.95904139232109,0.0204785867208146,4.574227452303116,4.478203324594493,4.6911315717788336,in-sample
era4tb_C_untreated_r2,1.0,10.0,2.0,0,4.34242268082221,0.020482060477309952,4.574227452303116,4.478203324594493,4.6911315717788336,in-sample
era4tb_C_untreated_r2,1.0,10.0,2.0,0,4.43136376415899,0.020482060477309952,4.574227452303116,4.478203324594493,4.6911315717788336,in-sample
era4tb_C_untreated_r2,1.0,2.5,2.6020599913279625,0,4.38021124171161,0.020752185594018622,4.574227452303116,4.478203324594493,4.6911315717788336,in-sample
era4tb_C_untreated_r2,2.0,100.0,1.0,0,5.0,0.020478586534751594,4.8203463394598645,4.665548347026425,5.056077586700172,in-sample
era4tb_C_untreated_r2,2.0,10.0,2.0,0,4.30102999566398,0.020479106152901123,4.8203463394598645,4.665548347026425,5.056077586700172,in-sample
era4tb_C_untreated_r2,2.0,10.0,2.0,0,4.90308998699194,0.020479106152901123,4.8203463394598645,4.665548347026425,5.056077586700172,in-sample
era4tb_C_untreated_r2,2.0,2.5,2.6020599913279625,0,4.50514997831991,0.020538808161759854,4.8203463394598645,4.665548347026425,5.056077586700172,in-sample
era4tb_C_untreated_r2,3.0,100.0,1.0,0,5.07188200730613,0.020478586521285307,4.970701848058349,4.882562781786846,5.253766082718316,in-sample
era4tb_C_untreated_r2,3.0,10.0,2.0,0,6.27875360095283,0.020478668907175108,4.970701848058349,4.882562781786846,5.253766082718316,in-sample
era4tb_C_untreated_r2,3.0,10.0,2.0,0,5.77815125038364,0.020478668907175108,4.970701848058349,4.882562781786846,5.253766082718316,in-sample
era4tb_C_untreated_r2,3.0,2.5,2.6020599913279625,0,5.85733249643127,0.020492971428004512,4.970701848058349,4.882562781786846,5.253766082718316,in-sample
era4tb_C_untreated_r2,7.0,100.0,1.0,0,5.70757017609794,0.020478586520229734,5.814314258875443,5.549420952603286,6.057934716337914,in-sample
era4tb_C_untreated_r2,7.0,10.0,2.0,0,5.69897000433602,0.020478586572321312,5.814314258875443,5.549420952603286,6.057934716337914,in-sample
era4tb_C_untreated_r2,7.0,10.0,2.0,0,6.23044892137827,0.020478586572321312,5.814314258875443,5.549420952603286,6.057934716337914,in-sample
era4tb_C_untreated_r2,7.0,2.5,2.6020599913279625,0,5.44715803134222,0.020478617428872768,5.814314258875443,5.549420952603286,6.057934716337914,in-sample
era4tb_C_untreated_r2,10.0,100.0,1.0,0,5.7481880270062,0.02047858652022966,6.260087712660792,6.030221708205424,6.422759347873954,in-sample
era4tb_C_untreated_r2,10.0,10.0,2.0,0,7.14612803567824,0.02047858652036251,6.260087712660792,6.030221708205424,6.422759347873954,in-sample
era4tb_C_untreated_r2,10.0,10.0,2.0,0,6.47712125471966,0.02047858652036251,6.260087712660792,6.030221708205424,6.422759347873954,in-sample
era4tb_C_untreated_r2,10.0,2.5,2.6020599913279625,0,6.55630250076729,0.020478586720078087,6.260087712660792,6.030221708205424,6.422759347873954,in-sample
era4tb_C_untreated_r2,14.0,100.0,1.0,0,6.83250891270624,0.02047858652022966,6.804482890168457,6.573401354794628,7.086002089951513,in-sample
era4tb_C_untreated_r2,14.0,10.0,2.0,0,7.69897000433602,0.020478586520229772,6.804482890168457,6.573401354794628,7.086002089951513,in-sample
era4tb_C_untreated_r2,14.0,10.0,2.0,0,6.54406804435028,0.020478586520229772,6.804482890168457,6.573401354794628,7.086002089951513,in-sample
era4tb_C_untreated_r2,14.0,2.5,2.6020599913279625,0,7.44715803134222,0.02047858652072043,6.804482890168457,6.573401354794628,7.086002089951513,in-sample
era4tb_C_untreated_r2,21.0,100.0,1.0,0,6.27875360095283,0.02047858652022966,7.09974929505009,6.734285322058202,7.406121489736635,in-sample
era4tb_C_untreated_r2,21.0,10.0,2.0,0,6.95424250943933,0.02047858652022968,7.09974929505009,6.734285322058202,7.406121489736635,in-sample
era4tb_C_untreated_r2,21.0,10.0,2.0,0,7.0,0.02047858652022968,7.09974929505009,6.734285322058202,7.406121489736635,in-sample
era4tb_C_untreated_r2,21.0,2.5,2.6020599913279625,0,6.92427928606188,0.020478586520311964,7.09974929505009,6.734285322058202,7.406121489736635,in-sample
era4tb_C_untreated_r2,28.0,100.0,1.0,0,7.23044892137827,0.02047858652022966,7.303136662161615,6.834200539015728,7.7635064050109595,in-sample
era4tb_C_untreated_r2,28.0,10.0,2.0,0,7.47712125471966,0.0204785865202297,7.303136662161615,6.834200539015728,7.7635064050109595,in-sample
era4tb_C_untreated_r2,28.0,10.0,2.0,0,7.90308998699194,0.0204785865202297,7.303136662161615,6.834200539015728,7.7635064050109595,in-sample
era4tb_C_untreated_r2,28.0,2.5,2.6020599913279625,0,7.07918124604763,0.02047858652038956,7.303136662161615,6.834200539015728,7.7635064050109595,in-sample
era4tb_C_untreated_r3,0.0,100.0,1.0,0,4.75587485567249,0.020478591417774642,4.37046546600466,4.148211874565883,4.5049325850801205,in-sample
era4tb_C_untreated_r3,0.0,10.0,2.0,0,4.25527250510331,0.02050730627109627,4.37046546600466,4.148211874565883,4.5049325850801205,in-sample
era4tb_C_untreated_r3,0.0,10.0,2.0,0,4.0,0.02050730627109627,4.37046546600466,4.148211874565883,4.5049325850801205,in-sample
era4tb_C_untreated_r3,0.0,2.5,2.6020599913279625,0,3.94448267215017,0.02177157037172895,4.37046546600466,4.148211874565883,4.5049325850801205,in-sample
era4tb_C_untreated_r3,1.0,100.0,1.0,1,,0.020478586851419414,4.6010192228695,4.41209756063393,4.777503142729124,in-sample
era4tb_C_untreated_r3,1.0,10.0,2.0,0,4.07918124604763,0.02048263612711025,4.6010192228695,4.41209756063393,4.777503142729124,in-sample
era4tb_C_untreated_r3,1.0,10.0,2.0,0,4.17609125905568,0.02048263612711025,4.6010192228695,4.41209756063393,4.777503142729124,in-sample
era4tb_C_untreated_r3,1.0,2.5,2.6020599913279625,0,4.38021124171161,0.020760355751570234,4.6010192228695,4.41209756063393,4.777503142729124,in-sample
era4tb_C_untreated_r3,2.0,100.0,1.0,0,4.8750612633917,0.020478586544465164,4.854256628155942,4.602802030582994,5.0551065930601755,in-sample
era4tb_C_untreated_r3,2.0,10.0,2.0,0,4.69897000433602,0.020479158536795043,4.854256628155942,4.602802030582994,5.0551065930601755,in-sample
era4tb_C_untreated_r3,2.0,10.0,2.0,0,4.95424250943933,0.020479158536795043,4.854256628155942,4.602802030582994,5.0551065930601755,in-sample
era4tb_C_untreated_r3,2.0,2.5,2.6020599913279625,0,4.64345267648619,0.020536872458528376,4.854256628155942,4.602802030582994,5.0551065930601755,in-sample
era4tb_C_untreated_r3,3.0,100.0,1.0,0,5.11394335230684,0.02047858652154758,5.031663682848644,4.850583942830548,5.234536513335415,in-sample
era4tb_C_untreated_r3,3.0,10.0,2.0,0,5.77815125038364,0.02047866394627506,5.031663682848644,4.850583942830548,5.234536513335415,in-sample
era4tb_C_untreated_r3,3.0,10.0,2.0,0,5.84509804001426,0.02047866394627506,5.031663682848644,4.850583942830548,5.234536513335415,in-sample
era4tb_C_untreated_r3,3.0,2.5,2.6020599913279625,0,5.64345267648619,0.02049097998083344,5.031663682848644,4.850583942830548,5.234536513335415,in-sample
era4tb_C_untreated_r3,7.0,100.0,1.0,0,5.68124123737559,0.020478586520229672,5.786061395743198,5.629319192437633,5.984099872188673,in-sample
era4tb_C_untreated_r3,7.0,10.0,2.0,0,5.84509804001426,0.02047858653179573,5.786061395743198,5.629319192437633,5.984099872188673,in-sample
era4tb_C_untreated_r3,7.0,10.0,2.0,0,5.95424250943933,0.02047858653179573,5.786061395743198,5.629319192437633,5.984099872188673,in-sample
era4tb_C_untreated_r3,7.0,2.5,2.6020599913279625,0,5.64345267648619,0.02047859747607493,5.786061395743198,5.629319192437633,5.984099872188673,in-sample
era4tb_C_untreated_r3,10.0,100.0,1.0,0,5.70757017609794,0.02047858652022966,6.208984759672706,6.01283084605985,6.476808899335398,in-sample
era4tb_C_untreated_r3,10.0,10.0,2.0,0,7.20411998265593,0.020478586520372006,6.208984759672706,6.01283084605985,6.476808899335398,in-sample
era4tb_C_untreated_r3,10.0,10.0,2.0,0,6.60205999132796,0.020478586520372006,6.208984759672706,6.01283084605985,6.476808899335398,in-sample
era4tb_C_untreated_r3,10.0,2.5,2.6020599913279625,0,6.38021124171161,0.020478586731558505,6.208984759672706,6.01283084605985,6.476808899335398,in-sample
era4tb_C_untreated_r3,14.0,100.0,1.0,0,6.88081359228079,0.02047858652022966,6.910648383687388,6.393153942195228,7.271754570269206,in-sample
era4tb_C_untreated_r3,14.0,10.0,2.0,0,7.47712125471966,0.0204785865202305,6.910648383687388,6.393153942195228,7.271754570269206,in-sample
era4tb_C_untreated_r3,14.0,10.0,2.0,0,6.73239375982297,0.0204785865202305,6.910648383687388,6.393153942195228,7.271754570269206,in-sample
era4tb_C_untreated_r3,14.0,2.5,2.6020599913279625,0,7.20411998265593,0.020478586522883393,6.910648383687388,6.393153942195228,7.271754570269206,in-sample
era4tb_C_untreated_r3,21.0,100.0,1.0,0,6.86923171973098,0.02047858652022966,7.1947033421557425,6.7564412848066,7.339805647661021,in-sample
era4tb_C_untreated_r3,21.0,10.0,2.0,0,7.14612803567824,0.02047858652022967,7.1947033421557425,6.7564412848066,7.339805647661021,in-sample
era4tb_C_untreated_r3,21.0,10.0,2.0,0,6.90308998699194,0.02047858652022967,7.1947033421557425,6.7564412848066,7.339805647661021,in-sample
era4tb_C_untreated_r3,21.0,2.5,2.6020599913279625,0,6.88081359228079,0.020478586520273127,7.1947033421557425,6.7564412848066,7.339805647661021,in-sample
era4tb_C_untreated_r3,28.0,100.0,1.0,0,7.30102999566398,0.02047858652022966,7.415924101821073,7.051043847579822,7.908237110273283,in-sample
era4tb_C_untreated_r3,28.0,10.0,2.0,0,7.32221929473392,0.02047858652022966,7.415924101821073,7.051043847579822,7.908237110273283,in-sample
era4tb_C_untreated_r3,28.0,10.0,2.0,0,7.93449845124357,0.02047858652022966,7.415924101821073,7.051043847579822,7.908237110273283,in-sample
era4tb_D_INH10x_r1,0.0,100.0,1.0,0,4.92427928606188,0.02047858654564176,4.802774067465304,4.630138792148414,5.012258232497276,in-sample
era4tb_D_INH10x_r1,0.0,10.0,2.0,0,4.39794000867204,0.020479183718603407,4.802774067465304,4.630138792148414,5.012258232497276,in-sample
era4tb_D_INH10x_r1,0.0,10.0,2.0,0,4.11394335230684,0.020479183718603407,4.802774067465304,4.630138792148414,5.012258232497276,in-sample
era4tb_D_INH10x_r1,0.0,2.5,2.6020599913279625,0,5.30102999566398,0.02054138205663654,4.802774067465304,4.630138792148414,5.012258232497276,in-sample
era4tb_D_INH10x_r1,1.0,100.0,1.0,0,4.17609125905568,0.02047874543263537,4.020269092692176,3.7828530264912583,4.169311917027872,in-sample
era4tb_D_INH10x_r1,1.0,10.0,2.0,0,3.69897000433602,0.02078053829858253,4.020269092692176,3.7828530264912583,4.169311917027872,in-sample
era4tb_D_INH10x_r1,1.0,10.0,2.0,0,3.64345267648619,0.02078053829858253,4.020269092692176,3.7828530264912583,4.169311917027872,in-sample
era4tb_D_INH10x_r1,1.0,2.5,2.6020599913279625,0,3.50514997831991,0.027833280282795674,4.020269092692176,3.7828530264912583,4.169311917027872,in-sample
era4tb_D_INH10x_r1,2.0,10.0,2.0,0,3.49136169383427,0.04163005939252281,3.208009828258576,2.91966339679121,3.344350833190327,in-sample
era4tb_D_INH10x_r1,2.0,10.0,2.0,0,3.47712125471966,0.04163005939252281,3.208009828258576,2.91966339679121,3.344350833190327,in-sample
era4tb_D_INH10x_r1,2.0,2.5,2.6020599913279625,0,3.38021124171161,0.15471589836167476,3.208009828258576,2.91966339679121,3.344350833190327,in-sample
era4tb_D_INH10x_r1,3.0,100.0,1.0,0,3.06445798922692,0.020768711667927407,3.068839060894223,2.8180040374786217,3.1943322436534998,in-sample
era4tb_D_INH10x_r1,3.0,10.0,2.0,0,3.30102999566398,0.0544601016369757,3.068839060894223,2.8180040374786217,3.1943322436534998,in-sample
era4tb_D_INH10x_r1,3.0,10.0,2.0,0,3.25527250510331,0.0544601016369757,3.068839060894223,2.8180040374786217,3.1943322436534998,in-sample
era4tb_D_INH10x_r1,3.0,2.5,2.6020599913279625,0,3.55630250076729,0.20326975821754026,3.068839060894223,2.8180040374786217,3.1943322436534998,in-sample
era4tb_D_INH10x_r1,7.0,100.0,1.0,0,2.23044892137827,0.026318133799760817,2.434734088444267,2.2450947812096445,2.674741976694333,in-sample
era4tb_D_INH10x_r1,7.0,10.0,2.0,0,2.47712125471966,0.18726766281426518,2.434734088444267,2.2450947812096445,2.674741976694333,in-sample
era4tb_D_INH10x_r1,7.0,10.0,2.0,0,2.77815125038364,0.18726766281426518,2.434734088444267,2.2450947812096445,2.674741976694333,in-sample
era4tb_D_INH10x_r1,7.0,2.5,2.6020599913279625,0,3.60205999132796,0.47816818691150564,2.434734088444267,2.2450947812096445,2.674741976694333,in-sample
era4tb_D_INH10x_r1,10.0,100.0,1.0,0,3.0,0.020789026930566144,3.00882056853726,2.7601426421644093,3.147326561954307,in-sample
era4tb_D_INH10x_r1,10.0,10.0,2.0,0,3.0,0.05599909430102974,3.00882056853726,2.7601426421644093,3.147326561954307,in-sample
era4tb_D_INH10x_r1,10.0,10.0,2.0,0,3.0,0.05599909430102974,3.00882056853726,2.7601426421644093,3.147326561954307,in-sample
era4tb_D_INH10x_r1,14.0,100.0,1.0,0,3.69019608002851,0.020481953084112083,3.766034075893505,3.3921038885378065,4.015744159422678,in-sample
era4tb_D_INH10x_r1,14.0,10.0,2.0,0,3.77815125038364,0.022599602204961038,3.766034075893505,3.3921038885378065,4.015744159422678,in-sample
era4tb_D_INH10x_r1,14.0,10.0,2.0,0,3.60205999132796,0.022599602204961038,3.766034075893505,3.3921038885378065,4.015744159422678,in-sample
era4tb_D_INH10x_r1,14.0,2.5,2.6020599913279625,0,3.90308998699194,0.04789463687124371,3.766034075893505,3.3921038885378065,4.015744159422678,in-sample
era4tb_D_INH10x_r1,21.0,100.0,1.0,0,4.92941892571429,0.020478586520373255,5.227291589438633,4.93931810220378,5.611641536891022,in-sample
era4tb_D_INH10x_r1,21.0,10.0,2.0,0,5.11394335230684,0.020478604017870803,5.227291589438633,4.93931810220378,5.611641536891022,in-sample
era4tb_D_INH10x_r1,21.0,10.0,2.0,0,5.25527250510331,0.020478604017870803,5.227291589438633,4.93931810220378,5.611641536891022,in-sample
era4tb_D_INH10x_r1,21.0,2.5,2.6020599913279625,0,5.7481880270062,0.020482511420313595,5.227291589438633,4.93931810220378,5.611641536891022,in-sample
era4tb_D_INH10x_r2,0.0,100.0,1.0,0,4.76342799356294,0.020478586561965238,4.82410738681715,4.551329442848936,5.072876705073601,in-sample
era4tb_D_INH10x_r2,0.0,10.0,2.0,0,4.50514997831991,0.020479537266895165,4.82410738681715,4.551329442848936,5.072876705073601,in-sample
era4tb_D_INH10x_r2,0.0,10.0,2.0,0,4.39794000867204,0.020479537266895165,4.82410738681715,4.551329442848936,5.072876705073601,in-sample
era4tb_D_INH10x_r2,0.0,2.5,2.6020599913279625,0,4.90308998699194,0.020567976212719396,4.82410738681715,4.551329442848936,5.072876705073601,in-sample
era4tb_D_INH10x_r2,1.0,10.0,2.0,0,3.72427586960079,0.02075851246535333,3.9902185660336498,3.7977649356686887,4.2478402175038985,in-sample
era4tb_D_INH10x_r2,1.0,10.0,2.0,0,3.43136376415899,0.02075851246535333,3.9902185660336498,3.7977649356686887,4.2478402175038985,in-sample
era4tb_D_INH10x_r2,1.0,2.5,2.6020599913279625,0,3.64345267648619,0.027528805922687798,3.9902185660336498,3.7977649356686887,4.2478402175038985,in-sample
era4tb_D_INH10x_r2,2.0,10.0,2.0,0,3.30102999566398,0.03806479731966037,3.1543624312608918,2.991862041137625,3.489012076914559,in-sample
era4tb_D_INH10x_r2,2.0,10.0,2.0,0,3.44715803134222,0.03806479731966037,3.1543624312608918,2.991862041137625,3.489012076914559,in-sample
era4tb_D_INH10x_r2,2.0,2.5,2.6020599913279625,0,3.07918124604762,0.1415291969990468,3.1543624312608918,2.991862041137625,3.489012076914559,in-sample
era4tb_D_INH10x_r2,3.0,100.0,1.0,0,3.02118929906994,0.020638713835692945,3.0455257050443345,2.906457509420621,3.255086209326404,in-sample
era4tb_D_INH10x_r2,3.0,10.0,2.0,0,3.43136376415899,0.04681917487376789,3.0455257050443345,2.906457509420621,3.255086209326404,in-sample
era4tb_D_INH10x_r2,3.0,10.0,2.0,0,3.14612803567824,0.04681917487376789,3.0455257050443345,2.906457509420621,3.255086209326404,in-sample
era4tb_D_INH10x_r2,3.0,2.5,2.6020599913279625,0,3.44715803134222,0.18005903930496966,3.0455257050443345,2.906457509420621,3.255086209326404,in-sample
era4tb_D_INH10x_r2,7.0,100.0,1.0,0,2.51851393987789,0.025501731253297282,2.4877892187191954,2.19809651507889,2.94052986309622,in-sample
era4tb_D_INH10x_r2,7.0,10.0,2.0,0,2.77815125038364,0.16161139009632217,2.4877892187191954,2.19809651507889,2.94052986309622,in-sample
era4tb_D_INH10x_r2,7.0,2.5,2.6020599913279625,0,3.20411998265592,0.42257997301554817,2.4877892187191954,2.19809651507889,2.94052986309622,in-sample
era4tb_D_INH10x_r2,10.0,100.0,1.0,0,2.95424250943932,0.020721506064702366,3.0527776261883384,2.851122117547758,3.4246736927730708,in-sample
era4tb_D_INH10x_r2,10.0,10.0,2.0,0,3.47712125471966,0.04979933217411545,3.0527776261883384,2.851122117547758,3.4246736927730708,in-sample
era4tb_D_INH10x_r2,10.0,10.0,2.0,0,3.0,0.04979933217411545,3.0527776261883384,2.851122117547758,3.4246736927730708,in-sample
era4tb_D_INH10x_r2,14.0,100.0,1.0,0,3.85125834871908,0.020485015653998667,3.8001948955914218,3.4122605683654843,4.189222797034434,in-sample
era4tb_D_INH10x_r2,14.0,10.0,2.0,0,3.84509804001426,0.02260736104770576,3.8001948955914218,3.4122605683654843,4.189222797034434,in-sample
era4tb_D_INH10x_r2,14.0,10.0,2.0,0,3.84509804001426,0.02260736104770576,3.8001948955914218,3.4122605683654843,4.189222797034434,in-sample
era4tb_D_INH10x_r2,14.0,2.5,2.6020599913279625,0,4.07918124604763,0.04476781712748863,3.8001948955914218,3.4122605683654843,4.189222797034434,in-sample
era4tb_D_INH10x_r2,21.0,100.0,1.0,0,5.07918124604763,0.02047858661814467,5.342691006030678,4.7591833873667415,5.579569829177232,in-sample
era4tb_D_INH10x_r2,21.0,10.0,2.0,0,4.95424250943933,0.02047957322760757,5.342691006030678,4.7591833873667415,5.579569829177232,in-sample
era4tb_D_INH10x_r2,21.0,10.0,2.0,0,4.77815125038364,0.02047957322760757,5.342691006030678,4.7591833873667415,5.579569829177232,in-sample
era4tb_D_INH10x_r2,21.0,2.5,2.6020599913279625,0,5.44715803134222,0.020535889785194956,5.342691006030678,4.7591833873667415,5.579569829177232,in-sample
era4tb_D_INH10x_r3,0.0,100.0,1.0,0,4.76342799356294,0.020478586537225618,4.905419580645474,4.566314355179136,5.153456645813286,in-sample
era4tb_D_INH10x_r3,0.0,10.0,2.0,0,4.38021124171161,0.020479127769406382,4.905419580645474,4.566314355179136,5.153456645813286,in-sample
era4tb_D_INH10x_r3,0.0,10.0,2.0,0,4.47712125471966,0.020479127769406382,4.905419580645474,4.566314355179136,5.153456645813286,in-sample
era4tb_D_INH10x_r3,0.0,2.5,2.6020599913279625,0,4.90308998699194,0.02053749445717269,4.905419580645474,4.566314355179136,5.153456645813286,in-sample
era4tb_D_INH10x_r3,1.0,100.0,1.0,0,4.17026171539496,0.02047870514819764,4.023069871416305,3.744837898868499,4.252836697501038,in-sample
era4tb_D_INH10x_r3,1.0,10.0,2.0,0,3.70757017609794,0.02074451887403688,4.023069871416305,3.744837898868499,4.252836697501038,in-sample
era4tb_D_INH10x_r3,1.0,10.0,2.0,0,3.63346845557959,0.02074451887403688,4.023069871416305,3.744837898868499,4.252836697501038,in-sample
era4tb_D_INH10x_r3,1.0,2.5,2.6020599913279625,0,3.77815125038364,0.0270736021085349,4.023069871416305,3.744837898868499,4.252836697501038,in-sample
era4tb_D_INH10x_r3,2.0,10.0,2.0,0,3.34242268082221,0.0395748198715909,3.2507266302991655,2.907509555715348,3.3996760612693433,in-sample
era4tb_D_INH10x_r3,2.0,10.0,2.0,0,3.27875360095283,0.0395748198715909,3.2507266302991655,2.907509555715348,3.3996760612693433,in-sample
era4tb_D_INH10x_r3,2.0,2.5,2.6020599913279625,0,2.60205999132796,0.14546046830263143,3.2507266302991655,2.907509555715348,3.3996760612693433,in-sample
era4tb_D_INH10x_r3,3.0,100.0,1.0,0,2.78532983501077,0.0206873311531392,3.073792488778631,2.8245436992765915,3.2272690989056265,in-sample
era4tb_D_INH10x_r3,3.0,10.0,2.0,0,3.25527250510331,0.04942377454714962,3.073792488778631,2.8245436992765915,3.2272690989056265,in-sample
era4tb_D_INH10x_r3,3.0,10.0,2.0,0,3.25527250510331,0.04942377454714962,3.073792488778631,2.8245436992765915,3.2272690989056265,in-sample
era4tb_D_INH10x_r3,3.0,2.5,2.6020599913279625,0,2.90308998699194,0.18700539704208322,3.073792488778631,2.8245436992765915,3.2272690989056265,in-sample
era4tb_D_INH10x_r3,7.0,100.0,1.0,0,3.04532297878666,0.024199556230039148,2.51768525615944,2.349502916349295,2.7176007461999743,in-sample
era4tb_D_INH10x_r3,7.0,10.0,2.0,0,3.14612803567824,0.15781303225355606,2.51768525615944,2.349502916349295,2.7176007461999743,in-sample
era4tb_D_INH10x_r3,7.0,2.5,2.6020599913279625,0,2.90308998699194,0.4359530606327384,2.51768525615944,2.349502916349295,2.7176007461999743,in-sample
era4tb_D_INH10x_r3,10.0,100.0,1.0,0,2.90308998699194,0.020757067892155843,3.0583096066451074,2.8169298512019654,3.2709061481749893,in-sample
era4tb_D_INH10x_r3,10.0,10.0,2.0,0,3.47712125471966,0.05216398948859204,3.0583096066451074,2.8169298512019654,3.2709061481749893,in-sample
era4tb_D_INH10x_r3,14.0,100.0,1.0,0,3.7481880270062,0.02048437412547327,3.69063687959964,3.395828446013148,4.0523919542662945,in-sample
era4tb_D_INH10x_r3,14.0,10.0,2.0,0,3.47712125471966,0.0229065498731863,3.69063687959964,3.395828446013148,4.0523919542662945,in-sample
era4tb_D_INH10x_r3,14.0,10.0,2.0,0,3.84509804001426,0.0229065498731863,3.69063687959964,3.395828446013148,4.0523919542662945,in-sample
era4tb_D_INH10x_r3,14.0,2.5,2.6020599913279625,0,3.60205999132796,0.049283274355345096,3.69063687959964,3.395828446013148,4.0523919542662945,in-sample
era4tb_D_INH10x_r3,21.0,100.0,1.0,0,5.32221929473392,0.02047858652434983,5.268873829473322,4.754091821853764,5.568771082160976,in-sample
era4tb_D_INH10x_r3,21.0,10.0,2.0,0,5.04139268515823,0.020478736520226984,5.268873829473322,4.754091821853764,5.568771082160976,in-sample
era4tb_D_INH10x_r3,21.0,10.0,2.0,0,5.04139268515823,0.020478736520226984,5.268873829473322,4.754091821853764,5.568771082160976,in-sample
era4tb_D_INH10x_r3,21.0,2.5,2.6020599913279625,0,5.38021124171161,0.020496641079731644,5.268873829473322,4.754091821853764,5.568771082160976,in-sample
era4tb_D_INH1x_r1,0.0,100.0,1.0,0,4.96378782734556,0.020478586603368553,4.731849483655686,4.505372237284335,5.017249614119004,in-sample
era4tb_D_INH1x_r1,0.0,10.0,2.0,0,4.95424250943933,0.02048004183189562,4.731849483655686,4.505372237284335,5.017249614119004,in-sample
era4tb_D_INH1x_r1,0.0,10.0,2.0,0,4.44715803134222,0.02048004183189562,4.731849483655686,4.505372237284335,5.017249614119004,in-sample
era4tb_D_INH1x_r1,0.0,2.5,2.6020599913279625,0,4.7160033436348,0.020600992356645954,4.731849483655686,4.505372237284335,5.017249614119004,in-sample
era4tb_D_INH1x_r1,1.0,100.0,1.0,0,4.34242268082221,0.02047860647555073,4.232911809629385,3.97470831027278,4.4164874543971235,in-sample
era4tb_D_INH1x_r1,1.0,10.0,2.0,0,4.20411998265593,0.020559881317075392,4.232911809629385,3.97470831027278,4.4164874543971235,in-sample
era4tb_D_INH1x_r1,1.0,10.0,2.0,0,4.32221929473392,0.020559881317075392,4.232911809629385,3.97470831027278,4.4164874543971235,in-sample
era4tb_D_INH1x_r1,1.0,2.5,2.6020599913279625,1,,0.023272994933710902,4.232911809629385,3.97470831027278,4.4164874543971235,in-sample
era4tb_D_INH1x_r1,2.0,10.0,2.0,0,3.34242268082221,0.02281374751013359,3.666765831254712,3.4063178296006003,3.848759944624874,in-sample
era4tb_D_INH1x_r1,2.0,10.0,2.0,0,3.04139268515822,0.02281374751013359,3.666765831254712,3.4063178296006003,3.848759944624874,in-sample
era4tb_D_INH1x_r1,2.0,2.5,2.6020599913279625,0,3.92427928606188,0.051759429742430085,3.666765831254712,3.4063178296006003,3.848759944624874,in-sample
era4tb_D_INH1x_r1,3.0,100.0,1.0,0,3.33243845991561,0.02049182662463223,3.470925966465829,3.2322805988615055,3.6553058124941518,in-sample
era4tb_D_INH1x_r1,3.0,10.0,2.0,0,3.47712125471966,0.026158108654936063,3.470925966465829,3.2322805988615055,3.6553058124941518,in-sample
era4tb_D_INH1x_r1,3.0,10.0,2.0,0,3.17609125905568,0.026158108654936063,3.470925966465829,3.2322805988615055,3.6553058124941518,in-sample
era4tb_D_INH1x_r1,3.0,2.5,2.6020599913279625,0,3.68124123737559,0.07800080531510721,3.470925966465829,3.2322805988615055,3.6553058124941518,in-sample
era4tb_D_INH1x_r1,7.0,100.0,1.0,0,3.23044892137827,0.02231577952431289,2.778669172043409,2.3871048515291724,2.9678608566044096,in-sample
era4tb_D_INH1x_r1,7.0,10.0,2.0,0,2.69897000433602,0.10948195528098957,2.778669172043409,2.3871048515291724,2.9678608566044096,in-sample
era4tb_D_INH1x_r1,7.0,10.0,2.0,0,2.69897000433602,0.10948195528098957,2.778669172043409,2.3871048515291724,2.9678608566044096,in-sample
era4tb_D_INH1x_r1,7.0,2.5,2.6020599913279625,0,3.55630250076729,0.33883192208208174,2.778669172043409,2.3871048515291724,2.9678608566044096,in-sample
era4tb_D_INH1x_r1,10.0,100.0,1.0,0,3.11394335230684,0.02054341093133519,3.284751488861102,2.982616949462667,3.5290331065927907,in-sample
era4tb_D_INH1x_r1,10.0,10.0,2.0,0,3.0,0.03492603566510366,3.284751488861102,2.982616949462667,3.5290331065927907,in-sample
era4tb_D_INH1x_r1,10.0,10.0,2.0,1,,0.03492603566510366,3.284751488861102,2.982616949462667,3.5290331065927907,in-sample
era4tb_D_INH1x_r1,14.0,100.0,1.0,0,3.91381385238372,0.020479027012928905,3.9817676706908625,3.5895787603220857,4.318391885462035,in-sample
era4tb_D_INH1x_r1,14.0,10.0,2.0,0,4.04139268515823,0.02103965117004503,3.9817676706908625,3.5895787603220857,4.318391885462035,in-sample
era4tb_D_INH1x_r1,14.0,10.0,2.0,0,3.84509804001426,0.02103965117004503,3.9817676706908625,3.5895787603220857,4.318391885462035,in-sample
era4tb_D_INH1x_r1,14.0,2.5,2.6020599913279625,0,4.07918124604763,0.03112404497731617,3.9817676706908625,3.5895787603220857,4.318391885462035,in-sample
era4tb_D_INH1x_r1,21.0,100.0,1.0,0,5.05307844348342,0.020478586524556513,5.069034840632402,4.780336151646418,5.274953164170424,in-sample
era4tb_D_INH1x_r1,21.0,10.0,2.0,0,5.17609125905568,0.0204787573846532,5.069034840632402,4.780336151646418,5.274953164170424,in-sample
era4tb_D_INH1x_r1,21.0,10.0,2.0,0,5.23044892137827,0.0204787573846532,5.069034840632402,4.780336151646418,5.274953164170424,in-sample
era4tb_D_INH1x_r1,21.0,2.5,2.6020599913279625,0,4.90308998699194,0.020500220634030352,5.069034840632402,4.780336151646418,5.274953164170424,in-sample
era4tb_D_INH1x_r2,0.0,100.0,1.0,0,4.77085201164214,0.020478586648661794,4.668132051816601,4.483994275772232,4.937274950185866,in-sample
era4tb_D_INH1x_r2,0.0,10.0,2.0,0,4.69897000433602,0.020480596326691955,4.668132051816601,4.483994275772232,4.937274950185866,in-sample
era4tb_D_INH1x_r2,0.0,10.0,2.0,0,4.34242268082221,0.020480596326691955,4.668132051816601,4.483994275772232,4.937274950185866,in-sample
era4tb_D_INH1x_r2,0.0,2.5,2.6020599913279625,0,4.64345267648619,0.0206393106600422,4.668132051816601,4.483994275772232,4.937274950185866,in-sample
era4tb_D_INH1x_r2,1.0,100.0,1.0,0,4.86332286012046,0.020478614193108202,4.153080255928765,3.956495014004054,4.345942878990883,in-sample
era4tb_D_INH1x_r2,1.0,10.0,2.0,0,4.27875360095283,0.020571666492192994,4.153080255928765,3.956495014004054,4.345942878990883,in-sample
era4tb_D_INH1x_r2,1.0,10.0,2.0,0,4.32221929473392,0.020571666492192994,4.153080255928765,3.956495014004054,4.345942878990883,in-sample
era4tb_D_INH1x_r2,1.0,2.5,2.6020599913279625,0,4.90308998699194,0.0235699706850054,4.153080255928765,3.956495014004054,4.345942878990883,in-sample
era4tb_D_INH1x_r2,2.0,10.0,2.0,0,3.49136169383427,0.02269221141654903,3.655833149108578,3.4289957522358754,3.8246805942251165,in-sample
era4tb_D_INH1x_r2,2.0,10.0,2.0,0,3.41497334797082,0.02269221141654903,3.655833149108578,3.4289957522358754,3.8246805942251165,in-sample
era4tb_D_INH1x_r2,2.0,2.5,2.6020599913279625,0,3.38021124171161,0.05082856776159229,3.655833149108578,3.4289957522358754,3.8246805942251165,in-sample
era4tb_D_INH1x_r2,3.0,100.0,1.0,0,3.34635297445064,0.020490529476273403,3.437459593697956,3.269249922622818,3.626962408316747,in-sample
era4tb_D_INH1x_r2,3.0,10.0,2.0,0,3.20411998265592,0.025886071568568814,3.437459593697956,3.269249922622818,3.626962408316747,in-sample
era4tb_D_INH1x_r2,3.0,10.0,2.0,0,3.36172783601759,0.025886071568568814,3.437459593697956,3.269249922622818,3.626962408316747,in-sample
era4tb_D_INH1x_r2,3.0,2.5,2.6020599913279625,0,3.55630250076729,0.07710332319277388,3.437459593697956,3.269249922622818,3.626962408316747,in-sample
era4tb_D_INH1x_r2,7.0,100.0,1.0,0,2.88081359228079,0.022244952877204537,2.685862838997614,2.468515751517187,2.8945656223210663,in-sample
era4tb_D_INH1x_r2,7.0,10.0,2.0,0,2.47712125471966,0.11264346670746504,2.685862838997614,2.468515751517187,2.8945656223210663,in-sample
era4tb_D_INH1x_r2,7.0,10.0,2.0,0,3.30102999566398,0.11264346670746504,2.685862838997614,2.468515751517187,2.8945656223210663,in-sample
era4tb_D_INH1x_r2,7.0,2.5,2.6020599913279625,0,3.60205999132796,0.35116180231329824,2.685862838997614,2.468515751517187,2.8945656223210663,in-sample
era4tb_D_INH1x_r2,10.0,100.0,1.0,0,3.11394335230684,0.020514469837520463,3.2913613286542276,3.1190646488402414,3.5466827211394842,in-sample
era4tb_D_INH1x_r2,10.0,10.0,2.0,1,,0.030960909994759717,3.2913613286542276,3.1190646488402414,3.5466827211394842,in-sample
era4tb_D_INH1x_r2,14.0,100.0,1.0,0,3.78532983501077,0.020478723621761355,4.113793346091623,3.7781046271612984,4.544277273169765,in-sample
era4tb_D_INH1x_r2,14.0,10.0,2.0,0,3.95424250943932,0.020730972913287588,4.113793346091623,3.7781046271612984,4.544277273169765,in-sample
era4tb_D_INH1x_r2,14.0,10.0,2.0,0,3.69897000433602,0.020730972913287588,4.113793346091623,3.7781046271612984,4.544277273169765,in-sample
era4tb_D_INH1x_r2,14.0,2.5,2.6020599913279625,0,3.90308998699194,0.02627244711904928,4.113793346091623,3.7781046271612984,4.544277273169765,in-sample
era4tb_D_INH1x_r2,21.0,10.0,2.0,0,6.20411998265593,0.02047859069118625,5.948101441562902,5.094000741593858,6.417382620145059,in-sample
era4tb_D_INH1x_r3,0.0,100.0,1.0,0,4.60205999132796,0.02047858652925423,4.846100646442791,4.713008683447041,5.083706571164361,in-sample
era4tb_D_INH1x_r3,0.0,10.0,2.0,0,4.47712125471966,0.02047894375237464,4.846100646442791,4.713008683447041,5.083706571164361,in-sample
era4tb_D_INH1x_r3,0.0,10.0,2.0,0,4.36172783601759,0.02047894375237464,4.846100646442791,4.713008683447041,5.083706571164361,in-sample
era4tb_D_INH1x_r3,0.0,2.5,2.6020599913279625,0,4.64345267648619,0.02052358305049541,4.846100646442791,4.713008683447041,5.083706571164361,in-sample
era4tb_D_INH1x_r3,1.0,100.0,1.0,0,4.80617997398389,0.02047859085179704,4.279905765676981,4.157900563162872,4.537369431805425,in-sample
era4tb_D_INH1x_r3,1.0,10.0,2.0,0,4.56820172406699,0.020508532877591013,4.279905765676981,4.157900563162872,4.537369431805425,in-sample
era4tb_D_INH1x_r3,1.0,10.0,2.0,0,4.43136376415899,0.020508532877591013,4.279905765676981,4.157900563162872,4.537369431805425,in-sample
era4tb_D_INH1x_r3,1.0,2.5,2.6020599913279625,0,4.90308998699194,0.02186430771265354,4.279905765676981,4.157900563162872,4.537369431805425,in-sample
era4tb_D_INH1x_r3,2.0,10.0,2.0,0,3.25527250510331,0.021543134778187485,3.734405114707791,3.596166892547828,4.0401042779428105,in-sample
era4tb_D_INH1x_r3,2.0,10.0,2.0,0,3.51851393987789,0.021543134778187485,3.734405114707791,3.596166892547828,4.0401042779428105,in-sample
era4tb_D_INH1x_r3,2.0,2.5,2.6020599913279625,0,3.85733249643127,0.03891041317390377,3.734405114707791,3.596166892547828,4.0401042779428105,in-sample
era4tb_D_INH1x_r3,3.0,100.0,1.0,0,3.34439227368511,0.02048213625207159,3.5754175489537774,3.4300421537744294,3.859609362125207,in-sample
era4tb_D_INH1x_r3,3.0,10.0,2.0,0,3.20411998265592,0.023042917317084338,3.5754175489537774,3.4300421537744294,3.859609362125207,in-sample
era4tb_D_INH1x_r3,3.0,10.0,2.0,0,3.20411998265592,0.023042917317084338,3.5754175489537774,3.4300421537744294,3.859609362125207,in-sample
era4tb_D_INH1x_r3,3.0,2.5,2.6020599913279625,0,3.90308998699194,0.05454583262674788,3.5754175489537774,3.4300421537744294,3.859609362125207,in-sample
era4tb_D_INH1x_r3,7.0,100.0,1.0,0,2.77085201164214,0.0209425964327105,2.9378507548497854,2.6899200854701273,3.1651738319034473,in-sample
era4tb_D_INH1x_r3,7.0,10.0,2.0,0,3.57978359661681,0.0651909307326614,2.9378507548497854,2.6899200854701273,3.1651738319034473,in-sample
era4tb_D_INH1x_r3,7.0,10.0,2.0,0,3.30102999566398,0.0651909307326614,2.9378507548497854,2.6899200854701273,3.1651738319034473,in-sample
era4tb_D_INH1x_r3,7.0,2.5,2.6020599913279625,0,3.77815125038364,0.236100219130468,2.9378507548497854,2.6899200854701273,3.1651738319034473,in-sample
era4tb_D_INH1x_r3,10.0,100.0,1.0,0,3.94939000664491,0.020492345801884925,3.4431110797190034,3.268704589955249,3.6182079919540806,in-sample
era4tb_D_INH1x_r3,10.0,10.0,2.0,0,3.0,0.02636678503613382,3.4431110797190034,3.268704589955249,3.6182079919540806,in-sample
era4tb_D_INH1x_r3,10.0,10.0,2.0,0,3.69897000433602,0.02636678503613382,3.4431110797190034,3.268704589955249,3.6182079919540806,in-sample
era4tb_D_INH1x_r3,14.0,100.0,1.0,0,3.89762709129044,0.020478966501086424,4.088475077531906,3.81473226526095,4.34624873319829,in-sample
era4tb_D_INH1x_r3,14.0,10.0,2.0,0,3.77815125038364,0.020825544789788288,4.088475077531906,3.81473226526095,4.34624873319829,in-sample
era4tb_D_INH1x_r3,14.0,10.0,2.0,0,3.90308998699194,0.020825544789788288,4.088475077531906,3.81473226526095,4.34624873319829,in-sample
era4tb_D_INH1x_r3,14.0,2.5,2.6020599913279625,0,3.90308998699194,0.027006756146628175,4.088475077531906,3.81473226526095,4.34624873319829,in-sample
era4tb_D_INH1x_r3,21.0,100.0,1.0,0,5.26007138798508,0.02047858658843369,5.054384300390996,4.560639999890632,5.60192738312137,in-sample
era4tb_D_INH1x_r3,21.0,10.0,2.0,0,5.0,0.020479489848891506,5.054384300390996,4.560639999890632,5.60192738312137,in-sample
era4tb_D_INH1x_r3,21.0,10.0,2.0,0,5.11394335230684,0.020479489848891506,5.054384300390996,4.560639999890632,5.60192738312137,in-sample
era4tb_D_INH1x_r3,21.0,2.5,2.6020599913279625,0,4.60205999132796,0.020544543040164207,5.054384300390996,4.560639999890632,5.60192738312137,in-sample
era4tb_D_MXF10x_r1,0.0,100.0,1.0,0,4.65321251377534,0.020478586646951753,4.6698261600081485,4.49121266282843,4.801542962194976,in-sample
era4tb_D_MXF10x_r1,0.0,10.0,2.0,0,4.32221929473392,0.020480830121699427,4.6698261600081485,4.49121266282843,4.801542962194976,in-sample
era4tb_D_MXF10x_r1,0.0,10.0,2.0,0,4.41497334797082,0.020480830121699427,4.6698261600081485,4.49121266282843,4.801542962194976,in-sample
era4tb_D_MXF10x_r1,0.0,2.5,2.6020599913279625,0,4.60205999132796,0.02066383290963697,4.6698261600081485,4.49121266282843,4.801542962194976,in-sample
era4tb_D_MXF10x_r1,1.0,10.0,2.0,0,5.27875360095283,0.020504441118717454,4.314547143067529,4.2117825396922575,4.431715336932929,in-sample
era4tb_D_MXF10x_r1,1.0,10.0,2.0,0,5.0,0.020504441118717454,4.314547143067529,4.2117825396922575,4.431715336932929,in-sample
era4tb_D_MXF10x_r1,1.0,2.5,2.6020599913279625,0,4.38021124171161,0.021734920511937008,4.314547143067529,4.2117825396922575,4.431715336932929,in-sample
era4tb_D_MXF10x_r1,2.0,10.0,2.0,0,3.63346845557959,0.020727892376171828,3.9592681261269087,3.904489283854574,4.082351870861888,in-sample
era4tb_D_MXF10x_r1,2.0,10.0,2.0,0,3.5910646070265,0.020727892376171828,3.9592681261269087,3.904489283854574,4.082351870861888,in-sample
era4tb_D_MXF10x_r1,2.0,2.5,2.6020599913279625,0,4.83250891270624,0.027324739595387924,3.9592681261269087,3.904489283854574,4.082351870861888,in-sample
era4tb_D_MXF10x_r1,3.0,100.0,1.0,0,3.6232492903979,0.020478861680563364,3.8506308361864265,3.788051096820635,3.9915620721865217,in-sample
era4tb_D_MXF10x_r1,3.0,10.0,2.0,0,3.50514997831991,0.02098539989494409,3.8506308361864265,3.788051096820635,3.9915620721865217,in-sample
era4tb_D_MXF10x_r1,3.0,10.0,2.0,0,3.44715803134222,0.02098539989494409,3.8506308361864265,3.788051096820635,3.9915620721865217,in-sample
era4tb_D_MXF10x_r1,3.0,2.5,2.6020599913279625,0,3.77815125038364,0.03176956169243839,3.8506308361864265,3.788051096820635,3.9915620721865217,in-sample
era4tb_D_MXF10x_r1,7.0,100.0,1.0,0,3.49136169383427,0.02049921133293566,3.3960786875881315,3.251976538941945,3.720360984169476,in-sample
era4tb_D_MXF10x_r1,7.0,10.0,2.0,0,2.84509804001426,0.027028470849931832,3.3960786875881315,3.251976538941945,3.720360984169476,in-sample
era4tb_D_MXF10x_r1,7.0,10.0,2.0,0,3.47712125471966,0.027028470849931832,3.3960786875881315,3.251976538941945,3.720360984169476,in-sample
era4tb_D_MXF10x_r1,7.0,2.5,2.6020599913279625,0,2.90308998699194,0.08279048396525336,3.3960786875881315,3.251976538941945,3.720360984169476,in-sample
era4tb_D_MXF10x_r1,10.0,100.0,1.0,0,3.23044892137827,0.020487669941513187,3.4892081487853233,3.302272194905624,3.7637877589127924,in-sample
era4tb_D_MXF10x_r1,10.0,10.0,2.0,0,3.0,0.02513346045100754,3.4892081487853233,3.302272194905624,3.7637877589127924,in-sample
era4tb_D_MXF10x_r1,14.0,100.0,1.0,0,3.04139268515822,0.020488180966079735,3.601166155050885,3.2203860870303047,3.9745308800607284,in-sample
era4tb_D_MXF10x_r1,14.0,2.5,2.6020599913279625,0,3.90308998699194,0.06628089343490356,3.601166155050885,3.2203860870303047,3.9745308800607284,in-sample
era4tb_D_MXF10x_r1,21.0,100.0,1.0,0,4.98227123303957,0.020478587132345127,4.599904483749582,4.290279366501133,5.033222605203604,in-sample
era4tb_D_MXF10x_r1,21.0,10.0,2.0,0,4.60205999132796,0.020485432903034877,4.599904483749582,4.290279366501133,5.033222605203604,in-sample
era4tb_D_MXF10x_r1,21.0,10.0,2.0,0,4.69897000433602,0.020485432903034877,4.599904483749582,4.290279366501133,5.033222605203604,in-sample
era4tb_D_MXF10x_r1,21.0,2.5,2.6020599913279625,0,4.60205999132796,0.02088240903350758,4.599904483749582,4.290279366501133,5.033222605203604,in-sample
era4tb_D_MXF10x_r2,0.0,100.0,1.0,0,4.70757017609794,0.02047858671375558,4.562802175763874,4.457671521514887,4.796946207222368,in-sample
era4tb_D_MXF10x_r2,0.0,10.0,2.0,0,4.50514997831991,0.020481850867320222,4.562802175763874,4.457671521514887,4.796946207222368,in-sample
era4tb_D_MXF10x_r2,0.0,10.0,2.0,0,4.39794000867204,0.020481850867320222,4.562802175763874,4.457671521514887,4.796946207222368,in-sample
era4tb_D_MXF10x_r2,0.0,2.5,2.6020599913279625,0,5.07918124604763,0.020729679660565284,4.562802175763874,4.457671521514887,4.796946207222368,in-sample
era4tb_D_MXF10x_r2,1.0,100.0,1.0,0,4.14612803567824,0.020478593726396314,4.2308944487208064,4.136754957960302,4.465080379837454,in-sample
era4tb_D_MXF10x_r2,1.0,10.0,2.0,0,4.30102999566398,0.02052078452726683,4.2308944487208064,4.136754957960302,4.465080379837454,in-sample
era4tb_D_MXF10x_r2,1.0,10.0,2.0,0,4.30102999566398,0.02052078452726683,4.2308944487208064,4.136754957960302,4.465080379837454,in-sample
era4tb_D_MXF10x_r2,1.0,2.5,2.6020599913279625,0,4.38021124171161,0.022272579819398782,4.2308944487208064,4.136754957960302,4.465080379837454,in-sample
era4tb_D_MXF10x_r2,2.0,10.0,2.0,0,3.67209785793572,0.020918772987078244,3.9156815891131096,3.7525105130355563,4.1456010325141985,in-sample
era4tb_D_MXF10x_r2,2.0,10.0,2.0,0,3.55630250076729,0.020918772987078244,3.9156815891131096,3.7525105130355563,4.1456010325141985,in-sample
era4tb_D_MXF10x_r2,2.0,2.5,2.6020599913279625,0,4.20411998265593,0.0303967837251144,3.9156815891131096,3.7525105130355563,4.1456010325141985,in-sample
era4tb_D_MXF10x_r2,3.0,100.0,1.0,0,3.65321251377534,0.020479205913728527,3.7774806841977795,3.6471568398392042,3.987923931663167,in-sample
era4tb_D_MXF10x_r2,3.0,10.0,2.0,0,3.51851393987789,0.021334890345037844,3.7774806841977795,3.6471568398392042,3.987923931663167,in-sample
era4tb_D_MXF10x_r2,3.0,10.0,2.0,0,3.47712125471966,0.021334890345037844,3.7774806841977795,3.6471568398392042,3.987923931663167,in-sample
era4tb_D_MXF10x_r2,3.0,2.5,2.6020599913279625,0,3.07918124604762,0.03661519446098724,3.7774806841977795,3.6471568398392042,3.987923931663167,in-sample
era4tb_D_MXF10x_r2,7.0,100.0,1.0,0,3.5910646070265,0.020518853284702467,3.3309046776755156,3.0894618580108317,3.4748771803894494,in-sample
era4tb_D_MXF10x_r2,7.0,10.0,2.0,0,2.47712125471966,0.031363642431436446,3.3309046776755156,3.0894618580108317,3.4748771803894494,in-sample
era4tb_D_MXF10x_r2,7.0,10.0,2.0,0,3.51851393987789,0.031363642431436446,3.3309046776755156,3.0894618580108317,3.4748771803894494,in-sample
era4tb_D_MXF10x_r2,7.0,2.5,2.6020599913279625,0,4.38021124171161,0.10932958363969947,3.3309046776755156,3.0894618580108317,3.4748771803894494,in-sample
era4tb_D_MXF10x_r2,10.0,100.0,1.0,0,3.30102999566398,0.020551850258044502,3.14883320784048,3.0527637901802387,3.39647978994048,in-sample
era4tb_D_MXF10x_r2,10.0,10.0,2.0,0,3.0,0.03749112014201434,3.14883320784048,3.0527637901802387,3.39647978994048,in-sample
era4tb_D_MXF10x_r2,10.0,10.0,2.0,0,3.0,0.03749112014201434,3.14883320784048,3.0527637901802387,3.39647978994048,in-sample
era4tb_D_MXF10x_r2,14.0,100.0,1.0,0,2.95424250943932,0.020952076364530513,3.0528602517140797,2.643200911486385,3.393445852531021,in-sample
era4tb_D_MXF10x_r2,14.0,2.5,2.6020599913279625,1,,0.21350501808703146,3.0528602517140797,2.643200911486385,3.393445852531021,in-sample
era4tb_D_MXF10x_r2,21.0,100.0,1.0,0,3.95424250943932,0.02048893532107908,3.6887050157020234,3.2483018812807645,3.942495470395321,in-sample
era4tb_D_MXF10x_r2,21.0,10.0,2.0,0,4.0,0.024322890920690034,3.6887050157020234,3.2483018812807645,3.942495470395321,in-sample
era4tb_D_MXF10x_r2,21.0,2.5,2.6020599913279625,1,,0.060083495208778016,3.6887050157020234,3.2483018812807645,3.942495470395321,in-sample
era4tb_D_MXF10x_r3,0.0,100.0,1.0,0,4.73239375982297,0.020478587735307377,4.465835178392528,4.297765401821652,4.677961409641865,in-sample
era4tb_D_MXF10x_r3,0.0,10.0,2.0,0,4.44715803134222,0.020488959294749347,4.465835178392528,4.297765401821652,4.677961409641865,in-sample
era4tb_D_MXF10x_r3,0.0,10.0,2.0,0,4.47712125471966,0.020488959294749347,4.465835178392528,4.297765401821652,4.677961409641865,in-sample
era4tb_D_MXF10x_r3,0.0,2.5,2.6020599913279625,1,,0.02105753222489642,4.465835178392528,4.297765401821652,4.677961409641865,in-sample
era4tb_D_MXF10x_r3,1.0,100.0,1.0,0,4.43136376415899,0.02047861940236358,4.183972243434079,3.9566613869113567,4.294961872635608,in-sample
era4tb_D_MXF10x_r3,1.0,10.0,2.0,0,4.23044892137827,0.02058380839197273,4.183972243434079,3.9566613869113567,4.294961872635608,in-sample
era4tb_D_MXF10x_r3,1.0,10.0,2.0,0,4.23044892137827,0.02058380839197273,4.183972243434079,3.9566613869113567,4.294961872635608,in-sample
era4tb_D_MXF10x_r3,1.0,2.5,2.6020599913279625,0,4.60205999132796,0.023834677655991225,4.183972243434079,3.9566613869113567,4.294961872635608,in-sample
era4tb_D_MXF10x_r3,2.0,10.0,2.0,0,3.66275783168157,0.021365024579222087,3.8478806348572716,3.600511192342076,3.974797718010058,in-sample
era4tb_D_MXF10x_r3,2.0,10.0,2.0,0,3.55630250076729,0.021365024579222087,3.8478806348572716,3.600511192342076,3.974797718010058,in-sample
era4tb_D_MXF10x_r3,2.0,2.5,2.6020599913279625,0,4.20411998265593,0.03599887425682775,3.8478806348572716,3.600511192342076,3.974797718010058,in-sample
era4tb_D_MXF10x_r3,3.0,100.0,1.0,0,3.69019608002851,0.020480236599557253,3.7427827790099792,3.5310131746196385,3.8519440500899385,in-sample
era4tb_D_MXF10x_r3,3.0,10.0,2.0,0,3.27875360095283,0.02190979048766261,3.7427827790099792,3.5310131746196385,3.8519440500899385,in-sample
era4tb_D_MXF10x_r3,3.0,10.0,2.0,0,3.30102999566398,0.02190979048766261,3.7427827790099792,3.5310131746196385,3.8519440500899385,in-sample
era4tb_D_MXF10x_r3,3.0,2.5,2.6020599913279625,0,3.83250891270624,0.04285862080502976,3.7427827790099792,3.5310131746196385,3.8519440500899385,in-sample
era4tb_D_MXF10x_r3,7.0,100.0,1.0,0,3.72427586960079,0.020509034607620272,3.329822787341629,3.133154657342334,3.473162851653138,in-sample
era4tb_D_MXF10x_r3,7.0,10.0,2.0,0,2.69897000433602,0.03022792704065175,3.329822787341629,3.133154657342334,3.473162851653138,in-sample
era4tb_D_MXF10x_r3,7.0,10.0,2.0,0,3.60205999132796,0.03022792704065175,3.329822787341629,3.133154657342334,3.473162851653138,in-sample
era4tb_D_MXF10x_r3,7.0,2.5,2.6020599913279625,0,3.38021124171161,0.10500607041375921,3.329822787341629,3.133154657342334,3.473162851653138,in-sample
era4tb_D_MXF10x_r3,10.0,100.0,1.0,0,3.14612803567824,0.020489885754837314,3.50086909182674,3.271906316773556,3.5691033658970737,in-sample
era4tb_D_MXF10x_r3,10.0,10.0,2.0,0,3.30102999566398,0.02589369336900566,3.50086909182674,3.271906316773556,3.5691033658970737,in-sample
era4tb_D_MXF10x_r3,10.0,10.0,2.0,0,3.0,0.02589369336900566,3.50086909182674,3.271906316773556,3.5691033658970737,in-sample
era4tb_D_MXF10x_r3,14.0,100.0,1.0,0,2.95424250943932,0.020483616060544815,3.7201725069927587,3.288210132903676,3.7852115150752867,in-sample
era4tb_D_MXF10x_r3,14.0,2.5,2.6020599913279625,0,3.60205999132796,0.05631410523294653,3.7201725069927587,3.288210132903676,3.7852115150752867,in-sample
era4tb_D_MXF10x_r3,21.0,100.0,1.0,0,4.88649072517248,0.020478586835193834,4.8464911435073486,4.410076660881679,5.184270150365186,in-sample
era4tb_D_MXF10x_r3,21.0,10.0,2.0,0,4.90308998699194,0.020481726192588968,4.8464911435073486,4.410076660881679,5.184270150365186,in-sample
era4tb_D_MXF10x_r3,21.0,10.0,2.0,0,4.95424250943933,0.020481726192588968,4.8464911435073486,4.410076660881679,5.184270150365186,in-sample
era4tb_D_MXF10x_r3,21.0,2.5,2.6020599913279625,0,5.20411998265593,0.02067140716805753,4.8464911435073486,4.410076660881679,5.184270150365186,in-sample
era4tb_D_MXF1x_r1,0.0,100.0,1.0,0,4.81291335664286,0.020478586525656074,4.907786013776518,4.693142208335962,5.215024955556908,in-sample
era4tb_D_MXF1x_r1,0.0,10.0,2.0,0,4.60205999132796,0.020478867804093158,4.907786013776518,4.693142208335962,5.215024955556908,in-sample
era4tb_D_MXF1x_r1,0.0,2.5,2.6020599913279625,0,4.90308998699194,0.020516040148082424,4.907786013776518,4.693142208335962,5.215024955556908,in-sample
era4tb_D_MXF1x_r1,1.0,100.0,1.0,0,4.77815125038364,0.02047858652116437,5.076373780771918,4.850924726902119,5.210332397330266,in-sample
era4tb_D_MXF1x_r1,1.0,10.0,2.0,0,5.0,0.020478665194082292,5.076373780771918,4.850924726902119,5.210332397330266,in-sample
era4tb_D_MXF1x_r1,1.0,10.0,2.0,0,5.0,0.020478665194082292,5.076373780771918,4.850924726902119,5.210332397330266,in-sample
era4tb_D_MXF1x_r1,1.0,2.5,2.6020599913279625,0,5.07918124604763,0.02049259779661661,5.076373780771918,4.850924726902119,5.210332397330266,in-sample
era4tb_D_MXF1x_r1,2.0,10.0,2.0,0,5.04139268515823,0.020478614373424506,5.140478207229469,4.94287855079856,5.293871307229241,in-sample
era4tb_D_MXF1x_r1,2.0,10.0,2.0,0,5.17609125905568,0.020478614373424506,5.140478207229469,4.94287855079856,5.293871307229241,in-sample
era4tb_D_MXF1x_r1,2.0,2.5,2.6020599913279625,0,5.20411998265593,0.02048453683850387,5.140478207229469,4.94287855079856,5.293871307229241,in-sample
era4tb_D_MXF1x_r1,3.0,100.0,1.0,0,5.69019608002851,0.02047858652035931,5.213579439602912,4.972170347282844,5.3536232240206925,in-sample
era4tb_D_MXF1x_r1,3.0,10.0,2.0,0,5.85733249643127,0.02047860165355893,5.213579439602912,4.972170347282844,5.3536232240206925,in-sample
era4tb_D_MXF1x_r1,3.0,10.0,2.0,0,5.76342799356294,0.02047860165355893,5.213579439602912,4.972170347282844,5.3536232240206925,in-sample
era4tb_D_MXF1x_r1,3.0,2.5,2.6020599913279625,0,5.30102999566398,0.020482157120840963,5.213579439602912,4.972170347282844,5.3536232240206925,in-sample
era4tb_D_MXF1x_r1,7.0,100.0,1.0,0,6.04532297878666,0.020478586520244816,5.480654598087464,5.129735794270769,5.790132019039488,in-sample
era4tb_D_MXF1x_r1,7.0,10.0,2.0,0,6.0,0.020478589447597218,5.480654598087464,5.129735794270769,5.790132019039488,in-sample
era4tb_D_MXF1x_r1,7.0,10.0,2.0,0,6.0,0.020478589447597218,5.480654598087464,5.129735794270769,5.790132019039488,in-sample
era4tb_D_MXF1x_r1,7.0,2.5,2.6020599913279625,0,5.60205999132796,0.020479466562478666,5.480654598087464,5.129735794270769,5.790132019039488,in-sample
era4tb_D_MXF1x_r1,10.0,100.0,1.0,0,5.30102999566398,0.0204785865202299,5.615358618995966,5.402346937783968,5.8772225791255295,in-sample
era4tb_D_MXF1x_r1,10.0,10.0,2.0,0,5.34242268082221,0.02047858669066208,5.615358618995966,5.402346937783968,5.8772225791255295,in-sample
era4tb_D_MXF1x_r1,10.0,10.0,2.0,0,5.32221929473392,0.02047858669066208,5.615358618995966,5.402346937783968,5.8772225791255295,in-sample
era4tb_D_MXF1x_r1,10.0,2.5,2.6020599913279625,0,5.60205999132796,0.02047867969494015,5.615358618995966,5.402346937783968,5.8772225791255295,in-sample
era4tb_D_MXF1x_r1,14.0,100.0,1.0,0,5.81291335664286,0.02047858652022969,5.792567668087366,5.525072483572822,6.276328620214993,in-sample
era4tb_D_MXF1x_r1,14.0,10.0,2.0,0,5.70757017609794,0.02047858654697692,5.792567668087366,5.525072483572822,6.276328620214993,in-sample
era4tb_D_MXF1x_r1,14.0,10.0,2.0,0,5.90308998699194,0.02047858654697692,5.792567668087366,5.525072483572822,6.276328620214993,in-sample
era4tb_D_MXF1x_r1,14.0,2.5,2.6020599913279625,1,,0.0204786074128795,5.792567668087366,5.525072483572822,6.276328620214993,in-sample
era4tb_D_MXF1x_r1,21.0,100.0,1.0,0,6.47712125471966,0.02047858652022998,6.080820240442598,5.445098458131533,6.585795087275792,in-sample
era4tb_D_MXF1x_r1,21.0,10.0,2.0,0,6.07918124604763,0.020478586644739092,6.080820240442598,5.445098458131533,6.585795087275792,in-sample
era4tb_D_MXF1x_r1,21.0,10.0,2.0,0,5.77815125038364,0.020478586644739092,6.080820240442598,5.445098458131533,6.585795087275792,in-sample
era4tb_D_MXF1x_r1,21.0,2.5,2.6020599913279625,0,6.20411998265593,0.02047864142670536,6.080820240442598,5.445098458131533,6.585795087275792,in-sample
era4tb_D_MXF1x_r2,0.0,100.0,1.0,0,4.74036268949424,0.020478586525418,4.862674057689597,4.7220319523912835,5.0352090025860985,in-sample
era4tb_D_MXF1x_r2,0.0,10.0,2.0,0,4.55630250076729,0.020478853190146466,4.862674057689597,4.7220319523912835,5.0352090025860985,in-sample
era4tb_D_MXF1x_r2,0.0,10.0,2.0,0,4.47712125471966,0.020478853190146466,4.862674057689597,4.7220319523912835,5.0352090025860985,in-sample
era4tb_D_MXF1x_r2,0.0,2.5,2.6020599913279625,0,4.60205999132796,0.02051565788252075,4.862674057689597,4.7220319523912835,5.0352090025860985,in-sample
era4tb_D_MXF1x_r2,1.0,100.0,1.0,0,4.89762709129044,0.02047858652139207,4.9415141177000335,4.837516551248885,5.114276493159682,in-sample
era4tb_D_MXF1x_r2,1.0,10.0,2.0,0,4.64345267648619,0.020478679617980985,4.9415141177000335,4.837516551248885,5.114276493159682,in-sample
era4tb_D_MXF1x_r2,1.0,10.0,2.0,0,4.0,0.020478679617980985,4.9415141177000335,4.837516551248885,5.114276493159682,in-sample
era4tb_D_MXF1x_r2,1.0,2.5,2.6020599913279625,0,5.90308998699194,0.02049496278437164,4.9415141177000335,4.837516551248885,5.114276493159682,in-sample
era4tb_D_MXF1x_r2,2.0,10.0,2.0,0,5.04139268515823,0.020478625599746718,5.074361060954519,4.934958020203767,5.236691981594874,in-sample
era4tb_D_MXF1x_r2,2.0,10.0,2.0,0,5.0,0.020478625599746718,5.074361060954519,4.934958020203767,5.236691981594874,in-sample
era4tb_D_MXF1x_r2,2.0,2.5,2.6020599913279625,0,4.60205999132796,0.020486657454049654,5.074361060954519,4.934958020203767,5.236691981594874,in-sample
era4tb_D_MXF1x_r2,3.0,10.0,2.0,0,5.39794000867204,0.020478604864242834,5.181202995150395,5.009443443272299,5.304846565265086,in-sample
era4tb_D_MXF1x_r2,3.0,10.0,2.0,0,5.25527250510331,0.020478604864242834,5.181202995150395,5.009443443272299,5.304846565265086,in-sample
era4tb_D_MXF1x_r2,3.0,2.5,2.6020599913279625,0,5.50514997831991,0.020482869783997857,5.181202995150395,5.009443443272299,5.304846565265086,in-sample
era4tb_D_MXF1x_r2,7.0,100.0,1.0,0,6.00432137378264,0.020478586520233797,5.4200755078250165,5.3120936685178535,5.846349097925592,in-sample
era4tb_D_MXF1x_r2,7.0,10.0,2.0,0,6.27875360095283,0.02047858764144098,5.4200755078250165,5.3120936685178535,5.846349097925592,in-sample
era4tb_D_MXF1x_r2,7.0,10.0,2.0,0,6.32221929473392,0.02047858764144098,5.4200755078250165,5.3120936685178535,5.846349097925592,in-sample
era4tb_D_MXF1x_r2,7.0,2.5,2.6020599913279625,0,6.07918124604763,0.020479013779712077,5.4200755078250165,5.3120936685178535,5.846349097925592,in-sample
era4tb_D_MXF1x_r2,10.0,100.0,1.0,0,5.44715803134222,0.020478586520229835,5.651010554475172,5.5383008712117014,5.938627865009402,in-sample
era4tb_D_MXF1x_r2,10.0,10.0,2.0,0,5.55630250076729,0.02047858662847494,5.651010554475172,5.5383008712117014,5.938627865009402,in-sample
era4tb_D_MXF1x_r2,10.0,10.0,2.0,0,5.38021124171161,0.02047858662847494,5.651010554475172,5.5383008712117014,5.938627865009402,in-sample
era4tb_D_MXF1x_r2,10.0,2.5,2.6020599913279625,0,5.30102999566398,0.020478645317620798,5.651010554475172,5.5383008712117014,5.938627865009402,in-sample
era4tb_D_MXF1x_r2,14.0,100.0,1.0,0,5.91381385238372,0.020478586520229693,5.95337258481136,5.654097674943253,6.136225793965294,in-sample
era4tb_D_MXF1x_r2,14.0,10.0,2.0,0,5.7481880270062,0.020478586540498136,5.95337258481136,5.654097674943253,6.136225793965294,in-sample
era4tb_D_MXF1x_r2,14.0,10.0,2.0,0,5.84509804001426,0.020478586540498136,5.95337258481136,5.654097674943253,6.136225793965294,in-sample
era4tb_D_MXF1x_r2,14.0,2.5,2.6020599913279625,1,,0.02047859902638725,5.95337258481136,5.654097674943253,6.136225793965294,in-sample
era4tb_D_MXF1x_r2,21.0,100.0,1.0,0,7.04921802267018,0.02047858652022975,6.236109178255967,5.617472252705855,6.488746432068977,in-sample
era4tb_D_MXF1x_r2,21.0,10.0,2.0,0,5.84509804001426,0.020478586568173248,6.236109178255967,5.617472252705855,6.488746432068977,in-sample
era4tb_D_MXF1x_r2,21.0,10.0,2.0,0,6.23044892137827,0.020478586568173248,6.236109178255967,5.617472252705855,6.488746432068977,in-sample
era4tb_D_MXF1x_r2,21.0,2.5,2.6020599913279625,1,,0.020478609646442644,6.236109178255967,5.617472252705855,6.488746432068977,in-sample
era4tb_D_MXF1x_r3,0.0,100.0,1.0,0,4.91381385238372,0.020478586638811077,4.8055008220188675,4.605242824194232,5.00348882401839,in-sample
era4tb_D_MXF1x_r3,0.0,10.0,2.0,0,4.47712125471966,0.020479949969553806,4.8055008220188675,4.605242824194232,5.00348882401839,in-sample
era4tb_D_MXF1x_r3,0.0,10.0,2.0,0,4.69897000433602,0.020479949969553806,4.8055008220188675,4.605242824194232,5.00348882401839,in-sample
era4tb_D_MXF1x_r3,0.0,2.5,2.6020599913279625,0,4.60205999132796,0.020575998941201927,4.8055008220188675,4.605242824194232,5.00348882401839,in-sample
era4tb_D_MXF1x_r3,1.0,10.0,2.0,0,4.5910646070265,0.020479071322116817,4.926604101598842,4.739139675515669,5.103804076958048,in-sample
era4tb_D_MXF1x_r3,1.0,10.0,2.0,0,3.60205999132796,0.020479071322116817,4.926604101598842,4.739139675515669,5.103804076958048,in-sample
era4tb_D_MXF1x_r3,1.0,2.5,2.6020599913279625,0,5.60205999132796,0.02052227096607202,4.926604101598842,4.739139675515669,5.103804076958048,in-sample
era4tb_D_MXF1x_r3,2.0,10.0,2.0,0,4.95424250943933,0.020478763886755978,5.031701880794594,4.81133714465154,5.23001162429031,in-sample
era4tb_D_MXF1x_r3,2.0,10.0,2.0,0,4.69897000433602,0.020478763886755978,5.031701880794594,4.81133714465154,5.23001162429031,in-sample
era4tb_D_MXF1x_r3,2.0,2.5,2.6020599913279625,0,5.07918124604763,0.020498791665978736,5.031701880794594,4.81133714465154,5.23001162429031,in-sample
era4tb_D_MXF1x_r3,3.0,100.0,1.0,0,5.88081359228079,0.02047858652258609,5.10517981019922,4.904323970479768,5.301040783041924,in-sample
era4tb_D_MXF1x_r3,3.0,10.0,2.0,0,5.30102999566398,0.02047866596909428,5.10517981019922,4.904323970479768,5.301040783041924,in-sample
era4tb_D_MXF1x_r3,3.0,10.0,2.0,0,5.41497334797082,0.02047866596909428,5.10517981019922,4.904323970479768,5.301040783041924,in-sample
era4tb_D_MXF1x_r3,3.0,2.5,2.6020599913279625,0,5.30102999566398,0.020489143448787658,5.10517981019922,4.904323970479768,5.301040783041924,in-sample
era4tb_D_MXF1x_r3,7.0,10.0,2.0,0,6.0,0.02047859034485456,5.461401858066207,5.152517927203223,5.75754496315272,in-sample
era4tb_D_MXF1x_r3,7.0,2.5,2.6020599913279625,0,6.07918124604763,0.02047959560685115,5.461401858066207,5.152517927203223,5.75754496315272,in-sample
era4tb_D_MXF1x_r3,10.0,100.0,1.0,0,5.79934054945358,0.020478586520229786,5.672143157505718,5.528649046108923,5.910161101252104,in-sample
era4tb_D_MXF1x_r3,10.0,10.0,2.0,0,5.5910646070265,0.020478586603000098,5.672143157505718,5.528649046108923,5.910161101252104,in-sample
era4tb_D_MXF1x_r3,10.0,10.0,2.0,0,5.43136376415899,0.020478586603000098,5.672143157505718,5.528649046108923,5.910161101252104,in-sample
era4tb_D_MXF1x_r3,10.0,2.5,2.6020599913279625,0,5.7160033436348,0.020478634705802568,5.672143157505718,5.528649046108923,5.910161101252104,in-sample
era4tb_D_MXF1x_r3,14.0,100.0,1.0,0,6.13033376849501,0.02047858652022966,6.086159614913674,5.820065793994008,6.204874854401715,in-sample
era4tb_D_MXF1x_r3,14.0,10.0,2.0,0,6.11394335230684,0.020478586521510876,6.086159614913674,5.820065793994008,6.204874854401715,in-sample
era4tb_D_MXF1x_r3,14.0,2.5,2.6020599913279625,0,5.90308998699194,0.020478588219125186,6.086159614913674,5.820065793994008,6.204874854401715,in-sample
era4tb_D_MXF1x_r3,21.0,100.0,1.0,0,6.17609125905568,0.02047858652022966,6.321443851490588,6.05982299649355,6.715611653309285,in-sample
era4tb_D_MXF1x_r3,21.0,10.0,2.0,0,6.34242268082221,0.02047858652029448,6.321443851490588,6.05982299649355,6.715611653309285,in-sample
era4tb_D_MXF1x_r3,21.0,10.0,2.0,0,6.27875360095283,0.02047858652029448,6.321443851490588,6.05982299649355,6.715611653309285,in-sample
era4tb_D_MXF1x_r3,21.0,2.5,2.6020599913279625,0,6.07918124604763,0.020478586629441017,6.321443851490588,6.05982299649355,6.715611653309285,in-sample
era4tb_D_untreated_r1,0.0,100.0,1.0,0,4.56820172406699,0.020478586721815236,4.682564266337301,4.449170944928231,4.916775664846167,in-sample
era4tb_D_untreated_r1,0.0,10.0,2.0,0,4.47712125471966,0.0204812973274291,4.682564266337301,4.449170944928231,4.916775664846167,in-sample
era4tb_D_untreated_r1,0.0,10.0,2.0,0,4.36172783601759,0.0204812973274291,4.682564266337301,4.449170944928231,4.916775664846167,in-sample
era4tb_D_untreated_r1,0.0,2.5,2.6020599913279625,0,4.90308998699194,0.020672631134176674,4.682564266337301,4.449170944928231,4.916775664846167,in-sample
era4tb_D_untreated_r1,1.0,10.0,2.0,0,5.47712125471966,0.02047876296340145,4.962167561275885,4.777201088724381,5.224129034494423,in-sample
era4tb_D_untreated_r1,1.0,10.0,2.0,0,4.84509804001426,0.02047876296340145,4.962167561275885,4.777201088724381,5.224129034494423,in-sample
era4tb_D_untreated_r1,1.0,2.5,2.6020599913279625,0,5.44715803134222,0.020501333130594584,4.962167561275885,4.777201088724381,5.224129034494423,in-sample
era4tb_D_untreated_r1,2.0,10.0,2.0,0,5.44715803134222,0.020478595478942284,5.249214730306356,5.114216725650092,5.572327805864416,in-sample
era4tb_D_untreated_r1,2.0,10.0,2.0,0,5.23044892137827,0.020478595478942284,5.249214730306356,5.114216725650092,5.572327805864416,in-sample
era4tb_D_untreated_r1,2.0,2.5,2.6020599913279625,1,,0.020480667746066182,5.249214730306356,5.114216725650092,5.572327805864416,in-sample
era4tb_D_untreated_r1,3.0,100.0,1.0,0,5.47856649559384,0.020478586520251075,5.387539880504324,5.258936667259043,5.638690759942061,in-sample
era4tb_D_untreated_r1,3.0,10.0,2.0,0,5.34242268082221,0.02047858942026702,5.387539880504324,5.258936667259043,5.638690759942061,in-sample
era4tb_D_untreated_r1,3.0,10.0,2.0,0,5.49136169383427,0.02047858942026702,5.387539880504324,5.258936667259043,5.638690759942061,in-sample
era4tb_D_untreated_r1,3.0,2.5,2.6020599913279625,0,5.20411998265593,0.020479425314851987,5.387539880504324,5.258936667259043,5.638690759942061,in-sample
era4tb_D_untreated_r1,7.0,100.0,1.0,0,5.8750612633917,0.020478586520229734,5.770863709797406,5.574884285632442,6.051522561076192,in-sample
era4tb_D_untreated_r1,7.0,10.0,2.0,0,6.17609125905568,0.02047858656779401,5.770863709797406,5.574884285632442,6.051522561076192,in-sample
era4tb_D_untreated_r1,7.0,10.0,2.0,0,6.11394335230684,0.02047858656779401,5.770863709797406,5.574884285632442,6.051522561076192,in-sample
era4tb_D_untreated_r1,7.0,2.5,2.6020599913279625,0,6.07918124604763,0.020478614682577032,5.770863709797406,5.574884285632442,6.051522561076192,in-sample
era4tb_D_untreated_r1,10.0,100.0,1.0,0,5.77085201164214,0.02047858652022967,6.001545164462561,5.743519814105611,6.128645305787842,in-sample
era4tb_D_untreated_r1,10.0,10.0,2.0,0,5.66275783168157,0.020478586526762217,6.001545164462561,5.743519814105611,6.128645305787842,in-sample
era4tb_D_untreated_r1,10.0,10.0,2.0,0,5.60205999132796,0.020478586526762217,6.001545164462561,5.743519814105611,6.128645305787842,in-sample
era4tb_D_untreated_r1,10.0,2.5,2.6020599913279625,0,5.60205999132796,0.020478591910139617,6.001545164462561,5.743519814105611,6.128645305787842,in-sample
era4tb_D_untreated_r1,14.0,100.0,1.0,0,6.2718416065365,0.02047858652022966,6.130128577251484,5.927025132044358,6.516437780700666,in-sample
era4tb_D_untreated_r1,14.0,10.0,2.0,0,6.04139268515823,0.0204785865210464,6.130128577251484,5.927025132044358,6.516437780700666,in-sample
era4tb_D_untreated_r1,14.0,10.0,2.0,0,6.23044892137827,0.0204785865210464,6.130128577251484,5.927025132044358,6.516437780700666,in-sample
era4tb_D_untreated_r1,14.0,2.5,2.6020599913279625,0,6.07918124604763,0.020478587527415017,6.130128577251484,5.927025132044358,6.516437780700666,in-sample
era4tb_D_untreated_r1,21.0,100.0,1.0,0,6.88081359228079,0.02047858652022966,6.544744506180149,6.039812832376984,7.01182941023931,in-sample
era4tb_D_untreated_r1,21.0,10.0,2.0,0,6.30102999566398,0.02047858652039254,6.544744506180149,6.039812832376984,7.01182941023931,in-sample
era4tb_D_untreated_r1,21.0,2.5,2.6020599913279625,0,6.68124123737559,0.02047858676234172,6.544744506180149,6.039812832376984,7.01182941023931,in-sample
era4tb_D_untreated_r2,0.0,100.0,1.0,0,4.69019608002851,0.020478586552764542,4.740108635265581,4.616717391577065,4.863896379424432,in-sample
era4tb_D_untreated_r2,0.0,10.0,2.0,0,4.49136169383427,0.02047952056853731,4.740108635265581,4.616717391577065,4.863896379424432,in-sample
era4tb_D_untreated_r2,0.0,10.0,2.0,0,4.25527250510331,0.02047952056853731,4.740108635265581,4.616717391577065,4.863896379424432,in-sample
era4tb_D_untreated_r2,0.0,2.5,2.6020599913279625,0,4.90308998699194,0.020576543629148614,4.740108635265581,4.616717391577065,4.863896379424432,in-sample
era4tb_D_untreated_r2,1.0,100.0,1.0,0,5.41497334797082,0.020478586520771277,5.069642289609045,4.927035110062507,5.181661932152814,in-sample
era4tb_D_untreated_r2,1.0,10.0,2.0,0,5.30102999566398,0.020478633561051025,5.069642289609045,4.927035110062507,5.181661932152814,in-sample
era4tb_D_untreated_r2,1.0,10.0,2.0,0,4.69897000433602,0.020478633561051025,5.069642289609045,4.927035110062507,5.181661932152814,in-sample
era4tb_D_untreated_r2,1.0,2.5,2.6020599913279625,0,5.30102999566398,0.020487774252271714,5.069642289609045,4.927035110062507,5.181661932152814,in-sample
era4tb_D_untreated_r2,2.0,10.0,2.0,0,5.51851393987789,0.02047858854562049,5.397353381706967,5.213808820421835,5.526195930905175,in-sample
era4tb_D_untreated_r2,2.0,10.0,2.0,0,5.46239799789896,0.02047858854562049,5.397353381706967,5.213808820421835,5.526195930905175,in-sample
era4tb_D_untreated_r2,2.0,2.5,2.6020599913279625,0,4.90308998699194,0.020479278345366884,5.397353381706967,5.213808820421835,5.526195930905175,in-sample
era4tb_D_untreated_r2,3.0,100.0,1.0,0,5.75587485567249,0.020478586520230727,5.50854049958881,5.351233107466321,5.666305597032202,in-sample
era4tb_D_untreated_r2,3.0,10.0,2.0,0,5.49136169383427,0.020478587016996553,5.50854049958881,5.351233107466321,5.666305597032202,in-sample
era4tb_D_untreated_r2,3.0,10.0,2.0,0,5.41497334797082,0.020478587016996553,5.50854049958881,5.351233107466321,5.666305597032202,in-sample
era4tb_D_untreated_r2,3.0,2.5,2.6020599913279625,0,5.60205999132796,0.020478820672187464,5.50854049958881,5.351233107466321,5.666305597032202,in-sample
era4tb_D_untreated_r2,7.0,100.0,1.0,0,5.94448267215017,0.020478586520229682,5.943999723285389,5.697829758242891,6.226744261540308,in-sample
era4tb_D_untreated_r2,7.0,10.0,2.0,0,6.07918124604763,0.020478586541475392,5.943999723285389,5.697829758242891,6.226744261540308,in-sample
era4tb_D_untreated_r2,7.0,10.0,2.0,0,6.07918124604763,0.020478586541475392,5.943999723285389,5.697829758242891,6.226744261540308,in-sample
era4tb_D_untreated_r2,7.0,2.5,2.6020599913279625,0,5.90308998699194,0.020478600401868503,5.943999723285389,5.697829758242891,6.226744261540308,in-sample
era4tb_D_untreated_r2,10.0,100.0,1.0,0,6.01283722470517,0.02047858652022966,6.056520920034081,5.87693799064517,6.25582143997361,in-sample
era4tb_D_untreated_r2,10.0,10.0,2.0,0,5.69019608002851,0.020478586521020328,6.056520920034081,5.87693799064517,6.25582143997361,in-sample
era4tb_D_untreated_r2,10.0,10.0,2.0,0,6.0,0.020478586521020328,6.056520920034081,5.87693799064517,6.25582143997361,in-sample
era4tb_D_untreated_r2,10.0,2.5,2.6020599913279625,0,5.7160033436348,0.02047858762560947,6.056520920034081,5.87693799064517,6.25582143997361,in-sample
era4tb_D_untreated_r2,14.0,100.0,1.0,0,6.22788670461367,0.02047858652022966,6.2113578709683575,5.99126246038763,6.528443472278275,in-sample
era4tb_D_untreated_r2,14.0,10.0,2.0,0,6.17609125905568,0.02047858652047772,6.2113578709683575,5.99126246038763,6.528443472278275,in-sample
era4tb_D_untreated_r2,14.0,10.0,2.0,0,5.47712125471966,0.02047858652047772,6.2113578709683575,5.99126246038763,6.528443472278275,in-sample
era4tb_D_untreated_r2,14.0,2.5,2.6020599913279625,0,6.30102999566398,0.02047858686435051,6.2113578709683575,5.99126246038763,6.528443472278275,in-sample
era4tb_D_untreated_r2,21.0,100.0,1.0,0,6.68124123737559,0.02047858652022966,6.445770712144322,6.21728456837113,6.85926627720312,in-sample
era4tb_D_untreated_r2,21.0,10.0,2.0,0,6.69897000433602,0.020478586520234033,6.445770712144322,6.21728456837113,6.85926627720312,in-sample
era4tb_D_untreated_r2,21.0,10.0,2.0,0,6.60205999132796,0.020478586520234033,6.445770712144322,6.21728456837113,6.85926627720312,in-sample
era4tb_D_untreated_r2,21.0,2.5,2.6020599913279625,0,6.60205999132796,0.020478586534315824,6.445770712144322,6.21728456837113,6.85926627720312,in-sample
era4tb_D_untreated_r3,0.0,100.0,1.0,0,4.69897000433602,0.02047858655620977,4.744878378566958,4.641128021182576,4.935096018540524,in-sample
era4tb_D_untreated_r3,0.0,10.0,2.0,0,5.0,0.020479440807868336,4.744878378566958,4.641128021182576,4.935096018540524,in-sample
era4tb_D_untreated_r3,0.0,2.5,2.6020599913279625,0,5.30102999566398,0.0205656670668775,4.744878378566958,4.641128021182576,4.935096018540524,in-sample
era4tb_D_untreated_r3,1.0,10.0,2.0,0,5.5910646070265,0.020478632451555883,5.062271531282897,4.956193945985673,5.191334350548114,in-sample
era4tb_D_untreated_r3,1.0,10.0,2.0,0,4.60205999132796,0.020478632451555883,5.062271531282897,4.956193945985673,5.191334350548114,in-sample
era4tb_D_untreated_r3,1.0,2.5,2.6020599913279625,0,5.20411998265593,0.02048734557017412,5.062271531282897,4.956193945985673,5.191334350548114,in-sample
era4tb_D_untreated_r3,2.0,10.0,2.0,0,5.04139268515823,0.020478588800647315,5.364212753883092,5.25533698928947,5.486915344673782,in-sample
era4tb_D_untreated_r3,2.0,10.0,2.0,0,5.0,0.020478588800647315,5.364212753883092,5.25533698928947,5.486915344673782,in-sample
era4tb_D_untreated_r3,2.0,2.5,2.6020599913279625,0,4.60205999132796,0.020479345662236033,5.364212753883092,5.25533698928947,5.486915344673782,in-sample
era4tb_D_untreated_r3,3.0,100.0,1.0,0,5.53147891704226,0.02047858652023112,5.488475919387911,5.388548561958447,5.59042692770062,in-sample
era4tb_D_untreated_r3,3.0,10.0,2.0,0,5.53147891704226,0.020478587074161538,5.488475919387911,5.388548561958447,5.59042692770062,in-sample
era4tb_D_untreated_r3,3.0,10.0,2.0,0,5.53147891704226,0.020478587074161538,5.488475919387911,5.388548561958447,5.59042692770062,in-sample
era4tb_D_untreated_r3,3.0,2.5,2.6020599913279625,0,5.50514997831991,0.020478831762426836,5.488475919387911,5.388548561958447,5.59042692770062,in-sample
era4tb_D_untreated_r3,7.0,100.0,1.0,0,6.20682587603185,0.02047858652022966,5.996689632512567,5.783028814683939,6.167423555660205,in-sample
era4tb_D_untreated_r3,7.0,10.0,2.0,0,6.25527250510331,0.02047858652351937,5.996689632512567,5.783028814683939,6.167423555660205,in-sample
era4tb_D_untreated_r3,7.0,10.0,2.0,0,6.27875360095283,0.02047858652351937,5.996689632512567,5.783028814683939,6.167423555660205,in-sample
era4tb_D_untreated_r3,7.0,2.5,2.6020599913279625,0,6.50514997831991,0.020478589915033305,5.996689632512567,5.783028814683939,6.167423555660205,in-sample
era4tb_D_untreated_r3,10.0,100.0,1.0,0,5.93951925261862,0.02047858652022966,6.101461345138199,5.909416181803282,6.244594946521684,in-sample
era4tb_D_untreated_r3,10.0,10.0,2.0,0,5.6232492903979,0.02047858652096857,6.101461345138199,5.909416181803282,6.244594946521684,in-sample
era4tb_D_untreated_r3,10.0,10.0,2.0,0,5.77815125038364,0.02047858652096857,6.101461345138199,5.909416181803282,6.244594946521684,in-sample
era4tb_D_untreated_r3,10.0,2.5,2.6020599913279625,0,5.64345267648619,0.02047858747255956,6.101461345138199,5.909416181803282,6.244594946521684,in-sample
era4tb_D_untreated_r3,14.0,100.0,1.0,0,5.98677173426625,0.02047858652022966,6.241156961972377,5.889553025097043,6.4780382781885875,in-sample
era4tb_D_untreated_r3,14.0,10.0,2.0,0,5.90308998699194,0.02047858652110896,6.241156961972377,5.889553025097043,6.4780382781885875,in-sample
era4tb_D_untreated_r3,14.0,10.0,2.0,0,6.04139268515823,0.02047858652110896,6.241156961972377,5.889553025097043,6.4780382781885875,in-sample
era4tb_D_untreated_r3,14.0,2.5,2.6020599913279625,1,,0.02047858749113613,6.241156961972377,5.889553025097043,6.4780382781885875,in-sample
era4tb_D_untreated_r3,21.0,100.0,1.0,0,6.68124123737559,0.020478586520229665,6.286422499169575,5.773862469261735,6.648199241825487,in-sample
era4tb_D_untreated_r3,21.0,10.0,2.0,0,6.47712125471966,0.020478586523523638,6.286422499169575,5.773862469261735,6.648199241825487,in-sample
era4tb_D_untreated_r3,21.0,10.0,2.0,0,6.20411998265593,0.020478586523523638,6.286422499169575,5.773862469261735,6.648199241825487,in-sample
era4tb_D_untreated_r3,21.0,2.5,2.6020599913279625,0,6.30102999566398,0.020478589180008017,6.286422499169575,5.773862469261735,6.648199241825487,in-sample
era4tb_E_INH10x_r1,1.0,100.0,1.0,0,4.54406804435028,0.020478586539827,4.79676406902438,4.6236024826852296,5.155214780754648,in-sample
era4tb_E_INH10x_r1,1.0,10.0,2.0,0,4.69897000433602,0.02047918449579711,4.79676406902438,4.6236024826852296,5.155214780754648,in-sample
era4tb_E_INH10x_r1,1.0,10.0,2.0,0,4.77815125038364,0.02047918449579711,4.79676406902438,4.6236024826852296,5.155214780754648,in-sample
era4tb_E_INH10x_r1,1.0,2.5,2.6020599913279625,0,4.60205999132796,0.020543488729228513,4.79676406902438,4.6236024826852296,5.155214780754648,in-sample
era4tb_E_INH10x_r1,2.0,100.0,1.0,0,4.7160033436348,0.020478661566835824,3.9980551033661635,3.872802013198782,4.188666820621765,in-sample
era4tb_E_INH10x_r1,2.0,10.0,2.0,0,4.46239799789896,0.020692025488386653,3.9980551033661635,3.872802013198782,4.188666820621765,in-sample
era4tb_E_INH10x_r1,2.0,10.0,2.0,0,4.41497334797082,0.020692025488386653,3.9980551033661635,3.872802013198782,4.188666820621765,in-sample
era4tb_E_INH10x_r1,3.0,100.0,1.0,0,4.14612803567824,0.02047879519572931,3.9001211362976873,3.786196461276265,4.050824485743371,in-sample
era4tb_E_INH10x_r1,3.0,10.0,2.0,0,4.41497334797082,0.02090994571304245,3.9001211362976873,3.786196461276265,4.050824485743371,in-sample
era4tb_E_INH10x_r1,3.0,10.0,2.0,0,4.27875360095283,0.02090994571304245,3.9001211362976873,3.786196461276265,4.050824485743371,in-sample
era4tb_E_INH10x_r1,3.0,2.5,2.6020599913279625,0,4.03342375548695,0.030463690051440458,3.9001211362976873,3.786196461276265,4.050824485743371,in-sample
era4tb_E_INH10x_r1,7.0,100.0,1.0,0,3.20411998265592,0.02049583189686479,3.4210483071168354,3.1600917152933254,3.60682740029551,in-sample
era4tb_E_INH10x_r1,7.0,10.0,2.0,0,3.47712125471966,0.027275871184920083,3.4210483071168354,3.1600917152933254,3.60682740029551,in-sample
era4tb_E_INH10x_r1,7.0,10.0,2.0,0,3.50514997831991,0.027275871184920083,3.4210483071168354,3.1600917152933254,3.60682740029551,in-sample
era4tb_E_INH10x_r1,7.0,2.5,2.6020599913279625,0,3.38021124171161,0.08607955765684693,3.4210483071168354,3.1600917152933254,3.60682740029551,in-sample
era4tb_E_INH10x_r1,10.0,100.0,1.0,0,4.07918124604763,0.020478619080656832,4.1913822282271065,3.9503634359500217,4.461905501215282,in-sample
era4tb_E_INH10x_r1,10.0,10.0,2.0,0,3.90308998699194,0.020585860912343244,4.1913822282271065,3.9503634359500217,4.461905501215282,in-sample
era4tb_E_INH10x_r1,10.0,10.0,2.0,0,3.84509804001426,0.020585860912343244,4.1913822282271065,3.9503634359500217,4.461905501215282,in-sample
era4tb_E_INH10x_r1,10.0,2.5,2.6020599913279625,0,4.44715803134222,0.02385093856475686,4.1913822282271065,3.9503634359500217,4.461905501215282,in-sample
era4tb_E_INH10x_r1,14.0,100.0,1.0,0,5.69019608002851,0.02047858653459069,5.244784172751205,4.723560525986103,5.658333004310078,in-sample
era4tb_E_INH10x_r1,14.0,10.0,2.0,0,5.83250891270624,0.020478865951601626,5.244784172751205,4.723560525986103,5.658333004310078,in-sample
era4tb_E_INH10x_r1,14.0,2.5,2.6020599913279625,0,5.10720996964787,0.02050458144683295,5.244784172751205,4.723560525986103,5.658333004310078,in-sample
era4tb_E_INH10x_r1,21.0,10.0,2.0,0,7.51851393987789,0.02047858652022966,7.437448008441919,7.017176887026581,8.05862831963228,in-sample
era4tb_E_INH10x_r1,21.0,10.0,2.0,0,7.38021124171161,0.02047858652022966,7.437448008441919,7.017176887026581,8.05862831963228,in-sample
era4tb_E_INH10x_r1,21.0,2.5,2.6020599913279625,0,7.30102999566398,0.020478586520229877,7.437448008441919,7.017176887026581,8.05862831963228,in-sample
era4tb_E_INH10x_r2,1.0,100.0,1.0,0,4.67209785793572,0.02047858657161303,4.770471967470482,4.488360528034355,5.304611853100865,in-sample
era4tb_E_INH10x_r2,1.0,10.0,2.0,0,4.80617997398389,0.020479824044656307,4.770471967470482,4.488360528034355,5.304611853100865,in-sample
era4tb_E_INH10x_r2,1.0,10.0,2.0,0,4.47712125471966,0.020479824044656307,4.770471967470482,4.488360528034355,5.304611853100865,in-sample
era4tb_E_INH10x_r2,1.0,2.5,2.6020599913279625,0,4.7481880270062,0.02059005221962369,4.770471967470482,4.488360528034355,5.304611853100865,in-sample
era4tb_E_INH10x_r2,2.0,100.0,1.0,0,4.30102999566398,0.020478722358648362,4.0828245690809295,3.7636047731970663,4.360090440854583,in-sample
era4tb_E_INH10x_r2,2.0,10.0,2.0,0,4.46239799789896,0.0207702141745021,4.0828245690809295,3.7636047731970663,4.360090440854583,in-sample
era4tb_E_INH10x_r2,2.0,10.0,2.0,0,4.43136376415899,0.0207702141745021,4.0828245690809295,3.7636047731970663,4.360090440854583,in-sample
era4tb_E_INH10x_r2,3.0,100.0,1.0,0,4.30102999566398,0.02047886541031386,3.962042615512857,3.6814700949250274,4.182154804936242,in-sample
era4tb_E_INH10x_r2,3.0,10.0,2.0,0,4.66275783168157,0.02096230185938023,3.962042615512857,3.6814700949250274,4.182154804936242,in-sample
era4tb_E_INH10x_r2,3.0,10.0,2.0,0,4.23044892137827,0.02096230185938023,3.962042615512857,3.6814700949250274,4.182154804936242,in-sample
era4tb_E_INH10x_r2,3.0,2.5,2.6020599913279625,0,4.06445798922692,0.030849816318769974,3.962042615512857,3.6814700949250274,4.182154804936242,in-sample
era4tb_E_INH10x_r2,7.0,100.0,1.0,0,3.04139268515822,0.020486534255969985,3.478914801240566,3.2871831837263574,3.7449652282228603,in-sample
era4tb_E_INH10x_r2,7.0,10.0,2.0,0,3.79934054945358,0.02487213452431325,3.478914801240566,3.2871831837263574,3.7449652282228603,in-sample
era4tb_E_INH10x_r2,7.0,10.0,2.0,0,3.17609125905568,0.02487213452431325,3.478914801240566,3.2871831837263574,3.7449652282228603,in-sample
era4tb_E_INH10x_r2,7.0,2.5,2.6020599913279625,0,3.50514997831991,0.07023141091909106,3.478914801240566,3.2871831837263574,3.7449652282228603,in-sample
era4tb_E_INH10x_r2,10.0,100.0,1.0,0,4.11394335230684,0.02047859085948302,4.253995397846568,4.198558192585645,4.532424447935755,in-sample
era4tb_E_INH10x_r2,10.0,10.0,2.0,0,4.25527250510331,0.020509215431910473,4.253995397846568,4.198558192585645,4.532424447935755,in-sample
era4tb_E_INH10x_r2,10.0,10.0,2.0,0,4.0,0.020509215431910473,4.253995397846568,4.198558192585645,4.532424447935755,in-sample
era4tb_E_INH10x_r2,10.0,2.5,2.6020599913279625,0,4.38021124171161,0.02190952835776351,4.253995397846568,4.198558192585645,4.532424447935755,in-sample
era4tb_E_INH10x_r2,14.0,100.0,1.0,0,5.79934054945358,0.020478586520284336,5.403289686399547,5.122370782133415,5.595515595625018,in-sample
era4tb_E_INH10x_r2,14.0,10.0,2.0,0,5.95424250943933,0.02047859237511342,5.403289686399547,5.122370782133415,5.595515595625018,in-sample
era4tb_E_INH10x_r2,14.0,10.0,2.0,0,5.50514997831991,0.02047859237511342,5.403289686399547,5.122370782133415,5.595515595625018,in-sample
era4tb_E_INH10x_r2,14.0,2.5,2.6020599913279625,0,5.15836249209525,0.02047999686061051,5.403289686399547,5.122370782133415,5.595515595625018,in-sample
era4tb_E_INH10x_r2,21.0,10.0,2.0,0,7.44715803134222,0.02047858652022966,7.512229563844958,6.939422847045651,7.861815673735952,in-sample
era4tb_E_INH10x_r2,21.0,10.0,2.0,0,7.27875360095283,0.02047858652022966,7.512229563844958,6.939422847045651,7.861815673735952,in-sample
era4tb_E_INH10x_r2,21.0,2.5,2.6020599913279625,0,7.20411998265593,0.020478586520230622,7.512229563844958,6.939422847045651,7.861815673735952,in-sample
era4tb_E_INH10x_r3,1.0,100.0,1.0,0,4.67209785793572,0.020478586531583392,4.864655623617847,4.660015232760048,5.183104165017003,in-sample
era4tb_E_INH10x_r3,1.0,10.0,2.0,0,4.73239375982297,0.02047905270722563,4.864655623617847,4.660015232760048,5.183104165017003,in-sample
era4tb_E_INH10x_r3,1.0,10.0,2.0,0,4.47712125471966,0.02047905270722563,4.864655623617847,4.660015232760048,5.183104165017003,in-sample
era4tb_E_INH10x_r3,1.0,2.5,2.6020599913279625,0,4.64345267648619,0.020535403009387665,4.864655623617847,4.660015232760048,5.183104165017003,in-sample
era4tb_E_INH10x_r3,2.0,100.0,1.0,0,4.32221929473392,0.02047866145201671,3.9893804837136884,3.817206582123106,4.309346494282253,in-sample
era4tb_E_INH10x_r3,2.0,10.0,2.0,0,4.5910646070265,0.020696731058524733,3.9893804837136884,3.817206582123106,4.309346494282253,in-sample
era4tb_E_INH10x_r3,2.0,10.0,2.0,0,4.20411998265593,0.020696731058524733,3.9893804837136884,3.817206582123106,4.309346494282253,in-sample
era4tb_E_INH10x_r3,3.0,100.0,1.0,0,4.07918124604763,0.020478782686718978,3.8826183733312782,3.7271817348058707,4.138893220537353,in-sample
era4tb_E_INH10x_r3,3.0,10.0,2.0,0,4.65321251377534,0.02090724837309902,3.8826183733312782,3.7271817348058707,4.138893220537353,in-sample
era4tb_E_INH10x_r3,3.0,10.0,2.0,0,4.36172783601759,0.02090724837309902,3.8826183733312782,3.7271817348058707,4.138893220537353,in-sample
era4tb_E_INH10x_r3,3.0,2.5,2.6020599913279625,0,4.03342375548695,0.030459551604574513,3.8826183733312782,3.7271817348058707,4.138893220537353,in-sample
era4tb_E_INH10x_r3,7.0,100.0,1.0,0,3.0,0.020495969636762777,3.441134484699102,3.19976072049811,3.6485171351355175,in-sample
era4tb_E_INH10x_r3,7.0,10.0,2.0,0,3.7481880270062,0.02743316259409064,3.441134484699102,3.19976072049811,3.6485171351355175,in-sample
era4tb_E_INH10x_r3,7.0,10.0,2.0,0,3.44715803134222,0.02743316259409064,3.441134484699102,3.19976072049811,3.6485171351355175,in-sample
era4tb_E_INH10x_r3,7.0,2.5,2.6020599913279625,0,3.07918124604762,0.08716614843572683,3.441134484699102,3.19976072049811,3.6485171351355175,in-sample
era4tb_E_INH10x_r3,10.0,100.0,1.0,0,3.90308998699194,0.020478601219776724,4.2804562116235,4.010880279946525,4.422409610446536,in-sample
era4tb_E_INH10x_r3,10.0,10.0,2.0,0,4.0,0.020538252015317577,4.2804562116235,4.010880279946525,4.422409610446536,in-sample
era4tb_E_INH10x_r3,10.0,10.0,2.0,0,3.90308998699194,0.020538252015317577,4.2804562116235,4.010880279946525,4.422409610446536,in-sample
era4tb_E_INH10x_r3,10.0,2.5,2.6020599913279625,0,4.60205999132796,0.022661053754691282,4.2804562116235,4.010880279946525,4.422409610446536,in-sample
era4tb_E_INH10x_r3,14.0,100.0,1.0,0,5.76342799356294,0.020478586520657583,5.334707281758021,5.016208391046889,5.7303514362855505,in-sample
era4tb_E_INH10x_r3,14.0,10.0,2.0,0,5.77085201164214,0.020478610762489764,5.334707281758021,5.016208391046889,5.7303514362855505,in-sample
era4tb_E_INH10x_r3,14.0,10.0,2.0,0,5.70757017609794,0.020478610762489764,5.334707281758021,5.016208391046889,5.7303514362855505,in-sample
era4tb_E_INH10x_r3,14.0,2.5,2.6020599913279625,0,5.18184358794477,0.020482452003446512,5.334707281758021,5.016208391046889,5.7303514362855505,in-sample
era4tb_E_INH10x_r3,21.0,10.0,2.0,0,7.5910646070265,0.02047858652022966,7.530099572378958,7.214655481442547,7.833118864311057,in-sample
era4tb_E_INH10x_r3,21.0,10.0,2.0,0,7.34242268082221,0.02047858652022966,7.530099572378958,7.214655481442547,7.833118864311057,in-sample
era4tb_E_INH10x_r3,21.0,2.5,2.6020599913279625,0,7.80617997398389,0.020478586520229713,7.530099572378958,7.214655481442547,7.833118864311057,in-sample
era4tb_E_INH1x_r1,1.0,100.0,1.0,0,4.81954393554187,0.020478586523098995,4.998794681591045,4.733932487473221,5.181689115305996,in-sample
era4tb_E_INH1x_r1,1.0,10.0,2.0,0,5.04139268515823,0.020478752782033514,4.998794681591045,4.733932487473221,5.181689115305996,in-sample
era4tb_E_INH1x_r1,1.0,10.0,2.0,0,5.0,0.020478752782033514,4.998794681591045,4.733932487473221,5.181689115305996,in-sample
era4tb_E_INH1x_r1,1.0,2.5,2.6020599913279625,0,4.68124123737559,0.02050271413644277,4.998794681591045,4.733932487473221,5.181689115305996,in-sample
era4tb_E_INH1x_r1,2.0,100.0,1.0,0,4.77815125038364,0.02047858842520821,4.504907209639664,4.1493130178188125,4.728643751433994,in-sample
era4tb_E_INH1x_r1,2.0,10.0,2.0,0,4.65321251377534,0.020493864946350242,4.504907209639664,4.1493130178188125,4.728643751433994,in-sample
era4tb_E_INH1x_r1,2.0,10.0,2.0,0,4.61278385671974,0.020493864946350242,4.504907209639664,4.1493130178188125,4.728643751433994,in-sample
era4tb_E_INH1x_r1,2.0,2.5,2.6020599913279625,0,4.07918124604763,0.0212409317065019,4.504907209639664,4.1493130178188125,4.728643751433994,in-sample
era4tb_E_INH1x_r1,3.0,100.0,1.0,0,4.55630250076729,0.02047858993642151,4.443314733520814,4.134843542321177,4.599171526412953,in-sample
era4tb_E_INH1x_r1,3.0,10.0,2.0,0,4.30102999566398,0.020502526989240526,4.443314733520814,4.134843542321177,4.599171526412953,in-sample
era4tb_E_INH1x_r1,3.0,10.0,2.0,0,4.30102999566398,0.020502526989240526,4.443314733520814,4.134843542321177,4.599171526412953,in-sample
era4tb_E_INH1x_r1,3.0,2.5,2.6020599913279625,0,4.20411998265593,0.02158508951072806,4.443314733520814,4.134843542321177,4.599171526412953,in-sample
era4tb_E_INH1x_r1,7.0,100.0,1.0,0,4.20411998265593,0.020478720978718577,4.052026813530269,3.806791258223498,4.229754871872823,in-sample
era4tb_E_INH1x_r1,7.0,10.0,2.0,0,4.25527250510331,0.020756735988097127,4.052026813530269,3.806791258223498,4.229754871872823,in-sample
era4tb_E_INH1x_r1,7.0,10.0,2.0,0,4.0,0.020756735988097127,4.052026813530269,3.806791258223498,4.229754871872823,in-sample
era4tb_E_INH1x_r1,7.0,2.5,2.6020599913279625,0,3.77815125038364,0.027288742701533916,4.052026813530269,3.806791258223498,4.229754871872823,in-sample
era4tb_E_INH1x_r1,10.0,100.0,1.0,0,4.32221929473392,0.02047858653848794,4.929259300650979,4.617160759284451,5.144573137341091,in-sample
era4tb_E_INH1x_r1,10.0,10.0,2.0,0,4.83250891270624,0.020479002102373165,4.929259300650979,4.617160759284451,5.144573137341091,in-sample
era4tb_E_INH1x_r1,10.0,10.0,2.0,0,4.81954393554187,0.020479002102373165,4.929259300650979,4.617160759284451,5.144573137341091,in-sample
era4tb_E_INH1x_r1,10.0,2.5,2.6020599913279625,0,5.03342375548695,0.020521112816193805,4.929259300650979,4.617160759284451,5.144573137341091,in-sample
era4tb_E_INH1x_r1,14.0,100.0,1.0,0,6.39794000867204,0.020478586520229675,6.211385480648905,5.739568947656615,6.4678245965139585,in-sample
era4tb_E_INH1x_r1,14.0,10.0,2.0,0,6.51851393987789,0.02047858653027248,6.211385480648905,5.739568947656615,6.4678245965139585,in-sample
era4tb_E_INH1x_r1,14.0,10.0,2.0,0,6.38021124171161,0.02047858653027248,6.211385480648905,5.739568947656615,6.4678245965139585,in-sample
era4tb_E_INH1x_r1,14.0,2.5,2.6020599913279625,0,6.30102999566398,0.020478592304139183,6.211385480648905,5.739568947656615,6.4678245965139585,in-sample
era4tb_E_INH1x_r1,21.0,10.0,2.0,0,7.67209785793572,0.02047858652022966,7.688748648788133,7.36244446332356,8.175241923517373,in-sample
era4tb_E_INH1x_r1,21.0,10.0,2.0,0,7.20411998265593,0.02047858652022966,7.688748648788133,7.36244446332356,8.175241923517373,in-sample
era4tb_E_INH1x_r1,21.0,2.5,2.6020599913279625,0,7.77815125038364,0.02047858652022966,7.688748648788133,7.36244446332356,8.175241923517373,in-sample
era4tb_E_INH1x_r2,1.0,100.0,1.0,0,4.57978359661681,0.020478586522855242,5.04135880761359,4.74266368958944,5.258357731186352,in-sample
era4tb_E_INH1x_r2,1.0,10.0,2.0,0,5.04139268515823,0.020478742068553688,5.04135880761359,4.74266368958944,5.258357731186352,in-sample
era4tb_E_INH1x_r2,1.0,10.0,2.0,0,4.77815125038364,0.020478742068553688,5.04135880761359,4.74266368958944,5.258357731186352,in-sample
era4tb_E_INH1x_r2,1.0,2.5,2.6020599913279625,0,4.80617997398389,0.020501378536149428,5.04135880761359,4.74266368958944,5.258357731186352,in-sample
era4tb_E_INH1x_r2,2.0,100.0,1.0,0,4.83884909073726,0.020478587375719687,4.5888743691869545,4.253578277882149,4.745728295090103,in-sample
era4tb_E_INH1x_r2,2.0,10.0,2.0,0,4.90308998699194,0.02048804034120023,4.5888743691869545,4.253578277882149,4.745728295090103,in-sample
era4tb_E_INH1x_r2,2.0,10.0,2.0,0,4.88649072517248,0.02048804034120023,4.5888743691869545,4.253578277882149,4.745728295090103,in-sample
era4tb_E_INH1x_r2,2.0,2.5,2.6020599913279625,0,4.30102999566398,0.021031776016039064,4.5888743691869545,4.253578277882149,4.745728295090103,in-sample
era4tb_E_INH1x_r2,3.0,100.0,1.0,0,4.51851393987789,0.020478588950510555,4.43548805142226,4.151610390326043,4.64040683709892,in-sample
era4tb_E_INH1x_r2,3.0,10.0,2.0,0,4.34242268082221,0.02049849765056718,4.43548805142226,4.151610390326043,4.64040683709892,in-sample
era4tb_E_INH1x_r2,3.0,10.0,2.0,0,4.49136169383427,0.02049849765056718,4.43548805142226,4.151610390326043,4.64040683709892,in-sample
era4tb_E_INH1x_r2,3.0,2.5,2.6020599913279625,0,4.30102999566398,0.021467965299000347,4.43548805142226,4.151610390326043,4.64040683709892,in-sample
era4tb_E_INH1x_r2,7.0,100.0,1.0,0,3.95424250943932,0.020478838426811134,3.987271478266882,3.7264874240047496,4.349953289967552,in-sample
era4tb_E_INH1x_r2,7.0,10.0,2.0,0,4.20411998265593,0.020921779437595104,3.987271478266882,3.7264874240047496,4.349953289967552,in-sample
era4tb_E_INH1x_r2,7.0,10.0,2.0,0,3.95424250943932,0.020921779437595104,3.987271478266882,3.7264874240047496,4.349953289967552,in-sample
era4tb_E_INH1x_r2,7.0,2.5,2.6020599913279625,0,3.92427928606188,0.029993161128404566,3.987271478266882,3.7264874240047496,4.349953289967552,in-sample
era4tb_E_INH1x_r2,10.0,100.0,1.0,0,4.46239799789896,0.020478586531695528,4.8699630507729,4.704286821571429,5.208982665137971,in-sample
era4tb_E_INH1x_r2,10.0,10.0,2.0,0,4.84509804001426,0.02047896336864025,4.8699630507729,4.704286821571429,5.208982665137971,in-sample
era4tb_E_INH1x_r2,10.0,10.0,2.0,0,4.65321251377534,0.02047896336864025,4.8699630507729,4.704286821571429,5.208982665137971,in-sample
era4tb_E_INH1x_r2,10.0,2.5,2.6020599913279625,0,5.09342168516223,0.020523455013165832,4.8699630507729,4.704286821571429,5.208982665137971,in-sample
era4tb_E_INH1x_r2,14.0,100.0,1.0,0,6.36172783601759,0.02047858652022966,6.0154080374288,5.910070269804568,6.466093467773841,in-sample
era4tb_E_INH1x_r2,14.0,10.0,2.0,0,6.50514997831991,0.020478586522076816,6.0154080374288,5.910070269804568,6.466093467773841,in-sample
era4tb_E_INH1x_r2,14.0,10.0,2.0,0,6.20411998265593,0.020478586522076816,6.0154080374288,5.910070269804568,6.466093467773841,in-sample
era4tb_E_INH1x_r2,14.0,2.5,2.6020599913279625,0,6.20411998265593,0.020478588214421098,6.0154080374288,5.910070269804568,6.466093467773841,in-sample
era4tb_E_INH1x_r2,21.0,10.0,2.0,0,7.46239799789896,0.02047858652022966,7.48571229296561,7.004625334304129,8.115891287859323,in-sample
era4tb_E_INH1x_r2,21.0,10.0,2.0,0,7.14612803567824,0.02047858652022966,7.48571229296561,7.004625334304129,8.115891287859323,in-sample
era4tb_E_INH1x_r2,21.0,2.5,2.6020599913279625,0,7.60205999132796,0.0204785865202305,7.48571229296561,7.004625334304129,8.115891287859323,in-sample
era4tb_E_INH1x_r3,1.0,100.0,1.0,0,4.73239375982297,0.020478586526546775,4.872734540998623,4.769865506283345,5.228197336912998,in-sample
era4tb_E_INH1x_r3,1.0,10.0,2.0,0,5.04139268515823,0.020478835379593906,4.872734540998623,4.769865506283345,5.228197336912998,in-sample
era4tb_E_INH1x_r3,1.0,10.0,2.0,0,5.20411998265593,0.020478835379593906,4.872734540998623,4.769865506283345,5.228197336912998,in-sample
era4tb_E_INH1x_r3,1.0,2.5,2.6020599913279625,0,4.7160033436348,0.020510524795285055,4.872734540998623,4.769865506283345,5.228197336912998,in-sample
era4tb_E_INH1x_r3,2.0,100.0,1.0,0,4.80617997398389,0.020478588950416383,4.3869607183577575,4.243921506632043,4.720858288909604,in-sample
era4tb_E_INH1x_r3,2.0,10.0,2.0,0,4.81291335664286,0.02049536005030501,4.3869607183577575,4.243921506632043,4.720858288909604,in-sample
era4tb_E_INH1x_r3,2.0,10.0,2.0,0,4.47712125471966,0.02049536005030501,4.3869607183577575,4.243921506632043,4.720858288909604,in-sample
era4tb_E_INH1x_r3,2.0,2.5,2.6020599913279625,0,4.20411998265593,0.021301417850637588,4.3869607183577575,4.243921506632043,4.720858288909604,in-sample
era4tb_E_INH1x_r3,3.0,100.0,1.0,0,4.54406804435028,0.020478593101968992,4.337658660794944,4.149351543690031,4.572597510789989,in-sample
era4tb_E_INH1x_r3,3.0,10.0,2.0,0,4.25527250510331,0.020511657498609576,4.337658660794944,4.149351543690031,4.572597510789989,in-sample
era4tb_E_INH1x_r3,3.0,10.0,2.0,0,4.41497334797082,0.020511657498609576,4.337658660794944,4.149351543690031,4.572597510789989,in-sample
era4tb_E_INH1x_r3,3.0,2.5,2.6020599913279625,0,4.44715803134222,0.021856365214132083,4.337658660794944,4.149351543690031,4.572597510789989,in-sample
era4tb_E_INH1x_r3,7.0,100.0,1.0,0,3.90308998699194,0.02047907894859463,3.923562140244295,3.640376827561258,4.176399905376365,in-sample
era4tb_E_INH1x_r3,7.0,10.0,2.0,0,4.32221929473392,0.021107300496625202,3.923562140244295,3.640376827561258,4.176399905376365,in-sample
era4tb_E_INH1x_r3,7.0,10.0,2.0,0,3.90308998699194,0.021107300496625202,3.923562140244295,3.640376827561258,4.176399905376365,in-sample
era4tb_E_INH1x_r3,7.0,2.5,2.6020599913279625,0,3.88081359228079,0.032393621743144675,3.923562140244295,3.640376827561258,4.176399905376365,in-sample
era4tb_E_INH1x_r3,10.0,100.0,1.0,0,4.63346845557959,0.02047858654936876,4.769970786791186,4.591986022045241,5.021026988587438,in-sample
era4tb_E_INH1x_r3,10.0,10.0,2.0,0,4.81954393554187,0.020479365744366988,4.769970786791186,4.591986022045241,5.021026988587438,in-sample
era4tb_E_INH1x_r3,10.0,10.0,2.0,0,4.68124123737559,0.020479365744366988,4.769970786791186,4.591986022045241,5.021026988587438,in-sample
era4tb_E_INH1x_r3,10.0,2.5,2.6020599913279625,0,4.60205999132796,0.020559948048696756,4.769970786791186,4.591986022045241,5.021026988587438,in-sample
era4tb_E_INH1x_r3,14.0,100.0,1.0,0,6.27875360095283,0.02047858652022971,6.024054986582486,5.498370936387019,6.32704898263955,in-sample
era4tb_E_INH1x_r3,14.0,10.0,2.0,0,6.41497334797082,0.020478586569776667,6.024054986582486,5.498370936387019,6.32704898263955,in-sample
era4tb_E_INH1x_r3,14.0,10.0,2.0,0,6.20411998265593,0.020478586569776667,6.024054986582486,5.498370936387019,6.32704898263955,in-sample
era4tb_E_INH1x_r3,14.0,2.5,2.6020599913279625,0,6.30102999566398,0.020478618570275397,6.024054986582486,5.498370936387019,6.32704898263955,in-sample
era4tb_E_INH1x_r3,21.0,10.0,2.0,0,7.72427586960079,0.02047858652022966,7.790466824941732,7.214604293848677,8.435850449575025,in-sample
era4tb_E_INH1x_r3,21.0,10.0,2.0,0,7.47712125471966,0.02047858652022966,7.790466824941732,7.214604293848677,8.435850449575025,in-sample
era4tb_E_INH1x_r3,21.0,2.5,2.6020599913279625,0,7.64345267648619,0.02047858652022969,7.790466824941732,7.214604293848677,8.435850449575025,in-sample
era4tb_E_MXF10x_r1,1.0,100.0,1.0,0,4.56820172406699,0.02047858652243504,5.015837246314042,4.734352992401313,5.2896474584131905,in-sample
era4tb_E_MXF10x_r1,1.0,10.0,2.0,0,4.78532983501077,0.020478724055722503,5.015837246314042,4.734352992401313,5.2896474584131905,in-sample
era4tb_E_MXF10x_r1,1.0,10.0,2.0,0,5.07918124604763,0.020478724055722503,5.015837246314042,4.734352992401313,5.2896474584131905,in-sample
era4tb_E_MXF10x_r1,1.0,2.5,2.6020599913279625,0,5.38021124171161,0.020498853387511937,5.015837246314042,4.734352992401313,5.2896474584131905,in-sample
era4tb_E_MXF10x_r1,2.0,100.0,1.0,0,4.30102999566398,0.02047858662642473,4.68108816409291,4.4359050093604795,4.963286537834856,in-sample
era4tb_E_MXF10x_r1,2.0,10.0,2.0,0,4.74036268949424,0.020480739920732346,4.68108816409291,4.4359050093604795,4.963286537834856,in-sample
era4tb_E_MXF10x_r1,2.0,10.0,2.0,0,4.55630250076729,0.020480739920732346,4.68108816409291,4.4359050093604795,4.963286537834856,in-sample
era4tb_E_MXF10x_r1,2.0,2.5,2.6020599913279625,0,4.60205999132796,0.020656655642177817,4.68108816409291,4.4359050093604795,4.963286537834856,in-sample
era4tb_E_MXF10x_r1,3.0,100.0,1.0,0,4.57978359661681,0.02047858679331595,4.559187068953904,4.3750640714412246,4.832729638606057,in-sample
era4tb_E_MXF10x_r1,3.0,10.0,2.0,0,4.6232492903979,0.02048301035139517,4.559187068953904,4.3750640714412246,4.832729638606057,in-sample
era4tb_E_MXF10x_r1,3.0,10.0,2.0,0,4.39794000867204,0.02048301035139517,4.559187068953904,4.3750640714412246,4.832729638606057,in-sample
era4tb_E_MXF10x_r1,3.0,2.5,2.6020599913279625,0,4.68124123737559,0.02079629181641608,4.559187068953904,4.3750640714412246,4.832729638606057,in-sample
era4tb_E_MXF10x_r1,7.0,100.0,1.0,0,3.98227123303957,0.020478619895339504,4.132902790903997,3.9756650971494683,4.363665747159831,in-sample
era4tb_E_MXF10x_r1,7.0,10.0,2.0,0,4.47712125471966,0.020589539127806544,4.132902790903997,3.9756650971494683,4.363665747159831,in-sample
era4tb_E_MXF10x_r1,7.0,10.0,2.0,0,4.34242268082221,0.020589539127806544,4.132902790903997,3.9756650971494683,4.363665747159831,in-sample
era4tb_E_MXF10x_r1,7.0,2.5,2.6020599913279625,0,4.01703333929878,0.024002685578710513,4.132902790903997,3.9756650971494683,4.363665747159831,in-sample
era4tb_E_MXF10x_r1,10.0,100.0,1.0,0,3.66275783168157,0.020479066948239786,3.8588720530882323,3.6688219208721886,4.062124900160374,in-sample
era4tb_E_MXF10x_r1,10.0,10.0,2.0,0,3.91381385238372,0.021136064258106737,3.8588720530882323,3.6688219208721886,4.062124900160374,in-sample
era4tb_E_MXF10x_r1,10.0,10.0,2.0,0,3.90308998699194,0.021136064258106737,3.8588720530882323,3.6688219208721886,4.062124900160374,in-sample
era4tb_E_MXF10x_r1,10.0,2.5,2.6020599913279625,0,3.68124123737559,0.03339436263480761,3.8588720530882323,3.6688219208721886,4.062124900160374,in-sample
era4tb_E_MXF10x_r1,14.0,100.0,1.0,0,3.49136169383427,0.020496241400850785,3.4576016629042856,3.234728416323246,3.763620666994057,in-sample
era4tb_E_MXF10x_r1,14.0,10.0,2.0,0,3.65321251377534,0.026343050789285324,3.4576016629042856,3.234728416323246,3.763620666994057,in-sample
era4tb_E_MXF10x_r1,14.0,10.0,2.0,0,3.50514997831991,0.026343050789285324,3.4576016629042856,3.234728416323246,3.763620666994057,in-sample
era4tb_E_MXF10x_r1,14.0,2.5,2.6020599913279625,0,3.55630250076729,0.07738163736159072,3.4576016629042856,3.234728416323246,3.763620666994057,in-sample
era4tb_E_MXF10x_r1,21.0,100.0,1.0,0,2.64345267648619,0.023087763220618843,2.683022190733821,2.3210336492298085,3.3639718343603855,in-sample
era4tb_E_MXF10x_r1,21.0,10.0,2.0,0,2.47712125471966,0.11467238006987565,2.683022190733821,2.3210336492298085,3.3639718343603855,in-sample
era4tb_E_MXF10x_r1,21.0,10.0,2.0,0,2.69897000433602,0.11467238006987565,2.683022190733821,2.3210336492298085,3.3639718343603855,in-sample
era4tb_E_MXF10x_r1,21.0,2.5,2.6020599913279625,0,2.60205999132796,0.3241194379570401,2.683022190733821,2.3210336492298085,3.3639718343603855,in-sample
era4tb_E_MXF10x_r2,1.0,100.0,1.0,0,4.77815125038364,0.020478586533033364,4.880792121647771,4.720272688022038,5.10971197477488,in-sample
era4tb_E_MXF10x_r2,1.0,10.0,2.0,0,4.8750612633917,0.02047895251864744,4.880792121647771,4.720272688022038,5.10971197477488,in-sample
era4tb_E_MXF10x_r2,1.0,10.0,2.0,0,4.69897000433602,0.02047895251864744,4.880792121647771,4.720272688022038,5.10971197477488,in-sample
era4tb_E_MXF10x_r2,1.0,2.5,2.6020599913279625,0,5.50514997831991,0.020520887629430554,4.880792121647771,4.720272688022038,5.10971197477488,in-sample
era4tb_E_MXF10x_r2,2.0,100.0,1.0,0,4.14612803567824,0.020478586932065012,4.5891844672281055,4.3861714604446105,4.74632851907601,in-sample
era4tb_E_MXF10x_r2,2.0,10.0,2.0,0,4.70757017609794,0.02048395275575517,4.5891844672281055,4.3861714604446105,4.74632851907601,in-sample
era4tb_E_MXF10x_r2,2.0,10.0,2.0,0,4.23044892137827,0.02048395275575517,4.5891844672281055,4.3861714604446105,4.74632851907601,in-sample
era4tb_E_MXF10x_r2,2.0,2.5,2.6020599913279625,0,3.60205999132796,0.02084037470162462,4.5891844672281055,4.3861714604446105,4.74632851907601,in-sample
era4tb_E_MXF10x_r2,3.0,100.0,1.0,0,4.75587485567249,0.020478587644683497,4.467839089688497,4.296239800881944,4.616960748185875,in-sample
era4tb_E_MXF10x_r2,3.0,10.0,2.0,0,4.64345267648619,0.020489120299621806,4.467839089688497,4.296239800881944,4.616960748185875,in-sample
era4tb_E_MXF10x_r2,3.0,10.0,2.0,0,4.6232492903979,0.020489120299621806,4.467839089688497,4.296239800881944,4.616960748185875,in-sample
era4tb_E_MXF10x_r2,3.0,2.5,2.6020599913279625,0,4.30102999566398,0.02108652230435597,4.467839089688497,4.296239800881944,4.616960748185875,in-sample
era4tb_E_MXF10x_r2,7.0,100.0,1.0,0,3.90308998699194,0.020478659176645295,4.023541222993606,3.921148790961975,4.358322347651459,in-sample
era4tb_E_MXF10x_r2,7.0,10.0,2.0,0,4.55630250076729,0.020664343007063303,4.023541222993606,3.921148790961975,4.358322347651459,in-sample
era4tb_E_MXF10x_r2,7.0,10.0,2.0,0,4.14612803567824,0.020664343007063303,4.023541222993606,3.921148790961975,4.358322347651459,in-sample
era4tb_E_MXF10x_r2,7.0,2.5,2.6020599913279625,0,3.68124123737559,0.025595673911782427,4.023541222993606,3.921148790961975,4.358322347651459,in-sample
era4tb_E_MXF10x_r2,10.0,100.0,1.0,0,3.70757017609794,0.020479089401939994,3.786042543393666,3.6885160856758152,4.056537715982278,in-sample
era4tb_E_MXF10x_r2,10.0,10.0,2.0,0,3.90308998699194,0.021178994177522382,3.786042543393666,3.6885160856758152,4.056537715982278,in-sample
era4tb_E_MXF10x_r2,10.0,10.0,2.0,0,3.90308998699194,0.021178994177522382,3.786042543393666,3.6885160856758152,4.056537715982278,in-sample
era4tb_E_MXF10x_r2,10.0,2.5,2.6020599913279625,0,3.96378782734556,0.03407226448284625,3.786042543393666,3.6885160856758152,4.056537715982278,in-sample
era4tb_E_MXF10x_r2,14.0,100.0,1.0,0,3.34242268082221,0.020487033214814987,3.5619635546635524,3.3040777346956456,3.8054354369143075,in-sample
era4tb_E_MXF10x_r2,14.0,10.0,2.0,0,3.60205999132796,0.02448863629020953,3.5619635546635524,3.3040777346956456,3.8054354369143075,in-sample
era4tb_E_MXF10x_r2,14.0,10.0,2.0,0,3.47712125471966,0.02448863629020953,3.5619635546635524,3.3040777346956456,3.8054354369143075,in-sample
era4tb_E_MXF10x_r2,14.0,2.5,2.6020599913279625,0,3.68124123737559,0.06518905404499373,3.5619635546635524,3.3040777346956456,3.8054354369143075,in-sample
era4tb_E_MXF10x_r2,21.0,100.0,1.0,0,2.36172783601759,0.02125804620095571,2.9067147498556896,2.5676822191259245,3.448927130922258,in-sample
era4tb_E_MXF10x_r2,21.0,10.0,2.0,0,2.95424250943932,0.07320947664327956,2.9067147498556896,2.5676822191259245,3.448927130922258,in-sample
era4tb_E_MXF10x_r2,21.0,10.0,2.0,0,2.69897000433602,0.07320947664327956,2.9067147498556896,2.5676822191259245,3.448927130922258,in-sample
era4tb_E_MXF10x_r2,21.0,2.5,2.6020599913279625,0,3.07918124604762,0.24192488173236265,2.9067147498556896,2.5676822191259245,3.448927130922258,in-sample
era4tb_E_MXF10x_r3,1.0,100.0,1.0,0,4.7160033436348,0.02047858652588431,5.001700546547298,4.71741302982814,5.266423583791992,in-sample
era4tb_E_MXF10x_r3,1.0,10.0,2.0,0,4.85733249643127,0.020478816299530616,5.001700546547298,4.71741302982814,5.266423583791992,in-sample
era4tb_E_MXF10x_r3,1.0,10.0,2.0,0,4.95424250943933,0.020478816299530616,5.001700546547298,4.71741302982814,5.266423583791992,in-sample
era4tb_E_MXF10x_r3,1.0,2.5,2.6020599913279625,0,5.07918124604763,0.02050756662837318,5.001700546547298,4.71741302982814,5.266423583791992,in-sample
era4tb_E_MXF10x_r3,2.0,100.0,1.0,0,4.25527250510331,0.020478586820208648,4.673289407286769,4.384695184361283,4.984971782017486,in-sample
era4tb_E_MXF10x_r3,2.0,10.0,2.0,0,4.51851393987789,0.020482525002348487,4.673289407286769,4.384695184361283,4.984971782017486,in-sample
era4tb_E_MXF10x_r3,2.0,10.0,2.0,0,4.54406804435028,0.020482525002348487,4.673289407286769,4.384695184361283,4.984971782017486,in-sample
era4tb_E_MXF10x_r3,2.0,2.5,2.6020599913279625,0,4.38021124171161,0.02074093480455097,4.673289407286769,4.384695184361283,4.984971782017486,in-sample
era4tb_E_MXF10x_r3,3.0,100.0,1.0,0,4.64345267648619,0.020478587177396763,4.606953939781098,4.31620796233156,4.855301482073269,in-sample
era4tb_E_MXF10x_r3,3.0,10.0,2.0,0,4.63346845557959,0.020485422381992115,4.606953939781098,4.31620796233156,4.855301482073269,in-sample
era4tb_E_MXF10x_r3,3.0,10.0,2.0,0,4.30102999566398,0.020485422381992115,4.606953939781098,4.31620796233156,4.855301482073269,in-sample
era4tb_E_MXF10x_r3,3.0,2.5,2.6020599913279625,1,,0.020886310928001396,4.606953939781098,4.31620796233156,4.855301482073269,in-sample
era4tb_E_MXF10x_r3,7.0,100.0,1.0,0,4.03342375548695,0.020478613443962117,4.232183092535012,3.9895881691509536,4.465788709720705,in-sample
era4tb_E_MXF10x_r3,7.0,10.0,2.0,0,4.47712125471966,0.020563135759324485,4.232183092535012,3.9895881691509536,4.465788709720705,in-sample
era4tb_E_MXF10x_r3,7.0,10.0,2.0,0,4.17609125905568,0.020563135759324485,4.232183092535012,3.9895881691509536,4.465788709720705,in-sample
era4tb_E_MXF10x_r3,7.0,2.5,2.6020599913279625,0,4.24551266781415,0.023223102234654583,4.232183092535012,3.9895881691509536,4.465788709720705,in-sample
era4tb_E_MXF10x_r3,10.0,100.0,1.0,0,3.64345267648619,0.020478858384557357,3.866632735834063,3.760139408501668,4.05880992733269,in-sample
era4tb_E_MXF10x_r3,10.0,10.0,2.0,0,3.96848294855394,0.020975852570623867,3.866632735834063,3.760139408501668,4.05880992733269,in-sample
era4tb_E_MXF10x_r3,10.0,10.0,2.0,0,4.0,0.020975852570623867,3.866632735834063,3.760139408501668,4.05880992733269,in-sample
era4tb_E_MXF10x_r3,10.0,2.5,2.6020599913279625,0,4.01703333929878,0.031495561902949096,3.866632735834063,3.760139408501668,4.05880992733269,in-sample
era4tb_E_MXF10x_r3,14.0,100.0,1.0,0,3.32221929473392,0.020497074390444594,3.4502561937688263,3.1690232948191843,3.6749109826652178,in-sample
era4tb_E_MXF10x_r3,14.0,10.0,2.0,0,3.51851393987789,0.027038570317551126,3.4502561937688263,3.1690232948191843,3.6749109826652178,in-sample
era4tb_E_MXF10x_r3,14.0,10.0,2.0,0,3.6232492903979,0.027038570317551126,3.4502561937688263,3.1690232948191843,3.6749109826652178,in-sample
era4tb_E_MXF10x_r3,14.0,2.5,2.6020599913279625,0,3.60205999132796,0.08272956373959547,3.4502561937688263,3.1690232948191843,3.6749109826652178,in-sample
era4tb_E_MXF10x_r3,21.0,100.0,1.0,0,2.60205999132796,0.022054950425173987,2.727395657332311,2.4509058655074205,3.219779310576162,in-sample
era4tb_E_MXF10x_r3,21.0,10.0,2.0,0,2.84509804001426,0.10042799520157546,2.727395657332311,2.4509058655074205,3.219779310576162,in-sample
era4tb_E_MXF10x_r3,21.0,10.0,2.0,0,2.0,0.10042799520157546,2.727395657332311,2.4509058655074205,3.219779310576162,in-sample
era4tb_E_MXF10x_r3,21.0,2.5,2.6020599913279625,0,3.30102999566398,0.312446286090767,2.727395657332311,2.4509058655074205,3.219779310576162,in-sample
era4tb_E_MXF1x_r1,1.0,100.0,1.0,0,5.61278385671974,0.02047858652045697,5.323217638218941,5.057978959574452,5.679830489839157,in-sample
era4tb_E_MXF1x_r1,1.0,10.0,2.0,0,5.39794000867204,0.020478604834607943,5.323217638218941,5.057978959574452,5.679830489839157,in-sample
era4tb_E_MXF1x_r1,1.0,10.0,2.0,0,5.32221929473392,0.020478604834607943,5.323217638218941,5.057978959574452,5.679830489839157,in-sample
era4tb_E_MXF1x_r1,1.0,2.5,2.6020599913279625,0,5.55630250076729,0.020481796911043862,5.323217638218941,5.057978959574452,5.679830489839157,in-sample
era4tb_E_MXF1x_r1,2.0,100.0,1.0,0,4.92941892571429,0.020478586520242426,5.5283345583026,5.192038217581948,5.839884205737487,in-sample
era4tb_E_MXF1x_r1,2.0,10.0,2.0,0,5.0,0.020478588677640196,5.5283345583026,5.192038217581948,5.839884205737487,in-sample
era4tb_E_MXF1x_r1,2.0,10.0,2.0,0,5.30102999566398,0.020478588677640196,5.5283345583026,5.192038217581948,5.839884205737487,in-sample
era4tb_E_MXF1x_r1,2.0,2.5,2.6020599913279625,0,5.44715803134222,0.020479233933822085,5.5283345583026,5.192038217581948,5.839884205737487,in-sample
era4tb_E_MXF1x_r1,3.0,100.0,1.0,0,5.64345267648619,0.02047858652023227,5.630721285839583,5.264020628760704,5.899908881561927,in-sample
era4tb_E_MXF1x_r1,3.0,10.0,2.0,0,5.67209785793572,0.020478587262671138,5.630721285839583,5.264020628760704,5.899908881561927,in-sample
era4tb_E_MXF1x_r1,3.0,10.0,2.0,0,5.44715803134222,0.020478587262671138,5.630721285839583,5.264020628760704,5.899908881561927,in-sample
era4tb_E_MXF1x_r1,3.0,2.5,2.6020599913279625,0,5.50514997831991,0.020478861278917238,5.630721285839583,5.264020628760704,5.899908881561927,in-sample
era4tb_E_MXF1x_r1,7.0,100.0,1.0,0,6.0,0.02047858652022968,6.023417781113117,5.5811800471955095,6.309975155785526,in-sample
era4tb_E_MXF1x_r1,7.0,10.0,2.0,0,6.32221929473392,0.020478586537250647,6.023417781113117,5.5811800471955095,6.309975155785526,in-sample
era4tb_E_MXF1x_r1,7.0,10.0,2.0,0,6.30102999566398,0.020478586537250647,6.023417781113117,5.5811800471955095,6.309975155785526,in-sample
era4tb_E_MXF1x_r1,7.0,2.5,2.6020599913279625,0,6.31806333496276,0.020478598698287862,6.023417781113117,5.5811800471955095,6.309975155785526,in-sample
era4tb_E_MXF1x_r1,10.0,100.0,1.0,0,6.44715803134222,0.02047858652022966,6.487602616377239,6.205066937619259,6.691140389056531,in-sample
era4tb_E_MXF1x_r1,10.0,10.0,2.0,0,6.38021124171161,0.02047858652024039,6.487602616377239,6.205066937619259,6.691140389056531,in-sample
era4tb_E_MXF1x_r1,10.0,10.0,2.0,0,6.50514997831991,0.02047858652024039,6.487602616377239,6.205066937619259,6.691140389056531,in-sample
era4tb_E_MXF1x_r1,10.0,2.5,2.6020599913279625,0,6.7160033436348,0.020478586545677767,6.487602616377239,6.205066937619259,6.691140389056531,in-sample
era4tb_E_MXF1x_r1,14.0,100.0,1.0,0,7.04139268515823,0.02047858652022966,7.030116782993306,6.834590808063412,7.301723206021755,in-sample
era4tb_E_MXF1x_r1,14.0,10.0,2.0,0,7.0,0.02047858652022966,7.030116782993306,6.834590808063412,7.301723206021755,in-sample
era4tb_E_MXF1x_r1,14.0,10.0,2.0,0,7.20411998265593,0.02047858652022966,7.030116782993306,6.834590808063412,7.301723206021755,in-sample
era4tb_E_MXF1x_r1,14.0,2.5,2.6020599913279625,0,6.83250891270624,0.0204785865202412,7.030116782993306,6.834590808063412,7.301723206021755,in-sample
era4tb_E_MXF1x_r1,21.0,10.0,2.0,0,7.56820172406699,0.02047858652022966,7.634578171727822,7.046049013360404,7.982183493197364,in-sample
era4tb_E_MXF1x_r1,21.0,10.0,2.0,0,7.55630250076729,0.02047858652022966,7.634578171727822,7.046049013360404,7.982183493197364,in-sample
era4tb_E_MXF1x_r1,21.0,2.5,2.6020599913279625,0,7.30102999566398,0.02047858652023004,7.634578171727822,7.046049013360404,7.982183493197364,in-sample
era4tb_E_MXF1x_r2,1.0,100.0,1.0,0,5.32221929473392,0.020478586520233554,5.4062679326100405,5.263392268927761,5.635167093566137,in-sample
era4tb_E_MXF1x_r2,1.0,10.0,2.0,0,5.34242268082221,0.020478587729892927,5.4062679326100405,5.263392268927761,5.635167093566137,in-sample
era4tb_E_MXF1x_r2,1.0,10.0,2.0,0,5.38021124171161,0.020478587729892927,5.4062679326100405,5.263392268927761,5.635167093566137,in-sample
era4tb_E_MXF1x_r2,1.0,2.5,2.6020599913279625,0,5.50514997831991,0.020479062223395614,5.4062679326100405,5.263392268927761,5.635167093566137,in-sample
era4tb_E_MXF1x_r2,2.0,100.0,1.0,0,4.80617997398389,0.02047858652023112,5.521560894837296,5.355326172656066,5.749920893758672,in-sample
era4tb_E_MXF1x_r2,2.0,10.0,2.0,0,5.17609125905568,0.020478587026199733,5.521560894837296,5.355326172656066,5.749920893758672,in-sample
era4tb_E_MXF1x_r2,2.0,10.0,2.0,0,4.90308998699194,0.020478587026199733,5.521560894837296,5.355326172656066,5.749920893758672,in-sample
era4tb_E_MXF1x_r2,2.0,2.5,2.6020599913279625,0,4.90308998699194,0.02047880535190076,5.521560894837296,5.355326172656066,5.749920893758672,in-sample
era4tb_E_MXF1x_r2,3.0,100.0,1.0,0,5.80617997398389,0.020478586520229873,5.6081814532409595,5.494966272834457,5.83285685307558,in-sample
era4tb_E_MXF1x_r2,3.0,10.0,2.0,0,5.74036268949424,0.020478586649068528,5.6081814532409595,5.494966272834457,5.83285685307558,in-sample
era4tb_E_MXF1x_r2,3.0,10.0,2.0,0,5.53147891704226,0.020478586649068528,5.6081814532409595,5.494966272834457,5.83285685307558,in-sample
era4tb_E_MXF1x_r2,3.0,2.5,2.6020599913279625,0,5.50514997831991,0.020478657164215396,5.6081814532409595,5.494966272834457,5.83285685307558,in-sample
era4tb_E_MXF1x_r2,7.0,100.0,1.0,0,6.00432137378264,0.020478586520229665,6.063296516066964,5.815136440697906,6.18205944687712,in-sample
era4tb_E_MXF1x_r2,7.0,10.0,2.0,0,6.61278385671974,0.02047858652379962,6.063296516066964,5.815136440697906,6.18205944687712,in-sample
era4tb_E_MXF1x_r2,7.0,10.0,2.0,0,6.36172783601759,0.02047858652379962,6.063296516066964,5.815136440697906,6.18205944687712,in-sample
era4tb_E_MXF1x_r2,7.0,2.5,2.6020599913279625,0,6.19312459835446,0.020478589170200557,6.063296516066964,5.815136440697906,6.18205944687712,in-sample
era4tb_E_MXF1x_r2,10.0,100.0,1.0,0,6.17609125905568,0.02047858652022966,6.511883397483865,6.375196859125619,6.627782117427387,in-sample
era4tb_E_MXF1x_r2,10.0,10.0,2.0,0,6.38021124171161,0.020478586520230397,6.511883397483865,6.375196859125619,6.627782117427387,in-sample
era4tb_E_MXF1x_r2,10.0,10.0,2.0,0,6.43136376415899,0.020478586520230397,6.511883397483865,6.375196859125619,6.627782117427387,in-sample
era4tb_E_MXF1x_r2,10.0,2.5,2.6020599913279625,0,6.80617997398389,0.02047858652339489,6.511883397483865,6.375196859125619,6.627782117427387,in-sample
era4tb_E_MXF1x_r2,14.0,10.0,2.0,0,7.36172783601759,0.02047858652022966,7.109999239373066,6.8873591409478845,7.440668257296729,in-sample
era4tb_E_MXF1x_r2,14.0,10.0,2.0,0,7.27875360095283,0.02047858652022966,7.109999239373066,6.8873591409478845,7.440668257296729,in-sample
era4tb_E_MXF1x_r2,14.0,2.5,2.6020599913279625,0,6.68124123737559,0.020478586520230612,7.109999239373066,6.8873591409478845,7.440668257296729,in-sample
era4tb_E_MXF1x_r2,21.0,10.0,2.0,0,7.79934054945358,0.02047858652022966,7.87071645231713,7.474356982276854,8.04662282745403,in-sample
era4tb_E_MXF1x_r2,21.0,10.0,2.0,0,7.61278385671974,0.02047858652022966,7.87071645231713,7.474356982276854,8.04662282745403,in-sample
era4tb_E_MXF1x_r2,21.0,2.5,2.6020599913279625,0,7.7481880270062,0.02047858652022966,7.87071645231713,7.474356982276854,8.04662282745403,in-sample
era4tb_E_MXF1x_r3,1.0,100.0,1.0,0,5.41497334797082,0.020478586520335025,5.250321256035178,5.053269711589182,5.630348778762509,in-sample
era4tb_E_MXF1x_r3,1.0,10.0,2.0,0,5.60205999132796,0.020478597731853333,5.250321256035178,5.053269711589182,5.630348778762509,in-sample
era4tb_E_MXF1x_r3,1.0,10.0,2.0,0,5.57978359661681,0.020478597731853333,5.250321256035178,5.053269711589182,5.630348778762509,in-sample
era4tb_E_MXF1x_r3,1.0,2.5,2.6020599913279625,0,5.07918124604763,0.020481230778435503,5.250321256035178,5.053269711589182,5.630348778762509,in-sample
era4tb_E_MXF1x_r3,2.0,100.0,1.0,0,4.81291335664286,0.02047858652026763,5.339420172564735,5.143151791753171,5.663006204621017,in-sample
era4tb_E_MXF1x_r3,2.0,10.0,2.0,0,5.04139268515823,0.02047859104822082,5.339420172564735,5.143151791753171,5.663006204621017,in-sample
era4tb_E_MXF1x_r3,2.0,10.0,2.0,0,4.77815125038364,0.02047859104822082,5.339420172564735,5.143151791753171,5.663006204621017,in-sample
era4tb_E_MXF1x_r3,2.0,2.5,2.6020599913279625,0,5.20411998265593,0.02047978788772709,5.339420172564735,5.143151791753171,5.663006204621017,in-sample
era4tb_E_MXF1x_r3,3.0,100.0,1.0,0,5.77815125038364,0.02047858652023601,5.4295489182237,5.273394913346026,5.729644227520456,in-sample
era4tb_E_MXF1x_r3,3.0,10.0,2.0,0,5.64345267648619,0.020478587788233898,5.4295489182237,5.273394913346026,5.729644227520456,in-sample
era4tb_E_MXF1x_r3,3.0,10.0,2.0,0,5.41497334797082,0.020478587788233898,5.4295489182237,5.273394913346026,5.729644227520456,in-sample
era4tb_E_MXF1x_r3,3.0,2.5,2.6020599913279625,0,5.68124123737559,0.020479025874015868,5.4295489182237,5.273394913346026,5.729644227520456,in-sample
era4tb_E_MXF1x_r3,7.0,10.0,2.0,0,6.46239799789896,0.020478586546308377,5.8785572493706475,5.619819089529711,6.042193046951107,in-sample
era4tb_E_MXF1x_r3,7.0,10.0,2.0,0,6.27875360095283,0.020478586546308377,5.8785572493706475,5.619819089529711,6.042193046951107,in-sample
era4tb_E_MXF1x_r3,7.0,2.5,2.6020599913279625,0,4.90308998699194,0.020478602811252952,5.8785572493706475,5.619819089529711,6.042193046951107,in-sample
era4tb_E_MXF1x_r3,10.0,100.0,1.0,0,6.41497334797082,0.02047858652022966,6.366589340379052,6.200933813504462,6.579283485361738,in-sample
era4tb_E_MXF1x_r3,10.0,10.0,2.0,0,6.44715803134222,0.02047858652024502,6.366589340379052,6.200933813504462,6.579283485361738,in-sample
era4tb_E_MXF1x_r3,10.0,2.5,2.6020599913279625,0,6.7481880270062,0.02047858655353257,6.366589340379052,6.200933813504462,6.579283485361738,in-sample
era4tb_E_MXF1x_r3,14.0,10.0,2.0,0,7.49136169383427,0.02047858652022966,7.078245613327946,6.859378534148861,7.356907051179553,in-sample
era4tb_E_MXF1x_r3,14.0,10.0,2.0,0,7.41497334797082,0.02047858652022966,7.078245613327946,6.859378534148861,7.356907051179553,in-sample
era4tb_E_MXF1x_r3,14.0,2.5,2.6020599913279625,0,6.44715803134222,0.02047858652023581,7.078245613327946,6.859378534148861,7.356907051179553,in-sample
era4tb_E_MXF1x_r3,21.0,10.0,2.0,0,7.89762709129044,0.02047858652022966,7.870360790793393,7.42737187209845,8.19960192728628,in-sample
era4tb_E_MXF1x_r3,21.0,10.0,2.0,0,7.39794000867204,0.02047858652022966,7.870360790793393,7.42737187209845,8.19960192728628,in-sample
era4tb_E_MXF1x_r3,21.0,2.5,2.6020599913279625,0,7.98227123303957,0.02047858652022966,7.870360790793393,7.42737187209845,8.19960192728628,in-sample
era4tb_E_untreated_r1,1.0,100.0,1.0,0,5.56820172406699,0.020478586520236652,5.470072917141478,5.145598334196362,5.728967962967597,in-sample
era4tb_E_untreated_r1,1.0,10.0,2.0,0,5.53147891704226,0.020478588231067234,5.470072917141478,5.145598334196362,5.728967962967597,in-sample
era4tb_E_untreated_r1,1.0,10.0,2.0,0,5.17609125905568,0.020478588231067234,5.470072917141478,5.145598334196362,5.728967962967597,in-sample
era4tb_E_untreated_r1,1.0,2.5,2.6020599913279625,0,5.20411998265593,0.020479185558234015,5.470072917141478,5.145598334196362,5.728967962967597,in-sample
era4tb_E_untreated_r1,2.0,100.0,1.0,0,5.23044892137827,0.020478586520229696,5.780459455204861,5.519687017962883,6.071796773333086,in-sample
era4tb_E_untreated_r1,2.0,10.0,2.0,0,5.46239799789896,0.020478586554023404,5.780459455204861,5.519687017962883,6.071796773333086,in-sample
era4tb_E_untreated_r1,2.0,10.0,2.0,0,5.32221929473392,0.020478586554023404,5.780459455204861,5.519687017962883,6.071796773333086,in-sample
era4tb_E_untreated_r1,2.0,2.5,2.6020599913279625,0,5.38021124171161,0.020478611275582717,5.780459455204861,5.519687017962883,6.071796773333086,in-sample
era4tb_E_untreated_r1,3.0,100.0,1.0,0,6.27875360095283,0.02047858652022966,5.989593415785559,5.709912075094275,6.21149284953519,in-sample
era4tb_E_untreated_r1,3.0,10.0,2.0,0,6.27875360095283,0.02047858652346023,5.989593415785559,5.709912075094275,6.21149284953519,in-sample
era4tb_E_untreated_r1,3.0,10.0,2.0,0,6.47712125471966,0.02047858652346023,5.989593415785559,5.709912075094275,6.21149284953519,in-sample
era4tb_E_untreated_r1,3.0,2.5,2.6020599913279625,0,6.06445798922692,0.02047859023128319,5.989593415785559,5.709912075094275,6.21149284953519,in-sample
era4tb_E_untreated_r1,7.0,100.0,1.0,0,6.69897000433602,0.02047858652022966,6.648424191561513,6.403332535719181,7.199524643495745,in-sample
era4tb_E_untreated_r1,7.0,10.0,2.0,0,6.53147891704226,0.02047858652022981,6.648424191561513,6.403332535719181,7.199524643495745,in-sample
era4tb_E_untreated_r1,7.0,10.0,2.0,0,6.36172783601759,0.02047858652022981,6.648424191561513,6.403332535719181,7.199524643495745,in-sample
era4tb_E_untreated_r1,7.0,2.5,2.6020599913279625,0,5.96378782734556,0.020478586521104156,6.648424191561513,6.403332535719181,7.199524643495745,in-sample
era4tb_E_untreated_r1,10.0,100.0,1.0,0,6.80617997398389,0.02047858652022966,6.932967512785082,6.859733597285172,7.4560890747541695,in-sample
era4tb_E_untreated_r1,10.0,10.0,2.0,0,7.04139268515823,0.02047858652022966,6.932967512785082,6.859733597285172,7.4560890747541695,in-sample
era4tb_E_untreated_r1,10.0,10.0,2.0,0,7.14612803567824,0.02047858652022966,6.932967512785082,6.859733597285172,7.4560890747541695,in-sample
era4tb_E_untreated_r1,10.0,2.5,2.6020599913279625,0,7.0,0.02047858652023459,6.932967512785082,6.859733597285172,7.4560890747541695,in-sample
era4tb_E_untreated_r1,14.0,100.0,1.0,0,7.46239799789896,0.02047858652022966,7.413780549558764,7.264777262441783,7.911222648699515,in-sample
era4tb_E_untreated_r1,14.0,10.0,2.0,0,7.63346845557959,0.02047858652022966,7.413780549558764,7.264777262441783,7.911222648699515,in-sample
era4tb_E_untreated_r1,14.0,10.0,2.0,0,7.25527250510331,0.02047858652022966,7.413780549558764,7.264777262441783,7.911222648699515,in-sample
era4tb_E_untreated_r1,14.0,2.5,2.6020599913279625,0,7.44715803134222,0.02047858652022969,7.413780549558764,7.264777262441783,7.911222648699515,in-sample
era4tb_E_untreated_r1,21.0,100.0,1.0,0,7.64345267648619,0.02047858652022966,7.864991131407583,7.317020692052635,8.391217785291968,in-sample
era4tb_E_untreated_r1,21.0,10.0,2.0,0,8.0,0.02047858652022966,7.864991131407583,7.317020692052635,8.391217785291968,in-sample
era4tb_E_untreated_r1,21.0,10.0,2.0,0,8.14612803567824,0.02047858652022966,7.864991131407583,7.317020692052635,8.391217785291968,in-sample
era4tb_E_untreated_r1,21.0,2.5,2.6020599913279625,0,7.88081359228079,0.02047858652022967,7.864991131407583,7.317020692052635,8.391217785291968,in-sample
era4tb_F_INH10x_r1,1.0,100.0,1.0,0,6.86923171973098,0.020478586520229793,5.725179654729097,5.516306553886597,6.0478964825273875,in-sample
era4tb_F_INH10x_r1,1.0,10.0,2.0,0,5.90308998699194,0.020478586600601183,5.725179654729097,5.516306553886597,6.0478964825273875,in-sample
era4tb_F_INH10x_r1,1.0,10.0,2.0,0,6.23044892137827,0.020478586600601183,5.725179654729097,5.516306553886597,6.0478964825273875,in-sample
era4tb_F_INH10x_r1,1.0,2.5,2.6020599913279625,0,6.30102999566398,0.02047863159846323,5.725179654729097,5.516306553886597,6.0478964825273875,in-sample
era4tb_F_INH10x_r1,2.0,100.0,1.0,0,5.74036268949424,0.020478586544988908,4.7651384681684235,4.627161555640201,5.057492742663688,in-sample
era4tb_F_INH10x_r1,2.0,10.0,2.0,0,4.84509804001426,0.020479283795326722,4.7651384681684235,4.627161555640201,5.057492742663688,in-sample
era4tb_F_INH10x_r1,2.0,10.0,2.0,0,5.60205999132796,0.020479283795326722,4.7651384681684235,4.627161555640201,5.057492742663688,in-sample
era4tb_F_INH10x_r1,2.0,2.5,2.6020599913279625,0,4.20411998265593,0.0205535066783144,4.7651384681684235,4.627161555640201,5.057492742663688,in-sample
era4tb_F_INH10x_r1,3.0,100.0,1.0,0,4.65321251377534,0.02047858689026938,4.503571124293036,4.358477516581415,4.752350555359926,in-sample
era4tb_F_INH10x_r1,3.0,10.0,2.0,0,4.38021124171161,0.020484266190611375,4.503571124293036,4.358477516581415,4.752350555359926,in-sample
era4tb_F_INH10x_r1,3.0,10.0,2.0,0,4.30102999566398,0.020484266190611375,4.503571124293036,4.358477516581415,4.752350555359926,in-sample
era4tb_F_INH10x_r1,3.0,2.5,2.6020599913279625,0,3.64345267648619,0.020877472517453588,4.503571124293036,4.358477516581415,4.752350555359926,in-sample
era4tb_F_INH10x_r1,7.0,100.0,1.0,0,3.14612803567824,0.02049298838267959,3.4538760063756424,3.2147957748361256,3.7420943217412557,in-sample
era4tb_F_INH10x_r1,7.0,10.0,2.0,0,3.30102999566398,0.02650543517363359,3.4538760063756424,3.2147957748361256,3.7420943217412557,in-sample
era4tb_F_INH10x_r1,7.0,2.5,2.6020599913279625,0,3.20411998265592,0.07996276539598438,3.4538760063756424,3.2147957748361256,3.7420943217412557,in-sample
era4tb_F_INH10x_r1,10.0,100.0,1.0,0,4.0,0.020479246962756274,3.839929473785917,3.5946064761283165,4.09490361921873,in-sample
era4tb_F_INH10x_r1,10.0,10.0,2.0,0,3.53655844257153,0.021369334412570586,3.839929473785917,3.5946064761283165,4.09490361921873,in-sample
era4tb_F_INH10x_r1,10.0,10.0,2.0,0,5.0,0.021369334412570586,3.839929473785917,3.5946064761283165,4.09490361921873,in-sample
era4tb_F_INH10x_r1,10.0,2.5,2.6020599913279625,0,3.64345267648619,0.03673811734408605,3.839929473785917,3.5946064761283165,4.09490361921873,in-sample
era4tb_F_INH10x_r1,15.0,100.0,1.0,0,4.55630250076729,0.020478588458991774,4.474496885098684,4.193346950441899,4.765248134165951,in-sample
era4tb_F_INH10x_r1,15.0,10.0,2.0,0,4.22530928172586,0.020494226406980127,4.474496885098684,4.193346950441899,4.765248134165951,in-sample
era4tb_F_INH10x_r1,15.0,10.0,2.0,0,4.20411998265593,0.020494226406980127,4.474496885098684,4.193346950441899,4.765248134165951,in-sample
era4tb_F_INH10x_r1,15.0,2.5,2.6020599913279625,0,4.68124123737559,0.02127454686347376,4.474496885098684,4.193346950441899,4.765248134165951,in-sample
era4tb_F_INH10x_r1,21.0,100.0,1.0,0,5.51851393987789,0.020478586520237596,5.499807310005082,5.232516916177503,5.788912361337376,in-sample
era4tb_F_INH10x_r1,21.0,10.0,2.0,0,5.19865708695442,0.02047858820674616,5.499807310005082,5.232516916177503,5.788912361337376,in-sample
era4tb_F_INH10x_r1,21.0,10.0,2.0,0,5.69897000433602,0.02047858820674616,5.499807310005082,5.232516916177503,5.788912361337376,in-sample
era4tb_F_INH10x_r1,21.0,2.5,2.6020599913279625,0,5.44715803134222,0.020479147493636773,5.499807310005082,5.232516916177503,5.788912361337376,in-sample
era4tb_F_INH10x_r2,1.0,100.0,1.0,0,6.83884909073726,0.020478586520244747,5.630418852090589,5.321392860393615,5.760178368429177,in-sample
era4tb_F_INH10x_r2,1.0,10.0,2.0,0,6.14612803567824,0.02047858811468768,5.630418852090589,5.321392860393615,5.760178368429177,in-sample
era4tb_F_INH10x_r2,1.0,10.0,2.0,0,5.77815125038364,0.02047858811468768,5.630418852090589,5.321392860393615,5.760178368429177,in-sample
era4tb_F_INH10x_r2,1.0,2.5,2.6020599913279625,0,6.68124123737559,0.020478981837067162,5.630418852090589,5.321392860393615,5.760178368429177,in-sample
era4tb_F_INH10x_r2,2.0,100.0,1.0,0,5.75587485567249,0.020478587289636536,4.702664676209885,4.3644724846930645,4.8433350914105935,in-sample
era4tb_F_INH10x_r2,2.0,10.0,2.0,0,4.77815125038364,0.0204841137431607,4.702664676209885,4.3644724846930645,4.8433350914105935,in-sample
era4tb_F_INH10x_r2,2.0,10.0,2.0,0,5.30102999566398,0.0204841137431607,4.702664676209885,4.3644724846930645,4.8433350914105935,in-sample
era4tb_F_INH10x_r2,2.0,2.5,2.6020599913279625,0,4.38021124171161,0.02078296957465476,4.702664676209885,4.3644724846930645,4.8433350914105935,in-sample
era4tb_F_INH10x_r2,3.0,100.0,1.0,0,4.66275783168157,0.020478594837649664,4.435649292389165,4.111690155531698,4.52086683254444,in-sample
era4tb_F_INH10x_r2,3.0,10.0,2.0,0,4.36172783601759,0.020510219797780203,4.435649292389165,4.111690155531698,4.52086683254444,in-sample
era4tb_F_INH10x_r2,3.0,10.0,2.0,0,4.20411998265593,0.020510219797780203,4.435649292389165,4.111690155531698,4.52086683254444,in-sample
era4tb_F_INH10x_r2,3.0,2.5,2.6020599913279625,0,3.60205999132796,0.02169403284478303,4.435649292389165,4.111690155531698,4.52086683254444,in-sample
era4tb_F_INH10x_r2,7.0,100.0,1.0,0,3.11394335230684,0.020519928363162195,3.3255465917788536,3.0904709884009636,3.6379229726435343,in-sample
era4tb_F_INH10x_r2,7.0,10.0,2.0,0,2.77815125038364,0.0311832945237866,3.3255465917788536,3.0904709884009636,3.6379229726435343,in-sample
era4tb_F_INH10x_r2,7.0,10.0,2.0,1,,0.0311832945237866,3.3255465917788536,3.0904709884009636,3.6379229726435343,in-sample
era4tb_F_INH10x_r2,7.0,2.5,2.6020599913279625,0,2.90308998699194,0.1066825770737758,3.3255465917788536,3.0904709884009636,3.6379229726435343,in-sample
era4tb_F_INH10x_r2,10.0,100.0,1.0,0,3.77815125038364,0.020480340450835532,3.7997108957533228,3.5014579356595377,3.9075219297556285,in-sample
era4tb_F_INH10x_r2,10.0,10.0,2.0,0,3.59328606702046,0.02195459284492609,3.7997108957533228,3.5014579356595377,3.9075219297556285,in-sample
era4tb_F_INH10x_r2,10.0,10.0,2.0,0,5.0,0.02195459284492609,3.7997108957533228,3.5014579356595377,3.9075219297556285,in-sample
era4tb_F_INH10x_r2,10.0,2.5,2.6020599913279625,0,3.92427928606188,0.04295149137389941,3.7997108957533228,3.5014579356595377,3.9075219297556285,in-sample
era4tb_F_INH10x_r2,15.0,100.0,1.0,0,4.55630250076729,0.020478589338272155,4.51395767572415,4.152513044015318,4.751243327730564,in-sample
era4tb_F_INH10x_r2,15.0,10.0,2.0,0,4.17609125905568,0.020497102653352414,4.51395767572415,4.152513044015318,4.751243327730564,in-sample
era4tb_F_INH10x_r2,15.0,10.0,2.0,0,4.51851393987789,0.020497102653352414,4.51395767572415,4.152513044015318,4.751243327730564,in-sample
era4tb_F_INH10x_r2,15.0,2.5,2.6020599913279625,0,4.30102999566398,0.02134307542650928,4.51395767572415,4.152513044015318,4.751243327730564,in-sample
era4tb_F_INH10x_r2,21.0,100.0,1.0,0,5.41497334797082,0.020478586520299786,5.636630946887821,5.2694806992866186,5.976833732891023,in-sample
era4tb_F_INH10x_r2,21.0,10.0,2.0,0,5.39445168082622,0.02047859234420631,5.636630946887821,5.2694806992866186,5.976833732891023,in-sample
era4tb_F_INH10x_r2,21.0,10.0,2.0,0,5.84509804001426,0.02047859234420631,5.636630946887821,5.2694806992866186,5.976833732891023,in-sample
era4tb_F_INH10x_r2,21.0,2.5,2.6020599913279625,0,5.7160033436348,0.020479708190114434,5.636630946887821,5.2694806992866186,5.976833732891023,in-sample
era4tb_F_INH10x_r3,1.0,100.0,1.0,0,6.46239799789896,0.020478586520229842,5.609596074472593,5.407446609511446,5.93888404290336,in-sample
era4tb_F_INH10x_r3,1.0,10.0,2.0,0,5.95424250943933,0.02047858666417481,5.609596074472593,5.407446609511446,5.93888404290336,in-sample
era4tb_F_INH10x_r3,1.0,10.0,2.0,0,5.95424250943933,0.02047858666417481,5.609596074472593,5.407446609511446,5.93888404290336,in-sample
era4tb_F_INH10x_r3,1.0,2.5,2.6020599913279625,0,6.44715803134222,0.02047867121443827,5.609596074472593,5.407446609511446,5.93888404290336,in-sample
era4tb_F_INH10x_r3,2.0,100.0,1.0,0,5.68124123737559,0.020478586602515017,4.6615324788706,4.455333988686291,4.931013904146738,in-sample
era4tb_F_INH10x_r3,2.0,10.0,2.0,0,4.23044892137827,0.020480559596967048,4.6615324788706,4.455333988686291,4.931013904146738,in-sample
era4tb_F_INH10x_r3,2.0,10.0,2.0,0,5.47712125471966,0.020480559596967048,4.6615324788706,4.455333988686291,4.931013904146738,in-sample
era4tb_F_INH10x_r3,2.0,2.5,2.6020599913279625,0,4.44715803134222,0.020657533605610543,4.6615324788706,4.455333988686291,4.931013904146738,in-sample
era4tb_F_INH10x_r3,3.0,100.0,1.0,0,4.51851393987789,0.020478587809053223,4.372838733115914,4.218402838708573,4.595195711046567,in-sample
era4tb_F_INH10x_r3,3.0,10.0,2.0,0,4.27875360095283,0.02049355367455372,4.372838733115914,4.218402838708573,4.595195711046567,in-sample
era4tb_F_INH10x_r3,3.0,10.0,2.0,0,4.20411998265593,0.02049355367455372,4.372838733115914,4.218402838708573,4.595195711046567,in-sample
era4tb_F_INH10x_r3,3.0,2.5,2.6020599913279625,0,3.80617997398389,0.021338737721409276,4.372838733115914,4.218402838708573,4.595195711046567,in-sample
era4tb_F_INH10x_r3,7.0,100.0,1.0,0,3.07918124604762,0.02052472011684038,3.3540284315174604,3.03220067413512,3.506727423223871,in-sample
era4tb_F_INH10x_r3,7.0,10.0,2.0,0,3.14612803567824,0.03172677605172434,3.3540284315174604,3.03220067413512,3.506727423223871,in-sample
era4tb_F_INH10x_r3,7.0,10.0,2.0,1,,0.03172677605172434,3.3540284315174604,3.03220067413512,3.506727423223871,in-sample
era4tb_F_INH10x_r3,7.0,2.5,2.6020599913279625,0,2.90308998699194,0.1097088426499358,3.3540284315174604,3.03220067413512,3.506727423223871,in-sample
era4tb_F_INH10x_r3,10.0,100.0,1.0,0,3.77815125038364,0.020479667787339725,3.7427361641288317,3.5115404220267408,4.006898754703236,in-sample
era4tb_F_INH10x_r3,10.0,10.0,2.0,0,3.61066016308988,0.021723702238671393,3.7427361641288317,3.5115404220267408,4.006898754703236,in-sample
era4tb_F_INH10x_r3,10.0,10.0,2.0,0,5.0,0.021723702238671393,3.7427361641288317,3.5115404220267408,4.006898754703236,in-sample
era4tb_F_INH10x_r3,10.0,2.5,2.6020599913279625,0,3.7481880270062,0.04121938279213011,3.7427361641288317,3.5115404220267408,4.006898754703236,in-sample
era4tb_F_INH10x_r3,15.0,100.0,1.0,0,4.89762709129044,0.020478588052554925,4.482339277158547,4.185200999141824,4.878959064356101,in-sample
era4tb_F_INH10x_r3,15.0,10.0,2.0,0,4.18752072083646,0.02049214014517529,4.482339277158547,4.185200999141824,4.878959064356101,in-sample
era4tb_F_INH10x_r3,15.0,10.0,2.0,0,4.64345267648619,0.02049214014517529,4.482339277158547,4.185200999141824,4.878959064356101,in-sample
era4tb_F_INH10x_r3,15.0,2.5,2.6020599913279625,0,4.50514997831991,0.021184819292229786,4.482339277158547,4.185200999141824,4.878959064356101,in-sample
era4tb_F_INH10x_r3,21.0,100.0,1.0,0,5.47712125471966,0.020478586520256397,5.646483652335297,5.051366007884876,5.983310584778124,in-sample
era4tb_F_INH10x_r3,21.0,10.0,2.0,0,5.16435285578444,0.02047859039212415,5.646483652335297,5.051366007884876,5.983310584778124,in-sample
era4tb_F_INH10x_r3,21.0,10.0,2.0,0,6.27875360095283,0.02047859039212415,5.646483652335297,5.051366007884876,5.983310584778124,in-sample
era4tb_F_INH10x_r3,21.0,2.5,2.6020599913279625,0,5.50514997831991,0.02047962831201682,5.646483652335297,5.051366007884876,5.983310584778124,in-sample
era4tb_F_INH1x_r1,1.0,100.0,1.0,0,6.69897000433602,0.02047858652023127,5.496349756849038,5.355260875534871,5.799050483492568,in-sample
era4tb_F_INH1x_r1,1.0,10.0,2.0,0,5.90308998699194,0.020478587026881042,5.496349756849038,5.355260875534871,5.799050483492568,in-sample
era4tb_F_INH1x_r1,1.0,10.0,2.0,0,6.14612803567824,0.020478587026881042,5.496349756849038,5.355260875534871,5.799050483492568,in-sample
era4tb_F_INH1x_r1,1.0,2.5,2.6020599913279625,0,4.64345267648619,0.020478801121610282,5.496349756849038,5.355260875534871,5.799050483492568,in-sample
era4tb_F_INH1x_r1,2.0,100.0,1.0,0,5.32221929473392,0.02047858652678685,4.895379785109111,4.721829248082412,5.092910526552804,in-sample
era4tb_F_INH1x_r1,2.0,10.0,2.0,0,4.34242268082221,0.020478880765308887,4.895379785109111,4.721829248082412,5.092910526552804,in-sample
era4tb_F_INH1x_r1,2.0,10.0,2.0,0,5.0,0.020478880765308887,4.895379785109111,4.721829248082412,5.092910526552804,in-sample
era4tb_F_INH1x_r1,2.0,2.5,2.6020599913279625,0,4.38021124171161,0.02051770108024518,4.895379785109111,4.721829248082412,5.092910526552804,in-sample
era4tb_F_INH1x_r1,3.0,100.0,1.0,0,4.5910646070265,0.02047858670078517,4.592348329147844,4.385122626455687,4.809878767704976,in-sample
era4tb_F_INH1x_r1,3.0,10.0,2.0,0,4.11394335230684,0.02048210997371658,4.592348329147844,4.385122626455687,4.809878767704976,in-sample
era4tb_F_INH1x_r1,3.0,2.5,2.6020599913279625,0,4.77815125038364,0.020757355889571453,4.592348329147844,4.385122626455687,4.809878767704976,in-sample
era4tb_F_INH1x_r1,7.0,100.0,1.0,0,3.5910646070265,0.02051993852283286,3.3802225053027755,3.038296139948791,3.8000437982040487,in-sample
era4tb_F_INH1x_r1,7.0,10.0,2.0,0,3.17609125905568,0.030570185428383394,3.3802225053027755,3.038296139948791,3.8000437982040487,in-sample
era4tb_F_INH1x_r1,7.0,10.0,2.0,0,3.47712125471966,0.030570185428383394,3.3802225053027755,3.038296139948791,3.8000437982040487,in-sample
era4tb_F_INH1x_r1,7.0,2.5,2.6020599913279625,0,2.60205999132796,0.09994944685382921,3.3802225053027755,3.038296139948791,3.8000437982040487,in-sample
era4tb_F_INH1x_r1,10.0,100.0,1.0,0,3.95424250943932,0.020479521738670327,3.817527831241823,3.536805917605945,4.182222344719182,in-sample
era4tb_F_INH1x_r1,10.0,10.0,2.0,0,3.54654266347813,0.021427886286435542,3.817527831241823,3.536805917605945,4.182222344719182,in-sample
era4tb_F_INH1x_r1,10.0,10.0,2.0,1,,0.021427886286435542,3.817527831241823,3.536805917605945,4.182222344719182,in-sample
era4tb_F_INH1x_r1,10.0,2.5,2.6020599913279625,0,3.7481880270062,0.03637978348273484,3.817527831241823,3.536805917605945,4.182222344719182,in-sample
era4tb_F_INH1x_r1,15.0,100.0,1.0,0,5.04139268515823,0.020478586916786876,4.613175333862355,4.368446103123505,4.854921568162399,in-sample
era4tb_F_INH1x_r1,15.0,10.0,2.0,0,4.49415459401844,0.020483160427464082,4.613175333862355,4.368446103123505,4.854921568162399,in-sample
era4tb_F_INH1x_r1,15.0,10.0,2.0,0,4.46239799789896,0.020483160427464082,4.613175333862355,4.368446103123505,4.854921568162399,in-sample
era4tb_F_INH1x_r1,15.0,2.5,2.6020599913279625,0,4.50514997831991,0.02077573047419441,4.613175333862355,4.368446103123505,4.854921568162399,in-sample
era4tb_F_INH1x_r1,21.0,100.0,1.0,0,5.69019608002851,0.02047858652043148,5.521284026370311,5.081083178966361,5.870295946572983,in-sample
era4tb_F_INH1x_r1,21.0,10.0,2.0,0,5.31806333496276,0.020478600814973914,5.521284026370311,5.081083178966361,5.870295946572983,in-sample
era4tb_F_INH1x_r1,21.0,10.0,2.0,0,5.84509804001426,0.020478600814973914,5.521284026370311,5.081083178966361,5.870295946572983,in-sample
era4tb_F_INH1x_r1,21.0,2.5,2.6020599913279625,0,5.77815125038364,0.020481021782039546,5.521284026370311,5.081083178966361,5.870295946572983,in-sample
era4tb_F_INH1x_r2,1.0,100.0,1.0,0,7.01703333929878,0.02047858652023257,5.579102351133163,5.304662568914923,5.824435311204937,in-sample
era4tb_F_INH1x_r2,1.0,10.0,2.0,0,6.17609125905568,0.020478587227506374,5.579102351133163,5.304662568914923,5.824435311204937,in-sample
era4tb_F_INH1x_r2,1.0,10.0,2.0,0,6.20411998265593,0.020478587227506374,5.579102351133163,5.304662568914923,5.824435311204937,in-sample
era4tb_F_INH1x_r2,1.0,2.5,2.6020599913279625,0,4.44715803134222,0.020478851019665303,5.579102351133163,5.304662568914923,5.824435311204937,in-sample
era4tb_F_INH1x_r2,2.0,100.0,1.0,0,5.53147891704226,0.020478586533389086,4.862942484010955,4.675541472420704,5.241065776196099,in-sample
era4tb_F_INH1x_r2,2.0,10.0,2.0,0,4.20411998265593,0.020478994544032552,4.862942484010955,4.675541472420704,5.241065776196099,in-sample
era4tb_F_INH1x_r2,2.0,10.0,2.0,0,4.90308998699194,0.020478994544032552,4.862942484010955,4.675541472420704,5.241065776196099,in-sample
era4tb_F_INH1x_r2,2.0,2.5,2.6020599913279625,0,4.50514997831991,0.020524571252018124,4.862942484010955,4.675541472420704,5.241065776196099,in-sample
era4tb_F_INH1x_r2,3.0,100.0,1.0,0,4.54406804435028,0.020478586750744505,4.600687786041769,4.4017857815248735,4.968555232078104,in-sample
era4tb_F_INH1x_r2,3.0,10.0,2.0,0,4.34242268082221,0.020482061252614613,4.600687786041769,4.4017857815248735,4.968555232078104,in-sample
era4tb_F_INH1x_r2,3.0,10.0,2.0,0,4.04139268515823,0.020482061252614613,4.600687786041769,4.4017857815248735,4.968555232078104,in-sample
era4tb_F_INH1x_r2,3.0,2.5,2.6020599913279625,0,4.68124123737559,0.02072847536861997,4.600687786041769,4.4017857815248735,4.968555232078104,in-sample
era4tb_F_INH1x_r2,7.0,100.0,1.0,0,3.34242268082221,0.020487318297306194,3.518886064618404,3.264330891860628,3.8704681357666466,in-sample
era4tb_F_INH1x_r2,7.0,10.0,2.0,0,3.25527250510331,0.02429238879865205,3.518886064618404,3.264330891860628,3.8704681357666466,in-sample
era4tb_F_INH1x_r2,7.0,10.0,2.0,0,3.77815125038364,0.02429238879865205,3.518886064618404,3.264330891860628,3.8704681357666466,in-sample
era4tb_F_INH1x_r2,7.0,2.5,2.6020599913279625,0,3.30102999566398,0.06195404286263633,3.518886064618404,3.264330891860628,3.8704681357666466,in-sample
era4tb_F_INH1x_r2,10.0,100.0,1.0,0,3.90308998699194,0.02047869062653198,3.99315741816231,3.823728941956451,4.2478607809582725,in-sample
era4tb_F_INH1x_r2,10.0,10.0,2.0,0,3.53402610605613,0.02072385409209137,3.99315741816231,3.823728941956451,4.2478607809582725,in-sample
era4tb_F_INH1x_r2,10.0,10.0,2.0,1,,0.02072385409209137,3.99315741816231,3.823728941956451,4.2478607809582725,in-sample
era4tb_F_INH1x_r2,10.0,2.5,2.6020599913279625,0,3.68124123737559,0.026826885049505107,3.99315741816231,3.823728941956451,4.2478607809582725,in-sample
era4tb_F_INH1x_r2,15.0,100.0,1.0,0,5.07918124604763,0.020478586767630185,4.790367175656712,4.452663061742999,5.10963329874911,in-sample
era4tb_F_INH1x_r2,15.0,10.0,2.0,0,4.46834733041216,0.02048170631712493,4.790367175656712,4.452663061742999,5.10963329874911,in-sample
era4tb_F_INH1x_r2,15.0,10.0,2.0,0,4.73239375982297,0.02048170631712493,4.790367175656712,4.452663061742999,5.10963329874911,in-sample
era4tb_F_INH1x_r2,15.0,2.5,2.6020599913279625,0,4.64345267648619,0.020685508369758132,4.790367175656712,4.452663061742999,5.10963329874911,in-sample
era4tb_F_INH1x_r2,21.0,100.0,1.0,0,5.80617997398389,0.02047858652027208,5.466890903592336,5.100811989667105,6.130063889228786,in-sample
era4tb_F_INH1x_r2,21.0,10.0,2.0,0,5.40823996531185,0.02047859091384537,5.466890903592336,5.100811989667105,6.130063889228786,in-sample
era4tb_F_INH1x_r2,21.0,10.0,2.0,0,5.95424250943933,0.02047859091384537,5.466890903592336,5.100811989667105,6.130063889228786,in-sample
era4tb_F_INH1x_r2,21.0,2.5,2.6020599913279625,0,5.64345267648619,0.020479638860735047,5.466890903592336,5.100811989667105,6.130063889228786,in-sample
era4tb_F_INH1x_r3,1.0,100.0,1.0,0,6.90848501887865,0.020478586520234984,5.464904241280214,5.254212568651991,5.645932247763496,in-sample
era4tb_F_INH1x_r3,1.0,10.0,2.0,0,5.95424250943933,0.020478587683994583,5.464904241280214,5.254212568651991,5.645932247763496,in-sample
era4tb_F_INH1x_r3,1.0,10.0,2.0,0,6.04139268515823,0.020478587683994583,5.464904241280214,5.254212568651991,5.645932247763496,in-sample
era4tb_F_INH1x_r3,1.0,2.5,2.6020599913279625,0,4.55630250076729,0.020479021090569906,5.464904241280214,5.254212568651991,5.645932247763496,in-sample
era4tb_F_INH1x_r3,2.0,100.0,1.0,0,5.38021124171161,0.020478586553877895,4.721227376497148,4.57832780423635,5.109234976247541,in-sample
era4tb_F_INH1x_r3,2.0,10.0,2.0,0,4.38021124171161,0.020479479593592954,4.721227376497148,4.57832780423635,5.109234976247541,in-sample
era4tb_F_INH1x_r3,2.0,10.0,2.0,0,4.90308998699194,0.020479479593592954,4.721227376497148,4.57832780423635,5.109234976247541,in-sample
era4tb_F_INH1x_r3,2.0,2.5,2.6020599913279625,0,4.50514997831991,0.020568256448583216,4.721227376497148,4.57832780423635,5.109234976247541,in-sample
era4tb_F_INH1x_r3,3.0,100.0,1.0,0,4.75587485567249,0.020478587000057405,4.483572539866135,4.35840880704709,4.758070297623968,in-sample
era4tb_F_INH1x_r3,3.0,10.0,2.0,0,4.32221929473392,0.02048514317958763,4.483572539866135,4.35840880704709,4.758070297623968,in-sample
era4tb_F_INH1x_r3,3.0,10.0,2.0,0,4.11394335230684,0.02048514317958763,4.483572539866135,4.35840880704709,4.758070297623968,in-sample
era4tb_F_INH1x_r3,3.0,2.5,2.6020599913279625,0,4.55630250076729,0.02090798605340185,4.483572539866135,4.35840880704709,4.758070297623968,in-sample
era4tb_F_INH1x_r3,7.0,100.0,1.0,0,3.43136376415899,0.020488980013865597,3.414721654246803,3.3237134933237544,3.6118896990422615,in-sample
era4tb_F_INH1x_r3,7.0,10.0,2.0,0,3.25527250510331,0.02584311339366161,3.414721654246803,3.3237134933237544,3.6118896990422615,in-sample
era4tb_F_INH1x_r3,7.0,10.0,2.0,0,3.60205999132796,0.02584311339366161,3.414721654246803,3.3237134933237544,3.6118896990422615,in-sample
era4tb_F_INH1x_r3,7.0,2.5,2.6020599913279625,0,3.38021124171161,0.07831781559626715,3.414721654246803,3.3237134933237544,3.6118896990422615,in-sample
era4tb_F_INH1x_r3,10.0,100.0,1.0,0,3.84509804001426,0.020478863943853325,3.863092429489787,3.7052776512399013,4.114711864314873,in-sample
era4tb_F_INH1x_r3,10.0,10.0,2.0,0,3.60205999132796,0.020971406781351738,3.863092429489787,3.7052776512399013,4.114711864314873,in-sample
era4tb_F_INH1x_r3,10.0,10.0,2.0,1,,0.020971406781351738,3.863092429489787,3.7052776512399013,4.114711864314873,in-sample
era4tb_F_INH1x_r3,10.0,2.5,2.6020599913279625,0,3.7481880270062,0.031187603862923883,3.863092429489787,3.7052776512399013,4.114711864314873,in-sample
era4tb_F_INH1x_r3,15.0,100.0,1.0,0,4.90308998699194,0.020478586914271728,4.680522869429831,4.336088707508133,5.018867110161741,in-sample
era4tb_F_INH1x_r3,15.0,10.0,2.0,0,4.42160392686983,0.02048328663803314,4.680522869429831,4.336088707508133,5.018867110161741,in-sample
era4tb_F_INH1x_r3,15.0,10.0,2.0,0,4.36172783601759,0.02048328663803314,4.680522869429831,4.336088707508133,5.018867110161741,in-sample
era4tb_F_INH1x_r3,15.0,2.5,2.6020599913279625,0,4.68124123737559,0.020776714872998276,4.680522869429831,4.336088707508133,5.018867110161741,in-sample
era4tb_F_INH1x_r3,21.0,100.0,1.0,0,5.81291335664286,0.02047858652040456,5.504800495898019,5.0715852328561954,5.990430324853308,in-sample
era4tb_F_INH1x_r3,21.0,10.0,2.0,0,5.44404479591808,0.020478600922420948,5.504800495898019,5.0715852328561954,5.990430324853308,in-sample
era4tb_F_INH1x_r3,21.0,10.0,2.0,0,5.47712125471966,0.020478600922420948,5.504800495898019,5.0715852328561954,5.990430324853308,in-sample
era4tb_F_INH1x_r3,21.0,2.5,2.6020599913279625,0,5.7160033436348,0.02048104930011467,5.504800495898019,5.0715852328561954,5.990430324853308,in-sample
era4tb_F_MXF10x_r1,1.0,100.0,1.0,0,6.23044892137827,0.020478586520245933,5.552006475623754,5.269199989414522,5.742076593399668,in-sample
era4tb_F_MXF10x_r1,1.0,10.0,2.0,0,5.30102999566398,0.020478588390467352,5.552006475623754,5.269199989414522,5.742076593399668,in-sample
era4tb_F_MXF10x_r1,1.0,10.0,2.0,0,5.47712125471966,0.020478588390467352,5.552006475623754,5.269199989414522,5.742076593399668,in-sample
era4tb_F_MXF10x_r1,1.0,2.5,2.6020599913279625,0,5.60205999132796,0.020479089870218032,5.552006475623754,5.269199989414522,5.742076593399668,in-sample
era4tb_F_MXF10x_r1,2.0,100.0,1.0,0,5.69897000433602,0.020478586522377617,5.021301796605346,4.840888237584626,5.232982862636164,in-sample
era4tb_F_MXF10x_r1,2.0,10.0,2.0,0,5.0,0.020478689603547408,5.021301796605346,4.840888237584626,5.232982862636164,in-sample
era4tb_F_MXF10x_r1,2.0,2.5,2.6020599913279625,0,4.44715803134222,0.020494068368854257,5.021301796605346,4.840888237584626,5.232982862636164,in-sample
era4tb_F_MXF10x_r1,3.0,100.0,1.0,0,4.77815125038364,0.02047858654791884,4.814859917111859,4.639462475172167,5.007562603768672,in-sample
era4tb_F_MXF10x_r1,3.0,10.0,2.0,0,4.23044892137827,0.020479265817082096,4.814859917111859,4.639462475172167,5.007562603768672,in-sample
era4tb_F_MXF10x_r1,3.0,10.0,2.0,0,4.34242268082221,0.020479265817082096,4.814859917111859,4.639462475172167,5.007562603768672,in-sample
era4tb_F_MXF10x_r1,3.0,2.5,2.6020599913279625,0,4.60205999132796,0.02054892402471288,4.814859917111859,4.639462475172167,5.007562603768672,in-sample
era4tb_F_MXF10x_r1,7.0,100.0,1.0,0,3.69897000433602,0.020478890168639245,3.9108877254077274,3.7269452961512086,4.3042248788115405,in-sample
era4tb_F_MXF10x_r1,7.0,10.0,2.0,0,3.85733249643127,0.020942298732890722,3.9108877254077274,3.7269452961512086,4.3042248788115405,in-sample
era4tb_F_MXF10x_r1,7.0,10.0,2.0,0,3.84509804001426,0.020942298732890722,3.9108877254077274,3.7269452961512086,4.3042248788115405,in-sample
era4tb_F_MXF10x_r1,7.0,2.5,2.6020599913279625,0,3.7481880270062,0.030164650359462943,3.9108877254077274,3.7269452961512086,4.3042248788115405,in-sample
era4tb_F_MXF10x_r1,10.0,100.0,1.0,0,3.68124123737559,0.020484867296228105,3.5137723443588955,3.3418435307545873,3.844337877533887,in-sample
era4tb_F_MXF10x_r1,10.0,10.0,2.0,0,3.44090908206522,0.024076433666174086,3.5137723443588955,3.3418435307545873,3.844337877533887,in-sample
era4tb_F_MXF10x_r1,10.0,10.0,2.0,0,3.60205999132796,0.024076433666174086,3.5137723443588955,3.3418435307545873,3.844337877533887,in-sample
era4tb_F_MXF10x_r1,10.0,2.5,2.6020599913279625,0,3.50514997831991,0.06297505540516665,3.5137723443588955,3.3418435307545873,3.844337877533887,in-sample
era4tb_F_MXF10x_r1,15.0,100.0,1.0,0,2.95424250943932,0.021081531569120973,2.8120426227758313,2.6816953580486205,3.2656803197388617,in-sample
era4tb_F_MXF10x_r1,15.0,10.0,2.0,0,3.01703333929878,0.07255093934801131,2.8120426227758313,2.6816953580486205,3.2656803197388617,in-sample
era4tb_F_MXF10x_r1,15.0,10.0,2.0,0,3.60205999132796,0.07255093934801131,2.8120426227758313,2.6816953580486205,3.2656803197388617,in-sample
era4tb_F_MXF10x_r1,15.0,2.5,2.6020599913279625,0,2.90308998699194,0.2546842083032641,2.8120426227758313,2.6816953580486205,3.2656803197388617,in-sample
era4tb_F_MXF10x_r1,21.0,100.0,1.0,0,2.0,0.03813275436674047,2.2597172130091865,1.9188076395314855,2.7077024083756385,in-sample
era4tb_F_MXF10x_r1,21.0,10.0,2.0,0,2.41497334797082,0.28160990683464265,2.2597172130091865,1.9188076395314855,2.7077024083756385,in-sample
era4tb_F_MXF10x_r1,21.0,10.0,2.0,1,,0.28160990683464265,2.2597172130091865,1.9188076395314855,2.7077024083756385,in-sample
era4tb_F_MXF10x_r1,21.0,2.5,2.6020599913279625,1,,0.5805434831493863,2.2597172130091865,1.9188076395314855,2.7077024083756385,in-sample
era4tb_F_MXF10x_r2,1.0,100.0,1.0,0,6.14612803567824,0.020478586520235913,5.518152113554857,5.260216544004614,5.657678267158003,in-sample
era4tb_F_MXF10x_r2,1.0,10.0,2.0,0,5.47712125471966,0.020478587749564157,5.518152113554857,5.260216544004614,5.657678267158003,in-sample
era4tb_F_MXF10x_r2,1.0,10.0,2.0,0,5.69897000433602,0.020478587749564157,5.518152113554857,5.260216544004614,5.657678267158003,in-sample
era4tb_F_MXF10x_r2,1.0,2.5,2.6020599913279625,0,5.90308998699194,0.020479011526140088,5.518152113554857,5.260216544004614,5.657678267158003,in-sample
era4tb_F_MXF10x_r2,2.0,100.0,1.0,0,5.17609125905568,0.020478586523264692,4.998741149180687,4.764919680433862,5.144576062230636,in-sample
era4tb_F_MXF10x_r2,2.0,10.0,2.0,0,5.04139268515823,0.020478727121765565,4.998741149180687,4.764919680433862,5.144576062230636,in-sample
era4tb_F_MXF10x_r2,2.0,2.5,2.6020599913279625,0,4.44715803134222,0.020498801995821582,4.998741149180687,4.764919680433862,5.144576062230636,in-sample
era4tb_F_MXF10x_r2,3.0,100.0,1.0,0,4.79239168949825,0.020478586570816228,4.75114855952265,4.525788440168387,4.872125591799386,in-sample
era4tb_F_MXF10x_r2,3.0,10.0,2.0,0,4.20411998265593,0.02047965664214059,4.75114855952265,4.525788440168387,4.872125591799386,in-sample
era4tb_F_MXF10x_r2,3.0,10.0,2.0,0,4.34242268082221,0.02047965664214059,4.75114855952265,4.525788440168387,4.872125591799386,in-sample
era4tb_F_MXF10x_r2,3.0,2.5,2.6020599913279625,0,4.55630250076729,0.020579664664803342,4.75114855952265,4.525788440168387,4.872125591799386,in-sample
era4tb_F_MXF10x_r2,7.0,100.0,1.0,0,4.25527250510331,0.020479836008313237,3.845599088835953,3.511504615041565,4.007668161165373,in-sample
era4tb_F_MXF10x_r2,7.0,10.0,2.0,0,3.7481880270062,0.02154547755435717,3.845599088835953,3.511504615041565,4.007668161165373,in-sample
era4tb_F_MXF10x_r2,7.0,10.0,2.0,0,3.30102999566398,0.02154547755435717,3.845599088835953,3.511504615041565,4.007668161165373,in-sample
era4tb_F_MXF10x_r2,7.0,2.5,2.6020599913279625,0,3.7481880270062,0.0377372654844265,3.845599088835953,3.511504615041565,4.007668161165373,in-sample
era4tb_F_MXF10x_r2,10.0,100.0,1.0,0,3.64345267648619,0.020487750616015796,3.483717523030393,3.2854572390700265,3.868055461817836,in-sample
era4tb_F_MXF10x_r2,10.0,10.0,2.0,0,3.37106786227174,0.0249605891965987,3.483717523030393,3.2854572390700265,3.868055461817836,in-sample
era4tb_F_MXF10x_r2,10.0,10.0,2.0,0,3.0,0.0249605891965987,3.483717523030393,3.2854572390700265,3.868055461817836,in-sample
era4tb_F_MXF10x_r2,10.0,2.5,2.6020599913279625,0,3.30102999566398,0.06969456454481289,3.483717523030393,3.2854572390700265,3.868055461817836,in-sample
era4tb_F_MXF10x_r2,15.0,100.0,1.0,0,3.0,0.020737371251576896,3.0363200438613616,2.7915081261720425,3.5544467347887836,in-sample
era4tb_F_MXF10x_r2,15.0,10.0,2.0,0,2.94448267215017,0.05169357104556622,3.0363200438613616,2.7915081261720425,3.5544467347887836,in-sample
era4tb_F_MXF10x_r2,15.0,10.0,2.0,0,3.0,0.05169357104556622,3.0363200438613616,2.7915081261720425,3.5544467347887836,in-sample
era4tb_F_MXF10x_r2,15.0,2.5,2.6020599913279625,0,3.07918124604762,0.18838820757744215,3.0363200438613616,2.7915081261720425,3.5544467347887836,in-sample
era4tb_F_MXF10x_r2,21.0,100.0,1.0,0,2.90308998699194,0.02162928018543138,2.8894073468539583,2.4856249506351205,3.318976045650108,in-sample
era4tb_F_MXF10x_r2,21.0,10.0,2.0,0,2.92427928606188,0.08356644294769419,2.8894073468539583,2.4856249506351205,3.318976045650108,in-sample
era4tb_F_MXF10x_r2,21.0,10.0,2.0,0,3.30102999566398,0.08356644294769419,2.8894073468539583,2.4856249506351205,3.318976045650108,in-sample
era4tb_F_MXF10x_r2,21.0,2.5,2.6020599913279625,0,3.07918124604762,0.27181781405485733,2.8894073468539583,2.4856249506351205,3.318976045650108,in-sample
era4tb_F_MXF10x_r3,1.0,100.0,1.0,0,6.11394335230684,0.02047858652025407,5.528989649807402,5.270453389703813,5.614467434941091,in-sample
era4tb_F_MXF10x_r3,1.0,10.0,2.0,0,5.47712125471966,0.02047858902141527,5.528989649807402,5.270453389703813,5.614467434941091,in-sample
era4tb_F_MXF10x_r3,1.0,10.0,2.0,0,5.30102999566398,0.02047858902141527,5.528989649807402,5.270453389703813,5.614467434941091,in-sample
era4tb_F_MXF10x_r3,1.0,2.5,2.6020599913279625,0,5.90308998699194,0.020479220263592057,5.528989649807402,5.270453389703813,5.614467434941091,in-sample
era4tb_F_MXF10x_r3,2.0,100.0,1.0,0,5.38021124171161,0.02047858652731779,4.987318503279492,4.740301904646299,5.116220648617743,in-sample
era4tb_F_MXF10x_r3,2.0,10.0,2.0,0,4.34242268082221,0.020478792786042567,4.987318503279492,4.740301904646299,5.116220648617743,in-sample
era4tb_F_MXF10x_r3,2.0,10.0,2.0,0,4.90308998699194,0.020478792786042567,4.987318503279492,4.740301904646299,5.116220648617743,in-sample
era4tb_F_MXF10x_r3,2.0,2.5,2.6020599913279625,0,4.60205999132796,0.02050327569460654,4.987318503279492,4.740301904646299,5.116220648617743,in-sample
era4tb_F_MXF10x_r3,3.0,100.0,1.0,0,4.66275783168157,0.020478586570676208,4.7908388383694,4.598524978356345,4.871191214022988,in-sample
era4tb_F_MXF10x_r3,3.0,10.0,2.0,0,4.27875360095283,0.02047955989836057,4.7908388383694,4.598524978356345,4.871191214022988,in-sample
era4tb_F_MXF10x_r3,3.0,10.0,2.0,0,4.43136376415899,0.02047955989836057,4.7908388383694,4.598524978356345,4.871191214022988,in-sample
era4tb_F_MXF10x_r3,3.0,2.5,2.6020599913279625,0,4.38021124171161,0.02056826670875188,4.7908388383694,4.598524978356345,4.871191214022988,in-sample
era4tb_F_MXF10x_r3,7.0,100.0,1.0,0,4.20411998265593,0.020478829017888722,3.9115797532051673,3.739799949167419,4.219570041430332,in-sample
era4tb_F_MXF10x_r3,7.0,10.0,2.0,0,3.84509804001426,0.02091275572032276,3.9115797532051673,3.739799949167419,4.219570041430332,in-sample
era4tb_F_MXF10x_r3,7.0,10.0,2.0,0,3.90308998699194,0.02091275572032276,3.9115797532051673,3.739799949167419,4.219570041430332,in-sample
era4tb_F_MXF10x_r3,7.0,2.5,2.6020599913279625,0,3.7160033436348,0.03013174309665078,3.9115797532051673,3.739799949167419,4.219570041430332,in-sample
era4tb_F_MXF10x_r3,10.0,100.0,1.0,0,3.69019608002851,0.020484636721533566,3.592228651972989,3.3307979704757695,3.9508455290961773,in-sample
era4tb_F_MXF10x_r3,10.0,10.0,2.0,0,3.42160392686983,0.023743404507169958,3.592228651972989,3.3307979704757695,3.9508455290961773,in-sample
era4tb_F_MXF10x_r3,10.0,10.0,2.0,0,3.84509804001426,0.023743404507169958,3.592228651972989,3.3307979704757695,3.9508455290961773,in-sample
era4tb_F_MXF10x_r3,10.0,2.5,2.6020599913279625,0,2.90308998699194,0.059453917712770595,3.592228651972989,3.3307979704757695,3.9508455290961773,in-sample
era4tb_F_MXF10x_r3,15.0,100.0,1.0,0,3.07918124604762,0.021145679638317146,3.0865092626518154,2.6174493021432004,3.498141749595005,in-sample
era4tb_F_MXF10x_r3,15.0,10.0,2.0,0,2.93449845124357,0.06459262363144685,3.0865092626518154,2.6174493021432004,3.498141749595005,in-sample
era4tb_F_MXF10x_r3,15.0,10.0,2.0,0,3.69897000433602,0.06459262363144685,3.0865092626518154,2.6174493021432004,3.498141749595005,in-sample
era4tb_F_MXF10x_r3,15.0,2.5,2.6020599913279625,0,3.20411998265592,0.21791407897948561,3.0865092626518154,2.6174493021432004,3.498141749595005,in-sample
era4tb_F_MXF10x_r3,21.0,100.0,1.0,0,2.30102999566398,0.029790858989347854,2.355028806336978,2.1028239672525673,2.610625144737983,in-sample
era4tb_F_MXF10x_r3,21.0,10.0,2.0,0,2.30102999566398,0.22802760870233996,2.355028806336978,2.1028239672525673,2.610625144737983,in-sample
era4tb_F_MXF10x_r3,21.0,10.0,2.0,1,,0.22802760870233996,2.355028806336978,2.1028239672525673,2.610625144737983,in-sample
era4tb_F_MXF10x_r3,21.0,2.5,2.6020599913279625,0,2.60205999132796,0.5314681617142126,2.355028806336978,2.1028239672525673,2.610625144737983,in-sample
era4tb_F_MXF1x_r1,1.0,100.0,1.0,0,6.88081359228079,0.02047858652022966,6.246067480238916,6.147427524364463,6.4250238193902085,in-sample
era4tb_F_MXF1x_r1,1.0,10.0,2.0,0,6.17609125905568,0.020478586520268675,6.246067480238916,6.147427524364463,6.4250238193902085,in-sample
era4tb_F_MXF1x_r1,1.0,10.0,2.0,0,6.17609125905568,0.020478586520268675,6.246067480238916,6.147427524364463,6.4250238193902085,in-sample
era4tb_F_MXF1x_r1,1.0,2.5,2.6020599913279625,1,,0.020478586592722666,6.246067480238916,6.147427524364463,6.4250238193902085,in-sample
era4tb_F_MXF1x_r1,2.0,100.0,1.0,0,6.98227123303957,0.02047858652022966,6.253461404718425,6.176957227811276,6.395006653902628,in-sample
era4tb_F_MXF1x_r1,2.0,10.0,2.0,0,4.27875360095283,0.02047858652027091,6.253461404718425,6.176957227811276,6.395006653902628,in-sample
era4tb_F_MXF1x_r1,2.0,10.0,2.0,0,6.95424250943933,0.02047858652027091,6.253461404718425,6.176957227811276,6.395006653902628,in-sample
era4tb_F_MXF1x_r1,2.0,2.5,2.6020599913279625,0,4.68124123737559,0.020478586593614092,6.253461404718425,6.176957227811276,6.395006653902628,in-sample
era4tb_F_MXF1x_r1,3.0,100.0,1.0,0,7.7160033436348,0.02047858652022966,6.350081707741627,6.252142431109798,6.458469139067706,in-sample
era4tb_F_MXF1x_r1,3.0,10.0,2.0,0,6.04139268515823,0.020478586520249843,6.350081707741627,6.252142431109798,6.458469139067706,in-sample
era4tb_F_MXF1x_r1,3.0,10.0,2.0,0,7.23044892137827,0.020478586520249843,6.350081707741627,6.252142431109798,6.458469139067706,in-sample
era4tb_F_MXF1x_r1,3.0,2.5,2.6020599913279625,0,5.30102999566398,0.020478586555741193,6.350081707741627,6.252142431109798,6.458469139067706,in-sample
era4tb_F_MXF1x_r1,7.0,100.0,1.0,0,7.77085201164214,0.02047858652022966,6.683850584855844,6.385497819359468,6.906885268752966,in-sample
era4tb_F_MXF1x_r1,7.0,10.0,2.0,0,6.16435285578444,0.020478586520233148,6.683850584855844,6.385497819359468,6.906885268752966,in-sample
era4tb_F_MXF1x_r1,7.0,10.0,2.0,0,6.95424250943933,0.020478586520233148,6.683850584855844,6.385497819359468,6.906885268752966,in-sample
era4tb_F_MXF1x_r1,7.0,2.5,2.6020599913279625,0,6.38021124171161,0.020478586527028095,6.683850584855844,6.385497819359468,6.906885268752966,in-sample
era4tb_F_MXF1x_r1,10.0,100.0,1.0,0,8.92427928606188,0.02047858652022966,7.159683102754363,6.776460250292871,7.25340759433522,in-sample
era4tb_F_MXF1x_r1,10.0,10.0,2.0,0,6.37291200297011,0.020478586520229665,7.159683102754363,6.776460250292871,7.25340759433522,in-sample
era4tb_F_MXF1x_r1,10.0,10.0,2.0,0,8.07918124604763,0.020478586520229665,7.159683102754363,6.776460250292871,7.25340759433522,in-sample
era4tb_F_MXF1x_r1,10.0,2.5,2.6020599913279625,0,6.55630250076729,0.02047858652024926,7.159683102754363,6.776460250292871,7.25340759433522,in-sample
era4tb_F_MXF1x_r1,15.0,100.0,1.0,0,8.36172783601759,0.02047858652022966,7.7857464528705425,7.413600928510013,8.009277242521733,in-sample
era4tb_F_MXF1x_r1,15.0,10.0,2.0,0,6.55144999797287,0.02047858652022966,7.7857464528705425,7.413600928510013,8.009277242521733,in-sample
era4tb_F_MXF1x_r1,15.0,10.0,2.0,0,7.38021124171161,0.02047858652022966,7.7857464528705425,7.413600928510013,8.009277242521733,in-sample
era4tb_F_MXF1x_r1,15.0,2.5,2.6020599913279625,0,7.50514997831991,0.02047858652022966,7.7857464528705425,7.413600928510013,8.009277242521733,in-sample
era4tb_F_MXF1x_r1,21.0,100.0,1.0,0,9.15836249209525,0.02047858652022966,8.154119649079945,7.926442917257813,8.73545851599437,in-sample
era4tb_F_MXF1x_r1,21.0,10.0,2.0,0,7.45331834004704,0.02047858652022966,8.154119649079945,7.926442917257813,8.73545851599437,in-sample
era4tb_F_MXF1x_r1,21.0,10.0,2.0,0,8.44715803134222,0.02047858652022966,8.154119649079945,7.926442917257813,8.73545851599437,in-sample
era4tb_F_MXF1x_r1,21.0,2.5,2.6020599913279625,0,8.44715803134222,0.02047858652022966,8.154119649079945,7.926442917257813,8.73545851599437,in-sample
era4tb_F_MXF1x_r2,1.0,100.0,1.0,0,6.70757017609794,0.02047858652022966,6.301848362998522,5.981638323228338,6.493743352526199,in-sample
era4tb_F_MXF1x_r2,1.0,10.0,2.0,0,5.95424250943933,0.020478586520405108,6.301848362998522,5.981638323228338,6.493743352526199,in-sample
era4tb_F_MXF1x_r2,1.0,10.0,2.0,0,6.04139268515823,0.020478586520405108,6.301848362998522,5.981638323228338,6.493743352526199,in-sample
era4tb_F_MXF1x_r2,1.0,2.5,2.6020599913279625,1,,0.02047858676145584,6.301848362998522,5.981638323228338,6.493743352526199,in-sample
era4tb_F_MXF1x_r2,2.0,100.0,1.0,0,6.95424250943933,0.02047858652022966,6.25948905858723,6.002410375686718,6.564329359065219,in-sample
era4tb_F_MXF1x_r2,2.0,10.0,2.0,0,4.39794000867204,0.020478586520449416,6.25948905858723,6.002410375686718,6.564329359065219,in-sample
era4tb_F_MXF1x_r2,2.0,10.0,2.0,0,6.90308998699194,0.020478586520449416,6.25948905858723,6.002410375686718,6.564329359065219,in-sample
era4tb_F_MXF1x_r2,2.0,2.5,2.6020599913279625,0,4.88081359228079,0.020478586819290965,6.25948905858723,6.002410375686718,6.564329359065219,in-sample
era4tb_F_MXF1x_r2,3.0,100.0,1.0,0,7.77815125038364,0.02047858652022966,6.341854515071527,6.090392990970241,6.591476124807301,in-sample
era4tb_F_MXF1x_r2,3.0,10.0,2.0,0,6.11394335230684,0.020478586520305864,6.341854515071527,6.090392990970241,6.591476124807301,in-sample
era4tb_F_MXF1x_r2,3.0,10.0,2.0,0,7.07918124604763,0.020478586520305864,6.341854515071527,6.090392990970241,6.591476124807301,in-sample
era4tb_F_MXF1x_r2,3.0,2.5,2.6020599913279625,0,5.44715803134222,0.020478586624655976,6.341854515071527,6.090392990970241,6.591476124807301,in-sample
era4tb_F_MXF1x_r2,7.0,100.0,1.0,0,7.70757017609794,0.02047858652022966,6.735352093993434,6.466171372462699,6.922022245643184,in-sample
era4tb_F_MXF1x_r2,7.0,10.0,2.0,0,6.38021124171161,0.02047858652023194,6.735352093993434,6.466171372462699,6.922022245643184,in-sample
era4tb_F_MXF1x_r2,7.0,10.0,2.0,0,7.11394335230684,0.02047858652023194,6.735352093993434,6.466171372462699,6.922022245643184,in-sample
era4tb_F_MXF1x_r2,7.0,2.5,2.6020599913279625,0,6.44715803134222,0.02047858652529862,6.735352093993434,6.466171372462699,6.922022245643184,in-sample
era4tb_F_MXF1x_r2,10.0,100.0,1.0,0,8.85125834871907,0.02047858652022966,7.136027267418295,6.971710963484271,7.444626541082148,in-sample
era4tb_F_MXF1x_r2,10.0,10.0,2.0,0,6.31386722036915,0.02047858652022966,7.136027267418295,6.971710963484271,7.444626541082148,in-sample
era4tb_F_MXF1x_r2,10.0,10.0,2.0,0,8.23044892137827,0.02047858652022966,7.136027267418295,6.971710963484271,7.444626541082148,in-sample
era4tb_F_MXF1x_r2,10.0,2.5,2.6020599913279625,0,6.20411998265593,0.020478586520230702,7.136027267418295,6.971710963484271,7.444626541082148,in-sample
era4tb_F_MXF1x_r2,15.0,100.0,1.0,0,8.97772360528885,0.02047858652022966,7.908250908943504,7.619819187092931,8.205915073889221,in-sample
era4tb_F_MXF1x_r2,15.0,10.0,2.0,0,6.5854607295085,0.02047858652022966,7.908250908943504,7.619819187092931,8.205915073889221,in-sample
era4tb_F_MXF1x_r2,15.0,10.0,2.0,0,7.43136376415899,0.02047858652022966,7.908250908943504,7.619819187092931,8.205915073889221,in-sample
era4tb_F_MXF1x_r2,15.0,2.5,2.6020599913279625,0,7.55630250076729,0.02047858652022966,7.908250908943504,7.619819187092931,8.205915073889221,in-sample
era4tb_F_MXF1x_r2,21.0,100.0,1.0,0,9.07918124604763,0.02047858652022966,8.482751177267108,7.806950022925862,9.032520304524136,in-sample
era4tb_F_MXF1x_r2,21.0,10.0,2.0,0,7.45939248775923,0.02047858652022966,8.482751177267108,7.806950022925862,9.032520304524136,in-sample
era4tb_F_MXF1x_r2,21.0,10.0,2.0,0,8.44715803134222,0.02047858652022966,8.482751177267108,7.806950022925862,9.032520304524136,in-sample
era4tb_F_MXF1x_r2,21.0,2.5,2.6020599913279625,0,8.44715803134222,0.02047858652022966,8.482751177267108,7.806950022925862,9.032520304524136,in-sample
era4tb_F_MXF1x_r3,1.0,100.0,1.0,0,6.50514997831991,0.02047858652022966,6.216134589299771,6.0967874794045525,6.426829251220367,in-sample
era4tb_F_MXF1x_r3,1.0,10.0,2.0,0,6.07918124604763,0.0204785865202898,6.216134589299771,6.0967874794045525,6.426829251220367,in-sample
era4tb_F_MXF1x_r3,1.0,2.5,2.6020599913279625,1,,0.02047858663128099,6.216134589299771,6.0967874794045525,6.426829251220367,in-sample
era4tb_F_MXF1x_r3,2.0,100.0,1.0,0,6.90848501887865,0.02047858652022966,6.22145550867616,6.024236594756019,6.404478329281772,in-sample
era4tb_F_MXF1x_r3,2.0,10.0,2.0,0,4.95424250943933,0.02047858652032223,6.22145550867616,6.024236594756019,6.404478329281772,in-sample
era4tb_F_MXF1x_r3,2.0,10.0,2.0,0,6.95424250943933,0.02047858652032223,6.22145550867616,6.024236594756019,6.404478329281772,in-sample
era4tb_F_MXF1x_r3,2.0,2.5,2.6020599913279625,0,4.83250891270624,0.02047858667457612,6.22145550867616,6.024236594756019,6.404478329281772,in-sample
era4tb_F_MXF1x_r3,3.0,100.0,1.0,0,7.78532983501077,0.02047858652022966,6.323523927251262,6.150107577898857,6.477866386605816,in-sample
era4tb_F_MXF1x_r3,3.0,10.0,2.0,0,6.07918124604763,0.020478586520248636,6.323523927251262,6.150107577898857,6.477866386605816,in-sample
era4tb_F_MXF1x_r3,3.0,10.0,2.0,0,7.11394335230684,0.020478586520248636,6.323523927251262,6.150107577898857,6.477866386605816,in-sample
era4tb_F_MXF1x_r3,3.0,2.5,2.6020599913279625,0,5.30102999566398,0.020478586560777612,6.323523927251262,6.150107577898857,6.477866386605816,in-sample
era4tb_F_MXF1x_r3,7.0,100.0,1.0,0,7.89762709129044,0.02047858652022966,6.75135547320278,6.525103383615692,6.975586570999752,in-sample
era4tb_F_MXF1x_r3,7.0,10.0,2.0,0,6.37291200297011,0.020478586520229804,6.75135547320278,6.525103383615692,6.975586570999752,in-sample
era4tb_F_MXF1x_r3,7.0,10.0,2.0,0,6.95424250943933,0.020478586520229804,6.75135547320278,6.525103383615692,6.975586570999752,in-sample
era4tb_F_MXF1x_r3,7.0,2.5,2.6020599913279625,0,6.60205999132796,0.02047858652087989,6.75135547320278,6.525103383615692,6.975586570999752,in-sample
era4tb_F_MXF1x_r3,10.0,100.0,1.0,0,8.44715803134222,0.02047858652022966,7.264583154712325,7.090144526056904,7.521746725913513,in-sample
era4tb_F_MXF1x_r3,10.0,10.0,2.0,0,6.3654879848909,0.02047858652022966,7.264583154712325,7.090144526056904,7.521746725913513,in-sample
era4tb_F_MXF1x_r3,10.0,10.0,2.0,0,8.17609125905568,0.02047858652022966,7.264583154712325,7.090144526056904,7.521746725913513,in-sample
era4tb_F_MXF1x_r3,10.0,2.5,2.6020599913279625,0,6.7160033436348,0.020478586520229786,7.264583154712325,7.090144526056904,7.521746725913513,in-sample
era4tb_F_MXF1x_r3,15.0,100.0,1.0,0,8.69019608002851,0.02047858652022966,8.163820894816052,7.748389197642015,8.367938942852902,in-sample
era4tb_F_MXF1x_r3,15.0,10.0,2.0,0,7.38021124171161,0.02047858652022966,8.163820894816052,7.748389197642015,8.367938942852902,in-sample
era4tb_F_MXF1x_r3,21.0,100.0,1.0,0,9.29003461136252,0.02047858652022966,8.595222640348585,8.409875024735499,8.972769989193969,in-sample
era4tb_F_MXF1x_r3,21.0,10.0,2.0,0,7.56110138364906,0.02047858652022966,8.595222640348585,8.409875024735499,8.972769989193969,in-sample
era4tb_F_MXF1x_r3,21.0,10.0,2.0,0,8.46239799789896,0.02047858652022966,8.595222640348585,8.409875024735499,8.972769989193969,in-sample
era4tb_F_MXF1x_r3,21.0,2.5,2.6020599913279625,0,8.7481880270062,0.02047858652022966,8.595222640348585,8.409875024735499,8.972769989193969,in-sample
era4tb_F_untreated_r1,0.0,100.0,1.0,0,6.09342168516223,0.02047858652022966,6.071558344606785,5.912562389382855,6.203236240241421,in-sample
era4tb_F_untreated_r1,0.0,10.0,2.0,0,6.07918124604763,0.020478586521236967,6.071558344606785,5.912562389382855,6.203236240241421,in-sample
era4tb_F_untreated_r1,0.0,10.0,2.0,0,6.04139268515823,0.020478586521236967,6.071558344606785,5.912562389382855,6.203236240241421,in-sample
era4tb_F_untreated_r1,0.0,2.5,2.6020599913279625,0,6.30102999566398,0.02047858770429938,6.071558344606785,5.912562389382855,6.203236240241421,in-sample
era4tb_F_untreated_r1,1.0,100.0,1.0,0,6.68124123737559,0.02047858652022966,6.268143939648475,6.087723345554783,6.452813119379738,in-sample
era4tb_F_untreated_r1,1.0,10.0,2.0,0,6.11394335230684,0.020478586520322584,6.268143939648475,6.087723345554783,6.452813119379738,in-sample
era4tb_F_untreated_r1,1.0,10.0,2.0,0,6.47712125471966,0.020478586520322584,6.268143939648475,6.087723345554783,6.452813119379738,in-sample
era4tb_F_untreated_r1,1.0,2.5,2.6020599913279625,0,5.38021124171161,0.020478586660430724,6.268143939648475,6.087723345554783,6.452813119379738,in-sample
era4tb_F_untreated_r1,2.0,100.0,1.0,0,7.67209785793572,0.02047858652022966,6.465105794437894,6.262884301726709,6.696467380413242,in-sample
era4tb_F_untreated_r1,2.0,10.0,2.0,0,7.20411998265593,0.020478586520237325,6.465105794437894,6.262884301726709,6.696467380413242,in-sample
era4tb_F_untreated_r1,2.0,2.5,2.6020599913279625,0,4.64345267648619,0.02047858653740645,6.465105794437894,6.262884301726709,6.696467380413242,in-sample
era4tb_F_untreated_r1,3.0,10.0,2.0,0,5.39794000867204,0.020478586520230106,6.644763813902335,6.46227310601856,6.82436780581685,in-sample
era4tb_F_untreated_r1,3.0,10.0,2.0,0,7.27875360095283,0.020478586520230106,6.644763813902335,6.46227310601856,6.82436780581685,in-sample
era4tb_F_untreated_r1,3.0,2.5,2.6020599913279625,0,6.64345267648619,0.020478586522084796,6.644763813902335,6.46227310601856,6.82436780581685,in-sample
era4tb_F_untreated_r1,7.0,100.0,1.0,0,7.89762709129044,0.02047858652022966,7.303741807914037,6.953830378683154,7.675032368516878,in-sample
era4tb_F_untreated_r1,7.0,10.0,2.0,0,7.14612803567824,0.02047858652022966,7.303741807914037,6.953830378683154,7.675032368516878,in-sample
era4tb_F_untreated_r1,7.0,10.0,2.0,0,7.20411998265593,0.02047858652022966,7.303741807914037,6.953830378683154,7.675032368516878,in-sample
era4tb_F_untreated_r1,7.0,2.5,2.6020599913279625,0,6.60205999132796,0.020478586520230505,7.303741807914037,6.953830378683154,7.675032368516878,in-sample
era4tb_F_untreated_r1,10.0,100.0,1.0,0,8.97772360528885,0.02047858652022966,7.625072568709751,7.348675651381398,7.841942856841171,in-sample
era4tb_F_untreated_r1,10.0,10.0,2.0,0,8.27875360095283,0.02047858652022966,7.625072568709751,7.348675651381398,7.841942856841171,in-sample
era4tb_F_untreated_r1,10.0,10.0,2.0,0,8.43136376415899,0.02047858652022966,7.625072568709751,7.348675651381398,7.841942856841171,in-sample
era4tb_F_untreated_r1,10.0,2.5,2.6020599913279625,0,6.80617997398389,0.020478586520229665,7.625072568709751,7.348675651381398,7.841942856841171,in-sample
era4tb_F_untreated_r1,15.0,100.0,1.0,0,8.72427586960079,0.02047858652022966,8.066873501188057,7.844666920506634,8.244514024656816,in-sample
era4tb_F_untreated_r1,15.0,10.0,2.0,0,7.47712125471966,0.02047858652022966,8.066873501188057,7.844666920506634,8.244514024656816,in-sample
era4tb_F_untreated_r1,15.0,10.0,2.0,0,8.23044892137827,0.02047858652022966,8.066873501188057,7.844666920506634,8.244514024656816,in-sample
era4tb_F_untreated_r1,15.0,2.5,2.6020599913279625,0,7.60205999132796,0.02047858652022966,8.066873501188057,7.844666920506634,8.244514024656816,in-sample
era4tb_F_untreated_r1,21.0,100.0,1.0,0,9.06818586174616,0.02047858652022966,8.207234478485788,7.9334514370571485,8.536697299842112,in-sample
era4tb_F_untreated_r1,21.0,10.0,2.0,0,7.47712125471966,0.02047858652022966,8.207234478485788,7.9334514370571485,8.536697299842112,in-sample
era4tb_F_untreated_r1,21.0,10.0,2.0,0,9.17609125905568,0.02047858652022966,8.207234478485788,7.9334514370571485,8.536697299842112,in-sample
era4tb_F_untreated_r1,21.0,2.5,2.6020599913279625,0,6.90308998699194,0.02047858652022966,8.207234478485788,7.9334514370571485,8.536697299842112,in-sample
era4tb_F_untreated_r2,0.0,100.0,1.0,0,5.96848294855393,0.02047858652022966,6.093117852675233,5.944001345387537,6.308215577488728,in-sample
era4tb_F_untreated_r2,0.0,10.0,2.0,0,6.0,0.02047858652058859,6.093117852675233,5.944001345387537,6.308215577488728,in-sample
era4tb_F_untreated_r2,0.0,10.0,2.0,0,5.84509804001426,0.02047858652058859,6.093117852675233,5.944001345387537,6.308215577488728,in-sample
era4tb_F_untreated_r2,0.0,2.5,2.6020599913279625,0,5.90308998699194,0.020478587033856865,6.093117852675233,5.944001345387537,6.308215577488728,in-sample
era4tb_F_untreated_r2,1.0,100.0,1.0,0,6.69897000433602,0.02047858652022966,6.298224574155248,6.158041319024685,6.525494355388013,in-sample
era4tb_F_untreated_r2,1.0,10.0,2.0,0,6.14612803567824,0.020478586520264415,6.298224574155248,6.158041319024685,6.525494355388013,in-sample
era4tb_F_untreated_r2,1.0,10.0,2.0,0,6.84509804001426,0.020478586520264415,6.298224574155248,6.158041319024685,6.525494355388013,in-sample
era4tb_F_untreated_r2,1.0,2.5,2.6020599913279625,0,5.44715803134222,0.02047858658136524,6.298224574155248,6.158041319024685,6.525494355388013,in-sample
era4tb_F_untreated_r2,2.0,100.0,1.0,0,7.77815125038364,0.02047858652022966,6.504091671135783,6.298604030247147,6.768034575607052,in-sample
era4tb_F_untreated_r2,2.0,10.0,2.0,0,7.04139268515823,0.020478586520234997,6.504091671135783,6.298604030247147,6.768034575607052,in-sample
era4tb_F_untreated_r2,2.0,2.5,2.6020599913279625,0,4.7160033436348,0.020478586532447007,6.504091671135783,6.298604030247147,6.768034575607052,in-sample
era4tb_F_untreated_r2,3.0,100.0,1.0,0,7.97772360528885,0.02047858652022966,6.675019438178253,6.490612561750922,6.931229119597035,in-sample
era4tb_F_untreated_r2,3.0,10.0,2.0,0,5.23044892137827,0.020478586520229825,6.675019438178253,6.490612561750922,6.931229119597035,in-sample
era4tb_F_untreated_r2,3.0,10.0,2.0,0,7.27875360095283,0.020478586520229825,6.675019438178253,6.490612561750922,6.931229119597035,in-sample
era4tb_F_untreated_r2,3.0,2.5,2.6020599913279625,0,6.50514997831991,0.02047858652100393,6.675019438178253,6.490612561750922,6.931229119597035,in-sample
era4tb_F_untreated_r2,7.0,100.0,1.0,0,7.95424250943933,0.02047858652022966,7.409157239430122,7.1390950117011736,7.615856585024994,in-sample
era4tb_F_untreated_r2,7.0,10.0,2.0,0,7.23044892137827,0.02047858652022966,7.409157239430122,7.1390950117011736,7.615856585024994,in-sample
era4tb_F_untreated_r2,7.0,10.0,2.0,0,7.14612803567824,0.02047858652022966,7.409157239430122,7.1390950117011736,7.615856585024994,in-sample
era4tb_F_untreated_r2,7.0,2.5,2.6020599913279625,0,6.55630250076729,0.020478586520229727,7.409157239430122,7.1390950117011736,7.615856585024994,in-sample
era4tb_F_untreated_r2,10.0,100.0,1.0,0,8.99563519459755,0.02047858652022966,7.757320060978819,7.561048338149905,7.9648546641464995,in-sample
era4tb_F_untreated_r2,10.0,10.0,2.0,0,8.25527250510331,0.02047858652022966,7.757320060978819,7.561048338149905,7.9648546641464995,in-sample
era4tb_F_untreated_r2,10.0,10.0,2.0,0,8.38021124171161,0.02047858652022966,7.757320060978819,7.561048338149905,7.9648546641464995,in-sample
era4tb_F_untreated_r2,10.0,2.5,2.6020599913279625,0,6.77815125038364,0.02047858652022966,7.757320060978819,7.561048338149905,7.9648546641464995,in-sample
era4tb_F_untreated_r2,15.0,100.0,1.0,0,8.7481880270062,0.02047858652022966,8.333821939061085,8.00987213631217,8.533945846035254,in-sample
era4tb_F_untreated_r2,15.0,10.0,2.0,0,7.49136169383427,0.02047858652022966,8.333821939061085,8.00987213631217,8.533945846035254,in-sample
era4tb_F_untreated_r2,15.0,10.0,2.0,0,8.20411998265593,0.02047858652022966,8.333821939061085,8.00987213631217,8.533945846035254,in-sample
era4tb_F_untreated_r2,15.0,2.5,2.6020599913279625,0,7.7160033436348,0.02047858652022966,8.333821939061085,8.00987213631217,8.533945846035254,in-sample
era4tb_F_untreated_r2,21.0,100.0,1.0,0,9.04139268515823,0.02047858652022966,8.339673895256583,7.836833885233186,8.78588944972773,in-sample
era4tb_F_untreated_r2,21.0,10.0,2.0,0,7.47712125471966,0.02047858652022966,8.339673895256583,7.836833885233186,8.78588944972773,in-sample
era4tb_F_untreated_r2,21.0,10.0,2.0,0,9.44715803134222,0.02047858652022966,8.339673895256583,7.836833885233186,8.78588944972773,in-sample
era4tb_F_untreated_r2,21.0,2.5,2.6020599913279625,0,6.83250891270624,0.02047858652022966,8.339673895256583,7.836833885233186,8.78588944972773,in-sample
era4tb_F_untreated_r3,0.0,100.0,1.0,0,5.94448267215017,0.02047858652022966,6.04454241075196,5.882811581309914,6.251726085971875,in-sample
era4tb_F_untreated_r3,0.0,10.0,2.0,0,5.84509804001426,0.02047858652123802,6.04454241075196,5.882811581309914,6.251726085971875,in-sample
era4tb_F_untreated_r3,0.0,10.0,2.0,0,6.04139268515823,0.02047858652123802,6.04454241075196,5.882811581309914,6.251726085971875,in-sample
era4tb_F_untreated_r3,0.0,2.5,2.6020599913279625,0,5.60205999132796,0.02047858771589693,6.04454241075196,5.882811581309914,6.251726085971875,in-sample
era4tb_F_untreated_r3,1.0,100.0,1.0,0,6.78532983501077,0.02047858652022966,6.270136921447439,6.100213780105511,6.4136941483438,in-sample
era4tb_F_untreated_r3,1.0,10.0,2.0,0,6.07918124604763,0.02047858652031641,6.270136921447439,6.100213780105511,6.4136941483438,in-sample
era4tb_F_untreated_r3,1.0,10.0,2.0,0,6.69897000433602,0.02047858652031641,6.270136921447439,6.100213780105511,6.4136941483438,in-sample
era4tb_F_untreated_r3,1.0,2.5,2.6020599913279625,0,5.55630250076729,0.020478586648094137,6.270136921447439,6.100213780105511,6.4136941483438,in-sample
era4tb_F_untreated_r3,2.0,100.0,1.0,0,7.50514997831991,0.02047858652022966,6.473105440298708,6.311112623603407,6.63722247692123,in-sample
era4tb_F_untreated_r3,2.0,10.0,2.0,0,5.11394335230684,0.020478586520235705,6.473105440298708,6.311112623603407,6.63722247692123,in-sample
era4tb_F_untreated_r3,2.0,10.0,2.0,0,6.90308998699194,0.020478586520235705,6.473105440298708,6.311112623603407,6.63722247692123,in-sample
era4tb_F_untreated_r3,2.0,2.5,2.6020599913279625,0,4.64345267648619,0.020478586535332854,6.473105440298708,6.311112623603407,6.63722247692123,in-sample
era4tb_F_untreated_r3,3.0,100.0,1.0,0,7.79239168949825,0.02047858652022966,6.602615798448842,6.472399862576524,6.742738303297368,in-sample
era4tb_F_untreated_r3,3.0,10.0,2.0,0,6.20411998265593,0.02047858652023014,6.602615798448842,6.472399862576524,6.742738303297368,in-sample
era4tb_F_untreated_r3,3.0,10.0,2.0,0,7.34242268082221,0.02047858652023014,6.602615798448842,6.472399862576524,6.742738303297368,in-sample
era4tb_F_untreated_r3,3.0,2.5,2.6020599913279625,0,6.38021124171161,0.020478586522219275,6.602615798448842,6.472399862576524,6.742738303297368,in-sample
era4tb_F_untreated_r3,7.0,100.0,1.0,0,7.74036268949424,0.02047858652022966,7.241599278364276,6.989717386286609,7.409035808890286,in-sample
era4tb_F_untreated_r3,7.0,10.0,2.0,0,7.27875360095283,0.02047858652022966,7.241599278364276,6.989717386286609,7.409035808890286,in-sample
era4tb_F_untreated_r3,7.0,10.0,2.0,0,7.07918124604763,0.02047858652022966,7.241599278364276,6.989717386286609,7.409035808890286,in-sample
era4tb_F_untreated_r3,7.0,2.5,2.6020599913279625,0,6.44715803134222,0.020478586520230213,7.241599278364276,6.989717386286609,7.409035808890286,in-sample
era4tb_F_untreated_r3,10.0,100.0,1.0,0,8.95904139232109,0.02047858652022966,7.577504146937922,7.278202412325212,7.780861443707836,in-sample
era4tb_F_untreated_r3,10.0,10.0,2.0,0,8.20411998265593,0.02047858652022966,7.577504146937922,7.278202412325212,7.780861443707836,in-sample
era4tb_F_untreated_r3,10.0,10.0,2.0,0,8.25527250510331,0.02047858652022966,7.577504146937922,7.278202412325212,7.780861443707836,in-sample
era4tb_F_untreated_r3,10.0,2.5,2.6020599913279625,0,6.80617997398389,0.020478586520229675,7.577504146937922,7.278202412325212,7.780861443707836,in-sample
era4tb_F_untreated_r3,15.0,100.0,1.0,0,8.57978359661681,0.02047858652022966,7.997902975915989,7.713685572315465,8.35099727182,in-sample
era4tb_F_untreated_r3,15.0,10.0,2.0,0,7.44715803134222,0.02047858652022966,7.997902975915989,7.713685572315465,8.35099727182,in-sample
era4tb_F_untreated_r3,15.0,10.0,2.0,0,8.30102999566398,0.02047858652022966,7.997902975915989,7.713685572315465,8.35099727182,in-sample
era4tb_F_untreated_r3,15.0,2.5,2.6020599913279625,0,7.60205999132796,0.02047858652022966,7.997902975915989,7.713685572315465,8.35099727182,in-sample
era4tb_F_untreated_r3,21.0,100.0,1.0,0,8.93951925261862,0.02047858652022966,7.9999967244527905,7.644425945410486,8.370570437241588,in-sample
era4tb_F_untreated_r3,21.0,10.0,2.0,0,7.51851393987789,0.02047858652022966,7.9999967244527905,7.644425945410486,8.370570437241588,in-sample
era4tb_F_untreated_r3,21.0,10.0,2.0,0,9.23044892137827,0.02047858652022966,7.9999967244527905,7.644425945410486,8.370570437241588,in-sample
era4tb_F_untreated_r3,21.0,2.5,2.6020599913279625,0,6.85733249643127,0.02047858652022966,7.9999967244527905,7.644425945410486,8.370570437241588,in-sample
era4tb_A_INH10x_r1,1.0,100.0,1.0,0,2.11394335230684,0.021394791593842402,2.869728416580345,2.3931246086690474,3.0094977370495455,V1-holdout
era4tb_A_INH10x_r1,2.0,100.0,1.0,0,1.90308998699194,0.0524253946349005,2.072615783509799,1.7205220320057706,2.373977253856304,V1-holdout
era4tb_A_INH10x_r1,3.0,100.0,1.0,0,1.0,0.09695608790166174,1.7594771642093554,1.4979948669920946,2.0343224117131293,V1-holdout
era4tb_A_INH10x_r1,7.0,100.0,1.0,1,,0.5965535112203022,0.6269629988149439,0.14100896483570496,1.0064604487362616,V1-holdout
era4tb_A_INH10x_r1,10.0,100.0,1.0,1,,0.572660253858768,0.675460702734525,0.26351222269461283,1.0271185078083658,V1-holdout
era4tb_A_INH10x_r1,14.0,100.0,1.0,1,,0.5345088751173772,0.7388358071063719,0.3233868444752146,1.2582201942341031,V1-holdout
era4tb_A_INH10x_r1,21.0,100.0,1.0,1,,0.44602508056719103,1.0998658936255183,-0.1809154889580388,2.1259405024048115,V1-holdout
era4tb_A_INH10x_r2,1.0,100.0,1.0,0,2.38021124171161,0.021993702735441108,2.552666435719858,2.440798224546498,2.863419471331243,V1-holdout
era4tb_A_INH10x_r2,2.0,100.0,1.0,0,1.60205999132796,0.0800776814146871,1.785454686889916,1.607946599628933,2.0144400121956196,V1-holdout
era4tb_A_INH10x_r2,3.0,100.0,1.0,0,1.30102999566398,0.19595630638041708,1.4065084132550296,1.2115583131928627,1.6698172075854416,V1-holdout
era4tb_A_INH10x_r2,7.0,100.0,1.0,0,1.0,0.8765991111091075,-0.08800159355301451,-0.6830173460032298,0.3453196192177277,V1-holdout
era4tb_A_INH10x_r2,10.0,100.0,1.0,1,,0.8725477004351916,-0.3085332833716943,-1.0590146850574118,0.5872063003558821,V1-holdout
era4tb_A_INH10x_r2,14.0,100.0,1.0,1,,0.8490807314339457,-0.47810105984902895,-1.692073571157106,0.8575129531229393,V1-holdout
era4tb_A_INH10x_r2,21.0,100.0,1.0,1,,0.7917809427392153,-0.39748500929650143,-2.550991385967211,1.3311547653156226,V1-holdout
era4tb_A_INH10x_r3,1.0,100.0,1.0,0,2.46239799789896,0.02092941454370913,2.7667165761096166,2.587257914013932,2.9699457519190995,V1-holdout
era4tb_A_INH10x_r3,2.0,100.0,1.0,0,1.30102999566398,0.05710440779053523,1.9097591991040754,1.672173230625353,2.2166335632764134,V1-holdout
era4tb_A_INH10x_r3,3.0,100.0,1.0,1,,0.1451630674835207,1.5667306002423826,1.2653542580132908,1.8048741921325804,V1-holdout
era4tb_A_INH10x_r3,7.0,100.0,1.0,1,,0.8561681084659502,-0.03186005395046054,-0.4426273090636725,0.3368917206154899,V1-holdout
era4tb_A_INH10x_r3,10.0,100.0,1.0,1,,0.8585647678546432,-0.0930259172836072,-0.7230733262566665,0.41994338805497955,V1-holdout
era4tb_A_INH10x_r3,14.0,100.0,1.0,1,,0.837880551888259,-0.18120362053278427,-1.2046089180189457,0.6202084296792447,V1-holdout
era4tb_A_INH10x_r3,21.0,100.0,1.0,1,,0.7855252525220997,0.01980766038213666,-2.354257531416791,1.0298933947797868,V1-holdout
era4tb_A_INH1x_r1,1.0,100.0,1.0,0,2.54406804435028,0.02274270172997617,2.5997155586884784,2.2336428503414814,2.8010404060787493,V1-holdout
era4tb_A_INH1x_r1,2.0,100.0,1.0,0,2.17609125905568,0.04166910427454946,2.193377533703531,1.7628294836030394,2.4025818264586305,V1-holdout
era4tb_A_INH1x_r1,3.0,100.0,1.0,0,2.04139268515822,0.06080503081029084,2.0008652791886155,1.6389307648389695,2.17132931793854,V1-holdout
era4tb_A_INH1x_r1,7.0,100.0,1.0,1,,0.3158661345483721,1.2482468816222767,0.7818793292536088,1.4685487926289242,V1-holdout
era4tb_A_INH1x_r1,14.0,100.0,1.0,0,2.30102999566398,0.02112493615513195,2.738968778181247,2.4938598113857267,3.069251480848179,V1-holdout
era4tb_A_INH1x_r1,21.0,100.0,1.0,0,4.6232492903979,0.020186621223042985,4.28321179892761,3.7355696482102108,4.887123156170387,V1-holdout
era4tb_A_INH1x_r2,1.0,100.0,1.0,0,2.5910646070265,0.021214477077371226,2.6928050292761596,2.511119894908004,2.957422457780282,V1-holdout
era4tb_A_INH1x_r2,2.0,100.0,1.0,0,2.27875360095283,0.03198361091136849,2.193025886409939,2.0117707143329393,2.431441360262717,V1-holdout
era4tb_A_INH1x_r2,3.0,100.0,1.0,0,1.84509804001426,0.04814143401797001,2.0096014407241736,1.811026312522063,2.2704109141049216,V1-holdout
era4tb_A_INH1x_r2,7.0,100.0,1.0,1,,0.2956879132725256,1.1940617643902653,0.8255801334773578,1.6170629849324099,V1-holdout
era4tb_A_INH1x_r2,10.0,100.0,1.0,0,1.95424250943932,0.08984232587008446,1.8062650974129544,1.472690351105537,2.080647408812893,V1-holdout
era4tb_A_INH1x_r2,14.0,100.0,1.0,0,2.49136169383427,0.023796803969336974,2.4187724949715577,2.251199945155789,2.8706060658640546,V1-holdout
era4tb_A_INH1x_r2,21.0,100.0,1.0,0,4.79239168949825,0.020186527695427153,4.123324834001689,3.8566528423951842,4.795912890579073,V1-holdout
era4tb_A_INH1x_r3,1.0,100.0,1.0,0,2.44715803134222,0.02182151296107978,2.7528403115426214,2.338408077074989,3.1242986968573825,V1-holdout
era4tb_A_INH1x_r3,2.0,100.0,1.0,0,2.25527250510331,0.033582113623171275,2.267140508032778,1.908289724233682,2.5478588133941735,V1-holdout
era4tb_A_INH1x_r3,3.0,100.0,1.0,0,1.84509804001426,0.04867234129253529,2.064456258540824,1.7141481538849908,2.3229685473785935,V1-holdout
era4tb_A_INH1x_r3,7.0,100.0,1.0,1,,0.295239382643702,1.2853617304260085,0.7929284251920418,1.475688682830593,V1-holdout
era4tb_A_INH1x_r3,10.0,100.0,1.0,0,1.95424250943932,0.059288538498526173,1.950196280944727,1.642065090155328,2.123969330870052,V1-holdout
era4tb_A_INH1x_r3,21.0,100.0,1.0,0,4.8750612633917,0.020186512724714927,4.393389787417471,4.134692391154978,4.901528014063414,V1-holdout
era4tb_A_MXF10x_r2,1.0,100.0,1.0,0,2.41497334797082,0.02171417538780396,2.7390488724748643,2.40724885646172,2.869736992286214,V1-holdout
era4tb_A_MXF10x_r2,2.0,100.0,1.0,0,2.17609125905568,0.025542325562859566,2.4164500150987163,2.1958912468256737,2.5807878503133783,V1-holdout
era4tb_A_MXF10x_r2,3.0,100.0,1.0,0,1.90308998699194,0.03486304650465697,2.2225688295583224,1.9119938200892401,2.432029140198289,V1-holdout
era4tb_A_MXF10x_r2,7.0,100.0,1.0,0,1.60205999132796,0.23098549548095004,1.3137218671068396,0.8819173953579177,1.8478103722918349,V1-holdout
era4tb_A_MXF10x_r2,10.0,100.0,1.0,0,1.30102999566398,0.16016009036410941,1.596034631379377,1.033857456237676,1.998142589814361,V1-holdout
era4tb_A_MXF10x_r2,14.0,100.0,1.0,1,,0.10445534614640839,1.74451360706463,1.236444204077354,2.468375018740324,V1-holdout
era4tb_A_MXF10x_r2,21.0,100.0,1.0,0,3.95424250943932,0.02022110868002253,3.1671986117801385,3.0089978474675263,3.838302492637874,V1-holdout
era4tb_A_MXF10x_r3,1.0,100.0,1.0,0,2.46239799789896,0.021511167370960656,2.8427652000544352,2.462950465381489,3.0745817936004514,V1-holdout
era4tb_A_MXF10x_r3,2.0,100.0,1.0,0,2.0,0.024488609775276227,2.575273118192107,2.189009801762327,2.7702374086476436,V1-holdout
era4tb_A_MXF10x_r3,3.0,100.0,1.0,0,2.0,0.031164760053275682,2.3787456055552525,1.9351516099227597,2.5563383856699806,V1-holdout
era4tb_A_MXF10x_r3,7.0,100.0,1.0,0,1.69897000433602,0.16262276875795847,1.5926355550078344,0.9197188425644907,1.9082477492502683,V1-holdout
era4tb_A_MXF10x_r3,10.0,100.0,1.0,0,1.60205999132796,0.13967094250257917,1.6173527264210021,1.1480930959627371,1.896029552890258,V1-holdout
era4tb_A_MXF10x_r3,14.0,100.0,1.0,1,,0.1338081557419593,1.7346960883297886,1.0995139863571852,2.013104360875785,V1-holdout
era4tb_A_MXF1x_r1,1.0,100.0,1.0,0,3.73239375982297,0.020187560556440345,3.679470239846546,3.3714518030460434,3.9780592988217527,V1-holdout
era4tb_A_MXF1x_r1,2.0,100.0,1.0,0,4.05690485133647,0.020186647255527334,3.832794495770143,3.6125291921357685,4.127292434603164,V1-holdout
era4tb_A_MXF1x_r1,3.0,100.0,1.0,0,4.07918124604763,0.020186544901831575,3.9239466096386852,3.7797715251723742,4.204583748491487,V1-holdout
era4tb_A_MXF1x_r1,7.0,100.0,1.0,0,4.97772360528885,0.020186512512709302,4.388567693776342,4.2574498200826465,4.597795165013118,V1-holdout
era4tb_A_MXF1x_r1,10.0,100.0,1.0,0,5.47712125471966,0.02018651233604423,4.877072714164686,4.701483096162911,5.1375766927008995,V1-holdout
era4tb_A_MXF1x_r1,14.0,100.0,1.0,0,6.49136169383427,0.02018651233543151,5.541528424231119,5.18429995006565,5.8759205590499874,V1-holdout
era4tb_A_MXF1x_r1,21.0,100.0,1.0,0,6.69019608002851,0.02018651233542869,6.3560097679054115,5.954010489771904,6.777734168655261,V1-holdout
era4tb_A_MXF1x_r2,1.0,100.0,1.0,0,3.70757017609794,0.020187178377325178,3.6897848004940954,3.4687939115301063,3.846634709919839,V1-holdout
era4tb_A_MXF1x_r2,2.0,100.0,1.0,0,3.95424250943932,0.020186616565535363,3.8903457202020078,3.6433372689387915,3.9774347689909346,V1-holdout
era4tb_A_MXF1x_r2,3.0,100.0,1.0,0,4.22788670461367,0.020186542148181594,3.9909405482477722,3.7431458520384346,4.082458569639592,V1-holdout
era4tb_A_MXF1x_r2,7.0,100.0,1.0,0,4.97772360528885,0.020186513240800508,4.414285702468249,4.129146503495962,4.70435706084262,V1-holdout
era4tb_A_MXF1x_r2,10.0,100.0,1.0,0,5.38021124171161,0.020186512336633974,4.906070373687589,4.638204133510793,5.348520041972199,V1-holdout
era4tb_A_MXF1x_r2,14.0,100.0,1.0,0,6.46239799789896,0.020186512335428963,5.592597299725447,5.214567543496847,6.254819395467345,V1-holdout
era4tb_A_MXF1x_r2,21.0,100.0,1.0,0,6.60205999132796,0.02018651233542869,6.256808222081338,5.656255943763163,6.810201023152597,V1-holdout
era4tb_A_MXF1x_r3,1.0,100.0,1.0,0,3.55630250076729,0.02018733039291119,3.6288063720648505,3.4508844586010596,3.7784657609585772,V1-holdout
era4tb_A_MXF1x_r3,2.0,100.0,1.0,0,4.0,0.020186705771183762,3.7835349111379255,3.632308650045941,3.996942054195599,V1-holdout
era4tb_A_MXF1x_r3,3.0,100.0,1.0,0,4.0899051114394,0.020186572566689105,3.9181149100254467,3.755932352784027,4.135219475742028,V1-holdout
era4tb_A_MXF1x_r3,7.0,100.0,1.0,0,5.09691001300806,0.020186515194392293,4.436043774714813,4.042212990096942,4.709683537707616,V1-holdout
era4tb_A_MXF1x_r3,10.0,100.0,1.0,0,5.11394335230684,0.020186512341189407,4.896435168867901,4.567222020724949,5.224396838112635,V1-holdout
era4tb_A_MXF1x_r3,14.0,100.0,1.0,0,6.23044892137827,0.020186512335428883,5.5284359948147666,5.263933846576619,5.953914227395871,V1-holdout
era4tb_A_MXF1x_r3,21.0,100.0,1.0,0,6.68124123737559,0.02018651233542869,6.372406632131625,5.965207911723189,6.96850711220416,V1-holdout
era4tb_A_untreated_r1,1.0,100.0,1.0,0,3.98677173426624,0.02018770367007529,3.6387854286213477,3.412816926414362,3.8461923760580006,V1-holdout
era4tb_A_untreated_r1,2.0,100.0,1.0,0,4.04139268515823,0.020186531840807195,4.049188868524913,3.7777840007650885,4.333835817779556,V1-holdout
era4tb_A_untreated_r1,3.0,100.0,1.0,0,4.69019608002851,0.020186515336402793,4.229060679914637,3.9413043213037806,4.41650418496765,V1-holdout
era4tb_A_untreated_r1,7.0,100.0,1.0,0,5.5910646070265,0.020186512339310656,4.938064366882851,4.59538560345855,5.18353701617615,V1-holdout
era4tb_A_untreated_r1,10.0,100.0,1.0,0,5.78532983501077,0.02018651233542976,5.3651030905235455,5.150396659350633,5.556697222020181,V1-holdout
era4tb_A_untreated_r1,14.0,100.0,1.0,0,6.7481880270062,0.020186512335428692,5.945807525217216,5.578585809077409,6.227870366351686,V1-holdout
era4tb_A_untreated_r1,21.0,100.0,1.0,0,7.01283722470517,0.02018651233542869,6.504030756443574,6.053688782282199,6.782275321737517,V1-holdout
era4tb_A_untreated_r2,1.0,100.0,1.0,0,3.92941892571429,0.020187769018583178,3.5548969654534393,3.443360501254164,3.7151270832789796,V1-holdout
era4tb_A_untreated_r2,2.0,100.0,1.0,0,4.15533603746506,0.020186532598712892,4.007331815116404,3.817680796716626,4.129326621008595,V1-holdout
era4tb_A_untreated_r2,3.0,100.0,1.0,0,4.84509804001426,0.020186515154971364,4.16550184827563,4.037501508999707,4.315378219034993,V1-holdout
era4tb_A_untreated_r2,7.0,100.0,1.0,0,5.56820172406699,0.020186512337088545,4.834493827163658,4.65224161610995,5.0132631187518495,V1-holdout
era4tb_A_untreated_r2,10.0,100.0,1.0,0,5.80617997398389,0.020186512335435582,5.249224091464564,5.078300158402817,5.429533512881596,V1-holdout
era4tb_A_untreated_r2,14.0,100.0,1.0,0,6.63346845557959,0.0201865123354287,5.876415415269285,5.558037593314781,6.097845588007869,V1-holdout
era4tb_A_untreated_r2,21.0,100.0,1.0,0,6.99563519459755,0.02018651233542869,6.478403590905684,6.187099539106799,6.936130392743399,V1-holdout
era4tb_B_INH10x_r2,1.0,100.0,1.0,0,2.30102999566398,0.02468509165104994,2.4418344812552255,2.2075589265451674,2.6109486905214787,V1-holdout
era4tb_B_INH10x_r2,2.0,100.0,1.0,0,2.0,0.134449254778576,1.6217717233016649,1.376786202092757,1.7755668254911543,V1-holdout
era4tb_B_INH10x_r2,3.0,100.0,1.0,0,2.30102999566398,0.2988253505868674,1.2025747642740199,1.0280053397759201,1.3884466701916074,V1-holdout
era4tb_B_INH10x_r2,7.0,100.0,1.0,1,,0.9246544502115946,-0.36295861658577433,-1.1510173347744495,0.08595664093213005,V1-holdout
era4tb_B_INH10x_r2,10.0,100.0,1.0,0,2.0,0.9153350748349738,-0.27170064566331265,-1.343788398457722,0.18533979284264035,V1-holdout
era4tb_B_INH10x_r2,14.0,100.0,1.0,1,,0.8868169769603146,-0.35523871942015184,-1.6008164833687517,0.5081788098513127,V1-holdout
era4tb_B_INH10x_r3,1.0,100.0,1.0,0,2.84509804001426,0.04025918669361447,2.1298554884033054,1.8120322845190204,2.4741101716832077,V1-holdout
era4tb_B_INH10x_r3,2.0,100.0,1.0,0,2.0,0.2441163537483419,1.3210098442533016,1.038160428162099,1.6653051831792425,V1-holdout
era4tb_B_INH10x_r3,3.0,100.0,1.0,0,2.0,0.44839727739963453,0.9691753266356469,0.5018629021686059,1.220757941654259,V1-holdout
era4tb_B_INH10x_r3,7.0,100.0,1.0,1,,0.9447740871044811,-0.6011106977274325,-1.6201173088482663,-0.056732182504923095,V1-holdout
era4tb_B_INH10x_r3,10.0,100.0,1.0,1,,0.9265897688742188,-0.5079658676246384,-1.780413484635242,0.3151438283323036,V1-holdout
era4tb_B_INH10x_r3,14.0,100.0,1.0,0,2.0,0.8776196005506026,-0.6347320215722769,-2.11194179543552,0.9406834926834992,V1-holdout
era4tb_B_INH1x_r1,1.0,100.0,1.0,0,2.69897000433602,0.021748695579843994,2.652795801816775,2.4158601712367522,3.000146262077716,V1-holdout
era4tb_B_INH1x_r1,2.0,100.0,1.0,0,2.0,0.034984603864573575,2.185621504468308,1.8917219548340947,2.4558983047828566,V1-holdout
era4tb_B_INH1x_r1,3.0,100.0,1.0,1,,0.04293846817179958,2.135597939918205,1.8206159645524254,2.2944141095383155,V1-holdout
era4tb_B_INH1x_r1,7.0,100.0,1.0,1,,0.14423554870449287,1.6173579965288667,1.2318520174650625,1.8676837748096475,V1-holdout
era4tb_B_INH1x_r1,10.0,100.0,1.0,1,,0.03303085099806427,2.236526823497241,1.9487927068894648,2.5549903134236036,V1-holdout
era4tb_B_INH1x_r1,14.0,100.0,1.0,1,,0.020278054585335117,3.0912593934486914,2.873099708536289,3.5030777734141134,V1-holdout
era4tb_B_MXF10x_r1,1.0,100.0,1.0,0,2.90308998699194,0.02236620558009935,2.5534370269211712,2.369781894649262,2.7951112347650535,V1-holdout
era4tb_B_MXF10x_r1,2.0,100.0,1.0,0,2.30102999566398,0.030541691624324192,2.3058088604759277,1.996128044454943,2.4988682519199434,V1-holdout
era4tb_B_MXF10x_r1,3.0,100.0,1.0,0,2.47712125471966,0.05333959181588473,2.0442681621647396,1.7341554135668813,2.2001486985266445,V1-holdout
era4tb_B_MXF10x_r1,7.0,100.0,1.0,0,2.0,0.461472323204363,0.9336003367767001,0.17294565488815422,1.3421888383667613,V1-holdout
era4tb_B_MXF10x_r1,10.0,100.0,1.0,1,,0.6248027627527643,0.7018449998450844,-0.9359547821679601,1.3580820181115627,V1-holdout
era4tb_B_MXF10x_r1,14.0,100.0,1.0,1,,0.732047299546477,0.22684709103431677,-2.4144886982427796,1.5076904628689796,V1-holdout
era4tb_B_MXF10x_r2,1.0,100.0,1.0,0,2.95424250943932,0.02055715028453329,2.908976450207833,2.586697809514922,3.1736888863637525,V1-holdout
era4tb_B_MXF10x_r2,2.0,100.0,1.0,0,2.47712125471966,0.0219783815099602,2.6150232216577356,2.3881854206295174,2.847075743666651,V1-holdout
era4tb_B_MXF10x_r2,3.0,100.0,1.0,0,2.47712125471966,0.023916251944330787,2.4928750849175296,2.2480646647737563,2.6554235247084734,V1-holdout
era4tb_B_MXF10x_r2,7.0,100.0,1.0,0,2.30102999566398,0.07146696564542825,1.8870796569504105,1.5753658644785784,2.115949101817858,V1-holdout
era4tb_B_MXF10x_r2,10.0,100.0,1.0,1,,0.07525289924137879,1.8748869682258116,1.5589409385407071,2.2480407316153914,V1-holdout
era4tb_B_MXF10x_r2,14.0,100.0,1.0,1,,0.08597184750410693,1.8039855771532067,1.4496047707659185,2.3937910796737567,V1-holdout
era4tb_B_MXF10x_r3,1.0,100.0,1.0,0,2.77815125038364,0.022121982576256884,2.551855143202606,2.4213803261342175,2.8593042710621286,V1-holdout
era4tb_B_MXF10x_r3,2.0,100.0,1.0,0,2.0,0.029494175880543188,2.2270702650736225,2.0964445569720938,2.5556754497008805,V1-holdout
era4tb_B_MXF10x_r3,7.0,100.0,1.0,0,2.0,0.4810363560512117,0.9122901357318933,0.15028432141784548,1.4087336472917291,V1-holdout
era4tb_B_MXF10x_r3,10.0,100.0,1.0,1,,0.6904983652968174,0.28343689681025186,-0.37767627398069653,1.1969321202069074,V1-holdout
era4tb_B_MXF10x_r3,14.0,100.0,1.0,1,,0.8286089414168566,-0.268437699452436,-1.325438424863049,1.1197571595542017,V1-holdout
era4tb_B_MXF1x_r1,1.0,100.0,1.0,0,3.70757017609794,0.020189140648367403,3.533898364892847,3.3327345112750377,3.7298228891114293,V1-holdout
era4tb_B_MXF1x_r1,2.0,100.0,1.0,1,,0.020187749978103995,3.6915741038247045,3.436625634393658,3.8220370094217575,V1-holdout
era4tb_B_MXF1x_r1,3.0,100.0,1.0,0,3.17609125905568,0.020187114703352032,3.7399235405844338,3.527808493012595,3.8388907360066185,V1-holdout
era4tb_B_MXF1x_r1,7.0,100.0,1.0,0,3.7481880270062,0.020186618153361625,3.9131810533677607,3.6267029997244653,4.085044842872944,V1-holdout
era4tb_B_MXF1x_r1,10.0,100.0,1.0,0,4.20411998265593,0.020186512443626695,4.478195538825176,4.25691163523036,4.644238910280422,V1-holdout
era4tb_B_MXF1x_r1,14.0,100.0,1.0,0,4.39794000867204,0.020186512335438056,5.1570315442720425,5.017004510890063,5.630092335984554,V1-holdout
era4tb_B_MXF1x_r3,1.0,100.0,1.0,0,3.25527250510331,0.020189937502995706,3.460098811843709,3.2810770876632165,3.7686017514034233,V1-holdout
era4tb_B_MXF1x_r3,2.0,100.0,1.0,0,3.6232492903979,0.02018791597092468,3.65206839190875,3.391650242498526,3.788232228552824,V1-holdout
era4tb_B_MXF1x_r3,3.0,100.0,1.0,0,3.39794000867204,0.0201871994626483,3.677305674483258,3.494862127583203,3.8214235234935905,V1-holdout
era4tb_B_MXF1x_r3,7.0,100.0,1.0,0,3.38021124171161,0.02018662083431604,3.880582037286844,3.656924796834183,3.998114576420387,V1-holdout
era4tb_B_MXF1x_r3,10.0,100.0,1.0,0,4.14612803567824,0.02018651274866619,4.399563080445002,4.189604904731144,4.523233940617375,V1-holdout
era4tb_B_MXF1x_r3,14.0,100.0,1.0,0,3.80617997398389,0.02018651233608489,5.068493901079929,4.6855640470835835,5.4579462189610135,V1-holdout
era4tb_B_untreated_r1,0.0,100.0,1.0,0,3.74036268949424,0.02020998842123904,3.2701842821569906,3.0634707493784137,3.465632224015618,V1-holdout
era4tb_B_untreated_r1,1.0,100.0,1.0,0,3.47712125471966,0.020187679768509947,3.6003281865429537,3.438141824184489,3.782055502213523,V1-holdout
era4tb_B_untreated_r1,2.0,100.0,1.0,0,3.66275783168157,0.020186556791218908,3.9480412743707163,3.7667032648697742,4.189835853353017,V1-holdout
era4tb_B_untreated_r1,3.0,100.0,1.0,0,3.60205999132796,0.020186521819657372,4.10132021609651,3.931570914422897,4.323709888891647,V1-holdout
era4tb_B_untreated_r1,7.0,100.0,1.0,0,4.83884909073726,0.020186512425499837,4.7311265712953485,4.330194871604609,4.936935411343467,V1-holdout
era4tb_B_untreated_r1,10.0,100.0,1.0,0,5.11394335230684,0.02018651233546498,5.083070304989711,4.922929008183054,5.4006019167075525,V1-holdout
era4tb_B_untreated_r1,14.0,100.0,1.0,0,5.6232492903979,0.020186512335428713,5.7246115455645254,5.4545542231622,6.071929990890224,V1-holdout
era4tb_B_untreated_r2,0.0,100.0,1.0,0,3.39794000867204,0.02019372119476451,3.3819984575910262,3.21666921061681,3.655352125710238,V1-holdout
era4tb_B_untreated_r2,2.0,100.0,1.0,1,,0.020186537483526192,4.076366281964994,3.798438093949067,4.3529702153621574,V1-holdout
era4tb_B_untreated_r2,3.0,100.0,1.0,0,4.25527250510331,0.020186518367484904,4.185877024513243,3.934659709726925,4.431657400123957,V1-holdout
era4tb_B_untreated_r2,7.0,100.0,1.0,0,4.73239375982297,0.020186512376470914,4.6298126378860465,4.335883715761458,4.805756465153891,V1-holdout
era4tb_B_untreated_r2,10.0,100.0,1.0,0,5.23044892137827,0.020186512335522218,5.134298130881546,4.843204745406319,5.398908176692372,V1-holdout
era4tb_B_untreated_r2,14.0,100.0,1.0,0,5.41497334797082,0.020186512335428765,5.638601547951333,5.296492750634983,6.236611663827181,V1-holdout
era4tb_B_untreated_r3,0.0,100.0,1.0,0,3.86332286012046,0.020202769581909013,3.3464225547612054,3.091361386369807,3.5683816150813947,V1-holdout
era4tb_B_untreated_r3,1.0,100.0,1.0,1,,0.020187169893116363,3.6739710942145414,3.520275420709323,3.8041404717867815,V1-holdout
era4tb_B_untreated_r3,2.0,100.0,1.0,0,3.23044892137827,0.02018653521743152,3.991483863591775,3.8706360010094274,4.221565948851553,V1-holdout
era4tb_B_untreated_r3,3.0,100.0,1.0,0,4.25527250510331,0.020186521596959734,4.09648453036494,3.964880005869746,4.320642476428872,V1-holdout
era4tb_B_untreated_r3,7.0,100.0,1.0,0,4.53147891704226,0.020186512725596312,4.516487197457599,4.258846600347825,4.867769356898444,V1-holdout
era4tb_B_untreated_r3,10.0,100.0,1.0,0,5.17609125905568,0.020186512335596075,4.975384178946193,4.813990001214667,5.29593035775827,V1-holdout
era4tb_B_untreated_r3,14.0,100.0,1.0,0,5.14612803567824,0.020186512335428723,5.598032240308657,5.2834627711048405,6.093360553479118,V1-holdout
era4tb_C_INH10x_r1,0.0,100.0,1.0,0,4.17609125905568,0.020191143285481068,3.7508716438394423,3.3670845132678826,3.8665431545196864,V1-holdout
era4tb_C_INH10x_r1,1.0,100.0,1.0,0,1.47712125471966,0.023165044172655944,2.7007197643510303,2.274441314233709,2.9286771733145676,V1-holdout
era4tb_C_INH10x_r1,2.0,100.0,1.0,1,,0.1420474619956418,1.631695846269015,1.1817981151995358,2.016106222904719,V1-holdout
era4tb_C_INH10x_r1,3.0,100.0,1.0,1,,0.3923396164641675,0.96153973461933,0.5945104596149214,1.4222704552756047,V1-holdout
era4tb_C_INH10x_r1,7.0,100.0,1.0,1,,0.9759674069992647,-1.472428462446162,-2.280779036937057,-0.1364609945176537,V1-holdout
era4tb_C_INH10x_r1,10.0,100.0,1.0,1,,0.9780045171953392,-1.9006139470996222,-3.2692334205776947,-0.16375514360830334,V1-holdout
era4tb_C_INH10x_r1,14.0,100.0,1.0,1,,0.971787190812315,-3.150649764944472,-4.920636644108481,-0.20014734239583665,V1-holdout
era4tb_C_INH10x_r1,21.0,100.0,1.0,1,,0.9556658903958113,-4.032052572633135,-6.909900783620823,0.12565369589080766,V1-holdout
era4tb_C_INH10x_r1,28.0,100.0,1.0,1,,0.9377720833198069,-4.933831702499788,-8.899164923133165,0.45145473417745197,V1-holdout
era4tb_C_INH10x_r2,0.0,100.0,1.0,0,4.77815125038364,0.020187655447013866,3.8559647247717153,3.44843272332119,3.989927979620121,V1-holdout
era4tb_C_INH10x_r2,1.0,100.0,1.0,0,1.0,0.02153573891629527,2.7252979967305246,2.434651523789991,2.9697808596158413,V1-holdout
era4tb_C_INH10x_r2,2.0,100.0,1.0,1,,0.11694333761410804,1.6602115322239142,1.3628160933280684,2.0397843730218836,V1-holdout
era4tb_C_INH10x_r2,3.0,100.0,1.0,1,,0.34736888996768056,1.0920105551143928,0.7754966889706891,1.4967536542343083,V1-holdout
era4tb_C_INH10x_r2,7.0,100.0,1.0,1,,0.9803061576807963,-1.1325338291428277,-1.9089622117955267,-0.48357296635667607,V1-holdout
era4tb_C_INH10x_r2,10.0,100.0,1.0,1,,0.9919217605097846,-1.5860317742387275,-2.738700839130268,-0.9161844000093249,V1-holdout
era4tb_C_INH10x_r2,14.0,100.0,1.0,1,,0.9968836042596809,-2.153524692115062,-3.9436694730918807,-1.1971149974204756,V1-holdout
era4tb_C_INH10x_r2,21.0,100.0,1.0,1,,0.9986480637103863,-3.1274607145969817,-5.9747283683030785,-1.3990869091264664,V1-holdout
era4tb_C_INH10x_r2,28.0,100.0,1.0,1,,0.9982808491271886,-3.8047454807883576,-8.005787263514277,-1.2366914623516225,V1-holdout
era4tb_C_INH10x_r3,0.0,100.0,1.0,0,4.9731278535997,0.02018782510143182,3.6301965539197973,3.4748204922215113,3.9866523280329105,V1-holdout
era4tb_C_INH10x_r3,1.0,100.0,1.0,0,1.0,0.02212780459672766,2.6908785965162947,2.341229926865732,2.8373630173328874,V1-holdout
era4tb_C_INH10x_r3,2.0,100.0,1.0,1,,0.1333152047804212,1.6367395948475314,1.1896793449475884,1.9119970943658613,V1-holdout
era4tb_C_INH10x_r3,3.0,100.0,1.0,1,,0.363349319223422,1.1031430930878945,0.541924803268359,1.4592821618873728,V1-holdout
era4tb_C_INH10x_r3,7.0,100.0,1.0,1,,0.9761184544100396,-1.094270278628474,-2.049093363448559,-0.27610979163600335,V1-holdout
era4tb_C_INH10x_r3,10.0,100.0,1.0,1,,0.9901703593645288,-1.5909345556757586,-2.646608868975726,-0.6803327213754602,V1-holdout
era4tb_C_INH10x_r3,14.0,100.0,1.0,1,,0.9968821062149261,-2.2271464913124976,-3.443296209678616,-1.1332783263292885,V1-holdout
era4tb_C_INH10x_r3,21.0,100.0,1.0,1,,0.9985407261334043,-2.9615354844916344,-4.4925503169509735,-1.507807820722199,V1-holdout
era4tb_C_INH10x_r3,28.0,100.0,1.0,1,,0.9977250767593474,-3.892055696186673,-5.9660586341721284,-1.1385900674172518,V1-holdout
era4tb_C_INH1x_r1,0.0,100.0,1.0,0,5.07918124604763,0.020187265627474076,3.7347900698379797,3.426399736387416,3.93450845656696,V1-holdout
era4tb_C_INH1x_r1,1.0,100.0,1.0,0,3.7160033436348,0.020273833801520716,3.0691657472236584,2.839377280086125,3.251461753070601,V1-holdout
era4tb_C_INH1x_r1,2.0,100.0,1.0,0,2.44715803134222,0.023915186515941954,2.4379597934764545,2.262811463069332,2.6734783778154227,V1-holdout
era4tb_C_INH1x_r1,3.0,100.0,1.0,0,1.47712125471966,0.029887276964041875,2.2548072480782047,2.0648732029580974,2.4896313814989477,V1-holdout
era4tb_C_INH1x_r1,7.0,100.0,1.0,1,,0.1732103537089645,1.4589746737778997,1.0358139204844063,1.907467342602366,V1-holdout
era4tb_C_INH1x_r1,10.0,100.0,1.0,1,,0.0333783406619681,2.2129575051826413,1.9541202145937797,2.5935899519441805,V1-holdout
era4tb_C_INH1x_r1,14.0,100.0,1.0,0,1.90308998699194,0.020236329138461476,3.2012332774154624,2.9361440908208274,3.572766138054992,V1-holdout
era4tb_C_INH1x_r1,21.0,100.0,1.0,0,6.07918124604763,0.020186512335437102,5.285228631783891,5.010177991791317,5.557008492616728,V1-holdout
era4tb_C_INH1x_r1,28.0,100.0,1.0,0,6.80617997398389,0.02018651233542869,7.346116696099708,6.889738528289813,8.048113052616566,V1-holdout
era4tb_C_INH1x_r2,0.0,100.0,1.0,0,4.74036268949424,0.02018769231662023,3.647508700381196,3.431957221394334,3.8739789955885464,V1-holdout
era4tb_C_INH1x_r2,1.0,100.0,1.0,0,3.63346845557959,0.02034151977453362,3.033189920960881,2.782959824087362,3.248793368974565,V1-holdout
era4tb_C_INH1x_r2,2.0,100.0,1.0,0,1.47712125471966,0.026121339413494482,2.391400028988289,2.1350589404316938,2.629257794130503,V1-holdout
era4tb_C_INH1x_r2,3.0,100.0,1.0,1,,0.03588587902643225,2.129026224437826,1.9443640827295872,2.41720655468873,V1-holdout
era4tb_C_INH1x_r2,7.0,100.0,1.0,1,,0.26168627414322093,1.2538383857112572,0.9762691286618246,1.7038493424307446,V1-holdout
era4tb_C_INH1x_r2,10.0,100.0,1.0,1,,0.057223292118587,1.9273025880045922,1.685626645033591,2.31517435754636,V1-holdout
era4tb_C_INH1x_r2,14.0,100.0,1.0,0,2.32221929473392,0.020706455731771323,2.9428914180249337,2.5658889043320374,3.404963296120262,V1-holdout
era4tb_C_INH1x_r2,21.0,100.0,1.0,0,6.14612803567824,0.02018651233543935,5.171301918948509,5.056560501906756,5.434670832898987,V1-holdout
era4tb_C_INH1x_r2,28.0,100.0,1.0,0,7.01703333929878,0.02018651233542869,7.446339397782417,7.190911782127645,7.8756593930718415,V1-holdout
era4tb_C_INH1x_r3,0.0,100.0,1.0,0,4.76342799356294,0.020187305118043546,3.774417866584657,3.4041976524620514,3.917188295661147,V1-holdout
era4tb_C_INH1x_r3,1.0,100.0,1.0,0,3.47712125471966,0.020305954254783307,3.0878579402307467,2.774031410945647,3.289622315038095,V1-holdout
era4tb_C_INH1x_r3,2.0,100.0,1.0,0,1.47712125471966,0.02603208309180575,2.4012980138768363,2.1406758861214037,2.647049286820437,V1-holdout
era4tb_C_INH1x_r3,3.0,100.0,1.0,1,,0.0364704290674441,2.138615758042511,1.940046966130884,2.405527032836975,V1-holdout
era4tb_C_INH1x_r3,7.0,100.0,1.0,1,,0.2934770258054988,1.2356435215382673,0.8403564094628408,1.5096543558474722,V1-holdout
era4tb_C_INH1x_r3,10.0,100.0,1.0,1,,0.06146201603115262,1.950494019963931,1.6755416068201079,2.1576500503029012,V1-holdout
era4tb_C_INH1x_r3,14.0,100.0,1.0,1,,0.020618410734742618,2.913972282381221,2.597921862816484,3.194812234545211,V1-holdout
era4tb_C_INH1x_r3,21.0,100.0,1.0,0,6.17609125905568,0.020186512335456465,5.178140181688606,4.90889631834646,5.33179961305377,V1-holdout
era4tb_C_INH1x_r3,28.0,100.0,1.0,0,6.72427586960079,0.02018651233542869,7.442308080995991,7.0889040271944594,7.757065939113777,V1-holdout
era4tb_C_MXF10x_r1,0.0,100.0,1.0,0,4.63346845557959,0.020186532448869244,4.036555293764716,3.837557764597765,4.23714016566374,V1-holdout
era4tb_C_MXF10x_r1,1.0,100.0,1.0,0,3.30102999566398,0.0201879052812309,3.5867180281136517,3.40627980359778,3.7694987725500075,V1-holdout
era4tb_C_MXF10x_r1,2.0,100.0,1.0,0,3.09691001300806,0.020246041443983735,3.1647612068889956,2.9537906817471185,3.322539345822647,V1-holdout
era4tb_C_MXF10x_r1,3.0,100.0,1.0,0,2.85733249643127,0.020804733110309944,2.7563376183618264,2.606161505063065,2.9497152296000975,V1-holdout
era4tb_C_MXF10x_r1,7.0,100.0,1.0,1,,0.26201258105116837,1.2807624795631338,0.791729186045075,1.7580461507699314,V1-holdout
era4tb_C_MXF10x_r1,10.0,100.0,1.0,1,,0.6527474930915381,0.4131970832232348,-0.5227451701591787,1.1795872509509955,V1-holdout
era4tb_C_MXF10x_r1,14.0,100.0,1.0,1,,0.9040863380529499,-0.6777120317568515,-2.4090893122526693,0.4962104806914968,V1-holdout
era4tb_C_MXF10x_r1,21.0,100.0,1.0,1,,0.9890308744253014,-2.5439444010055876,-4.910862001246113,-0.3965093258616199,V1-holdout
era4tb_C_MXF10x_r1,28.0,100.0,1.0,1,,0.9980316829671161,-5.044256644544117,-7.506923596097161,-1.1378379955902584,V1-holdout
era4tb_C_MXF10x_r2,1.0,100.0,1.0,0,3.47712125471966,0.02018711860073495,3.735637924343529,3.4926493662979,3.9663074094352195,V1-holdout
era4tb_C_MXF10x_r2,2.0,100.0,1.0,0,2.8750612633917,0.02021775273865112,3.309372851919982,3.0359688885996423,3.5584000890378777,V1-holdout
era4tb_C_MXF10x_r2,3.0,100.0,1.0,0,2.51851393987789,0.020632278707753558,2.8611634692209154,2.638457453474069,3.1926360752369916,V1-holdout
era4tb_C_MXF10x_r2,7.0,100.0,1.0,1,,0.27161671776010626,1.2404549052309672,0.7410524385444555,1.8410871989272242,V1-holdout
era4tb_C_MXF10x_r2,10.0,100.0,1.0,1,,0.6234820491222657,0.6135501282768696,-0.28079319685735404,1.1743967020693364,V1-holdout
era4tb_C_MXF10x_r2,14.0,100.0,1.0,1,,0.898937864971049,-0.43265627814148555,-1.8700460005464175,0.402062528469884,V1-holdout
era4tb_C_MXF10x_r2,21.0,100.0,1.0,1,,0.9839097783399998,-2.2446269139310298,-5.155184415945012,-0.14959838436111572,V1-holdout
era4tb_C_MXF10x_r2,28.0,100.0,1.0,1,,0.9948047227508249,-3.9131595638688426,-8.634220877478999,-0.7611156419253149,V1-holdout
era4tb_C_MXF10x_r3,1.0,100.0,1.0,0,3.69897000433602,0.020187502400675152,3.6164672224105123,3.4271124875954797,3.835292265339014,V1-holdout
era4tb_C_MXF10x_r3,2.0,100.0,1.0,0,2.85125834871908,0.020239610547541708,3.1460768537072323,2.9002438705820044,3.3932536307973127,V1-holdout
era4tb_C_MXF10x_r3,3.0,100.0,1.0,0,2.54406804435028,0.02074717008450204,2.7745116051035676,2.589564174431105,3.0170814234859686,V1-holdout
era4tb_C_MXF10x_r3,7.0,100.0,1.0,1,,0.2255550431159337,1.459919786350643,0.8230116650330246,1.8201345309577333,V1-holdout
era4tb_C_MXF10x_r3,10.0,100.0,1.0,1,,0.5954714819927833,0.6124340299360549,-0.31097893629968826,1.274333651876678,V1-holdout
era4tb_C_MXF10x_r3,14.0,100.0,1.0,1,,0.8574560846346263,-0.49881151923266476,-2.0046758902755335,0.767684627545731,V1-holdout
era4tb_C_MXF10x_r3,21.0,100.0,1.0,1,,0.9696683584557958,-2.810983547015624,-4.436358448402464,0.10283910487291661,V1-holdout
era4tb_C_MXF10x_r3,28.0,100.0,1.0,1,,0.9883439035894138,-5.0977056059432755,-6.8579788343785655,-0.7534867964565943,V1-holdout
era4tb_C_MXF1x_r1,0.0,100.0,1.0,0,4.54406804435028,0.020186513974445274,4.2196819373338155,4.054738258099897,4.484592190637998,V1-holdout
era4tb_C_MXF1x_r1,1.0,100.0,1.0,0,4.53147891704226,0.020186515603050247,4.207990105095546,3.9866044296854737,4.391470911915282,V1-holdout
era4tb_C_MXF1x_r1,2.0,100.0,1.0,0,4.54406804435028,0.02018651950012347,4.197557457481965,3.920940093857212,4.370437766592337,V1-holdout
era4tb_C_MXF1x_r1,3.0,100.0,1.0,0,4.44715803134222,0.02018652079320732,4.127128126100107,3.931532786212084,4.280275837770989,V1-holdout
era4tb_C_MXF1x_r1,7.0,100.0,1.0,0,3.25527250510331,0.02018666256102295,3.8688116659766862,3.6266675372435384,4.122650642646392,V1-holdout
era4tb_C_MXF1x_r1,10.0,100.0,1.0,0,4.0,0.020186512623285524,4.423491501683921,4.154139638673425,4.612519884225331,V1-holdout
era4tb_C_MXF1x_r1,14.0,100.0,1.0,0,4.61278385671974,0.020186512336956428,5.12692860518055,4.654905861526475,5.5269474461162345,V1-holdout
era4tb_C_MXF1x_r1,21.0,100.0,1.0,0,6.32221929473392,0.02018651233542869,6.133266755383924,5.901212834972973,6.492283181021746,V1-holdout
era4tb_C_MXF1x_r1,28.0,100.0,1.0,0,6.90308998699194,0.02018651233542869,7.159092704052516,6.8061087198599,7.582130610259146,V1-holdout
era4tb_C_MXF1x_r2,0.0,100.0,1.0,0,4.47712125471966,0.020186526323927322,4.302615839213511,3.9921717645539383,4.497629201269395,V1-holdout
era4tb_C_MXF1x_r2,1.0,100.0,1.0,0,4.67209785793572,0.020186517626887078,4.28823507386204,4.027677951698981,4.469411090480026,V1-holdout
era4tb_C_MXF1x_r2,2.0,100.0,1.0,0,4.90308998699194,0.020186515256986025,4.2077509281992365,4.059548532198506,4.474320847163571,V1-holdout
era4tb_C_MXF1x_r2,3.0,100.0,1.0,0,4.74036268949424,0.020186514997704977,4.182756323405349,4.056543681279448,4.33635676637127,V1-holdout
era4tb_C_MXF1x_r2,7.0,100.0,1.0,0,2.0,0.020186538414758426,4.015549041469662,3.7894232046181773,4.388254445370974,V1-holdout
era4tb_C_MXF1x_r2,10.0,100.0,1.0,0,4.0,0.02018651238323959,4.600188805861201,4.385842693700727,4.814304224731812,V1-holdout
era4tb_C_MXF1x_r2,14.0,100.0,1.0,0,4.69019608002851,0.0201865123354404,5.270724084121785,5.077310099208792,5.4190321834616295,V1-holdout
era4tb_C_MXF1x_r2,21.0,100.0,1.0,0,6.44715803134222,0.02018651233542869,6.278424011746633,6.054694628990286,6.525806876252964,V1-holdout
era4tb_C_MXF1x_r2,28.0,100.0,1.0,0,6.88649072517248,0.02018651233542869,7.286429607146166,7.005968380730798,7.719774787165984,V1-holdout
era4tb_C_MXF1x_r3,0.0,100.0,1.0,0,4.44715803134222,0.020186513500750663,4.309255678289254,4.059365258371378,4.568391961316412,V1-holdout
era4tb_C_MXF1x_r3,1.0,100.0,1.0,0,4.57978359661681,0.020186514000960987,4.285509358720611,4.07293707896721,4.503071128256675,V1-holdout
era4tb_C_MXF1x_r3,2.0,100.0,1.0,0,4.88649072517248,0.020186515505827615,4.302762056822529,4.016862008029874,4.437750295196938,V1-holdout
era4tb_C_MXF1x_r3,3.0,100.0,1.0,0,4.70757017609794,0.02018651482590503,4.295381089942939,3.9837169368979075,4.405729786916888,V1-holdout
era4tb_C_MXF1x_r3,7.0,100.0,1.0,1,,0.02018654655011918,4.167838454473216,3.696270235496363,4.475892523118845,V1-holdout
era4tb_C_MXF1x_r3,14.0,100.0,1.0,0,4.61278385671974,0.0201865123354823,5.193538414018093,4.855530187135119,5.441994768021977,V1-holdout
era4tb_C_MXF1x_r3,21.0,100.0,1.0,0,6.30102999566398,0.02018651233542869,6.214443727069067,5.923752063753766,6.426121693255814,V1-holdout
era4tb_C_MXF1x_r3,28.0,100.0,1.0,0,7.25527250510331,0.02018651233542869,7.23624488470292,6.804556251120987,7.571231929212058,V1-holdout
era4tb_C_untreated_r1,0.0,100.0,1.0,0,4.66275783168157,0.020186524210174632,4.264686179518134,3.8572986117768324,4.565763778872139,V1-holdout
era4tb_C_untreated_r1,1.0,100.0,1.0,0,4.55630250076729,0.020186512575025583,4.496875285745843,4.198718560796408,4.742557158034823,V1-holdout
era4tb_C_untreated_r1,2.0,100.0,1.0,0,4.93951925261862,0.020186512339467562,4.748764413617377,4.515302119757201,4.977268524490448,V1-holdout
era4tb_C_untreated_r1,3.0,100.0,1.0,0,5.5910646070265,0.02018651233567503,4.942012413381409,4.740760532304134,5.148620703666619,V1-holdout
era4tb_C_untreated_r1,7.0,100.0,1.0,0,5.63346845557959,0.020186512335428695,5.717558193853932,5.384559743031052,5.928993835905724,V1-holdout
era4tb_C_untreated_r1,10.0,100.0,1.0,0,5.78532983501077,0.02018651233542869,6.262565061236254,6.02882343262015,6.476703201107549,V1-holdout
era4tb_C_untreated_r1,14.0,100.0,1.0,0,6.76342799356294,0.02018651233542869,7.0231399494113855,6.806041414534123,7.2384453621561295,V1-holdout
era4tb_C_untreated_r1,21.0,100.0,1.0,0,6.66275783168157,0.02018651233542869,7.366030025251755,6.932902843380609,7.572957005916733,V1-holdout
era4tb_C_untreated_r1,28.0,100.0,1.0,0,7.14612803567824,0.02018651233542869,7.654029557617484,7.022293086571242,7.9288698793147345,V1-holdout
era4tb_C_untreated_r2,0.0,100.0,1.0,0,4.39794000867204,0.020186514194863767,4.290458654480914,4.064563967445124,4.5045939431307875,V1-holdout
era4tb_C_untreated_r2,1.0,100.0,1.0,0,4.95904139232109,0.02018651239070014,4.571115586881808,4.372653351736273,4.75608544839048,V1-holdout
era4tb_C_untreated_r2,2.0,100.0,1.0,0,5.0,0.020186512336722407,4.879988264420511,4.672724419057997,5.068551990588933,V1-holdout
era4tb_C_untreated_r2,3.0,100.0,1.0,0,5.07188200730613,0.02018651233548123,5.105200991549063,4.913958975757429,5.318611508270473,V1-holdout
era4tb_C_untreated_r2,7.0,100.0,1.0,0,5.70757017609794,0.020186512335428692,5.941624126408312,5.6493749647101925,6.299262624302638,V1-holdout
era4tb_C_untreated_r2,10.0,100.0,1.0,0,5.7481880270062,0.02018651233542869,6.368226122586011,6.186381916311096,6.722860472604623,V1-holdout
era4tb_C_untreated_r2,14.0,100.0,1.0,0,6.83250891270624,0.02018651233542869,6.9682689434771286,6.733347579182161,7.434050365219151,V1-holdout
era4tb_C_untreated_r2,21.0,100.0,1.0,0,6.27875360095283,0.02018651233542869,7.237391263463271,7.0391198658407275,7.421212741083665,V1-holdout
era4tb_C_untreated_r2,28.0,100.0,1.0,0,7.23044892137827,0.02018651233542869,7.3519709053738325,7.113534801008699,7.7019185675915205,V1-holdout
era4tb_C_untreated_r3,0.0,100.0,1.0,0,4.75587485567249,0.020186516149536492,4.164780309249485,3.991447235889648,4.414235640966673,V1-holdout
era4tb_C_untreated_r3,1.0,100.0,1.0,1,,0.020186512417986482,4.456880070867844,4.365090213407625,4.655147757964071,V1-holdout
era4tb_C_untreated_r3,2.0,100.0,1.0,0,4.8750612633917,0.020186512337506034,4.779788703840764,4.617233212861443,4.918040798793253,V1-holdout
era4tb_C_untreated_r3,3.0,100.0,1.0,0,5.11394335230684,0.020186512335553422,4.999237646131641,4.854704448585018,5.100581559039151,V1-holdout
era4tb_C_untreated_r3,7.0,100.0,1.0,0,5.68124123737559,0.020186512335428692,5.881662570075292,5.626365728055585,6.102988607367002,V1-holdout
era4tb_C_untreated_r3,10.0,100.0,1.0,0,5.70757017609794,0.02018651233542869,6.408239892097221,6.158146590888346,6.519810496758946,V1-holdout
era4tb_C_untreated_r3,14.0,100.0,1.0,0,6.88081359228079,0.02018651233542869,7.017189799116972,6.756352761680848,7.282482604224102,V1-holdout
era4tb_C_untreated_r3,21.0,100.0,1.0,0,6.86923171973098,0.02018651233542869,7.308040913267542,7.064270046283315,7.43156641039934,V1-holdout
era4tb_C_untreated_r3,28.0,100.0,1.0,0,7.30102999566398,0.02018651233542869,7.5315575003942286,7.1944519899284165,7.851814829740253,V1-holdout
era4tb_D_INH10x_r1,0.0,100.0,1.0,0,4.92427928606188,0.020186512335893195,4.839091366040506,4.734244540797192,5.007489925767092,V1-holdout
era4tb_D_INH10x_r1,1.0,100.0,1.0,0,4.17609125905568,0.020186522980784175,4.055884705638314,3.9405134015176335,4.178057307637396,V1-holdout
era4tb_D_INH10x_r1,3.0,100.0,1.0,0,3.06445798922692,0.020247556388845792,3.13947044579902,2.992807255033942,3.230426431992127,V1-holdout
era4tb_D_INH10x_r1,7.0,100.0,1.0,0,2.23044892137827,0.02268271113232795,2.5317021863195555,2.3747748920878626,2.761338634226927,V1-holdout
era4tb_D_INH10x_r1,10.0,100.0,1.0,0,3.0,0.020249080081876824,3.0944787506455187,2.9689230209423845,3.2342951223739513,V1-holdout
era4tb_D_INH10x_r1,14.0,100.0,1.0,0,3.69019608002851,0.020186613276593535,3.8448475030801372,3.7091756560053177,3.979995121471733,V1-holdout
era4tb_D_INH10x_r1,21.0,100.0,1.0,0,4.92941892571429,0.020186512335429205,5.455478253573754,5.130566653292881,5.89181772303616,V1-holdout
era4tb_D_INH10x_r2,0.0,100.0,1.0,0,4.76342799356294,0.020186512348902296,4.752263245759273,4.488511861858282,5.01941855404452,V1-holdout
era4tb_D_INH10x_r2,3.0,100.0,1.0,0,3.02118929906994,0.0202767111441487,3.0646725524827834,2.913272359893096,3.1484879338184193,V1-holdout
era4tb_D_INH10x_r2,7.0,100.0,1.0,0,2.51851393987789,0.023572129756449046,2.5219470483906488,2.2849025077971157,2.8406853173839317,V1-holdout
era4tb_D_INH10x_r2,10.0,100.0,1.0,0,2.95424250943932,0.02027135961307928,3.121587555561735,2.8688463023245157,3.4591918895031197,V1-holdout
era4tb_D_INH10x_r2,14.0,100.0,1.0,0,3.85125834871908,0.020187011946892913,4.002947489007233,3.4377980507576407,4.306719644926347,V1-holdout
era4tb_D_INH10x_r2,21.0,100.0,1.0,0,5.07918124604763,0.020186512335475894,5.069372697776943,4.913597386012132,5.477049134662092,V1-holdout
era4tb_D_INH10x_r3,0.0,100.0,1.0,0,4.76342799356294,0.020186512338862105,4.691866514008254,4.580785178182504,4.951054145537954,V1-holdout
era4tb_D_INH10x_r3,1.0,100.0,1.0,0,4.17026171539496,0.020186549170916855,3.9592225167919635,3.801341489056967,4.108529184831014,V1-holdout
era4tb_D_INH10x_r3,3.0,100.0,1.0,0,2.78532983501077,0.020316953967387964,2.9927722231622083,2.8691515700423063,3.196118549890434,V1-holdout
era4tb_D_INH10x_r3,7.0,100.0,1.0,0,3.04532297878666,0.026107594694707956,2.447371910788382,2.080858792025929,2.873444807963846,V1-holdout
era4tb_D_INH10x_r3,10.0,100.0,1.0,0,2.90308998699194,0.020448023644539015,3.023247664672452,2.6802279833150573,3.3834956455675718,V1-holdout
era4tb_D_INH10x_r3,14.0,100.0,1.0,0,3.7481880270062,0.020187432941237524,3.6204845918704205,3.479386905033895,4.232090069177943,V1-holdout
era4tb_D_INH10x_r3,21.0,100.0,1.0,0,5.32221929473392,0.020186512335501006,5.189206635325004,4.938389503752205,5.538626694566145,V1-holdout
era4tb_D_INH1x_r1,0.0,100.0,1.0,0,4.96378782734556,0.020186512367304225,4.682913405345183,4.393948940967235,4.865116325548251,V1-holdout
era4tb_D_INH1x_r1,1.0,100.0,1.0,0,4.34242268082221,0.02018652362903768,4.123910599565157,3.8808055159832,4.301389714375638,V1-holdout
era4tb_D_INH1x_r1,3.0,100.0,1.0,0,3.33243845991561,0.020192727350546655,3.41078031981794,3.2308652815842325,3.632864671999432,V1-holdout
era4tb_D_INH1x_r1,7.0,100.0,1.0,0,3.23044892137827,0.020761080184902393,2.794270423949177,2.6414035411651753,3.2015890383932106,V1-holdout
era4tb_D_INH1x_r1,10.0,100.0,1.0,0,3.11394335230684,0.020210230658498977,3.230701501231328,3.06264964021875,3.6345745256659656,V1-holdout
era4tb_D_INH1x_r1,14.0,100.0,1.0,0,3.91381385238372,0.020186695364599827,3.874839321675288,3.5984389648435116,4.28759180884,V1-holdout
era4tb_D_INH1x_r1,21.0,100.0,1.0,0,5.05307844348342,0.02018651233554839,5.038278328173535,4.798764887374942,5.283562611842903,V1-holdout
era4tb_D_INH1x_r2,0.0,100.0,1.0,0,4.77085201164214,0.02018651235948257,4.584952005274566,4.434798807302564,4.815923218358086,V1-holdout
era4tb_D_INH1x_r2,1.0,100.0,1.0,0,4.86332286012046,0.02018652001543714,4.082188366343838,3.965830063898912,4.242697381087135,V1-holdout
era4tb_D_INH1x_r2,3.0,100.0,1.0,0,3.34635297445064,0.020190182058344813,3.4499146944969636,3.3246425236964283,3.6029891046962432,V1-holdout
era4tb_D_INH1x_r2,7.0,100.0,1.0,0,2.88081359228079,0.021048752450555094,2.9214340362628377,2.439527374548688,3.4364506328442985,V1-holdout
era4tb_D_INH1x_r2,10.0,100.0,1.0,0,3.11394335230684,0.020198430125611868,3.483534228561125,3.084959896691813,3.7265338381629025,V1-holdout
era4tb_D_INH1x_r2,14.0,100.0,1.0,0,3.78532983501077,0.020186529029483615,4.187654392119398,3.8702675950612258,4.449666521245636,V1-holdout
era4tb_D_INH1x_r3,0.0,100.0,1.0,0,4.60205999132796,0.020186512342460446,4.700355642926964,4.578830020391412,4.909649080625676,V1-holdout
era4tb_D_INH1x_r3,1.0,100.0,1.0,0,4.80617997398389,0.020186514791802675,4.211104247578295,4.0772480300632665,4.362118927925097,V1-holdout
era4tb_D_INH1x_r3,3.0,100.0,1.0,0,3.34439227368511,0.020187893433733846,3.5310179710920306,3.4391787498437223,3.7674532454865615,V1-holdout
era4tb_D_INH1x_r3,7.0,100.0,1.0,0,2.77085201164214,0.02031530827608941,3.0568768271617506,2.799018591156544,3.339788773102648,V1-holdout
era4tb_D_INH1x_r3,10.0,100.0,1.0,0,3.94939000664491,0.02019111442619042,3.4873714102506637,3.272757554471156,3.665300801933059,V1-holdout
era4tb_D_INH1x_r3,14.0,100.0,1.0,0,3.89762709129044,0.020186542572618205,4.0342706349405235,3.7280424284316,4.251224546794874,V1-holdout
era4tb_D_INH1x_r3,21.0,100.0,1.0,0,5.26007138798508,0.020186512357632365,4.892786395860879,4.373258303479907,5.378226009105473,V1-holdout
era4tb_D_MXF10x_r1,0.0,100.0,1.0,0,4.65321251377534,0.020186512360736177,4.673191228299588,4.456709945171846,4.822386723756836,V1-holdout
era4tb_D_MXF10x_r1,3.0,100.0,1.0,0,3.6232492903979,0.02018657694705432,3.8274696567349125,3.7883153427500207,4.03521729392046,V1-holdout
era4tb_D_MXF10x_r1,7.0,100.0,1.0,0,3.49136169383427,0.020198849734943247,3.368565189885703,3.1753891127854876,3.509191293368368,V1-holdout
era4tb_D_MXF10x_r1,10.0,100.0,1.0,0,3.23044892137827,0.02018863852048487,3.5376845697091404,3.3574154741481514,3.7763978687735205,V1-holdout
era4tb_D_MXF10x_r1,14.0,100.0,1.0,0,3.04139268515822,0.02018756465546139,3.7291848687887956,3.3037944056389446,4.196906274341599,V1-holdout
era4tb_D_MXF10x_r1,21.0,100.0,1.0,0,4.98227123303957,0.02018652669124923,4.638357103652431,3.8713200413291475,4.9125694847122485,V1-holdout
era4tb_D_MXF10x_r2,0.0,100.0,1.0,0,4.70757017609794,0.020186512413175175,4.537925895546786,4.398732344463077,4.7687308527067485,V1-holdout
era4tb_D_MXF10x_r2,1.0,100.0,1.0,0,4.14612803567824,0.020186514671089048,4.2559588698458475,4.098827425608268,4.445203927609085,V1-holdout
era4tb_D_MXF10x_r2,3.0,100.0,1.0,0,3.65321251377534,0.02018666778333746,3.7974368270986214,3.674249066155971,3.9246639979714706,V1-holdout
era4tb_D_MXF10x_r2,7.0,100.0,1.0,0,3.5910646070265,0.020212414355886346,3.3116270124445304,3.010756649219295,3.5385948798792493,V1-holdout
era4tb_D_MXF10x_r2,10.0,100.0,1.0,0,3.30102999566398,0.020226726908084,3.244296379983656,2.9258574144536684,3.7104454821539594,V1-holdout
era4tb_D_MXF10x_r2,14.0,100.0,1.0,0,2.95424250943932,0.020486415858638786,3.1850248513159114,2.627964352349378,4.057159918986584,V1-holdout
era4tb_D_MXF10x_r2,21.0,100.0,1.0,0,3.95424250943932,0.020274265922444534,3.6346082067533847,2.7800515802730814,4.266253232148512,V1-holdout
era4tb_D_MXF10x_r3,0.0,100.0,1.0,0,4.73239375982297,0.020186512481438237,4.460123899081894,4.279074730416944,4.686253487582363,V1-holdout
era4tb_D_MXF10x_r3,1.0,100.0,1.0,0,4.43136376415899,0.02018651629580452,4.2221782442686004,3.9851326925605264,4.309027640825485,V1-holdout
era4tb_D_MXF10x_r3,3.0,100.0,1.0,0,3.69019608002851,0.020186791628479615,3.73810643918441,3.6034500387899757,3.8404172013197875,V1-holdout
era4tb_D_MXF10x_r3,7.0,100.0,1.0,0,3.72427586960079,0.02021037610988191,3.321581973855161,3.029203878026307,3.580595619300971,V1-holdout
era4tb_D_MXF10x_r3,10.0,100.0,1.0,0,3.14612803567824,0.020192147214321745,3.55853256591222,3.1816473926214552,3.7619953945357345,V1-holdout
era4tb_D_MXF10x_r3,14.0,100.0,1.0,0,2.95424250943932,0.020187891281357104,3.874374553883744,3.354240485305388,4.1135463323112145,V1-holdout
era4tb_D_MXF10x_r3,21.0,100.0,1.0,0,4.88649072517248,0.020186512513557468,4.8269744870451685,4.425013706506577,5.372962126062927,V1-holdout
era4tb_D_MXF1x_r1,0.0,100.0,1.0,0,4.81291335664286,0.020186512335627974,4.993656424751695,4.748559083104326,5.093833339854529,V1-holdout
era4tb_D_MXF1x_r1,1.0,100.0,1.0,0,4.77815125038364,0.020186512335477715,5.040802962317319,4.874013019051276,5.175670982931727,V1-holdout
era4tb_D_MXF1x_r1,3.0,100.0,1.0,0,5.69019608002851,0.020186512335438757,5.200787828796259,5.014427630851613,5.316004274101338,V1-holdout
era4tb_D_MXF1x_r1,7.0,100.0,1.0,0,6.04532297878666,0.02018651233542878,5.432855764193124,5.270729256407015,5.674674037149225,V1-holdout
era4tb_D_MXF1x_r1,10.0,100.0,1.0,0,5.30102999566398,0.020186512335428695,5.607049058551178,5.49178041092659,5.861649620401472,V1-holdout
era4tb_D_MXF1x_r1,14.0,100.0,1.0,0,5.81291335664286,0.02018651233542869,5.897209155312369,5.677254745337485,6.291460477863372,V1-holdout
era4tb_D_MXF1x_r1,21.0,100.0,1.0,0,6.47712125471966,0.02018651233542869,6.144696642822764,5.781511311201875,6.313364895048718,V1-holdout
era4tb_D_MXF1x_r2,0.0,100.0,1.0,0,4.74036268949424,0.020186512337193825,4.828874123796001,4.602378493973459,4.959016210519372,V1-holdout
era4tb_D_MXF1x_r2,1.0,100.0,1.0,0,4.89762709129044,0.020186512336168187,4.925990006590432,4.698928013822694,5.050611323163118,V1-holdout
era4tb_D_MXF1x_r2,7.0,100.0,1.0,0,6.00432137378264,0.020186512335428744,5.458582935127536,5.316261046739942,5.819194139354011,V1-holdout
era4tb_D_MXF1x_r2,10.0,100.0,1.0,0,5.44715803134222,0.020186512335428692,5.675808473396359,5.578878667220192,5.864635863948555,V1-holdout
era4tb_D_MXF1x_r2,14.0,100.0,1.0,0,5.91381385238372,0.02018651233542869,5.988918055665761,5.785866763943984,6.175077255869598,V1-holdout
era4tb_D_MXF1x_r2,21.0,100.0,1.0,0,7.04921802267018,0.02018651233542869,6.1018023005124,5.74643481096285,6.6132411208326145,V1-holdout
era4tb_D_MXF1x_r3,0.0,100.0,1.0,0,4.91381385238372,0.020186512347208134,4.7799717030452245,4.447082244635276,4.991736924792655,V1-holdout
era4tb_D_MXF1x_r3,3.0,100.0,1.0,0,5.88081359228079,0.02018651233560737,5.0499207063416085,4.786844354519372,5.201172480105155,V1-holdout
era4tb_D_MXF1x_r3,10.0,100.0,1.0,0,5.79934054945358,0.0201865123354287,5.69448699181833,5.47527049993384,6.005055859084861,V1-holdout
era4tb_D_MXF1x_r3,14.0,100.0,1.0,0,6.13033376849501,0.020186512335428692,6.106371150239433,5.715068553866013,6.437547890303655,V1-holdout
era4tb_D_MXF1x_r3,21.0,100.0,1.0,0,6.17609125905568,0.02018651233542869,6.344832805714994,6.000876502403567,6.626754467995001,V1-holdout
era4tb_D_untreated_r1,0.0,100.0,1.0,0,4.56820172406699,0.020186512345229102,4.741511805807616,4.515519628025526,4.935076637912725,V1-holdout
era4tb_D_untreated_r1,3.0,100.0,1.0,0,5.47856649559384,0.02018651233542901,5.390441076529244,5.191028034748418,5.618567999992868,V1-holdout
era4tb_D_untreated_r1,7.0,100.0,1.0,0,5.8750612633917,0.020186512335428692,5.758615235556524,5.585941387708725,6.109770016862428,V1-holdout
era4tb_D_untreated_r1,10.0,100.0,1.0,0,5.77085201164214,0.02018651233542869,5.899462496604713,5.778963253145973,6.154584551370098,V1-holdout
era4tb_D_untreated_r1,14.0,100.0,1.0,0,6.2718416065365,0.02018651233542869,6.119265299589361,5.896899436743794,6.494586696856993,V1-holdout
era4tb_D_untreated_r1,21.0,100.0,1.0,0,6.88081359228079,0.02018651233542869,6.1540665093850055,5.715881988597286,6.6052882926857155,V1-holdout
era4tb_D_untreated_r2,0.0,100.0,1.0,0,4.69019608002851,0.020186512349030978,4.684781614025447,4.488736581007254,4.822532941950115,V1-holdout
era4tb_D_untreated_r2,1.0,100.0,1.0,0,5.41497334797082,0.02018651233560364,4.957568645947361,4.8536766828693025,5.1234715561339685,V1-holdout
era4tb_D_untreated_r2,3.0,100.0,1.0,0,5.75587485567249,0.020186512335429122,5.347669078361775,5.18357359766857,5.6192913245688425,V1-holdout
era4tb_D_untreated_r2,7.0,100.0,1.0,0,5.94448267215017,0.020186512335428793,5.795125339398597,5.4505385822483605,6.24060652082983,V1-holdout
era4tb_D_untreated_r2,10.0,100.0,1.0,0,6.01283722470517,0.02018651233542869,5.973586037824291,5.711343449011472,6.236535911504287,V1-holdout
era4tb_D_untreated_r2,14.0,100.0,1.0,0,6.22788670461367,0.02018651233542869,6.128456756693723,5.939134291344069,6.549413658263927,V1-holdout
era4tb_D_untreated_r2,21.0,100.0,1.0,0,6.68124123737559,0.02018651233542869,6.221392159828188,5.842993104320965,6.953478693927717,V1-holdout
era4tb_D_untreated_r3,0.0,100.0,1.0,0,4.69897000433602,0.020186512352649504,4.690301643462041,4.4123655486479825,4.945970906095045,V1-holdout
era4tb_D_untreated_r3,3.0,100.0,1.0,0,5.53147891704226,0.020186512335428803,5.458100484258923,5.2562202630555035,5.636851659009269,V1-holdout
era4tb_D_untreated_r3,7.0,100.0,1.0,0,6.20682587603185,0.02018651233542869,5.961422098929281,5.676344772453062,6.198113344675273,V1-holdout
era4tb_D_untreated_r3,10.0,100.0,1.0,0,5.93951925261862,0.02018651233542869,6.160746086306922,5.8020677002024375,6.269261209493894,V1-holdout
era4tb_D_untreated_r3,14.0,100.0,1.0,0,5.98677173426625,0.02018651233542869,6.353880358717067,5.972498339457406,6.5634556602410585,V1-holdout
era4tb_D_untreated_r3,21.0,100.0,1.0,0,6.68124123737559,0.02018651233542869,6.267956282532871,5.859099743283812,6.665987515511534,V1-holdout
era4tb_E_INH10x_r1,1.0,100.0,1.0,0,4.54406804435028,0.020186512335827068,4.919925022690042,4.662911966008228,5.140462743383037,V1-holdout
era4tb_E_INH10x_r1,2.0,100.0,1.0,0,4.7160033436348,0.020186519437577533,4.158664084287583,3.8689097057128934,4.298565344995466,V1-holdout
era4tb_E_INH10x_r1,3.0,100.0,1.0,0,4.14612803567824,0.02018653379113767,4.012389148860789,3.7916177976247187,4.140901632005626,V1-holdout
era4tb_E_INH10x_r1,7.0,100.0,1.0,0,3.20411998265592,0.02019361493731941,3.420465695183387,3.2093298087975524,3.642551572819863,V1-holdout
era4tb_E_INH10x_r1,10.0,100.0,1.0,0,4.07918124604763,0.020186515356106518,4.275052902715398,4.0187240966015425,4.401321603394327,V1-holdout
era4tb_E_INH10x_r1,14.0,100.0,1.0,0,5.69019608002851,0.020186512335438774,5.378391821582516,4.9491877834918805,5.699420699819637,V1-holdout
era4tb_E_INH10x_r2,1.0,100.0,1.0,0,4.67209785793572,0.020186512336149234,4.92308360369151,4.649188229106103,5.068939952570131,V1-holdout
era4tb_E_INH10x_r2,2.0,100.0,1.0,0,4.30102999566398,0.020186521717381983,4.061610027960164,3.9587622878294475,4.2968181694446335,V1-holdout
era4tb_E_INH10x_r2,3.0,100.0,1.0,0,4.30102999566398,0.02018654364899462,3.950680474944721,3.8316093119735313,4.096416562411,V1-holdout
era4tb_E_INH10x_r2,7.0,100.0,1.0,0,3.04139268515822,0.020200003338932793,3.4701182180326464,3.081886732581139,3.76904391158748,V1-holdout
era4tb_E_INH10x_r2,10.0,100.0,1.0,0,4.11394335230684,0.020186519404143292,4.310591743196939,3.9195827491498743,4.489913734890204,V1-holdout
era4tb_E_INH10x_r2,14.0,100.0,1.0,0,5.79934054945358,0.02018651233557356,5.347721473646009,4.818084822149992,5.534083565085712,V1-holdout
era4tb_E_INH10x_r3,1.0,100.0,1.0,0,4.67209785793572,0.02018651233682452,4.86242234338093,4.633930538827055,5.212485738917062,V1-holdout
era4tb_E_INH10x_r3,2.0,100.0,1.0,0,4.32221929473392,0.020186534784681322,4.077633890493548,3.8519502436716033,4.468566286375258,V1-holdout
era4tb_E_INH10x_r3,3.0,100.0,1.0,0,4.07918124604763,0.020186582196701018,3.954360133886119,3.758507340218963,4.304511742524484,V1-holdout
era4tb_E_INH10x_r3,7.0,100.0,1.0,0,3.0,0.020192665184055804,3.4753757326923838,3.1778262302371982,3.6564431619600724,V1-holdout
era4tb_E_INH10x_r3,10.0,100.0,1.0,0,3.90308998699194,0.020186513780298867,4.34658578803902,4.065501077183617,4.451375909477247,V1-holdout
era4tb_E_INH10x_r3,14.0,100.0,1.0,0,5.76342799356294,0.020186512335835117,5.370079911929498,4.895865471510808,5.68977801113457,V1-holdout
era4tb_E_INH1x_r1,1.0,100.0,1.0,0,4.81954393554187,0.020186512337425636,4.87198682053511,4.6343957198777,5.133581523767634,V1-holdout
era4tb_E_INH1x_r1,2.0,100.0,1.0,0,4.77815125038364,0.020186512850951147,4.371561093140599,4.2044684433369035,4.548578091408844,V1-holdout
era4tb_E_INH1x_r1,3.0,100.0,1.0,0,4.55630250076729,0.02018651296051134,4.294440920508669,4.157247227532739,4.482191840562842,V1-holdout
era4tb_E_INH1x_r1,7.0,100.0,1.0,0,4.20411998265593,0.020186525413360235,4.07867389900569,3.832136500698523,4.256892021552853,V1-holdout
era4tb_E_INH1x_r1,10.0,100.0,1.0,0,4.32221929473392,0.020186512335751094,4.858436115267475,4.795043949990933,5.088040927310144,V1-holdout
era4tb_E_INH1x_r1,14.0,100.0,1.0,0,6.39794000867204,0.02018651233542869,6.03843691984944,5.77753929491896,6.232505582233652,V1-holdout
era4tb_E_INH1x_r2,1.0,100.0,1.0,0,4.57978359661681,0.020186512335859715,4.849349694350138,4.756210663521679,5.148891424441688,V1-holdout
era4tb_E_INH1x_r2,2.0,100.0,1.0,0,4.83884909073726,0.020186512950246777,4.403769099620952,4.213545138543536,4.630978629841144,V1-holdout
era4tb_E_INH1x_r2,3.0,100.0,1.0,0,4.51851393987789,0.020186513770421723,4.314951086300447,4.164748691939056,4.534557564720313,V1-holdout
era4tb_E_INH1x_r2,7.0,100.0,1.0,0,3.95424250943932,0.02018655530431421,4.06904875010906,3.8065860918863526,4.38914564580405,V1-holdout
era4tb_E_INH1x_r2,10.0,100.0,1.0,0,4.46239799789896,0.02018651233888835,4.829197668919564,4.673717048780815,5.072847278004102,V1-holdout
era4tb_E_INH1x_r2,14.0,100.0,1.0,0,6.36172783601759,0.020186512335428692,5.869216823285308,5.658759263902061,6.2758059737669205,V1-holdout
era4tb_E_INH1x_r3,1.0,100.0,1.0,0,4.73239375982297,0.020186512335624865,4.95061433757255,4.779698374227868,5.197723025311808,V1-holdout
era4tb_E_INH1x_r3,2.0,100.0,1.0,0,4.80617997398389,0.02018651243236311,4.434477511947817,4.313732807452625,4.686492311509749,V1-holdout
era4tb_E_INH1x_r3,3.0,100.0,1.0,0,4.54406804435028,0.020186512516028425,4.3880763708466635,4.280163143324143,4.561998186408106,V1-holdout
era4tb_E_INH1x_r3,7.0,100.0,1.0,0,3.90308998699194,0.02018651990212997,4.114065125596843,3.9418529521926726,4.259250531264996,V1-holdout
era4tb_E_INH1x_r3,10.0,100.0,1.0,0,4.63346845557959,0.02018651233571661,4.895218453380128,4.7490584646938725,5.090811321495478,V1-holdout
era4tb_E_INH1x_r3,14.0,100.0,1.0,0,6.27875360095283,0.020186512335428692,6.016075771478141,5.5345480872062875,6.33564867830586,V1-holdout
era4tb_E_MXF10x_r1,1.0,100.0,1.0,0,4.56820172406699,0.020186512335472463,5.008698747719419,4.869947707729477,5.336582451813037,V1-holdout
era4tb_E_MXF10x_r1,2.0,100.0,1.0,0,4.30102999566398,0.02018651233754968,4.739584855459469,4.634058231262024,4.931257132937597,V1-holdout
era4tb_E_MXF10x_r1,3.0,100.0,1.0,0,4.57978359661681,0.020186512346931012,4.614854848130186,4.509220217665215,4.803140045058916,V1-holdout
era4tb_E_MXF10x_r1,7.0,100.0,1.0,0,3.98227123303957,0.02018653811242554,4.160758157694355,3.8422081038282547,4.497507399933065,V1-holdout
era4tb_E_MXF10x_r1,10.0,100.0,1.0,0,3.66275783168157,0.02018673936146744,3.9168353560995683,3.495349353931294,4.094401977475806,V1-holdout
era4tb_E_MXF10x_r1,14.0,100.0,1.0,0,3.49136169383427,0.020207025340740575,3.545733123417515,3.131724498287468,3.751781119631034,V1-holdout
era4tb_E_MXF10x_r1,21.0,100.0,1.0,0,2.64345267648619,0.02299290728499518,2.583207922089914,2.2979670097859266,3.258884609412983,V1-holdout
era4tb_E_MXF10x_r2,1.0,100.0,1.0,0,4.77815125038364,0.02018651233672045,5.01283812692845,4.583218304018814,5.269822754056022,V1-holdout
era4tb_E_MXF10x_r2,2.0,100.0,1.0,0,4.14612803567824,0.020186512358444084,4.676824711050159,4.423991569711196,4.95504399482421,V1-holdout
era4tb_E_MXF10x_r2,3.0,100.0,1.0,0,4.75587485567249,0.020186512395953076,4.547232794668902,4.329901035558749,4.775016034076323,V1-holdout
era4tb_E_MXF10x_r2,7.0,100.0,1.0,0,3.90308998699194,0.020186539932220797,4.038905738793073,3.846261109559824,4.308165565728474,V1-holdout
era4tb_E_MXF10x_r2,10.0,100.0,1.0,0,3.70757017609794,0.020186741945155406,3.8691866107520685,3.586241813605501,4.047445073074567,V1-holdout
era4tb_E_MXF10x_r2,14.0,100.0,1.0,0,3.34242268082221,0.020190863539262475,3.5813607018041633,3.2395494189997374,3.871452557461905,V1-holdout
era4tb_E_MXF10x_r2,21.0,100.0,1.0,0,2.36172783601759,0.020439836818273785,2.965133994581059,2.7133252181192367,3.2371549388830205,V1-holdout
era4tb_E_MXF10x_r3,1.0,100.0,1.0,0,4.7160033436348,0.020186512335663646,4.963457746958104,4.8050365298497315,5.1231589509390885,V1-holdout
era4tb_E_MXF10x_r3,2.0,100.0,1.0,0,4.25527250510331,0.020186512348095962,4.672481303975209,4.47295192157269,4.777905183754059,V1-holdout
era4tb_E_MXF10x_r3,3.0,100.0,1.0,0,4.64345267648619,0.020186512393448243,4.562421468520197,4.366038102624598,4.652221921939683,V1-holdout
era4tb_E_MXF10x_r3,7.0,100.0,1.0,0,4.03342375548695,0.020186541287759867,4.068531594821835,3.836396605468147,4.315658020835937,V1-holdout
era4tb_E_MXF10x_r3,10.0,100.0,1.0,0,3.64345267648619,0.020186689034636572,3.9002625620952007,3.649154072247622,4.01410747418128,V1-holdout
era4tb_E_MXF10x_r3,14.0,100.0,1.0,0,3.32221929473392,0.020191767112056953,3.570010421256441,3.2042220882195607,3.8563075777495905,V1-holdout
era4tb_E_MXF10x_r3,21.0,100.0,1.0,0,2.60205999132796,0.02160813124133966,2.822644222872073,2.353972811761989,3.4453504885750528,V1-holdout
era4tb_E_MXF1x_r1,1.0,100.0,1.0,0,5.61278385671974,0.02018651233543095,5.482658783701533,5.115860788991451,5.808835665200087,V1-holdout
era4tb_E_MXF1x_r1,2.0,100.0,1.0,0,4.92941892571429,0.020186512335429327,5.4955593012661215,5.164436936464191,5.880328948826788,V1-holdout
era4tb_E_MXF1x_r1,3.0,100.0,1.0,0,5.64345267648619,0.020186512335428716,5.641871932940527,5.374160873779231,5.957307097672681,V1-holdout
era4tb_E_MXF1x_r1,7.0,100.0,1.0,0,6.0,0.02018651233542869,6.223644463314763,5.877560346341386,6.486373026250178,V1-holdout
era4tb_E_MXF1x_r1,10.0,100.0,1.0,0,6.44715803134222,0.02018651233542869,6.567767551002441,6.358623833529379,6.770717701340549,V1-holdout
era4tb_E_MXF1x_r1,14.0,100.0,1.0,0,7.04139268515823,0.02018651233542869,7.079452544861791,6.857866296856309,7.306173004568846,V1-holdout
era4tb_E_MXF1x_r2,1.0,100.0,1.0,0,5.32221929473392,0.020186512335428893,5.438462069218299,5.217979962362933,5.576617279822268,V1-holdout
era4tb_E_MXF1x_r2,2.0,100.0,1.0,0,4.80617997398389,0.020186512335428886,5.496148962428918,5.206223437365497,5.696307258393524,V1-holdout
era4tb_E_MXF1x_r2,3.0,100.0,1.0,0,5.80617997398389,0.020186512335428706,5.649424987872623,5.405382543919849,5.769284302985292,V1-holdout
era4tb_E_MXF1x_r2,7.0,100.0,1.0,0,6.00432137378264,0.02018651233542869,6.153033861894169,5.972556837414343,6.48029714534802,V1-holdout
era4tb_E_MXF1x_r2,10.0,100.0,1.0,0,6.17609125905568,0.02018651233542869,6.578002662136728,6.45421523727402,6.849658838905135,V1-holdout
era4tb_E_MXF1x_r3,1.0,100.0,1.0,0,5.41497334797082,0.020186512335429153,5.356397119970201,5.207730587506021,5.561687222234819,V1-holdout
era4tb_E_MXF1x_r3,2.0,100.0,1.0,0,4.81291335664286,0.020186512335428893,5.426778430781627,5.224281154202092,5.617254401375371,V1-holdout
era4tb_E_MXF1x_r3,3.0,100.0,1.0,0,5.77815125038364,0.02018651233542873,5.5195916646209735,5.377261761346946,5.724828930609967,V1-holdout
era4tb_E_MXF1x_r3,10.0,100.0,1.0,0,6.41497334797082,0.02018651233542869,6.42297838725551,6.167377217980855,6.576292808878916,V1-holdout
era4tb_E_untreated_r1,1.0,100.0,1.0,0,5.56820172406699,0.020186512335428904,5.404204605228275,5.1672652749717916,5.672629359117772,V1-holdout
era4tb_E_untreated_r1,2.0,100.0,1.0,0,5.23044892137827,0.020186512335428692,5.719987448303647,5.59357224055596,5.905725173490108,V1-holdout
era4tb_E_untreated_r1,3.0,100.0,1.0,0,6.27875360095283,0.02018651233542869,5.880458679690367,5.743405479433828,6.068373604254919,V1-holdout
era4tb_E_untreated_r1,7.0,100.0,1.0,0,6.69897000433602,0.02018651233542869,6.569604052352712,6.239252867196768,6.794213815496852,V1-holdout
era4tb_E_untreated_r1,10.0,100.0,1.0,0,6.80617997398389,0.02018651233542869,6.969991460952316,6.71311243008716,7.249003346437924,V1-holdout
era4tb_E_untreated_r1,14.0,100.0,1.0,0,7.46239799789896,0.02018651233542869,7.494990635152216,7.153425876364389,8.000293224689122,V1-holdout
era4tb_E_untreated_r1,21.0,100.0,1.0,0,7.64345267648619,0.02018651233542869,7.94050752383384,7.635227466819587,8.403745588266627,V1-holdout
era4tb_F_INH10x_r1,1.0,100.0,1.0,0,6.86923171973098,0.020186512335428723,5.619362040551895,5.356539042545604,5.8265663857593895,V1-holdout
era4tb_F_INH10x_r1,2.0,100.0,1.0,0,5.74036268949424,0.020186512360831688,4.636881804366521,4.408566329548576,4.795518806980593,V1-holdout
era4tb_F_INH10x_r1,3.0,100.0,1.0,0,4.65321251377534,0.020186512649029986,4.403202960054803,4.216688500996592,4.596838975678644,V1-holdout
era4tb_F_INH10x_r1,7.0,100.0,1.0,0,3.14612803567824,0.02019030071591429,3.455472181521407,3.265890742670716,3.9105698213679534,V1-holdout
era4tb_F_INH10x_r1,10.0,100.0,1.0,0,4.0,0.020186623392989052,3.820822913954441,3.655882582083646,4.202901331925686,V1-holdout
era4tb_F_INH10x_r1,15.0,100.0,1.0,0,4.55630250076729,0.020186512529819765,4.522524992014139,4.227430857886153,4.730719967968971,V1-holdout
era4tb_F_INH10x_r1,21.0,100.0,1.0,0,5.51851393987789,0.020186512335433025,5.4616382705719095,5.046243890885406,5.8868260304828635,V1-holdout
era4tb_F_INH10x_r2,1.0,100.0,1.0,0,6.83884909073726,0.02018651233542877,5.533948449590023,5.2743266362480785,5.731954700068746,V1-holdout
era4tb_F_INH10x_r2,2.0,100.0,1.0,0,5.75587485567249,0.020186512555890667,4.558782742486482,4.224486513648709,4.822407331261513,V1-holdout
era4tb_F_INH10x_r2,3.0,100.0,1.0,0,4.66275783168157,0.020186515152717553,4.333500937542834,4.0056941156470725,4.613645461653255,V1-holdout
era4tb_F_INH10x_r2,7.0,100.0,1.0,0,3.11394335230684,0.02020143579870611,3.432373717768246,3.106247464248897,3.782866122562638,V1-holdout
era4tb_F_INH10x_r2,10.0,100.0,1.0,0,3.77815125038364,0.020186800479670926,3.8224308134269567,3.5374819521124317,4.1025491243288,V1-holdout
era4tb_F_INH10x_r2,15.0,100.0,1.0,0,4.55630250076729,0.020186512543517197,4.544765952057791,4.223524424518634,4.856972086049893,V1-holdout
era4tb_F_INH10x_r2,21.0,100.0,1.0,0,5.41497334797082,0.020186512335428727,5.726486498511122,5.3417766492847845,5.95883680216214,V1-holdout
era4tb_F_INH10x_r3,1.0,100.0,1.0,0,6.46239799789896,0.02018651233542873,5.5262090675593765,5.315927163320573,5.744236890486959,V1-holdout
era4tb_F_INH10x_r3,2.0,100.0,1.0,0,5.68124123737559,0.02018651237963649,4.485281499919338,4.3898039448650445,4.680204351917185,V1-holdout
era4tb_F_INH10x_r3,3.0,100.0,1.0,0,4.51851393987789,0.02018651308440104,4.285177426308561,4.178914488822598,4.419169790478853,V1-holdout
era4tb_F_INH10x_r3,7.0,100.0,1.0,0,3.07918124604762,0.020201691525365623,3.301893456065561,3.1353595495182653,3.576234440950317,V1-holdout
era4tb_F_INH10x_r3,10.0,100.0,1.0,0,3.77815125038364,0.02018686718359334,3.751207587933182,3.5753348964810416,3.9713364556430335,V1-holdout
era4tb_F_INH10x_r3,15.0,100.0,1.0,0,4.89762709129044,0.020186512472177367,4.502302382657885,4.272732073983256,4.774832731929168,V1-holdout
era4tb_F_INH10x_r3,21.0,100.0,1.0,0,5.47712125471966,0.02018651233542897,5.675215634521256,5.267489434397066,6.002581359598569,V1-holdout
era4tb_F_INH1x_r1,1.0,100.0,1.0,0,6.69897000433602,0.020186512335433116,5.266682320479335,5.028056172574525,5.55194326084645,V1-holdout
era4tb_F_INH1x_r1,2.0,100.0,1.0,0,5.32221929473392,0.02018651237227256,4.593376710099127,4.401455083651754,4.796200902296215,V1-holdout
era4tb_F_INH1x_r1,3.0,100.0,1.0,0,4.5910646070265,0.020186512750036363,4.322223741723615,4.180780590506433,4.570472937235595,V1-holdout
era4tb_F_INH1x_r1,7.0,100.0,1.0,0,3.5910646070265,0.020193998585742452,3.5311465361472747,3.1650977756964584,3.7241580168210495,V1-holdout
era4tb_F_INH1x_r1,10.0,100.0,1.0,0,3.95424250943932,0.020186839369085552,3.847167849476329,3.4989965013296263,4.1139358823236645,V1-holdout
era4tb_F_INH1x_r1,15.0,100.0,1.0,0,5.04139268515823,0.020186513891568104,4.466903932099548,4.0785089236414604,4.95493285527433,V1-holdout
era4tb_F_INH1x_r1,21.0,100.0,1.0,0,5.69019608002851,0.020186512339712488,5.494875787071138,4.994041340874899,5.8575432405426096,V1-holdout
era4tb_F_INH1x_r2,1.0,100.0,1.0,0,7.01703333929878,0.02018651233543085,5.285618026634935,5.105146325617119,5.512313689157845,V1-holdout
era4tb_F_INH1x_r2,2.0,100.0,1.0,0,5.53147891704226,0.020186512381555683,4.544405180881037,4.391742991323479,4.843016838592552,V1-holdout
era4tb_F_INH1x_r2,3.0,100.0,1.0,0,4.54406804435028,0.020186512652422123,4.348029782661669,4.192265585969694,4.5908987901081595,V1-holdout
era4tb_F_INH1x_r2,7.0,100.0,1.0,0,3.34242268082221,0.02018792557230161,3.561942960285809,3.3648249981514144,3.830718895706593,V1-holdout
era4tb_F_INH1x_r2,10.0,100.0,1.0,0,3.90308998699194,0.02018656167129771,3.9615988357680836,3.7241352583566822,4.203163818531934,V1-holdout
era4tb_F_INH1x_r2,15.0,100.0,1.0,0,5.07918124604763,0.02018651242431439,4.615100830184434,4.318609314680782,4.927057878094911,V1-holdout
era4tb_F_INH1x_r2,21.0,100.0,1.0,0,5.80617997398389,0.020186512335435444,5.592855598451598,4.9957858123895695,6.158864575659914,V1-holdout
era4tb_F_INH1x_r3,1.0,100.0,1.0,0,6.90848501887865,0.02018651233543197,5.307568630964142,5.174745669122305,5.438289937885708,V1-holdout
era4tb_F_INH1x_r3,2.0,100.0,1.0,0,5.38021124171161,0.020186512394113953,4.517943958771654,4.363281118518725,4.8472688233537875,V1-holdout
era4tb_F_INH1x_r3,3.0,100.0,1.0,0,4.75587485567249,0.02018651277345942,4.340557742792472,4.191233165512002,4.586102187821919,V1-holdout
era4tb_F_INH1x_r3,7.0,100.0,1.0,0,3.43136376415899,0.020188798508153163,3.5749257212403736,3.3354124710836506,3.809398966514483,V1-holdout
era4tb_F_INH1x_r3,10.0,100.0,1.0,0,3.84509804001426,0.020186610935280357,3.931252748157809,3.719586044403163,4.0831311731216635,V1-holdout
era4tb_F_INH1x_r3,15.0,100.0,1.0,0,4.90308998699194,0.0201865130399606,4.514878832563881,4.199565583711057,4.775215755883227,V1-holdout
era4tb_F_INH1x_r3,21.0,100.0,1.0,0,5.81291335664286,0.020186512335440818,5.4577862538159625,5.161872626252037,5.687403624246142,V1-holdout
era4tb_F_MXF10x_r1,1.0,100.0,1.0,0,6.23044892137827,0.020186512335428935,5.546054414615597,5.119232390253466,5.698613787080825,V1-holdout
era4tb_F_MXF10x_r1,2.0,100.0,1.0,0,5.69897000433602,0.02018651233571458,4.93684071941095,4.6901012567447475,5.09605665058367,V1-holdout
era4tb_F_MXF10x_r1,3.0,100.0,1.0,0,4.77815125038364,0.020186512339408855,4.7445948248143885,4.530678227445273,4.863391374045126,V1-holdout
era4tb_F_MXF10x_r1,7.0,100.0,1.0,0,3.69897000433602,0.02018657134657483,3.889369287737023,3.736526374088673,4.065936484696716,V1-holdout
era4tb_F_MXF10x_r1,10.0,100.0,1.0,0,3.68124123737559,0.02018901240805388,3.573402162458609,3.2751775905927367,3.7759905348416476,V1-holdout
era4tb_F_MXF10x_r1,15.0,100.0,1.0,0,2.95424250943932,0.020603964750460484,2.965233354477795,2.6252456325781237,3.4020314752222554,V1-holdout
era4tb_F_MXF10x_r1,21.0,100.0,1.0,0,2.0,0.04975965361489592,2.176159692837431,1.7116029980638443,2.7776686815258795,V1-holdout
era4tb_F_MXF10x_r2,1.0,100.0,1.0,0,6.14612803567824,0.02018651233542955,5.371822524267789,5.2116490438397545,5.73208281437489,V1-holdout
era4tb_F_MXF10x_r2,2.0,100.0,1.0,0,5.17609125905568,0.020186512336335047,4.885988195227005,4.651276896970102,5.122415536253187,V1-holdout
era4tb_F_MXF10x_r2,3.0,100.0,1.0,0,4.79239168949825,0.02018651235203638,4.667072650584365,4.444805387829987,4.853818921274908,V1-holdout
era4tb_F_MXF10x_r2,7.0,100.0,1.0,0,4.25527250510331,0.020187083749375025,3.6363717896108567,3.5230219804091023,4.004383073739787,V1-holdout
era4tb_F_MXF10x_r2,10.0,100.0,1.0,0,3.64345267648619,0.020194927739681044,3.426238212383903,3.1649660303197034,3.640730067910648,V1-holdout
era4tb_F_MXF10x_r2,15.0,100.0,1.0,0,3.0,0.020531274266867974,3.0612324252369953,2.6336623046584657,3.507282265132099,V1-holdout
era4tb_F_MXF10x_r2,21.0,100.0,1.0,0,2.90308998699194,0.020757314418605836,2.991757849848078,2.499761278525665,3.273131494635992,V1-holdout
era4tb_F_MXF10x_r3,1.0,100.0,1.0,0,6.11394335230684,0.02018651233542945,5.3569071001319255,5.163761040004066,5.586447229041489,V1-holdout
era4tb_F_MXF10x_r3,2.0,100.0,1.0,0,5.38021124171161,0.020186512337016644,4.848382888511417,4.6793499680318345,5.009878799630682,V1-holdout
era4tb_F_MXF10x_r3,3.0,100.0,1.0,0,4.66275783168157,0.020186512354319588,4.637728851110521,4.484473900858461,4.793612069782255,V1-holdout
era4tb_F_MXF10x_r3,7.0,100.0,1.0,0,4.20411998265593,0.02018671317896439,3.8267252591964356,3.6182368435977956,4.061508197096556,V1-holdout
era4tb_F_MXF10x_r3,10.0,100.0,1.0,0,3.69019608002851,0.020188706273587022,3.570292603340085,3.3551088883018845,3.78677589735417,V1-holdout
era4tb_F_MXF10x_r3,15.0,100.0,1.0,0,3.07918124604762,0.020326419195669316,3.0793585707295508,2.7844556984334443,3.410968440451429,V1-holdout
era4tb_F_MXF10x_r3,21.0,100.0,1.0,0,2.30102999566398,0.029122884345647162,2.476311527990741,2.015067175811841,3.0142561304327713,V1-holdout
era4tb_F_MXF1x_r1,1.0,100.0,1.0,0,6.88081359228079,0.02018651233542869,6.023392158662692,5.69685425782108,6.198419964573383,V1-holdout
era4tb_F_MXF1x_r1,2.0,100.0,1.0,0,6.98227123303957,0.02018651233542869,5.867270042302549,5.7487281137187445,6.112008369002556,V1-holdout
era4tb_F_MXF1x_r1,3.0,100.0,1.0,0,7.7160033436348,0.02018651233542869,5.973930641706583,5.862779539628995,6.237648138778555,V1-holdout
era4tb_F_MXF1x_r1,7.0,100.0,1.0,0,7.77085201164214,0.02018651233542869,6.448519281542743,6.116779738577411,6.740207217882551,V1-holdout
era4tb_F_MXF1x_r1,10.0,100.0,1.0,0,8.92427928606188,0.02018651233542869,6.794938999519047,6.552791853368264,7.08152525412029,V1-holdout
era4tb_F_MXF1x_r1,15.0,100.0,1.0,0,8.36172783601759,0.02018651233542869,7.390306083027326,7.129943077381899,7.712201305506924,V1-holdout
era4tb_F_MXF1x_r1,21.0,100.0,1.0,0,9.15836249209525,0.02018651233542869,8.187757357079068,7.574564469011662,8.524352764208428,V1-holdout
era4tb_F_MXF1x_r2,1.0,100.0,1.0,0,6.70757017609794,0.02018651233542869,6.1016490854616245,5.718514145206245,6.237389466333931,V1-holdout
era4tb_F_MXF1x_r2,2.0,100.0,1.0,0,6.95424250943933,0.02018651233542869,5.859872846526609,5.6914988847987935,6.079342377831633,V1-holdout
era4tb_F_MXF1x_r2,3.0,100.0,1.0,0,7.77815125038364,0.02018651233542869,5.97133311336794,5.782026985138883,6.234260894958752,V1-holdout
era4tb_F_MXF1x_r2,7.0,100.0,1.0,0,7.70757017609794,0.02018651233542869,6.417174180733267,5.997185286859318,6.853934963467227,V1-holdout
era4tb_F_MXF1x_r2,10.0,100.0,1.0,0,8.85125834871907,0.02018651233542869,6.7725761659515005,6.521568891330305,7.145909467048159,V1-holdout
era4tb_F_MXF1x_r2,15.0,100.0,1.0,0,8.97772360528885,0.02018651233542869,7.350007491842964,7.203930781196275,7.65049213517726,V1-holdout
era4tb_F_MXF1x_r2,21.0,100.0,1.0,0,9.07918124604763,0.02018651233542869,8.18225626180596,7.685752686449273,8.489346275967177,V1-holdout
era4tb_F_MXF1x_r3,1.0,100.0,1.0,0,6.50514997831991,0.02018651233542869,6.062330607442188,5.822328445085153,6.254682405643426,V1-holdout
era4tb_F_MXF1x_r3,2.0,100.0,1.0,0,6.90848501887865,0.020186512335428692,5.920130206409909,5.689283535046764,6.143355143164014,V1-holdout
era4tb_F_MXF1x_r3,3.0,100.0,1.0,0,7.78532983501077,0.02018651233542869,6.021978429784216,5.826471949394672,6.190793386666725,V1-holdout
era4tb_F_MXF1x_r3,7.0,100.0,1.0,0,7.89762709129044,0.02018651233542869,6.447008736609519,6.307405216425727,6.698512379910785,V1-holdout
era4tb_F_MXF1x_r3,10.0,100.0,1.0,0,8.44715803134222,0.02018651233542869,6.931482715334239,6.678246796846471,7.211000742929842,V1-holdout
era4tb_F_MXF1x_r3,15.0,100.0,1.0,0,8.69019608002851,0.02018651233542869,7.706107939151959,7.226930972465815,8.045413619418888,V1-holdout
era4tb_F_MXF1x_r3,21.0,100.0,1.0,0,9.29003461136252,0.02018651233542869,8.304538912453989,8.048619060941975,8.886291772825965,V1-holdout
era4tb_F_untreated_r1,0.0,100.0,1.0,0,6.09342168516223,0.02018651233542869,6.063055458598776,5.741023552845435,6.3370109365656555,V1-holdout
era4tb_F_untreated_r1,1.0,100.0,1.0,0,6.68124123737559,0.02018651233542869,6.142606710732973,5.957765453014703,6.314965341179117,V1-holdout
era4tb_F_untreated_r1,2.0,100.0,1.0,0,7.67209785793572,0.02018651233542869,6.258223379816115,6.068882368704922,6.462986214975225,V1-holdout
era4tb_F_untreated_r1,7.0,100.0,1.0,0,7.89762709129044,0.02018651233542869,7.095009903602606,6.725937273782174,7.376015427447221,V1-holdout
era4tb_F_untreated_r1,10.0,100.0,1.0,0,8.97772360528885,0.02018651233542869,7.408981474085717,7.113589454857039,7.729786626758591,V1-holdout
era4tb_F_untreated_r1,15.0,100.0,1.0,0,8.72427586960079,0.02018651233542869,7.848272614536138,7.495544456300286,8.21014613652791,V1-holdout
era4tb_F_untreated_r1,21.0,100.0,1.0,0,9.06818586174616,0.02018651233542869,7.71242871370752,7.470037770023923,8.201096109867233,V1-holdout
era4tb_F_untreated_r2,0.0,100.0,1.0,0,5.96848294855393,0.02018651233542869,6.025799418431416,5.797140916895999,6.249077956957152,V1-holdout
era4tb_F_untreated_r2,1.0,100.0,1.0,0,6.69897000433602,0.02018651233542869,6.110243626325505,5.976847282634435,6.326990086471208,V1-holdout
era4tb_F_untreated_r2,2.0,100.0,1.0,0,7.77815125038364,0.02018651233542869,6.2669396869639975,6.035341222976064,6.421599499261071,V1-holdout
era4tb_F_untreated_r2,3.0,100.0,1.0,0,7.97772360528885,0.02018651233542869,6.3904153556781464,6.197139521665488,6.598719473733439,V1-holdout
era4tb_F_untreated_r2,7.0,100.0,1.0,0,7.95424250943933,0.02018651233542869,7.026139128778239,6.794404403604037,7.26000290536371,V1-holdout
era4tb_F_untreated_r2,10.0,100.0,1.0,0,8.99563519459755,0.02018651233542869,7.34817984277649,7.212357373218542,7.545931348352275,V1-holdout
era4tb_F_untreated_r2,15.0,100.0,1.0,0,8.7481880270062,0.02018651233542869,7.870124892062231,7.657369003820874,8.131325874392319,V1-holdout
era4tb_F_untreated_r2,21.0,100.0,1.0,0,9.04139268515823,0.02018651233542869,7.8755721463844655,7.207193105421952,8.545541638803005,V1-holdout
era4tb_F_untreated_r3,0.0,100.0,1.0,0,5.94448267215017,0.02018651233542869,6.026483632428132,5.768358816821731,6.207691010116879,V1-holdout
era4tb_F_untreated_r3,1.0,100.0,1.0,0,6.78532983501077,0.02018651233542869,6.110275402730955,5.889655641619381,6.267775073997073,V1-holdout
era4tb_F_untreated_r3,2.0,100.0,1.0,0,7.50514997831991,0.02018651233542869,6.135670688072609,5.930643208147592,6.44282487185971,V1-holdout
era4tb_F_untreated_r3,3.0,100.0,1.0,0,7.79239168949825,0.02018651233542869,6.30795142129435,6.09864475280301,6.64704612136891,V1-holdout
era4tb_F_untreated_r3,7.0,100.0,1.0,0,7.74036268949424,0.02018651233542869,6.924546883819453,6.556259480581532,7.415175455705134,V1-holdout
era4tb_F_untreated_r3,10.0,100.0,1.0,0,8.95904139232109,0.02018651233542869,7.325190601854269,7.08487187641332,7.65785170852001,V1-holdout
era4tb_F_untreated_r3,15.0,100.0,1.0,0,8.57978359661681,0.02018651233542869,7.818497740833926,7.552326501833424,8.159017237702477,V1-holdout
era4tb_F_untreated_r3,21.0,100.0,1.0,0,8.93951925261862,0.02018651233542869,7.86172381658402,7.592483027938035,8.417853685068764,V1-holdout
era4tb_A_INH10x_r1,1.0,100.0,1.0,0,2.11394335230684,0.0837201758747557,4.46528058608383,1.6256688634062644,6.082256122440036,V2-lab_A
era4tb_A_INH10x_r1,1.0,10.0,2.0,0,2.0,0.10619872673643646,3.965643360976814,1.6902783532886825,6.093358044117548,V2-lab_A
era4tb_A_INH10x_r1,1.0,10.0,2.0,0,2.30102999566398,0.10984622630131916,4.021969123519265,1.5232810947479347,6.137607600777909,V2-lab_A
era4tb_A_INH10x_r1,1.0,2.5,2.6020599913279625,0,2.90308998699194,0.1859809990717038,3.7510121115243584,1.607807715703877,6.266193056147977,V2-lab_A
era4tb_A_INH10x_r1,2.0,100.0,1.0,0,1.90308998699194,0.11749691929420808,2.4280869041684467,0.37584770459567984,4.777334105553094,V2-lab_A
era4tb_A_INH10x_r1,2.0,10.0,2.0,1,,0.27474141437240274,2.7431105992941776,0.36972106803758265,4.716270413561481,V2-lab_A
era4tb_A_INH10x_r1,2.0,10.0,2.0,0,2.60205999132796,0.3088544430410105,3.1491593234825297,0.2868734323535054,4.932484802253266,V2-lab_A
era4tb_A_INH10x_r1,2.0,2.5,2.6020599913279625,1,,0.39281170047833763,2.5485262187214404,0.2466051973767942,4.974173895986575,V2-lab_A
era4tb_A_INH10x_r1,3.0,100.0,1.0,0,1.0,0.1757243220397158,2.364328649456108,-0.562654464632008,4.125809021611382,V2-lab_A
era4tb_A_INH10x_r1,3.0,10.0,2.0,1,,0.3542468527222363,2.201582702757544,-0.4847365199323266,4.2316637060589715,V2-lab_A
era4tb_A_INH10x_r1,3.0,10.0,2.0,1,,0.35561535474785816,2.279598956343368,-0.4909395144931805,4.385402438930073,V2-lab_A
era4tb_A_INH10x_r1,3.0,2.5,2.6020599913279625,0,3.07918124604762,0.4610165244414392,2.6356303399831944,-0.6427688085360914,4.376763351261024,V2-lab_A
era4tb_A_INH10x_r1,7.0,100.0,1.0,1,,0.5656132831987829,0.1344675839849554,-4.402359868821042,4.2702080636227375,V2-lab_A
era4tb_A_INH10x_r1,7.0,10.0,2.0,1,,0.7264963194040661,0.5234138019328296,-5.717274133076303,3.3512621850670596,V2-lab_A
era4tb_A_INH10x_r1,7.0,10.0,2.0,0,2.0,0.5996219789369608,1.0933230685028885,-5.519494165519123,3.5174003469760855,V2-lab_A
era4tb_A_INH10x_r1,7.0,2.5,2.6020599913279625,1,,0.7740453344658735,0.5911272285110547,-5.215502715113838,3.8166860518011854,V2-lab_A
era4tb_A_INH10x_r1,10.0,100.0,1.0,1,,0.45393047327944963,0.9955299675398765,-6.264004149620021,3.7730022345358285,V2-lab_A
era4tb_A_INH10x_r1,10.0,10.0,2.0,1,,0.665788711175527,0.04447580881580304,-5.954980655523326,4.32225562160647,V2-lab_A
era4tb_A_INH10x_r1,10.0,10.0,2.0,1,,0.6002003248968723,0.6743092836771751,-7.005397642872955,4.256745789753322,V2-lab_A
era4tb_A_INH10x_r1,10.0,2.5,2.6020599913279625,1,,0.6920367344364089,0.7374090812662031,-6.334332163210104,4.628211894704482,V2-lab_A
era4tb_A_INH10x_r1,14.0,100.0,1.0,1,,0.5313503698274018,0.6418956829669513,-10.184982489832668,6.87908086429926,V2-lab_A
era4tb_A_INH10x_r1,14.0,10.0,2.0,1,,0.7287046893750809,-1.6153126611869282,-10.238881540051612,5.816069965143688,V2-lab_A
era4tb_A_INH10x_r1,14.0,10.0,2.0,1,,0.7270862994831423,-0.5568239413239517,-8.938418259078116,6.767957313658485,V2-lab_A
era4tb_A_INH10x_r1,14.0,2.5,2.6020599913279625,1,,0.8043143147433937,-1.254494344438017,-10.245593313707712,5.198422188330998,V2-lab_A
era4tb_A_INH10x_r1,21.0,100.0,1.0,1,,0.5347184626937845,-0.17927432236122698,-17.468648688272243,8.207315280096708,V2-lab_A
era4tb_A_INH10x_r1,21.0,10.0,2.0,1,,0.7367662704507266,-3.566723165771273,-16.16428652094598,7.2725659377657434,V2-lab_A
era4tb_A_INH10x_r1,21.0,10.0,2.0,1,,0.7411153884853412,-1.7458031527748918,-16.943229738657102,6.642188903413221,V2-lab_A
era4tb_A_INH10x_r1,21.0,2.5,2.6020599913279625,1,,0.5656975036800461,-0.21930838418219345,-12.24763989400679,9.461527220529826,V2-lab_A
era4tb_A_INH10x_r2,1.0,100.0,1.0,0,2.38021124171161,0.0784686702920161,4.247884538831817,1.6077811086769995,6.325503710048949,V2-lab_A
era4tb_A_INH10x_r2,1.0,10.0,2.0,0,2.0,0.09750764420850361,3.8113839454367824,1.785664127867852,6.128658858764473,V2-lab_A
era4tb_A_INH10x_r2,1.0,10.0,2.0,1,,0.09100358836524215,3.957831296123387,1.9776693490857555,6.135993652064094,V2-lab_A
era4tb_A_INH10x_r2,1.0,2.5,2.6020599913279625,0,3.30102999566398,0.14356706413651904,3.748120132762433,1.7709378500974604,6.371977209538053,V2-lab_A
era4tb_A_INH10x_r2,2.0,100.0,1.0,0,1.60205999132796,0.10322301472828443,2.317022032338322,0.6040536484861114,5.063478373011685,V2-lab_A
era4tb_A_INH10x_r2,2.0,10.0,2.0,1,,0.23014347136404076,2.8501155112221306,0.4177161172253696,4.84820443375175,V2-lab_A
era4tb_A_INH10x_r2,2.0,10.0,2.0,1,,0.24502849467551938,2.7401673547213923,0.7252254613532403,5.0509424031145285,V2-lab_A
era4tb_A_INH10x_r2,2.0,2.5,2.6020599913279625,1,,0.34104168244472693,3.135298470715823,0.3798755168615462,4.813409068389695,V2-lab_A
era4tb_A_INH10x_r2,3.0,100.0,1.0,0,1.30102999566398,0.1371871914777222,2.251780903477524,-0.184997361677663,4.271954283966674,V2-lab_A
era4tb_A_INH10x_r2,3.0,10.0,2.0,1,,0.34224541056989854,2.1929384361588222,-0.6188158932764134,4.462158806506904,V2-lab_A
era4tb_A_INH10x_r2,3.0,10.0,2.0,1,,0.3327151047738998,2.6323486001843364,-0.49843114301793756,4.584682375096279,V2-lab_A
era4tb_A_INH10x_r2,3.0,2.5,2.6020599913279625,0,2.90308998699194,0.4645496174514155,2.154251188243162,-0.5672164457292197,4.4084786194632315,V2-lab_A
era4tb_A_INH10x_r2,7.0,100.0,1.0,0,1.0,0.5021167511959249,0.5908918263592664,-5.710007540548249,4.258177012135311,V2-lab_A
era4tb_A_INH10x_r2,7.0,10.0,2.0,1,,0.7086081586585427,0.809556930056373,-4.765355288692032,4.493024874834418,V2-lab_A
era4tb_A_INH10x_r2,7.0,10.0,2.0,1,,0.6812482284415363,0.7069203229598839,-3.5345559253939687,3.3869482352293376,V2-lab_A
era4tb_A_INH10x_r2,7.0,2.5,2.6020599913279625,1,,0.824955066136981,0.36822267621572236,-4.655465265982754,3.521222440194037,V2-lab_A
era4tb_A_INH10x_r2,10.0,100.0,1.0,1,,0.5257101107507105,0.40679528473182014,-5.838846100432526,4.841849301107213,V2-lab_A
era4tb_A_INH10x_r2,10.0,10.0,2.0,1,,0.7260006990098049,0.5044878830909152,-5.641008953671237,4.034874107696158,V2-lab_A
era4tb_A_INH10x_r2,10.0,10.0,2.0,1,,0.6458488814322858,1.1511960730597046,-7.369171662378603,5.7540043459928505,V2-lab_A
era4tb_A_INH10x_r2,10.0,2.5,2.6020599913279625,1,,0.7016772958397037,1.5955128704308654,-7.990587824825747,5.30791204692283,V2-lab_A
era4tb_A_INH10x_r2,14.0,100.0,1.0,1,,0.5344374792968607,0.1348322667803279,-10.585434158706349,6.257065251880706,V2-lab_A
era4tb_A_INH10x_r2,14.0,10.0,2.0,1,,0.6845245672982929,0.6157797574413593,-10.288139105914837,6.218532765839545,V2-lab_A
era4tb_A_INH10x_r2,14.0,10.0,2.0,1,,0.7357863529609875,0.42534012029708634,-8.414863628795919,5.742356449771436,V2-lab_A
era4tb_A_INH10x_r2,14.0,2.5,2.6020599913279625,1,,0.7403979865937103,0.2452349950278636,-11.1895887758917,4.816974990329211,V2-lab_A
era4tb_A_INH10x_r2,21.0,100.0,1.0,1,,0.6655874424280376,-0.8220620197559345,-13.185980859338311,12.024713065007681,V2-lab_A
era4tb_A_INH10x_r2,21.0,10.0,2.0,1,,0.6272087792407136,0.7580093041596712,-15.748107416695783,9.09630765090454,V2-lab_A
era4tb_A_INH10x_r2,21.0,10.0,2.0,1,,0.5667006913563285,1.0384464141185026,-14.157783128103455,9.794801148769515,V2-lab_A
era4tb_A_INH10x_r2,21.0,2.5,2.6020599913279625,1,,0.7179265778379367,-0.737190555651523,-15.77222033136042,9.960988110973636,V2-lab_A
era4tb_A_INH10x_r3,1.0,100.0,1.0,0,2.46239799789896,0.08077885126097013,3.9853040121505323,1.7523656443880262,6.392059440111247,V2-lab_A
era4tb_A_INH10x_r3,1.0,10.0,2.0,0,2.0,0.10244830191799648,3.869379741666684,1.5590882053051525,6.272703485973543,V2-lab_A
era4tb_A_INH10x_r3,1.0,10.0,2.0,1,,0.0984805602310611,3.8385626249968032,1.7857209014752236,6.0640439557779535,V2-lab_A
era4tb_A_INH10x_r3,1.0,2.5,2.6020599913279625,0,3.30102999566398,0.15504181451984678,4.008050754482612,1.5307025186040002,6.402941415361454,V2-lab_A
era4tb_A_INH10x_r3,2.0,100.0,1.0,0,1.30102999566398,0.1161861061660263,2.7991128641979772,0.025903258298097587,5.090818151627901,V2-lab_A
era4tb_A_INH10x_r3,2.0,10.0,2.0,1,,0.281036773999175,3.2926482201536715,-0.07749708666573385,4.960468798512686,V2-lab_A
era4tb_A_INH10x_r3,2.0,10.0,2.0,0,2.69897000433602,0.25112798169016626,2.725114652255815,0.405626637393236,5.031062151588264,V2-lab_A
era4tb_A_INH10x_r3,2.0,2.5,2.6020599913279625,0,2.60205999132796,0.3313451394114987,3.018708823143401,0.6807383852400188,5.071829097327261,V2-lab_A
era4tb_A_INH10x_r3,3.0,100.0,1.0,1,,0.18396808332307307,2.7052350007884343,-0.7495296672999203,4.47548965129014,V2-lab_A
era4tb_A_INH10x_r3,3.0,10.0,2.0,1,,0.3193071824379909,2.440113330547157,-0.4845334963071828,4.450991960209218,V2-lab_A
era4tb_A_INH10x_r3,3.0,10.0,2.0,1,,0.3142450898503041,2.451558424823208,-0.0090857424513211,4.2022272645657095,V2-lab_A
era4tb_A_INH10x_r3,3.0,2.5,2.6020599913279625,0,2.60205999132796,0.4619499137203046,2.5225374148396513,-0.40780397467794405,4.641321460958256,V2-lab_A
era4tb_A_INH10x_r3,7.0,100.0,1.0,1,,0.5510581346913325,0.41679803497788903,-3.811141009988554,3.3856796238478406,V2-lab_A
era4tb_A_INH10x_r3,7.0,10.0,2.0,1,,0.6695244624391806,0.3731701428650198,-4.60558650510324,4.045777124123646,V2-lab_A
era4tb_A_INH10x_r3,7.0,10.0,2.0,1,,0.61397486458684,0.6231461138952383,-4.440957349170572,4.555111906309083,V2-lab_A
era4tb_A_INH10x_r3,7.0,2.5,2.6020599913279625,1,,0.7579742575808106,0.8924892916319127,-3.86828370892828,4.667685674201285,V2-lab_A
era4tb_A_INH10x_r3,10.0,100.0,1.0,1,,0.5206064187829056,0.7656824505610862,-6.077019130255432,5.295906138868408,V2-lab_A
era4tb_A_INH10x_r3,10.0,10.0,2.0,1,,0.6139083342777621,1.2709977215476593,-5.996001036049461,4.46933672607955,V2-lab_A
era4tb_A_INH10x_r3,10.0,10.0,2.0,1,,0.6456578669477228,0.2800455090078602,-7.929221142087712,4.662638788480012,V2-lab_A
era4tb_A_INH10x_r3,10.0,2.5,2.6020599913279625,1,,0.7257685517059052,1.2043259968628872,-6.762280598614257,4.868274316854141,V2-lab_A
era4tb_A_INH10x_r3,14.0,100.0,1.0,1,,0.5383254474584187,0.40247370811494854,-8.880511336708572,5.839963383021179,V2-lab_A
era4tb_A_INH10x_r3,14.0,10.0,2.0,1,,0.5612247711739761,1.20717934015184,-9.602316865156158,6.052031349721454,V2-lab_A
era4tb_A_INH10x_r3,14.0,10.0,2.0,1,,0.6748420836279795,1.0358188592745412,-10.186253516510728,4.264827017170658,V2-lab_A
era4tb_A_INH10x_r3,14.0,2.5,2.6020599913279625,1,,0.6945925214750684,0.22631757658684304,-7.293791285663392,5.389908963997322,V2-lab_A
era4tb_A_INH10x_r3,21.0,100.0,1.0,1,,0.48271014363857667,0.8760381601446223,-14.368976296753939,11.19746973585837,V2-lab_A
era4tb_A_INH10x_r3,21.0,10.0,2.0,1,,0.6688093628669961,-0.39568396713738885,-11.482998591578353,8.831842220288989,V2-lab_A
era4tb_A_INH10x_r3,21.0,10.0,2.0,1,,0.5615219448081763,-0.25696126773962735,-13.017553924323497,10.769185043459775,V2-lab_A
era4tb_A_INH10x_r3,21.0,2.5,2.6020599913279625,1,,0.5569910960149831,2.0408237664098756,-13.511406442681606,9.998403227723042,V2-lab_A
era4tb_A_INH1x_r1,1.0,100.0,1.0,0,2.54406804435028,0.07533403584789385,4.533080170691588,2.129135686284644,6.617159957939313,V2-lab_A
era4tb_A_INH1x_r1,1.0,10.0,2.0,0,2.0,0.09426620611413097,4.6986489813275085,1.9387310096608998,6.602651993321158,V2-lab_A
era4tb_A_INH1x_r1,1.0,10.0,2.0,0,2.95424250943932,0.08759808214569234,4.257829114546122,2.197191503057682,6.702006892880366,V2-lab_A
era4tb_A_INH1x_r1,1.0,2.5,2.6020599913279625,0,2.60205999132796,0.12963060341903515,4.5210006272411425,1.9999916643172804,6.695575685063267,V2-lab_A
era4tb_A_INH1x_r1,2.0,100.0,1.0,0,2.17609125905568,0.08710813596223392,3.7154308132939917,1.0918037967574752,5.780550107387746,V2-lab_A
era4tb_A_INH1x_r1,2.0,10.0,2.0,1,,0.13028807657245833,3.533900454656454,1.1987592292625195,5.786151199441582,V2-lab_A
era4tb_A_INH1x_r1,2.0,10.0,2.0,1,,0.13568774961380098,3.0389596463387987,1.170570815702362,5.658366145922597,V2-lab_A
era4tb_A_INH1x_r1,2.0,2.5,2.6020599913279625,0,2.60205999132796,0.20549423484553136,3.406383444455768,1.320917640319881,5.842408720781101,V2-lab_A
era4tb_A_INH1x_r1,3.0,100.0,1.0,0,2.04139268515822,0.10016264286399326,3.138629445507209,0.5494201557688949,5.268658393181106,V2-lab_A
era4tb_A_INH1x_r1,3.0,10.0,2.0,1,,0.2438092402390878,3.2061115164354326,-0.12704510523639023,5.2295515961399905,V2-lab_A
era4tb_A_INH1x_r1,3.0,10.0,2.0,1,,0.18783694012511612,3.5058784630259594,-0.0020031838280492043,5.4850180643830475,V2-lab_A
era4tb_A_INH1x_r1,3.0,2.5,2.6020599913279625,1,,0.26656362114372534,3.152553867754921,0.7025775726215391,5.200001279630099,V2-lab_A
era4tb_A_INH1x_r1,7.0,100.0,1.0,1,,0.30079771277821643,2.4256372585026975,-3.4800738089305394,5.406804971591126,V2-lab_A
era4tb_A_INH1x_r1,7.0,10.0,2.0,1,,0.4706141935089427,1.934637940435545,-3.439381732521394,5.955869781788046,V2-lab_A
era4tb_A_INH1x_r1,7.0,10.0,2.0,1,,0.4200575906159517,2.0162863319428506,-4.363879196991446,5.436445574269598,V2-lab_A
era4tb_A_INH1x_r1,7.0,2.5,2.6020599913279625,1,,0.5548932126018404,2.232079914440331,-3.1936513080680253,4.707740079543793,V2-lab_A
era4tb_A_INH1x_r1,14.0,100.0,1.0,0,2.30102999566398,0.33080340525340163,1.9767306041699868,-6.230704405694567,8.602539194278172,V2-lab_A
era4tb_A_INH1x_r1,14.0,10.0,2.0,0,3.47712125471966,0.36221670025919206,2.9633364036423844,-8.776727806656371,9.148265999200415,V2-lab_A
era4tb_A_INH1x_r1,14.0,10.0,2.0,1,,0.38872198754425114,2.7724246736010953,-7.57037094768002,7.786707730957666,V2-lab_A
era4tb_A_INH1x_r1,14.0,2.5,2.6020599913279625,1,,0.41554446115602184,3.4212990096475373,-5.8238176586877834,7.814192125243375,V2-lab_A
era4tb_A_INH1x_r1,21.0,100.0,1.0,0,4.6232492903979,0.3274759364826682,3.677101190054578,-11.733429748252831,17.947894815796865,V2-lab_A
era4tb_A_INH1x_r1,21.0,10.0,2.0,0,4.36172783601759,0.47458707498154257,1.5962031276152109,-8.872519242907476,11.959986452403376,V2-lab_A
era4tb_A_INH1x_r1,21.0,10.0,2.0,0,4.14612803567824,0.3185262392088792,5.855277430657584,-10.303223775768556,11.613552740996122,V2-lab_A
era4tb_A_INH1x_r1,21.0,2.5,2.6020599913279625,0,4.38021124171161,0.46615383291497436,2.793419427986926,-11.372563745308614,12.561931206842239,V2-lab_A
era4tb_A_INH1x_r2,1.0,100.0,1.0,0,2.5910646070265,0.07989874931752723,4.818634559788658,2.0912938115461737,6.660822526826684,V2-lab_A
era4tb_A_INH1x_r2,1.0,10.0,2.0,0,2.69897000433602,0.09032031111644633,4.411021153398824,2.072894071685857,6.706096676835159,V2-lab_A
era4tb_A_INH1x_r2,1.0,10.0,2.0,0,2.47712125471966,0.08626122121403533,4.00287546723496,2.2068751150479873,6.4247791135668235,V2-lab_A
era4tb_A_INH1x_r2,1.0,2.5,2.6020599913279625,0,3.44715803134222,0.12375519686060739,4.131641614245358,2.091426782959382,6.800083359486711,V2-lab_A
era4tb_A_INH1x_r2,2.0,100.0,1.0,0,2.27875360095283,0.08579117812560527,3.245019933603037,1.2049901515993489,5.490117983011831,V2-lab_A
era4tb_A_INH1x_r2,2.0,10.0,2.0,1,,0.13741760000884876,3.0705907177251364,1.2716724404361592,5.641060676563788,V2-lab_A
era4tb_A_INH1x_r2,2.0,10.0,2.0,0,2.47712125471966,0.1322861710865118,3.5687780612516105,1.1724492278198757,5.715439924681614,V2-lab_A
era4tb_A_INH1x_r2,2.0,2.5,2.6020599913279625,1,,0.2469429508089576,3.490112860282922,1.2530636846140204,5.9143626023476825,V2-lab_A
era4tb_A_INH1x_r2,3.0,100.0,1.0,0,1.84509804001426,0.09772736905267158,3.2752666341407295,0.45526015929290153,4.934565224551585,V2-lab_A
era4tb_A_INH1x_r2,3.0,10.0,2.0,1,,0.2007781012411144,3.25933729966975,0.19300321109811247,5.460542201752588,V2-lab_A
era4tb_A_INH1x_r2,3.0,10.0,2.0,1,,0.19242120652101083,3.363022214823883,0.5016602981205274,5.183088453401221,V2-lab_A
era4tb_A_INH1x_r2,3.0,2.5,2.6020599913279625,0,2.60205999132796,0.30619842852128115,3.075615612683925,0.20144380165260056,5.266833909899607,V2-lab_A
era4tb_A_INH1x_r2,7.0,100.0,1.0,1,,0.4013079157636785,1.1621486235572314,-2.4503528097121,5.5874421715788785,V2-lab_A
era4tb_A_INH1x_r2,7.0,10.0,2.0,1,,0.46843262667267316,1.8216059095044113,-3.1111149275740986,5.232535198999738,V2-lab_A
era4tb_A_INH1x_r2,7.0,10.0,2.0,1,,0.46145079219932905,1.8283732020833163,-3.3338792266653776,5.263114234883401,V2-lab_A
era4tb_A_INH1x_r2,7.0,2.5,2.6020599913279625,1,,0.5342282285424261,2.3317893014983406,-2.8716854426218523,5.196529260232464,V2-lab_A
era4tb_A_INH1x_r2,10.0,100.0,1.0,0,1.95424250943932,0.3323693195262406,2.171062400757078,-5.29190778015805,7.16037037978418,V2-lab_A
era4tb_A_INH1x_r2,10.0,10.0,2.0,1,,0.453200704652218,2.5109597020370398,-4.805207738354749,6.327099689386728,V2-lab_A
era4tb_A_INH1x_r2,10.0,10.0,2.0,0,2.0,0.4535798906380984,2.8135343304311062,-4.418333863590711,6.723223724097889,V2-lab_A
era4tb_A_INH1x_r2,10.0,2.5,2.6020599913279625,1,,0.5705255357842703,1.5666258068785783,-4.732284040421618,7.067368247707659,V2-lab_A
era4tb_A_INH1x_r2,14.0,100.0,1.0,0,2.49136169383427,0.4191371188371534,2.838037535272746,-7.639009882466325,7.38716901909884,V2-lab_A
era4tb_A_INH1x_r2,14.0,10.0,2.0,0,3.0,0.41921305798836445,3.172051690305674,-5.3770876202368,8.165231744613571,V2-lab_A
era4tb_A_INH1x_r2,14.0,10.0,2.0,1,,0.3664192840385299,3.419015830197937,-6.08144461257899,8.585665987477826,V2-lab_A
era4tb_A_INH1x_r2,14.0,2.5,2.6020599913279625,1,,0.4184559965098887,3.180605461447364,-8.927977439311519,9.767863319873454,V2-lab_A
era4tb_A_INH1x_r2,21.0,100.0,1.0,0,4.79239168949825,0.4320272009018143,2.461709291191668,-16.29438046033391,12.51924826745688,V2-lab_A
era4tb_A_INH1x_r2,21.0,10.0,2.0,0,4.34242268082221,0.40410513050531033,4.316739080440506,-10.089641506396164,11.069164978904563,V2-lab_A
era4tb_A_INH1x_r2,21.0,10.0,2.0,0,4.25527250510331,0.3732883287294821,4.26876727492232,-8.792351608742438,10.506855509996445,V2-lab_A
era4tb_A_INH1x_r2,21.0,2.5,2.6020599913279625,0,4.55630250076729,0.5075274150157328,2.3713650459723112,-9.635031271448586,10.199573240301588,V2-lab_A
era4tb_A_INH1x_r3,1.0,100.0,1.0,0,2.44715803134222,0.07310635992746342,4.453484848529376,2.040024198800855,6.6089480048934,V2-lab_A
era4tb_A_INH1x_r3,1.0,10.0,2.0,0,2.60205999132796,0.0890453558723292,4.494001449328502,2.0508608567560227,6.54444026335184,V2-lab_A
era4tb_A_INH1x_r3,1.0,10.0,2.0,0,2.95424250943932,0.08933551899752712,4.1389197579865025,2.0755420770827064,6.406994590939056,V2-lab_A
era4tb_A_INH1x_r3,1.0,2.5,2.6020599913279625,0,3.38021124171161,0.10883708860348211,4.319213966068767,2.1598831593788117,6.72902776556365,V2-lab_A
era4tb_A_INH1x_r3,2.0,100.0,1.0,0,2.25527250510331,0.09087698530823966,3.719663052606919,0.7615429415435375,5.674159164866419,V2-lab_A
era4tb_A_INH1x_r3,2.0,10.0,2.0,1,,0.12221478611174709,3.0252114807764396,1.1696297465759558,5.950563817956067,V2-lab_A
era4tb_A_INH1x_r3,2.0,10.0,2.0,0,2.47712125471966,0.1532835209999803,3.302637898698671,0.861428065474968,6.004840772839241,V2-lab_A
era4tb_A_INH1x_r3,2.0,2.5,2.6020599913279625,1,,0.20432044633514754,3.54062848331328,1.0133764419694948,5.923862906269361,V2-lab_A
era4tb_A_INH1x_r3,3.0,100.0,1.0,0,1.84509804001426,0.1013702949807244,3.6029819895753596,0.139914653827248,5.415638246495313,V2-lab_A
era4tb_A_INH1x_r3,3.0,10.0,2.0,1,,0.18824287755046015,3.3098160175758573,0.26413504661125864,5.2991692311420975,V2-lab_A
era4tb_A_INH1x_r3,3.0,10.0,2.0,1,,0.18571823937613802,2.8894380997395857,0.5458093437342968,5.184836438707515,V2-lab_A
era4tb_A_INH1x_r3,3.0,2.5,2.6020599913279625,1,,0.37598286086775967,2.535518387166525,0.5200742626740835,5.468784225170049,V2-lab_A
era4tb_A_INH1x_r3,7.0,100.0,1.0,1,,0.37962217101431134,2.365479090864123,-3.890455761448777,5.442298350363231,V2-lab_A
era4tb_A_INH1x_r3,7.0,10.0,2.0,1,,0.47576494178329704,1.9643152883043422,-3.1435870061910216,5.204523841356606,V2-lab_A
era4tb_A_INH1x_r3,7.0,10.0,2.0,1,,0.5204189981348821,0.7766202803539444,-2.2192014586271553,4.705990888914509,V2-lab_A
era4tb_A_INH1x_r3,7.0,2.5,2.6020599913279625,1,,0.6589382955994679,1.305416709006698,-2.8736740912927905,5.04067028153822,V2-lab_A
era4tb_A_INH1x_r3,10.0,100.0,1.0,0,1.95424250943932,0.4488307416431123,2.7654631231497513,-5.889069089435264,6.5046728776760965,V2-lab_A
era4tb_A_INH1x_r3,10.0,10.0,2.0,1,,0.4357128268497192,3.028890430789634,-4.616465939445616,6.372609378173614,V2-lab_A
era4tb_A_INH1x_r3,10.0,10.0,2.0,1,,0.45620378815542506,2.414040188271468,-4.5480353661034405,6.830490026295582,V2-lab_A
era4tb_A_INH1x_r3,10.0,2.5,2.6020599913279625,1,,0.5282567043043482,1.495107652011252,-6.600095825994769,7.236574389716727,V2-lab_A
era4tb_A_INH1x_r3,14.0,10.0,2.0,0,3.53147891704225,0.4793415591485639,1.7942133343181603,-7.184938497652125,8.490650871329716,V2-lab_A
era4tb_A_INH1x_r3,14.0,10.0,2.0,0,3.14612803567824,0.40615421639127575,3.1665256065941034,-7.710530440385842,6.775434246713726,V2-lab_A
era4tb_A_INH1x_r3,14.0,2.5,2.6020599913279625,0,3.07918124604762,0.3821712064394888,3.535724690523684,-8.717320741977943,8.37147153209525,V2-lab_A
era4tb_A_INH1x_r3,21.0,100.0,1.0,0,4.8750612633917,0.5386482420162647,-0.20292742499515537,-9.08625847876791,11.621434961155483,V2-lab_A
era4tb_A_INH1x_r3,21.0,10.0,2.0,0,4.41497334797082,0.3823946093072179,4.5679578313374005,-11.252748809223792,12.804450336175709,V2-lab_A
era4tb_A_INH1x_r3,21.0,10.0,2.0,0,4.20411998265593,0.29979718693642227,2.9851042792135423,-10.351255896682261,14.543861714177638,V2-lab_A
era4tb_A_INH1x_r3,21.0,2.5,2.6020599913279625,0,4.44715803134222,0.38693427482173964,3.531830006988799,-9.764938167026791,11.613437475691038,V2-lab_A
era4tb_A_MXF10x_r2,1.0,100.0,1.0,0,2.41497334797082,0.06286509154310885,4.70545463967523,2.419052892167554,7.031814921067151,V2-lab_A
era4tb_A_MXF10x_r2,1.0,10.0,2.0,0,2.77815125038364,0.08490030450337664,4.479799038887142,2.336186610024601,6.82820872668941,V2-lab_A
era4tb_A_MXF10x_r2,1.0,10.0,2.0,0,2.77815125038364,0.08628243159068977,4.436384936815633,2.112132063937313,7.020027435716109,V2-lab_A
era4tb_A_MXF10x_r2,1.0,2.5,2.6020599913279625,1,,0.10593160688993519,4.263799393719497,2.2442970407537146,6.8961599483407365,V2-lab_A
era4tb_A_MXF10x_r2,2.0,100.0,1.0,0,2.17609125905568,0.08073455914322168,4.277772499307822,1.785753306292475,5.981423658939978,V2-lab_A
era4tb_A_MXF10x_r2,2.0,10.0,2.0,0,2.0,0.11085506655588137,3.9023026200390767,1.0650604076354182,6.081965024961995,V2-lab_A
era4tb_A_MXF10x_r2,2.0,10.0,2.0,0,2.0,0.09285611500644292,4.098619472997455,1.5668772121545722,5.830592399949792,V2-lab_A
era4tb_A_MXF10x_r2,2.0,2.5,2.6020599913279625,0,3.07918124604762,0.1594319248899332,4.025108764412531,1.4442592907912202,6.136357231245199,V2-lab_A
era4tb_A_MXF10x_r2,3.0,100.0,1.0,0,1.90308998699194,0.09256745535223591,3.7420428825769774,0.3946837096111593,5.360823505846808,V2-lab_A
era4tb_A_MXF10x_r2,3.0,10.0,2.0,1,,0.16006729114485002,3.5392105659029403,0.375578107117458,5.91884651446579,V2-lab_A
era4tb_A_MXF10x_r2,3.0,10.0,2.0,1,,0.10682469171456001,4.011946060113621,1.1989926228337606,5.788644461407088,V2-lab_A
era4tb_A_MXF10x_r2,3.0,2.5,2.6020599913279625,0,2.60205999132796,0.23156131740189909,3.490466526438023,0.848364623505547,5.602056246425854,V2-lab_A
era4tb_A_MXF10x_r2,7.0,100.0,1.0,0,1.60205999132796,0.22095708869614966,2.3812313390810145,-2.6367415339723195,5.22426964077989,V2-lab_A
era4tb_A_MXF10x_r2,7.0,10.0,2.0,1,,0.4107507252543704,2.5824102867520544,-2.4010777129851713,5.645072027080081,V2-lab_A
era4tb_A_MXF10x_r2,7.0,10.0,2.0,1,,0.3174094765002195,2.83840437714945,-2.7073041453104767,5.779942603769992,V2-lab_A
era4tb_A_MXF10x_r2,7.0,2.5,2.6020599913279625,1,,0.5548755197671501,2.2066478983982423,-2.650632745488087,4.297527224266549,V2-lab_A
era4tb_A_MXF10x_r2,10.0,100.0,1.0,0,1.30102999566398,0.38217103612565995,2.0503939558805087,-5.1368508814860245,5.199754463333682,V2-lab_A
era4tb_A_MXF10x_r2,10.0,10.0,2.0,1,,0.378365132770862,3.028718129793404,-4.649411856749303,5.046284439585232,V2-lab_A
era4tb_A_MXF10x_r2,10.0,10.0,2.0,1,,0.5232456067776048,1.4002773770499166,-5.1950112419058705,5.188788412405747,V2-lab_A
era4tb_A_MXF10x_r2,10.0,2.5,2.6020599913279625,1,,0.5479915880624365,2.4593330904926596,-5.344710917083799,4.796376915636216,V2-lab_A
era4tb_A_MXF10x_r2,14.0,100.0,1.0,1,,0.47046180487846334,0.9037011785969504,-8.128489233467526,5.964167794890111,V2-lab_A
era4tb_A_MXF10x_r2,14.0,10.0,2.0,1,,0.6582199079187511,0.03408938177562515,-9.33098439433992,6.159489012908708,V2-lab_A
era4tb_A_MXF10x_r2,14.0,10.0,2.0,1,,0.6511445403836519,0.10792748455581958,-7.870184015801116,5.561039178547272,V2-lab_A
era4tb_A_MXF10x_r2,14.0,2.5,2.6020599913279625,1,,0.695199636612794,-0.33671880419344635,-9.718058789303106,6.446741574986629,V2-lab_A
era4tb_A_MXF10x_r2,21.0,100.0,1.0,0,3.95424250943932,0.6192148154104324,-0.6123650156422205,-13.702497491449773,6.225069820316069,V2-lab_A
era4tb_A_MXF10x_r2,21.0,10.0,2.0,0,3.67209785793572,0.6794285530218533,-0.6622385463106353,-15.20422384920752,8.297193382514529,V2-lab_A
era4tb_A_MXF10x_r2,21.0,10.0,2.0,0,3.44715803134222,0.5516025119413906,1.5983444530031905,-15.537493389504768,7.5566113266970945,V2-lab_A
era4tb_A_MXF10x_r2,21.0,2.5,2.6020599913279625,0,3.68124123737559,0.7645791928106722,-1.5531188352770195,-15.771374211926952,7.00644381705957,V2-lab_A
era4tb_A_MXF10x_r3,1.0,100.0,1.0,0,2.46239799789896,0.06729454010727359,4.552123143874192,2.5109056187923016,6.92185330045987,V2-lab_A
era4tb_A_MXF10x_r3,1.0,10.0,2.0,0,3.23044892137827,0.08347435035685216,4.877167654031504,2.510425849010195,6.916017329422191,V2-lab_A
era4tb_A_MXF10x_r3,1.0,10.0,2.0,0,3.17609125905568,0.08383567370260639,4.6965686236852076,2.4559454855876726,6.855672862278674,V2-lab_A
era4tb_A_MXF10x_r3,1.0,2.5,2.6020599913279625,0,2.60205999132796,0.09735240252564381,4.714370997575489,2.397769861551806,6.658626575166693,V2-lab_A
era4tb_A_MXF10x_r3,2.0,100.0,1.0,0,2.0,0.0852434429591227,3.955448428101101,1.2882894808249026,6.06412765313646,V2-lab_A
era4tb_A_MXF10x_r3,2.0,10.0,2.0,1,,0.10737473967848939,4.177316699859939,1.4147818625553024,6.328469533583154,V2-lab_A
era4tb_A_MXF10x_r3,2.0,10.0,2.0,1,,0.09873826463058585,4.137824258814907,1.715603933958663,6.328291648663192,V2-lab_A
era4tb_A_MXF10x_r3,2.0,2.5,2.6020599913279625,1,,0.1454524403833351,3.598986528800871,1.5817594977297904,6.035688568153417,V2-lab_A
era4tb_A_MXF10x_r3,3.0,100.0,1.0,0,2.0,0.09055702895865485,3.6454082632775706,0.49206222846606607,5.643202263206853,V2-lab_A
era4tb_A_MXF10x_r3,3.0,10.0,2.0,1,,0.10922987186707886,4.280633755510499,0.8300324129035939,5.80450573951412,V2-lab_A
era4tb_A_MXF10x_r3,3.0,10.0,2.0,1,,0.10729800405520014,3.9322479276348674,0.9408559900799809,5.6384301400579995,V2-lab_A
era4tb_A_MXF10x_r3,3.0,2.5,2.6020599913279625,0,2.60205999132796,0.20643398897730092,3.545242275133563,0.70872602480282,5.705975426703213,V2-lab_A
era4tb_A_MXF10x_r3,7.0,100.0,1.0,0,1.69897000433602,0.2562347407233993,3.226485788009531,-3.652045774852003,5.468676575966251,V2-lab_A
era4tb_A_MXF10x_r3,7.0,10.0,2.0,1,,0.3422330487856759,2.4526492730789142,-2.443532801034026,5.026360748979784,V2-lab_A
era4tb_A_MXF10x_r3,7.0,10.0,2.0,1,,0.40097910898392625,2.2033165299558695,-2.6808065615621426,4.676366246078654,V2-lab_A
era4tb_A_MXF10x_r3,7.0,2.5,2.6020599913279625,1,,0.41662826551507715,2.844034332659455,-2.23995739663228,4.968959122728811,V2-lab_A
era4tb_A_MXF10x_r3,10.0,100.0,1.0,0,1.60205999132796,0.34005086945823304,1.880285947837049,-5.341745319832318,6.35847280717937,V2-lab_A
era4tb_A_MXF10x_r3,10.0,10.0,2.0,1,,0.44529240723063496,2.5016963525098523,-4.340168744702545,5.886475781660545,V2-lab_A
era4tb_A_MXF10x_r3,10.0,10.0,2.0,1,,0.5548772166126852,1.6874655329848594,-4.575152832815399,6.005892955453012,V2-lab_A
era4tb_A_MXF10x_r3,10.0,2.5,2.6020599913279625,1,,0.5401713908432738,2.2832531342936297,-4.516658752223244,5.754516946233116,V2-lab_A
era4tb_A_MXF10x_r3,14.0,100.0,1.0,1,,0.4256464465687408,2.368896220657791,-10.38124297798587,6.388898755907079,V2-lab_A
era4tb_A_MXF10x_r3,14.0,10.0,2.0,0,2.30102999566398,0.6593671055162873,0.4890112130087245,-6.998054205354585,6.558164716931381,V2-lab_A
era4tb_A_MXF10x_r3,14.0,10.0,2.0,1,,0.5580065170704894,0.9760582471364554,-7.9556200638515335,5.71364914186525,V2-lab_A
era4tb_A_MXF10x_r3,14.0,2.5,2.6020599913279625,1,,0.6490839244781881,0.8701499849236658,-8.579865226215423,7.147828184391658,V2-lab_A
era4tb_A_MXF1x_r1,1.0,100.0,1.0,0,3.73239375982297,0.058268334713074896,5.380233878546394,3.0336073892121114,7.410931170308973,V2-lab_A
era4tb_A_MXF1x_r1,1.0,10.0,2.0,0,3.60205999132796,0.0820581169529275,5.272446307449565,2.841677999556307,7.634438322246104,V2-lab_A
era4tb_A_MXF1x_r1,1.0,10.0,2.0,0,3.07918124604762,0.08320482475436468,5.041789849652255,2.7536687246515728,7.717944765201013,V2-lab_A
era4tb_A_MXF1x_r1,1.0,2.5,2.6020599913279625,0,3.30102999566398,0.08474990645123195,4.601549644732222,3.072168171366727,7.462146608038493,V2-lab_A
era4tb_A_MXF1x_r1,2.0,100.0,1.0,0,4.05690485133647,0.0746398633032637,5.05389929464244,2.6700584008542148,7.372540533527658,V2-lab_A
era4tb_A_MXF1x_r1,2.0,10.0,2.0,0,4.17609125905568,0.08046372766608083,4.925555136776335,3.0106541732839247,7.327343250749103,V2-lab_A
era4tb_A_MXF1x_r1,2.0,10.0,2.0,0,4.04139268515823,0.08388728822616984,4.987121616174626,2.9188872757987534,7.032936907108612,V2-lab_A
era4tb_A_MXF1x_r1,2.0,2.5,2.6020599913279625,0,3.68124123737559,0.0862629550731669,5.095224945888155,2.659509651949353,7.290739896707146,V2-lab_A
era4tb_A_MXF1x_r1,3.0,100.0,1.0,0,4.07918124604763,0.08416940632925794,5.274811452261624,2.0087495241179774,7.266177649903363,V2-lab_A
era4tb_A_MXF1x_r1,3.0,10.0,2.0,0,4.30102999566398,0.08308368055097247,4.833491353624657,2.793810868088103,6.891636605850221,V2-lab_A
era4tb_A_MXF1x_r1,3.0,10.0,2.0,0,4.27875360095283,0.08556152714739008,4.966010586736963,2.1998958976037875,7.042512495603068,V2-lab_A
era4tb_A_MXF1x_r1,3.0,2.5,2.6020599913279625,0,4.20411998265593,0.0912150978040283,5.008365519876377,2.4705011239842265,6.970736677646822,V2-lab_A
era4tb_A_MXF1x_r1,7.0,100.0,1.0,0,4.97772360528885,0.08557312714500917,5.304709391629542,0.9208743780646116,7.814794115518872,V2-lab_A
era4tb_A_MXF1x_r1,7.0,10.0,2.0,0,5.14612803567824,0.17231526814817252,5.243993212292825,-1.274655312047395,7.814237073507421,V2-lab_A
era4tb_A_MXF1x_r1,7.0,10.0,2.0,0,4.30102999566398,0.1039653111175824,4.3965348860780145,0.7822360636615056,8.654341257660716,V2-lab_A
era4tb_A_MXF1x_r1,7.0,2.5,2.6020599913279625,0,4.50514997831991,0.1593989853811477,5.075302300240251,0.21669548158873786,7.786412719459809,V2-lab_A
era4tb_A_MXF1x_r1,10.0,100.0,1.0,0,5.47712125471966,0.10472123924112209,4.736254303181706,-1.2048524559642373,9.84039859149963,V2-lab_A
era4tb_A_MXF1x_r1,10.0,10.0,2.0,0,5.17609125905568,0.18138405605775437,5.309662876444171,-1.2216540375245064,7.914441963973713,V2-lab_A
era4tb_A_MXF1x_r1,10.0,10.0,2.0,0,5.23044892137827,0.23684948100969702,5.780426311845083,-2.3211063688420324,9.609030668149806,V2-lab_A
era4tb_A_MXF1x_r1,10.0,2.5,2.6020599913279625,0,4.50514997831991,0.24535475003733198,5.071224626367226,-1.4486772701224733,7.673029155065849,V2-lab_A
era4tb_A_MXF1x_r1,14.0,100.0,1.0,0,6.49136169383427,0.23736979643326642,5.354893521908785,-3.420791628909264,10.027760732298338,V2-lab_A
era4tb_A_MXF1x_r1,14.0,10.0,2.0,0,6.50514997831991,0.29445416206564806,3.7179927492782836,-3.186908547032973,12.306155498028774,V2-lab_A
era4tb_A_MXF1x_r1,14.0,10.0,2.0,0,5.36172783601759,0.24056298642671745,5.11226783122485,-2.4356086035365676,12.576611792086887,V2-lab_A
era4tb_A_MXF1x_r1,14.0,2.5,2.6020599913279625,0,4.90308998699194,0.1557104233749739,6.068125372417477,-0.7074924575857486,11.15470895237118,V2-lab_A
era4tb_A_MXF1x_r1,21.0,100.0,1.0,0,6.69019608002851,0.282400868772919,5.73456712497602,-9.246060241129197,13.917819804799713,V2-lab_A
era4tb_A_MXF1x_r1,21.0,10.0,2.0,0,6.20411998265593,0.3331258465671714,5.4768081047032355,-5.430076528423633,11.808688088997908,V2-lab_A
era4tb_A_MXF1x_r1,21.0,10.0,2.0,0,6.25527250510331,0.4151651780465185,2.9257933942025023,-7.865500342268426,13.163853794192114,V2-lab_A
era4tb_A_MXF1x_r1,21.0,2.5,2.6020599913279625,0,6.20411998265593,0.41148549195515155,4.380981215179407,-6.992143646015794,13.250317186146093,V2-lab_A
era4tb_A_MXF1x_r2,1.0,100.0,1.0,0,3.70757017609794,0.06171703940989896,5.048673285761158,2.8256768262185656,7.392744382204531,V2-lab_A
era4tb_A_MXF1x_r2,1.0,10.0,2.0,0,3.47712125471966,0.08013127860981005,5.078260568008352,2.8221255651428465,7.686342585830016,V2-lab_A
era4tb_A_MXF1x_r2,1.0,10.0,2.0,0,3.07918124604762,0.07026193983481992,5.1955035295301375,2.9110554321388276,7.510026340829909,V2-lab_A
era4tb_A_MXF1x_r2,1.0,2.5,2.6020599913279625,0,3.30102999566398,0.08706832036660035,5.284669035177532,2.7190259407286548,7.224422132573677,V2-lab_A
era4tb_A_MXF1x_r2,2.0,100.0,1.0,0,3.95424250943932,0.07744010459748182,5.187988369398118,2.5112561935732973,7.104538599091426,V2-lab_A
era4tb_A_MXF1x_r2,2.0,10.0,2.0,0,3.95424250943932,0.08458645899953719,4.759787130178276,2.493111115278066,7.316994091512612,V2-lab_A
era4tb_A_MXF1x_r2,2.0,10.0,2.0,0,4.34242268082221,0.08343945734791455,5.042490843704227,2.7681899438836477,6.986353714193368,V2-lab_A
era4tb_A_MXF1x_r2,2.0,2.5,2.6020599913279625,0,3.68124123737559,0.085742882583872,4.879183447360726,2.8351089440892947,6.993462009676597,V2-lab_A
era4tb_A_MXF1x_r2,3.0,100.0,1.0,0,4.22788670461367,0.08464396116264529,5.116728983405156,2.2026381722412474,6.928597076109424,V2-lab_A
era4tb_A_MXF1x_r2,3.0,10.0,2.0,0,4.30102999566398,0.08522022424878307,4.9793679904381545,2.5995746012853065,7.318673844574824,V2-lab_A
era4tb_A_MXF1x_r2,3.0,10.0,2.0,0,4.27875360095283,0.08539560041138418,5.030343460973616,2.2706790451765544,7.405772753513472,V2-lab_A
era4tb_A_MXF1x_r2,3.0,2.5,2.6020599913279625,0,4.07918124604763,0.08707859995981217,5.008340317701613,2.4192772499014645,7.117466833025645,V2-lab_A
era4tb_A_MXF1x_r2,7.0,100.0,1.0,0,4.97772360528885,0.0877806375257988,5.249991281247867,0.261269084497741,7.960161001159341,V2-lab_A
era4tb_A_MXF1x_r2,7.0,10.0,2.0,0,5.0,0.08654784072272646,5.48992734321194,0.30891894801729425,7.916154641828256,V2-lab_A
era4tb_A_MXF1x_r2,7.0,10.0,2.0,0,4.34242268082221,0.1307893027984236,5.291758550898181,-0.26939467279321994,7.826055941483408,V2-lab_A
era4tb_A_MXF1x_r2,7.0,2.5,2.6020599913279625,0,4.50514997831991,0.16310721559707095,4.931842274686985,0.5950113889114133,8.061862779922341,V2-lab_A
era4tb_A_MXF1x_r2,10.0,100.0,1.0,0,5.38021124171161,0.1169203079677142,5.507072104484978,-1.4615928230512005,9.16192319196725,V2-lab_A
era4tb_A_MXF1x_r2,10.0,10.0,2.0,0,4.95424250943933,0.2511018536259096,5.059389411593233,-0.9712561573808269,9.790494767378105,V2-lab_A
era4tb_A_MXF1x_r2,10.0,10.0,2.0,0,5.27875360095283,0.17249220230043744,4.975574763960093,-1.5597742552867495,9.038202025331506,V2-lab_A
era4tb_A_MXF1x_r2,10.0,2.5,2.6020599913279625,0,4.7160033436348,0.2307184699144941,4.59059358170302,-1.5459430619406929,8.395206661055425,V2-lab_A
era4tb_A_MXF1x_r2,14.0,100.0,1.0,0,6.46239799789896,0.2049362585076314,5.657535011797077,-2.6471096451939347,10.290670149607434,V2-lab_A
era4tb_A_MXF1x_r2,14.0,10.0,2.0,0,6.44715803134222,0.25677605927364555,4.733025278854724,-5.555672237204005,9.830735732934055,V2-lab_A
era4tb_A_MXF1x_r2,14.0,10.0,2.0,0,5.32221929473392,0.21152884139402856,4.665114492565242,-2.464664517892724,10.555744179047409,V2-lab_A
era4tb_A_MXF1x_r2,14.0,2.5,2.6020599913279625,0,5.38021124171161,0.24932438538393006,5.117851254819605,-3.0179592428887867,10.16644648771642,V2-lab_A
era4tb_A_MXF1x_r2,21.0,100.0,1.0,0,6.60205999132796,0.2452132621632768,5.480356591431014,-8.887323374222797,14.35501119102443,V2-lab_A
era4tb_A_MXF1x_r2,21.0,10.0,2.0,0,6.23044892137827,0.25898649373200355,4.107901785451948,-5.5281124365655945,11.443394398809419,V2-lab_A
era4tb_A_MXF1x_r2,21.0,10.0,2.0,0,6.14612803567824,0.27796822429745555,5.26247638619461,-5.9067509227143145,14.07783701768151,V2-lab_A
era4tb_A_MXF1x_r2,21.0,2.5,2.6020599913279625,0,6.30102999566398,0.28609127272912205,6.604065780657109,-7.365404361825288,13.692206486331134,V2-lab_A
era4tb_A_MXF1x_r3,1.0,100.0,1.0,0,3.55630250076729,0.051653231846054394,5.065937173741211,3.062487032582875,7.376541160480158,V2-lab_A
era4tb_A_MXF1x_r3,1.0,10.0,2.0,0,3.67209785793572,0.07762429378843752,5.3740475473672715,3.007644623671228,7.584585603320332,V2-lab_A
era4tb_A_MXF1x_r3,1.0,10.0,2.0,0,3.04139268515822,0.07880923623295623,5.128859037264458,2.9734754024959975,7.310863524314704,V2-lab_A
era4tb_A_MXF1x_r3,1.0,2.5,2.6020599913279625,0,3.20411998265592,0.08462558117556711,4.933253850876646,2.980429267734082,7.672537185019375,V2-lab_A
era4tb_A_MXF1x_r3,2.0,100.0,1.0,0,4.0,0.07703051815140828,4.940676369691516,2.8407322211359576,7.103268272447717,V2-lab_A
era4tb_A_MXF1x_r3,2.0,10.0,2.0,0,4.11394335230684,0.07950567554552776,4.7006510317161885,2.9342668875121807,6.865625284439704,V2-lab_A
era4tb_A_MXF1x_r3,2.0,10.0,2.0,0,3.84509804001426,0.08469607359868564,5.045770215345413,2.4250701445495713,6.962298044458119,V2-lab_A
era4tb_A_MXF1x_r3,2.0,2.5,2.6020599913279625,0,3.50514997831991,0.09083710957539716,4.7131299576895005,2.321819653403004,6.907004762255895,V2-lab_A
era4tb_A_MXF1x_r3,3.0,100.0,1.0,0,4.0899051114394,0.08164900081381847,4.786786946331247,2.1224152778804073,7.223806042092691,V2-lab_A
era4tb_A_MXF1x_r3,3.0,10.0,2.0,0,4.39794000867204,0.08536232010804916,5.190780926456638,2.2262239252625133,7.4608840461418495,V2-lab_A
era4tb_A_MXF1x_r3,3.0,10.0,2.0,0,4.25527250510331,0.0856041615853022,4.812483031304726,2.1804704573937834,7.089970728176754,V2-lab_A
era4tb_A_MXF1x_r3,3.0,2.5,2.6020599913279625,0,4.30102999566398,0.08704758853396374,5.121635687330692,2.325000026290936,6.956467067364712,V2-lab_A
era4tb_A_MXF1x_r3,7.0,100.0,1.0,0,5.09691001300806,0.08836558094650201,5.097036909827232,0.4265287507630442,8.129684722076506,V2-lab_A
era4tb_A_MXF1x_r3,7.0,10.0,2.0,0,4.69897000433602,0.09868142978778481,5.31953538781214,0.4871561655107204,7.510916234634486,V2-lab_A
era4tb_A_MXF1x_r3,7.0,10.0,2.0,0,4.60205999132796,0.1245215078715392,5.0879380693459755,-0.09937783540450784,7.013580009961619,V2-lab_A
era4tb_A_MXF1x_r3,7.0,2.5,2.6020599913279625,0,4.55630250076729,0.1699924147518398,3.84931389830341,-0.029403196856552682,7.0454078264893925,V2-lab_A
era4tb_A_MXF1x_r3,10.0,100.0,1.0,0,5.11394335230684,0.1265585372524297,4.062900537000916,-1.3692303751921941,8.321459189649058,V2-lab_A
era4tb_A_MXF1x_r3,10.0,10.0,2.0,0,5.14612803567824,0.16342558394641227,5.007702474850846,-0.9397543987809165,9.107151339620572,V2-lab_A
era4tb_A_MXF1x_r3,10.0,10.0,2.0,0,5.17609125905568,0.12887790370817234,4.443296751946724,-0.37496145712901763,9.255953903185969,V2-lab_A
era4tb_A_MXF1x_r3,10.0,2.5,2.6020599913279625,0,4.64345267648619,0.23427003605984434,4.821168763880787,-1.1548649580211126,9.506988690710957,V2-lab_A
era4tb_A_MXF1x_r3,14.0,100.0,1.0,0,6.23044892137827,0.15554814372493742,4.565069473016804,-4.001629529248945,11.290825074163905,V2-lab_A
era4tb_A_MXF1x_r3,14.0,10.0,2.0,0,6.41497334797082,0.2407199882023428,5.610986324135826,-3.0263193931795045,10.981842118130494,V2-lab_A
era4tb_A_MXF1x_r3,14.0,10.0,2.0,0,5.30102999566398,0.23176726945366247,5.507269732974696,-4.348036424168983,10.611921419514365,V2-lab_A
era4tb_A_MXF1x_r3,14.0,2.5,2.6020599913279625,0,5.30102999566398,0.24655583556757837,5.778002424456773,-3.926074845262011,12.801276715797652,V2-lab_A
era4tb_A_MXF1x_r3,21.0,100.0,1.0,0,6.68124123737559,0.22503240581605508,4.560127781134794,-6.204172404625619,12.471765829413778,V2-lab_A
era4tb_A_MXF1x_r3,21.0,10.0,2.0,0,6.34242268082221,0.2799511442977212,5.093906091690545,-7.3091371068566815,17.78043208693308,V2-lab_A
era4tb_A_MXF1x_r3,21.0,10.0,2.0,0,6.38021124171161,0.3492381310534858,6.418461333487513,-10.697517769703085,14.14079062078056,V2-lab_A
era4tb_A_MXF1x_r3,21.0,2.5,2.6020599913279625,0,6.30102999566398,0.2953505560330869,4.103150778325517,-5.6166598259344,13.781522216310325,V2-lab_A
era4tb_A_untreated_r1,0.0,10.0,2.0,0,3.43136376415899,0.06170308866201332,5.066492607809323,3.060396057062775,7.853681161168401,V2-lab_A
era4tb_A_untreated_r1,0.0,10.0,2.0,0,3.23044892137827,0.059278214058102116,5.174084002078865,2.9395364284107286,8.054021299075218,V2-lab_A
era4tb_A_untreated_r1,0.0,2.5,2.6020599913279625,0,3.20411998265592,0.08101024264018077,4.950915477299755,3.03219955206401,7.7920436703321245,V2-lab_A
era4tb_A_untreated_r1,1.0,100.0,1.0,0,3.98677173426624,0.04873628238777052,5.414795836999355,3.280335101534002,7.782847436009286,V2-lab_A
era4tb_A_untreated_r1,1.0,10.0,2.0,0,3.70757017609794,0.0760825760543347,5.474348890587086,3.081466527954164,7.658975091990981,V2-lab_A
era4tb_A_untreated_r1,1.0,10.0,2.0,0,3.23044892137827,0.07775537660164938,5.505134752907272,3.1740117828165646,7.82858609660924,V2-lab_A
era4tb_A_untreated_r1,1.0,2.5,2.6020599913279625,0,3.30102999566398,0.08296706163173533,5.580630780936091,3.205399106365449,7.622337003457089,V2-lab_A
era4tb_A_untreated_r1,2.0,100.0,1.0,0,4.04139268515823,0.06394619605701364,5.541945068677537,3.2152341747327142,7.845018650048467,V2-lab_A
era4tb_A_untreated_r1,2.0,10.0,2.0,0,4.38021124171161,0.07984645211798876,5.484786687245438,3.3543427050350836,8.138154972699953,V2-lab_A
era4tb_A_untreated_r1,2.0,10.0,2.0,0,4.23044892137827,0.07495552251931954,5.459446737690545,3.3738540050128734,7.900978471899357,V2-lab_A
era4tb_A_untreated_r1,2.0,2.5,2.6020599913279625,0,3.64345267648619,0.08049776777254361,5.484962447178572,3.7142117519908666,7.844609805382486,V2-lab_A
era4tb_A_untreated_r1,3.0,100.0,1.0,0,4.69019608002851,0.08190498725333747,6.011832494757536,2.846453082498561,7.7487866068388485,V2-lab_A
era4tb_A_untreated_r1,3.0,10.0,2.0,0,4.50514997831991,0.08129216512298824,5.937047110471264,3.074374861878405,8.166877293506484,V2-lab_A
era4tb_A_untreated_r1,3.0,10.0,2.0,0,4.41497334797082,0.08420899446676593,5.613548885737969,2.9010814968206993,7.904238559765122,V2-lab_A
era4tb_A_untreated_r1,3.0,2.5,2.6020599913279625,0,4.50514997831991,0.08426221026178446,5.798649425554485,3.183019863789041,7.680727075710594,V2-lab_A
era4tb_A_untreated_r1,7.0,100.0,1.0,0,5.5910646070265,0.08533852286128868,6.876421292461819,1.9832961751914235,9.801873625021676,V2-lab_A
era4tb_A_untreated_r1,7.0,10.0,2.0,0,5.17609125905568,0.08539271445606884,7.109405716190526,1.9295769000941734,9.277353644722366,V2-lab_A
era4tb_A_untreated_r1,7.0,10.0,2.0,0,4.65321251377534,0.08817831931741468,6.64991350884877,0.9085477216891338,9.886275459945757,V2-lab_A
era4tb_A_untreated_r1,7.0,2.5,2.6020599913279625,0,4.68124123737559,0.0986052197341725,6.868700061747821,1.4349325591690616,9.472133974258657,V2-lab_A
era4tb_A_untreated_r1,10.0,100.0,1.0,0,5.78532983501077,0.08541222313186408,8.198585318693281,0.5599199201174017,11.676388740055819,V2-lab_A
era4tb_A_untreated_r1,10.0,10.0,2.0,0,5.54406804435028,0.09397501374310781,7.5464623473557335,0.4662804534237144,10.639927319808702,V2-lab_A
era4tb_A_untreated_r1,10.0,10.0,2.0,0,5.41497334797082,0.08726361890000728,7.995633020479531,0.937840651611062,11.615950868857395,V2-lab_A
era4tb_A_untreated_r1,10.0,2.5,2.6020599913279625,0,4.7160033436348,0.0957441164639121,6.125058116241911,0.5940388879145351,10.972262416024217,V2-lab_A
era4tb_A_untreated_r1,14.0,100.0,1.0,0,6.7481880270062,0.17931366209722582,7.576879460325974,-2.3217925039747613,13.237659567082243,V2-lab_A
era4tb_A_untreated_r1,14.0,10.0,2.0,0,6.56820172406699,0.09225665584480443,6.804035151974342,-1.0937132768224922,13.397641332507689,V2-lab_A
era4tb_A_untreated_r1,14.0,10.0,2.0,0,5.50514997831991,0.15303519022550577,6.603884401224615,-0.4797069109274523,13.358893153416961,V2-lab_A
era4tb_A_untreated_r1,14.0,2.5,2.6020599913279625,0,5.30102999566398,0.20435618119277127,6.443583830156658,-1.823826945581379,15.28185092498903,V2-lab_A
era4tb_A_untreated_r1,21.0,100.0,1.0,0,7.01283722470517,0.21395240305648672,6.633915588879259,-8.791479090936068,16.127184681727407,V2-lab_A
era4tb_A_untreated_r1,21.0,10.0,2.0,0,6.43136376415899,0.21561140818044436,6.080152726937837,-5.015763085192432,15.587131943378088,V2-lab_A
era4tb_A_untreated_r1,21.0,10.0,2.0,0,6.36172783601759,0.1509572665311756,9.206311259743664,-5.459721429298101,16.75985364142784,V2-lab_A
era4tb_A_untreated_r1,21.0,2.5,2.6020599913279625,0,6.50514997831991,0.16848202664132655,9.196273009691714,-3.5667673897918464,18.993329153444595,V2-lab_A
era4tb_A_untreated_r2,0.0,10.0,2.0,0,3.47712125471966,0.04759033555211596,4.9936543626302505,3.2702539724334847,7.6091758243890535,V2-lab_A
era4tb_A_untreated_r2,0.0,10.0,2.0,0,3.14612803567824,0.07151451603336252,5.051683749119428,3.0190702992508336,7.610694452522323,V2-lab_A
era4tb_A_untreated_r2,0.0,2.5,2.6020599913279625,0,3.20411998265592,0.08097385953092995,5.145517010466798,3.050903998717314,7.9194651360701664,V2-lab_A
era4tb_A_untreated_r2,1.0,100.0,1.0,0,3.92941892571429,0.03789527916887776,5.454326623382152,3.0798470176366726,7.994518728787107,V2-lab_A
era4tb_A_untreated_r2,1.0,10.0,2.0,0,3.75587485567249,0.07575989765710055,5.529470924853632,3.239712877895088,7.530460975152071,V2-lab_A
era4tb_A_untreated_r2,1.0,10.0,2.0,0,3.04139268515822,0.07433244561236779,5.199262934457497,3.3917993091061582,7.645035208764867,V2-lab_A
era4tb_A_untreated_r2,1.0,2.5,2.6020599913279625,0,3.30102999566398,0.0813679468763053,5.156746254952353,3.173239988223579,7.773971540436722,V2-lab_A
era4tb_A_untreated_r2,2.0,100.0,1.0,0,4.15533603746506,0.05213355312183741,5.530676363131223,3.309095944906029,7.5950413530573275,V2-lab_A
era4tb_A_untreated_r2,2.0,10.0,2.0,0,4.23044892137827,0.0820377693855169,5.6023365201957365,3.107388630761422,7.781702731363871,V2-lab_A
era4tb_A_untreated_r2,2.0,10.0,2.0,0,4.36172783601759,0.08206901260671313,5.495147130325271,3.5485783603459558,7.586965164597796,V2-lab_A
era4tb_A_untreated_r2,2.0,2.5,2.6020599913279625,0,3.7160033436348,0.08312725957708912,5.448084048224694,3.4417148888952074,7.861625655821257,V2-lab_A
era4tb_A_untreated_r2,3.0,100.0,1.0,0,4.84509804001426,0.07934410738850049,5.703934148189147,2.8109813965493187,8.072661083236294,V2-lab_A
era4tb_A_untreated_r2,3.0,10.0,2.0,0,4.53147891704226,0.0833464484265042,6.431330922430844,3.0690808228149824,7.943315518098923,V2-lab_A
era4tb_A_untreated_r2,3.0,10.0,2.0,0,4.43136376415899,0.08500484089832752,5.692844429389146,3.043036218925697,8.037714934567889,V2-lab_A
era4tb_A_untreated_r2,3.0,2.5,2.6020599913279625,0,4.44715803134222,0.08535232247620049,5.868388403732178,2.953247616389805,7.986694293117395,V2-lab_A
era4tb_A_untreated_r2,7.0,100.0,1.0,0,5.56820172406699,0.08534527247452874,6.960826021691772,1.4021964973146381,9.721324100894524,V2-lab_A
era4tb_A_untreated_r2,7.0,10.0,2.0,0,5.17609125905568,0.08545623273655396,7.347265627964568,1.285731861969293,9.617426355189155,V2-lab_A
era4tb_A_untreated_r2,7.0,10.0,2.0,0,4.51851393987789,0.08849805608866762,7.062709199609119,1.3105673036266576,10.466937599794951,V2-lab_A
era4tb_A_untreated_r2,7.0,2.5,2.6020599913279625,0,4.68124123737559,0.12576578273251762,6.683904326168465,1.1503245673641258,9.422954010527771,V2-lab_A
era4tb_A_untreated_r2,10.0,100.0,1.0,0,5.80617997398389,0.08539212501689092,6.951261471412722,0.580824830772873,10.070438359579484,V2-lab_A
era4tb_A_untreated_r2,10.0,10.0,2.0,0,5.47712125471966,0.08647878500395102,7.17435937210176,0.034802145409282836,9.896236443157662,V2-lab_A
era4tb_A_untreated_r2,10.0,10.0,2.0,0,5.50514997831991,0.13038342015992577,6.8336783659412195,-0.33393422587814436,11.03648649592277,V2-lab_A
era4tb_A_untreated_r2,10.0,2.5,2.6020599913279625,0,4.7481880270062,0.15220663489744474,7.207013365675554,-0.5237038483540204,10.793914796601708,V2-lab_A
era4tb_A_untreated_r2,14.0,100.0,1.0,0,6.63346845557959,0.08981115494257402,6.945900854537685,-0.6824569517535775,13.864628385436705,V2-lab_A
era4tb_A_untreated_r2,14.0,10.0,2.0,0,6.60205999132796,0.1437895645355389,7.482609560772152,-0.9555375457719895,14.319173243997323,V2-lab_A
era4tb_A_untreated_r2,14.0,10.0,2.0,0,5.44715803134222,0.1717010009295664,6.088201584049113,-1.1576648194471808,12.06606879799402,V2-lab_A
era4tb_A_untreated_r2,14.0,2.5,2.6020599913279625,0,5.44715803134222,0.16229229418355848,5.957681953220787,-1.6963018733975517,13.714243392292554,V2-lab_A
era4tb_A_untreated_r2,21.0,100.0,1.0,0,6.99563519459755,0.1352426153323269,8.459448906497785,-3.561421228843482,15.665109107755859,V2-lab_A
era4tb_A_untreated_r2,21.0,10.0,2.0,0,6.51851393987789,0.21241813428785158,9.170709402336595,-3.309909407766107,19.52331353651301,V2-lab_A
era4tb_A_untreated_r2,21.0,10.0,2.0,0,6.51851393987789,0.17068357198308134,8.111277940490696,-6.525171366795332,17.800420812092334,V2-lab_A
era4tb_A_untreated_r2,21.0,2.5,2.6020599913279625,0,6.60205999132796,0.214661157827066,8.717865401460337,-3.169046514990492,17.97929288220511,V2-lab_A
era4tb_B_INH10x_r2,1.0,100.0,1.0,0,2.30102999566398,0.015597944478084097,3.635575199057544,2.415222075297402,6.816304919169008,V2-lab_B
era4tb_B_INH10x_r2,1.0,10.0,2.0,0,2.0,0.06350680203371369,3.343473239806453,2.3097156326924813,7.359691746810712,V2-lab_B
era4tb_B_INH10x_r2,1.0,10.0,2.0,1,,0.06771151487034319,3.4666519522581547,2.2736270720754397,7.018011709946358,V2-lab_B
era4tb_B_INH10x_r2,1.0,2.5,2.6020599913279625,1,,0.1845608634985979,3.4844121833738786,2.209625917350272,6.708606322291604,V2-lab_B
era4tb_B_INH10x_r2,2.0,100.0,1.0,0,2.0,0.1023203217599054,2.5551710185148115,1.1328053508680116,5.561965231109084,V2-lab_B
era4tb_B_INH10x_r2,2.0,10.0,2.0,0,2.30102999566398,0.3424959034783826,2.2948410884753567,0.5566122146137873,6.153083165154315,V2-lab_B
era4tb_B_INH10x_r2,2.0,10.0,2.0,1,,0.3477608717072489,2.249728245398928,0.9751507593475274,5.9591829033976085,V2-lab_B
era4tb_B_INH10x_r2,2.0,2.5,2.6020599913279625,1,,0.4723560007908242,2.54896801592286,0.6053101877558119,6.020988917047083,V2-lab_B
era4tb_B_INH10x_r2,3.0,100.0,1.0,0,2.30102999566398,0.28701823394793563,2.040940552483963,-0.4399491062608015,5.552576120282103,V2-lab_B
era4tb_B_INH10x_r2,3.0,10.0,2.0,0,2.0,0.47679812094830737,2.000864113348125,-0.6250541350035027,5.991442835927364,V2-lab_B
era4tb_B_INH10x_r2,3.0,10.0,2.0,1,,0.5268987738830321,1.8530991572602615,-0.10917137662726306,5.358403453354376,V2-lab_B
era4tb_B_INH10x_r2,3.0,2.5,2.6020599913279625,1,,0.6020739255527329,1.8764544586277871,-0.6124028510314958,5.657472770578091,V2-lab_B
era4tb_B_INH10x_r2,7.0,100.0,1.0,1,,0.6325671992905352,0.17590921307503926,-4.379994713656282,4.601407100750905,V2-lab_B
era4tb_B_INH10x_r2,7.0,10.0,2.0,1,,0.7411089247712835,-0.16808442938289936,-4.7383276104779855,3.848248932667497,V2-lab_B
era4tb_B_INH10x_r2,7.0,10.0,2.0,1,,0.7854641419968218,-0.054386391882530916,-5.842688829403114,3.6956464054463476,V2-lab_B
era4tb_B_INH10x_r2,7.0,2.5,2.6020599913279625,1,,0.7985998837453767,-0.26214166500599756,-4.691046010635902,4.894404571258357,V2-lab_B
era4tb_B_INH10x_r2,10.0,100.0,1.0,0,2.0,0.5442357490135737,-0.09901236661518364,-7.145033790175693,3.7960851873688175,V2-lab_B
era4tb_B_INH10x_r2,10.0,10.0,2.0,1,,0.7710125641942002,-0.6252000130006179,-6.2623402948158295,4.958821107821983,V2-lab_B
era4tb_B_INH10x_r2,10.0,10.0,2.0,1,,0.7880395556896059,-0.8927845151525595,-6.021935576242426,3.512239107465906,V2-lab_B
era4tb_B_INH10x_r2,10.0,2.5,2.6020599913279625,1,,0.8659016770761243,-0.7602589850843415,-7.571524167892597,3.4069972742118275,V2-lab_B
era4tb_B_INH10x_r2,14.0,100.0,1.0,1,,0.6768722675553394,-0.7085606952705108,-8.469513951161417,4.947537765688188,V2-lab_B
era4tb_B_INH10x_r2,14.0,10.0,2.0,1,,0.8051432216790868,-0.7265521077847357,-8.835181624501942,3.9934387642391544,V2-lab_B
era4tb_B_INH10x_r2,14.0,10.0,2.0,1,,0.8418756380621324,-1.0621474536188917,-8.060755294973715,3.873973646107414,V2-lab_B
era4tb_B_INH10x_r2,14.0,2.5,2.6020599913279625,1,,0.8785911099735816,-1.7374639107021101,-9.385534180424095,2.904504819816425,V2-lab_B
era4tb_B_INH10x_r3,1.0,100.0,1.0,0,2.84509804001426,0.018706708789366155,3.3421506780711185,2.487059666200831,7.2053340006340925,V2-lab_B
era4tb_B_INH10x_r3,1.0,10.0,2.0,1,,0.0643222613623282,3.728426511187996,2.3290953616849284,6.7751122621455435,V2-lab_B
era4tb_B_INH10x_r3,1.0,10.0,2.0,1,,0.062319824144878154,3.4596856202512933,2.4009468608272915,7.082871931210712,V2-lab_B
era4tb_B_INH10x_r3,1.0,2.5,2.6020599913279625,1,,0.17533852705529013,3.4843697602494825,2.1299686954821855,6.8995578187813065,V2-lab_B
era4tb_B_INH10x_r3,2.0,100.0,1.0,0,2.0,0.0709478530943168,2.6626406709765718,1.207550594989567,6.359983234407997,V2-lab_B
era4tb_B_INH10x_r3,2.0,10.0,2.0,0,2.0,0.2848717267770319,2.5903398807022024,1.1354783573933909,6.337649751172001,V2-lab_B
era4tb_B_INH10x_r3,2.0,10.0,2.0,1,,0.32546691797117083,2.676794396729368,1.3594737410466995,5.884092953689477,V2-lab_B
era4tb_B_INH10x_r3,2.0,2.5,2.6020599913279625,1,,0.4430417922351213,2.834557527462463,0.9406967118708998,6.086207381427871,V2-lab_B
era4tb_B_INH10x_r3,3.0,100.0,1.0,0,2.0,0.24348621378103852,2.2655271698458743,0.07720146986057916,5.429924058360955,V2-lab_B
era4tb_B_INH10x_r3,3.0,10.0,2.0,1,,0.44516304577171456,1.9927912753769816,-0.1366430829330032,5.824465580345187,V2-lab_B
era4tb_B_INH10x_r3,3.0,10.0,2.0,1,,0.4804261955342831,1.9756876369561494,0.16336212927348429,6.152380017771614,V2-lab_B
era4tb_B_INH10x_r3,3.0,2.5,2.6020599913279625,1,,0.5381525508971268,1.8974107838657397,0.37020888240417266,5.615352353729254,V2-lab_B
era4tb_B_INH10x_r3,7.0,100.0,1.0,1,,0.63404581961521,-0.08010289793847569,-3.9238475111245177,4.394018321795333,V2-lab_B
era4tb_B_INH10x_r3,7.0,10.0,2.0,1,,0.6846905220754994,0.5804388785051184,-3.4625137119202782,4.131152158405434,V2-lab_B
era4tb_B_INH10x_r3,7.0,10.0,2.0,1,,0.6375709520595844,0.5987940216124228,-2.9093956987092393,4.284906165536878,V2-lab_B
era4tb_B_INH10x_r3,7.0,2.5,2.6020599913279625,1,,0.8383922999427466,1.135091160283447,-3.0413859608333906,3.1130262664783084,V2-lab_B
era4tb_B_INH10x_r3,10.0,100.0,1.0,1,,0.5929120550538118,0.11166785768262955,-5.149428303659443,4.475557737300356,V2-lab_B
era4tb_B_INH10x_r3,10.0,10.0,2.0,1,,0.6687212028015677,1.2286622705313697,-5.6003704849020775,5.07564597750665,V2-lab_B
era4tb_B_INH10x_r3,10.0,10.0,2.0,1,,0.6356700043490825,1.1278140245661734,-5.550863673812928,4.887938391002689,V2-lab_B
era4tb_B_INH10x_r3,10.0,2.5,2.6020599913279625,1,,0.8166733906264471,0.2311747009533951,-6.342587908457979,5.184375321199039,V2-lab_B
era4tb_B_INH10x_r3,14.0,100.0,1.0,0,2.0,0.5240644029119023,0.35276830482469634,-9.91033767603931,3.8527439359503153,V2-lab_B
era4tb_B_INH10x_r3,14.0,10.0,2.0,1,,0.6493917191232291,0.23321001746240544,-7.888842325808047,6.116127768243538,V2-lab_B
era4tb_B_INH10x_r3,14.0,10.0,2.0,1,,0.5908452696288671,0.5520897427188602,-8.993145013739435,3.823932425028196,V2-lab_B
era4tb_B_INH10x_r3,14.0,2.5,2.6020599913279625,1,,0.6986807593280063,-0.8292588481270542,-8.930505877479192,6.056332174562196,V2-lab_B
era4tb_B_INH1x_r1,1.0,100.0,1.0,0,2.69897000433602,0.014223648533858964,3.9115996023759974,2.644392571818226,7.551991330165195,V2-lab_B
era4tb_B_INH1x_r1,1.0,10.0,2.0,0,2.77815125038364,0.04043647340207053,3.9895773848698206,2.4574875649820447,7.268048173723046,V2-lab_B
era4tb_B_INH1x_r1,1.0,10.0,2.0,1,,0.03264879813029452,4.025340610840091,2.7055708433687014,7.142896423455229,V2-lab_B
era4tb_B_INH1x_r1,1.0,2.5,2.6020599913279625,0,2.60205999132796,0.0915126090063377,3.740747422813755,2.7217681866802987,7.505787707596025,V2-lab_B
era4tb_B_INH1x_r1,2.0,100.0,1.0,0,2.0,0.031208476011308422,3.0018615903054466,1.7186616527528946,6.818242490438382,V2-lab_B
era4tb_B_INH1x_r1,2.0,10.0,2.0,0,2.30102999566398,0.18730135572955756,3.0420366660969056,1.810547848093039,6.9841058698764105,V2-lab_B
era4tb_B_INH1x_r1,2.0,10.0,2.0,1,,0.20033765365285547,2.8698775865869215,1.4895566681384456,6.859497637881227,V2-lab_B
era4tb_B_INH1x_r1,2.0,2.5,2.6020599913279625,1,,0.3311449197011885,3.0943337702299076,1.5741675550009417,6.7325191231082355,V2-lab_B
era4tb_B_INH1x_r1,3.0,100.0,1.0,1,,0.13414732006203575,3.0562281846795276,0.7170768416271192,6.059846300063881,V2-lab_B
era4tb_B_INH1x_r1,3.0,10.0,2.0,0,2.30102999566398,0.2975297454339234,2.8683206855845973,0.6434562124715467,6.986520303595674,V2-lab_B
era4tb_B_INH1x_r1,3.0,10.0,2.0,1,,0.2793944897457167,2.9451490881265583,0.5954959408970433,6.845994627411139,V2-lab_B
era4tb_B_INH1x_r1,3.0,2.5,2.6020599913279625,1,,0.41057859722736983,2.65330064158053,0.9260614166588714,6.899079273404946,V2-lab_B
era4tb_B_INH1x_r1,7.0,100.0,1.0,1,,0.34660792403277424,1.8763966839382764,-2.471388477423151,4.804674483277041,V2-lab_B
era4tb_B_INH1x_r1,7.0,10.0,2.0,0,3.0,0.5574858032251362,1.2461923664847738,-3.5431065992354958,5.334584083989417,V2-lab_B
era4tb_B_INH1x_r1,7.0,10.0,2.0,1,,0.5386220150320216,1.77225193033662,-2.6475184062513093,5.626817655539386,V2-lab_B
era4tb_B_INH1x_r1,7.0,2.5,2.6020599913279625,1,,0.6151120862492054,1.3805540964416187,-3.7962928324063943,4.448039621393382,V2-lab_B
era4tb_B_INH1x_r1,10.0,100.0,1.0,1,,0.3334731800650081,1.9050429423786515,-4.863253210696333,6.880127137128986,V2-lab_B
era4tb_B_INH1x_r1,10.0,10.0,2.0,1,,0.4931295911163197,1.8052380874790481,-5.613133915455656,7.365280007079809,V2-lab_B
era4tb_B_INH1x_r1,10.0,10.0,2.0,0,3.0,0.45291908447481694,2.12983282559758,-3.300295594938939,6.613777066295864,V2-lab_B
era4tb_B_INH1x_r1,10.0,2.5,2.6020599913279625,1,,0.5843883749804614,1.8158536280951392,-4.104844558119988,5.239840671416912,V2-lab_B
era4tb_B_INH1x_r1,14.0,100.0,1.0,1,,0.40380283663189714,2.637821669799898,-4.917688090701705,6.797379747731854,V2-lab_B
era4tb_B_INH1x_r1,14.0,10.0,2.0,0,3.56820172406699,0.5153392966870453,1.5526067747605348,-7.231360135108519,6.936119383416386,V2-lab_B
era4tb_B_INH1x_r1,14.0,10.0,2.0,0,3.0,0.5747088923616099,0.7333447427326583,-5.584213490658917,6.81184982738851,V2-lab_B
era4tb_B_INH1x_r1,14.0,2.5,2.6020599913279625,1,,0.6356836316972019,1.1618981276713032,-6.418543607194025,6.113212002792798,V2-lab_B
era4tb_B_MXF10x_r1,1.0,100.0,1.0,0,2.90308998699194,0.013931168561230913,3.8843839553780386,2.830204555591783,7.610089118750333,V2-lab_B
era4tb_B_MXF10x_r1,1.0,10.0,2.0,0,2.69897000433602,0.02540282069632942,4.305918396534274,2.839573894810054,8.194915147933996,V2-lab_B
era4tb_B_MXF10x_r1,1.0,10.0,2.0,1,,0.026407023931182435,3.8725208037519914,2.9263403842199045,7.36199332791369,V2-lab_B
era4tb_B_MXF10x_r1,1.0,2.5,2.6020599913279625,0,2.60205999132796,0.05232475857546026,4.204160455133474,3.0466937306796216,7.6778534119443425,V2-lab_B
era4tb_B_MXF10x_r1,2.0,100.0,1.0,0,2.30102999566398,0.02005488022483787,3.7431554547834036,2.243074104420754,7.140440898146247,V2-lab_B
era4tb_B_MXF10x_r1,2.0,10.0,2.0,0,2.0,0.0904755348739287,3.773387992424608,2.200277128199955,7.383889206729077,V2-lab_B
era4tb_B_MXF10x_r1,2.0,10.0,2.0,1,,0.0770568393561244,3.443518451373691,2.14578529293422,7.47554367797553,V2-lab_B
era4tb_B_MXF10x_r1,2.0,2.5,2.6020599913279625,1,,0.19905526852752917,3.866311209780703,2.0611860799282593,7.2286198756719315,V2-lab_B
era4tb_B_MXF10x_r1,3.0,100.0,1.0,0,2.47712125471966,0.055679447744975366,3.419390803655283,1.2739753847871607,7.327330780853501,V2-lab_B
era4tb_B_MXF10x_r1,3.0,10.0,2.0,1,,0.200228148095868,3.257297318002574,1.5144336652999377,6.868248667390708,V2-lab_B
era4tb_B_MXF10x_r1,3.0,10.0,2.0,1,,0.20140820328661482,2.9921949642606847,1.6125768124294777,6.307927299665562,V2-lab_B
era4tb_B_MXF10x_r1,3.0,2.5,2.6020599913279625,0,2.90308998699194,0.29101711794364216,3.366073367382885,1.3937595068692834,7.113272300507552,V2-lab_B
era4tb_B_MXF10x_r1,7.0,100.0,1.0,0,2.0,0.306784734503624,2.2432359010426994,-2.05659808450725,5.57535870449881,V2-lab_B
era4tb_B_MXF10x_r1,7.0,10.0,2.0,1,,0.49759297531058244,1.7993832612304752,-2.02435597119497,5.51338450086873,V2-lab_B
era4tb_B_MXF10x_r1,7.0,10.0,2.0,1,,0.41273781499392537,2.1950280790214634,-2.005515052701285,6.28988940344918,V2-lab_B
era4tb_B_MXF10x_r1,7.0,2.5,2.6020599913279625,1,,0.424700305570528,2.501883907496091,-2.305198066266888,5.46775973062629,V2-lab_B
era4tb_B_MXF10x_r1,10.0,100.0,1.0,1,,0.3849570708484658,1.3701139873202064,-3.8223888009041147,7.4161125057490915,V2-lab_B
era4tb_B_MXF10x_r1,10.0,10.0,2.0,1,,0.44010578180705767,2.6297961512665613,-4.611674494879379,7.365362941027539,V2-lab_B
era4tb_B_MXF10x_r1,10.0,10.0,2.0,1,,0.5202749810369388,1.7803558801494015,-3.799762577593933,5.382636336843551,V2-lab_B
era4tb_B_MXF10x_r1,10.0,2.5,2.6020599913279625,1,,0.595518023261669,1.9936563122592168,-5.371280794652163,6.4078605020708395,V2-lab_B
era4tb_B_MXF10x_r1,14.0,100.0,1.0,1,,0.5413890529089259,0.6060229000203972,-7.330131028258238,6.083690214273293,V2-lab_B
era4tb_B_MXF10x_r1,14.0,10.0,2.0,1,,0.5095921227519686,1.8122944177935212,-7.104935512154759,5.820231348597218,V2-lab_B
era4tb_B_MXF10x_r1,14.0,10.0,2.0,1,,0.5727388307124032,1.5826824485357074,-7.132971659291626,5.646476365824977,V2-lab_B
era4tb_B_MXF10x_r1,14.0,2.5,2.6020599913279625,1,,0.7467390065510887,0.4585657217556829,-9.127771397821185,5.681190589093922,V2-lab_B
era4tb_B_MXF10x_r2,1.0,100.0,1.0,0,2.95424250943932,0.014842063535608022,4.100552143301152,2.875865952792442,7.902172474146234,V2-lab_B
era4tb_B_MXF10x_r2,1.0,10.0,2.0,0,3.0,0.033348696308376176,4.1052882269362225,2.759154960279821,8.084164830324735,V2-lab_B
era4tb_B_MXF10x_r2,1.0,10.0,2.0,0,3.30102999566398,0.02259276467485217,4.108460069305876,3.056636276618249,8.010994452739478,V2-lab_B
era4tb_B_MXF10x_r2,1.0,2.5,2.6020599913279625,0,2.90308998699194,0.07892519191178654,4.10885683954306,2.821013369412891,7.67531594724967,V2-lab_B
era4tb_B_MXF10x_r2,2.0,100.0,1.0,0,2.47712125471966,0.01692570877089218,3.6243806965553937,2.2798208327221006,7.569348357170005,V2-lab_B
era4tb_B_MXF10x_r2,2.0,10.0,2.0,0,2.0,0.06569547251030278,3.867158725217046,2.3541156824737928,7.23439875111755,V2-lab_B
era4tb_B_MXF10x_r2,2.0,10.0,2.0,1,,0.08942555842275714,3.583575793158452,2.0021811590754983,6.9898122945021415,V2-lab_B
era4tb_B_MXF10x_r2,2.0,2.5,2.6020599913279625,1,,0.14052116268118217,3.8583154608981305,2.496414162964144,7.487868750401176,V2-lab_B
era4tb_B_MXF10x_r2,3.0,100.0,1.0,0,2.47712125471966,0.038085508905356336,3.252409593319095,1.6514230519189512,7.090582472677309,V2-lab_B
era4tb_B_MXF10x_r2,3.0,10.0,2.0,0,2.0,0.16414021244165253,3.2767234480340273,1.5001851823309351,7.4171929530108,V2-lab_B
era4tb_B_MXF10x_r2,3.0,10.0,2.0,0,3.0,0.1767911918964127,3.3328543396061048,1.1986896846661586,6.788251572060886,V2-lab_B
era4tb_B_MXF10x_r2,3.0,2.5,2.6020599913279625,0,2.90308998699194,0.31691298940006635,3.418576274878093,1.4181761326792666,6.971811083388944,V2-lab_B
era4tb_B_MXF10x_r2,7.0,100.0,1.0,0,2.30102999566398,0.2826971893479987,2.3507253840909574,-2.1029755325977626,6.053968711521734,V2-lab_B
era4tb_B_MXF10x_r2,7.0,10.0,2.0,0,2.30102999566398,0.3491952127036201,2.930518597393412,-1.2805034253312941,5.997723306282301,V2-lab_B
era4tb_B_MXF10x_r2,7.0,10.0,2.0,1,,0.4130865662509526,2.0377253500454677,-1.0862318505650443,6.991770600210339,V2-lab_B
era4tb_B_MXF10x_r2,7.0,2.5,2.6020599913279625,1,,0.5071490720645815,2.506542573838899,-2.3497450765956156,7.921960183793674,V2-lab_B
era4tb_B_MXF10x_r2,10.0,100.0,1.0,1,,0.2776804477432014,2.682785596206733,-3.510616621127177,5.55317738712875,V2-lab_B
era4tb_B_MXF10x_r2,10.0,10.0,2.0,1,,0.4934717712843926,1.6516645519248239,-3.911611991793424,6.995207610089238,V2-lab_B
era4tb_B_MXF10x_r2,10.0,10.0,2.0,1,,0.5059347335278348,1.673974336682182,-4.75600879473394,7.365340596689736,V2-lab_B
era4tb_B_MXF10x_r2,10.0,2.5,2.6020599913279625,0,2.60205999132796,0.4635031174937054,3.633452864294088,-2.9697756518115765,6.231659836624648,V2-lab_B
era4tb_B_MXF10x_r2,14.0,100.0,1.0,1,,0.4954927489977608,0.8714011241314981,-6.396830552092403,5.766439717032131,V2-lab_B
era4tb_B_MXF10x_r2,14.0,10.0,2.0,0,2.0,0.6218210139397884,0.055059893657779746,-7.897502372377957,6.310243191790661,V2-lab_B
era4tb_B_MXF10x_r2,14.0,10.0,2.0,1,,0.5184018389573436,1.3359760949912292,-8.035919721558104,5.141295125505837,V2-lab_B
era4tb_B_MXF10x_r2,14.0,2.5,2.6020599913279625,1,,0.5792917684591281,0.45878667488950864,-8.2122015761723,5.647522806387852,V2-lab_B
era4tb_B_MXF10x_r3,1.0,100.0,1.0,0,2.77815125038364,0.014229579863325605,4.071796191777611,2.9663244133959226,7.393915853737197,V2-lab_B
era4tb_B_MXF10x_r3,1.0,10.0,2.0,0,2.47712125471966,0.03104542955836353,4.29836599208002,2.648525502519482,7.430793612980911,V2-lab_B
era4tb_B_MXF10x_r3,1.0,10.0,2.0,1,,0.030660183889699575,4.1134865150826245,2.6337067930592517,7.432423485651644,V2-lab_B
era4tb_B_MXF10x_r3,1.0,2.5,2.6020599913279625,0,2.60205999132796,0.061489922239071446,4.334251610633532,2.9743874849569147,7.638318405221978,V2-lab_B
era4tb_B_MXF10x_r3,2.0,100.0,1.0,0,2.0,0.020051995658569886,3.854986793630246,2.159968753882821,7.659348633119398,V2-lab_B
era4tb_B_MXF10x_r3,2.0,10.0,2.0,0,2.30102999566398,0.06941700297307435,3.6388167299789225,2.2861566991917646,7.40141060118805,V2-lab_B
era4tb_B_MXF10x_r3,2.0,10.0,2.0,1,,0.09083345231281152,3.0688706867347135,2.178597830860637,6.983041335319445,V2-lab_B
era4tb_B_MXF10x_r3,2.0,2.5,2.6020599913279625,0,2.90308998699194,0.20120479083739792,3.4426047330854126,2.0851135844748794,7.315280046592556,V2-lab_B
era4tb_B_MXF10x_r3,3.0,10.0,2.0,0,2.30102999566398,0.1695382148180363,3.6401360569347405,1.6978653352039912,6.860672658936854,V2-lab_B
era4tb_B_MXF10x_r3,3.0,10.0,2.0,1,,0.1942134881107644,3.4806912402403514,1.2732623893069843,7.394321461947455,V2-lab_B
era4tb_B_MXF10x_r3,3.0,2.5,2.6020599913279625,1,,0.272584994794918,3.2230114350731998,1.2915053730652157,6.533865264723726,V2-lab_B
era4tb_B_MXF10x_r3,7.0,100.0,1.0,0,2.0,0.30406981137939265,2.405408361611243,-1.3559069548212108,7.146621200150042,V2-lab_B
era4tb_B_MXF10x_r3,7.0,10.0,2.0,1,,0.43428080715466716,2.0843320272944443,-2.220598389472285,6.594341898121955,V2-lab_B
era4tb_B_MXF10x_r3,7.0,10.0,2.0,1,,0.46473982714634915,1.8748934320350301,-2.103960697345038,6.422949855921913,V2-lab_B
era4tb_B_MXF10x_r3,7.0,2.5,2.6020599913279625,1,,0.536551105933952,2.201397891319596,-3.2075325621098725,5.84380405212443,V2-lab_B
era4tb_B_MXF10x_r3,10.0,100.0,1.0,1,,0.3658620264971058,1.400758651764924,-6.064595512991075,5.807684608820544,V2-lab_B
era4tb_B_MXF10x_r3,10.0,10.0,2.0,1,,0.43895521097589063,2.2999062807944837,-4.206477336713792,5.328247098520496,V2-lab_B
era4tb_B_MXF10x_r3,10.0,10.0,2.0,1,,0.6116362615659205,1.2017944765909427,-5.023633788763588,6.97617329194843,V2-lab_B
era4tb_B_MXF10x_r3,10.0,2.5,2.6020599913279625,1,,0.554853924936278,1.7295268676377877,-3.8871425086019062,4.841179663928768,V2-lab_B
era4tb_B_MXF10x_r3,14.0,100.0,1.0,1,,0.44944371363035,1.0590619266944294,-10.76414922540581,5.770175673965827,V2-lab_B
era4tb_B_MXF10x_r3,14.0,10.0,2.0,1,,0.5358793173625257,1.4832224283971274,-6.427112938681466,4.9791664745846145,V2-lab_B
era4tb_B_MXF10x_r3,14.0,10.0,2.0,1,,0.6394145151979742,0.8212580639441942,-8.137434821292771,5.787268917778338,V2-lab_B
era4tb_B_MXF10x_r3,14.0,2.5,2.6020599913279625,1,,0.7591824503764673,1.3998961834812587,-10.487400412251532,4.578769692717641,V2-lab_B
era4tb_B_MXF1x_r1,1.0,100.0,1.0,0,3.70757017609794,0.013780660077456448,4.479968907783615,3.5850534133942076,7.893006507479289,V2-lab_B
era4tb_B_MXF1x_r1,1.0,10.0,2.0,0,3.7481880270062,0.01700594732124161,4.571448805563176,3.4448181969080554,8.640567376742043,V2-lab_B
era4tb_B_MXF1x_r1,1.0,10.0,2.0,0,3.60205999132796,0.022872857266984663,4.702669100662599,3.3145241291039755,7.898269028938918,V2-lab_B
era4tb_B_MXF1x_r1,1.0,2.5,2.6020599913279625,0,3.44715803134222,0.02355938991110431,4.5512578862358515,3.4643940770018617,8.21260300117767,V2-lab_B
era4tb_B_MXF1x_r1,2.0,100.0,1.0,1,,0.01495889704964778,4.346007595457203,3.124933457337873,8.019178818228355,V2-lab_B
era4tb_B_MXF1x_r1,2.0,10.0,2.0,0,3.77815125038364,0.019128965918243077,4.563738382743958,3.0864055415626273,8.052284077105435,V2-lab_B
era4tb_B_MXF1x_r1,2.0,10.0,2.0,0,3.95424250943932,0.019500376083431328,4.367207341956102,3.040694714882277,8.575875628670552,V2-lab_B
era4tb_B_MXF1x_r1,2.0,2.5,2.6020599913279625,0,3.90308998699194,0.05530937866935578,4.6166728861983115,2.8984764955834,8.091002310633295,V2-lab_B
era4tb_B_MXF1x_r1,3.0,100.0,1.0,0,3.17609125905568,0.01392167530249128,4.35974539255355,2.809590525096918,8.326120964253963,V2-lab_B
era4tb_B_MXF1x_r1,3.0,10.0,2.0,0,3.84509804001426,0.05304240411668216,4.395053010885737,2.346232404879346,8.463656310283026,V2-lab_B
era4tb_B_MXF1x_r1,3.0,10.0,2.0,0,3.84509804001426,0.053438983943203545,4.643101693841653,2.2672143714546253,8.279973313836026,V2-lab_B
era4tb_B_MXF1x_r1,3.0,2.5,2.6020599913279625,0,4.30102999566398,0.0829426803223345,4.3831973653707,2.729225757573632,8.694068117391005,V2-lab_B
era4tb_B_MXF1x_r1,7.0,100.0,1.0,0,3.7481880270062,0.13028474166494833,4.344354978039157,0.2457547087585611,8.601991711054294,V2-lab_B
era4tb_B_MXF1x_r1,7.0,10.0,2.0,0,3.84509804001426,0.2015391446342129,4.374935390403831,0.3388284588452974,8.330850467572816,V2-lab_B
era4tb_B_MXF1x_r1,7.0,10.0,2.0,0,3.69897000433602,0.20084057845607595,4.220395899841962,0.6071007064667792,8.40211199484908,V2-lab_B
era4tb_B_MXF1x_r1,7.0,2.5,2.6020599913279625,0,3.7160033436348,0.2745048709578943,4.102390164411978,0.5396566044444027,8.029073828243058,V2-lab_B
era4tb_B_MXF1x_r1,10.0,100.0,1.0,0,4.20411998265593,0.22975934096045988,5.395126940746095,-1.5483491079830447,9.117534240546103,V2-lab_B
era4tb_B_MXF1x_r1,10.0,10.0,2.0,0,4.30102999566398,0.26886935856505745,4.180192902593339,-0.5815144298871163,8.566924052781633,V2-lab_B
era4tb_B_MXF1x_r1,10.0,10.0,2.0,0,4.27875360095283,0.256226970609886,4.643383361068312,-0.815031838085371,8.888641441892473,V2-lab_B
era4tb_B_MXF1x_r1,10.0,2.5,2.6020599913279625,0,4.20411998265593,0.2526616844196277,4.529643264244374,-2.0630956715097426,10.85485674842538,V2-lab_B
era4tb_B_MXF1x_r1,14.0,100.0,1.0,0,4.39794000867204,0.2196141367251433,6.0503099402924985,-2.781548122910032,10.013723289903389,V2-lab_B
era4tb_B_MXF1x_r1,14.0,10.0,2.0,0,5.27875360095283,0.3270544732673401,4.949766036372413,-3.7267899316304822,11.03570338264493,V2-lab_B
era4tb_B_MXF1x_r1,14.0,10.0,2.0,0,5.30102999566398,0.3262057621167614,5.289661487636414,-3.4221316520774288,9.251992506080022,V2-lab_B
era4tb_B_MXF1x_r1,14.0,2.5,2.6020599913279625,0,5.60205999132796,0.3613030557280733,4.7954030285339435,-4.062450602319166,10.21306460776259,V2-lab_B
era4tb_B_MXF1x_r3,1.0,100.0,1.0,0,3.25527250510331,0.01389649979500014,4.487596318744384,3.0533310424264672,7.88444624698396,V2-lab_B
era4tb_B_MXF1x_r3,1.0,10.0,2.0,0,3.57978359661681,0.018512151434236405,4.695518568271366,3.0379554028228584,7.539323688256802,V2-lab_B
era4tb_B_MXF1x_r3,1.0,10.0,2.0,0,3.60205999132796,0.017669185719375338,4.755110234337876,3.391428674992527,8.353999653842473,V2-lab_B
era4tb_B_MXF1x_r3,1.0,2.5,2.6020599913279625,0,3.20411998265592,0.04421177819243494,4.561152185599624,3.287025833252514,8.340554671597157,V2-lab_B
era4tb_B_MXF1x_r3,2.0,100.0,1.0,0,3.6232492903979,0.014268147245708507,4.473359951652427,2.695018714999274,8.453096304704484,V2-lab_B
era4tb_B_MXF1x_r3,2.0,10.0,2.0,0,3.69897000433602,0.028793094954312853,4.46756608354782,2.7819206966917194,8.132919426732261,V2-lab_B
era4tb_B_MXF1x_r3,2.0,10.0,2.0,0,3.60205999132796,0.02809094572773956,4.590884516074956,2.7009239073014313,8.46468990564901,V2-lab_B
era4tb_B_MXF1x_r3,2.0,2.5,2.6020599913279625,0,4.07918124604763,0.060241682754858375,4.532733780510116,3.015738331597776,8.149822451346292,V2-lab_B
era4tb_B_MXF1x_r3,3.0,100.0,1.0,0,3.39794000867204,0.015647352077568042,4.201587922064623,2.381900598857692,8.024254713560323,V2-lab_B
era4tb_B_MXF1x_r3,3.0,10.0,2.0,0,3.90308998699194,0.07930592851397093,4.018363671650189,2.1321722957185307,7.897405706629099,V2-lab_B
era4tb_B_MXF1x_r3,3.0,10.0,2.0,0,3.84509804001426,0.05279031573336603,4.426685692662923,2.446089292765858,8.511368205227239,V2-lab_B
era4tb_B_MXF1x_r3,3.0,2.5,2.6020599913279625,0,3.60205999132796,0.14472211984004366,4.166738138158975,2.106311117623654,8.319898723219575,V2-lab_B
era4tb_B_MXF1x_r3,7.0,100.0,1.0,0,3.38021124171161,0.17920352092016534,3.765767734209953,-0.31303884687465255,8.692818529949658,V2-lab_B
era4tb_B_MXF1x_r3,7.0,10.0,2.0,0,3.77815125038364,0.26419705023656387,4.240798638385045,-0.531253867955424,7.398462782612072,V2-lab_B
era4tb_B_MXF1x_r3,7.0,10.0,2.0,0,4.07918124604763,0.2605907644575729,3.7858347398042627,-0.9035323900164851,8.294294980685068,V2-lab_B
era4tb_B_MXF1x_r3,7.0,2.5,2.6020599913279625,0,3.64345267648619,0.2919807006630497,4.000680064293201,-0.1980722162798536,8.148333033538506,V2-lab_B
era4tb_B_MXF1x_r3,10.0,100.0,1.0,0,4.14612803567824,0.1837362810829681,3.6006988993996845,-1.6235986761050623,8.525274842996238,V2-lab_B
era4tb_B_MXF1x_r3,10.0,10.0,2.0,0,4.27875360095283,0.26775147189942383,4.0254251985556,-2.19534268031045,7.100931597076468,V2-lab_B
era4tb_B_MXF1x_r3,10.0,10.0,2.0,0,4.17609125905568,0.26650502229666645,4.340655025481614,-3.057576162053922,8.807675207041191,V2-lab_B
era4tb_B_MXF1x_r3,10.0,2.5,2.6020599913279625,0,4.07918124604763,0.354399126231935,3.2992543018191665,-2.0641404929619123,7.686642110241144,V2-lab_B
era4tb_B_MXF1x_r3,14.0,100.0,1.0,0,3.80617997398389,0.22196301083262185,4.983586983220758,-2.5514476046064765,9.286831849545683,V2-lab_B
era4tb_B_MXF1x_r3,14.0,10.0,2.0,0,5.55630250076729,0.26402313650818054,3.7335078982907026,-4.760726058481999,11.023666793647639,V2-lab_B
era4tb_B_MXF1x_r3,14.0,10.0,2.0,0,5.27875360095283,0.3461426939669492,3.064201925174636,-7.414286260299137,8.674925931125498,V2-lab_B
era4tb_B_MXF1x_r3,14.0,2.5,2.6020599913279625,0,4.90308998699194,0.41716303144753203,2.730291240690595,-4.991348095264403,9.854305981424396,V2-lab_B
era4tb_B_untreated_r1,0.0,100.0,1.0,0,3.74036268949424,0.013788018257958275,4.6974569969785795,3.807415556014943,7.902186383415304,V2-lab_B
era4tb_B_untreated_r1,0.0,10.0,2.0,0,3.47712125471966,0.01510562447870497,4.60109462275462,3.42514357690032,7.647640438972031,V2-lab_B
era4tb_B_untreated_r1,0.0,10.0,2.0,0,3.69897000433602,0.014038110544865482,4.6899596205114165,3.728458015905603,8.097489660686538,V2-lab_B
era4tb_B_untreated_r1,0.0,2.5,2.6020599913279625,0,3.55630250076729,0.028807686637714106,4.482994660449887,3.4261509746208603,8.076726058300038,V2-lab_B
era4tb_B_untreated_r1,1.0,100.0,1.0,0,3.47712125471966,0.013781246862845277,4.796166526443751,3.7003452706025572,8.42059513609775,V2-lab_B
era4tb_B_untreated_r1,1.0,10.0,2.0,0,3.14612803567824,0.014032465736579592,4.893646064245509,3.8093816283466855,8.156876103338263,V2-lab_B
era4tb_B_untreated_r1,1.0,10.0,2.0,0,3.60205999132796,0.014817218765070386,4.941153830166657,3.7750884024038394,8.406317128008084,V2-lab_B
era4tb_B_untreated_r1,1.0,2.5,2.6020599913279625,0,3.60205999132796,0.02270929831630976,5.179422351225961,3.6942165992764804,8.177133647068294,V2-lab_B
era4tb_B_untreated_r1,2.0,100.0,1.0,0,3.66275783168157,0.013791302994889695,5.180283632075019,3.6518641779915075,8.49320607708355,V2-lab_B
era4tb_B_untreated_r1,2.0,10.0,2.0,0,4.04139268515823,0.014901411569365114,5.081094199946625,3.610020380606883,8.983023508704104,V2-lab_B
era4tb_B_untreated_r1,2.0,2.5,2.6020599913279625,0,4.07918124604763,0.02652542160348627,5.420476024393274,3.370863039485378,8.637398576494585,V2-lab_B
era4tb_B_untreated_r1,3.0,100.0,1.0,0,3.60205999132796,0.013785022505562444,5.109852761254917,3.357032741303505,8.663006752706648,V2-lab_B
era4tb_B_untreated_r1,3.0,10.0,2.0,0,4.20411998265593,0.015366070149276618,5.3595283497218995,3.3628218110646895,8.86996490481595,V2-lab_B
era4tb_B_untreated_r1,3.0,10.0,2.0,0,4.04139268515823,0.018542548561593142,5.3908321983663825,3.184430029098712,8.837759836504812,V2-lab_B
era4tb_B_untreated_r1,3.0,2.5,2.6020599913279625,0,4.30102999566398,0.03863653741711726,5.062368210594303,3.182050339318844,9.553531357700203,V2-lab_B
era4tb_B_untreated_r1,7.0,100.0,1.0,0,4.83884909073726,0.023055809393614173,5.193589588686381,1.842141121476962,9.891040532068631,V2-lab_B
era4tb_B_untreated_r1,7.0,10.0,2.0,0,4.84509804001426,0.20200851386268898,6.021634899827059,0.7162149093658252,10.506212238927507,V2-lab_B
era4tb_B_untreated_r1,7.0,10.0,2.0,0,4.60205999132796,0.11689771933337897,5.935504917437232,1.3065394978975213,9.888140418749645,V2-lab_B
era4tb_B_untreated_r1,7.0,2.5,2.6020599913279625,0,3.60205999132796,0.20868697463641864,5.252400463467158,0.9973874779119758,9.530401566522402,V2-lab_B
era4tb_B_untreated_r1,10.0,100.0,1.0,0,5.11394335230684,0.1257404583722762,5.361067472966668,-0.09736726013031283,10.195398964528174,V2-lab_B
era4tb_B_untreated_r1,10.0,10.0,2.0,0,5.17609125905568,0.17262248131552607,5.21418916953046,-0.06460782596122838,11.607674557822506,V2-lab_B
era4tb_B_untreated_r1,10.0,10.0,2.0,0,5.04139268515823,0.2286810725891864,5.7277114531056865,-0.22733205564518233,11.324317963487637,V2-lab_B
era4tb_B_untreated_r1,10.0,2.5,2.6020599913279625,0,4.80617997398389,0.24821689653176085,5.557745052287802,-1.1052448194789053,11.25677076282872,V2-lab_B
era4tb_B_untreated_r1,14.0,100.0,1.0,0,5.6232492903979,0.1476386719497027,5.5776778121102,-1.7975675159240665,12.50765942407058,V2-lab_B
era4tb_B_untreated_r1,14.0,10.0,2.0,0,6.14612803567824,0.269217499531641,6.384926994525893,-3.2935238243349243,11.817880894426542,V2-lab_B
era4tb_B_untreated_r1,14.0,10.0,2.0,0,5.60205999132796,0.22656993400550876,5.197752394239629,-3.18511339228131,10.896672997746183,V2-lab_B
era4tb_B_untreated_r1,14.0,2.5,2.6020599913279625,0,5.85733249643127,0.2777544988792512,5.462564933655411,-2.0414621761401843,12.149763611777948,V2-lab_B
era4tb_B_untreated_r2,0.0,100.0,1.0,0,3.39794000867204,0.013780176743386496,4.840704875508873,3.634994385166851,7.603924103166264,V2-lab_B
era4tb_B_untreated_r2,0.0,10.0,2.0,0,3.84509804001426,0.014360453736660641,4.599111834969309,3.5392903948396515,7.96158007209025,V2-lab_B
era4tb_B_untreated_r2,0.0,10.0,2.0,0,3.60205999132796,0.014575335947592366,4.54564563331096,3.6228635791916712,7.837482063137946,V2-lab_B
era4tb_B_untreated_r2,0.0,2.5,2.6020599913279625,0,3.64345267648619,0.03573035057918716,4.836883120519757,3.1310979816974918,8.118710931181745,V2-lab_B
era4tb_B_untreated_r2,1.0,10.0,2.0,0,3.84509804001426,0.015112054635427757,4.885573132208018,3.5813930403524425,8.413302687459682,V2-lab_B
era4tb_B_untreated_r2,1.0,10.0,2.0,0,4.07918124604763,0.015444714027558206,4.903827177416323,3.4557465086249834,8.36659166077362,V2-lab_B
era4tb_B_untreated_r2,1.0,2.5,2.6020599913279625,0,3.85733249643127,0.018384053672406454,4.916976755268503,3.67593440809334,8.464021872749093,V2-lab_B
era4tb_B_untreated_r2,2.0,100.0,1.0,1,,0.013790502824504253,5.091483195405206,3.6471675959609655,8.797781687013952,V2-lab_B
era4tb_B_untreated_r2,2.0,10.0,2.0,0,3.77815125038364,0.014686614720090845,5.089836350232886,3.5555364083241945,8.306044960573436,V2-lab_B
era4tb_B_untreated_r2,2.0,2.5,2.6020599913279625,0,3.90308998699194,0.023203872156578657,4.939059686200947,3.6472901820116137,8.738575742871518,V2-lab_B
era4tb_B_untreated_r2,3.0,100.0,1.0,0,4.25527250510331,0.01378989079381716,5.27544091827884,3.198198160810329,8.720741501327028,V2-lab_B
era4tb_B_untreated_r2,3.0,10.0,2.0,0,4.07918124604763,0.018462245173338863,5.479820965346928,3.2555218603585727,9.10948897426891,V2-lab_B
era4tb_B_untreated_r2,3.0,10.0,2.0,0,4.20411998265593,0.017912815589663896,5.139024361548364,3.102122935383977,8.790464341810235,V2-lab_B
era4tb_B_untreated_r2,3.0,2.5,2.6020599913279625,0,4.20411998265593,0.0604330078038383,4.999954945294771,2.818875987528205,8.373607553037418,V2-lab_B
era4tb_B_untreated_r2,7.0,100.0,1.0,0,4.73239375982297,0.01919519856834185,5.253174108300606,1.9939723861106304,9.280241320252411,V2-lab_B
era4tb_B_untreated_r2,7.0,10.0,2.0,0,5.0,0.11719923614251945,5.38075344651855,1.3487100309546038,9.713743506455685,V2-lab_B
era4tb_B_untreated_r2,7.0,10.0,2.0,0,4.60205999132796,0.12418390556841188,5.54486773488169,1.0994777236781546,7.892555811108665,V2-lab_B
era4tb_B_untreated_r2,7.0,2.5,2.6020599913279625,0,3.55630250076729,0.13359187019737853,4.857009766997802,1.9094125651291067,9.477177713643401,V2-lab_B
era4tb_B_untreated_r2,10.0,100.0,1.0,0,5.23044892137827,0.16682084677541198,6.0354672295528795,-1.8536446783871448,9.996148558386926,V2-lab_B
era4tb_B_untreated_r2,10.0,10.0,2.0,0,5.17609125905568,0.23474976434958492,5.595027727192605,-0.4870938320884313,9.44408209160034,V2-lab_B
era4tb_B_untreated_r2,10.0,10.0,2.0,0,5.14612803567824,0.27092332553348225,6.422233913895083,-0.09303969130961287,10.484354458734108,V2-lab_B
era4tb_B_untreated_r2,10.0,2.5,2.6020599913279625,0,4.85733249643127,0.30547928664669866,5.461698358497165,-1.6669680197895262,10.631193696839194,V2-lab_B
era4tb_B_untreated_r2,14.0,100.0,1.0,0,5.41497334797082,0.23717639225740195,5.528129029433476,-3.6969445770971467,11.996118245557295,V2-lab_B
era4tb_B_untreated_r2,14.0,10.0,2.0,0,5.77815125038364,0.3200069445412642,4.886336329736156,-2.9389542502906205,11.286385453347942,V2-lab_B
era4tb_B_untreated_r2,14.0,10.0,2.0,0,5.90308998699194,0.2517784001107833,4.7323470172802855,-4.090930805579503,10.06865394999462,V2-lab_B
era4tb_B_untreated_r2,14.0,2.5,2.6020599913279625,0,5.83250891270624,0.27065877076604816,6.735119064107305,-3.350990909038049,10.499813149062554,V2-lab_B
era4tb_B_untreated_r3,0.0,100.0,1.0,0,3.86332286012046,0.013781194540933015,4.694782153348849,3.559157196642195,8.459574230191372,V2-lab_B
era4tb_B_untreated_r3,0.0,10.0,2.0,0,3.69897000433602,0.015534125816699666,4.377306416350687,3.4612968403223054,8.04538601305634,V2-lab_B
era4tb_B_untreated_r3,0.0,10.0,2.0,0,3.47712125471966,0.014554458075345283,4.711396694236745,3.602666320227567,8.063748000957835,V2-lab_B
era4tb_B_untreated_r3,0.0,2.5,2.6020599913279625,0,3.55630250076729,0.019375512359171954,4.66759114863006,3.761631929895153,7.939188602004316,V2-lab_B
era4tb_B_untreated_r3,1.0,100.0,1.0,1,,0.013780654782456011,4.885933704222925,3.612331196018477,8.532829343147444,V2-lab_B
era4tb_B_untreated_r3,1.0,10.0,2.0,0,3.60205999132796,0.016604113717392035,4.87153958631657,3.735014055317289,8.34151660441767,V2-lab_B
era4tb_B_untreated_r3,1.0,10.0,2.0,0,4.04139268515823,0.015389667441609484,4.998841092665728,3.7347982280080503,8.572888311764762,V2-lab_B
era4tb_B_untreated_r3,1.0,2.5,2.6020599913279625,0,3.64345267648619,0.01662349334920617,5.022049173874111,3.888264548452811,8.365443957090385,V2-lab_B
era4tb_B_untreated_r3,2.0,100.0,1.0,0,3.23044892137827,0.013786598539072248,5.104394588941766,3.6498194558248116,8.514535328687204,V2-lab_B
era4tb_B_untreated_r3,2.0,10.0,2.0,0,3.90308998699194,0.0155232056758177,5.2920566648706036,3.66387521269544,8.392378358513907,V2-lab_B
era4tb_B_untreated_r3,2.0,2.5,2.6020599913279625,0,4.07918124604763,0.0198255170282853,4.904239931433175,3.801972540581091,8.742657014961544,V2-lab_B
era4tb_B_untreated_r3,3.0,100.0,1.0,0,4.25527250510331,0.013786215571763924,5.157313452034316,3.2783052721180166,9.033471406649902,V2-lab_B
era4tb_B_untreated_r3,3.0,10.0,2.0,0,4.23044892137827,0.01602908887838169,5.191622110201459,3.3359906181041823,9.223600792920198,V2-lab_B
era4tb_B_untreated_r3,3.0,10.0,2.0,0,4.25527250510331,0.016109526123799008,5.445761937320983,3.327820432666838,9.499772876856518,V2-lab_B
era4tb_B_untreated_r3,3.0,2.5,2.6020599913279625,0,4.07918124604763,0.033250718246611605,5.213280921669165,3.254796365818279,8.8534063574785,V2-lab_B
era4tb_B_untreated_r3,7.0,100.0,1.0,0,4.53147891704226,0.0256591573525271,5.9470621540893145,1.9980991675856843,10.538953781206233,V2-lab_B
era4tb_B_untreated_r3,7.0,10.0,2.0,0,5.04139268515823,0.12306197666672264,6.024252469788084,1.6655100827247828,9.196311356237334,V2-lab_B
era4tb_B_untreated_r3,7.0,10.0,2.0,0,4.60205999132796,0.08412335484215012,5.269520443078473,1.953113494470705,10.177940820808214,V2-lab_B
era4tb_B_untreated_r3,7.0,2.5,2.6020599913279625,0,3.44715803134222,0.12125855272664213,5.730007486112814,2.2324424619107726,11.016027756178564,V2-lab_B
era4tb_B_untreated_r3,10.0,100.0,1.0,0,5.17609125905568,0.15317054219952123,5.465776292881975,0.41679796733974683,11.03660573767254,V2-lab_B
era4tb_B_untreated_r3,10.0,10.0,2.0,0,5.23044892137827,0.17415072722409286,6.247472191660217,0.28673648588390355,10.96368496630361,V2-lab_B
era4tb_B_untreated_r3,10.0,10.0,2.0,0,5.14612803567824,0.24035342370705515,6.143858605585336,-0.4003774707038804,10.199222243364481,V2-lab_B
era4tb_B_untreated_r3,10.0,2.5,2.6020599913279625,0,4.60205999132796,0.24693086990247537,5.732984262003697,0.1407569366669626,10.150659772970123,V2-lab_B
era4tb_B_untreated_r3,14.0,100.0,1.0,0,5.14612803567824,0.2137846443313891,7.27062422477372,-1.3480523439858927,12.54863749645998,V2-lab_B
era4tb_B_untreated_r3,14.0,10.0,2.0,0,5.77815125038364,0.15060770237278573,6.625534373458395,-3.766296302792773,13.110569612550048,V2-lab_B
era4tb_B_untreated_r3,14.0,10.0,2.0,0,6.0,0.17315048301273797,7.538967498090914,-1.2627240583889423,12.501707846177927,V2-lab_B
era4tb_B_untreated_r3,14.0,2.5,2.6020599913279625,0,5.60205999132796,0.28388167391054525,6.696617862124347,-1.7559671344650516,11.987249779323044,V2-lab_B
