deposit,state_label,drug,dose_value,dose_unit,V_mL,plated_volume_uL,H_log10_cells,target_gap_days,required_b_tail_log10_per_day,P_b_tail_exceeds_required,rate_units
era4tb,standard,isoniazid,1.0,xMIC,1.0,100.0,1.0,7,0.14285714285714285,0.0,log10 per day
era4tb,standard,isoniazid,1.0,xMIC,1.0,100.0,1.0,14,0.07142857142857142,0.0,log10 per day
era4tb,standard,isoniazid,1.0,xMIC,1.0,100.0,1.0,30,0.03333333333333333,0.0,log10 per day
era4tb,standard,isoniazid,1.0,xMIC,1.0,100.0,1.0,60,0.016666666666666666,0.0,log10 per day
era4tb,standard,isoniazid,1.0,xMIC,1.0,100.0,1.0,90,0.011111111111111112,0.0,log10 per day
era4tb,standard,isoniazid,1.0,xMIC,10.0,100.0,2.0,7,0.2857142857142857,0.0,log10 per day
era4tb,standard,isoniazid,1.0,xMIC,10.0,100.0,2.0,14,0.14285714285714285,0.0,log10 per day
era4tb,standard,isoniazid,1.0,xMIC,10.0,100.0,2.0,30,0.06666666666666667,0.0,log10 per day
era4tb,standard,isoniazid,1.0,xMIC,10.0,100.0,2.0,60,0.03333333333333333,0.0,log10 per day
era4tb,standard,isoniazid,1.0,xMIC,10.0,100.0,2.0,90,0.022222222222222223,0.0,log10 per day
era4tb,standard,isoniazid,1.0,xMIC,100.0,100.0,3.0,7,0.42857142857142855,0.0,log10 per day
era4tb,standard,isoniazid,1.0,xMIC,100.0,100.0,3.0,14,0.21428571428571427,0.0,log10 per day
era4tb,standard,isoniazid,1.0,xMIC,100.0,100.0,3.0,30,0.1,0.0,log10 per day
era4tb,standard,isoniazid,1.0,xMIC,100.0,100.0,3.0,60,0.05,0.0,log10 per day
era4tb,standard,isoniazid,1.0,xMIC,100.0,100.0,3.0,90,0.03333333333333333,0.0,log10 per day
era4tb,standard,isoniazid,1.0,xMIC,1000.0,100.0,4.0,7,0.5714285714285714,0.0,log10 per day
era4tb,standard,isoniazid,1.0,xMIC,1000.0,100.0,4.0,14,0.2857142857142857,0.0,log10 per day
era4tb,standard,isoniazid,1.0,xMIC,1000.0,100.0,4.0,30,0.13333333333333333,0.0,log10 per day
era4tb,standard,isoniazid,1.0,xMIC,1000.0,100.0,4.0,60,0.06666666666666667,0.0,log10 per day
era4tb,standard,isoniazid,1.0,xMIC,1000.0,100.0,4.0,90,0.044444444444444446,0.0,log10 per day
era4tb,standard,isoniazid,1.0,xMIC,1.0,10.0,2.0,7,0.2857142857142857,0.0,log10 per day
era4tb,standard,isoniazid,1.0,xMIC,1.0,10.0,2.0,14,0.14285714285714285,0.0,log10 per day
era4tb,standard,isoniazid,1.0,xMIC,1.0,10.0,2.0,30,0.06666666666666667,0.0,log10 per day
era4tb,standard,isoniazid,1.0,xMIC,1.0,10.0,2.0,60,0.03333333333333333,0.0,log10 per day
era4tb,standard,isoniazid,1.0,xMIC,1.0,10.0,2.0,90,0.022222222222222223,0.0,log10 per day
era4tb,standard,isoniazid,1.0,xMIC,10.0,10.0,3.0,7,0.42857142857142855,0.0,log10 per day
era4tb,standard,isoniazid,1.0,xMIC,10.0,10.0,3.0,14,0.21428571428571427,0.0,log10 per day
era4tb,standard,isoniazid,1.0,xMIC,10.0,10.0,3.0,30,0.1,0.0,log10 per day
era4tb,standard,isoniazid,1.0,xMIC,10.0,10.0,3.0,60,0.05,0.0,log10 per day
era4tb,standard,isoniazid,1.0,xMIC,10.0,10.0,3.0,90,0.03333333333333333,0.0,log10 per day
era4tb,standard,isoniazid,1.0,xMIC,100.0,10.0,4.0,7,0.5714285714285714,0.0,log10 per day
era4tb,standard,isoniazid,1.0,xMIC,100.0,10.0,4.0,14,0.2857142857142857,0.0,log10 per day
era4tb,standard,isoniazid,1.0,xMIC,100.0,10.0,4.0,30,0.13333333333333333,0.0,log10 per day
era4tb,standard,isoniazid,1.0,xMIC,100.0,10.0,4.0,60,0.06666666666666667,0.0,log10 per day
era4tb,standard,isoniazid,1.0,xMIC,100.0,10.0,4.0,90,0.044444444444444446,0.0,log10 per day
era4tb,standard,isoniazid,1.0,xMIC,1000.0,10.0,5.0,7,0.7142857142857143,0.0,log10 per day
era4tb,standard,isoniazid,1.0,xMIC,1000.0,10.0,5.0,14,0.35714285714285715,0.0,log10 per day
era4tb,standard,isoniazid,1.0,xMIC,1000.0,10.0,5.0,30,0.16666666666666666,0.0,log10 per day
era4tb,standard,isoniazid,1.0,xMIC,1000.0,10.0,5.0,60,0.08333333333333333,0.0,log10 per day
era4tb,standard,isoniazid,1.0,xMIC,1000.0,10.0,5.0,90,0.05555555555555555,0.0,log10 per day
era4tb,standard,isoniazid,1.0,xMIC,1.0,2.5,2.6020599913279625,7,0.3717228559039946,0.0,log10 per day
era4tb,standard,isoniazid,1.0,xMIC,1.0,2.5,2.6020599913279625,14,0.1858614279519973,0.0,log10 per day
era4tb,standard,isoniazid,1.0,xMIC,1.0,2.5,2.6020599913279625,30,0.08673533304426542,0.0,log10 per day
era4tb,standard,isoniazid,1.0,xMIC,1.0,2.5,2.6020599913279625,60,0.04336766652213271,0.0,log10 per day
era4tb,standard,isoniazid,1.0,xMIC,1.0,2.5,2.6020599913279625,90,0.028911777681421804,0.0,log10 per day
era4tb,standard,isoniazid,1.0,xMIC,10.0,2.5,3.6020599913279625,7,0.5145799987611375,0.0,log10 per day
era4tb,standard,isoniazid,1.0,xMIC,10.0,2.5,3.6020599913279625,14,0.25728999938056873,0.0,log10 per day
era4tb,standard,isoniazid,1.0,xMIC,10.0,2.5,3.6020599913279625,30,0.12006866637759875,0.0,log10 per day
era4tb,standard,isoniazid,1.0,xMIC,10.0,2.5,3.6020599913279625,60,0.060034333188799374,0.0,log10 per day
era4tb,standard,isoniazid,1.0,xMIC,10.0,2.5,3.6020599913279625,90,0.040022888792532914,0.0,log10 per day
era4tb,standard,isoniazid,1.0,xMIC,100.0,2.5,4.6020599913279625,7,0.6574371416182804,0.0,log10 per day
era4tb,standard,isoniazid,1.0,xMIC,100.0,2.5,4.6020599913279625,14,0.3287185708091402,0.0,log10 per day
era4tb,standard,isoniazid,1.0,xMIC,100.0,2.5,4.6020599913279625,30,0.15340199971093207,0.0,log10 per day
era4tb,standard,isoniazid,1.0,xMIC,100.0,2.5,4.6020599913279625,60,0.07670099985546604,0.0,log10 per day
era4tb,standard,isoniazid,1.0,xMIC,100.0,2.5,4.6020599913279625,90,0.05113399990364403,0.0,log10 per day
era4tb,standard,isoniazid,1.0,xMIC,1000.0,2.5,5.6020599913279625,7,0.8002942844754232,0.0,log10 per day
era4tb,standard,isoniazid,1.0,xMIC,1000.0,2.5,5.6020599913279625,14,0.4001471422377116,0.0,log10 per day
era4tb,standard,isoniazid,1.0,xMIC,1000.0,2.5,5.6020599913279625,30,0.18673533304426543,0.0,log10 per day
era4tb,standard,isoniazid,1.0,xMIC,1000.0,2.5,5.6020599913279625,60,0.09336766652213271,0.0,log10 per day
era4tb,standard,isoniazid,1.0,xMIC,1000.0,2.5,5.6020599913279625,90,0.06224511101475514,0.0,log10 per day
era4tb,standard,isoniazid,10.0,xMIC,1.0,100.0,1.0,7,0.14285714285714285,0.13725490196078433,log10 per day
era4tb,standard,isoniazid,10.0,xMIC,1.0,100.0,1.0,14,0.07142857142857142,0.17254901960784313,log10 per day
era4tb,standard,isoniazid,10.0,xMIC,1.0,100.0,1.0,30,0.03333333333333333,0.20392156862745098,log10 per day
era4tb,standard,isoniazid,10.0,xMIC,1.0,100.0,1.0,60,0.016666666666666666,0.21176470588235294,log10 per day
era4tb,standard,isoniazid,10.0,xMIC,1.0,100.0,1.0,90,0.011111111111111112,0.21176470588235294,log10 per day
era4tb,standard,isoniazid,10.0,xMIC,10.0,100.0,2.0,7,0.2857142857142857,0.054901960784313725,log10 per day
era4tb,standard,isoniazid,10.0,xMIC,10.0,100.0,2.0,14,0.14285714285714285,0.13725490196078433,log10 per day
era4tb,standard,isoniazid,10.0,xMIC,10.0,100.0,2.0,30,0.06666666666666667,0.17647058823529413,log10 per day
era4tb,standard,isoniazid,10.0,xMIC,10.0,100.0,2.0,60,0.03333333333333333,0.20392156862745098,log10 per day
era4tb,standard,isoniazid,10.0,xMIC,10.0,100.0,2.0,90,0.022222222222222223,0.21176470588235294,log10 per day
era4tb,standard,isoniazid,10.0,xMIC,100.0,100.0,3.0,7,0.42857142857142855,0.023529411764705882,log10 per day
era4tb,standard,isoniazid,10.0,xMIC,100.0,100.0,3.0,14,0.21428571428571427,0.0784313725490196,log10 per day
era4tb,standard,isoniazid,10.0,xMIC,100.0,100.0,3.0,30,0.1,0.1568627450980392,log10 per day
era4tb,standard,isoniazid,10.0,xMIC,100.0,100.0,3.0,60,0.05,0.2,log10 per day
era4tb,standard,isoniazid,10.0,xMIC,100.0,100.0,3.0,90,0.03333333333333333,0.20392156862745098,log10 per day
era4tb,standard,isoniazid,10.0,xMIC,1000.0,100.0,4.0,7,0.5714285714285714,0.0,log10 per day
era4tb,standard,isoniazid,10.0,xMIC,1000.0,100.0,4.0,14,0.2857142857142857,0.054901960784313725,log10 per day
era4tb,standard,isoniazid,10.0,xMIC,1000.0,100.0,4.0,30,0.13333333333333333,0.1411764705882353,log10 per day
era4tb,standard,isoniazid,10.0,xMIC,1000.0,100.0,4.0,60,0.06666666666666667,0.17647058823529413,log10 per day
era4tb,standard,isoniazid,10.0,xMIC,1000.0,100.0,4.0,90,0.044444444444444446,0.20392156862745098,log10 per day
era4tb,standard,isoniazid,10.0,xMIC,1.0,10.0,2.0,7,0.2857142857142857,0.054901960784313725,log10 per day
era4tb,standard,isoniazid,10.0,xMIC,1.0,10.0,2.0,14,0.14285714285714285,0.13725490196078433,log10 per day
era4tb,standard,isoniazid,10.0,xMIC,1.0,10.0,2.0,30,0.06666666666666667,0.17647058823529413,log10 per day
era4tb,standard,isoniazid,10.0,xMIC,1.0,10.0,2.0,60,0.03333333333333333,0.20392156862745098,log10 per day
era4tb,standard,isoniazid,10.0,xMIC,1.0,10.0,2.0,90,0.022222222222222223,0.21176470588235294,log10 per day
era4tb,standard,isoniazid,10.0,xMIC,10.0,10.0,3.0,7,0.42857142857142855,0.023529411764705882,log10 per day
era4tb,standard,isoniazid,10.0,xMIC,10.0,10.0,3.0,14,0.21428571428571427,0.0784313725490196,log10 per day
era4tb,standard,isoniazid,10.0,xMIC,10.0,10.0,3.0,30,0.1,0.1568627450980392,log10 per day
era4tb,standard,isoniazid,10.0,xMIC,10.0,10.0,3.0,60,0.05,0.2,log10 per day
era4tb,standard,isoniazid,10.0,xMIC,10.0,10.0,3.0,90,0.03333333333333333,0.20392156862745098,log10 per day
era4tb,standard,isoniazid,10.0,xMIC,100.0,10.0,4.0,7,0.5714285714285714,0.0,log10 per day
era4tb,standard,isoniazid,10.0,xMIC,100.0,10.0,4.0,14,0.2857142857142857,0.054901960784313725,log10 per day
era4tb,standard,isoniazid,10.0,xMIC,100.0,10.0,4.0,30,0.13333333333333333,0.1411764705882353,log10 per day
era4tb,standard,isoniazid,10.0,xMIC,100.0,10.0,4.0,60,0.06666666666666667,0.17647058823529413,log10 per day
era4tb,standard,isoniazid,10.0,xMIC,100.0,10.0,4.0,90,0.044444444444444446,0.20392156862745098,log10 per day
era4tb,standard,isoniazid,10.0,xMIC,1000.0,10.0,5.0,7,0.7142857142857143,0.0,log10 per day
era4tb,standard,isoniazid,10.0,xMIC,1000.0,10.0,5.0,14,0.35714285714285715,0.03529411764705882,log10 per day
era4tb,standard,isoniazid,10.0,xMIC,1000.0,10.0,5.0,30,0.16666666666666666,0.12941176470588237,log10 per day
era4tb,standard,isoniazid,10.0,xMIC,1000.0,10.0,5.0,60,0.08333333333333333,0.1607843137254902,log10 per day
era4tb,standard,isoniazid,10.0,xMIC,1000.0,10.0,5.0,90,0.05555555555555555,0.1843137254901961,log10 per day
era4tb,standard,isoniazid,10.0,xMIC,1.0,2.5,2.6020599913279625,7,0.3717228559039946,0.03529411764705882,log10 per day
era4tb,standard,isoniazid,10.0,xMIC,1.0,2.5,2.6020599913279625,14,0.1858614279519973,0.11372549019607843,log10 per day
era4tb,standard,isoniazid,10.0,xMIC,1.0,2.5,2.6020599913279625,30,0.08673533304426542,0.1607843137254902,log10 per day
era4tb,standard,isoniazid,10.0,xMIC,1.0,2.5,2.6020599913279625,60,0.04336766652213271,0.20392156862745098,log10 per day
era4tb,standard,isoniazid,10.0,xMIC,1.0,2.5,2.6020599913279625,90,0.028911777681421804,0.20784313725490197,log10 per day
era4tb,standard,isoniazid,10.0,xMIC,10.0,2.5,3.6020599913279625,7,0.5145799987611375,0.00784313725490196,log10 per day
era4tb,standard,isoniazid,10.0,xMIC,10.0,2.5,3.6020599913279625,14,0.25728999938056873,0.06666666666666667,log10 per day
era4tb,standard,isoniazid,10.0,xMIC,10.0,2.5,3.6020599913279625,30,0.12006866637759875,0.14901960784313725,log10 per day
era4tb,standard,isoniazid,10.0,xMIC,10.0,2.5,3.6020599913279625,60,0.060034333188799374,0.1803921568627451,log10 per day
era4tb,standard,isoniazid,10.0,xMIC,10.0,2.5,3.6020599913279625,90,0.040022888792532914,0.20392156862745098,log10 per day
era4tb,standard,isoniazid,10.0,xMIC,100.0,2.5,4.6020599913279625,7,0.6574371416182804,0.0,log10 per day
era4tb,standard,isoniazid,10.0,xMIC,100.0,2.5,4.6020599913279625,14,0.3287185708091402,0.050980392156862744,log10 per day
era4tb,standard,isoniazid,10.0,xMIC,100.0,2.5,4.6020599913279625,30,0.15340199971093207,0.13333333333333333,log10 per day
era4tb,standard,isoniazid,10.0,xMIC,100.0,2.5,4.6020599913279625,60,0.07670099985546604,0.16862745098039217,log10 per day
era4tb,standard,isoniazid,10.0,xMIC,100.0,2.5,4.6020599913279625,90,0.05113399990364403,0.19607843137254902,log10 per day
era4tb,standard,isoniazid,10.0,xMIC,1000.0,2.5,5.6020599913279625,7,0.8002942844754232,0.0,log10 per day
era4tb,standard,isoniazid,10.0,xMIC,1000.0,2.5,5.6020599913279625,14,0.4001471422377116,0.03137254901960784,log10 per day
era4tb,standard,isoniazid,10.0,xMIC,1000.0,2.5,5.6020599913279625,30,0.18673533304426543,0.10980392156862745,log10 per day
era4tb,standard,isoniazid,10.0,xMIC,1000.0,2.5,5.6020599913279625,60,0.09336766652213271,0.1607843137254902,log10 per day
era4tb,standard,isoniazid,10.0,xMIC,1000.0,2.5,5.6020599913279625,90,0.06224511101475514,0.1803921568627451,log10 per day
era4tb,standard,moxifloxacin,1.0,xMIC,1.0,100.0,1.0,7,0.14285714285714285,0.0,log10 per day
era4tb,standard,moxifloxacin,1.0,xMIC,1.0,100.0,1.0,14,0.07142857142857142,0.0,log10 per day
era4tb,standard,moxifloxacin,1.0,xMIC,1.0,100.0,1.0,30,0.03333333333333333,0.01568627450980392,log10 per day
era4tb,standard,moxifloxacin,1.0,xMIC,1.0,100.0,1.0,60,0.016666666666666666,0.027450980392156862,log10 per day
era4tb,standard,moxifloxacin,1.0,xMIC,1.0,100.0,1.0,90,0.011111111111111112,0.03137254901960784,log10 per day
era4tb,standard,moxifloxacin,1.0,xMIC,10.0,100.0,2.0,7,0.2857142857142857,0.0,log10 per day
era4tb,standard,moxifloxacin,1.0,xMIC,10.0,100.0,2.0,14,0.14285714285714285,0.0,log10 per day
era4tb,standard,moxifloxacin,1.0,xMIC,10.0,100.0,2.0,30,0.06666666666666667,0.0,log10 per day
era4tb,standard,moxifloxacin,1.0,xMIC,10.0,100.0,2.0,60,0.03333333333333333,0.01568627450980392,log10 per day
era4tb,standard,moxifloxacin,1.0,xMIC,10.0,100.0,2.0,90,0.022222222222222223,0.023529411764705882,log10 per day
era4tb,standard,moxifloxacin,1.0,xMIC,100.0,100.0,3.0,7,0.42857142857142855,0.0,log10 per day
era4tb,standard,moxifloxacin,1.0,xMIC,100.0,100.0,3.0,14,0.21428571428571427,0.0,log10 per day
era4tb,standard,moxifloxacin,1.0,xMIC,100.0,100.0,3.0,30,0.1,0.0,log10 per day
era4tb,standard,moxifloxacin,1.0,xMIC,100.0,100.0,3.0,60,0.05,0.011764705882352941,log10 per day
era4tb,standard,moxifloxacin,1.0,xMIC,100.0,100.0,3.0,90,0.03333333333333333,0.01568627450980392,log10 per day
era4tb,standard,moxifloxacin,1.0,xMIC,1000.0,100.0,4.0,7,0.5714285714285714,0.0,log10 per day
era4tb,standard,moxifloxacin,1.0,xMIC,1000.0,100.0,4.0,14,0.2857142857142857,0.0,log10 per day
era4tb,standard,moxifloxacin,1.0,xMIC,1000.0,100.0,4.0,30,0.13333333333333333,0.0,log10 per day
era4tb,standard,moxifloxacin,1.0,xMIC,1000.0,100.0,4.0,60,0.06666666666666667,0.0,log10 per day
era4tb,standard,moxifloxacin,1.0,xMIC,1000.0,100.0,4.0,90,0.044444444444444446,0.011764705882352941,log10 per day
era4tb,standard,moxifloxacin,1.0,xMIC,1.0,10.0,2.0,7,0.2857142857142857,0.0,log10 per day
era4tb,standard,moxifloxacin,1.0,xMIC,1.0,10.0,2.0,14,0.14285714285714285,0.0,log10 per day
era4tb,standard,moxifloxacin,1.0,xMIC,1.0,10.0,2.0,30,0.06666666666666667,0.0,log10 per day
era4tb,standard,moxifloxacin,1.0,xMIC,1.0,10.0,2.0,60,0.03333333333333333,0.01568627450980392,log10 per day
era4tb,standard,moxifloxacin,1.0,xMIC,1.0,10.0,2.0,90,0.022222222222222223,0.023529411764705882,log10 per day
era4tb,standard,moxifloxacin,1.0,xMIC,10.0,10.0,3.0,7,0.42857142857142855,0.0,log10 per day
era4tb,standard,moxifloxacin,1.0,xMIC,10.0,10.0,3.0,14,0.21428571428571427,0.0,log10 per day
era4tb,standard,moxifloxacin,1.0,xMIC,10.0,10.0,3.0,30,0.1,0.0,log10 per day
era4tb,standard,moxifloxacin,1.0,xMIC,10.0,10.0,3.0,60,0.05,0.011764705882352941,log10 per day
era4tb,standard,moxifloxacin,1.0,xMIC,10.0,10.0,3.0,90,0.03333333333333333,0.01568627450980392,log10 per day
era4tb,standard,moxifloxacin,1.0,xMIC,100.0,10.0,4.0,7,0.5714285714285714,0.0,log10 per day
era4tb,standard,moxifloxacin,1.0,xMIC,100.0,10.0,4.0,14,0.2857142857142857,0.0,log10 per day
era4tb,standard,moxifloxacin,1.0,xMIC,100.0,10.0,4.0,30,0.13333333333333333,0.0,log10 per day
era4tb,standard,moxifloxacin,1.0,xMIC,100.0,10.0,4.0,60,0.06666666666666667,0.0,log10 per day
era4tb,standard,moxifloxacin,1.0,xMIC,100.0,10.0,4.0,90,0.044444444444444446,0.011764705882352941,log10 per day
era4tb,standard,moxifloxacin,1.0,xMIC,1000.0,10.0,5.0,7,0.7142857142857143,0.0,log10 per day
era4tb,standard,moxifloxacin,1.0,xMIC,1000.0,10.0,5.0,14,0.35714285714285715,0.0,log10 per day
era4tb,standard,moxifloxacin,1.0,xMIC,1000.0,10.0,5.0,30,0.16666666666666666,0.0,log10 per day
era4tb,standard,moxifloxacin,1.0,xMIC,1000.0,10.0,5.0,60,0.08333333333333333,0.0,log10 per day
era4tb,standard,moxifloxacin,1.0,xMIC,1000.0,10.0,5.0,90,0.05555555555555555,0.00392156862745098,log10 per day
era4tb,standard,moxifloxacin,1.0,xMIC,1.0,2.5,2.6020599913279625,7,0.3717228559039946,0.0,log10 per day
era4tb,standard,moxifloxacin,1.0,xMIC,1.0,2.5,2.6020599913279625,14,0.1858614279519973,0.0,log10 per day
era4tb,standard,moxifloxacin,1.0,xMIC,1.0,2.5,2.6020599913279625,30,0.08673533304426542,0.0,log10 per day
era4tb,standard,moxifloxacin,1.0,xMIC,1.0,2.5,2.6020599913279625,60,0.04336766652213271,0.011764705882352941,log10 per day
era4tb,standard,moxifloxacin,1.0,xMIC,1.0,2.5,2.6020599913279625,90,0.028911777681421804,0.023529411764705882,log10 per day
era4tb,standard,moxifloxacin,1.0,xMIC,10.0,2.5,3.6020599913279625,7,0.5145799987611375,0.0,log10 per day
era4tb,standard,moxifloxacin,1.0,xMIC,10.0,2.5,3.6020599913279625,14,0.25728999938056873,0.0,log10 per day
era4tb,standard,moxifloxacin,1.0,xMIC,10.0,2.5,3.6020599913279625,30,0.12006866637759875,0.0,log10 per day
era4tb,standard,moxifloxacin,1.0,xMIC,10.0,2.5,3.6020599913279625,60,0.060034333188799374,0.00392156862745098,log10 per day
era4tb,standard,moxifloxacin,1.0,xMIC,10.0,2.5,3.6020599913279625,90,0.040022888792532914,0.011764705882352941,log10 per day
era4tb,standard,moxifloxacin,1.0,xMIC,100.0,2.5,4.6020599913279625,7,0.6574371416182804,0.0,log10 per day
era4tb,standard,moxifloxacin,1.0,xMIC,100.0,2.5,4.6020599913279625,14,0.3287185708091402,0.0,log10 per day
era4tb,standard,moxifloxacin,1.0,xMIC,100.0,2.5,4.6020599913279625,30,0.15340199971093207,0.0,log10 per day
era4tb,standard,moxifloxacin,1.0,xMIC,100.0,2.5,4.6020599913279625,60,0.07670099985546604,0.0,log10 per day
era4tb,standard,moxifloxacin,1.0,xMIC,100.0,2.5,4.6020599913279625,90,0.05113399990364403,0.011764705882352941,log10 per day
era4tb,standard,moxifloxacin,1.0,xMIC,1000.0,2.5,5.6020599913279625,7,0.8002942844754232,0.0,log10 per day
era4tb,standard,moxifloxacin,1.0,xMIC,1000.0,2.5,5.6020599913279625,14,0.4001471422377116,0.0,log10 per day
era4tb,standard,moxifloxacin,1.0,xMIC,1000.0,2.5,5.6020599913279625,30,0.18673533304426543,0.0,log10 per day
era4tb,standard,moxifloxacin,1.0,xMIC,1000.0,2.5,5.6020599913279625,60,0.09336766652213271,0.0,log10 per day
era4tb,standard,moxifloxacin,1.0,xMIC,1000.0,2.5,5.6020599913279625,90,0.06224511101475514,0.0,log10 per day
era4tb,standard,moxifloxacin,10.0,xMIC,1.0,100.0,1.0,7,0.14285714285714285,0.30196078431372547,log10 per day
era4tb,standard,moxifloxacin,10.0,xMIC,1.0,100.0,1.0,14,0.07142857142857142,0.5450980392156862,log10 per day
era4tb,standard,moxifloxacin,10.0,xMIC,1.0,100.0,1.0,30,0.03333333333333333,0.6784313725490196,log10 per day
era4tb,standard,moxifloxacin,10.0,xMIC,1.0,100.0,1.0,60,0.016666666666666666,0.6901960784313725,log10 per day
era4tb,standard,moxifloxacin,10.0,xMIC,1.0,100.0,1.0,90,0.011111111111111112,0.6980392156862745,log10 per day
era4tb,standard,moxifloxacin,10.0,xMIC,10.0,100.0,2.0,7,0.2857142857142857,0.11372549019607843,log10 per day
era4tb,standard,moxifloxacin,10.0,xMIC,10.0,100.0,2.0,14,0.14285714285714285,0.30196078431372547,log10 per day
era4tb,standard,moxifloxacin,10.0,xMIC,10.0,100.0,2.0,30,0.06666666666666667,0.5607843137254902,log10 per day
era4tb,standard,moxifloxacin,10.0,xMIC,10.0,100.0,2.0,60,0.03333333333333333,0.6784313725490196,log10 per day
era4tb,standard,moxifloxacin,10.0,xMIC,10.0,100.0,2.0,90,0.022222222222222223,0.6901960784313725,log10 per day
era4tb,standard,moxifloxacin,10.0,xMIC,100.0,100.0,3.0,7,0.42857142857142855,0.043137254901960784,log10 per day
era4tb,standard,moxifloxacin,10.0,xMIC,100.0,100.0,3.0,14,0.21428571428571427,0.20784313725490197,log10 per day
era4tb,standard,moxifloxacin,10.0,xMIC,100.0,100.0,3.0,30,0.1,0.4470588235294118,log10 per day
era4tb,standard,moxifloxacin,10.0,xMIC,100.0,100.0,3.0,60,0.05,0.615686274509804,log10 per day
era4tb,standard,moxifloxacin,10.0,xMIC,100.0,100.0,3.0,90,0.03333333333333333,0.6784313725490196,log10 per day
era4tb,standard,moxifloxacin,10.0,xMIC,1000.0,100.0,4.0,7,0.5714285714285714,0.00784313725490196,log10 per day
era4tb,standard,moxifloxacin,10.0,xMIC,1000.0,100.0,4.0,14,0.2857142857142857,0.11372549019607843,log10 per day
era4tb,standard,moxifloxacin,10.0,xMIC,1000.0,100.0,4.0,30,0.13333333333333333,0.34509803921568627,log10 per day
era4tb,standard,moxifloxacin,10.0,xMIC,1000.0,100.0,4.0,60,0.06666666666666667,0.5607843137254902,log10 per day
era4tb,standard,moxifloxacin,10.0,xMIC,1000.0,100.0,4.0,90,0.044444444444444446,0.6392156862745098,log10 per day
era4tb,standard,moxifloxacin,10.0,xMIC,1.0,10.0,2.0,7,0.2857142857142857,0.11372549019607843,log10 per day
era4tb,standard,moxifloxacin,10.0,xMIC,1.0,10.0,2.0,14,0.14285714285714285,0.30196078431372547,log10 per day
era4tb,standard,moxifloxacin,10.0,xMIC,1.0,10.0,2.0,30,0.06666666666666667,0.5607843137254902,log10 per day
era4tb,standard,moxifloxacin,10.0,xMIC,1.0,10.0,2.0,60,0.03333333333333333,0.6784313725490196,log10 per day
era4tb,standard,moxifloxacin,10.0,xMIC,1.0,10.0,2.0,90,0.022222222222222223,0.6901960784313725,log10 per day
era4tb,standard,moxifloxacin,10.0,xMIC,10.0,10.0,3.0,7,0.42857142857142855,0.043137254901960784,log10 per day
era4tb,standard,moxifloxacin,10.0,xMIC,10.0,10.0,3.0,14,0.21428571428571427,0.20784313725490197,log10 per day
era4tb,standard,moxifloxacin,10.0,xMIC,10.0,10.0,3.0,30,0.1,0.4470588235294118,log10 per day
era4tb,standard,moxifloxacin,10.0,xMIC,10.0,10.0,3.0,60,0.05,0.615686274509804,log10 per day
era4tb,standard,moxifloxacin,10.0,xMIC,10.0,10.0,3.0,90,0.03333333333333333,0.6784313725490196,log10 per day
era4tb,standard,moxifloxacin,10.0,xMIC,100.0,10.0,4.0,7,0.5714285714285714,0.00784313725490196,log10 per day
era4tb,standard,moxifloxacin,10.0,xMIC,100.0,10.0,4.0,14,0.2857142857142857,0.11372549019607843,log10 per day
era4tb,standard,moxifloxacin,10.0,xMIC,100.0,10.0,4.0,30,0.13333333333333333,0.34509803921568627,log10 per day
era4tb,standard,moxifloxacin,10.0,xMIC,100.0,10.0,4.0,60,0.06666666666666667,0.5607843137254902,log10 per day
era4tb,standard,moxifloxacin,10.0,xMIC,100.0,10.0,4.0,90,0.044444444444444446,0.6392156862745098,log10 per day
era4tb,standard,moxifloxacin,10.0,xMIC,1000.0,10.0,5.0,7,0.7142857142857143,0.0,log10 per day
era4tb,standard,moxifloxacin,10.0,xMIC,1000.0,10.0,5.0,14,0.35714285714285715,0.07058823529411765,log10 per day
era4tb,standard,moxifloxacin,10.0,xMIC,1000.0,10.0,5.0,30,0.16666666666666666,0.25882352941176473,log10 per day
era4tb,standard,moxifloxacin,10.0,xMIC,1000.0,10.0,5.0,60,0.08333333333333333,0.4980392156862745,log10 per day
era4tb,standard,moxifloxacin,10.0,xMIC,1000.0,10.0,5.0,90,0.05555555555555555,0.6,log10 per day
era4tb,standard,moxifloxacin,10.0,xMIC,1.0,2.5,2.6020599913279625,7,0.3717228559039946,0.050980392156862744,log10 per day
era4tb,standard,moxifloxacin,10.0,xMIC,1.0,2.5,2.6020599913279625,14,0.1858614279519973,0.23921568627450981,log10 per day
era4tb,standard,moxifloxacin,10.0,xMIC,1.0,2.5,2.6020599913279625,30,0.08673533304426542,0.49411764705882355,log10 per day
era4tb,standard,moxifloxacin,10.0,xMIC,1.0,2.5,2.6020599913279625,60,0.04336766652213271,0.6470588235294118,log10 per day
era4tb,standard,moxifloxacin,10.0,xMIC,1.0,2.5,2.6020599913279625,90,0.028911777681421804,0.6862745098039216,log10 per day
era4tb,standard,moxifloxacin,10.0,xMIC,10.0,2.5,3.6020599913279625,7,0.5145799987611375,0.011764705882352941,log10 per day
era4tb,standard,moxifloxacin,10.0,xMIC,10.0,2.5,3.6020599913279625,14,0.25728999938056873,0.1568627450980392,log10 per day
era4tb,standard,moxifloxacin,10.0,xMIC,10.0,2.5,3.6020599913279625,30,0.12006866637759875,0.3803921568627451,log10 per day
era4tb,standard,moxifloxacin,10.0,xMIC,10.0,2.5,3.6020599913279625,60,0.060034333188799374,0.5882352941176471,log10 per day
era4tb,standard,moxifloxacin,10.0,xMIC,10.0,2.5,3.6020599913279625,90,0.040022888792532914,0.6549019607843137,log10 per day
era4tb,standard,moxifloxacin,10.0,xMIC,100.0,2.5,4.6020599913279625,7,0.6574371416182804,0.0,log10 per day
era4tb,standard,moxifloxacin,10.0,xMIC,100.0,2.5,4.6020599913279625,14,0.3287185708091402,0.08627450980392157,log10 per day
era4tb,standard,moxifloxacin,10.0,xMIC,100.0,2.5,4.6020599913279625,30,0.15340199971093207,0.2823529411764706,log10 per day
era4tb,standard,moxifloxacin,10.0,xMIC,100.0,2.5,4.6020599913279625,60,0.07670099985546604,0.5294117647058824,log10 per day
era4tb,standard,moxifloxacin,10.0,xMIC,100.0,2.5,4.6020599913279625,90,0.05113399990364403,0.615686274509804,log10 per day
era4tb,standard,moxifloxacin,10.0,xMIC,1000.0,2.5,5.6020599913279625,7,0.8002942844754232,0.0,log10 per day
era4tb,standard,moxifloxacin,10.0,xMIC,1000.0,2.5,5.6020599913279625,14,0.4001471422377116,0.050980392156862744,log10 per day
era4tb,standard,moxifloxacin,10.0,xMIC,1000.0,2.5,5.6020599913279625,30,0.18673533304426543,0.23921568627450981,log10 per day
era4tb,standard,moxifloxacin,10.0,xMIC,1000.0,2.5,5.6020599913279625,60,0.09336766652213271,0.45098039215686275,log10 per day
era4tb,standard,moxifloxacin,10.0,xMIC,1000.0,2.5,5.6020599913279625,90,0.06224511101475514,0.5843137254901961,log10 per day
era4tb,standard,none,0.0,xMIC,1.0,100.0,1.0,7,0.14285714285714285,0.0,log10 per day
era4tb,standard,none,0.0,xMIC,1.0,100.0,1.0,14,0.07142857142857142,0.013333333333333334,log10 per day
era4tb,standard,none,0.0,xMIC,1.0,100.0,1.0,30,0.03333333333333333,0.044444444444444446,log10 per day
era4tb,standard,none,0.0,xMIC,1.0,100.0,1.0,60,0.016666666666666666,0.08,log10 per day
era4tb,standard,none,0.0,xMIC,1.0,100.0,1.0,90,0.011111111111111112,0.1111111111111111,log10 per day
era4tb,standard,none,0.0,xMIC,10.0,100.0,2.0,7,0.2857142857142857,0.0,log10 per day
era4tb,standard,none,0.0,xMIC,10.0,100.0,2.0,14,0.14285714285714285,0.0,log10 per day
era4tb,standard,none,0.0,xMIC,10.0,100.0,2.0,30,0.06666666666666667,0.017777777777777778,log10 per day
era4tb,standard,none,0.0,xMIC,10.0,100.0,2.0,60,0.03333333333333333,0.044444444444444446,log10 per day
era4tb,standard,none,0.0,xMIC,10.0,100.0,2.0,90,0.022222222222222223,0.04888888888888889,log10 per day
era4tb,standard,none,0.0,xMIC,100.0,100.0,3.0,7,0.42857142857142855,0.0,log10 per day
era4tb,standard,none,0.0,xMIC,100.0,100.0,3.0,14,0.21428571428571427,0.0,log10 per day
era4tb,standard,none,0.0,xMIC,100.0,100.0,3.0,30,0.1,0.0,log10 per day
era4tb,standard,none,0.0,xMIC,100.0,100.0,3.0,60,0.05,0.02666666666666667,log10 per day
era4tb,standard,none,0.0,xMIC,100.0,100.0,3.0,90,0.03333333333333333,0.044444444444444446,log10 per day
era4tb,standard,none,0.0,xMIC,1000.0,100.0,4.0,7,0.5714285714285714,0.0,log10 per day
era4tb,standard,none,0.0,xMIC,1000.0,100.0,4.0,14,0.2857142857142857,0.0,log10 per day
era4tb,standard,none,0.0,xMIC,1000.0,100.0,4.0,30,0.13333333333333333,0.0,log10 per day
era4tb,standard,none,0.0,xMIC,1000.0,100.0,4.0,60,0.06666666666666667,0.017777777777777778,log10 per day
era4tb,standard,none,0.0,xMIC,1000.0,100.0,4.0,90,0.044444444444444446,0.04,log10 per day
era4tb,standard,none,0.0,xMIC,1.0,10.0,2.0,7,0.2857142857142857,0.0,log10 per day
era4tb,standard,none,0.0,xMIC,1.0,10.0,2.0,14,0.14285714285714285,0.0,log10 per day
era4tb,standard,none,0.0,xMIC,1.0,10.0,2.0,30,0.06666666666666667,0.017777777777777778,log10 per day
era4tb,standard,none,0.0,xMIC,1.0,10.0,2.0,60,0.03333333333333333,0.044444444444444446,log10 per day
era4tb,standard,none,0.0,xMIC,1.0,10.0,2.0,90,0.022222222222222223,0.04888888888888889,log10 per day
era4tb,standard,none,0.0,xMIC,10.0,10.0,3.0,7,0.42857142857142855,0.0,log10 per day
era4tb,standard,none,0.0,xMIC,10.0,10.0,3.0,14,0.21428571428571427,0.0,log10 per day
era4tb,standard,none,0.0,xMIC,10.0,10.0,3.0,30,0.1,0.0,log10 per day
era4tb,standard,none,0.0,xMIC,10.0,10.0,3.0,60,0.05,0.02666666666666667,log10 per day
era4tb,standard,none,0.0,xMIC,10.0,10.0,3.0,90,0.03333333333333333,0.044444444444444446,log10 per day
era4tb,standard,none,0.0,xMIC,100.0,10.0,4.0,7,0.5714285714285714,0.0,log10 per day
era4tb,standard,none,0.0,xMIC,100.0,10.0,4.0,14,0.2857142857142857,0.0,log10 per day
era4tb,standard,none,0.0,xMIC,100.0,10.0,4.0,30,0.13333333333333333,0.0,log10 per day
era4tb,standard,none,0.0,xMIC,100.0,10.0,4.0,60,0.06666666666666667,0.017777777777777778,log10 per day
era4tb,standard,none,0.0,xMIC,100.0,10.0,4.0,90,0.044444444444444446,0.04,log10 per day
era4tb,standard,none,0.0,xMIC,1000.0,10.0,5.0,7,0.7142857142857143,0.0,log10 per day
era4tb,standard,none,0.0,xMIC,1000.0,10.0,5.0,14,0.35714285714285715,0.0,log10 per day
era4tb,standard,none,0.0,xMIC,1000.0,10.0,5.0,30,0.16666666666666666,0.0,log10 per day
era4tb,standard,none,0.0,xMIC,1000.0,10.0,5.0,60,0.08333333333333333,0.0044444444444444444,log10 per day
era4tb,standard,none,0.0,xMIC,1000.0,10.0,5.0,90,0.05555555555555555,0.022222222222222223,log10 per day
era4tb,standard,none,0.0,xMIC,1.0,2.5,2.6020599913279625,7,0.3717228559039946,0.0,log10 per day
era4tb,standard,none,0.0,xMIC,1.0,2.5,2.6020599913279625,14,0.1858614279519973,0.0,log10 per day
era4tb,standard,none,0.0,xMIC,1.0,2.5,2.6020599913279625,30,0.08673533304426542,0.0044444444444444444,log10 per day
era4tb,standard,none,0.0,xMIC,1.0,2.5,2.6020599913279625,60,0.04336766652213271,0.04,log10 per day
era4tb,standard,none,0.0,xMIC,1.0,2.5,2.6020599913279625,90,0.028911777681421804,0.044444444444444446,log10 per day
era4tb,standard,none,0.0,xMIC,10.0,2.5,3.6020599913279625,7,0.5145799987611375,0.0,log10 per day
era4tb,standard,none,0.0,xMIC,10.0,2.5,3.6020599913279625,14,0.25728999938056873,0.0,log10 per day
era4tb,standard,none,0.0,xMIC,10.0,2.5,3.6020599913279625,30,0.12006866637759875,0.0,log10 per day
era4tb,standard,none,0.0,xMIC,10.0,2.5,3.6020599913279625,60,0.060034333188799374,0.017777777777777778,log10 per day
era4tb,standard,none,0.0,xMIC,10.0,2.5,3.6020599913279625,90,0.040022888792532914,0.04,log10 per day
era4tb,standard,none,0.0,xMIC,100.0,2.5,4.6020599913279625,7,0.6574371416182804,0.0,log10 per day
era4tb,standard,none,0.0,xMIC,100.0,2.5,4.6020599913279625,14,0.3287185708091402,0.0,log10 per day
era4tb,standard,none,0.0,xMIC,100.0,2.5,4.6020599913279625,30,0.15340199971093207,0.0,log10 per day
era4tb,standard,none,0.0,xMIC,100.0,2.5,4.6020599913279625,60,0.07670099985546604,0.008888888888888889,log10 per day
era4tb,standard,none,0.0,xMIC,100.0,2.5,4.6020599913279625,90,0.05113399990364403,0.02666666666666667,log10 per day
era4tb,standard,none,0.0,xMIC,1000.0,2.5,5.6020599913279625,7,0.8002942844754232,0.0,log10 per day
era4tb,standard,none,0.0,xMIC,1000.0,2.5,5.6020599913279625,14,0.4001471422377116,0.0,log10 per day
era4tb,standard,none,0.0,xMIC,1000.0,2.5,5.6020599913279625,30,0.18673533304426543,0.0,log10 per day
era4tb,standard,none,0.0,xMIC,1000.0,2.5,5.6020599913279625,60,0.09336766652213271,0.0044444444444444444,log10 per day
era4tb,standard,none,0.0,xMIC,1000.0,2.5,5.6020599913279625,90,0.06224511101475514,0.017777777777777778,log10 per day
kaur,intracellular,amikacin,4.0,ug/mL,1.0,100.0,1.0,7,0.14285714285714285,0.0,log10 per day
kaur,intracellular,amikacin,4.0,ug/mL,1.0,100.0,1.0,14,0.07142857142857142,0.08888888888888889,log10 per day
kaur,intracellular,amikacin,4.0,ug/mL,1.0,100.0,1.0,30,0.03333333333333333,0.1111111111111111,log10 per day
kaur,intracellular,amikacin,4.0,ug/mL,1.0,100.0,1.0,60,0.016666666666666666,0.13333333333333333,log10 per day
kaur,intracellular,amikacin,4.0,ug/mL,1.0,100.0,1.0,90,0.011111111111111112,0.13333333333333333,log10 per day
kaur,intracellular,amikacin,4.0,ug/mL,10.0,100.0,2.0,7,0.2857142857142857,0.0,log10 per day
kaur,intracellular,amikacin,4.0,ug/mL,10.0,100.0,2.0,14,0.14285714285714285,0.0,log10 per day
kaur,intracellular,amikacin,4.0,ug/mL,10.0,100.0,2.0,30,0.06666666666666667,0.08888888888888889,log10 per day
kaur,intracellular,amikacin,4.0,ug/mL,10.0,100.0,2.0,60,0.03333333333333333,0.1111111111111111,log10 per day
kaur,intracellular,amikacin,4.0,ug/mL,10.0,100.0,2.0,90,0.022222222222222223,0.13333333333333333,log10 per day
kaur,intracellular,amikacin,4.0,ug/mL,100.0,100.0,3.0,7,0.42857142857142855,0.0,log10 per day
kaur,intracellular,amikacin,4.0,ug/mL,100.0,100.0,3.0,14,0.21428571428571427,0.0,log10 per day
kaur,intracellular,amikacin,4.0,ug/mL,100.0,100.0,3.0,30,0.1,0.044444444444444446,log10 per day
kaur,intracellular,amikacin,4.0,ug/mL,100.0,100.0,3.0,60,0.05,0.08888888888888889,log10 per day
kaur,intracellular,amikacin,4.0,ug/mL,100.0,100.0,3.0,90,0.03333333333333333,0.1111111111111111,log10 per day
kaur,intracellular,amikacin,4.0,ug/mL,1000.0,100.0,4.0,7,0.5714285714285714,0.0,log10 per day
kaur,intracellular,amikacin,4.0,ug/mL,1000.0,100.0,4.0,14,0.2857142857142857,0.0,log10 per day
kaur,intracellular,amikacin,4.0,ug/mL,1000.0,100.0,4.0,30,0.13333333333333333,0.022222222222222223,log10 per day
kaur,intracellular,amikacin,4.0,ug/mL,1000.0,100.0,4.0,60,0.06666666666666667,0.08888888888888889,log10 per day
kaur,intracellular,amikacin,4.0,ug/mL,1000.0,100.0,4.0,90,0.044444444444444446,0.1111111111111111,log10 per day
kaur,intracellular,amikacin,4.0,ug/mL,1.0,10.0,2.0,7,0.2857142857142857,0.0,log10 per day
kaur,intracellular,amikacin,4.0,ug/mL,1.0,10.0,2.0,14,0.14285714285714285,0.0,log10 per day
kaur,intracellular,amikacin,4.0,ug/mL,1.0,10.0,2.0,30,0.06666666666666667,0.08888888888888889,log10 per day
kaur,intracellular,amikacin,4.0,ug/mL,1.0,10.0,2.0,60,0.03333333333333333,0.1111111111111111,log10 per day
kaur,intracellular,amikacin,4.0,ug/mL,1.0,10.0,2.0,90,0.022222222222222223,0.13333333333333333,log10 per day
kaur,intracellular,amikacin,4.0,ug/mL,10.0,10.0,3.0,7,0.42857142857142855,0.0,log10 per day
kaur,intracellular,amikacin,4.0,ug/mL,10.0,10.0,3.0,14,0.21428571428571427,0.0,log10 per day
kaur,intracellular,amikacin,4.0,ug/mL,10.0,10.0,3.0,30,0.1,0.044444444444444446,log10 per day
kaur,intracellular,amikacin,4.0,ug/mL,10.0,10.0,3.0,60,0.05,0.08888888888888889,log10 per day
kaur,intracellular,amikacin,4.0,ug/mL,10.0,10.0,3.0,90,0.03333333333333333,0.1111111111111111,log10 per day
kaur,intracellular,amikacin,4.0,ug/mL,100.0,10.0,4.0,7,0.5714285714285714,0.0,log10 per day
kaur,intracellular,amikacin,4.0,ug/mL,100.0,10.0,4.0,14,0.2857142857142857,0.0,log10 per day
kaur,intracellular,amikacin,4.0,ug/mL,100.0,10.0,4.0,30,0.13333333333333333,0.022222222222222223,log10 per day
kaur,intracellular,amikacin,4.0,ug/mL,100.0,10.0,4.0,60,0.06666666666666667,0.08888888888888889,log10 per day
kaur,intracellular,amikacin,4.0,ug/mL,100.0,10.0,4.0,90,0.044444444444444446,0.1111111111111111,log10 per day
kaur,intracellular,amikacin,4.0,ug/mL,1000.0,10.0,5.0,7,0.7142857142857143,0.0,log10 per day
kaur,intracellular,amikacin,4.0,ug/mL,1000.0,10.0,5.0,14,0.35714285714285715,0.0,log10 per day
kaur,intracellular,amikacin,4.0,ug/mL,1000.0,10.0,5.0,30,0.16666666666666666,0.0,log10 per day
kaur,intracellular,amikacin,4.0,ug/mL,1000.0,10.0,5.0,60,0.08333333333333333,0.06666666666666667,log10 per day
kaur,intracellular,amikacin,4.0,ug/mL,1000.0,10.0,5.0,90,0.05555555555555555,0.08888888888888889,log10 per day
kaur,intracellular,amikacin,4.0,ug/mL,1.0,2.5,2.6020599913279625,7,0.3717228559039946,0.0,log10 per day
kaur,intracellular,amikacin,4.0,ug/mL,1.0,2.5,2.6020599913279625,14,0.1858614279519973,0.0,log10 per day
kaur,intracellular,amikacin,4.0,ug/mL,1.0,2.5,2.6020599913279625,30,0.08673533304426542,0.06666666666666667,log10 per day
kaur,intracellular,amikacin,4.0,ug/mL,1.0,2.5,2.6020599913279625,60,0.04336766652213271,0.1111111111111111,log10 per day
kaur,intracellular,amikacin,4.0,ug/mL,1.0,2.5,2.6020599913279625,90,0.028911777681421804,0.13333333333333333,log10 per day
kaur,intracellular,amikacin,4.0,ug/mL,10.0,2.5,3.6020599913279625,7,0.5145799987611375,0.0,log10 per day
kaur,intracellular,amikacin,4.0,ug/mL,10.0,2.5,3.6020599913279625,14,0.25728999938056873,0.0,log10 per day
kaur,intracellular,amikacin,4.0,ug/mL,10.0,2.5,3.6020599913279625,30,0.12006866637759875,0.044444444444444446,log10 per day
kaur,intracellular,amikacin,4.0,ug/mL,10.0,2.5,3.6020599913279625,60,0.060034333188799374,0.08888888888888889,log10 per day
kaur,intracellular,amikacin,4.0,ug/mL,10.0,2.5,3.6020599913279625,90,0.040022888792532914,0.1111111111111111,log10 per day
kaur,intracellular,amikacin,4.0,ug/mL,100.0,2.5,4.6020599913279625,7,0.6574371416182804,0.0,log10 per day
kaur,intracellular,amikacin,4.0,ug/mL,100.0,2.5,4.6020599913279625,14,0.3287185708091402,0.0,log10 per day
kaur,intracellular,amikacin,4.0,ug/mL,100.0,2.5,4.6020599913279625,30,0.15340199971093207,0.0,log10 per day
kaur,intracellular,amikacin,4.0,ug/mL,100.0,2.5,4.6020599913279625,60,0.07670099985546604,0.08888888888888889,log10 per day
kaur,intracellular,amikacin,4.0,ug/mL,100.0,2.5,4.6020599913279625,90,0.05113399990364403,0.08888888888888889,log10 per day
kaur,intracellular,amikacin,4.0,ug/mL,1000.0,2.5,5.6020599913279625,7,0.8002942844754232,0.0,log10 per day
kaur,intracellular,amikacin,4.0,ug/mL,1000.0,2.5,5.6020599913279625,14,0.4001471422377116,0.0,log10 per day
kaur,intracellular,amikacin,4.0,ug/mL,1000.0,2.5,5.6020599913279625,30,0.18673533304426543,0.0,log10 per day
kaur,intracellular,amikacin,4.0,ug/mL,1000.0,2.5,5.6020599913279625,60,0.09336766652213271,0.06666666666666667,log10 per day
kaur,intracellular,amikacin,4.0,ug/mL,1000.0,2.5,5.6020599913279625,90,0.06224511101475514,0.08888888888888889,log10 per day
kaur,intracellular,amikacin,8.0,ug/mL,1.0,100.0,1.0,7,0.14285714285714285,0.0,log10 per day
kaur,intracellular,amikacin,8.0,ug/mL,1.0,100.0,1.0,14,0.07142857142857142,0.022222222222222223,log10 per day
kaur,intracellular,amikacin,8.0,ug/mL,1.0,100.0,1.0,30,0.03333333333333333,0.1111111111111111,log10 per day
kaur,intracellular,amikacin,8.0,ug/mL,1.0,100.0,1.0,60,0.016666666666666666,0.13333333333333333,log10 per day
kaur,intracellular,amikacin,8.0,ug/mL,1.0,100.0,1.0,90,0.011111111111111112,0.17777777777777778,log10 per day
kaur,intracellular,amikacin,8.0,ug/mL,10.0,100.0,2.0,7,0.2857142857142857,0.0,log10 per day
kaur,intracellular,amikacin,8.0,ug/mL,10.0,100.0,2.0,14,0.14285714285714285,0.0,log10 per day
kaur,intracellular,amikacin,8.0,ug/mL,10.0,100.0,2.0,30,0.06666666666666667,0.044444444444444446,log10 per day
kaur,intracellular,amikacin,8.0,ug/mL,10.0,100.0,2.0,60,0.03333333333333333,0.1111111111111111,log10 per day
kaur,intracellular,amikacin,8.0,ug/mL,10.0,100.0,2.0,90,0.022222222222222223,0.13333333333333333,log10 per day
kaur,intracellular,amikacin,8.0,ug/mL,100.0,100.0,3.0,7,0.42857142857142855,0.0,log10 per day
kaur,intracellular,amikacin,8.0,ug/mL,100.0,100.0,3.0,14,0.21428571428571427,0.0,log10 per day
kaur,intracellular,amikacin,8.0,ug/mL,100.0,100.0,3.0,30,0.1,0.0,log10 per day
kaur,intracellular,amikacin,8.0,ug/mL,100.0,100.0,3.0,60,0.05,0.06666666666666667,log10 per day
kaur,intracellular,amikacin,8.0,ug/mL,100.0,100.0,3.0,90,0.03333333333333333,0.1111111111111111,log10 per day
kaur,intracellular,amikacin,8.0,ug/mL,1000.0,100.0,4.0,7,0.5714285714285714,0.0,log10 per day
kaur,intracellular,amikacin,8.0,ug/mL,1000.0,100.0,4.0,14,0.2857142857142857,0.0,log10 per day
kaur,intracellular,amikacin,8.0,ug/mL,1000.0,100.0,4.0,30,0.13333333333333333,0.0,log10 per day
kaur,intracellular,amikacin,8.0,ug/mL,1000.0,100.0,4.0,60,0.06666666666666667,0.044444444444444446,log10 per day
kaur,intracellular,amikacin,8.0,ug/mL,1000.0,100.0,4.0,90,0.044444444444444446,0.08888888888888889,log10 per day
kaur,intracellular,amikacin,8.0,ug/mL,1.0,10.0,2.0,7,0.2857142857142857,0.0,log10 per day
kaur,intracellular,amikacin,8.0,ug/mL,1.0,10.0,2.0,14,0.14285714285714285,0.0,log10 per day
kaur,intracellular,amikacin,8.0,ug/mL,1.0,10.0,2.0,30,0.06666666666666667,0.044444444444444446,log10 per day
kaur,intracellular,amikacin,8.0,ug/mL,1.0,10.0,2.0,60,0.03333333333333333,0.1111111111111111,log10 per day
kaur,intracellular,amikacin,8.0,ug/mL,1.0,10.0,2.0,90,0.022222222222222223,0.13333333333333333,log10 per day
kaur,intracellular,amikacin,8.0,ug/mL,10.0,10.0,3.0,7,0.42857142857142855,0.0,log10 per day
kaur,intracellular,amikacin,8.0,ug/mL,10.0,10.0,3.0,14,0.21428571428571427,0.0,log10 per day
kaur,intracellular,amikacin,8.0,ug/mL,10.0,10.0,3.0,30,0.1,0.0,log10 per day
kaur,intracellular,amikacin,8.0,ug/mL,10.0,10.0,3.0,60,0.05,0.06666666666666667,log10 per day
kaur,intracellular,amikacin,8.0,ug/mL,10.0,10.0,3.0,90,0.03333333333333333,0.1111111111111111,log10 per day
kaur,intracellular,amikacin,8.0,ug/mL,100.0,10.0,4.0,7,0.5714285714285714,0.0,log10 per day
kaur,intracellular,amikacin,8.0,ug/mL,100.0,10.0,4.0,14,0.2857142857142857,0.0,log10 per day
kaur,intracellular,amikacin,8.0,ug/mL,100.0,10.0,4.0,30,0.13333333333333333,0.0,log10 per day
kaur,intracellular,amikacin,8.0,ug/mL,100.0,10.0,4.0,60,0.06666666666666667,0.044444444444444446,log10 per day
kaur,intracellular,amikacin,8.0,ug/mL,100.0,10.0,4.0,90,0.044444444444444446,0.08888888888888889,log10 per day
kaur,intracellular,amikacin,8.0,ug/mL,1000.0,10.0,5.0,7,0.7142857142857143,0.0,log10 per day
kaur,intracellular,amikacin,8.0,ug/mL,1000.0,10.0,5.0,14,0.35714285714285715,0.0,log10 per day
kaur,intracellular,amikacin,8.0,ug/mL,1000.0,10.0,5.0,30,0.16666666666666666,0.0,log10 per day
kaur,intracellular,amikacin,8.0,ug/mL,1000.0,10.0,5.0,60,0.08333333333333333,0.022222222222222223,log10 per day
kaur,intracellular,amikacin,8.0,ug/mL,1000.0,10.0,5.0,90,0.05555555555555555,0.044444444444444446,log10 per day
kaur,intracellular,amikacin,8.0,ug/mL,1.0,2.5,2.6020599913279625,7,0.3717228559039946,0.0,log10 per day
kaur,intracellular,amikacin,8.0,ug/mL,1.0,2.5,2.6020599913279625,14,0.1858614279519973,0.0,log10 per day
kaur,intracellular,amikacin,8.0,ug/mL,1.0,2.5,2.6020599913279625,30,0.08673533304426542,0.022222222222222223,log10 per day
kaur,intracellular,amikacin,8.0,ug/mL,1.0,2.5,2.6020599913279625,60,0.04336766652213271,0.08888888888888889,log10 per day
kaur,intracellular,amikacin,8.0,ug/mL,1.0,2.5,2.6020599913279625,90,0.028911777681421804,0.1111111111111111,log10 per day
kaur,intracellular,amikacin,8.0,ug/mL,10.0,2.5,3.6020599913279625,7,0.5145799987611375,0.0,log10 per day
kaur,intracellular,amikacin,8.0,ug/mL,10.0,2.5,3.6020599913279625,14,0.25728999938056873,0.0,log10 per day
kaur,intracellular,amikacin,8.0,ug/mL,10.0,2.5,3.6020599913279625,30,0.12006866637759875,0.0,log10 per day
kaur,intracellular,amikacin,8.0,ug/mL,10.0,2.5,3.6020599913279625,60,0.060034333188799374,0.044444444444444446,log10 per day
kaur,intracellular,amikacin,8.0,ug/mL,10.0,2.5,3.6020599913279625,90,0.040022888792532914,0.08888888888888889,log10 per day
kaur,intracellular,amikacin,8.0,ug/mL,100.0,2.5,4.6020599913279625,7,0.6574371416182804,0.0,log10 per day
kaur,intracellular,amikacin,8.0,ug/mL,100.0,2.5,4.6020599913279625,14,0.3287185708091402,0.0,log10 per day
kaur,intracellular,amikacin,8.0,ug/mL,100.0,2.5,4.6020599913279625,30,0.15340199971093207,0.0,log10 per day
kaur,intracellular,amikacin,8.0,ug/mL,100.0,2.5,4.6020599913279625,60,0.07670099985546604,0.022222222222222223,log10 per day
kaur,intracellular,amikacin,8.0,ug/mL,100.0,2.5,4.6020599913279625,90,0.05113399990364403,0.06666666666666667,log10 per day
kaur,intracellular,amikacin,8.0,ug/mL,1000.0,2.5,5.6020599913279625,7,0.8002942844754232,0.0,log10 per day
kaur,intracellular,amikacin,8.0,ug/mL,1000.0,2.5,5.6020599913279625,14,0.4001471422377116,0.0,log10 per day
kaur,intracellular,amikacin,8.0,ug/mL,1000.0,2.5,5.6020599913279625,30,0.18673533304426543,0.0,log10 per day
kaur,intracellular,amikacin,8.0,ug/mL,1000.0,2.5,5.6020599913279625,60,0.09336766652213271,0.022222222222222223,log10 per day
kaur,intracellular,amikacin,8.0,ug/mL,1000.0,2.5,5.6020599913279625,90,0.06224511101475514,0.044444444444444446,log10 per day
kaur,intracellular,amikacin,16.0,ug/mL,1.0,100.0,1.0,7,0.14285714285714285,0.022222222222222223,log10 per day
kaur,intracellular,amikacin,16.0,ug/mL,1.0,100.0,1.0,14,0.07142857142857142,0.08888888888888889,log10 per day
kaur,intracellular,amikacin,16.0,ug/mL,1.0,100.0,1.0,30,0.03333333333333333,0.08888888888888889,log10 per day
kaur,intracellular,amikacin,16.0,ug/mL,1.0,100.0,1.0,60,0.016666666666666666,0.13333333333333333,log10 per day
kaur,intracellular,amikacin,16.0,ug/mL,1.0,100.0,1.0,90,0.011111111111111112,0.15555555555555556,log10 per day
kaur,intracellular,amikacin,16.0,ug/mL,10.0,100.0,2.0,7,0.2857142857142857,0.0,log10 per day
kaur,intracellular,amikacin,16.0,ug/mL,10.0,100.0,2.0,14,0.14285714285714285,0.022222222222222223,log10 per day
kaur,intracellular,amikacin,16.0,ug/mL,10.0,100.0,2.0,30,0.06666666666666667,0.08888888888888889,log10 per day
kaur,intracellular,amikacin,16.0,ug/mL,10.0,100.0,2.0,60,0.03333333333333333,0.08888888888888889,log10 per day
kaur,intracellular,amikacin,16.0,ug/mL,10.0,100.0,2.0,90,0.022222222222222223,0.08888888888888889,log10 per day
kaur,intracellular,amikacin,16.0,ug/mL,100.0,100.0,3.0,7,0.42857142857142855,0.0,log10 per day
kaur,intracellular,amikacin,16.0,ug/mL,100.0,100.0,3.0,14,0.21428571428571427,0.0,log10 per day
kaur,intracellular,amikacin,16.0,ug/mL,100.0,100.0,3.0,30,0.1,0.044444444444444446,log10 per day
kaur,intracellular,amikacin,16.0,ug/mL,100.0,100.0,3.0,60,0.05,0.08888888888888889,log10 per day
kaur,intracellular,amikacin,16.0,ug/mL,100.0,100.0,3.0,90,0.03333333333333333,0.08888888888888889,log10 per day
kaur,intracellular,amikacin,16.0,ug/mL,1000.0,100.0,4.0,7,0.5714285714285714,0.0,log10 per day
kaur,intracellular,amikacin,16.0,ug/mL,1000.0,100.0,4.0,14,0.2857142857142857,0.0,log10 per day
kaur,intracellular,amikacin,16.0,ug/mL,1000.0,100.0,4.0,30,0.13333333333333333,0.022222222222222223,log10 per day
kaur,intracellular,amikacin,16.0,ug/mL,1000.0,100.0,4.0,60,0.06666666666666667,0.08888888888888889,log10 per day
kaur,intracellular,amikacin,16.0,ug/mL,1000.0,100.0,4.0,90,0.044444444444444446,0.08888888888888889,log10 per day
kaur,intracellular,amikacin,16.0,ug/mL,1.0,10.0,2.0,7,0.2857142857142857,0.0,log10 per day
kaur,intracellular,amikacin,16.0,ug/mL,1.0,10.0,2.0,14,0.14285714285714285,0.022222222222222223,log10 per day
kaur,intracellular,amikacin,16.0,ug/mL,1.0,10.0,2.0,30,0.06666666666666667,0.08888888888888889,log10 per day
kaur,intracellular,amikacin,16.0,ug/mL,1.0,10.0,2.0,60,0.03333333333333333,0.08888888888888889,log10 per day
kaur,intracellular,amikacin,16.0,ug/mL,1.0,10.0,2.0,90,0.022222222222222223,0.08888888888888889,log10 per day
kaur,intracellular,amikacin,16.0,ug/mL,10.0,10.0,3.0,7,0.42857142857142855,0.0,log10 per day
kaur,intracellular,amikacin,16.0,ug/mL,10.0,10.0,3.0,14,0.21428571428571427,0.0,log10 per day
kaur,intracellular,amikacin,16.0,ug/mL,10.0,10.0,3.0,30,0.1,0.044444444444444446,log10 per day
kaur,intracellular,amikacin,16.0,ug/mL,10.0,10.0,3.0,60,0.05,0.08888888888888889,log10 per day
kaur,intracellular,amikacin,16.0,ug/mL,10.0,10.0,3.0,90,0.03333333333333333,0.08888888888888889,log10 per day
kaur,intracellular,amikacin,16.0,ug/mL,100.0,10.0,4.0,7,0.5714285714285714,0.0,log10 per day
kaur,intracellular,amikacin,16.0,ug/mL,100.0,10.0,4.0,14,0.2857142857142857,0.0,log10 per day
kaur,intracellular,amikacin,16.0,ug/mL,100.0,10.0,4.0,30,0.13333333333333333,0.022222222222222223,log10 per day
kaur,intracellular,amikacin,16.0,ug/mL,100.0,10.0,4.0,60,0.06666666666666667,0.08888888888888889,log10 per day
kaur,intracellular,amikacin,16.0,ug/mL,100.0,10.0,4.0,90,0.044444444444444446,0.08888888888888889,log10 per day
kaur,intracellular,amikacin,16.0,ug/mL,1000.0,10.0,5.0,7,0.7142857142857143,0.0,log10 per day
kaur,intracellular,amikacin,16.0,ug/mL,1000.0,10.0,5.0,14,0.35714285714285715,0.0,log10 per day
kaur,intracellular,amikacin,16.0,ug/mL,1000.0,10.0,5.0,30,0.16666666666666666,0.0,log10 per day
kaur,intracellular,amikacin,16.0,ug/mL,1000.0,10.0,5.0,60,0.08333333333333333,0.08888888888888889,log10 per day
kaur,intracellular,amikacin,16.0,ug/mL,1000.0,10.0,5.0,90,0.05555555555555555,0.08888888888888889,log10 per day
kaur,intracellular,amikacin,16.0,ug/mL,1.0,2.5,2.6020599913279625,7,0.3717228559039946,0.0,log10 per day
kaur,intracellular,amikacin,16.0,ug/mL,1.0,2.5,2.6020599913279625,14,0.1858614279519973,0.0,log10 per day
kaur,intracellular,amikacin,16.0,ug/mL,1.0,2.5,2.6020599913279625,30,0.08673533304426542,0.08888888888888889,log10 per day
kaur,intracellular,amikacin,16.0,ug/mL,1.0,2.5,2.6020599913279625,60,0.04336766652213271,0.08888888888888889,log10 per day
kaur,intracellular,amikacin,16.0,ug/mL,1.0,2.5,2.6020599913279625,90,0.028911777681421804,0.08888888888888889,log10 per day
kaur,intracellular,amikacin,16.0,ug/mL,10.0,2.5,3.6020599913279625,7,0.5145799987611375,0.0,log10 per day
kaur,intracellular,amikacin,16.0,ug/mL,10.0,2.5,3.6020599913279625,14,0.25728999938056873,0.0,log10 per day
kaur,intracellular,amikacin,16.0,ug/mL,10.0,2.5,3.6020599913279625,30,0.12006866637759875,0.022222222222222223,log10 per day
kaur,intracellular,amikacin,16.0,ug/mL,10.0,2.5,3.6020599913279625,60,0.060034333188799374,0.08888888888888889,log10 per day
kaur,intracellular,amikacin,16.0,ug/mL,10.0,2.5,3.6020599913279625,90,0.040022888792532914,0.08888888888888889,log10 per day
kaur,intracellular,amikacin,16.0,ug/mL,100.0,2.5,4.6020599913279625,7,0.6574371416182804,0.0,log10 per day
kaur,intracellular,amikacin,16.0,ug/mL,100.0,2.5,4.6020599913279625,14,0.3287185708091402,0.0,log10 per day
kaur,intracellular,amikacin,16.0,ug/mL,100.0,2.5,4.6020599913279625,30,0.15340199971093207,0.0,log10 per day
kaur,intracellular,amikacin,16.0,ug/mL,100.0,2.5,4.6020599913279625,60,0.07670099985546604,0.08888888888888889,log10 per day
kaur,intracellular,amikacin,16.0,ug/mL,100.0,2.5,4.6020599913279625,90,0.05113399990364403,0.08888888888888889,log10 per day
kaur,intracellular,amikacin,16.0,ug/mL,1000.0,2.5,5.6020599913279625,7,0.8002942844754232,0.0,log10 per day
kaur,intracellular,amikacin,16.0,ug/mL,1000.0,2.5,5.6020599913279625,14,0.4001471422377116,0.0,log10 per day
kaur,intracellular,amikacin,16.0,ug/mL,1000.0,2.5,5.6020599913279625,30,0.18673533304426543,0.0,log10 per day
kaur,intracellular,amikacin,16.0,ug/mL,1000.0,2.5,5.6020599913279625,60,0.09336766652213271,0.06666666666666667,log10 per day
kaur,intracellular,amikacin,16.0,ug/mL,1000.0,2.5,5.6020599913279625,90,0.06224511101475514,0.08888888888888889,log10 per day
kaur,intracellular,amikacin,32.0,ug/mL,1.0,100.0,1.0,7,0.14285714285714285,0.022222222222222223,log10 per day
kaur,intracellular,amikacin,32.0,ug/mL,1.0,100.0,1.0,14,0.07142857142857142,0.06666666666666667,log10 per day
kaur,intracellular,amikacin,32.0,ug/mL,1.0,100.0,1.0,30,0.03333333333333333,0.1111111111111111,log10 per day
kaur,intracellular,amikacin,32.0,ug/mL,1.0,100.0,1.0,60,0.016666666666666666,0.17777777777777778,log10 per day
kaur,intracellular,amikacin,32.0,ug/mL,1.0,100.0,1.0,90,0.011111111111111112,0.17777777777777778,log10 per day
kaur,intracellular,amikacin,32.0,ug/mL,10.0,100.0,2.0,7,0.2857142857142857,0.0,log10 per day
kaur,intracellular,amikacin,32.0,ug/mL,10.0,100.0,2.0,14,0.14285714285714285,0.022222222222222223,log10 per day
kaur,intracellular,amikacin,32.0,ug/mL,10.0,100.0,2.0,30,0.06666666666666667,0.08888888888888889,log10 per day
kaur,intracellular,amikacin,32.0,ug/mL,10.0,100.0,2.0,60,0.03333333333333333,0.1111111111111111,log10 per day
kaur,intracellular,amikacin,32.0,ug/mL,10.0,100.0,2.0,90,0.022222222222222223,0.17777777777777778,log10 per day
kaur,intracellular,amikacin,32.0,ug/mL,100.0,100.0,3.0,7,0.42857142857142855,0.0,log10 per day
kaur,intracellular,amikacin,32.0,ug/mL,100.0,100.0,3.0,14,0.21428571428571427,0.0,log10 per day
kaur,intracellular,amikacin,32.0,ug/mL,100.0,100.0,3.0,30,0.1,0.06666666666666667,log10 per day
kaur,intracellular,amikacin,32.0,ug/mL,100.0,100.0,3.0,60,0.05,0.08888888888888889,log10 per day
kaur,intracellular,amikacin,32.0,ug/mL,100.0,100.0,3.0,90,0.03333333333333333,0.1111111111111111,log10 per day
kaur,intracellular,amikacin,32.0,ug/mL,1000.0,100.0,4.0,7,0.5714285714285714,0.0,log10 per day
kaur,intracellular,amikacin,32.0,ug/mL,1000.0,100.0,4.0,14,0.2857142857142857,0.0,log10 per day
kaur,intracellular,amikacin,32.0,ug/mL,1000.0,100.0,4.0,30,0.13333333333333333,0.022222222222222223,log10 per day
kaur,intracellular,amikacin,32.0,ug/mL,1000.0,100.0,4.0,60,0.06666666666666667,0.08888888888888889,log10 per day
kaur,intracellular,amikacin,32.0,ug/mL,1000.0,100.0,4.0,90,0.044444444444444446,0.08888888888888889,log10 per day
kaur,intracellular,amikacin,32.0,ug/mL,1.0,10.0,2.0,7,0.2857142857142857,0.0,log10 per day
kaur,intracellular,amikacin,32.0,ug/mL,1.0,10.0,2.0,14,0.14285714285714285,0.022222222222222223,log10 per day
kaur,intracellular,amikacin,32.0,ug/mL,1.0,10.0,2.0,30,0.06666666666666667,0.08888888888888889,log10 per day
kaur,intracellular,amikacin,32.0,ug/mL,1.0,10.0,2.0,60,0.03333333333333333,0.1111111111111111,log10 per day
kaur,intracellular,amikacin,32.0,ug/mL,1.0,10.0,2.0,90,0.022222222222222223,0.17777777777777778,log10 per day
kaur,intracellular,amikacin,32.0,ug/mL,10.0,10.0,3.0,7,0.42857142857142855,0.0,log10 per day
kaur,intracellular,amikacin,32.0,ug/mL,10.0,10.0,3.0,14,0.21428571428571427,0.0,log10 per day
kaur,intracellular,amikacin,32.0,ug/mL,10.0,10.0,3.0,30,0.1,0.06666666666666667,log10 per day
kaur,intracellular,amikacin,32.0,ug/mL,10.0,10.0,3.0,60,0.05,0.08888888888888889,log10 per day
kaur,intracellular,amikacin,32.0,ug/mL,10.0,10.0,3.0,90,0.03333333333333333,0.1111111111111111,log10 per day
kaur,intracellular,amikacin,32.0,ug/mL,100.0,10.0,4.0,7,0.5714285714285714,0.0,log10 per day
kaur,intracellular,amikacin,32.0,ug/mL,100.0,10.0,4.0,14,0.2857142857142857,0.0,log10 per day
kaur,intracellular,amikacin,32.0,ug/mL,100.0,10.0,4.0,30,0.13333333333333333,0.022222222222222223,log10 per day
kaur,intracellular,amikacin,32.0,ug/mL,100.0,10.0,4.0,60,0.06666666666666667,0.08888888888888889,log10 per day
kaur,intracellular,amikacin,32.0,ug/mL,100.0,10.0,4.0,90,0.044444444444444446,0.08888888888888889,log10 per day
kaur,intracellular,amikacin,32.0,ug/mL,1000.0,10.0,5.0,7,0.7142857142857143,0.0,log10 per day
kaur,intracellular,amikacin,32.0,ug/mL,1000.0,10.0,5.0,14,0.35714285714285715,0.0,log10 per day
kaur,intracellular,amikacin,32.0,ug/mL,1000.0,10.0,5.0,30,0.16666666666666666,0.022222222222222223,log10 per day
kaur,intracellular,amikacin,32.0,ug/mL,1000.0,10.0,5.0,60,0.08333333333333333,0.06666666666666667,log10 per day
kaur,intracellular,amikacin,32.0,ug/mL,1000.0,10.0,5.0,90,0.05555555555555555,0.08888888888888889,log10 per day
kaur,intracellular,amikacin,32.0,ug/mL,1.0,2.5,2.6020599913279625,7,0.3717228559039946,0.0,log10 per day
kaur,intracellular,amikacin,32.0,ug/mL,1.0,2.5,2.6020599913279625,14,0.1858614279519973,0.022222222222222223,log10 per day
kaur,intracellular,amikacin,32.0,ug/mL,1.0,2.5,2.6020599913279625,30,0.08673533304426542,0.06666666666666667,log10 per day
kaur,intracellular,amikacin,32.0,ug/mL,1.0,2.5,2.6020599913279625,60,0.04336766652213271,0.1111111111111111,log10 per day
kaur,intracellular,amikacin,32.0,ug/mL,1.0,2.5,2.6020599913279625,90,0.028911777681421804,0.15555555555555556,log10 per day
kaur,intracellular,amikacin,32.0,ug/mL,10.0,2.5,3.6020599913279625,7,0.5145799987611375,0.0,log10 per day
kaur,intracellular,amikacin,32.0,ug/mL,10.0,2.5,3.6020599913279625,14,0.25728999938056873,0.0,log10 per day
kaur,intracellular,amikacin,32.0,ug/mL,10.0,2.5,3.6020599913279625,30,0.12006866637759875,0.044444444444444446,log10 per day
kaur,intracellular,amikacin,32.0,ug/mL,10.0,2.5,3.6020599913279625,60,0.060034333188799374,0.08888888888888889,log10 per day
kaur,intracellular,amikacin,32.0,ug/mL,10.0,2.5,3.6020599913279625,90,0.040022888792532914,0.1111111111111111,log10 per day
kaur,intracellular,amikacin,32.0,ug/mL,100.0,2.5,4.6020599913279625,7,0.6574371416182804,0.0,log10 per day
kaur,intracellular,amikacin,32.0,ug/mL,100.0,2.5,4.6020599913279625,14,0.3287185708091402,0.0,log10 per day
kaur,intracellular,amikacin,32.0,ug/mL,100.0,2.5,4.6020599913279625,30,0.15340199971093207,0.022222222222222223,log10 per day
kaur,intracellular,amikacin,32.0,ug/mL,100.0,2.5,4.6020599913279625,60,0.07670099985546604,0.06666666666666667,log10 per day
kaur,intracellular,amikacin,32.0,ug/mL,100.0,2.5,4.6020599913279625,90,0.05113399990364403,0.08888888888888889,log10 per day
kaur,intracellular,amikacin,32.0,ug/mL,1000.0,2.5,5.6020599913279625,7,0.8002942844754232,0.0,log10 per day
kaur,intracellular,amikacin,32.0,ug/mL,1000.0,2.5,5.6020599913279625,14,0.4001471422377116,0.0,log10 per day
kaur,intracellular,amikacin,32.0,ug/mL,1000.0,2.5,5.6020599913279625,30,0.18673533304426543,0.022222222222222223,log10 per day
kaur,intracellular,amikacin,32.0,ug/mL,1000.0,2.5,5.6020599913279625,60,0.09336766652213271,0.06666666666666667,log10 per day
kaur,intracellular,amikacin,32.0,ug/mL,1000.0,2.5,5.6020599913279625,90,0.06224511101475514,0.08888888888888889,log10 per day
kaur,intracellular,amikacin,64.0,ug/mL,1.0,100.0,1.0,7,0.14285714285714285,0.022222222222222223,log10 per day
kaur,intracellular,amikacin,64.0,ug/mL,1.0,100.0,1.0,14,0.07142857142857142,0.1111111111111111,log10 per day
kaur,intracellular,amikacin,64.0,ug/mL,1.0,100.0,1.0,30,0.03333333333333333,0.2222222222222222,log10 per day
kaur,intracellular,amikacin,64.0,ug/mL,1.0,100.0,1.0,60,0.016666666666666666,0.28888888888888886,log10 per day
kaur,intracellular,amikacin,64.0,ug/mL,1.0,100.0,1.0,90,0.011111111111111112,0.37777777777777777,log10 per day
kaur,intracellular,amikacin,64.0,ug/mL,10.0,100.0,2.0,7,0.2857142857142857,0.0,log10 per day
kaur,intracellular,amikacin,64.0,ug/mL,10.0,100.0,2.0,14,0.14285714285714285,0.022222222222222223,log10 per day
kaur,intracellular,amikacin,64.0,ug/mL,10.0,100.0,2.0,30,0.06666666666666667,0.1111111111111111,log10 per day
kaur,intracellular,amikacin,64.0,ug/mL,10.0,100.0,2.0,60,0.03333333333333333,0.2222222222222222,log10 per day
kaur,intracellular,amikacin,64.0,ug/mL,10.0,100.0,2.0,90,0.022222222222222223,0.2222222222222222,log10 per day
kaur,intracellular,amikacin,64.0,ug/mL,100.0,100.0,3.0,7,0.42857142857142855,0.0,log10 per day
kaur,intracellular,amikacin,64.0,ug/mL,100.0,100.0,3.0,14,0.21428571428571427,0.022222222222222223,log10 per day
kaur,intracellular,amikacin,64.0,ug/mL,100.0,100.0,3.0,30,0.1,0.044444444444444446,log10 per day
kaur,intracellular,amikacin,64.0,ug/mL,100.0,100.0,3.0,60,0.05,0.15555555555555556,log10 per day
kaur,intracellular,amikacin,64.0,ug/mL,100.0,100.0,3.0,90,0.03333333333333333,0.2222222222222222,log10 per day
kaur,intracellular,amikacin,64.0,ug/mL,1000.0,100.0,4.0,7,0.5714285714285714,0.0,log10 per day
kaur,intracellular,amikacin,64.0,ug/mL,1000.0,100.0,4.0,14,0.2857142857142857,0.0,log10 per day
kaur,intracellular,amikacin,64.0,ug/mL,1000.0,100.0,4.0,30,0.13333333333333333,0.022222222222222223,log10 per day
kaur,intracellular,amikacin,64.0,ug/mL,1000.0,100.0,4.0,60,0.06666666666666667,0.1111111111111111,log10 per day
kaur,intracellular,amikacin,64.0,ug/mL,1000.0,100.0,4.0,90,0.044444444444444446,0.2,log10 per day
kaur,intracellular,amikacin,64.0,ug/mL,1.0,10.0,2.0,7,0.2857142857142857,0.0,log10 per day
kaur,intracellular,amikacin,64.0,ug/mL,1.0,10.0,2.0,14,0.14285714285714285,0.022222222222222223,log10 per day
kaur,intracellular,amikacin,64.0,ug/mL,1.0,10.0,2.0,30,0.06666666666666667,0.1111111111111111,log10 per day
kaur,intracellular,amikacin,64.0,ug/mL,1.0,10.0,2.0,60,0.03333333333333333,0.2222222222222222,log10 per day
kaur,intracellular,amikacin,64.0,ug/mL,1.0,10.0,2.0,90,0.022222222222222223,0.2222222222222222,log10 per day
kaur,intracellular,amikacin,64.0,ug/mL,10.0,10.0,3.0,7,0.42857142857142855,0.0,log10 per day
kaur,intracellular,amikacin,64.0,ug/mL,10.0,10.0,3.0,14,0.21428571428571427,0.022222222222222223,log10 per day
kaur,intracellular,amikacin,64.0,ug/mL,10.0,10.0,3.0,30,0.1,0.044444444444444446,log10 per day
kaur,intracellular,amikacin,64.0,ug/mL,10.0,10.0,3.0,60,0.05,0.15555555555555556,log10 per day
kaur,intracellular,amikacin,64.0,ug/mL,10.0,10.0,3.0,90,0.03333333333333333,0.2222222222222222,log10 per day
kaur,intracellular,amikacin,64.0,ug/mL,100.0,10.0,4.0,7,0.5714285714285714,0.0,log10 per day
kaur,intracellular,amikacin,64.0,ug/mL,100.0,10.0,4.0,14,0.2857142857142857,0.0,log10 per day
kaur,intracellular,amikacin,64.0,ug/mL,100.0,10.0,4.0,30,0.13333333333333333,0.022222222222222223,log10 per day
kaur,intracellular,amikacin,64.0,ug/mL,100.0,10.0,4.0,60,0.06666666666666667,0.1111111111111111,log10 per day
kaur,intracellular,amikacin,64.0,ug/mL,100.0,10.0,4.0,90,0.044444444444444446,0.2,log10 per day
kaur,intracellular,amikacin,64.0,ug/mL,1000.0,10.0,5.0,7,0.7142857142857143,0.0,log10 per day
kaur,intracellular,amikacin,64.0,ug/mL,1000.0,10.0,5.0,14,0.35714285714285715,0.0,log10 per day
kaur,intracellular,amikacin,64.0,ug/mL,1000.0,10.0,5.0,30,0.16666666666666666,0.022222222222222223,log10 per day
kaur,intracellular,amikacin,64.0,ug/mL,1000.0,10.0,5.0,60,0.08333333333333333,0.044444444444444446,log10 per day
kaur,intracellular,amikacin,64.0,ug/mL,1000.0,10.0,5.0,90,0.05555555555555555,0.13333333333333333,log10 per day
kaur,intracellular,amikacin,64.0,ug/mL,1.0,2.5,2.6020599913279625,7,0.3717228559039946,0.0,log10 per day
kaur,intracellular,amikacin,64.0,ug/mL,1.0,2.5,2.6020599913279625,14,0.1858614279519973,0.022222222222222223,log10 per day
kaur,intracellular,amikacin,64.0,ug/mL,1.0,2.5,2.6020599913279625,30,0.08673533304426542,0.044444444444444446,log10 per day
kaur,intracellular,amikacin,64.0,ug/mL,1.0,2.5,2.6020599913279625,60,0.04336766652213271,0.2,log10 per day
kaur,intracellular,amikacin,64.0,ug/mL,1.0,2.5,2.6020599913279625,90,0.028911777681421804,0.2222222222222222,log10 per day
kaur,intracellular,amikacin,64.0,ug/mL,10.0,2.5,3.6020599913279625,7,0.5145799987611375,0.0,log10 per day
kaur,intracellular,amikacin,64.0,ug/mL,10.0,2.5,3.6020599913279625,14,0.25728999938056873,0.0,log10 per day
kaur,intracellular,amikacin,64.0,ug/mL,10.0,2.5,3.6020599913279625,30,0.12006866637759875,0.044444444444444446,log10 per day
kaur,intracellular,amikacin,64.0,ug/mL,10.0,2.5,3.6020599913279625,60,0.060034333188799374,0.13333333333333333,log10 per day
kaur,intracellular,amikacin,64.0,ug/mL,10.0,2.5,3.6020599913279625,90,0.040022888792532914,0.2,log10 per day
kaur,intracellular,amikacin,64.0,ug/mL,100.0,2.5,4.6020599913279625,7,0.6574371416182804,0.0,log10 per day
kaur,intracellular,amikacin,64.0,ug/mL,100.0,2.5,4.6020599913279625,14,0.3287185708091402,0.0,log10 per day
kaur,intracellular,amikacin,64.0,ug/mL,100.0,2.5,4.6020599913279625,30,0.15340199971093207,0.022222222222222223,log10 per day
kaur,intracellular,amikacin,64.0,ug/mL,100.0,2.5,4.6020599913279625,60,0.07670099985546604,0.08888888888888889,log10 per day
kaur,intracellular,amikacin,64.0,ug/mL,100.0,2.5,4.6020599913279625,90,0.05113399990364403,0.15555555555555556,log10 per day
kaur,intracellular,amikacin,64.0,ug/mL,1000.0,2.5,5.6020599913279625,7,0.8002942844754232,0.0,log10 per day
kaur,intracellular,amikacin,64.0,ug/mL,1000.0,2.5,5.6020599913279625,14,0.4001471422377116,0.0,log10 per day
kaur,intracellular,amikacin,64.0,ug/mL,1000.0,2.5,5.6020599913279625,30,0.18673533304426543,0.022222222222222223,log10 per day
kaur,intracellular,amikacin,64.0,ug/mL,1000.0,2.5,5.6020599913279625,60,0.09336766652213271,0.044444444444444446,log10 per day
kaur,intracellular,amikacin,64.0,ug/mL,1000.0,2.5,5.6020599913279625,90,0.06224511101475514,0.1111111111111111,log10 per day
kaur,intracellular,amikacin,128.0,ug/mL,1.0,100.0,1.0,7,0.14285714285714285,0.044444444444444446,log10 per day
kaur,intracellular,amikacin,128.0,ug/mL,1.0,100.0,1.0,14,0.07142857142857142,0.17777777777777778,log10 per day
kaur,intracellular,amikacin,128.0,ug/mL,1.0,100.0,1.0,30,0.03333333333333333,0.3333333333333333,log10 per day
kaur,intracellular,amikacin,128.0,ug/mL,1.0,100.0,1.0,60,0.016666666666666666,0.4222222222222222,log10 per day
kaur,intracellular,amikacin,128.0,ug/mL,1.0,100.0,1.0,90,0.011111111111111112,0.4444444444444444,log10 per day
kaur,intracellular,amikacin,128.0,ug/mL,10.0,100.0,2.0,7,0.2857142857142857,0.0,log10 per day
kaur,intracellular,amikacin,128.0,ug/mL,10.0,100.0,2.0,14,0.14285714285714285,0.044444444444444446,log10 per day
kaur,intracellular,amikacin,128.0,ug/mL,10.0,100.0,2.0,30,0.06666666666666667,0.17777777777777778,log10 per day
kaur,intracellular,amikacin,128.0,ug/mL,10.0,100.0,2.0,60,0.03333333333333333,0.3333333333333333,log10 per day
kaur,intracellular,amikacin,128.0,ug/mL,10.0,100.0,2.0,90,0.022222222222222223,0.4222222222222222,log10 per day
kaur,intracellular,amikacin,128.0,ug/mL,100.0,100.0,3.0,7,0.42857142857142855,0.0,log10 per day
kaur,intracellular,amikacin,128.0,ug/mL,100.0,100.0,3.0,14,0.21428571428571427,0.0,log10 per day
kaur,intracellular,amikacin,128.0,ug/mL,100.0,100.0,3.0,30,0.1,0.06666666666666667,log10 per day
kaur,intracellular,amikacin,128.0,ug/mL,100.0,100.0,3.0,60,0.05,0.2222222222222222,log10 per day
kaur,intracellular,amikacin,128.0,ug/mL,100.0,100.0,3.0,90,0.03333333333333333,0.3333333333333333,log10 per day
kaur,intracellular,amikacin,128.0,ug/mL,1000.0,100.0,4.0,7,0.5714285714285714,0.0,log10 per day
kaur,intracellular,amikacin,128.0,ug/mL,1000.0,100.0,4.0,14,0.2857142857142857,0.0,log10 per day
kaur,intracellular,amikacin,128.0,ug/mL,1000.0,100.0,4.0,30,0.13333333333333333,0.044444444444444446,log10 per day
kaur,intracellular,amikacin,128.0,ug/mL,1000.0,100.0,4.0,60,0.06666666666666667,0.17777777777777778,log10 per day
kaur,intracellular,amikacin,128.0,ug/mL,1000.0,100.0,4.0,90,0.044444444444444446,0.24444444444444444,log10 per day
kaur,intracellular,amikacin,128.0,ug/mL,1.0,10.0,2.0,7,0.2857142857142857,0.0,log10 per day
kaur,intracellular,amikacin,128.0,ug/mL,1.0,10.0,2.0,14,0.14285714285714285,0.044444444444444446,log10 per day
kaur,intracellular,amikacin,128.0,ug/mL,1.0,10.0,2.0,30,0.06666666666666667,0.17777777777777778,log10 per day
kaur,intracellular,amikacin,128.0,ug/mL,1.0,10.0,2.0,60,0.03333333333333333,0.3333333333333333,log10 per day
kaur,intracellular,amikacin,128.0,ug/mL,1.0,10.0,2.0,90,0.022222222222222223,0.4222222222222222,log10 per day
kaur,intracellular,amikacin,128.0,ug/mL,10.0,10.0,3.0,7,0.42857142857142855,0.0,log10 per day
kaur,intracellular,amikacin,128.0,ug/mL,10.0,10.0,3.0,14,0.21428571428571427,0.0,log10 per day
kaur,intracellular,amikacin,128.0,ug/mL,10.0,10.0,3.0,30,0.1,0.06666666666666667,log10 per day
kaur,intracellular,amikacin,128.0,ug/mL,10.0,10.0,3.0,60,0.05,0.2222222222222222,log10 per day
kaur,intracellular,amikacin,128.0,ug/mL,10.0,10.0,3.0,90,0.03333333333333333,0.3333333333333333,log10 per day
kaur,intracellular,amikacin,128.0,ug/mL,100.0,10.0,4.0,7,0.5714285714285714,0.0,log10 per day
kaur,intracellular,amikacin,128.0,ug/mL,100.0,10.0,4.0,14,0.2857142857142857,0.0,log10 per day
kaur,intracellular,amikacin,128.0,ug/mL,100.0,10.0,4.0,30,0.13333333333333333,0.044444444444444446,log10 per day
kaur,intracellular,amikacin,128.0,ug/mL,100.0,10.0,4.0,60,0.06666666666666667,0.17777777777777778,log10 per day
kaur,intracellular,amikacin,128.0,ug/mL,100.0,10.0,4.0,90,0.044444444444444446,0.24444444444444444,log10 per day
kaur,intracellular,amikacin,128.0,ug/mL,1000.0,10.0,5.0,7,0.7142857142857143,0.0,log10 per day
kaur,intracellular,amikacin,128.0,ug/mL,1000.0,10.0,5.0,14,0.35714285714285715,0.0,log10 per day
kaur,intracellular,amikacin,128.0,ug/mL,1000.0,10.0,5.0,30,0.16666666666666666,0.022222222222222223,log10 per day
kaur,intracellular,amikacin,128.0,ug/mL,1000.0,10.0,5.0,60,0.08333333333333333,0.1111111111111111,log10 per day
kaur,intracellular,amikacin,128.0,ug/mL,1000.0,10.0,5.0,90,0.05555555555555555,0.2222222222222222,log10 per day
kaur,intracellular,amikacin,128.0,ug/mL,1.0,2.5,2.6020599913279625,7,0.3717228559039946,0.0,log10 per day
kaur,intracellular,amikacin,128.0,ug/mL,1.0,2.5,2.6020599913279625,14,0.1858614279519973,0.022222222222222223,log10 per day
kaur,intracellular,amikacin,128.0,ug/mL,1.0,2.5,2.6020599913279625,30,0.08673533304426542,0.08888888888888889,log10 per day
kaur,intracellular,amikacin,128.0,ug/mL,1.0,2.5,2.6020599913279625,60,0.04336766652213271,0.24444444444444444,log10 per day
kaur,intracellular,amikacin,128.0,ug/mL,1.0,2.5,2.6020599913279625,90,0.028911777681421804,0.37777777777777777,log10 per day
kaur,intracellular,amikacin,128.0,ug/mL,10.0,2.5,3.6020599913279625,7,0.5145799987611375,0.0,log10 per day
kaur,intracellular,amikacin,128.0,ug/mL,10.0,2.5,3.6020599913279625,14,0.25728999938056873,0.0,log10 per day
kaur,intracellular,amikacin,128.0,ug/mL,10.0,2.5,3.6020599913279625,30,0.12006866637759875,0.044444444444444446,log10 per day
kaur,intracellular,amikacin,128.0,ug/mL,10.0,2.5,3.6020599913279625,60,0.060034333188799374,0.2,log10 per day
kaur,intracellular,amikacin,128.0,ug/mL,10.0,2.5,3.6020599913279625,90,0.040022888792532914,0.3111111111111111,log10 per day
kaur,intracellular,amikacin,128.0,ug/mL,100.0,2.5,4.6020599913279625,7,0.6574371416182804,0.0,log10 per day
kaur,intracellular,amikacin,128.0,ug/mL,100.0,2.5,4.6020599913279625,14,0.3287185708091402,0.0,log10 per day
kaur,intracellular,amikacin,128.0,ug/mL,100.0,2.5,4.6020599913279625,30,0.15340199971093207,0.044444444444444446,log10 per day
kaur,intracellular,amikacin,128.0,ug/mL,100.0,2.5,4.6020599913279625,60,0.07670099985546604,0.17777777777777778,log10 per day
kaur,intracellular,amikacin,128.0,ug/mL,100.0,2.5,4.6020599913279625,90,0.05113399990364403,0.2222222222222222,log10 per day
kaur,intracellular,amikacin,128.0,ug/mL,1000.0,2.5,5.6020599913279625,7,0.8002942844754232,0.0,log10 per day
kaur,intracellular,amikacin,128.0,ug/mL,1000.0,2.5,5.6020599913279625,14,0.4001471422377116,0.0,log10 per day
kaur,intracellular,amikacin,128.0,ug/mL,1000.0,2.5,5.6020599913279625,30,0.18673533304426543,0.022222222222222223,log10 per day
kaur,intracellular,amikacin,128.0,ug/mL,1000.0,2.5,5.6020599913279625,60,0.09336766652213271,0.06666666666666667,log10 per day
kaur,intracellular,amikacin,128.0,ug/mL,1000.0,2.5,5.6020599913279625,90,0.06224511101475514,0.2,log10 per day
kaur,intracellular,apramycin,1.0,ug/mL,1.0,100.0,1.0,7,0.14285714285714285,0.022222222222222223,log10 per day
kaur,intracellular,apramycin,1.0,ug/mL,1.0,100.0,1.0,14,0.07142857142857142,0.08888888888888889,log10 per day
kaur,intracellular,apramycin,1.0,ug/mL,1.0,100.0,1.0,30,0.03333333333333333,0.15555555555555556,log10 per day
kaur,intracellular,apramycin,1.0,ug/mL,1.0,100.0,1.0,60,0.016666666666666666,0.28888888888888886,log10 per day
kaur,intracellular,apramycin,1.0,ug/mL,1.0,100.0,1.0,90,0.011111111111111112,0.3333333333333333,log10 per day
kaur,intracellular,apramycin,1.0,ug/mL,10.0,100.0,2.0,7,0.2857142857142857,0.0,log10 per day
kaur,intracellular,apramycin,1.0,ug/mL,10.0,100.0,2.0,14,0.14285714285714285,0.022222222222222223,log10 per day
kaur,intracellular,apramycin,1.0,ug/mL,10.0,100.0,2.0,30,0.06666666666666667,0.08888888888888889,log10 per day
kaur,intracellular,apramycin,1.0,ug/mL,10.0,100.0,2.0,60,0.03333333333333333,0.15555555555555556,log10 per day
kaur,intracellular,apramycin,1.0,ug/mL,10.0,100.0,2.0,90,0.022222222222222223,0.2,log10 per day
kaur,intracellular,apramycin,1.0,ug/mL,100.0,100.0,3.0,7,0.42857142857142855,0.0,log10 per day
kaur,intracellular,apramycin,1.0,ug/mL,100.0,100.0,3.0,14,0.21428571428571427,0.0,log10 per day
kaur,intracellular,apramycin,1.0,ug/mL,100.0,100.0,3.0,30,0.1,0.044444444444444446,log10 per day
kaur,intracellular,apramycin,1.0,ug/mL,100.0,100.0,3.0,60,0.05,0.13333333333333333,log10 per day
kaur,intracellular,apramycin,1.0,ug/mL,100.0,100.0,3.0,90,0.03333333333333333,0.15555555555555556,log10 per day
kaur,intracellular,apramycin,1.0,ug/mL,1000.0,100.0,4.0,7,0.5714285714285714,0.0,log10 per day
kaur,intracellular,apramycin,1.0,ug/mL,1000.0,100.0,4.0,14,0.2857142857142857,0.0,log10 per day
kaur,intracellular,apramycin,1.0,ug/mL,1000.0,100.0,4.0,30,0.13333333333333333,0.044444444444444446,log10 per day
kaur,intracellular,apramycin,1.0,ug/mL,1000.0,100.0,4.0,60,0.06666666666666667,0.08888888888888889,log10 per day
kaur,intracellular,apramycin,1.0,ug/mL,1000.0,100.0,4.0,90,0.044444444444444446,0.15555555555555556,log10 per day
kaur,intracellular,apramycin,1.0,ug/mL,1.0,10.0,2.0,7,0.2857142857142857,0.0,log10 per day
kaur,intracellular,apramycin,1.0,ug/mL,1.0,10.0,2.0,14,0.14285714285714285,0.022222222222222223,log10 per day
kaur,intracellular,apramycin,1.0,ug/mL,1.0,10.0,2.0,30,0.06666666666666667,0.08888888888888889,log10 per day
kaur,intracellular,apramycin,1.0,ug/mL,1.0,10.0,2.0,60,0.03333333333333333,0.15555555555555556,log10 per day
kaur,intracellular,apramycin,1.0,ug/mL,1.0,10.0,2.0,90,0.022222222222222223,0.2,log10 per day
kaur,intracellular,apramycin,1.0,ug/mL,10.0,10.0,3.0,7,0.42857142857142855,0.0,log10 per day
kaur,intracellular,apramycin,1.0,ug/mL,10.0,10.0,3.0,14,0.21428571428571427,0.0,log10 per day
kaur,intracellular,apramycin,1.0,ug/mL,10.0,10.0,3.0,30,0.1,0.044444444444444446,log10 per day
kaur,intracellular,apramycin,1.0,ug/mL,10.0,10.0,3.0,60,0.05,0.13333333333333333,log10 per day
kaur,intracellular,apramycin,1.0,ug/mL,10.0,10.0,3.0,90,0.03333333333333333,0.15555555555555556,log10 per day
kaur,intracellular,apramycin,1.0,ug/mL,100.0,10.0,4.0,7,0.5714285714285714,0.0,log10 per day
kaur,intracellular,apramycin,1.0,ug/mL,100.0,10.0,4.0,14,0.2857142857142857,0.0,log10 per day
kaur,intracellular,apramycin,1.0,ug/mL,100.0,10.0,4.0,30,0.13333333333333333,0.044444444444444446,log10 per day
kaur,intracellular,apramycin,1.0,ug/mL,100.0,10.0,4.0,60,0.06666666666666667,0.08888888888888889,log10 per day
kaur,intracellular,apramycin,1.0,ug/mL,100.0,10.0,4.0,90,0.044444444444444446,0.15555555555555556,log10 per day
kaur,intracellular,apramycin,1.0,ug/mL,1000.0,10.0,5.0,7,0.7142857142857143,0.0,log10 per day
kaur,intracellular,apramycin,1.0,ug/mL,1000.0,10.0,5.0,14,0.35714285714285715,0.0,log10 per day
kaur,intracellular,apramycin,1.0,ug/mL,1000.0,10.0,5.0,30,0.16666666666666666,0.0,log10 per day
kaur,intracellular,apramycin,1.0,ug/mL,1000.0,10.0,5.0,60,0.08333333333333333,0.06666666666666667,log10 per day
kaur,intracellular,apramycin,1.0,ug/mL,1000.0,10.0,5.0,90,0.05555555555555555,0.1111111111111111,log10 per day
kaur,intracellular,apramycin,1.0,ug/mL,1.0,2.5,2.6020599913279625,7,0.3717228559039946,0.0,log10 per day
kaur,intracellular,apramycin,1.0,ug/mL,1.0,2.5,2.6020599913279625,14,0.1858614279519973,0.0,log10 per day
kaur,intracellular,apramycin,1.0,ug/mL,1.0,2.5,2.6020599913279625,30,0.08673533304426542,0.06666666666666667,log10 per day
kaur,intracellular,apramycin,1.0,ug/mL,1.0,2.5,2.6020599913279625,60,0.04336766652213271,0.15555555555555556,log10 per day
kaur,intracellular,apramycin,1.0,ug/mL,1.0,2.5,2.6020599913279625,90,0.028911777681421804,0.17777777777777778,log10 per day
kaur,intracellular,apramycin,1.0,ug/mL,10.0,2.5,3.6020599913279625,7,0.5145799987611375,0.0,log10 per day
kaur,intracellular,apramycin,1.0,ug/mL,10.0,2.5,3.6020599913279625,14,0.25728999938056873,0.0,log10 per day
kaur,intracellular,apramycin,1.0,ug/mL,10.0,2.5,3.6020599913279625,30,0.12006866637759875,0.044444444444444446,log10 per day
kaur,intracellular,apramycin,1.0,ug/mL,10.0,2.5,3.6020599913279625,60,0.060034333188799374,0.08888888888888889,log10 per day
kaur,intracellular,apramycin,1.0,ug/mL,10.0,2.5,3.6020599913279625,90,0.040022888792532914,0.15555555555555556,log10 per day
kaur,intracellular,apramycin,1.0,ug/mL,100.0,2.5,4.6020599913279625,7,0.6574371416182804,0.0,log10 per day
kaur,intracellular,apramycin,1.0,ug/mL,100.0,2.5,4.6020599913279625,14,0.3287185708091402,0.0,log10 per day
kaur,intracellular,apramycin,1.0,ug/mL,100.0,2.5,4.6020599913279625,30,0.15340199971093207,0.0,log10 per day
kaur,intracellular,apramycin,1.0,ug/mL,100.0,2.5,4.6020599913279625,60,0.07670099985546604,0.08888888888888889,log10 per day
kaur,intracellular,apramycin,1.0,ug/mL,100.0,2.5,4.6020599913279625,90,0.05113399990364403,0.13333333333333333,log10 per day
kaur,intracellular,apramycin,1.0,ug/mL,1000.0,2.5,5.6020599913279625,7,0.8002942844754232,0.0,log10 per day
kaur,intracellular,apramycin,1.0,ug/mL,1000.0,2.5,5.6020599913279625,14,0.4001471422377116,0.0,log10 per day
kaur,intracellular,apramycin,1.0,ug/mL,1000.0,2.5,5.6020599913279625,30,0.18673533304426543,0.0,log10 per day
kaur,intracellular,apramycin,1.0,ug/mL,1000.0,2.5,5.6020599913279625,60,0.09336766652213271,0.06666666666666667,log10 per day
kaur,intracellular,apramycin,1.0,ug/mL,1000.0,2.5,5.6020599913279625,90,0.06224511101475514,0.08888888888888889,log10 per day
kaur,intracellular,apramycin,2.0,ug/mL,1.0,100.0,1.0,7,0.14285714285714285,0.06666666666666667,log10 per day
kaur,intracellular,apramycin,2.0,ug/mL,1.0,100.0,1.0,14,0.07142857142857142,0.2,log10 per day
kaur,intracellular,apramycin,2.0,ug/mL,1.0,100.0,1.0,30,0.03333333333333333,0.35555555555555557,log10 per day
kaur,intracellular,apramycin,2.0,ug/mL,1.0,100.0,1.0,60,0.016666666666666666,0.4222222222222222,log10 per day
kaur,intracellular,apramycin,2.0,ug/mL,1.0,100.0,1.0,90,0.011111111111111112,0.4222222222222222,log10 per day
kaur,intracellular,apramycin,2.0,ug/mL,10.0,100.0,2.0,7,0.2857142857142857,0.0,log10 per day
kaur,intracellular,apramycin,2.0,ug/mL,10.0,100.0,2.0,14,0.14285714285714285,0.06666666666666667,log10 per day
kaur,intracellular,apramycin,2.0,ug/mL,10.0,100.0,2.0,30,0.06666666666666667,0.2,log10 per day
kaur,intracellular,apramycin,2.0,ug/mL,10.0,100.0,2.0,60,0.03333333333333333,0.35555555555555557,log10 per day
kaur,intracellular,apramycin,2.0,ug/mL,10.0,100.0,2.0,90,0.022222222222222223,0.4222222222222222,log10 per day
kaur,intracellular,apramycin,2.0,ug/mL,100.0,100.0,3.0,7,0.42857142857142855,0.0,log10 per day
kaur,intracellular,apramycin,2.0,ug/mL,100.0,100.0,3.0,14,0.21428571428571427,0.0,log10 per day
kaur,intracellular,apramycin,2.0,ug/mL,100.0,100.0,3.0,30,0.1,0.13333333333333333,log10 per day
kaur,intracellular,apramycin,2.0,ug/mL,100.0,100.0,3.0,60,0.05,0.26666666666666666,log10 per day
kaur,intracellular,apramycin,2.0,ug/mL,100.0,100.0,3.0,90,0.03333333333333333,0.35555555555555557,log10 per day
kaur,intracellular,apramycin,2.0,ug/mL,1000.0,100.0,4.0,7,0.5714285714285714,0.0,log10 per day
kaur,intracellular,apramycin,2.0,ug/mL,1000.0,100.0,4.0,14,0.2857142857142857,0.0,log10 per day
kaur,intracellular,apramycin,2.0,ug/mL,1000.0,100.0,4.0,30,0.13333333333333333,0.08888888888888889,log10 per day
kaur,intracellular,apramycin,2.0,ug/mL,1000.0,100.0,4.0,60,0.06666666666666667,0.2,log10 per day
kaur,intracellular,apramycin,2.0,ug/mL,1000.0,100.0,4.0,90,0.044444444444444446,0.3333333333333333,log10 per day
kaur,intracellular,apramycin,2.0,ug/mL,1.0,10.0,2.0,7,0.2857142857142857,0.0,log10 per day
kaur,intracellular,apramycin,2.0,ug/mL,1.0,10.0,2.0,14,0.14285714285714285,0.06666666666666667,log10 per day
kaur,intracellular,apramycin,2.0,ug/mL,1.0,10.0,2.0,30,0.06666666666666667,0.2,log10 per day
kaur,intracellular,apramycin,2.0,ug/mL,1.0,10.0,2.0,60,0.03333333333333333,0.35555555555555557,log10 per day
kaur,intracellular,apramycin,2.0,ug/mL,1.0,10.0,2.0,90,0.022222222222222223,0.4222222222222222,log10 per day
kaur,intracellular,apramycin,2.0,ug/mL,10.0,10.0,3.0,7,0.42857142857142855,0.0,log10 per day
kaur,intracellular,apramycin,2.0,ug/mL,10.0,10.0,3.0,14,0.21428571428571427,0.0,log10 per day
kaur,intracellular,apramycin,2.0,ug/mL,10.0,10.0,3.0,30,0.1,0.13333333333333333,log10 per day
kaur,intracellular,apramycin,2.0,ug/mL,10.0,10.0,3.0,60,0.05,0.26666666666666666,log10 per day
kaur,intracellular,apramycin,2.0,ug/mL,10.0,10.0,3.0,90,0.03333333333333333,0.35555555555555557,log10 per day
kaur,intracellular,apramycin,2.0,ug/mL,100.0,10.0,4.0,7,0.5714285714285714,0.0,log10 per day
kaur,intracellular,apramycin,2.0,ug/mL,100.0,10.0,4.0,14,0.2857142857142857,0.0,log10 per day
kaur,intracellular,apramycin,2.0,ug/mL,100.0,10.0,4.0,30,0.13333333333333333,0.08888888888888889,log10 per day
kaur,intracellular,apramycin,2.0,ug/mL,100.0,10.0,4.0,60,0.06666666666666667,0.2,log10 per day
kaur,intracellular,apramycin,2.0,ug/mL,100.0,10.0,4.0,90,0.044444444444444446,0.3333333333333333,log10 per day
kaur,intracellular,apramycin,2.0,ug/mL,1000.0,10.0,5.0,7,0.7142857142857143,0.0,log10 per day
kaur,intracellular,apramycin,2.0,ug/mL,1000.0,10.0,5.0,14,0.35714285714285715,0.0,log10 per day
kaur,intracellular,apramycin,2.0,ug/mL,1000.0,10.0,5.0,30,0.16666666666666666,0.044444444444444446,log10 per day
kaur,intracellular,apramycin,2.0,ug/mL,1000.0,10.0,5.0,60,0.08333333333333333,0.17777777777777778,log10 per day
kaur,intracellular,apramycin,2.0,ug/mL,1000.0,10.0,5.0,90,0.05555555555555555,0.26666666666666666,log10 per day
kaur,intracellular,apramycin,2.0,ug/mL,1.0,2.5,2.6020599913279625,7,0.3717228559039946,0.0,log10 per day
kaur,intracellular,apramycin,2.0,ug/mL,1.0,2.5,2.6020599913279625,14,0.1858614279519973,0.022222222222222223,log10 per day
kaur,intracellular,apramycin,2.0,ug/mL,1.0,2.5,2.6020599913279625,30,0.08673533304426542,0.17777777777777778,log10 per day
kaur,intracellular,apramycin,2.0,ug/mL,1.0,2.5,2.6020599913279625,60,0.04336766652213271,0.3333333333333333,log10 per day
kaur,intracellular,apramycin,2.0,ug/mL,1.0,2.5,2.6020599913279625,90,0.028911777681421804,0.35555555555555557,log10 per day
kaur,intracellular,apramycin,2.0,ug/mL,10.0,2.5,3.6020599913279625,7,0.5145799987611375,0.0,log10 per day
kaur,intracellular,apramycin,2.0,ug/mL,10.0,2.5,3.6020599913279625,14,0.25728999938056873,0.0,log10 per day
kaur,intracellular,apramycin,2.0,ug/mL,10.0,2.5,3.6020599913279625,30,0.12006866637759875,0.1111111111111111,log10 per day
kaur,intracellular,apramycin,2.0,ug/mL,10.0,2.5,3.6020599913279625,60,0.060034333188799374,0.26666666666666666,log10 per day
kaur,intracellular,apramycin,2.0,ug/mL,10.0,2.5,3.6020599913279625,90,0.040022888792532914,0.35555555555555557,log10 per day
kaur,intracellular,apramycin,2.0,ug/mL,100.0,2.5,4.6020599913279625,7,0.6574371416182804,0.0,log10 per day
kaur,intracellular,apramycin,2.0,ug/mL,100.0,2.5,4.6020599913279625,14,0.3287185708091402,0.0,log10 per day
kaur,intracellular,apramycin,2.0,ug/mL,100.0,2.5,4.6020599913279625,30,0.15340199971093207,0.06666666666666667,log10 per day
kaur,intracellular,apramycin,2.0,ug/mL,100.0,2.5,4.6020599913279625,60,0.07670099985546604,0.17777777777777778,log10 per day
kaur,intracellular,apramycin,2.0,ug/mL,100.0,2.5,4.6020599913279625,90,0.05113399990364403,0.26666666666666666,log10 per day
kaur,intracellular,apramycin,2.0,ug/mL,1000.0,2.5,5.6020599913279625,7,0.8002942844754232,0.0,log10 per day
kaur,intracellular,apramycin,2.0,ug/mL,1000.0,2.5,5.6020599913279625,14,0.4001471422377116,0.0,log10 per day
kaur,intracellular,apramycin,2.0,ug/mL,1000.0,2.5,5.6020599913279625,30,0.18673533304426543,0.022222222222222223,log10 per day
kaur,intracellular,apramycin,2.0,ug/mL,1000.0,2.5,5.6020599913279625,60,0.09336766652213271,0.15555555555555556,log10 per day
kaur,intracellular,apramycin,2.0,ug/mL,1000.0,2.5,5.6020599913279625,90,0.06224511101475514,0.24444444444444444,log10 per day
kaur,intracellular,apramycin,4.0,ug/mL,1.0,100.0,1.0,7,0.14285714285714285,0.13333333333333333,log10 per day
kaur,intracellular,apramycin,4.0,ug/mL,1.0,100.0,1.0,14,0.07142857142857142,0.4444444444444444,log10 per day
kaur,intracellular,apramycin,4.0,ug/mL,1.0,100.0,1.0,30,0.03333333333333333,0.7111111111111111,log10 per day
kaur,intracellular,apramycin,4.0,ug/mL,1.0,100.0,1.0,60,0.016666666666666666,0.8,log10 per day
kaur,intracellular,apramycin,4.0,ug/mL,1.0,100.0,1.0,90,0.011111111111111112,0.8444444444444444,log10 per day
kaur,intracellular,apramycin,4.0,ug/mL,10.0,100.0,2.0,7,0.2857142857142857,0.022222222222222223,log10 per day
kaur,intracellular,apramycin,4.0,ug/mL,10.0,100.0,2.0,14,0.14285714285714285,0.13333333333333333,log10 per day
kaur,intracellular,apramycin,4.0,ug/mL,10.0,100.0,2.0,30,0.06666666666666667,0.4444444444444444,log10 per day
kaur,intracellular,apramycin,4.0,ug/mL,10.0,100.0,2.0,60,0.03333333333333333,0.7111111111111111,log10 per day
kaur,intracellular,apramycin,4.0,ug/mL,10.0,100.0,2.0,90,0.022222222222222223,0.7777777777777778,log10 per day
kaur,intracellular,apramycin,4.0,ug/mL,100.0,100.0,3.0,7,0.42857142857142855,0.0,log10 per day
kaur,intracellular,apramycin,4.0,ug/mL,100.0,100.0,3.0,14,0.21428571428571427,0.044444444444444446,log10 per day
kaur,intracellular,apramycin,4.0,ug/mL,100.0,100.0,3.0,30,0.1,0.28888888888888886,log10 per day
kaur,intracellular,apramycin,4.0,ug/mL,100.0,100.0,3.0,60,0.05,0.5777777777777777,log10 per day
kaur,intracellular,apramycin,4.0,ug/mL,100.0,100.0,3.0,90,0.03333333333333333,0.7111111111111111,log10 per day
kaur,intracellular,apramycin,4.0,ug/mL,1000.0,100.0,4.0,7,0.5714285714285714,0.0,log10 per day
kaur,intracellular,apramycin,4.0,ug/mL,1000.0,100.0,4.0,14,0.2857142857142857,0.022222222222222223,log10 per day
kaur,intracellular,apramycin,4.0,ug/mL,1000.0,100.0,4.0,30,0.13333333333333333,0.17777777777777778,log10 per day
kaur,intracellular,apramycin,4.0,ug/mL,1000.0,100.0,4.0,60,0.06666666666666667,0.4444444444444444,log10 per day
kaur,intracellular,apramycin,4.0,ug/mL,1000.0,100.0,4.0,90,0.044444444444444446,0.6444444444444445,log10 per day
kaur,intracellular,apramycin,4.0,ug/mL,1.0,10.0,2.0,7,0.2857142857142857,0.022222222222222223,log10 per day
kaur,intracellular,apramycin,4.0,ug/mL,1.0,10.0,2.0,14,0.14285714285714285,0.13333333333333333,log10 per day
kaur,intracellular,apramycin,4.0,ug/mL,1.0,10.0,2.0,30,0.06666666666666667,0.4444444444444444,log10 per day
kaur,intracellular,apramycin,4.0,ug/mL,1.0,10.0,2.0,60,0.03333333333333333,0.7111111111111111,log10 per day
kaur,intracellular,apramycin,4.0,ug/mL,1.0,10.0,2.0,90,0.022222222222222223,0.7777777777777778,log10 per day
kaur,intracellular,apramycin,4.0,ug/mL,10.0,10.0,3.0,7,0.42857142857142855,0.0,log10 per day
kaur,intracellular,apramycin,4.0,ug/mL,10.0,10.0,3.0,14,0.21428571428571427,0.044444444444444446,log10 per day
kaur,intracellular,apramycin,4.0,ug/mL,10.0,10.0,3.0,30,0.1,0.28888888888888886,log10 per day
kaur,intracellular,apramycin,4.0,ug/mL,10.0,10.0,3.0,60,0.05,0.5777777777777777,log10 per day
kaur,intracellular,apramycin,4.0,ug/mL,10.0,10.0,3.0,90,0.03333333333333333,0.7111111111111111,log10 per day
kaur,intracellular,apramycin,4.0,ug/mL,100.0,10.0,4.0,7,0.5714285714285714,0.0,log10 per day
kaur,intracellular,apramycin,4.0,ug/mL,100.0,10.0,4.0,14,0.2857142857142857,0.022222222222222223,log10 per day
kaur,intracellular,apramycin,4.0,ug/mL,100.0,10.0,4.0,30,0.13333333333333333,0.17777777777777778,log10 per day
kaur,intracellular,apramycin,4.0,ug/mL,100.0,10.0,4.0,60,0.06666666666666667,0.4444444444444444,log10 per day
kaur,intracellular,apramycin,4.0,ug/mL,100.0,10.0,4.0,90,0.044444444444444446,0.6444444444444445,log10 per day
kaur,intracellular,apramycin,4.0,ug/mL,1000.0,10.0,5.0,7,0.7142857142857143,0.0,log10 per day
kaur,intracellular,apramycin,4.0,ug/mL,1000.0,10.0,5.0,14,0.35714285714285715,0.022222222222222223,log10 per day
kaur,intracellular,apramycin,4.0,ug/mL,1000.0,10.0,5.0,30,0.16666666666666666,0.06666666666666667,log10 per day
kaur,intracellular,apramycin,4.0,ug/mL,1000.0,10.0,5.0,60,0.08333333333333333,0.4,log10 per day
kaur,intracellular,apramycin,4.0,ug/mL,1000.0,10.0,5.0,90,0.05555555555555555,0.5777777777777777,log10 per day
kaur,intracellular,apramycin,4.0,ug/mL,1.0,2.5,2.6020599913279625,7,0.3717228559039946,0.022222222222222223,log10 per day
kaur,intracellular,apramycin,4.0,ug/mL,1.0,2.5,2.6020599913279625,14,0.1858614279519973,0.06666666666666667,log10 per day
kaur,intracellular,apramycin,4.0,ug/mL,1.0,2.5,2.6020599913279625,30,0.08673533304426542,0.4,log10 per day
kaur,intracellular,apramycin,4.0,ug/mL,1.0,2.5,2.6020599913279625,60,0.04336766652213271,0.6444444444444445,log10 per day
kaur,intracellular,apramycin,4.0,ug/mL,1.0,2.5,2.6020599913279625,90,0.028911777681421804,0.7555555555555555,log10 per day
kaur,intracellular,apramycin,4.0,ug/mL,10.0,2.5,3.6020599913279625,7,0.5145799987611375,0.0,log10 per day
kaur,intracellular,apramycin,4.0,ug/mL,10.0,2.5,3.6020599913279625,14,0.25728999938056873,0.022222222222222223,log10 per day
kaur,intracellular,apramycin,4.0,ug/mL,10.0,2.5,3.6020599913279625,30,0.12006866637759875,0.2222222222222222,log10 per day
kaur,intracellular,apramycin,4.0,ug/mL,10.0,2.5,3.6020599913279625,60,0.060034333188799374,0.5111111111111111,log10 per day
kaur,intracellular,apramycin,4.0,ug/mL,10.0,2.5,3.6020599913279625,90,0.040022888792532914,0.6444444444444445,log10 per day
kaur,intracellular,apramycin,4.0,ug/mL,100.0,2.5,4.6020599913279625,7,0.6574371416182804,0.0,log10 per day
kaur,intracellular,apramycin,4.0,ug/mL,100.0,2.5,4.6020599913279625,14,0.3287185708091402,0.022222222222222223,log10 per day
kaur,intracellular,apramycin,4.0,ug/mL,100.0,2.5,4.6020599913279625,30,0.15340199971093207,0.06666666666666667,log10 per day
kaur,intracellular,apramycin,4.0,ug/mL,100.0,2.5,4.6020599913279625,60,0.07670099985546604,0.4,log10 per day
kaur,intracellular,apramycin,4.0,ug/mL,100.0,2.5,4.6020599913279625,90,0.05113399990364403,0.5777777777777777,log10 per day
kaur,intracellular,apramycin,4.0,ug/mL,1000.0,2.5,5.6020599913279625,7,0.8002942844754232,0.0,log10 per day
kaur,intracellular,apramycin,4.0,ug/mL,1000.0,2.5,5.6020599913279625,14,0.4001471422377116,0.022222222222222223,log10 per day
kaur,intracellular,apramycin,4.0,ug/mL,1000.0,2.5,5.6020599913279625,30,0.18673533304426543,0.06666666666666667,log10 per day
kaur,intracellular,apramycin,4.0,ug/mL,1000.0,2.5,5.6020599913279625,60,0.09336766652213271,0.35555555555555557,log10 per day
kaur,intracellular,apramycin,4.0,ug/mL,1000.0,2.5,5.6020599913279625,90,0.06224511101475514,0.5111111111111111,log10 per day
kaur,intracellular,apramycin,8.0,ug/mL,1.0,100.0,1.0,7,0.14285714285714285,0.4666666666666667,log10 per day
kaur,intracellular,apramycin,8.0,ug/mL,1.0,100.0,1.0,14,0.07142857142857142,0.7777777777777778,log10 per day
kaur,intracellular,apramycin,8.0,ug/mL,1.0,100.0,1.0,30,0.03333333333333333,0.8666666666666667,log10 per day
kaur,intracellular,apramycin,8.0,ug/mL,1.0,100.0,1.0,60,0.016666666666666666,0.9111111111111111,log10 per day
kaur,intracellular,apramycin,8.0,ug/mL,1.0,100.0,1.0,90,0.011111111111111112,0.9333333333333333,log10 per day
kaur,intracellular,apramycin,8.0,ug/mL,10.0,100.0,2.0,7,0.2857142857142857,0.022222222222222223,log10 per day
kaur,intracellular,apramycin,8.0,ug/mL,10.0,100.0,2.0,14,0.14285714285714285,0.4666666666666667,log10 per day
kaur,intracellular,apramycin,8.0,ug/mL,10.0,100.0,2.0,30,0.06666666666666667,0.7777777777777778,log10 per day
kaur,intracellular,apramycin,8.0,ug/mL,10.0,100.0,2.0,60,0.03333333333333333,0.8666666666666667,log10 per day
kaur,intracellular,apramycin,8.0,ug/mL,10.0,100.0,2.0,90,0.022222222222222223,0.9111111111111111,log10 per day
kaur,intracellular,apramycin,8.0,ug/mL,100.0,100.0,3.0,7,0.42857142857142855,0.0,log10 per day
kaur,intracellular,apramycin,8.0,ug/mL,100.0,100.0,3.0,14,0.21428571428571427,0.1111111111111111,log10 per day
kaur,intracellular,apramycin,8.0,ug/mL,100.0,100.0,3.0,30,0.1,0.6444444444444445,log10 per day
kaur,intracellular,apramycin,8.0,ug/mL,100.0,100.0,3.0,60,0.05,0.8,log10 per day
kaur,intracellular,apramycin,8.0,ug/mL,100.0,100.0,3.0,90,0.03333333333333333,0.8666666666666667,log10 per day
kaur,intracellular,apramycin,8.0,ug/mL,1000.0,100.0,4.0,7,0.5714285714285714,0.0,log10 per day
kaur,intracellular,apramycin,8.0,ug/mL,1000.0,100.0,4.0,14,0.2857142857142857,0.022222222222222223,log10 per day
kaur,intracellular,apramycin,8.0,ug/mL,1000.0,100.0,4.0,30,0.13333333333333333,0.5111111111111111,log10 per day
kaur,intracellular,apramycin,8.0,ug/mL,1000.0,100.0,4.0,60,0.06666666666666667,0.7777777777777778,log10 per day
kaur,intracellular,apramycin,8.0,ug/mL,1000.0,100.0,4.0,90,0.044444444444444446,0.8,log10 per day
kaur,intracellular,apramycin,8.0,ug/mL,1.0,10.0,2.0,7,0.2857142857142857,0.022222222222222223,log10 per day
kaur,intracellular,apramycin,8.0,ug/mL,1.0,10.0,2.0,14,0.14285714285714285,0.4666666666666667,log10 per day
kaur,intracellular,apramycin,8.0,ug/mL,1.0,10.0,2.0,30,0.06666666666666667,0.7777777777777778,log10 per day
kaur,intracellular,apramycin,8.0,ug/mL,1.0,10.0,2.0,60,0.03333333333333333,0.8666666666666667,log10 per day
kaur,intracellular,apramycin,8.0,ug/mL,1.0,10.0,2.0,90,0.022222222222222223,0.9111111111111111,log10 per day
kaur,intracellular,apramycin,8.0,ug/mL,10.0,10.0,3.0,7,0.42857142857142855,0.0,log10 per day
kaur,intracellular,apramycin,8.0,ug/mL,10.0,10.0,3.0,14,0.21428571428571427,0.1111111111111111,log10 per day
kaur,intracellular,apramycin,8.0,ug/mL,10.0,10.0,3.0,30,0.1,0.6444444444444445,log10 per day
kaur,intracellular,apramycin,8.0,ug/mL,10.0,10.0,3.0,60,0.05,0.8,log10 per day
kaur,intracellular,apramycin,8.0,ug/mL,10.0,10.0,3.0,90,0.03333333333333333,0.8666666666666667,log10 per day
kaur,intracellular,apramycin,8.0,ug/mL,100.0,10.0,4.0,7,0.5714285714285714,0.0,log10 per day
kaur,intracellular,apramycin,8.0,ug/mL,100.0,10.0,4.0,14,0.2857142857142857,0.022222222222222223,log10 per day
kaur,intracellular,apramycin,8.0,ug/mL,100.0,10.0,4.0,30,0.13333333333333333,0.5111111111111111,log10 per day
kaur,intracellular,apramycin,8.0,ug/mL,100.0,10.0,4.0,60,0.06666666666666667,0.7777777777777778,log10 per day
kaur,intracellular,apramycin,8.0,ug/mL,100.0,10.0,4.0,90,0.044444444444444446,0.8,log10 per day
kaur,intracellular,apramycin,8.0,ug/mL,1000.0,10.0,5.0,7,0.7142857142857143,0.0,log10 per day
kaur,intracellular,apramycin,8.0,ug/mL,1000.0,10.0,5.0,14,0.35714285714285715,0.022222222222222223,log10 per day
kaur,intracellular,apramycin,8.0,ug/mL,1000.0,10.0,5.0,30,0.16666666666666666,0.2222222222222222,log10 per day
kaur,intracellular,apramycin,8.0,ug/mL,1000.0,10.0,5.0,60,0.08333333333333333,0.7333333333333333,log10 per day
kaur,intracellular,apramycin,8.0,ug/mL,1000.0,10.0,5.0,90,0.05555555555555555,0.8,log10 per day
kaur,intracellular,apramycin,8.0,ug/mL,1.0,2.5,2.6020599913279625,7,0.3717228559039946,0.022222222222222223,log10 per day
kaur,intracellular,apramycin,8.0,ug/mL,1.0,2.5,2.6020599913279625,14,0.1858614279519973,0.17777777777777778,log10 per day
kaur,intracellular,apramycin,8.0,ug/mL,1.0,2.5,2.6020599913279625,30,0.08673533304426542,0.7333333333333333,log10 per day
kaur,intracellular,apramycin,8.0,ug/mL,1.0,2.5,2.6020599913279625,60,0.04336766652213271,0.8222222222222222,log10 per day
kaur,intracellular,apramycin,8.0,ug/mL,1.0,2.5,2.6020599913279625,90,0.028911777681421804,0.8888888888888888,log10 per day
kaur,intracellular,apramycin,8.0,ug/mL,10.0,2.5,3.6020599913279625,7,0.5145799987611375,0.0,log10 per day
kaur,intracellular,apramycin,8.0,ug/mL,10.0,2.5,3.6020599913279625,14,0.25728999938056873,0.06666666666666667,log10 per day
kaur,intracellular,apramycin,8.0,ug/mL,10.0,2.5,3.6020599913279625,30,0.12006866637759875,0.5333333333333333,log10 per day
kaur,intracellular,apramycin,8.0,ug/mL,10.0,2.5,3.6020599913279625,60,0.060034333188799374,0.8,log10 per day
kaur,intracellular,apramycin,8.0,ug/mL,10.0,2.5,3.6020599913279625,90,0.040022888792532914,0.8666666666666667,log10 per day
kaur,intracellular,apramycin,8.0,ug/mL,100.0,2.5,4.6020599913279625,7,0.6574371416182804,0.0,log10 per day
kaur,intracellular,apramycin,8.0,ug/mL,100.0,2.5,4.6020599913279625,14,0.3287185708091402,0.022222222222222223,log10 per day
kaur,intracellular,apramycin,8.0,ug/mL,100.0,2.5,4.6020599913279625,30,0.15340199971093207,0.3111111111111111,log10 per day
kaur,intracellular,apramycin,8.0,ug/mL,100.0,2.5,4.6020599913279625,60,0.07670099985546604,0.7555555555555555,log10 per day
kaur,intracellular,apramycin,8.0,ug/mL,100.0,2.5,4.6020599913279625,90,0.05113399990364403,0.8,log10 per day
kaur,intracellular,apramycin,8.0,ug/mL,1000.0,2.5,5.6020599913279625,7,0.8002942844754232,0.0,log10 per day
kaur,intracellular,apramycin,8.0,ug/mL,1000.0,2.5,5.6020599913279625,14,0.4001471422377116,0.022222222222222223,log10 per day
kaur,intracellular,apramycin,8.0,ug/mL,1000.0,2.5,5.6020599913279625,30,0.18673533304426543,0.17777777777777778,log10 per day
kaur,intracellular,apramycin,8.0,ug/mL,1000.0,2.5,5.6020599913279625,60,0.09336766652213271,0.7111111111111111,log10 per day
kaur,intracellular,apramycin,8.0,ug/mL,1000.0,2.5,5.6020599913279625,90,0.06224511101475514,0.8,log10 per day
kaur,intracellular,apramycin,16.0,ug/mL,1.0,100.0,1.0,7,0.14285714285714285,0.4666666666666667,log10 per day
kaur,intracellular,apramycin,16.0,ug/mL,1.0,100.0,1.0,14,0.07142857142857142,0.8444444444444444,log10 per day
kaur,intracellular,apramycin,16.0,ug/mL,1.0,100.0,1.0,30,0.03333333333333333,0.9777777777777777,log10 per day
kaur,intracellular,apramycin,16.0,ug/mL,1.0,100.0,1.0,60,0.016666666666666666,0.9777777777777777,log10 per day
kaur,intracellular,apramycin,16.0,ug/mL,1.0,100.0,1.0,90,0.011111111111111112,0.9777777777777777,log10 per day
kaur,intracellular,apramycin,16.0,ug/mL,10.0,100.0,2.0,7,0.2857142857142857,0.0,log10 per day
kaur,intracellular,apramycin,16.0,ug/mL,10.0,100.0,2.0,14,0.14285714285714285,0.4666666666666667,log10 per day
kaur,intracellular,apramycin,16.0,ug/mL,10.0,100.0,2.0,30,0.06666666666666667,0.8888888888888888,log10 per day
kaur,intracellular,apramycin,16.0,ug/mL,10.0,100.0,2.0,60,0.03333333333333333,0.9777777777777777,log10 per day
kaur,intracellular,apramycin,16.0,ug/mL,10.0,100.0,2.0,90,0.022222222222222223,0.9777777777777777,log10 per day
kaur,intracellular,apramycin,16.0,ug/mL,100.0,100.0,3.0,7,0.42857142857142855,0.0,log10 per day
kaur,intracellular,apramycin,16.0,ug/mL,100.0,100.0,3.0,14,0.21428571428571427,0.06666666666666667,log10 per day
kaur,intracellular,apramycin,16.0,ug/mL,100.0,100.0,3.0,30,0.1,0.7333333333333333,log10 per day
kaur,intracellular,apramycin,16.0,ug/mL,100.0,100.0,3.0,60,0.05,0.9333333333333333,log10 per day
kaur,intracellular,apramycin,16.0,ug/mL,100.0,100.0,3.0,90,0.03333333333333333,0.9777777777777777,log10 per day
kaur,intracellular,apramycin,16.0,ug/mL,1000.0,100.0,4.0,7,0.5714285714285714,0.0,log10 per day
kaur,intracellular,apramycin,16.0,ug/mL,1000.0,100.0,4.0,14,0.2857142857142857,0.0,log10 per day
kaur,intracellular,apramycin,16.0,ug/mL,1000.0,100.0,4.0,30,0.13333333333333333,0.5777777777777777,log10 per day
kaur,intracellular,apramycin,16.0,ug/mL,1000.0,100.0,4.0,60,0.06666666666666667,0.8888888888888888,log10 per day
kaur,intracellular,apramycin,16.0,ug/mL,1000.0,100.0,4.0,90,0.044444444444444446,0.9555555555555556,log10 per day
kaur,intracellular,apramycin,16.0,ug/mL,1.0,10.0,2.0,7,0.2857142857142857,0.0,log10 per day
kaur,intracellular,apramycin,16.0,ug/mL,1.0,10.0,2.0,14,0.14285714285714285,0.4666666666666667,log10 per day
kaur,intracellular,apramycin,16.0,ug/mL,1.0,10.0,2.0,30,0.06666666666666667,0.8888888888888888,log10 per day
kaur,intracellular,apramycin,16.0,ug/mL,1.0,10.0,2.0,60,0.03333333333333333,0.9777777777777777,log10 per day
kaur,intracellular,apramycin,16.0,ug/mL,1.0,10.0,2.0,90,0.022222222222222223,0.9777777777777777,log10 per day
kaur,intracellular,apramycin,16.0,ug/mL,10.0,10.0,3.0,7,0.42857142857142855,0.0,log10 per day
kaur,intracellular,apramycin,16.0,ug/mL,10.0,10.0,3.0,14,0.21428571428571427,0.06666666666666667,log10 per day
kaur,intracellular,apramycin,16.0,ug/mL,10.0,10.0,3.0,30,0.1,0.7333333333333333,log10 per day
kaur,intracellular,apramycin,16.0,ug/mL,10.0,10.0,3.0,60,0.05,0.9333333333333333,log10 per day
kaur,intracellular,apramycin,16.0,ug/mL,10.0,10.0,3.0,90,0.03333333333333333,0.9777777777777777,log10 per day
kaur,intracellular,apramycin,16.0,ug/mL,100.0,10.0,4.0,7,0.5714285714285714,0.0,log10 per day
kaur,intracellular,apramycin,16.0,ug/mL,100.0,10.0,4.0,14,0.2857142857142857,0.0,log10 per day
kaur,intracellular,apramycin,16.0,ug/mL,100.0,10.0,4.0,30,0.13333333333333333,0.5777777777777777,log10 per day
kaur,intracellular,apramycin,16.0,ug/mL,100.0,10.0,4.0,60,0.06666666666666667,0.8888888888888888,log10 per day
kaur,intracellular,apramycin,16.0,ug/mL,100.0,10.0,4.0,90,0.044444444444444446,0.9555555555555556,log10 per day
kaur,intracellular,apramycin,16.0,ug/mL,1000.0,10.0,5.0,7,0.7142857142857143,0.0,log10 per day
kaur,intracellular,apramycin,16.0,ug/mL,1000.0,10.0,5.0,14,0.35714285714285715,0.0,log10 per day
kaur,intracellular,apramycin,16.0,ug/mL,1000.0,10.0,5.0,30,0.16666666666666666,0.3333333333333333,log10 per day
kaur,intracellular,apramycin,16.0,ug/mL,1000.0,10.0,5.0,60,0.08333333333333333,0.8222222222222222,log10 per day
kaur,intracellular,apramycin,16.0,ug/mL,1000.0,10.0,5.0,90,0.05555555555555555,0.9333333333333333,log10 per day
kaur,intracellular,apramycin,16.0,ug/mL,1.0,2.5,2.6020599913279625,7,0.3717228559039946,0.0,log10 per day
kaur,intracellular,apramycin,16.0,ug/mL,1.0,2.5,2.6020599913279625,14,0.1858614279519973,0.3111111111111111,log10 per day
kaur,intracellular,apramycin,16.0,ug/mL,1.0,2.5,2.6020599913279625,30,0.08673533304426542,0.8,log10 per day
kaur,intracellular,apramycin,16.0,ug/mL,1.0,2.5,2.6020599913279625,60,0.04336766652213271,0.9777777777777777,log10 per day
kaur,intracellular,apramycin,16.0,ug/mL,1.0,2.5,2.6020599913279625,90,0.028911777681421804,0.9777777777777777,log10 per day
kaur,intracellular,apramycin,16.0,ug/mL,10.0,2.5,3.6020599913279625,7,0.5145799987611375,0.0,log10 per day
kaur,intracellular,apramycin,16.0,ug/mL,10.0,2.5,3.6020599913279625,14,0.25728999938056873,0.022222222222222223,log10 per day
kaur,intracellular,apramycin,16.0,ug/mL,10.0,2.5,3.6020599913279625,30,0.12006866637759875,0.6,log10 per day
kaur,intracellular,apramycin,16.0,ug/mL,10.0,2.5,3.6020599913279625,60,0.060034333188799374,0.9333333333333333,log10 per day
kaur,intracellular,apramycin,16.0,ug/mL,10.0,2.5,3.6020599913279625,90,0.040022888792532914,0.9777777777777777,log10 per day
kaur,intracellular,apramycin,16.0,ug/mL,100.0,2.5,4.6020599913279625,7,0.6574371416182804,0.0,log10 per day
kaur,intracellular,apramycin,16.0,ug/mL,100.0,2.5,4.6020599913279625,14,0.3287185708091402,0.0,log10 per day
kaur,intracellular,apramycin,16.0,ug/mL,100.0,2.5,4.6020599913279625,30,0.15340199971093207,0.4,log10 per day
kaur,intracellular,apramycin,16.0,ug/mL,100.0,2.5,4.6020599913279625,60,0.07670099985546604,0.8444444444444444,log10 per day
kaur,intracellular,apramycin,16.0,ug/mL,100.0,2.5,4.6020599913279625,90,0.05113399990364403,0.9333333333333333,log10 per day
kaur,intracellular,apramycin,16.0,ug/mL,1000.0,2.5,5.6020599913279625,7,0.8002942844754232,0.0,log10 per day
kaur,intracellular,apramycin,16.0,ug/mL,1000.0,2.5,5.6020599913279625,14,0.4001471422377116,0.0,log10 per day
kaur,intracellular,apramycin,16.0,ug/mL,1000.0,2.5,5.6020599913279625,30,0.18673533304426543,0.3111111111111111,log10 per day
kaur,intracellular,apramycin,16.0,ug/mL,1000.0,2.5,5.6020599913279625,60,0.09336766652213271,0.7555555555555555,log10 per day
kaur,intracellular,apramycin,16.0,ug/mL,1000.0,2.5,5.6020599913279625,90,0.06224511101475514,0.9111111111111111,log10 per day
kaur,intracellular,apramycin,32.0,ug/mL,1.0,100.0,1.0,7,0.14285714285714285,0.6666666666666666,log10 per day
kaur,intracellular,apramycin,32.0,ug/mL,1.0,100.0,1.0,14,0.07142857142857142,0.8444444444444444,log10 per day
kaur,intracellular,apramycin,32.0,ug/mL,1.0,100.0,1.0,30,0.03333333333333333,0.9111111111111111,log10 per day
kaur,intracellular,apramycin,32.0,ug/mL,1.0,100.0,1.0,60,0.016666666666666666,0.9777777777777777,log10 per day
kaur,intracellular,apramycin,32.0,ug/mL,1.0,100.0,1.0,90,0.011111111111111112,0.9777777777777777,log10 per day
kaur,intracellular,apramycin,32.0,ug/mL,10.0,100.0,2.0,7,0.2857142857142857,0.022222222222222223,log10 per day
kaur,intracellular,apramycin,32.0,ug/mL,10.0,100.0,2.0,14,0.14285714285714285,0.6666666666666666,log10 per day
kaur,intracellular,apramycin,32.0,ug/mL,10.0,100.0,2.0,30,0.06666666666666667,0.8444444444444444,log10 per day
kaur,intracellular,apramycin,32.0,ug/mL,10.0,100.0,2.0,60,0.03333333333333333,0.9111111111111111,log10 per day
kaur,intracellular,apramycin,32.0,ug/mL,10.0,100.0,2.0,90,0.022222222222222223,0.9555555555555556,log10 per day
kaur,intracellular,apramycin,32.0,ug/mL,100.0,100.0,3.0,7,0.42857142857142855,0.0,log10 per day
kaur,intracellular,apramycin,32.0,ug/mL,100.0,100.0,3.0,14,0.21428571428571427,0.2,log10 per day
kaur,intracellular,apramycin,32.0,ug/mL,100.0,100.0,3.0,30,0.1,0.8,log10 per day
kaur,intracellular,apramycin,32.0,ug/mL,100.0,100.0,3.0,60,0.05,0.9111111111111111,log10 per day
kaur,intracellular,apramycin,32.0,ug/mL,100.0,100.0,3.0,90,0.03333333333333333,0.9111111111111111,log10 per day
kaur,intracellular,apramycin,32.0,ug/mL,1000.0,100.0,4.0,7,0.5714285714285714,0.0,log10 per day
kaur,intracellular,apramycin,32.0,ug/mL,1000.0,100.0,4.0,14,0.2857142857142857,0.022222222222222223,log10 per day
kaur,intracellular,apramycin,32.0,ug/mL,1000.0,100.0,4.0,30,0.13333333333333333,0.6666666666666666,log10 per day
kaur,intracellular,apramycin,32.0,ug/mL,1000.0,100.0,4.0,60,0.06666666666666667,0.8444444444444444,log10 per day
kaur,intracellular,apramycin,32.0,ug/mL,1000.0,100.0,4.0,90,0.044444444444444446,0.9111111111111111,log10 per day
kaur,intracellular,apramycin,32.0,ug/mL,1.0,10.0,2.0,7,0.2857142857142857,0.022222222222222223,log10 per day
kaur,intracellular,apramycin,32.0,ug/mL,1.0,10.0,2.0,14,0.14285714285714285,0.6666666666666666,log10 per day
kaur,intracellular,apramycin,32.0,ug/mL,1.0,10.0,2.0,30,0.06666666666666667,0.8444444444444444,log10 per day
kaur,intracellular,apramycin,32.0,ug/mL,1.0,10.0,2.0,60,0.03333333333333333,0.9111111111111111,log10 per day
kaur,intracellular,apramycin,32.0,ug/mL,1.0,10.0,2.0,90,0.022222222222222223,0.9555555555555556,log10 per day
kaur,intracellular,apramycin,32.0,ug/mL,10.0,10.0,3.0,7,0.42857142857142855,0.0,log10 per day
kaur,intracellular,apramycin,32.0,ug/mL,10.0,10.0,3.0,14,0.21428571428571427,0.2,log10 per day
kaur,intracellular,apramycin,32.0,ug/mL,10.0,10.0,3.0,30,0.1,0.8,log10 per day
kaur,intracellular,apramycin,32.0,ug/mL,10.0,10.0,3.0,60,0.05,0.9111111111111111,log10 per day
kaur,intracellular,apramycin,32.0,ug/mL,10.0,10.0,3.0,90,0.03333333333333333,0.9111111111111111,log10 per day
kaur,intracellular,apramycin,32.0,ug/mL,100.0,10.0,4.0,7,0.5714285714285714,0.0,log10 per day
kaur,intracellular,apramycin,32.0,ug/mL,100.0,10.0,4.0,14,0.2857142857142857,0.022222222222222223,log10 per day
kaur,intracellular,apramycin,32.0,ug/mL,100.0,10.0,4.0,30,0.13333333333333333,0.6666666666666666,log10 per day
kaur,intracellular,apramycin,32.0,ug/mL,100.0,10.0,4.0,60,0.06666666666666667,0.8444444444444444,log10 per day
kaur,intracellular,apramycin,32.0,ug/mL,100.0,10.0,4.0,90,0.044444444444444446,0.9111111111111111,log10 per day
kaur,intracellular,apramycin,32.0,ug/mL,1000.0,10.0,5.0,7,0.7142857142857143,0.0,log10 per day
kaur,intracellular,apramycin,32.0,ug/mL,1000.0,10.0,5.0,14,0.35714285714285715,0.0,log10 per day
kaur,intracellular,apramycin,32.0,ug/mL,1000.0,10.0,5.0,30,0.16666666666666666,0.5777777777777777,log10 per day
kaur,intracellular,apramycin,32.0,ug/mL,1000.0,10.0,5.0,60,0.08333333333333333,0.8,log10 per day
kaur,intracellular,apramycin,32.0,ug/mL,1000.0,10.0,5.0,90,0.05555555555555555,0.8666666666666667,log10 per day
kaur,intracellular,apramycin,32.0,ug/mL,1.0,2.5,2.6020599913279625,7,0.3717228559039946,0.0,log10 per day
kaur,intracellular,apramycin,32.0,ug/mL,1.0,2.5,2.6020599913279625,14,0.1858614279519973,0.37777777777777777,log10 per day
kaur,intracellular,apramycin,32.0,ug/mL,1.0,2.5,2.6020599913279625,30,0.08673533304426542,0.8,log10 per day
kaur,intracellular,apramycin,32.0,ug/mL,1.0,2.5,2.6020599913279625,60,0.04336766652213271,0.9111111111111111,log10 per day
kaur,intracellular,apramycin,32.0,ug/mL,1.0,2.5,2.6020599913279625,90,0.028911777681421804,0.9111111111111111,log10 per day
kaur,intracellular,apramycin,32.0,ug/mL,10.0,2.5,3.6020599913279625,7,0.5145799987611375,0.0,log10 per day
kaur,intracellular,apramycin,32.0,ug/mL,10.0,2.5,3.6020599913279625,14,0.25728999938056873,0.06666666666666667,log10 per day
kaur,intracellular,apramycin,32.0,ug/mL,10.0,2.5,3.6020599913279625,30,0.12006866637759875,0.7555555555555555,log10 per day
kaur,intracellular,apramycin,32.0,ug/mL,10.0,2.5,3.6020599913279625,60,0.060034333188799374,0.8444444444444444,log10 per day
kaur,intracellular,apramycin,32.0,ug/mL,10.0,2.5,3.6020599913279625,90,0.040022888792532914,0.9111111111111111,log10 per day
kaur,intracellular,apramycin,32.0,ug/mL,100.0,2.5,4.6020599913279625,7,0.6574371416182804,0.0,log10 per day
kaur,intracellular,apramycin,32.0,ug/mL,100.0,2.5,4.6020599913279625,14,0.3287185708091402,0.0,log10 per day
kaur,intracellular,apramycin,32.0,ug/mL,100.0,2.5,4.6020599913279625,30,0.15340199971093207,0.6444444444444445,log10 per day
kaur,intracellular,apramycin,32.0,ug/mL,100.0,2.5,4.6020599913279625,60,0.07670099985546604,0.8444444444444444,log10 per day
kaur,intracellular,apramycin,32.0,ug/mL,100.0,2.5,4.6020599913279625,90,0.05113399990364403,0.9111111111111111,log10 per day
kaur,intracellular,apramycin,32.0,ug/mL,1000.0,2.5,5.6020599913279625,7,0.8002942844754232,0.0,log10 per day
kaur,intracellular,apramycin,32.0,ug/mL,1000.0,2.5,5.6020599913279625,14,0.4001471422377116,0.0,log10 per day
kaur,intracellular,apramycin,32.0,ug/mL,1000.0,2.5,5.6020599913279625,30,0.18673533304426543,0.37777777777777777,log10 per day
kaur,intracellular,apramycin,32.0,ug/mL,1000.0,2.5,5.6020599913279625,60,0.09336766652213271,0.8,log10 per day
kaur,intracellular,apramycin,32.0,ug/mL,1000.0,2.5,5.6020599913279625,90,0.06224511101475514,0.8444444444444444,log10 per day
kaur,intracellular,none,,,1.0,100.0,1.0,7,0.14285714285714285,0.0,log10 per day
kaur,intracellular,none,,,1.0,100.0,1.0,14,0.07142857142857142,0.022222222222222223,log10 per day
kaur,intracellular,none,,,1.0,100.0,1.0,30,0.03333333333333333,0.06666666666666667,log10 per day
kaur,intracellular,none,,,1.0,100.0,1.0,60,0.016666666666666666,0.06666666666666667,log10 per day
kaur,intracellular,none,,,1.0,100.0,1.0,90,0.011111111111111112,0.08888888888888889,log10 per day
kaur,intracellular,none,,,10.0,100.0,2.0,7,0.2857142857142857,0.0,log10 per day
kaur,intracellular,none,,,10.0,100.0,2.0,14,0.14285714285714285,0.0,log10 per day
kaur,intracellular,none,,,10.0,100.0,2.0,30,0.06666666666666667,0.022222222222222223,log10 per day
kaur,intracellular,none,,,10.0,100.0,2.0,60,0.03333333333333333,0.06666666666666667,log10 per day
kaur,intracellular,none,,,10.0,100.0,2.0,90,0.022222222222222223,0.06666666666666667,log10 per day
kaur,intracellular,none,,,100.0,100.0,3.0,7,0.42857142857142855,0.0,log10 per day
kaur,intracellular,none,,,100.0,100.0,3.0,14,0.21428571428571427,0.0,log10 per day
kaur,intracellular,none,,,100.0,100.0,3.0,30,0.1,0.022222222222222223,log10 per day
kaur,intracellular,none,,,100.0,100.0,3.0,60,0.05,0.044444444444444446,log10 per day
kaur,intracellular,none,,,100.0,100.0,3.0,90,0.03333333333333333,0.06666666666666667,log10 per day
kaur,intracellular,none,,,1000.0,100.0,4.0,7,0.5714285714285714,0.0,log10 per day
kaur,intracellular,none,,,1000.0,100.0,4.0,14,0.2857142857142857,0.0,log10 per day
kaur,intracellular,none,,,1000.0,100.0,4.0,30,0.13333333333333333,0.0,log10 per day
kaur,intracellular,none,,,1000.0,100.0,4.0,60,0.06666666666666667,0.022222222222222223,log10 per day
kaur,intracellular,none,,,1000.0,100.0,4.0,90,0.044444444444444446,0.044444444444444446,log10 per day
kaur,intracellular,none,,,1.0,10.0,2.0,7,0.2857142857142857,0.0,log10 per day
kaur,intracellular,none,,,1.0,10.0,2.0,14,0.14285714285714285,0.0,log10 per day
kaur,intracellular,none,,,1.0,10.0,2.0,30,0.06666666666666667,0.022222222222222223,log10 per day
kaur,intracellular,none,,,1.0,10.0,2.0,60,0.03333333333333333,0.06666666666666667,log10 per day
kaur,intracellular,none,,,1.0,10.0,2.0,90,0.022222222222222223,0.06666666666666667,log10 per day
kaur,intracellular,none,,,10.0,10.0,3.0,7,0.42857142857142855,0.0,log10 per day
kaur,intracellular,none,,,10.0,10.0,3.0,14,0.21428571428571427,0.0,log10 per day
kaur,intracellular,none,,,10.0,10.0,3.0,30,0.1,0.022222222222222223,log10 per day
kaur,intracellular,none,,,10.0,10.0,3.0,60,0.05,0.044444444444444446,log10 per day
kaur,intracellular,none,,,10.0,10.0,3.0,90,0.03333333333333333,0.06666666666666667,log10 per day
kaur,intracellular,none,,,100.0,10.0,4.0,7,0.5714285714285714,0.0,log10 per day
kaur,intracellular,none,,,100.0,10.0,4.0,14,0.2857142857142857,0.0,log10 per day
kaur,intracellular,none,,,100.0,10.0,4.0,30,0.13333333333333333,0.0,log10 per day
kaur,intracellular,none,,,100.0,10.0,4.0,60,0.06666666666666667,0.022222222222222223,log10 per day
kaur,intracellular,none,,,100.0,10.0,4.0,90,0.044444444444444446,0.044444444444444446,log10 per day
kaur,intracellular,none,,,1000.0,10.0,5.0,7,0.7142857142857143,0.0,log10 per day
kaur,intracellular,none,,,1000.0,10.0,5.0,14,0.35714285714285715,0.0,log10 per day
kaur,intracellular,none,,,1000.0,10.0,5.0,30,0.16666666666666666,0.0,log10 per day
kaur,intracellular,none,,,1000.0,10.0,5.0,60,0.08333333333333333,0.022222222222222223,log10 per day
kaur,intracellular,none,,,1000.0,10.0,5.0,90,0.05555555555555555,0.044444444444444446,log10 per day
kaur,intracellular,none,,,1.0,2.5,2.6020599913279625,7,0.3717228559039946,0.0,log10 per day
kaur,intracellular,none,,,1.0,2.5,2.6020599913279625,14,0.1858614279519973,0.0,log10 per day
kaur,intracellular,none,,,1.0,2.5,2.6020599913279625,30,0.08673533304426542,0.022222222222222223,log10 per day
kaur,intracellular,none,,,1.0,2.5,2.6020599913279625,60,0.04336766652213271,0.044444444444444446,log10 per day
kaur,intracellular,none,,,1.0,2.5,2.6020599913279625,90,0.028911777681421804,0.06666666666666667,log10 per day
kaur,intracellular,none,,,10.0,2.5,3.6020599913279625,7,0.5145799987611375,0.0,log10 per day
kaur,intracellular,none,,,10.0,2.5,3.6020599913279625,14,0.25728999938056873,0.0,log10 per day
kaur,intracellular,none,,,10.0,2.5,3.6020599913279625,30,0.12006866637759875,0.022222222222222223,log10 per day
kaur,intracellular,none,,,10.0,2.5,3.6020599913279625,60,0.060034333188799374,0.044444444444444446,log10 per day
kaur,intracellular,none,,,10.0,2.5,3.6020599913279625,90,0.040022888792532914,0.044444444444444446,log10 per day
kaur,intracellular,none,,,100.0,2.5,4.6020599913279625,7,0.6574371416182804,0.0,log10 per day
kaur,intracellular,none,,,100.0,2.5,4.6020599913279625,14,0.3287185708091402,0.0,log10 per day
kaur,intracellular,none,,,100.0,2.5,4.6020599913279625,30,0.15340199971093207,0.0,log10 per day
kaur,intracellular,none,,,100.0,2.5,4.6020599913279625,60,0.07670099985546604,0.022222222222222223,log10 per day
kaur,intracellular,none,,,100.0,2.5,4.6020599913279625,90,0.05113399990364403,0.044444444444444446,log10 per day
kaur,intracellular,none,,,1000.0,2.5,5.6020599913279625,7,0.8002942844754232,0.0,log10 per day
kaur,intracellular,none,,,1000.0,2.5,5.6020599913279625,14,0.4001471422377116,0.0,log10 per day
kaur,intracellular,none,,,1000.0,2.5,5.6020599913279625,30,0.18673533304426543,0.0,log10 per day
kaur,intracellular,none,,,1000.0,2.5,5.6020599913279625,60,0.09336766652213271,0.022222222222222223,log10 per day
kaur,intracellular,none,,,1000.0,2.5,5.6020599913279625,90,0.06224511101475514,0.044444444444444446,log10 per day
kaur,intracellular,rifampicin,16.0,ug/mL,1.0,100.0,1.0,7,0.14285714285714285,0.5111111111111111,log10 per day
kaur,intracellular,rifampicin,16.0,ug/mL,1.0,100.0,1.0,14,0.07142857142857142,0.8222222222222222,log10 per day
kaur,intracellular,rifampicin,16.0,ug/mL,1.0,100.0,1.0,30,0.03333333333333333,0.9111111111111111,log10 per day
kaur,intracellular,rifampicin,16.0,ug/mL,1.0,100.0,1.0,60,0.016666666666666666,0.9333333333333333,log10 per day
kaur,intracellular,rifampicin,16.0,ug/mL,1.0,100.0,1.0,90,0.011111111111111112,0.9333333333333333,log10 per day
kaur,intracellular,rifampicin,16.0,ug/mL,10.0,100.0,2.0,7,0.2857142857142857,0.08888888888888889,log10 per day
kaur,intracellular,rifampicin,16.0,ug/mL,10.0,100.0,2.0,14,0.14285714285714285,0.5111111111111111,log10 per day
kaur,intracellular,rifampicin,16.0,ug/mL,10.0,100.0,2.0,30,0.06666666666666667,0.8222222222222222,log10 per day
kaur,intracellular,rifampicin,16.0,ug/mL,10.0,100.0,2.0,60,0.03333333333333333,0.9111111111111111,log10 per day
kaur,intracellular,rifampicin,16.0,ug/mL,10.0,100.0,2.0,90,0.022222222222222223,0.9333333333333333,log10 per day
kaur,intracellular,rifampicin,16.0,ug/mL,100.0,100.0,3.0,7,0.42857142857142855,0.0,log10 per day
kaur,intracellular,rifampicin,16.0,ug/mL,100.0,100.0,3.0,14,0.21428571428571427,0.26666666666666666,log10 per day
kaur,intracellular,rifampicin,16.0,ug/mL,100.0,100.0,3.0,30,0.1,0.7111111111111111,log10 per day
kaur,intracellular,rifampicin,16.0,ug/mL,100.0,100.0,3.0,60,0.05,0.8666666666666667,log10 per day
kaur,intracellular,rifampicin,16.0,ug/mL,100.0,100.0,3.0,90,0.03333333333333333,0.9111111111111111,log10 per day
kaur,intracellular,rifampicin,16.0,ug/mL,1000.0,100.0,4.0,7,0.5714285714285714,0.0,log10 per day
kaur,intracellular,rifampicin,16.0,ug/mL,1000.0,100.0,4.0,14,0.2857142857142857,0.08888888888888889,log10 per day
kaur,intracellular,rifampicin,16.0,ug/mL,1000.0,100.0,4.0,30,0.13333333333333333,0.5333333333333333,log10 per day
kaur,intracellular,rifampicin,16.0,ug/mL,1000.0,100.0,4.0,60,0.06666666666666667,0.8222222222222222,log10 per day
kaur,intracellular,rifampicin,16.0,ug/mL,1000.0,100.0,4.0,90,0.044444444444444446,0.8666666666666667,log10 per day
kaur,intracellular,rifampicin,16.0,ug/mL,1.0,10.0,2.0,7,0.2857142857142857,0.08888888888888889,log10 per day
kaur,intracellular,rifampicin,16.0,ug/mL,1.0,10.0,2.0,14,0.14285714285714285,0.5111111111111111,log10 per day
kaur,intracellular,rifampicin,16.0,ug/mL,1.0,10.0,2.0,30,0.06666666666666667,0.8222222222222222,log10 per day
kaur,intracellular,rifampicin,16.0,ug/mL,1.0,10.0,2.0,60,0.03333333333333333,0.9111111111111111,log10 per day
kaur,intracellular,rifampicin,16.0,ug/mL,1.0,10.0,2.0,90,0.022222222222222223,0.9333333333333333,log10 per day
kaur,intracellular,rifampicin,16.0,ug/mL,10.0,10.0,3.0,7,0.42857142857142855,0.0,log10 per day
kaur,intracellular,rifampicin,16.0,ug/mL,10.0,10.0,3.0,14,0.21428571428571427,0.26666666666666666,log10 per day
kaur,intracellular,rifampicin,16.0,ug/mL,10.0,10.0,3.0,30,0.1,0.7111111111111111,log10 per day
kaur,intracellular,rifampicin,16.0,ug/mL,10.0,10.0,3.0,60,0.05,0.8666666666666667,log10 per day
kaur,intracellular,rifampicin,16.0,ug/mL,10.0,10.0,3.0,90,0.03333333333333333,0.9111111111111111,log10 per day
kaur,intracellular,rifampicin,16.0,ug/mL,100.0,10.0,4.0,7,0.5714285714285714,0.0,log10 per day
kaur,intracellular,rifampicin,16.0,ug/mL,100.0,10.0,4.0,14,0.2857142857142857,0.08888888888888889,log10 per day
kaur,intracellular,rifampicin,16.0,ug/mL,100.0,10.0,4.0,30,0.13333333333333333,0.5333333333333333,log10 per day
kaur,intracellular,rifampicin,16.0,ug/mL,100.0,10.0,4.0,60,0.06666666666666667,0.8222222222222222,log10 per day
kaur,intracellular,rifampicin,16.0,ug/mL,100.0,10.0,4.0,90,0.044444444444444446,0.8666666666666667,log10 per day
kaur,intracellular,rifampicin,16.0,ug/mL,1000.0,10.0,5.0,7,0.7142857142857143,0.0,log10 per day
kaur,intracellular,rifampicin,16.0,ug/mL,1000.0,10.0,5.0,14,0.35714285714285715,0.0,log10 per day
kaur,intracellular,rifampicin,16.0,ug/mL,1000.0,10.0,5.0,30,0.16666666666666666,0.4,log10 per day
kaur,intracellular,rifampicin,16.0,ug/mL,1000.0,10.0,5.0,60,0.08333333333333333,0.7777777777777778,log10 per day
kaur,intracellular,rifampicin,16.0,ug/mL,1000.0,10.0,5.0,90,0.05555555555555555,0.8444444444444444,log10 per day
kaur,intracellular,rifampicin,16.0,ug/mL,1.0,2.5,2.6020599913279625,7,0.3717228559039946,0.0,log10 per day
kaur,intracellular,rifampicin,16.0,ug/mL,1.0,2.5,2.6020599913279625,14,0.1858614279519973,0.35555555555555557,log10 per day
kaur,intracellular,rifampicin,16.0,ug/mL,1.0,2.5,2.6020599913279625,30,0.08673533304426542,0.7555555555555555,log10 per day
kaur,intracellular,rifampicin,16.0,ug/mL,1.0,2.5,2.6020599913279625,60,0.04336766652213271,0.8666666666666667,log10 per day
kaur,intracellular,rifampicin,16.0,ug/mL,1.0,2.5,2.6020599913279625,90,0.028911777681421804,0.9111111111111111,log10 per day
kaur,intracellular,rifampicin,16.0,ug/mL,10.0,2.5,3.6020599913279625,7,0.5145799987611375,0.0,log10 per day
kaur,intracellular,rifampicin,16.0,ug/mL,10.0,2.5,3.6020599913279625,14,0.25728999938056873,0.17777777777777778,log10 per day
kaur,intracellular,rifampicin,16.0,ug/mL,10.0,2.5,3.6020599913279625,30,0.12006866637759875,0.5777777777777777,log10 per day
kaur,intracellular,rifampicin,16.0,ug/mL,10.0,2.5,3.6020599913279625,60,0.060034333188799374,0.8444444444444444,log10 per day
kaur,intracellular,rifampicin,16.0,ug/mL,10.0,2.5,3.6020599913279625,90,0.040022888792532914,0.8666666666666667,log10 per day
kaur,intracellular,rifampicin,16.0,ug/mL,100.0,2.5,4.6020599913279625,7,0.6574371416182804,0.0,log10 per day
kaur,intracellular,rifampicin,16.0,ug/mL,100.0,2.5,4.6020599913279625,14,0.3287185708091402,0.044444444444444446,log10 per day
kaur,intracellular,rifampicin,16.0,ug/mL,100.0,2.5,4.6020599913279625,30,0.15340199971093207,0.4666666666666667,log10 per day
kaur,intracellular,rifampicin,16.0,ug/mL,100.0,2.5,4.6020599913279625,60,0.07670099985546604,0.8,log10 per day
kaur,intracellular,rifampicin,16.0,ug/mL,100.0,2.5,4.6020599913279625,90,0.05113399990364403,0.8666666666666667,log10 per day
kaur,intracellular,rifampicin,16.0,ug/mL,1000.0,2.5,5.6020599913279625,7,0.8002942844754232,0.0,log10 per day
kaur,intracellular,rifampicin,16.0,ug/mL,1000.0,2.5,5.6020599913279625,14,0.4001471422377116,0.0,log10 per day
kaur,intracellular,rifampicin,16.0,ug/mL,1000.0,2.5,5.6020599913279625,30,0.18673533304426543,0.3333333333333333,log10 per day
kaur,intracellular,rifampicin,16.0,ug/mL,1000.0,2.5,5.6020599913279625,60,0.09336766652213271,0.7333333333333333,log10 per day
kaur,intracellular,rifampicin,16.0,ug/mL,1000.0,2.5,5.6020599913279625,90,0.06224511101475514,0.8222222222222222,log10 per day
kaur,planktonic,amikacin,1.0,ug/mL,1.0,100.0,1.0,7,0.14285714285714285,0.13333333333333333,log10 per day
kaur,planktonic,amikacin,1.0,ug/mL,1.0,100.0,1.0,14,0.07142857142857142,0.6666666666666666,log10 per day
kaur,planktonic,amikacin,1.0,ug/mL,1.0,100.0,1.0,30,0.03333333333333333,0.8444444444444444,log10 per day
kaur,planktonic,amikacin,1.0,ug/mL,1.0,100.0,1.0,60,0.016666666666666666,0.8888888888888888,log10 per day
kaur,planktonic,amikacin,1.0,ug/mL,1.0,100.0,1.0,90,0.011111111111111112,0.8888888888888888,log10 per day
kaur,planktonic,amikacin,1.0,ug/mL,10.0,100.0,2.0,7,0.2857142857142857,0.0,log10 per day
kaur,planktonic,amikacin,1.0,ug/mL,10.0,100.0,2.0,14,0.14285714285714285,0.13333333333333333,log10 per day
kaur,planktonic,amikacin,1.0,ug/mL,10.0,100.0,2.0,30,0.06666666666666667,0.6666666666666666,log10 per day
kaur,planktonic,amikacin,1.0,ug/mL,10.0,100.0,2.0,60,0.03333333333333333,0.8444444444444444,log10 per day
kaur,planktonic,amikacin,1.0,ug/mL,10.0,100.0,2.0,90,0.022222222222222223,0.8444444444444444,log10 per day
kaur,planktonic,amikacin,1.0,ug/mL,100.0,100.0,3.0,7,0.42857142857142855,0.0,log10 per day
kaur,planktonic,amikacin,1.0,ug/mL,100.0,100.0,3.0,14,0.21428571428571427,0.0,log10 per day
kaur,planktonic,amikacin,1.0,ug/mL,100.0,100.0,3.0,30,0.1,0.4666666666666667,log10 per day
kaur,planktonic,amikacin,1.0,ug/mL,100.0,100.0,3.0,60,0.05,0.7333333333333333,log10 per day
kaur,planktonic,amikacin,1.0,ug/mL,100.0,100.0,3.0,90,0.03333333333333333,0.8444444444444444,log10 per day
kaur,planktonic,amikacin,1.0,ug/mL,1000.0,100.0,4.0,7,0.5714285714285714,0.0,log10 per day
kaur,planktonic,amikacin,1.0,ug/mL,1000.0,100.0,4.0,14,0.2857142857142857,0.0,log10 per day
kaur,planktonic,amikacin,1.0,ug/mL,1000.0,100.0,4.0,30,0.13333333333333333,0.2,log10 per day
kaur,planktonic,amikacin,1.0,ug/mL,1000.0,100.0,4.0,60,0.06666666666666667,0.6666666666666666,log10 per day
kaur,planktonic,amikacin,1.0,ug/mL,1000.0,100.0,4.0,90,0.044444444444444446,0.8,log10 per day
kaur,planktonic,amikacin,1.0,ug/mL,1.0,10.0,2.0,7,0.2857142857142857,0.0,log10 per day
kaur,planktonic,amikacin,1.0,ug/mL,1.0,10.0,2.0,14,0.14285714285714285,0.13333333333333333,log10 per day
kaur,planktonic,amikacin,1.0,ug/mL,1.0,10.0,2.0,30,0.06666666666666667,0.6666666666666666,log10 per day
kaur,planktonic,amikacin,1.0,ug/mL,1.0,10.0,2.0,60,0.03333333333333333,0.8444444444444444,log10 per day
kaur,planktonic,amikacin,1.0,ug/mL,1.0,10.0,2.0,90,0.022222222222222223,0.8444444444444444,log10 per day
kaur,planktonic,amikacin,1.0,ug/mL,10.0,10.0,3.0,7,0.42857142857142855,0.0,log10 per day
kaur,planktonic,amikacin,1.0,ug/mL,10.0,10.0,3.0,14,0.21428571428571427,0.0,log10 per day
kaur,planktonic,amikacin,1.0,ug/mL,10.0,10.0,3.0,30,0.1,0.4666666666666667,log10 per day
kaur,planktonic,amikacin,1.0,ug/mL,10.0,10.0,3.0,60,0.05,0.7333333333333333,log10 per day
kaur,planktonic,amikacin,1.0,ug/mL,10.0,10.0,3.0,90,0.03333333333333333,0.8444444444444444,log10 per day
kaur,planktonic,amikacin,1.0,ug/mL,100.0,10.0,4.0,7,0.5714285714285714,0.0,log10 per day
kaur,planktonic,amikacin,1.0,ug/mL,100.0,10.0,4.0,14,0.2857142857142857,0.0,log10 per day
kaur,planktonic,amikacin,1.0,ug/mL,100.0,10.0,4.0,30,0.13333333333333333,0.2,log10 per day
kaur,planktonic,amikacin,1.0,ug/mL,100.0,10.0,4.0,60,0.06666666666666667,0.6666666666666666,log10 per day
kaur,planktonic,amikacin,1.0,ug/mL,100.0,10.0,4.0,90,0.044444444444444446,0.8,log10 per day
kaur,planktonic,amikacin,1.0,ug/mL,1000.0,10.0,5.0,7,0.7142857142857143,0.0,log10 per day
kaur,planktonic,amikacin,1.0,ug/mL,1000.0,10.0,5.0,14,0.35714285714285715,0.0,log10 per day
kaur,planktonic,amikacin,1.0,ug/mL,1000.0,10.0,5.0,30,0.16666666666666666,0.044444444444444446,log10 per day
kaur,planktonic,amikacin,1.0,ug/mL,1000.0,10.0,5.0,60,0.08333333333333333,0.5555555555555556,log10 per day
kaur,planktonic,amikacin,1.0,ug/mL,1000.0,10.0,5.0,90,0.05555555555555555,0.7333333333333333,log10 per day
kaur,planktonic,amikacin,1.0,ug/mL,1.0,2.5,2.6020599913279625,7,0.3717228559039946,0.0,log10 per day
kaur,planktonic,amikacin,1.0,ug/mL,1.0,2.5,2.6020599913279625,14,0.1858614279519973,0.022222222222222223,log10 per day
kaur,planktonic,amikacin,1.0,ug/mL,1.0,2.5,2.6020599913279625,30,0.08673533304426542,0.5333333333333333,log10 per day
kaur,planktonic,amikacin,1.0,ug/mL,1.0,2.5,2.6020599913279625,60,0.04336766652213271,0.8222222222222222,log10 per day
kaur,planktonic,amikacin,1.0,ug/mL,1.0,2.5,2.6020599913279625,90,0.028911777681421804,0.8444444444444444,log10 per day
kaur,planktonic,amikacin,1.0,ug/mL,10.0,2.5,3.6020599913279625,7,0.5145799987611375,0.0,log10 per day
kaur,planktonic,amikacin,1.0,ug/mL,10.0,2.5,3.6020599913279625,14,0.25728999938056873,0.0,log10 per day
kaur,planktonic,amikacin,1.0,ug/mL,10.0,2.5,3.6020599913279625,30,0.12006866637759875,0.28888888888888886,log10 per day
kaur,planktonic,amikacin,1.0,ug/mL,10.0,2.5,3.6020599913279625,60,0.060034333188799374,0.7111111111111111,log10 per day
kaur,planktonic,amikacin,1.0,ug/mL,10.0,2.5,3.6020599913279625,90,0.040022888792532914,0.8222222222222222,log10 per day
kaur,planktonic,amikacin,1.0,ug/mL,100.0,2.5,4.6020599913279625,7,0.6574371416182804,0.0,log10 per day
kaur,planktonic,amikacin,1.0,ug/mL,100.0,2.5,4.6020599913279625,14,0.3287185708091402,0.0,log10 per day
kaur,planktonic,amikacin,1.0,ug/mL,100.0,2.5,4.6020599913279625,30,0.15340199971093207,0.08888888888888889,log10 per day
kaur,planktonic,amikacin,1.0,ug/mL,100.0,2.5,4.6020599913279625,60,0.07670099985546604,0.6222222222222222,log10 per day
kaur,planktonic,amikacin,1.0,ug/mL,100.0,2.5,4.6020599913279625,90,0.05113399990364403,0.7333333333333333,log10 per day
kaur,planktonic,amikacin,1.0,ug/mL,1000.0,2.5,5.6020599913279625,7,0.8002942844754232,0.0,log10 per day
kaur,planktonic,amikacin,1.0,ug/mL,1000.0,2.5,5.6020599913279625,14,0.4001471422377116,0.0,log10 per day
kaur,planktonic,amikacin,1.0,ug/mL,1000.0,2.5,5.6020599913279625,30,0.18673533304426543,0.022222222222222223,log10 per day
kaur,planktonic,amikacin,1.0,ug/mL,1000.0,2.5,5.6020599913279625,60,0.09336766652213271,0.4888888888888889,log10 per day
kaur,planktonic,amikacin,1.0,ug/mL,1000.0,2.5,5.6020599913279625,90,0.06224511101475514,0.7111111111111111,log10 per day
kaur,planktonic,amikacin,4.0,ug/mL,1.0,100.0,1.0,7,0.14285714285714285,1.0,log10 per day
kaur,planktonic,amikacin,4.0,ug/mL,1.0,100.0,1.0,14,0.07142857142857142,1.0,log10 per day
kaur,planktonic,amikacin,4.0,ug/mL,1.0,100.0,1.0,30,0.03333333333333333,1.0,log10 per day
kaur,planktonic,amikacin,4.0,ug/mL,1.0,100.0,1.0,60,0.016666666666666666,1.0,log10 per day
kaur,planktonic,amikacin,4.0,ug/mL,1.0,100.0,1.0,90,0.011111111111111112,1.0,log10 per day
kaur,planktonic,amikacin,4.0,ug/mL,10.0,100.0,2.0,7,0.2857142857142857,0.9555555555555556,log10 per day
kaur,planktonic,amikacin,4.0,ug/mL,10.0,100.0,2.0,14,0.14285714285714285,1.0,log10 per day
kaur,planktonic,amikacin,4.0,ug/mL,10.0,100.0,2.0,30,0.06666666666666667,1.0,log10 per day
kaur,planktonic,amikacin,4.0,ug/mL,10.0,100.0,2.0,60,0.03333333333333333,1.0,log10 per day
kaur,planktonic,amikacin,4.0,ug/mL,10.0,100.0,2.0,90,0.022222222222222223,1.0,log10 per day
kaur,planktonic,amikacin,4.0,ug/mL,100.0,100.0,3.0,7,0.42857142857142855,0.3111111111111111,log10 per day
kaur,planktonic,amikacin,4.0,ug/mL,100.0,100.0,3.0,14,0.21428571428571427,1.0,log10 per day
kaur,planktonic,amikacin,4.0,ug/mL,100.0,100.0,3.0,30,0.1,1.0,log10 per day
kaur,planktonic,amikacin,4.0,ug/mL,100.0,100.0,3.0,60,0.05,1.0,log10 per day
kaur,planktonic,amikacin,4.0,ug/mL,100.0,100.0,3.0,90,0.03333333333333333,1.0,log10 per day
kaur,planktonic,amikacin,4.0,ug/mL,1000.0,100.0,4.0,7,0.5714285714285714,0.022222222222222223,log10 per day
kaur,planktonic,amikacin,4.0,ug/mL,1000.0,100.0,4.0,14,0.2857142857142857,0.9555555555555556,log10 per day
kaur,planktonic,amikacin,4.0,ug/mL,1000.0,100.0,4.0,30,0.13333333333333333,1.0,log10 per day
kaur,planktonic,amikacin,4.0,ug/mL,1000.0,100.0,4.0,60,0.06666666666666667,1.0,log10 per day
kaur,planktonic,amikacin,4.0,ug/mL,1000.0,100.0,4.0,90,0.044444444444444446,1.0,log10 per day
kaur,planktonic,amikacin,4.0,ug/mL,1.0,10.0,2.0,7,0.2857142857142857,0.9555555555555556,log10 per day
kaur,planktonic,amikacin,4.0,ug/mL,1.0,10.0,2.0,14,0.14285714285714285,1.0,log10 per day
kaur,planktonic,amikacin,4.0,ug/mL,1.0,10.0,2.0,30,0.06666666666666667,1.0,log10 per day
kaur,planktonic,amikacin,4.0,ug/mL,1.0,10.0,2.0,60,0.03333333333333333,1.0,log10 per day
kaur,planktonic,amikacin,4.0,ug/mL,1.0,10.0,2.0,90,0.022222222222222223,1.0,log10 per day
kaur,planktonic,amikacin,4.0,ug/mL,10.0,10.0,3.0,7,0.42857142857142855,0.3111111111111111,log10 per day
kaur,planktonic,amikacin,4.0,ug/mL,10.0,10.0,3.0,14,0.21428571428571427,1.0,log10 per day
kaur,planktonic,amikacin,4.0,ug/mL,10.0,10.0,3.0,30,0.1,1.0,log10 per day
kaur,planktonic,amikacin,4.0,ug/mL,10.0,10.0,3.0,60,0.05,1.0,log10 per day
kaur,planktonic,amikacin,4.0,ug/mL,10.0,10.0,3.0,90,0.03333333333333333,1.0,log10 per day
kaur,planktonic,amikacin,4.0,ug/mL,100.0,10.0,4.0,7,0.5714285714285714,0.022222222222222223,log10 per day
kaur,planktonic,amikacin,4.0,ug/mL,100.0,10.0,4.0,14,0.2857142857142857,0.9555555555555556,log10 per day
kaur,planktonic,amikacin,4.0,ug/mL,100.0,10.0,4.0,30,0.13333333333333333,1.0,log10 per day
kaur,planktonic,amikacin,4.0,ug/mL,100.0,10.0,4.0,60,0.06666666666666667,1.0,log10 per day
kaur,planktonic,amikacin,4.0,ug/mL,100.0,10.0,4.0,90,0.044444444444444446,1.0,log10 per day
kaur,planktonic,amikacin,4.0,ug/mL,1000.0,10.0,5.0,7,0.7142857142857143,0.0,log10 per day
kaur,planktonic,amikacin,4.0,ug/mL,1000.0,10.0,5.0,14,0.35714285714285715,0.6888888888888889,log10 per day
kaur,planktonic,amikacin,4.0,ug/mL,1000.0,10.0,5.0,30,0.16666666666666666,1.0,log10 per day
kaur,planktonic,amikacin,4.0,ug/mL,1000.0,10.0,5.0,60,0.08333333333333333,1.0,log10 per day
kaur,planktonic,amikacin,4.0,ug/mL,1000.0,10.0,5.0,90,0.05555555555555555,1.0,log10 per day
kaur,planktonic,amikacin,4.0,ug/mL,1.0,2.5,2.6020599913279625,7,0.3717228559039946,0.6,log10 per day
kaur,planktonic,amikacin,4.0,ug/mL,1.0,2.5,2.6020599913279625,14,0.1858614279519973,1.0,log10 per day
kaur,planktonic,amikacin,4.0,ug/mL,1.0,2.5,2.6020599913279625,30,0.08673533304426542,1.0,log10 per day
kaur,planktonic,amikacin,4.0,ug/mL,1.0,2.5,2.6020599913279625,60,0.04336766652213271,1.0,log10 per day
kaur,planktonic,amikacin,4.0,ug/mL,1.0,2.5,2.6020599913279625,90,0.028911777681421804,1.0,log10 per day
kaur,planktonic,amikacin,4.0,ug/mL,10.0,2.5,3.6020599913279625,7,0.5145799987611375,0.08888888888888889,log10 per day
kaur,planktonic,amikacin,4.0,ug/mL,10.0,2.5,3.6020599913279625,14,0.25728999938056873,0.9777777777777777,log10 per day
kaur,planktonic,amikacin,4.0,ug/mL,10.0,2.5,3.6020599913279625,30,0.12006866637759875,1.0,log10 per day
kaur,planktonic,amikacin,4.0,ug/mL,10.0,2.5,3.6020599913279625,60,0.060034333188799374,1.0,log10 per day
kaur,planktonic,amikacin,4.0,ug/mL,10.0,2.5,3.6020599913279625,90,0.040022888792532914,1.0,log10 per day
kaur,planktonic,amikacin,4.0,ug/mL,100.0,2.5,4.6020599913279625,7,0.6574371416182804,0.0,log10 per day
kaur,planktonic,amikacin,4.0,ug/mL,100.0,2.5,4.6020599913279625,14,0.3287185708091402,0.8,log10 per day
kaur,planktonic,amikacin,4.0,ug/mL,100.0,2.5,4.6020599913279625,30,0.15340199971093207,1.0,log10 per day
kaur,planktonic,amikacin,4.0,ug/mL,100.0,2.5,4.6020599913279625,60,0.07670099985546604,1.0,log10 per day
kaur,planktonic,amikacin,4.0,ug/mL,100.0,2.5,4.6020599913279625,90,0.05113399990364403,1.0,log10 per day
kaur,planktonic,amikacin,4.0,ug/mL,1000.0,2.5,5.6020599913279625,7,0.8002942844754232,0.0,log10 per day
kaur,planktonic,amikacin,4.0,ug/mL,1000.0,2.5,5.6020599913279625,14,0.4001471422377116,0.4666666666666667,log10 per day
kaur,planktonic,amikacin,4.0,ug/mL,1000.0,2.5,5.6020599913279625,30,0.18673533304426543,1.0,log10 per day
kaur,planktonic,amikacin,4.0,ug/mL,1000.0,2.5,5.6020599913279625,60,0.09336766652213271,1.0,log10 per day
kaur,planktonic,amikacin,4.0,ug/mL,1000.0,2.5,5.6020599913279625,90,0.06224511101475514,1.0,log10 per day
kaur,planktonic,amikacin,8.0,ug/mL,1.0,100.0,1.0,7,0.14285714285714285,1.0,log10 per day
kaur,planktonic,amikacin,8.0,ug/mL,1.0,100.0,1.0,14,0.07142857142857142,1.0,log10 per day
kaur,planktonic,amikacin,8.0,ug/mL,1.0,100.0,1.0,30,0.03333333333333333,1.0,log10 per day
kaur,planktonic,amikacin,8.0,ug/mL,1.0,100.0,1.0,60,0.016666666666666666,1.0,log10 per day
kaur,planktonic,amikacin,8.0,ug/mL,1.0,100.0,1.0,90,0.011111111111111112,1.0,log10 per day
kaur,planktonic,amikacin,8.0,ug/mL,10.0,100.0,2.0,7,0.2857142857142857,1.0,log10 per day
kaur,planktonic,amikacin,8.0,ug/mL,10.0,100.0,2.0,14,0.14285714285714285,1.0,log10 per day
kaur,planktonic,amikacin,8.0,ug/mL,10.0,100.0,2.0,30,0.06666666666666667,1.0,log10 per day
kaur,planktonic,amikacin,8.0,ug/mL,10.0,100.0,2.0,60,0.03333333333333333,1.0,log10 per day
kaur,planktonic,amikacin,8.0,ug/mL,10.0,100.0,2.0,90,0.022222222222222223,1.0,log10 per day
kaur,planktonic,amikacin,8.0,ug/mL,100.0,100.0,3.0,7,0.42857142857142855,0.3111111111111111,log10 per day
kaur,planktonic,amikacin,8.0,ug/mL,100.0,100.0,3.0,14,0.21428571428571427,1.0,log10 per day
kaur,planktonic,amikacin,8.0,ug/mL,100.0,100.0,3.0,30,0.1,1.0,log10 per day
kaur,planktonic,amikacin,8.0,ug/mL,100.0,100.0,3.0,60,0.05,1.0,log10 per day
kaur,planktonic,amikacin,8.0,ug/mL,100.0,100.0,3.0,90,0.03333333333333333,1.0,log10 per day
kaur,planktonic,amikacin,8.0,ug/mL,1000.0,100.0,4.0,7,0.5714285714285714,0.022222222222222223,log10 per day
kaur,planktonic,amikacin,8.0,ug/mL,1000.0,100.0,4.0,14,0.2857142857142857,1.0,log10 per day
kaur,planktonic,amikacin,8.0,ug/mL,1000.0,100.0,4.0,30,0.13333333333333333,1.0,log10 per day
kaur,planktonic,amikacin,8.0,ug/mL,1000.0,100.0,4.0,60,0.06666666666666667,1.0,log10 per day
kaur,planktonic,amikacin,8.0,ug/mL,1000.0,100.0,4.0,90,0.044444444444444446,1.0,log10 per day
kaur,planktonic,amikacin,8.0,ug/mL,1.0,10.0,2.0,7,0.2857142857142857,1.0,log10 per day
kaur,planktonic,amikacin,8.0,ug/mL,1.0,10.0,2.0,14,0.14285714285714285,1.0,log10 per day
kaur,planktonic,amikacin,8.0,ug/mL,1.0,10.0,2.0,30,0.06666666666666667,1.0,log10 per day
kaur,planktonic,amikacin,8.0,ug/mL,1.0,10.0,2.0,60,0.03333333333333333,1.0,log10 per day
kaur,planktonic,amikacin,8.0,ug/mL,1.0,10.0,2.0,90,0.022222222222222223,1.0,log10 per day
kaur,planktonic,amikacin,8.0,ug/mL,10.0,10.0,3.0,7,0.42857142857142855,0.3111111111111111,log10 per day
kaur,planktonic,amikacin,8.0,ug/mL,10.0,10.0,3.0,14,0.21428571428571427,1.0,log10 per day
kaur,planktonic,amikacin,8.0,ug/mL,10.0,10.0,3.0,30,0.1,1.0,log10 per day
kaur,planktonic,amikacin,8.0,ug/mL,10.0,10.0,3.0,60,0.05,1.0,log10 per day
kaur,planktonic,amikacin,8.0,ug/mL,10.0,10.0,3.0,90,0.03333333333333333,1.0,log10 per day
kaur,planktonic,amikacin,8.0,ug/mL,100.0,10.0,4.0,7,0.5714285714285714,0.022222222222222223,log10 per day
kaur,planktonic,amikacin,8.0,ug/mL,100.0,10.0,4.0,14,0.2857142857142857,1.0,log10 per day
kaur,planktonic,amikacin,8.0,ug/mL,100.0,10.0,4.0,30,0.13333333333333333,1.0,log10 per day
kaur,planktonic,amikacin,8.0,ug/mL,100.0,10.0,4.0,60,0.06666666666666667,1.0,log10 per day
kaur,planktonic,amikacin,8.0,ug/mL,100.0,10.0,4.0,90,0.044444444444444446,1.0,log10 per day
kaur,planktonic,amikacin,8.0,ug/mL,1000.0,10.0,5.0,7,0.7142857142857143,0.0,log10 per day
kaur,planktonic,amikacin,8.0,ug/mL,1000.0,10.0,5.0,14,0.35714285714285715,0.7555555555555555,log10 per day
kaur,planktonic,amikacin,8.0,ug/mL,1000.0,10.0,5.0,30,0.16666666666666666,1.0,log10 per day
kaur,planktonic,amikacin,8.0,ug/mL,1000.0,10.0,5.0,60,0.08333333333333333,1.0,log10 per day
kaur,planktonic,amikacin,8.0,ug/mL,1000.0,10.0,5.0,90,0.05555555555555555,1.0,log10 per day
kaur,planktonic,amikacin,8.0,ug/mL,1.0,2.5,2.6020599913279625,7,0.3717228559039946,0.6222222222222222,log10 per day
kaur,planktonic,amikacin,8.0,ug/mL,1.0,2.5,2.6020599913279625,14,0.1858614279519973,1.0,log10 per day
kaur,planktonic,amikacin,8.0,ug/mL,1.0,2.5,2.6020599913279625,30,0.08673533304426542,1.0,log10 per day
kaur,planktonic,amikacin,8.0,ug/mL,1.0,2.5,2.6020599913279625,60,0.04336766652213271,1.0,log10 per day
kaur,planktonic,amikacin,8.0,ug/mL,1.0,2.5,2.6020599913279625,90,0.028911777681421804,1.0,log10 per day
kaur,planktonic,amikacin,8.0,ug/mL,10.0,2.5,3.6020599913279625,7,0.5145799987611375,0.06666666666666667,log10 per day
kaur,planktonic,amikacin,8.0,ug/mL,10.0,2.5,3.6020599913279625,14,0.25728999938056873,1.0,log10 per day
kaur,planktonic,amikacin,8.0,ug/mL,10.0,2.5,3.6020599913279625,30,0.12006866637759875,1.0,log10 per day
kaur,planktonic,amikacin,8.0,ug/mL,10.0,2.5,3.6020599913279625,60,0.060034333188799374,1.0,log10 per day
kaur,planktonic,amikacin,8.0,ug/mL,10.0,2.5,3.6020599913279625,90,0.040022888792532914,1.0,log10 per day
kaur,planktonic,amikacin,8.0,ug/mL,100.0,2.5,4.6020599913279625,7,0.6574371416182804,0.0,log10 per day
kaur,planktonic,amikacin,8.0,ug/mL,100.0,2.5,4.6020599913279625,14,0.3287185708091402,0.9111111111111111,log10 per day
kaur,planktonic,amikacin,8.0,ug/mL,100.0,2.5,4.6020599913279625,30,0.15340199971093207,1.0,log10 per day
kaur,planktonic,amikacin,8.0,ug/mL,100.0,2.5,4.6020599913279625,60,0.07670099985546604,1.0,log10 per day
kaur,planktonic,amikacin,8.0,ug/mL,100.0,2.5,4.6020599913279625,90,0.05113399990364403,1.0,log10 per day
kaur,planktonic,amikacin,8.0,ug/mL,1000.0,2.5,5.6020599913279625,7,0.8002942844754232,0.0,log10 per day
kaur,planktonic,amikacin,8.0,ug/mL,1000.0,2.5,5.6020599913279625,14,0.4001471422377116,0.4444444444444444,log10 per day
kaur,planktonic,amikacin,8.0,ug/mL,1000.0,2.5,5.6020599913279625,30,0.18673533304426543,1.0,log10 per day
kaur,planktonic,amikacin,8.0,ug/mL,1000.0,2.5,5.6020599913279625,60,0.09336766652213271,1.0,log10 per day
kaur,planktonic,amikacin,8.0,ug/mL,1000.0,2.5,5.6020599913279625,90,0.06224511101475514,1.0,log10 per day
kaur,planktonic,amikacin,32.0,ug/mL,1.0,100.0,1.0,7,0.14285714285714285,1.0,log10 per day
kaur,planktonic,amikacin,32.0,ug/mL,1.0,100.0,1.0,14,0.07142857142857142,1.0,log10 per day
kaur,planktonic,amikacin,32.0,ug/mL,1.0,100.0,1.0,30,0.03333333333333333,1.0,log10 per day
kaur,planktonic,amikacin,32.0,ug/mL,1.0,100.0,1.0,60,0.016666666666666666,1.0,log10 per day
kaur,planktonic,amikacin,32.0,ug/mL,1.0,100.0,1.0,90,0.011111111111111112,1.0,log10 per day
kaur,planktonic,amikacin,32.0,ug/mL,10.0,100.0,2.0,7,0.2857142857142857,0.9333333333333333,log10 per day
kaur,planktonic,amikacin,32.0,ug/mL,10.0,100.0,2.0,14,0.14285714285714285,1.0,log10 per day
kaur,planktonic,amikacin,32.0,ug/mL,10.0,100.0,2.0,30,0.06666666666666667,1.0,log10 per day
kaur,planktonic,amikacin,32.0,ug/mL,10.0,100.0,2.0,60,0.03333333333333333,1.0,log10 per day
kaur,planktonic,amikacin,32.0,ug/mL,10.0,100.0,2.0,90,0.022222222222222223,1.0,log10 per day
kaur,planktonic,amikacin,32.0,ug/mL,100.0,100.0,3.0,7,0.42857142857142855,0.17777777777777778,log10 per day
kaur,planktonic,amikacin,32.0,ug/mL,100.0,100.0,3.0,14,0.21428571428571427,1.0,log10 per day
kaur,planktonic,amikacin,32.0,ug/mL,100.0,100.0,3.0,30,0.1,1.0,log10 per day
kaur,planktonic,amikacin,32.0,ug/mL,100.0,100.0,3.0,60,0.05,1.0,log10 per day
kaur,planktonic,amikacin,32.0,ug/mL,100.0,100.0,3.0,90,0.03333333333333333,1.0,log10 per day
kaur,planktonic,amikacin,32.0,ug/mL,1000.0,100.0,4.0,7,0.5714285714285714,0.0,log10 per day
kaur,planktonic,amikacin,32.0,ug/mL,1000.0,100.0,4.0,14,0.2857142857142857,0.9333333333333333,log10 per day
kaur,planktonic,amikacin,32.0,ug/mL,1000.0,100.0,4.0,30,0.13333333333333333,1.0,log10 per day
kaur,planktonic,amikacin,32.0,ug/mL,1000.0,100.0,4.0,60,0.06666666666666667,1.0,log10 per day
kaur,planktonic,amikacin,32.0,ug/mL,1000.0,100.0,4.0,90,0.044444444444444446,1.0,log10 per day
kaur,planktonic,amikacin,32.0,ug/mL,1.0,10.0,2.0,7,0.2857142857142857,0.9333333333333333,log10 per day
kaur,planktonic,amikacin,32.0,ug/mL,1.0,10.0,2.0,14,0.14285714285714285,1.0,log10 per day
kaur,planktonic,amikacin,32.0,ug/mL,1.0,10.0,2.0,30,0.06666666666666667,1.0,log10 per day
kaur,planktonic,amikacin,32.0,ug/mL,1.0,10.0,2.0,60,0.03333333333333333,1.0,log10 per day
kaur,planktonic,amikacin,32.0,ug/mL,1.0,10.0,2.0,90,0.022222222222222223,1.0,log10 per day
kaur,planktonic,amikacin,32.0,ug/mL,10.0,10.0,3.0,7,0.42857142857142855,0.17777777777777778,log10 per day
kaur,planktonic,amikacin,32.0,ug/mL,10.0,10.0,3.0,14,0.21428571428571427,1.0,log10 per day
kaur,planktonic,amikacin,32.0,ug/mL,10.0,10.0,3.0,30,0.1,1.0,log10 per day
kaur,planktonic,amikacin,32.0,ug/mL,10.0,10.0,3.0,60,0.05,1.0,log10 per day
kaur,planktonic,amikacin,32.0,ug/mL,10.0,10.0,3.0,90,0.03333333333333333,1.0,log10 per day
kaur,planktonic,amikacin,32.0,ug/mL,100.0,10.0,4.0,7,0.5714285714285714,0.0,log10 per day
kaur,planktonic,amikacin,32.0,ug/mL,100.0,10.0,4.0,14,0.2857142857142857,0.9333333333333333,log10 per day
kaur,planktonic,amikacin,32.0,ug/mL,100.0,10.0,4.0,30,0.13333333333333333,1.0,log10 per day
kaur,planktonic,amikacin,32.0,ug/mL,100.0,10.0,4.0,60,0.06666666666666667,1.0,log10 per day
kaur,planktonic,amikacin,32.0,ug/mL,100.0,10.0,4.0,90,0.044444444444444446,1.0,log10 per day
kaur,planktonic,amikacin,32.0,ug/mL,1000.0,10.0,5.0,7,0.7142857142857143,0.0,log10 per day
kaur,planktonic,amikacin,32.0,ug/mL,1000.0,10.0,5.0,14,0.35714285714285715,0.5777777777777777,log10 per day
kaur,planktonic,amikacin,32.0,ug/mL,1000.0,10.0,5.0,30,0.16666666666666666,1.0,log10 per day
kaur,planktonic,amikacin,32.0,ug/mL,1000.0,10.0,5.0,60,0.08333333333333333,1.0,log10 per day
kaur,planktonic,amikacin,32.0,ug/mL,1000.0,10.0,5.0,90,0.05555555555555555,1.0,log10 per day
kaur,planktonic,amikacin,32.0,ug/mL,1.0,2.5,2.6020599913279625,7,0.3717228559039946,0.4888888888888889,log10 per day
kaur,planktonic,amikacin,32.0,ug/mL,1.0,2.5,2.6020599913279625,14,0.1858614279519973,1.0,log10 per day
kaur,planktonic,amikacin,32.0,ug/mL,1.0,2.5,2.6020599913279625,30,0.08673533304426542,1.0,log10 per day
kaur,planktonic,amikacin,32.0,ug/mL,1.0,2.5,2.6020599913279625,60,0.04336766652213271,1.0,log10 per day
kaur,planktonic,amikacin,32.0,ug/mL,1.0,2.5,2.6020599913279625,90,0.028911777681421804,1.0,log10 per day
kaur,planktonic,amikacin,32.0,ug/mL,10.0,2.5,3.6020599913279625,7,0.5145799987611375,0.0,log10 per day
kaur,planktonic,amikacin,32.0,ug/mL,10.0,2.5,3.6020599913279625,14,0.25728999938056873,0.9555555555555556,log10 per day
kaur,planktonic,amikacin,32.0,ug/mL,10.0,2.5,3.6020599913279625,30,0.12006866637759875,1.0,log10 per day
kaur,planktonic,amikacin,32.0,ug/mL,10.0,2.5,3.6020599913279625,60,0.060034333188799374,1.0,log10 per day
kaur,planktonic,amikacin,32.0,ug/mL,10.0,2.5,3.6020599913279625,90,0.040022888792532914,1.0,log10 per day
kaur,planktonic,amikacin,32.0,ug/mL,100.0,2.5,4.6020599913279625,7,0.6574371416182804,0.0,log10 per day
kaur,planktonic,amikacin,32.0,ug/mL,100.0,2.5,4.6020599913279625,14,0.3287185708091402,0.8222222222222222,log10 per day
kaur,planktonic,amikacin,32.0,ug/mL,100.0,2.5,4.6020599913279625,30,0.15340199971093207,1.0,log10 per day
kaur,planktonic,amikacin,32.0,ug/mL,100.0,2.5,4.6020599913279625,60,0.07670099985546604,1.0,log10 per day
kaur,planktonic,amikacin,32.0,ug/mL,100.0,2.5,4.6020599913279625,90,0.05113399990364403,1.0,log10 per day
kaur,planktonic,amikacin,32.0,ug/mL,1000.0,2.5,5.6020599913279625,7,0.8002942844754232,0.0,log10 per day
kaur,planktonic,amikacin,32.0,ug/mL,1000.0,2.5,5.6020599913279625,14,0.4001471422377116,0.35555555555555557,log10 per day
kaur,planktonic,amikacin,32.0,ug/mL,1000.0,2.5,5.6020599913279625,30,0.18673533304426543,1.0,log10 per day
kaur,planktonic,amikacin,32.0,ug/mL,1000.0,2.5,5.6020599913279625,60,0.09336766652213271,1.0,log10 per day
kaur,planktonic,amikacin,32.0,ug/mL,1000.0,2.5,5.6020599913279625,90,0.06224511101475514,1.0,log10 per day
kaur,planktonic,amikacin,128.0,ug/mL,1.0,100.0,1.0,7,0.14285714285714285,1.0,log10 per day
kaur,planktonic,amikacin,128.0,ug/mL,1.0,100.0,1.0,14,0.07142857142857142,1.0,log10 per day
kaur,planktonic,amikacin,128.0,ug/mL,1.0,100.0,1.0,30,0.03333333333333333,1.0,log10 per day
kaur,planktonic,amikacin,128.0,ug/mL,1.0,100.0,1.0,60,0.016666666666666666,1.0,log10 per day
kaur,planktonic,amikacin,128.0,ug/mL,1.0,100.0,1.0,90,0.011111111111111112,1.0,log10 per day
kaur,planktonic,amikacin,128.0,ug/mL,10.0,100.0,2.0,7,0.2857142857142857,0.8888888888888888,log10 per day
kaur,planktonic,amikacin,128.0,ug/mL,10.0,100.0,2.0,14,0.14285714285714285,1.0,log10 per day
kaur,planktonic,amikacin,128.0,ug/mL,10.0,100.0,2.0,30,0.06666666666666667,1.0,log10 per day
kaur,planktonic,amikacin,128.0,ug/mL,10.0,100.0,2.0,60,0.03333333333333333,1.0,log10 per day
kaur,planktonic,amikacin,128.0,ug/mL,10.0,100.0,2.0,90,0.022222222222222223,1.0,log10 per day
kaur,planktonic,amikacin,128.0,ug/mL,100.0,100.0,3.0,7,0.42857142857142855,0.022222222222222223,log10 per day
kaur,planktonic,amikacin,128.0,ug/mL,100.0,100.0,3.0,14,0.21428571428571427,1.0,log10 per day
kaur,planktonic,amikacin,128.0,ug/mL,100.0,100.0,3.0,30,0.1,1.0,log10 per day
kaur,planktonic,amikacin,128.0,ug/mL,100.0,100.0,3.0,60,0.05,1.0,log10 per day
kaur,planktonic,amikacin,128.0,ug/mL,100.0,100.0,3.0,90,0.03333333333333333,1.0,log10 per day
kaur,planktonic,amikacin,128.0,ug/mL,1000.0,100.0,4.0,7,0.5714285714285714,0.0,log10 per day
kaur,planktonic,amikacin,128.0,ug/mL,1000.0,100.0,4.0,14,0.2857142857142857,0.8888888888888888,log10 per day
kaur,planktonic,amikacin,128.0,ug/mL,1000.0,100.0,4.0,30,0.13333333333333333,1.0,log10 per day
kaur,planktonic,amikacin,128.0,ug/mL,1000.0,100.0,4.0,60,0.06666666666666667,1.0,log10 per day
kaur,planktonic,amikacin,128.0,ug/mL,1000.0,100.0,4.0,90,0.044444444444444446,1.0,log10 per day
kaur,planktonic,amikacin,128.0,ug/mL,1.0,10.0,2.0,7,0.2857142857142857,0.8888888888888888,log10 per day
kaur,planktonic,amikacin,128.0,ug/mL,1.0,10.0,2.0,14,0.14285714285714285,1.0,log10 per day
kaur,planktonic,amikacin,128.0,ug/mL,1.0,10.0,2.0,30,0.06666666666666667,1.0,log10 per day
kaur,planktonic,amikacin,128.0,ug/mL,1.0,10.0,2.0,60,0.03333333333333333,1.0,log10 per day
kaur,planktonic,amikacin,128.0,ug/mL,1.0,10.0,2.0,90,0.022222222222222223,1.0,log10 per day
kaur,planktonic,amikacin,128.0,ug/mL,10.0,10.0,3.0,7,0.42857142857142855,0.022222222222222223,log10 per day
kaur,planktonic,amikacin,128.0,ug/mL,10.0,10.0,3.0,14,0.21428571428571427,1.0,log10 per day
kaur,planktonic,amikacin,128.0,ug/mL,10.0,10.0,3.0,30,0.1,1.0,log10 per day
kaur,planktonic,amikacin,128.0,ug/mL,10.0,10.0,3.0,60,0.05,1.0,log10 per day
kaur,planktonic,amikacin,128.0,ug/mL,10.0,10.0,3.0,90,0.03333333333333333,1.0,log10 per day
kaur,planktonic,amikacin,128.0,ug/mL,100.0,10.0,4.0,7,0.5714285714285714,0.0,log10 per day
kaur,planktonic,amikacin,128.0,ug/mL,100.0,10.0,4.0,14,0.2857142857142857,0.8888888888888888,log10 per day
kaur,planktonic,amikacin,128.0,ug/mL,100.0,10.0,4.0,30,0.13333333333333333,1.0,log10 per day
kaur,planktonic,amikacin,128.0,ug/mL,100.0,10.0,4.0,60,0.06666666666666667,1.0,log10 per day
kaur,planktonic,amikacin,128.0,ug/mL,100.0,10.0,4.0,90,0.044444444444444446,1.0,log10 per day
kaur,planktonic,amikacin,128.0,ug/mL,1000.0,10.0,5.0,7,0.7142857142857143,0.0,log10 per day
kaur,planktonic,amikacin,128.0,ug/mL,1000.0,10.0,5.0,14,0.35714285714285715,0.35555555555555557,log10 per day
kaur,planktonic,amikacin,128.0,ug/mL,1000.0,10.0,5.0,30,0.16666666666666666,1.0,log10 per day
kaur,planktonic,amikacin,128.0,ug/mL,1000.0,10.0,5.0,60,0.08333333333333333,1.0,log10 per day
kaur,planktonic,amikacin,128.0,ug/mL,1000.0,10.0,5.0,90,0.05555555555555555,1.0,log10 per day
kaur,planktonic,amikacin,128.0,ug/mL,1.0,2.5,2.6020599913279625,7,0.3717228559039946,0.28888888888888886,log10 per day
kaur,planktonic,amikacin,128.0,ug/mL,1.0,2.5,2.6020599913279625,14,0.1858614279519973,1.0,log10 per day
kaur,planktonic,amikacin,128.0,ug/mL,1.0,2.5,2.6020599913279625,30,0.08673533304426542,1.0,log10 per day
kaur,planktonic,amikacin,128.0,ug/mL,1.0,2.5,2.6020599913279625,60,0.04336766652213271,1.0,log10 per day
kaur,planktonic,amikacin,128.0,ug/mL,1.0,2.5,2.6020599913279625,90,0.028911777681421804,1.0,log10 per day
kaur,planktonic,amikacin,128.0,ug/mL,10.0,2.5,3.6020599913279625,7,0.5145799987611375,0.0,log10 per day
kaur,planktonic,amikacin,128.0,ug/mL,10.0,2.5,3.6020599913279625,14,0.25728999938056873,1.0,log10 per day
kaur,planktonic,amikacin,128.0,ug/mL,10.0,2.5,3.6020599913279625,30,0.12006866637759875,1.0,log10 per day
kaur,planktonic,amikacin,128.0,ug/mL,10.0,2.5,3.6020599913279625,60,0.060034333188799374,1.0,log10 per day
kaur,planktonic,amikacin,128.0,ug/mL,10.0,2.5,3.6020599913279625,90,0.040022888792532914,1.0,log10 per day
kaur,planktonic,amikacin,128.0,ug/mL,100.0,2.5,4.6020599913279625,7,0.6574371416182804,0.0,log10 per day
kaur,planktonic,amikacin,128.0,ug/mL,100.0,2.5,4.6020599913279625,14,0.3287185708091402,0.5777777777777777,log10 per day
kaur,planktonic,amikacin,128.0,ug/mL,100.0,2.5,4.6020599913279625,30,0.15340199971093207,1.0,log10 per day
kaur,planktonic,amikacin,128.0,ug/mL,100.0,2.5,4.6020599913279625,60,0.07670099985546604,1.0,log10 per day
kaur,planktonic,amikacin,128.0,ug/mL,100.0,2.5,4.6020599913279625,90,0.05113399990364403,1.0,log10 per day
kaur,planktonic,amikacin,128.0,ug/mL,1000.0,2.5,5.6020599913279625,7,0.8002942844754232,0.0,log10 per day
kaur,planktonic,amikacin,128.0,ug/mL,1000.0,2.5,5.6020599913279625,14,0.4001471422377116,0.06666666666666667,log10 per day
kaur,planktonic,amikacin,128.0,ug/mL,1000.0,2.5,5.6020599913279625,30,0.18673533304426543,1.0,log10 per day
kaur,planktonic,amikacin,128.0,ug/mL,1000.0,2.5,5.6020599913279625,60,0.09336766652213271,1.0,log10 per day
kaur,planktonic,amikacin,128.0,ug/mL,1000.0,2.5,5.6020599913279625,90,0.06224511101475514,1.0,log10 per day
kaur,planktonic,apramycin,1.0,ug/mL,1.0,100.0,1.0,7,0.14285714285714285,0.0,log10 per day
kaur,planktonic,apramycin,1.0,ug/mL,1.0,100.0,1.0,14,0.07142857142857142,0.0,log10 per day
kaur,planktonic,apramycin,1.0,ug/mL,1.0,100.0,1.0,30,0.03333333333333333,0.06666666666666667,log10 per day
kaur,planktonic,apramycin,1.0,ug/mL,1.0,100.0,1.0,60,0.016666666666666666,0.13333333333333333,log10 per day
kaur,planktonic,apramycin,1.0,ug/mL,1.0,100.0,1.0,90,0.011111111111111112,0.15555555555555556,log10 per day
kaur,planktonic,apramycin,1.0,ug/mL,10.0,100.0,2.0,7,0.2857142857142857,0.0,log10 per day
kaur,planktonic,apramycin,1.0,ug/mL,10.0,100.0,2.0,14,0.14285714285714285,0.0,log10 per day
kaur,planktonic,apramycin,1.0,ug/mL,10.0,100.0,2.0,30,0.06666666666666667,0.044444444444444446,log10 per day
kaur,planktonic,apramycin,1.0,ug/mL,10.0,100.0,2.0,60,0.03333333333333333,0.06666666666666667,log10 per day
kaur,planktonic,apramycin,1.0,ug/mL,10.0,100.0,2.0,90,0.022222222222222223,0.1111111111111111,log10 per day
kaur,planktonic,apramycin,1.0,ug/mL,100.0,100.0,3.0,7,0.42857142857142855,0.0,log10 per day
kaur,planktonic,apramycin,1.0,ug/mL,100.0,100.0,3.0,14,0.21428571428571427,0.0,log10 per day
kaur,planktonic,apramycin,1.0,ug/mL,100.0,100.0,3.0,30,0.1,0.0,log10 per day
kaur,planktonic,apramycin,1.0,ug/mL,100.0,100.0,3.0,60,0.05,0.06666666666666667,log10 per day
kaur,planktonic,apramycin,1.0,ug/mL,100.0,100.0,3.0,90,0.03333333333333333,0.06666666666666667,log10 per day
kaur,planktonic,apramycin,1.0,ug/mL,1000.0,100.0,4.0,7,0.5714285714285714,0.0,log10 per day
kaur,planktonic,apramycin,1.0,ug/mL,1000.0,100.0,4.0,14,0.2857142857142857,0.0,log10 per day
kaur,planktonic,apramycin,1.0,ug/mL,1000.0,100.0,4.0,30,0.13333333333333333,0.0,log10 per day
kaur,planktonic,apramycin,1.0,ug/mL,1000.0,100.0,4.0,60,0.06666666666666667,0.044444444444444446,log10 per day
kaur,planktonic,apramycin,1.0,ug/mL,1000.0,100.0,4.0,90,0.044444444444444446,0.06666666666666667,log10 per day
kaur,planktonic,apramycin,1.0,ug/mL,1.0,10.0,2.0,7,0.2857142857142857,0.0,log10 per day
kaur,planktonic,apramycin,1.0,ug/mL,1.0,10.0,2.0,14,0.14285714285714285,0.0,log10 per day
kaur,planktonic,apramycin,1.0,ug/mL,1.0,10.0,2.0,30,0.06666666666666667,0.044444444444444446,log10 per day
kaur,planktonic,apramycin,1.0,ug/mL,1.0,10.0,2.0,60,0.03333333333333333,0.06666666666666667,log10 per day
kaur,planktonic,apramycin,1.0,ug/mL,1.0,10.0,2.0,90,0.022222222222222223,0.1111111111111111,log10 per day
kaur,planktonic,apramycin,1.0,ug/mL,10.0,10.0,3.0,7,0.42857142857142855,0.0,log10 per day
kaur,planktonic,apramycin,1.0,ug/mL,10.0,10.0,3.0,14,0.21428571428571427,0.0,log10 per day
kaur,planktonic,apramycin,1.0,ug/mL,10.0,10.0,3.0,30,0.1,0.0,log10 per day
kaur,planktonic,apramycin,1.0,ug/mL,10.0,10.0,3.0,60,0.05,0.06666666666666667,log10 per day
kaur,planktonic,apramycin,1.0,ug/mL,10.0,10.0,3.0,90,0.03333333333333333,0.06666666666666667,log10 per day
kaur,planktonic,apramycin,1.0,ug/mL,100.0,10.0,4.0,7,0.5714285714285714,0.0,log10 per day
kaur,planktonic,apramycin,1.0,ug/mL,100.0,10.0,4.0,14,0.2857142857142857,0.0,log10 per day
kaur,planktonic,apramycin,1.0,ug/mL,100.0,10.0,4.0,30,0.13333333333333333,0.0,log10 per day
kaur,planktonic,apramycin,1.0,ug/mL,100.0,10.0,4.0,60,0.06666666666666667,0.044444444444444446,log10 per day
kaur,planktonic,apramycin,1.0,ug/mL,100.0,10.0,4.0,90,0.044444444444444446,0.06666666666666667,log10 per day
kaur,planktonic,apramycin,1.0,ug/mL,1000.0,10.0,5.0,7,0.7142857142857143,0.0,log10 per day
kaur,planktonic,apramycin,1.0,ug/mL,1000.0,10.0,5.0,14,0.35714285714285715,0.0,log10 per day
kaur,planktonic,apramycin,1.0,ug/mL,1000.0,10.0,5.0,30,0.16666666666666666,0.0,log10 per day
kaur,planktonic,apramycin,1.0,ug/mL,1000.0,10.0,5.0,60,0.08333333333333333,0.0,log10 per day
kaur,planktonic,apramycin,1.0,ug/mL,1000.0,10.0,5.0,90,0.05555555555555555,0.06666666666666667,log10 per day
kaur,planktonic,apramycin,1.0,ug/mL,1.0,2.5,2.6020599913279625,7,0.3717228559039946,0.0,log10 per day
kaur,planktonic,apramycin,1.0,ug/mL,1.0,2.5,2.6020599913279625,14,0.1858614279519973,0.0,log10 per day
kaur,planktonic,apramycin,1.0,ug/mL,1.0,2.5,2.6020599913279625,30,0.08673533304426542,0.0,log10 per day
kaur,planktonic,apramycin,1.0,ug/mL,1.0,2.5,2.6020599913279625,60,0.04336766652213271,0.06666666666666667,log10 per day
kaur,planktonic,apramycin,1.0,ug/mL,1.0,2.5,2.6020599913279625,90,0.028911777681421804,0.06666666666666667,log10 per day
kaur,planktonic,apramycin,1.0,ug/mL,10.0,2.5,3.6020599913279625,7,0.5145799987611375,0.0,log10 per day
kaur,planktonic,apramycin,1.0,ug/mL,10.0,2.5,3.6020599913279625,14,0.25728999938056873,0.0,log10 per day
kaur,planktonic,apramycin,1.0,ug/mL,10.0,2.5,3.6020599913279625,30,0.12006866637759875,0.0,log10 per day
kaur,planktonic,apramycin,1.0,ug/mL,10.0,2.5,3.6020599913279625,60,0.060034333188799374,0.06666666666666667,log10 per day
kaur,planktonic,apramycin,1.0,ug/mL,10.0,2.5,3.6020599913279625,90,0.040022888792532914,0.06666666666666667,log10 per day
kaur,planktonic,apramycin,1.0,ug/mL,100.0,2.5,4.6020599913279625,7,0.6574371416182804,0.0,log10 per day
kaur,planktonic,apramycin,1.0,ug/mL,100.0,2.5,4.6020599913279625,14,0.3287185708091402,0.0,log10 per day
kaur,planktonic,apramycin,1.0,ug/mL,100.0,2.5,4.6020599913279625,30,0.15340199971093207,0.0,log10 per day
kaur,planktonic,apramycin,1.0,ug/mL,100.0,2.5,4.6020599913279625,60,0.07670099985546604,0.0,log10 per day
kaur,planktonic,apramycin,1.0,ug/mL,100.0,2.5,4.6020599913279625,90,0.05113399990364403,0.06666666666666667,log10 per day
kaur,planktonic,apramycin,1.0,ug/mL,1000.0,2.5,5.6020599913279625,7,0.8002942844754232,0.0,log10 per day
kaur,planktonic,apramycin,1.0,ug/mL,1000.0,2.5,5.6020599913279625,14,0.4001471422377116,0.0,log10 per day
kaur,planktonic,apramycin,1.0,ug/mL,1000.0,2.5,5.6020599913279625,30,0.18673533304426543,0.0,log10 per day
kaur,planktonic,apramycin,1.0,ug/mL,1000.0,2.5,5.6020599913279625,60,0.09336766652213271,0.0,log10 per day
kaur,planktonic,apramycin,1.0,ug/mL,1000.0,2.5,5.6020599913279625,90,0.06224511101475514,0.044444444444444446,log10 per day
kaur,planktonic,apramycin,4.0,ug/mL,1.0,100.0,1.0,7,0.14285714285714285,1.0,log10 per day
kaur,planktonic,apramycin,4.0,ug/mL,1.0,100.0,1.0,14,0.07142857142857142,1.0,log10 per day
kaur,planktonic,apramycin,4.0,ug/mL,1.0,100.0,1.0,30,0.03333333333333333,1.0,log10 per day
kaur,planktonic,apramycin,4.0,ug/mL,1.0,100.0,1.0,60,0.016666666666666666,1.0,log10 per day
kaur,planktonic,apramycin,4.0,ug/mL,1.0,100.0,1.0,90,0.011111111111111112,1.0,log10 per day
kaur,planktonic,apramycin,4.0,ug/mL,10.0,100.0,2.0,7,0.2857142857142857,0.8,log10 per day
kaur,planktonic,apramycin,4.0,ug/mL,10.0,100.0,2.0,14,0.14285714285714285,1.0,log10 per day
kaur,planktonic,apramycin,4.0,ug/mL,10.0,100.0,2.0,30,0.06666666666666667,1.0,log10 per day
kaur,planktonic,apramycin,4.0,ug/mL,10.0,100.0,2.0,60,0.03333333333333333,1.0,log10 per day
kaur,planktonic,apramycin,4.0,ug/mL,10.0,100.0,2.0,90,0.022222222222222223,1.0,log10 per day
kaur,planktonic,apramycin,4.0,ug/mL,100.0,100.0,3.0,7,0.42857142857142855,0.022222222222222223,log10 per day
kaur,planktonic,apramycin,4.0,ug/mL,100.0,100.0,3.0,14,0.21428571428571427,0.9777777777777777,log10 per day
kaur,planktonic,apramycin,4.0,ug/mL,100.0,100.0,3.0,30,0.1,1.0,log10 per day
kaur,planktonic,apramycin,4.0,ug/mL,100.0,100.0,3.0,60,0.05,1.0,log10 per day
kaur,planktonic,apramycin,4.0,ug/mL,100.0,100.0,3.0,90,0.03333333333333333,1.0,log10 per day
kaur,planktonic,apramycin,4.0,ug/mL,1000.0,100.0,4.0,7,0.5714285714285714,0.0,log10 per day
kaur,planktonic,apramycin,4.0,ug/mL,1000.0,100.0,4.0,14,0.2857142857142857,0.8,log10 per day
kaur,planktonic,apramycin,4.0,ug/mL,1000.0,100.0,4.0,30,0.13333333333333333,1.0,log10 per day
kaur,planktonic,apramycin,4.0,ug/mL,1000.0,100.0,4.0,60,0.06666666666666667,1.0,log10 per day
kaur,planktonic,apramycin,4.0,ug/mL,1000.0,100.0,4.0,90,0.044444444444444446,1.0,log10 per day
kaur,planktonic,apramycin,4.0,ug/mL,1.0,10.0,2.0,7,0.2857142857142857,0.8,log10 per day
kaur,planktonic,apramycin,4.0,ug/mL,1.0,10.0,2.0,14,0.14285714285714285,1.0,log10 per day
kaur,planktonic,apramycin,4.0,ug/mL,1.0,10.0,2.0,30,0.06666666666666667,1.0,log10 per day
kaur,planktonic,apramycin,4.0,ug/mL,1.0,10.0,2.0,60,0.03333333333333333,1.0,log10 per day
kaur,planktonic,apramycin,4.0,ug/mL,1.0,10.0,2.0,90,0.022222222222222223,1.0,log10 per day
kaur,planktonic,apramycin,4.0,ug/mL,10.0,10.0,3.0,7,0.42857142857142855,0.022222222222222223,log10 per day
kaur,planktonic,apramycin,4.0,ug/mL,10.0,10.0,3.0,14,0.21428571428571427,0.9777777777777777,log10 per day
kaur,planktonic,apramycin,4.0,ug/mL,10.0,10.0,3.0,30,0.1,1.0,log10 per day
kaur,planktonic,apramycin,4.0,ug/mL,10.0,10.0,3.0,60,0.05,1.0,log10 per day
kaur,planktonic,apramycin,4.0,ug/mL,10.0,10.0,3.0,90,0.03333333333333333,1.0,log10 per day
kaur,planktonic,apramycin,4.0,ug/mL,100.0,10.0,4.0,7,0.5714285714285714,0.0,log10 per day
kaur,planktonic,apramycin,4.0,ug/mL,100.0,10.0,4.0,14,0.2857142857142857,0.8,log10 per day
kaur,planktonic,apramycin,4.0,ug/mL,100.0,10.0,4.0,30,0.13333333333333333,1.0,log10 per day
kaur,planktonic,apramycin,4.0,ug/mL,100.0,10.0,4.0,60,0.06666666666666667,1.0,log10 per day
kaur,planktonic,apramycin,4.0,ug/mL,100.0,10.0,4.0,90,0.044444444444444446,1.0,log10 per day
kaur,planktonic,apramycin,4.0,ug/mL,1000.0,10.0,5.0,7,0.7142857142857143,0.0,log10 per day
kaur,planktonic,apramycin,4.0,ug/mL,1000.0,10.0,5.0,14,0.35714285714285715,0.3333333333333333,log10 per day
kaur,planktonic,apramycin,4.0,ug/mL,1000.0,10.0,5.0,30,0.16666666666666666,1.0,log10 per day
kaur,planktonic,apramycin,4.0,ug/mL,1000.0,10.0,5.0,60,0.08333333333333333,1.0,log10 per day
kaur,planktonic,apramycin,4.0,ug/mL,1000.0,10.0,5.0,90,0.05555555555555555,1.0,log10 per day
kaur,planktonic,apramycin,4.0,ug/mL,1.0,2.5,2.6020599913279625,7,0.3717228559039946,0.26666666666666666,log10 per day
kaur,planktonic,apramycin,4.0,ug/mL,1.0,2.5,2.6020599913279625,14,0.1858614279519973,0.9777777777777777,log10 per day
kaur,planktonic,apramycin,4.0,ug/mL,1.0,2.5,2.6020599913279625,30,0.08673533304426542,1.0,log10 per day
kaur,planktonic,apramycin,4.0,ug/mL,1.0,2.5,2.6020599913279625,60,0.04336766652213271,1.0,log10 per day
kaur,planktonic,apramycin,4.0,ug/mL,1.0,2.5,2.6020599913279625,90,0.028911777681421804,1.0,log10 per day
kaur,planktonic,apramycin,4.0,ug/mL,10.0,2.5,3.6020599913279625,7,0.5145799987611375,0.0,log10 per day
kaur,planktonic,apramycin,4.0,ug/mL,10.0,2.5,3.6020599913279625,14,0.25728999938056873,0.9777777777777777,log10 per day
kaur,planktonic,apramycin,4.0,ug/mL,10.0,2.5,3.6020599913279625,30,0.12006866637759875,1.0,log10 per day
kaur,planktonic,apramycin,4.0,ug/mL,10.0,2.5,3.6020599913279625,60,0.060034333188799374,1.0,log10 per day
kaur,planktonic,apramycin,4.0,ug/mL,10.0,2.5,3.6020599913279625,90,0.040022888792532914,1.0,log10 per day
kaur,planktonic,apramycin,4.0,ug/mL,100.0,2.5,4.6020599913279625,7,0.6574371416182804,0.0,log10 per day
kaur,planktonic,apramycin,4.0,ug/mL,100.0,2.5,4.6020599913279625,14,0.3287185708091402,0.6666666666666666,log10 per day
kaur,planktonic,apramycin,4.0,ug/mL,100.0,2.5,4.6020599913279625,30,0.15340199971093207,1.0,log10 per day
kaur,planktonic,apramycin,4.0,ug/mL,100.0,2.5,4.6020599913279625,60,0.07670099985546604,1.0,log10 per day
kaur,planktonic,apramycin,4.0,ug/mL,100.0,2.5,4.6020599913279625,90,0.05113399990364403,1.0,log10 per day
kaur,planktonic,apramycin,4.0,ug/mL,1000.0,2.5,5.6020599913279625,7,0.8002942844754232,0.0,log10 per day
kaur,planktonic,apramycin,4.0,ug/mL,1000.0,2.5,5.6020599913279625,14,0.4001471422377116,0.1111111111111111,log10 per day
kaur,planktonic,apramycin,4.0,ug/mL,1000.0,2.5,5.6020599913279625,30,0.18673533304426543,0.9777777777777777,log10 per day
kaur,planktonic,apramycin,4.0,ug/mL,1000.0,2.5,5.6020599913279625,60,0.09336766652213271,1.0,log10 per day
kaur,planktonic,apramycin,4.0,ug/mL,1000.0,2.5,5.6020599913279625,90,0.06224511101475514,1.0,log10 per day
kaur,planktonic,apramycin,8.0,ug/mL,1.0,100.0,1.0,7,0.14285714285714285,1.0,log10 per day
kaur,planktonic,apramycin,8.0,ug/mL,1.0,100.0,1.0,14,0.07142857142857142,1.0,log10 per day
kaur,planktonic,apramycin,8.0,ug/mL,1.0,100.0,1.0,30,0.03333333333333333,1.0,log10 per day
kaur,planktonic,apramycin,8.0,ug/mL,1.0,100.0,1.0,60,0.016666666666666666,1.0,log10 per day
kaur,planktonic,apramycin,8.0,ug/mL,1.0,100.0,1.0,90,0.011111111111111112,1.0,log10 per day
kaur,planktonic,apramycin,8.0,ug/mL,10.0,100.0,2.0,7,0.2857142857142857,0.7333333333333333,log10 per day
kaur,planktonic,apramycin,8.0,ug/mL,10.0,100.0,2.0,14,0.14285714285714285,1.0,log10 per day
kaur,planktonic,apramycin,8.0,ug/mL,10.0,100.0,2.0,30,0.06666666666666667,1.0,log10 per day
kaur,planktonic,apramycin,8.0,ug/mL,10.0,100.0,2.0,60,0.03333333333333333,1.0,log10 per day
kaur,planktonic,apramycin,8.0,ug/mL,10.0,100.0,2.0,90,0.022222222222222223,1.0,log10 per day
kaur,planktonic,apramycin,8.0,ug/mL,100.0,100.0,3.0,7,0.42857142857142855,0.044444444444444446,log10 per day
kaur,planktonic,apramycin,8.0,ug/mL,100.0,100.0,3.0,14,0.21428571428571427,0.9555555555555556,log10 per day
kaur,planktonic,apramycin,8.0,ug/mL,100.0,100.0,3.0,30,0.1,1.0,log10 per day
kaur,planktonic,apramycin,8.0,ug/mL,100.0,100.0,3.0,60,0.05,1.0,log10 per day
kaur,planktonic,apramycin,8.0,ug/mL,100.0,100.0,3.0,90,0.03333333333333333,1.0,log10 per day
kaur,planktonic,apramycin,8.0,ug/mL,1000.0,100.0,4.0,7,0.5714285714285714,0.0,log10 per day
kaur,planktonic,apramycin,8.0,ug/mL,1000.0,100.0,4.0,14,0.2857142857142857,0.7333333333333333,log10 per day
kaur,planktonic,apramycin,8.0,ug/mL,1000.0,100.0,4.0,30,0.13333333333333333,1.0,log10 per day
kaur,planktonic,apramycin,8.0,ug/mL,1000.0,100.0,4.0,60,0.06666666666666667,1.0,log10 per day
kaur,planktonic,apramycin,8.0,ug/mL,1000.0,100.0,4.0,90,0.044444444444444446,1.0,log10 per day
kaur,planktonic,apramycin,8.0,ug/mL,1.0,10.0,2.0,7,0.2857142857142857,0.7333333333333333,log10 per day
kaur,planktonic,apramycin,8.0,ug/mL,1.0,10.0,2.0,14,0.14285714285714285,1.0,log10 per day
kaur,planktonic,apramycin,8.0,ug/mL,1.0,10.0,2.0,30,0.06666666666666667,1.0,log10 per day
kaur,planktonic,apramycin,8.0,ug/mL,1.0,10.0,2.0,60,0.03333333333333333,1.0,log10 per day
kaur,planktonic,apramycin,8.0,ug/mL,1.0,10.0,2.0,90,0.022222222222222223,1.0,log10 per day
kaur,planktonic,apramycin,8.0,ug/mL,10.0,10.0,3.0,7,0.42857142857142855,0.044444444444444446,log10 per day
kaur,planktonic,apramycin,8.0,ug/mL,10.0,10.0,3.0,14,0.21428571428571427,0.9555555555555556,log10 per day
kaur,planktonic,apramycin,8.0,ug/mL,10.0,10.0,3.0,30,0.1,1.0,log10 per day
kaur,planktonic,apramycin,8.0,ug/mL,10.0,10.0,3.0,60,0.05,1.0,log10 per day
kaur,planktonic,apramycin,8.0,ug/mL,10.0,10.0,3.0,90,0.03333333333333333,1.0,log10 per day
kaur,planktonic,apramycin,8.0,ug/mL,100.0,10.0,4.0,7,0.5714285714285714,0.0,log10 per day
kaur,planktonic,apramycin,8.0,ug/mL,100.0,10.0,4.0,14,0.2857142857142857,0.7333333333333333,log10 per day
kaur,planktonic,apramycin,8.0,ug/mL,100.0,10.0,4.0,30,0.13333333333333333,1.0,log10 per day
kaur,planktonic,apramycin,8.0,ug/mL,100.0,10.0,4.0,60,0.06666666666666667,1.0,log10 per day
kaur,planktonic,apramycin,8.0,ug/mL,100.0,10.0,4.0,90,0.044444444444444446,1.0,log10 per day
kaur,planktonic,apramycin,8.0,ug/mL,1000.0,10.0,5.0,7,0.7142857142857143,0.0,log10 per day
kaur,planktonic,apramycin,8.0,ug/mL,1000.0,10.0,5.0,14,0.35714285714285715,0.26666666666666666,log10 per day
kaur,planktonic,apramycin,8.0,ug/mL,1000.0,10.0,5.0,30,0.16666666666666666,1.0,log10 per day
kaur,planktonic,apramycin,8.0,ug/mL,1000.0,10.0,5.0,60,0.08333333333333333,1.0,log10 per day
kaur,planktonic,apramycin,8.0,ug/mL,1000.0,10.0,5.0,90,0.05555555555555555,1.0,log10 per day
kaur,planktonic,apramycin,8.0,ug/mL,1.0,2.5,2.6020599913279625,7,0.3717228559039946,0.17777777777777778,log10 per day
kaur,planktonic,apramycin,8.0,ug/mL,1.0,2.5,2.6020599913279625,14,0.1858614279519973,0.9777777777777777,log10 per day
kaur,planktonic,apramycin,8.0,ug/mL,1.0,2.5,2.6020599913279625,30,0.08673533304426542,1.0,log10 per day
kaur,planktonic,apramycin,8.0,ug/mL,1.0,2.5,2.6020599913279625,60,0.04336766652213271,1.0,log10 per day
kaur,planktonic,apramycin,8.0,ug/mL,1.0,2.5,2.6020599913279625,90,0.028911777681421804,1.0,log10 per day
kaur,planktonic,apramycin,8.0,ug/mL,10.0,2.5,3.6020599913279625,7,0.5145799987611375,0.0,log10 per day
kaur,planktonic,apramycin,8.0,ug/mL,10.0,2.5,3.6020599913279625,14,0.25728999938056873,0.8666666666666667,log10 per day
kaur,planktonic,apramycin,8.0,ug/mL,10.0,2.5,3.6020599913279625,30,0.12006866637759875,1.0,log10 per day
kaur,planktonic,apramycin,8.0,ug/mL,10.0,2.5,3.6020599913279625,60,0.060034333188799374,1.0,log10 per day
kaur,planktonic,apramycin,8.0,ug/mL,10.0,2.5,3.6020599913279625,90,0.040022888792532914,1.0,log10 per day
kaur,planktonic,apramycin,8.0,ug/mL,100.0,2.5,4.6020599913279625,7,0.6574371416182804,0.0,log10 per day
kaur,planktonic,apramycin,8.0,ug/mL,100.0,2.5,4.6020599913279625,14,0.3287185708091402,0.4666666666666667,log10 per day
kaur,planktonic,apramycin,8.0,ug/mL,100.0,2.5,4.6020599913279625,30,0.15340199971093207,1.0,log10 per day
kaur,planktonic,apramycin,8.0,ug/mL,100.0,2.5,4.6020599913279625,60,0.07670099985546604,1.0,log10 per day
kaur,planktonic,apramycin,8.0,ug/mL,100.0,2.5,4.6020599913279625,90,0.05113399990364403,1.0,log10 per day
kaur,planktonic,apramycin,8.0,ug/mL,1000.0,2.5,5.6020599913279625,7,0.8002942844754232,0.0,log10 per day
kaur,planktonic,apramycin,8.0,ug/mL,1000.0,2.5,5.6020599913279625,14,0.4001471422377116,0.06666666666666667,log10 per day
kaur,planktonic,apramycin,8.0,ug/mL,1000.0,2.5,5.6020599913279625,30,0.18673533304426543,0.9777777777777777,log10 per day
kaur,planktonic,apramycin,8.0,ug/mL,1000.0,2.5,5.6020599913279625,60,0.09336766652213271,1.0,log10 per day
kaur,planktonic,apramycin,8.0,ug/mL,1000.0,2.5,5.6020599913279625,90,0.06224511101475514,1.0,log10 per day
kaur,planktonic,apramycin,32.0,ug/mL,1.0,100.0,1.0,7,0.14285714285714285,0.9777777777777777,log10 per day
kaur,planktonic,apramycin,32.0,ug/mL,1.0,100.0,1.0,14,0.07142857142857142,1.0,log10 per day
kaur,planktonic,apramycin,32.0,ug/mL,1.0,100.0,1.0,30,0.03333333333333333,1.0,log10 per day
kaur,planktonic,apramycin,32.0,ug/mL,1.0,100.0,1.0,60,0.016666666666666666,1.0,log10 per day
kaur,planktonic,apramycin,32.0,ug/mL,1.0,100.0,1.0,90,0.011111111111111112,1.0,log10 per day
kaur,planktonic,apramycin,32.0,ug/mL,10.0,100.0,2.0,7,0.2857142857142857,0.7333333333333333,log10 per day
kaur,planktonic,apramycin,32.0,ug/mL,10.0,100.0,2.0,14,0.14285714285714285,0.9777777777777777,log10 per day
kaur,planktonic,apramycin,32.0,ug/mL,10.0,100.0,2.0,30,0.06666666666666667,1.0,log10 per day
kaur,planktonic,apramycin,32.0,ug/mL,10.0,100.0,2.0,60,0.03333333333333333,1.0,log10 per day
kaur,planktonic,apramycin,32.0,ug/mL,10.0,100.0,2.0,90,0.022222222222222223,1.0,log10 per day
kaur,planktonic,apramycin,32.0,ug/mL,100.0,100.0,3.0,7,0.42857142857142855,0.022222222222222223,log10 per day
kaur,planktonic,apramycin,32.0,ug/mL,100.0,100.0,3.0,14,0.21428571428571427,0.9555555555555556,log10 per day
kaur,planktonic,apramycin,32.0,ug/mL,100.0,100.0,3.0,30,0.1,0.9777777777777777,log10 per day
kaur,planktonic,apramycin,32.0,ug/mL,100.0,100.0,3.0,60,0.05,1.0,log10 per day
kaur,planktonic,apramycin,32.0,ug/mL,100.0,100.0,3.0,90,0.03333333333333333,1.0,log10 per day
kaur,planktonic,apramycin,32.0,ug/mL,1000.0,100.0,4.0,7,0.5714285714285714,0.0,log10 per day
kaur,planktonic,apramycin,32.0,ug/mL,1000.0,100.0,4.0,14,0.2857142857142857,0.7333333333333333,log10 per day
kaur,planktonic,apramycin,32.0,ug/mL,1000.0,100.0,4.0,30,0.13333333333333333,0.9777777777777777,log10 per day
kaur,planktonic,apramycin,32.0,ug/mL,1000.0,100.0,4.0,60,0.06666666666666667,1.0,log10 per day
kaur,planktonic,apramycin,32.0,ug/mL,1000.0,100.0,4.0,90,0.044444444444444446,1.0,log10 per day
kaur,planktonic,apramycin,32.0,ug/mL,1.0,10.0,2.0,7,0.2857142857142857,0.7333333333333333,log10 per day
kaur,planktonic,apramycin,32.0,ug/mL,1.0,10.0,2.0,14,0.14285714285714285,0.9777777777777777,log10 per day
kaur,planktonic,apramycin,32.0,ug/mL,1.0,10.0,2.0,30,0.06666666666666667,1.0,log10 per day
kaur,planktonic,apramycin,32.0,ug/mL,1.0,10.0,2.0,60,0.03333333333333333,1.0,log10 per day
kaur,planktonic,apramycin,32.0,ug/mL,1.0,10.0,2.0,90,0.022222222222222223,1.0,log10 per day
kaur,planktonic,apramycin,32.0,ug/mL,10.0,10.0,3.0,7,0.42857142857142855,0.022222222222222223,log10 per day
kaur,planktonic,apramycin,32.0,ug/mL,10.0,10.0,3.0,14,0.21428571428571427,0.9555555555555556,log10 per day
kaur,planktonic,apramycin,32.0,ug/mL,10.0,10.0,3.0,30,0.1,0.9777777777777777,log10 per day
kaur,planktonic,apramycin,32.0,ug/mL,10.0,10.0,3.0,60,0.05,1.0,log10 per day
kaur,planktonic,apramycin,32.0,ug/mL,10.0,10.0,3.0,90,0.03333333333333333,1.0,log10 per day
kaur,planktonic,apramycin,32.0,ug/mL,100.0,10.0,4.0,7,0.5714285714285714,0.0,log10 per day
kaur,planktonic,apramycin,32.0,ug/mL,100.0,10.0,4.0,14,0.2857142857142857,0.7333333333333333,log10 per day
kaur,planktonic,apramycin,32.0,ug/mL,100.0,10.0,4.0,30,0.13333333333333333,0.9777777777777777,log10 per day
kaur,planktonic,apramycin,32.0,ug/mL,100.0,10.0,4.0,60,0.06666666666666667,1.0,log10 per day
kaur,planktonic,apramycin,32.0,ug/mL,100.0,10.0,4.0,90,0.044444444444444446,1.0,log10 per day
kaur,planktonic,apramycin,32.0,ug/mL,1000.0,10.0,5.0,7,0.7142857142857143,0.0,log10 per day
kaur,planktonic,apramycin,32.0,ug/mL,1000.0,10.0,5.0,14,0.35714285714285715,0.17777777777777778,log10 per day
kaur,planktonic,apramycin,32.0,ug/mL,1000.0,10.0,5.0,30,0.16666666666666666,0.9555555555555556,log10 per day
kaur,planktonic,apramycin,32.0,ug/mL,1000.0,10.0,5.0,60,0.08333333333333333,1.0,log10 per day
kaur,planktonic,apramycin,32.0,ug/mL,1000.0,10.0,5.0,90,0.05555555555555555,1.0,log10 per day
kaur,planktonic,apramycin,32.0,ug/mL,1.0,2.5,2.6020599913279625,7,0.3717228559039946,0.1111111111111111,log10 per day
kaur,planktonic,apramycin,32.0,ug/mL,1.0,2.5,2.6020599913279625,14,0.1858614279519973,0.9555555555555556,log10 per day
kaur,planktonic,apramycin,32.0,ug/mL,1.0,2.5,2.6020599913279625,30,0.08673533304426542,1.0,log10 per day
kaur,planktonic,apramycin,32.0,ug/mL,1.0,2.5,2.6020599913279625,60,0.04336766652213271,1.0,log10 per day
kaur,planktonic,apramycin,32.0,ug/mL,1.0,2.5,2.6020599913279625,90,0.028911777681421804,1.0,log10 per day
kaur,planktonic,apramycin,32.0,ug/mL,10.0,2.5,3.6020599913279625,7,0.5145799987611375,0.0,log10 per day
kaur,planktonic,apramycin,32.0,ug/mL,10.0,2.5,3.6020599913279625,14,0.25728999938056873,0.8444444444444444,log10 per day
kaur,planktonic,apramycin,32.0,ug/mL,10.0,2.5,3.6020599913279625,30,0.12006866637759875,0.9777777777777777,log10 per day
kaur,planktonic,apramycin,32.0,ug/mL,10.0,2.5,3.6020599913279625,60,0.060034333188799374,1.0,log10 per day
kaur,planktonic,apramycin,32.0,ug/mL,10.0,2.5,3.6020599913279625,90,0.040022888792532914,1.0,log10 per day
kaur,planktonic,apramycin,32.0,ug/mL,100.0,2.5,4.6020599913279625,7,0.6574371416182804,0.0,log10 per day
kaur,planktonic,apramycin,32.0,ug/mL,100.0,2.5,4.6020599913279625,14,0.3287185708091402,0.3111111111111111,log10 per day
kaur,planktonic,apramycin,32.0,ug/mL,100.0,2.5,4.6020599913279625,30,0.15340199971093207,0.9555555555555556,log10 per day
kaur,planktonic,apramycin,32.0,ug/mL,100.0,2.5,4.6020599913279625,60,0.07670099985546604,1.0,log10 per day
kaur,planktonic,apramycin,32.0,ug/mL,100.0,2.5,4.6020599913279625,90,0.05113399990364403,1.0,log10 per day
kaur,planktonic,apramycin,32.0,ug/mL,1000.0,2.5,5.6020599913279625,7,0.8002942844754232,0.0,log10 per day
kaur,planktonic,apramycin,32.0,ug/mL,1000.0,2.5,5.6020599913279625,14,0.4001471422377116,0.044444444444444446,log10 per day
kaur,planktonic,apramycin,32.0,ug/mL,1000.0,2.5,5.6020599913279625,30,0.18673533304426543,0.9555555555555556,log10 per day
kaur,planktonic,apramycin,32.0,ug/mL,1000.0,2.5,5.6020599913279625,60,0.09336766652213271,1.0,log10 per day
kaur,planktonic,apramycin,32.0,ug/mL,1000.0,2.5,5.6020599913279625,90,0.06224511101475514,1.0,log10 per day
kaur,planktonic,apramycin,128.0,ug/mL,1.0,100.0,1.0,7,0.14285714285714285,0.9777777777777777,log10 per day
kaur,planktonic,apramycin,128.0,ug/mL,1.0,100.0,1.0,14,0.07142857142857142,1.0,log10 per day
kaur,planktonic,apramycin,128.0,ug/mL,1.0,100.0,1.0,30,0.03333333333333333,1.0,log10 per day
kaur,planktonic,apramycin,128.0,ug/mL,1.0,100.0,1.0,60,0.016666666666666666,1.0,log10 per day
kaur,planktonic,apramycin,128.0,ug/mL,1.0,100.0,1.0,90,0.011111111111111112,1.0,log10 per day
kaur,planktonic,apramycin,128.0,ug/mL,10.0,100.0,2.0,7,0.2857142857142857,0.4888888888888889,log10 per day
kaur,planktonic,apramycin,128.0,ug/mL,10.0,100.0,2.0,14,0.14285714285714285,0.9777777777777777,log10 per day
kaur,planktonic,apramycin,128.0,ug/mL,10.0,100.0,2.0,30,0.06666666666666667,1.0,log10 per day
kaur,planktonic,apramycin,128.0,ug/mL,10.0,100.0,2.0,60,0.03333333333333333,1.0,log10 per day
kaur,planktonic,apramycin,128.0,ug/mL,10.0,100.0,2.0,90,0.022222222222222223,1.0,log10 per day
kaur,planktonic,apramycin,128.0,ug/mL,100.0,100.0,3.0,7,0.42857142857142855,0.0,log10 per day
kaur,planktonic,apramycin,128.0,ug/mL,100.0,100.0,3.0,14,0.21428571428571427,0.8222222222222222,log10 per day
kaur,planktonic,apramycin,128.0,ug/mL,100.0,100.0,3.0,30,0.1,0.9777777777777777,log10 per day
kaur,planktonic,apramycin,128.0,ug/mL,100.0,100.0,3.0,60,0.05,1.0,log10 per day
kaur,planktonic,apramycin,128.0,ug/mL,100.0,100.0,3.0,90,0.03333333333333333,1.0,log10 per day
kaur,planktonic,apramycin,128.0,ug/mL,1000.0,100.0,4.0,7,0.5714285714285714,0.0,log10 per day
kaur,planktonic,apramycin,128.0,ug/mL,1000.0,100.0,4.0,14,0.2857142857142857,0.4888888888888889,log10 per day
kaur,planktonic,apramycin,128.0,ug/mL,1000.0,100.0,4.0,30,0.13333333333333333,0.9777777777777777,log10 per day
kaur,planktonic,apramycin,128.0,ug/mL,1000.0,100.0,4.0,60,0.06666666666666667,1.0,log10 per day
kaur,planktonic,apramycin,128.0,ug/mL,1000.0,100.0,4.0,90,0.044444444444444446,1.0,log10 per day
kaur,planktonic,apramycin,128.0,ug/mL,1.0,10.0,2.0,7,0.2857142857142857,0.4888888888888889,log10 per day
kaur,planktonic,apramycin,128.0,ug/mL,1.0,10.0,2.0,14,0.14285714285714285,0.9777777777777777,log10 per day
kaur,planktonic,apramycin,128.0,ug/mL,1.0,10.0,2.0,30,0.06666666666666667,1.0,log10 per day
kaur,planktonic,apramycin,128.0,ug/mL,1.0,10.0,2.0,60,0.03333333333333333,1.0,log10 per day
kaur,planktonic,apramycin,128.0,ug/mL,1.0,10.0,2.0,90,0.022222222222222223,1.0,log10 per day
kaur,planktonic,apramycin,128.0,ug/mL,10.0,10.0,3.0,7,0.42857142857142855,0.0,log10 per day
kaur,planktonic,apramycin,128.0,ug/mL,10.0,10.0,3.0,14,0.21428571428571427,0.8222222222222222,log10 per day
kaur,planktonic,apramycin,128.0,ug/mL,10.0,10.0,3.0,30,0.1,0.9777777777777777,log10 per day
kaur,planktonic,apramycin,128.0,ug/mL,10.0,10.0,3.0,60,0.05,1.0,log10 per day
kaur,planktonic,apramycin,128.0,ug/mL,10.0,10.0,3.0,90,0.03333333333333333,1.0,log10 per day
kaur,planktonic,apramycin,128.0,ug/mL,100.0,10.0,4.0,7,0.5714285714285714,0.0,log10 per day
kaur,planktonic,apramycin,128.0,ug/mL,100.0,10.0,4.0,14,0.2857142857142857,0.4888888888888889,log10 per day
kaur,planktonic,apramycin,128.0,ug/mL,100.0,10.0,4.0,30,0.13333333333333333,0.9777777777777777,log10 per day
kaur,planktonic,apramycin,128.0,ug/mL,100.0,10.0,4.0,60,0.06666666666666667,1.0,log10 per day
kaur,planktonic,apramycin,128.0,ug/mL,100.0,10.0,4.0,90,0.044444444444444446,1.0,log10 per day
kaur,planktonic,apramycin,128.0,ug/mL,1000.0,10.0,5.0,7,0.7142857142857143,0.0,log10 per day
kaur,planktonic,apramycin,128.0,ug/mL,1000.0,10.0,5.0,14,0.35714285714285715,0.08888888888888889,log10 per day
kaur,planktonic,apramycin,128.0,ug/mL,1000.0,10.0,5.0,30,0.16666666666666666,0.9555555555555556,log10 per day
kaur,planktonic,apramycin,128.0,ug/mL,1000.0,10.0,5.0,60,0.08333333333333333,1.0,log10 per day
kaur,planktonic,apramycin,128.0,ug/mL,1000.0,10.0,5.0,90,0.05555555555555555,1.0,log10 per day
kaur,planktonic,apramycin,128.0,ug/mL,1.0,2.5,2.6020599913279625,7,0.3717228559039946,0.044444444444444446,log10 per day
kaur,planktonic,apramycin,128.0,ug/mL,1.0,2.5,2.6020599913279625,14,0.1858614279519973,0.9111111111111111,log10 per day
kaur,planktonic,apramycin,128.0,ug/mL,1.0,2.5,2.6020599913279625,30,0.08673533304426542,1.0,log10 per day
kaur,planktonic,apramycin,128.0,ug/mL,1.0,2.5,2.6020599913279625,60,0.04336766652213271,1.0,log10 per day
kaur,planktonic,apramycin,128.0,ug/mL,1.0,2.5,2.6020599913279625,90,0.028911777681421804,1.0,log10 per day
kaur,planktonic,apramycin,128.0,ug/mL,10.0,2.5,3.6020599913279625,7,0.5145799987611375,0.0,log10 per day
kaur,planktonic,apramycin,128.0,ug/mL,10.0,2.5,3.6020599913279625,14,0.25728999938056873,0.6444444444444445,log10 per day
kaur,planktonic,apramycin,128.0,ug/mL,10.0,2.5,3.6020599913279625,30,0.12006866637759875,0.9777777777777777,log10 per day
kaur,planktonic,apramycin,128.0,ug/mL,10.0,2.5,3.6020599913279625,60,0.060034333188799374,1.0,log10 per day
kaur,planktonic,apramycin,128.0,ug/mL,10.0,2.5,3.6020599913279625,90,0.040022888792532914,1.0,log10 per day
kaur,planktonic,apramycin,128.0,ug/mL,100.0,2.5,4.6020599913279625,7,0.6574371416182804,0.0,log10 per day
kaur,planktonic,apramycin,128.0,ug/mL,100.0,2.5,4.6020599913279625,14,0.3287185708091402,0.2222222222222222,log10 per day
kaur,planktonic,apramycin,128.0,ug/mL,100.0,2.5,4.6020599913279625,30,0.15340199971093207,0.9777777777777777,log10 per day
kaur,planktonic,apramycin,128.0,ug/mL,100.0,2.5,4.6020599913279625,60,0.07670099985546604,1.0,log10 per day
kaur,planktonic,apramycin,128.0,ug/mL,100.0,2.5,4.6020599913279625,90,0.05113399990364403,1.0,log10 per day
kaur,planktonic,apramycin,128.0,ug/mL,1000.0,2.5,5.6020599913279625,7,0.8002942844754232,0.0,log10 per day
kaur,planktonic,apramycin,128.0,ug/mL,1000.0,2.5,5.6020599913279625,14,0.4001471422377116,0.0,log10 per day
kaur,planktonic,apramycin,128.0,ug/mL,1000.0,2.5,5.6020599913279625,30,0.18673533304426543,0.9111111111111111,log10 per day
kaur,planktonic,apramycin,128.0,ug/mL,1000.0,2.5,5.6020599913279625,60,0.09336766652213271,1.0,log10 per day
kaur,planktonic,apramycin,128.0,ug/mL,1000.0,2.5,5.6020599913279625,90,0.06224511101475514,1.0,log10 per day
kaur,planktonic,none,,,1.0,100.0,1.0,7,0.14285714285714285,0.0,log10 per day
kaur,planktonic,none,,,1.0,100.0,1.0,14,0.07142857142857142,0.0,log10 per day
kaur,planktonic,none,,,1.0,100.0,1.0,30,0.03333333333333333,0.0,log10 per day
kaur,planktonic,none,,,1.0,100.0,1.0,60,0.016666666666666666,0.0,log10 per day
kaur,planktonic,none,,,1.0,100.0,1.0,90,0.011111111111111112,0.0,log10 per day
kaur,planktonic,none,,,10.0,100.0,2.0,7,0.2857142857142857,0.0,log10 per day
kaur,planktonic,none,,,10.0,100.0,2.0,14,0.14285714285714285,0.0,log10 per day
kaur,planktonic,none,,,10.0,100.0,2.0,30,0.06666666666666667,0.0,log10 per day
kaur,planktonic,none,,,10.0,100.0,2.0,60,0.03333333333333333,0.0,log10 per day
kaur,planktonic,none,,,10.0,100.0,2.0,90,0.022222222222222223,0.0,log10 per day
kaur,planktonic,none,,,100.0,100.0,3.0,7,0.42857142857142855,0.0,log10 per day
kaur,planktonic,none,,,100.0,100.0,3.0,14,0.21428571428571427,0.0,log10 per day
kaur,planktonic,none,,,100.0,100.0,3.0,30,0.1,0.0,log10 per day
kaur,planktonic,none,,,100.0,100.0,3.0,60,0.05,0.0,log10 per day
kaur,planktonic,none,,,100.0,100.0,3.0,90,0.03333333333333333,0.0,log10 per day
kaur,planktonic,none,,,1000.0,100.0,4.0,7,0.5714285714285714,0.0,log10 per day
kaur,planktonic,none,,,1000.0,100.0,4.0,14,0.2857142857142857,0.0,log10 per day
kaur,planktonic,none,,,1000.0,100.0,4.0,30,0.13333333333333333,0.0,log10 per day
kaur,planktonic,none,,,1000.0,100.0,4.0,60,0.06666666666666667,0.0,log10 per day
kaur,planktonic,none,,,1000.0,100.0,4.0,90,0.044444444444444446,0.0,log10 per day
kaur,planktonic,none,,,1.0,10.0,2.0,7,0.2857142857142857,0.0,log10 per day
kaur,planktonic,none,,,1.0,10.0,2.0,14,0.14285714285714285,0.0,log10 per day
kaur,planktonic,none,,,1.0,10.0,2.0,30,0.06666666666666667,0.0,log10 per day
kaur,planktonic,none,,,1.0,10.0,2.0,60,0.03333333333333333,0.0,log10 per day
kaur,planktonic,none,,,1.0,10.0,2.0,90,0.022222222222222223,0.0,log10 per day
kaur,planktonic,none,,,10.0,10.0,3.0,7,0.42857142857142855,0.0,log10 per day
kaur,planktonic,none,,,10.0,10.0,3.0,14,0.21428571428571427,0.0,log10 per day
kaur,planktonic,none,,,10.0,10.0,3.0,30,0.1,0.0,log10 per day
kaur,planktonic,none,,,10.0,10.0,3.0,60,0.05,0.0,log10 per day
kaur,planktonic,none,,,10.0,10.0,3.0,90,0.03333333333333333,0.0,log10 per day
kaur,planktonic,none,,,100.0,10.0,4.0,7,0.5714285714285714,0.0,log10 per day
kaur,planktonic,none,,,100.0,10.0,4.0,14,0.2857142857142857,0.0,log10 per day
kaur,planktonic,none,,,100.0,10.0,4.0,30,0.13333333333333333,0.0,log10 per day
kaur,planktonic,none,,,100.0,10.0,4.0,60,0.06666666666666667,0.0,log10 per day
kaur,planktonic,none,,,100.0,10.0,4.0,90,0.044444444444444446,0.0,log10 per day
kaur,planktonic,none,,,1000.0,10.0,5.0,7,0.7142857142857143,0.0,log10 per day
kaur,planktonic,none,,,1000.0,10.0,5.0,14,0.35714285714285715,0.0,log10 per day
kaur,planktonic,none,,,1000.0,10.0,5.0,30,0.16666666666666666,0.0,log10 per day
kaur,planktonic,none,,,1000.0,10.0,5.0,60,0.08333333333333333,0.0,log10 per day
kaur,planktonic,none,,,1000.0,10.0,5.0,90,0.05555555555555555,0.0,log10 per day
kaur,planktonic,none,,,1.0,2.5,2.6020599913279625,7,0.3717228559039946,0.0,log10 per day
kaur,planktonic,none,,,1.0,2.5,2.6020599913279625,14,0.1858614279519973,0.0,log10 per day
kaur,planktonic,none,,,1.0,2.5,2.6020599913279625,30,0.08673533304426542,0.0,log10 per day
kaur,planktonic,none,,,1.0,2.5,2.6020599913279625,60,0.04336766652213271,0.0,log10 per day
kaur,planktonic,none,,,1.0,2.5,2.6020599913279625,90,0.028911777681421804,0.0,log10 per day
kaur,planktonic,none,,,10.0,2.5,3.6020599913279625,7,0.5145799987611375,0.0,log10 per day
kaur,planktonic,none,,,10.0,2.5,3.6020599913279625,14,0.25728999938056873,0.0,log10 per day
kaur,planktonic,none,,,10.0,2.5,3.6020599913279625,30,0.12006866637759875,0.0,log10 per day
kaur,planktonic,none,,,10.0,2.5,3.6020599913279625,60,0.060034333188799374,0.0,log10 per day
kaur,planktonic,none,,,10.0,2.5,3.6020599913279625,90,0.040022888792532914,0.0,log10 per day
kaur,planktonic,none,,,100.0,2.5,4.6020599913279625,7,0.6574371416182804,0.0,log10 per day
kaur,planktonic,none,,,100.0,2.5,4.6020599913279625,14,0.3287185708091402,0.0,log10 per day
kaur,planktonic,none,,,100.0,2.5,4.6020599913279625,30,0.15340199971093207,0.0,log10 per day
kaur,planktonic,none,,,100.0,2.5,4.6020599913279625,60,0.07670099985546604,0.0,log10 per day
kaur,planktonic,none,,,100.0,2.5,4.6020599913279625,90,0.05113399990364403,0.0,log10 per day
kaur,planktonic,none,,,1000.0,2.5,5.6020599913279625,7,0.8002942844754232,0.0,log10 per day
kaur,planktonic,none,,,1000.0,2.5,5.6020599913279625,14,0.4001471422377116,0.0,log10 per day
kaur,planktonic,none,,,1000.0,2.5,5.6020599913279625,30,0.18673533304426543,0.0,log10 per day
kaur,planktonic,none,,,1000.0,2.5,5.6020599913279625,60,0.09336766652213271,0.0,log10 per day
kaur,planktonic,none,,,1000.0,2.5,5.6020599913279625,90,0.06224511101475514,0.0,log10 per day
vijay,culture_age_15d,rifampicin,,,1.0,100.0,1.0,7,0.14285714285714285,0.7299539170506912,log10 per day
vijay,culture_age_15d,rifampicin,,,1.0,100.0,1.0,14,0.07142857142857142,0.8528417818740399,log10 per day
vijay,culture_age_15d,rifampicin,,,1.0,100.0,1.0,30,0.03333333333333333,0.893394777265745,log10 per day
vijay,culture_age_15d,rifampicin,,,1.0,100.0,1.0,60,0.016666666666666666,0.9109062980030722,log10 per day
vijay,culture_age_15d,rifampicin,,,1.0,100.0,1.0,90,0.011111111111111112,0.9152073732718894,log10 per day
vijay,culture_age_15d,rifampicin,,,10.0,100.0,2.0,7,0.2857142857142857,0.39109062980030723,log10 per day
vijay,culture_age_15d,rifampicin,,,10.0,100.0,2.0,14,0.14285714285714285,0.7299539170506912,log10 per day
vijay,culture_age_15d,rifampicin,,,10.0,100.0,2.0,30,0.06666666666666667,0.8596006144393241,log10 per day
vijay,culture_age_15d,rifampicin,,,10.0,100.0,2.0,60,0.03333333333333333,0.893394777265745,log10 per day
vijay,culture_age_15d,rifampicin,,,10.0,100.0,2.0,90,0.022222222222222223,0.9053763440860215,log10 per day
vijay,culture_age_15d,rifampicin,,,100.0,100.0,3.0,7,0.42857142857142855,0.1631336405529954,log10 per day
vijay,culture_age_15d,rifampicin,,,100.0,100.0,3.0,14,0.21428571428571427,0.5585253456221199,log10 per day
vijay,culture_age_15d,rifampicin,,,100.0,100.0,3.0,30,0.1,0.8079877112135176,log10 per day
vijay,culture_age_15d,rifampicin,,,100.0,100.0,3.0,60,0.05,0.8777265745007681,log10 per day
vijay,culture_age_15d,rifampicin,,,100.0,100.0,3.0,90,0.03333333333333333,0.893394777265745,log10 per day
vijay,culture_age_15d,rifampicin,,,1000.0,100.0,4.0,7,0.5714285714285714,0.07557603686635944,log10 per day
vijay,culture_age_15d,rifampicin,,,1000.0,100.0,4.0,14,0.2857142857142857,0.39109062980030723,log10 per day
vijay,culture_age_15d,rifampicin,,,1000.0,100.0,4.0,30,0.13333333333333333,0.7508448540706605,log10 per day
vijay,culture_age_15d,rifampicin,,,1000.0,100.0,4.0,60,0.06666666666666667,0.8596006144393241,log10 per day
vijay,culture_age_15d,rifampicin,,,1000.0,100.0,4.0,90,0.044444444444444446,0.8829493087557604,log10 per day
vijay,culture_age_15d,rifampicin,,,1.0,10.0,2.0,7,0.2857142857142857,0.39109062980030723,log10 per day
vijay,culture_age_15d,rifampicin,,,1.0,10.0,2.0,14,0.14285714285714285,0.7299539170506912,log10 per day
vijay,culture_age_15d,rifampicin,,,1.0,10.0,2.0,30,0.06666666666666667,0.8596006144393241,log10 per day
vijay,culture_age_15d,rifampicin,,,1.0,10.0,2.0,60,0.03333333333333333,0.893394777265745,log10 per day
vijay,culture_age_15d,rifampicin,,,1.0,10.0,2.0,90,0.022222222222222223,0.9053763440860215,log10 per day
vijay,culture_age_15d,rifampicin,,,10.0,10.0,3.0,7,0.42857142857142855,0.1631336405529954,log10 per day
vijay,culture_age_15d,rifampicin,,,10.0,10.0,3.0,14,0.21428571428571427,0.5585253456221199,log10 per day
vijay,culture_age_15d,rifampicin,,,10.0,10.0,3.0,30,0.1,0.8079877112135176,log10 per day
vijay,culture_age_15d,rifampicin,,,10.0,10.0,3.0,60,0.05,0.8777265745007681,log10 per day
vijay,culture_age_15d,rifampicin,,,10.0,10.0,3.0,90,0.03333333333333333,0.893394777265745,log10 per day
vijay,culture_age_15d,rifampicin,,,100.0,10.0,4.0,7,0.5714285714285714,0.07557603686635944,log10 per day
vijay,culture_age_15d,rifampicin,,,100.0,10.0,4.0,14,0.2857142857142857,0.39109062980030723,log10 per day
vijay,culture_age_15d,rifampicin,,,100.0,10.0,4.0,30,0.13333333333333333,0.7508448540706605,log10 per day
vijay,culture_age_15d,rifampicin,,,100.0,10.0,4.0,60,0.06666666666666667,0.8596006144393241,log10 per day
vijay,culture_age_15d,rifampicin,,,100.0,10.0,4.0,90,0.044444444444444446,0.8829493087557604,log10 per day
vijay,culture_age_15d,rifampicin,,,1000.0,10.0,5.0,7,0.7142857142857143,0.027649769585253458,log10 per day
vijay,culture_age_15d,rifampicin,,,1000.0,10.0,5.0,14,0.35714285714285715,0.25499231950844853,log10 per day
vijay,culture_age_15d,rifampicin,,,1000.0,10.0,5.0,30,0.16666666666666666,0.6783410138248848,log10 per day
vijay,culture_age_15d,rifampicin,,,1000.0,10.0,5.0,60,0.08333333333333333,0.834715821812596,log10 per day
vijay,culture_age_15d,rifampicin,,,1000.0,10.0,5.0,90,0.05555555555555555,0.871889400921659,log10 per day
vijay,culture_age_15d,rifampicin,,,1.0,2.5,2.6020599913279625,7,0.3717228559039946,0.23287250384024577,log10 per day
vijay,culture_age_15d,rifampicin,,,1.0,2.5,2.6020599913279625,14,0.1858614279519973,0.6368663594470046,log10 per day
vijay,culture_age_15d,rifampicin,,,1.0,2.5,2.6020599913279625,30,0.08673533304426542,0.8288786482334869,log10 per day
vijay,culture_age_15d,rifampicin,,,1.0,2.5,2.6020599913279625,60,0.04336766652213271,0.8841781874039939,log10 per day
vijay,culture_age_15d,rifampicin,,,1.0,2.5,2.6020599913279625,90,0.028911777681421804,0.8992319508448541,log10 per day
vijay,culture_age_15d,rifampicin,,,10.0,2.5,3.6020599913279625,7,0.5145799987611375,0.1010752688172043,log10 per day
vijay,culture_age_15d,rifampicin,,,10.0,2.5,3.6020599913279625,14,0.25728999938056873,0.4543778801843318,log10 per day
vijay,culture_age_15d,rifampicin,,,10.0,2.5,3.6020599913279625,30,0.12006866637759875,0.7748079877112135,log10 per day
vijay,culture_age_15d,rifampicin,,,10.0,2.5,3.6020599913279625,60,0.060034333188799374,0.8672811059907835,log10 per day
vijay,culture_age_15d,rifampicin,,,10.0,2.5,3.6020599913279625,90,0.040022888792532914,0.8872503840245776,log10 per day
vijay,culture_age_15d,rifampicin,,,100.0,2.5,4.6020599913279625,7,0.6574371416182804,0.04639016897081413,log10 per day
vijay,culture_age_15d,rifampicin,,,100.0,2.5,4.6020599913279625,14,0.3287185708091402,0.30261136712749614,log10 per day
vijay,culture_age_15d,rifampicin,,,100.0,2.5,4.6020599913279625,30,0.15340199971093207,0.7056835637480798,log10 per day
vijay,culture_age_15d,rifampicin,,,100.0,2.5,4.6020599913279625,60,0.07670099985546604,0.8451612903225807,log10 per day
vijay,culture_age_15d,rifampicin,,,100.0,2.5,4.6020599913279625,90,0.05113399990364403,0.8768049155145929,log10 per day
vijay,culture_age_15d,rifampicin,,,1000.0,2.5,5.6020599913279625,7,0.8002942844754232,0.010752688172043012,log10 per day
vijay,culture_age_15d,rifampicin,,,1000.0,2.5,5.6020599913279625,14,0.4001471422377116,0.1978494623655914,log10 per day
vijay,culture_age_15d,rifampicin,,,1000.0,2.5,5.6020599913279625,30,0.18673533304426543,0.6350230414746544,log10 per day
vijay,culture_age_15d,rifampicin,,,1000.0,2.5,5.6020599913279625,60,0.09336766652213271,0.8178187403993855,log10 per day
vijay,culture_age_15d,rifampicin,,,1000.0,2.5,5.6020599913279625,90,0.06224511101475514,0.8639016897081413,log10 per day
vijay,culture_age_30d,rifampicin,,,1.0,100.0,1.0,7,0.14285714285714285,0.7274961597542243,log10 per day
vijay,culture_age_30d,rifampicin,,,1.0,100.0,1.0,14,0.07142857142857142,0.8497695852534562,log10 per day
vijay,culture_age_30d,rifampicin,,,1.0,100.0,1.0,30,0.03333333333333333,0.896774193548387,log10 per day
vijay,culture_age_30d,rifampicin,,,1.0,100.0,1.0,60,0.016666666666666666,0.9093701996927803,log10 per day
vijay,culture_age_30d,rifampicin,,,1.0,100.0,1.0,90,0.011111111111111112,0.9142857142857143,log10 per day
vijay,culture_age_30d,rifampicin,,,10.0,100.0,2.0,7,0.2857142857142857,0.3935483870967742,log10 per day
vijay,culture_age_30d,rifampicin,,,10.0,100.0,2.0,14,0.14285714285714285,0.7274961597542243,log10 per day
vijay,culture_age_30d,rifampicin,,,10.0,100.0,2.0,30,0.06666666666666667,0.8556067588325653,log10 per day
vijay,culture_age_30d,rifampicin,,,10.0,100.0,2.0,60,0.03333333333333333,0.896774193548387,log10 per day
vijay,culture_age_30d,rifampicin,,,10.0,100.0,2.0,90,0.022222222222222223,0.904147465437788,log10 per day
vijay,culture_age_30d,rifampicin,,,100.0,100.0,3.0,7,0.42857142857142855,0.1619047619047619,log10 per day
vijay,culture_age_30d,rifampicin,,,100.0,100.0,3.0,14,0.21428571428571427,0.5594470046082949,log10 per day
vijay,culture_age_30d,rifampicin,,,100.0,100.0,3.0,30,0.1,0.8073732718894009,log10 per day
vijay,culture_age_30d,rifampicin,,,100.0,100.0,3.0,60,0.05,0.8771121351766513,log10 per day
vijay,culture_age_30d,rifampicin,,,100.0,100.0,3.0,90,0.03333333333333333,0.896774193548387,log10 per day
vijay,culture_age_30d,rifampicin,,,1000.0,100.0,4.0,7,0.5714285714285714,0.07772657450076804,log10 per day
vijay,culture_age_30d,rifampicin,,,1000.0,100.0,4.0,14,0.2857142857142857,0.3935483870967742,log10 per day
vijay,culture_age_30d,rifampicin,,,1000.0,100.0,4.0,30,0.13333333333333333,0.7496159754224271,log10 per day
vijay,culture_age_30d,rifampicin,,,1000.0,100.0,4.0,60,0.06666666666666667,0.8556067588325653,log10 per day
vijay,culture_age_30d,rifampicin,,,1000.0,100.0,4.0,90,0.044444444444444446,0.8820276497695853,log10 per day
vijay,culture_age_30d,rifampicin,,,1.0,10.0,2.0,7,0.2857142857142857,0.3935483870967742,log10 per day
vijay,culture_age_30d,rifampicin,,,1.0,10.0,2.0,14,0.14285714285714285,0.7274961597542243,log10 per day
vijay,culture_age_30d,rifampicin,,,1.0,10.0,2.0,30,0.06666666666666667,0.8556067588325653,log10 per day
vijay,culture_age_30d,rifampicin,,,1.0,10.0,2.0,60,0.03333333333333333,0.896774193548387,log10 per day
vijay,culture_age_30d,rifampicin,,,1.0,10.0,2.0,90,0.022222222222222223,0.904147465437788,log10 per day
vijay,culture_age_30d,rifampicin,,,10.0,10.0,3.0,7,0.42857142857142855,0.1619047619047619,log10 per day
vijay,culture_age_30d,rifampicin,,,10.0,10.0,3.0,14,0.21428571428571427,0.5594470046082949,log10 per day
vijay,culture_age_30d,rifampicin,,,10.0,10.0,3.0,30,0.1,0.8073732718894009,log10 per day
vijay,culture_age_30d,rifampicin,,,10.0,10.0,3.0,60,0.05,0.8771121351766513,log10 per day
vijay,culture_age_30d,rifampicin,,,10.0,10.0,3.0,90,0.03333333333333333,0.896774193548387,log10 per day
vijay,culture_age_30d,rifampicin,,,100.0,10.0,4.0,7,0.5714285714285714,0.07772657450076804,log10 per day
vijay,culture_age_30d,rifampicin,,,100.0,10.0,4.0,14,0.2857142857142857,0.3935483870967742,log10 per day
vijay,culture_age_30d,rifampicin,,,100.0,10.0,4.0,30,0.13333333333333333,0.7496159754224271,log10 per day
vijay,culture_age_30d,rifampicin,,,100.0,10.0,4.0,60,0.06666666666666667,0.8556067588325653,log10 per day
vijay,culture_age_30d,rifampicin,,,100.0,10.0,4.0,90,0.044444444444444446,0.8820276497695853,log10 per day
vijay,culture_age_30d,rifampicin,,,1000.0,10.0,5.0,7,0.7142857142857143,0.02857142857142857,log10 per day
vijay,culture_age_30d,rifampicin,,,1000.0,10.0,5.0,14,0.35714285714285715,0.261136712749616,log10 per day
vijay,culture_age_30d,rifampicin,,,1000.0,10.0,5.0,30,0.16666666666666666,0.6798771121351767,log10 per day
vijay,culture_age_30d,rifampicin,,,1000.0,10.0,5.0,60,0.08333333333333333,0.8341013824884793,log10 per day
vijay,culture_age_30d,rifampicin,,,1000.0,10.0,5.0,90,0.05555555555555555,0.8688172043010752,log10 per day
vijay,culture_age_30d,rifampicin,,,1.0,2.5,2.6020599913279625,7,0.3717228559039946,0.23870967741935484,log10 per day
vijay,culture_age_30d,rifampicin,,,1.0,2.5,2.6020599913279625,14,0.1858614279519973,0.6344086021505376,log10 per day
vijay,culture_age_30d,rifampicin,,,1.0,2.5,2.6020599913279625,30,0.08673533304426542,0.8285714285714286,log10 per day
vijay,culture_age_30d,rifampicin,,,1.0,2.5,2.6020599913279625,60,0.04336766652213271,0.8829493087557604,log10 per day
vijay,culture_age_30d,rifampicin,,,1.0,2.5,2.6020599913279625,90,0.028911777681421804,0.9010752688172043,log10 per day
vijay,culture_age_30d,rifampicin,,,10.0,2.5,3.6020599913279625,7,0.5145799987611375,0.10138248847926268,log10 per day
vijay,culture_age_30d,rifampicin,,,10.0,2.5,3.6020599913279625,14,0.25728999938056873,0.4559139784946237,log10 per day
vijay,culture_age_30d,rifampicin,,,10.0,2.5,3.6020599913279625,30,0.12006866637759875,0.7726574500768049,log10 per day
vijay,culture_age_30d,rifampicin,,,10.0,2.5,3.6020599913279625,60,0.060034333188799374,0.8654377880184332,log10 per day
vijay,culture_age_30d,rifampicin,,,10.0,2.5,3.6020599913279625,90,0.040022888792532914,0.8872503840245776,log10 per day
vijay,culture_age_30d,rifampicin,,,100.0,2.5,4.6020599913279625,7,0.6574371416182804,0.04485407066052227,log10 per day
vijay,culture_age_30d,rifampicin,,,100.0,2.5,4.6020599913279625,14,0.3287185708091402,0.30906298003072197,log10 per day
vijay,culture_age_30d,rifampicin,,,100.0,2.5,4.6020599913279625,30,0.15340199971093207,0.7081413210445469,log10 per day
vijay,culture_age_30d,rifampicin,,,100.0,2.5,4.6020599913279625,60,0.07670099985546604,0.8433179723502304,log10 per day
vijay,culture_age_30d,rifampicin,,,100.0,2.5,4.6020599913279625,90,0.05113399990364403,0.8755760368663594,log10 per day
vijay,culture_age_30d,rifampicin,,,1000.0,2.5,5.6020599913279625,7,0.8002942844754232,0.011367127496159755,log10 per day
vijay,culture_age_30d,rifampicin,,,1000.0,2.5,5.6020599913279625,14,0.4001471422377116,0.1966205837173579,log10 per day
vijay,culture_age_30d,rifampicin,,,1000.0,2.5,5.6020599913279625,30,0.18673533304426543,0.6325652841781874,log10 per day
vijay,culture_age_30d,rifampicin,,,1000.0,2.5,5.6020599913279625,60,0.09336766652213271,0.8184331797235023,log10 per day
vijay,culture_age_30d,rifampicin,,,1000.0,2.5,5.6020599913279625,90,0.06224511101475514,0.8623655913978494,log10 per day
vijay,culture_age_60d,rifampicin,,,1.0,100.0,1.0,7,0.14285714285714285,0.6958730158730159,log10 per day
vijay,culture_age_60d,rifampicin,,,1.0,100.0,1.0,14,0.07142857142857142,0.8288888888888889,log10 per day
vijay,culture_age_60d,rifampicin,,,1.0,100.0,1.0,30,0.03333333333333333,0.8749206349206349,log10 per day
vijay,culture_age_60d,rifampicin,,,1.0,100.0,1.0,60,0.016666666666666666,0.8968253968253969,log10 per day
vijay,culture_age_60d,rifampicin,,,1.0,100.0,1.0,90,0.011111111111111112,0.9003174603174603,log10 per day
vijay,culture_age_60d,rifampicin,,,10.0,100.0,2.0,7,0.2857142857142857,0.3647619047619048,log10 per day
vijay,culture_age_60d,rifampicin,,,10.0,100.0,2.0,14,0.14285714285714285,0.6958730158730159,log10 per day
vijay,culture_age_60d,rifampicin,,,10.0,100.0,2.0,30,0.06666666666666667,0.8368253968253968,log10 per day
vijay,culture_age_60d,rifampicin,,,10.0,100.0,2.0,60,0.03333333333333333,0.8749206349206349,log10 per day
vijay,culture_age_60d,rifampicin,,,10.0,100.0,2.0,90,0.022222222222222223,0.8885714285714286,log10 per day
vijay,culture_age_60d,rifampicin,,,100.0,100.0,3.0,7,0.42857142857142855,0.1492063492063492,log10 per day
vijay,culture_age_60d,rifampicin,,,100.0,100.0,3.0,14,0.21428571428571427,0.526984126984127,log10 per day
vijay,culture_age_60d,rifampicin,,,100.0,100.0,3.0,30,0.1,0.7780952380952381,log10 per day
vijay,culture_age_60d,rifampicin,,,100.0,100.0,3.0,60,0.05,0.8577777777777778,log10 per day
vijay,culture_age_60d,rifampicin,,,100.0,100.0,3.0,90,0.03333333333333333,0.8749206349206349,log10 per day
vijay,culture_age_60d,rifampicin,,,1000.0,100.0,4.0,7,0.5714285714285714,0.06857142857142857,log10 per day
vijay,culture_age_60d,rifampicin,,,1000.0,100.0,4.0,14,0.2857142857142857,0.3647619047619048,log10 per day
vijay,culture_age_60d,rifampicin,,,1000.0,100.0,4.0,30,0.13333333333333333,0.7142857142857143,log10 per day
vijay,culture_age_60d,rifampicin,,,1000.0,100.0,4.0,60,0.06666666666666667,0.8368253968253968,log10 per day
vijay,culture_age_60d,rifampicin,,,1000.0,100.0,4.0,90,0.044444444444444446,0.8615873015873016,log10 per day
vijay,culture_age_60d,rifampicin,,,1.0,10.0,2.0,7,0.2857142857142857,0.3647619047619048,log10 per day
vijay,culture_age_60d,rifampicin,,,1.0,10.0,2.0,14,0.14285714285714285,0.6958730158730159,log10 per day
vijay,culture_age_60d,rifampicin,,,1.0,10.0,2.0,30,0.06666666666666667,0.8368253968253968,log10 per day
vijay,culture_age_60d,rifampicin,,,1.0,10.0,2.0,60,0.03333333333333333,0.8749206349206349,log10 per day
vijay,culture_age_60d,rifampicin,,,1.0,10.0,2.0,90,0.022222222222222223,0.8885714285714286,log10 per day
vijay,culture_age_60d,rifampicin,,,10.0,10.0,3.0,7,0.42857142857142855,0.1492063492063492,log10 per day
vijay,culture_age_60d,rifampicin,,,10.0,10.0,3.0,14,0.21428571428571427,0.526984126984127,log10 per day
vijay,culture_age_60d,rifampicin,,,10.0,10.0,3.0,30,0.1,0.7780952380952381,log10 per day
vijay,culture_age_60d,rifampicin,,,10.0,10.0,3.0,60,0.05,0.8577777777777778,log10 per day
vijay,culture_age_60d,rifampicin,,,10.0,10.0,3.0,90,0.03333333333333333,0.8749206349206349,log10 per day
vijay,culture_age_60d,rifampicin,,,100.0,10.0,4.0,7,0.5714285714285714,0.06857142857142857,log10 per day
vijay,culture_age_60d,rifampicin,,,100.0,10.0,4.0,14,0.2857142857142857,0.3647619047619048,log10 per day
vijay,culture_age_60d,rifampicin,,,100.0,10.0,4.0,30,0.13333333333333333,0.7142857142857143,log10 per day
vijay,culture_age_60d,rifampicin,,,100.0,10.0,4.0,60,0.06666666666666667,0.8368253968253968,log10 per day
vijay,culture_age_60d,rifampicin,,,100.0,10.0,4.0,90,0.044444444444444446,0.8615873015873016,log10 per day
vijay,culture_age_60d,rifampicin,,,1000.0,10.0,5.0,7,0.7142857142857143,0.026349206349206348,log10 per day
vijay,culture_age_60d,rifampicin,,,1000.0,10.0,5.0,14,0.35714285714285715,0.2311111111111111,log10 per day
vijay,culture_age_60d,rifampicin,,,1000.0,10.0,5.0,30,0.16666666666666666,0.6393650793650794,log10 per day
vijay,culture_age_60d,rifampicin,,,1000.0,10.0,5.0,60,0.08333333333333333,0.8098412698412698,log10 per day
vijay,culture_age_60d,rifampicin,,,1000.0,10.0,5.0,90,0.05555555555555555,0.8526984126984127,log10 per day
vijay,culture_age_60d,rifampicin,,,1.0,2.5,2.6020599913279625,7,0.3717228559039946,0.21206349206349207,log10 per day
vijay,culture_age_60d,rifampicin,,,1.0,2.5,2.6020599913279625,14,0.1858614279519973,0.593015873015873,log10 per day
vijay,culture_age_60d,rifampicin,,,1.0,2.5,2.6020599913279625,30,0.08673533304426542,0.8034920634920635,log10 per day
vijay,culture_age_60d,rifampicin,,,1.0,2.5,2.6020599913279625,60,0.04336766652213271,0.8625396825396825,log10 per day
vijay,culture_age_60d,rifampicin,,,1.0,2.5,2.6020599913279625,90,0.028911777681421804,0.8819047619047619,log10 per day
vijay,culture_age_60d,rifampicin,,,10.0,2.5,3.6020599913279625,7,0.5145799987611375,0.08984126984126985,log10 per day
vijay,culture_age_60d,rifampicin,,,10.0,2.5,3.6020599913279625,14,0.25728999938056873,0.42158730158730157,log10 per day
vijay,culture_age_60d,rifampicin,,,10.0,2.5,3.6020599913279625,30,0.12006866637759875,0.7444444444444445,log10 per day
vijay,culture_age_60d,rifampicin,,,10.0,2.5,3.6020599913279625,60,0.060034333188799374,0.8473015873015873,log10 per day
vijay,culture_age_60d,rifampicin,,,10.0,2.5,3.6020599913279625,90,0.040022888792532914,0.8663492063492063,log10 per day
vijay,culture_age_60d,rifampicin,,,100.0,2.5,4.6020599913279625,7,0.6574371416182804,0.03841269841269841,log10 per day
vijay,culture_age_60d,rifampicin,,,100.0,2.5,4.6020599913279625,14,0.3287185708091402,0.27904761904761904,log10 per day
vijay,culture_age_60d,rifampicin,,,100.0,2.5,4.6020599913279625,30,0.15340199971093207,0.6749206349206349,log10 per day
vijay,culture_age_60d,rifampicin,,,100.0,2.5,4.6020599913279625,60,0.07670099985546604,0.8206349206349206,log10 per day
vijay,culture_age_60d,rifampicin,,,100.0,2.5,4.6020599913279625,90,0.05113399990364403,0.8568253968253968,log10 per day
vijay,culture_age_60d,rifampicin,,,1000.0,2.5,5.6020599913279625,7,0.8002942844754232,0.010793650793650795,log10 per day
vijay,culture_age_60d,rifampicin,,,1000.0,2.5,5.6020599913279625,14,0.4001471422377116,0.17714285714285713,log10 per day
vijay,culture_age_60d,rifampicin,,,1000.0,2.5,5.6020599913279625,30,0.18673533304426543,0.5917460317460318,log10 per day
vijay,culture_age_60d,rifampicin,,,1000.0,2.5,5.6020599913279625,60,0.09336766652213271,0.7911111111111111,log10 per day
vijay,culture_age_60d,rifampicin,,,1000.0,2.5,5.6020599913279625,90,0.06224511101475514,0.8441269841269842,log10 per day
windels,nutrient_0.0,amikacin,12.5,ug/mL,1.0,100.0,1.0,7,0.14285714285714285,1.0,log10 per day
windels,nutrient_0.0,amikacin,12.5,ug/mL,1.0,100.0,1.0,14,0.07142857142857142,1.0,log10 per day
windels,nutrient_0.0,amikacin,12.5,ug/mL,1.0,100.0,1.0,30,0.03333333333333333,1.0,log10 per day
windels,nutrient_0.0,amikacin,12.5,ug/mL,1.0,100.0,1.0,60,0.016666666666666666,1.0,log10 per day
windels,nutrient_0.0,amikacin,12.5,ug/mL,1.0,100.0,1.0,90,0.011111111111111112,1.0,log10 per day
windels,nutrient_0.0,amikacin,12.5,ug/mL,10.0,100.0,2.0,7,0.2857142857142857,1.0,log10 per day
windels,nutrient_0.0,amikacin,12.5,ug/mL,10.0,100.0,2.0,14,0.14285714285714285,1.0,log10 per day
windels,nutrient_0.0,amikacin,12.5,ug/mL,10.0,100.0,2.0,30,0.06666666666666667,1.0,log10 per day
windels,nutrient_0.0,amikacin,12.5,ug/mL,10.0,100.0,2.0,60,0.03333333333333333,1.0,log10 per day
windels,nutrient_0.0,amikacin,12.5,ug/mL,10.0,100.0,2.0,90,0.022222222222222223,1.0,log10 per day
windels,nutrient_0.0,amikacin,12.5,ug/mL,100.0,100.0,3.0,7,0.42857142857142855,1.0,log10 per day
windels,nutrient_0.0,amikacin,12.5,ug/mL,100.0,100.0,3.0,14,0.21428571428571427,1.0,log10 per day
windels,nutrient_0.0,amikacin,12.5,ug/mL,100.0,100.0,3.0,30,0.1,1.0,log10 per day
windels,nutrient_0.0,amikacin,12.5,ug/mL,100.0,100.0,3.0,60,0.05,1.0,log10 per day
windels,nutrient_0.0,amikacin,12.5,ug/mL,100.0,100.0,3.0,90,0.03333333333333333,1.0,log10 per day
windels,nutrient_0.0,amikacin,12.5,ug/mL,1000.0,100.0,4.0,7,0.5714285714285714,1.0,log10 per day
windels,nutrient_0.0,amikacin,12.5,ug/mL,1000.0,100.0,4.0,14,0.2857142857142857,1.0,log10 per day
windels,nutrient_0.0,amikacin,12.5,ug/mL,1000.0,100.0,4.0,30,0.13333333333333333,1.0,log10 per day
windels,nutrient_0.0,amikacin,12.5,ug/mL,1000.0,100.0,4.0,60,0.06666666666666667,1.0,log10 per day
windels,nutrient_0.0,amikacin,12.5,ug/mL,1000.0,100.0,4.0,90,0.044444444444444446,1.0,log10 per day
windels,nutrient_0.0,amikacin,12.5,ug/mL,1.0,10.0,2.0,7,0.2857142857142857,1.0,log10 per day
windels,nutrient_0.0,amikacin,12.5,ug/mL,1.0,10.0,2.0,14,0.14285714285714285,1.0,log10 per day
windels,nutrient_0.0,amikacin,12.5,ug/mL,1.0,10.0,2.0,30,0.06666666666666667,1.0,log10 per day
windels,nutrient_0.0,amikacin,12.5,ug/mL,1.0,10.0,2.0,60,0.03333333333333333,1.0,log10 per day
windels,nutrient_0.0,amikacin,12.5,ug/mL,1.0,10.0,2.0,90,0.022222222222222223,1.0,log10 per day
windels,nutrient_0.0,amikacin,12.5,ug/mL,10.0,10.0,3.0,7,0.42857142857142855,1.0,log10 per day
windels,nutrient_0.0,amikacin,12.5,ug/mL,10.0,10.0,3.0,14,0.21428571428571427,1.0,log10 per day
windels,nutrient_0.0,amikacin,12.5,ug/mL,10.0,10.0,3.0,30,0.1,1.0,log10 per day
windels,nutrient_0.0,amikacin,12.5,ug/mL,10.0,10.0,3.0,60,0.05,1.0,log10 per day
windels,nutrient_0.0,amikacin,12.5,ug/mL,10.0,10.0,3.0,90,0.03333333333333333,1.0,log10 per day
windels,nutrient_0.0,amikacin,12.5,ug/mL,100.0,10.0,4.0,7,0.5714285714285714,1.0,log10 per day
windels,nutrient_0.0,amikacin,12.5,ug/mL,100.0,10.0,4.0,14,0.2857142857142857,1.0,log10 per day
windels,nutrient_0.0,amikacin,12.5,ug/mL,100.0,10.0,4.0,30,0.13333333333333333,1.0,log10 per day
windels,nutrient_0.0,amikacin,12.5,ug/mL,100.0,10.0,4.0,60,0.06666666666666667,1.0,log10 per day
windels,nutrient_0.0,amikacin,12.5,ug/mL,100.0,10.0,4.0,90,0.044444444444444446,1.0,log10 per day
windels,nutrient_0.0,amikacin,12.5,ug/mL,1000.0,10.0,5.0,7,0.7142857142857143,1.0,log10 per day
windels,nutrient_0.0,amikacin,12.5,ug/mL,1000.0,10.0,5.0,14,0.35714285714285715,1.0,log10 per day
windels,nutrient_0.0,amikacin,12.5,ug/mL,1000.0,10.0,5.0,30,0.16666666666666666,1.0,log10 per day
windels,nutrient_0.0,amikacin,12.5,ug/mL,1000.0,10.0,5.0,60,0.08333333333333333,1.0,log10 per day
windels,nutrient_0.0,amikacin,12.5,ug/mL,1000.0,10.0,5.0,90,0.05555555555555555,1.0,log10 per day
windels,nutrient_0.0,amikacin,12.5,ug/mL,1.0,2.5,2.6020599913279625,7,0.3717228559039946,1.0,log10 per day
windels,nutrient_0.0,amikacin,12.5,ug/mL,1.0,2.5,2.6020599913279625,14,0.1858614279519973,1.0,log10 per day
windels,nutrient_0.0,amikacin,12.5,ug/mL,1.0,2.5,2.6020599913279625,30,0.08673533304426542,1.0,log10 per day
windels,nutrient_0.0,amikacin,12.5,ug/mL,1.0,2.5,2.6020599913279625,60,0.04336766652213271,1.0,log10 per day
windels,nutrient_0.0,amikacin,12.5,ug/mL,1.0,2.5,2.6020599913279625,90,0.028911777681421804,1.0,log10 per day
windels,nutrient_0.0,amikacin,12.5,ug/mL,10.0,2.5,3.6020599913279625,7,0.5145799987611375,1.0,log10 per day
windels,nutrient_0.0,amikacin,12.5,ug/mL,10.0,2.5,3.6020599913279625,14,0.25728999938056873,1.0,log10 per day
windels,nutrient_0.0,amikacin,12.5,ug/mL,10.0,2.5,3.6020599913279625,30,0.12006866637759875,1.0,log10 per day
windels,nutrient_0.0,amikacin,12.5,ug/mL,10.0,2.5,3.6020599913279625,60,0.060034333188799374,1.0,log10 per day
windels,nutrient_0.0,amikacin,12.5,ug/mL,10.0,2.5,3.6020599913279625,90,0.040022888792532914,1.0,log10 per day
windels,nutrient_0.0,amikacin,12.5,ug/mL,100.0,2.5,4.6020599913279625,7,0.6574371416182804,1.0,log10 per day
windels,nutrient_0.0,amikacin,12.5,ug/mL,100.0,2.5,4.6020599913279625,14,0.3287185708091402,1.0,log10 per day
windels,nutrient_0.0,amikacin,12.5,ug/mL,100.0,2.5,4.6020599913279625,30,0.15340199971093207,1.0,log10 per day
windels,nutrient_0.0,amikacin,12.5,ug/mL,100.0,2.5,4.6020599913279625,60,0.07670099985546604,1.0,log10 per day
windels,nutrient_0.0,amikacin,12.5,ug/mL,100.0,2.5,4.6020599913279625,90,0.05113399990364403,1.0,log10 per day
windels,nutrient_0.0,amikacin,12.5,ug/mL,1000.0,2.5,5.6020599913279625,7,0.8002942844754232,1.0,log10 per day
windels,nutrient_0.0,amikacin,12.5,ug/mL,1000.0,2.5,5.6020599913279625,14,0.4001471422377116,1.0,log10 per day
windels,nutrient_0.0,amikacin,12.5,ug/mL,1000.0,2.5,5.6020599913279625,30,0.18673533304426543,1.0,log10 per day
windels,nutrient_0.0,amikacin,12.5,ug/mL,1000.0,2.5,5.6020599913279625,60,0.09336766652213271,1.0,log10 per day
windels,nutrient_0.0,amikacin,12.5,ug/mL,1000.0,2.5,5.6020599913279625,90,0.06224511101475514,1.0,log10 per day
windels,nutrient_0.0,amikacin,25.0,ug/mL,1.0,100.0,1.0,7,0.14285714285714285,1.0,log10 per day
windels,nutrient_0.0,amikacin,25.0,ug/mL,1.0,100.0,1.0,14,0.07142857142857142,1.0,log10 per day
windels,nutrient_0.0,amikacin,25.0,ug/mL,1.0,100.0,1.0,30,0.03333333333333333,1.0,log10 per day
windels,nutrient_0.0,amikacin,25.0,ug/mL,1.0,100.0,1.0,60,0.016666666666666666,1.0,log10 per day
windels,nutrient_0.0,amikacin,25.0,ug/mL,1.0,100.0,1.0,90,0.011111111111111112,1.0,log10 per day
windels,nutrient_0.0,amikacin,25.0,ug/mL,10.0,100.0,2.0,7,0.2857142857142857,1.0,log10 per day
windels,nutrient_0.0,amikacin,25.0,ug/mL,10.0,100.0,2.0,14,0.14285714285714285,1.0,log10 per day
windels,nutrient_0.0,amikacin,25.0,ug/mL,10.0,100.0,2.0,30,0.06666666666666667,1.0,log10 per day
windels,nutrient_0.0,amikacin,25.0,ug/mL,10.0,100.0,2.0,60,0.03333333333333333,1.0,log10 per day
windels,nutrient_0.0,amikacin,25.0,ug/mL,10.0,100.0,2.0,90,0.022222222222222223,1.0,log10 per day
windels,nutrient_0.0,amikacin,25.0,ug/mL,100.0,100.0,3.0,7,0.42857142857142855,1.0,log10 per day
windels,nutrient_0.0,amikacin,25.0,ug/mL,100.0,100.0,3.0,14,0.21428571428571427,1.0,log10 per day
windels,nutrient_0.0,amikacin,25.0,ug/mL,100.0,100.0,3.0,30,0.1,1.0,log10 per day
windels,nutrient_0.0,amikacin,25.0,ug/mL,100.0,100.0,3.0,60,0.05,1.0,log10 per day
windels,nutrient_0.0,amikacin,25.0,ug/mL,100.0,100.0,3.0,90,0.03333333333333333,1.0,log10 per day
windels,nutrient_0.0,amikacin,25.0,ug/mL,1000.0,100.0,4.0,7,0.5714285714285714,1.0,log10 per day
windels,nutrient_0.0,amikacin,25.0,ug/mL,1000.0,100.0,4.0,14,0.2857142857142857,1.0,log10 per day
windels,nutrient_0.0,amikacin,25.0,ug/mL,1000.0,100.0,4.0,30,0.13333333333333333,1.0,log10 per day
windels,nutrient_0.0,amikacin,25.0,ug/mL,1000.0,100.0,4.0,60,0.06666666666666667,1.0,log10 per day
windels,nutrient_0.0,amikacin,25.0,ug/mL,1000.0,100.0,4.0,90,0.044444444444444446,1.0,log10 per day
windels,nutrient_0.0,amikacin,25.0,ug/mL,1.0,10.0,2.0,7,0.2857142857142857,1.0,log10 per day
windels,nutrient_0.0,amikacin,25.0,ug/mL,1.0,10.0,2.0,14,0.14285714285714285,1.0,log10 per day
windels,nutrient_0.0,amikacin,25.0,ug/mL,1.0,10.0,2.0,30,0.06666666666666667,1.0,log10 per day
windels,nutrient_0.0,amikacin,25.0,ug/mL,1.0,10.0,2.0,60,0.03333333333333333,1.0,log10 per day
windels,nutrient_0.0,amikacin,25.0,ug/mL,1.0,10.0,2.0,90,0.022222222222222223,1.0,log10 per day
windels,nutrient_0.0,amikacin,25.0,ug/mL,10.0,10.0,3.0,7,0.42857142857142855,1.0,log10 per day
windels,nutrient_0.0,amikacin,25.0,ug/mL,10.0,10.0,3.0,14,0.21428571428571427,1.0,log10 per day
windels,nutrient_0.0,amikacin,25.0,ug/mL,10.0,10.0,3.0,30,0.1,1.0,log10 per day
windels,nutrient_0.0,amikacin,25.0,ug/mL,10.0,10.0,3.0,60,0.05,1.0,log10 per day
windels,nutrient_0.0,amikacin,25.0,ug/mL,10.0,10.0,3.0,90,0.03333333333333333,1.0,log10 per day
windels,nutrient_0.0,amikacin,25.0,ug/mL,100.0,10.0,4.0,7,0.5714285714285714,1.0,log10 per day
windels,nutrient_0.0,amikacin,25.0,ug/mL,100.0,10.0,4.0,14,0.2857142857142857,1.0,log10 per day
windels,nutrient_0.0,amikacin,25.0,ug/mL,100.0,10.0,4.0,30,0.13333333333333333,1.0,log10 per day
windels,nutrient_0.0,amikacin,25.0,ug/mL,100.0,10.0,4.0,60,0.06666666666666667,1.0,log10 per day
windels,nutrient_0.0,amikacin,25.0,ug/mL,100.0,10.0,4.0,90,0.044444444444444446,1.0,log10 per day
windels,nutrient_0.0,amikacin,25.0,ug/mL,1000.0,10.0,5.0,7,0.7142857142857143,1.0,log10 per day
windels,nutrient_0.0,amikacin,25.0,ug/mL,1000.0,10.0,5.0,14,0.35714285714285715,1.0,log10 per day
windels,nutrient_0.0,amikacin,25.0,ug/mL,1000.0,10.0,5.0,30,0.16666666666666666,1.0,log10 per day
windels,nutrient_0.0,amikacin,25.0,ug/mL,1000.0,10.0,5.0,60,0.08333333333333333,1.0,log10 per day
windels,nutrient_0.0,amikacin,25.0,ug/mL,1000.0,10.0,5.0,90,0.05555555555555555,1.0,log10 per day
windels,nutrient_0.0,amikacin,25.0,ug/mL,1.0,2.5,2.6020599913279625,7,0.3717228559039946,1.0,log10 per day
windels,nutrient_0.0,amikacin,25.0,ug/mL,1.0,2.5,2.6020599913279625,14,0.1858614279519973,1.0,log10 per day
windels,nutrient_0.0,amikacin,25.0,ug/mL,1.0,2.5,2.6020599913279625,30,0.08673533304426542,1.0,log10 per day
windels,nutrient_0.0,amikacin,25.0,ug/mL,1.0,2.5,2.6020599913279625,60,0.04336766652213271,1.0,log10 per day
windels,nutrient_0.0,amikacin,25.0,ug/mL,1.0,2.5,2.6020599913279625,90,0.028911777681421804,1.0,log10 per day
windels,nutrient_0.0,amikacin,25.0,ug/mL,10.0,2.5,3.6020599913279625,7,0.5145799987611375,1.0,log10 per day
windels,nutrient_0.0,amikacin,25.0,ug/mL,10.0,2.5,3.6020599913279625,14,0.25728999938056873,1.0,log10 per day
windels,nutrient_0.0,amikacin,25.0,ug/mL,10.0,2.5,3.6020599913279625,30,0.12006866637759875,1.0,log10 per day
windels,nutrient_0.0,amikacin,25.0,ug/mL,10.0,2.5,3.6020599913279625,60,0.060034333188799374,1.0,log10 per day
windels,nutrient_0.0,amikacin,25.0,ug/mL,10.0,2.5,3.6020599913279625,90,0.040022888792532914,1.0,log10 per day
windels,nutrient_0.0,amikacin,25.0,ug/mL,100.0,2.5,4.6020599913279625,7,0.6574371416182804,1.0,log10 per day
windels,nutrient_0.0,amikacin,25.0,ug/mL,100.0,2.5,4.6020599913279625,14,0.3287185708091402,1.0,log10 per day
windels,nutrient_0.0,amikacin,25.0,ug/mL,100.0,2.5,4.6020599913279625,30,0.15340199971093207,1.0,log10 per day
windels,nutrient_0.0,amikacin,25.0,ug/mL,100.0,2.5,4.6020599913279625,60,0.07670099985546604,1.0,log10 per day
windels,nutrient_0.0,amikacin,25.0,ug/mL,100.0,2.5,4.6020599913279625,90,0.05113399990364403,1.0,log10 per day
windels,nutrient_0.0,amikacin,25.0,ug/mL,1000.0,2.5,5.6020599913279625,7,0.8002942844754232,1.0,log10 per day
windels,nutrient_0.0,amikacin,25.0,ug/mL,1000.0,2.5,5.6020599913279625,14,0.4001471422377116,1.0,log10 per day
windels,nutrient_0.0,amikacin,25.0,ug/mL,1000.0,2.5,5.6020599913279625,30,0.18673533304426543,1.0,log10 per day
windels,nutrient_0.0,amikacin,25.0,ug/mL,1000.0,2.5,5.6020599913279625,60,0.09336766652213271,1.0,log10 per day
windels,nutrient_0.0,amikacin,25.0,ug/mL,1000.0,2.5,5.6020599913279625,90,0.06224511101475514,1.0,log10 per day
windels,nutrient_0.0,amikacin,50.0,ug/mL,1.0,100.0,1.0,7,0.14285714285714285,1.0,log10 per day
windels,nutrient_0.0,amikacin,50.0,ug/mL,1.0,100.0,1.0,14,0.07142857142857142,1.0,log10 per day
windels,nutrient_0.0,amikacin,50.0,ug/mL,1.0,100.0,1.0,30,0.03333333333333333,1.0,log10 per day
windels,nutrient_0.0,amikacin,50.0,ug/mL,1.0,100.0,1.0,60,0.016666666666666666,1.0,log10 per day
windels,nutrient_0.0,amikacin,50.0,ug/mL,1.0,100.0,1.0,90,0.011111111111111112,1.0,log10 per day
windels,nutrient_0.0,amikacin,50.0,ug/mL,10.0,100.0,2.0,7,0.2857142857142857,1.0,log10 per day
windels,nutrient_0.0,amikacin,50.0,ug/mL,10.0,100.0,2.0,14,0.14285714285714285,1.0,log10 per day
windels,nutrient_0.0,amikacin,50.0,ug/mL,10.0,100.0,2.0,30,0.06666666666666667,1.0,log10 per day
windels,nutrient_0.0,amikacin,50.0,ug/mL,10.0,100.0,2.0,60,0.03333333333333333,1.0,log10 per day
windels,nutrient_0.0,amikacin,50.0,ug/mL,10.0,100.0,2.0,90,0.022222222222222223,1.0,log10 per day
windels,nutrient_0.0,amikacin,50.0,ug/mL,100.0,100.0,3.0,7,0.42857142857142855,1.0,log10 per day
windels,nutrient_0.0,amikacin,50.0,ug/mL,100.0,100.0,3.0,14,0.21428571428571427,1.0,log10 per day
windels,nutrient_0.0,amikacin,50.0,ug/mL,100.0,100.0,3.0,30,0.1,1.0,log10 per day
windels,nutrient_0.0,amikacin,50.0,ug/mL,100.0,100.0,3.0,60,0.05,1.0,log10 per day
windels,nutrient_0.0,amikacin,50.0,ug/mL,100.0,100.0,3.0,90,0.03333333333333333,1.0,log10 per day
windels,nutrient_0.0,amikacin,50.0,ug/mL,1000.0,100.0,4.0,7,0.5714285714285714,1.0,log10 per day
windels,nutrient_0.0,amikacin,50.0,ug/mL,1000.0,100.0,4.0,14,0.2857142857142857,1.0,log10 per day
windels,nutrient_0.0,amikacin,50.0,ug/mL,1000.0,100.0,4.0,30,0.13333333333333333,1.0,log10 per day
windels,nutrient_0.0,amikacin,50.0,ug/mL,1000.0,100.0,4.0,60,0.06666666666666667,1.0,log10 per day
windels,nutrient_0.0,amikacin,50.0,ug/mL,1000.0,100.0,4.0,90,0.044444444444444446,1.0,log10 per day
windels,nutrient_0.0,amikacin,50.0,ug/mL,1.0,10.0,2.0,7,0.2857142857142857,1.0,log10 per day
windels,nutrient_0.0,amikacin,50.0,ug/mL,1.0,10.0,2.0,14,0.14285714285714285,1.0,log10 per day
windels,nutrient_0.0,amikacin,50.0,ug/mL,1.0,10.0,2.0,30,0.06666666666666667,1.0,log10 per day
windels,nutrient_0.0,amikacin,50.0,ug/mL,1.0,10.0,2.0,60,0.03333333333333333,1.0,log10 per day
windels,nutrient_0.0,amikacin,50.0,ug/mL,1.0,10.0,2.0,90,0.022222222222222223,1.0,log10 per day
windels,nutrient_0.0,amikacin,50.0,ug/mL,10.0,10.0,3.0,7,0.42857142857142855,1.0,log10 per day
windels,nutrient_0.0,amikacin,50.0,ug/mL,10.0,10.0,3.0,14,0.21428571428571427,1.0,log10 per day
windels,nutrient_0.0,amikacin,50.0,ug/mL,10.0,10.0,3.0,30,0.1,1.0,log10 per day
windels,nutrient_0.0,amikacin,50.0,ug/mL,10.0,10.0,3.0,60,0.05,1.0,log10 per day
windels,nutrient_0.0,amikacin,50.0,ug/mL,10.0,10.0,3.0,90,0.03333333333333333,1.0,log10 per day
windels,nutrient_0.0,amikacin,50.0,ug/mL,100.0,10.0,4.0,7,0.5714285714285714,1.0,log10 per day
windels,nutrient_0.0,amikacin,50.0,ug/mL,100.0,10.0,4.0,14,0.2857142857142857,1.0,log10 per day
windels,nutrient_0.0,amikacin,50.0,ug/mL,100.0,10.0,4.0,30,0.13333333333333333,1.0,log10 per day
windels,nutrient_0.0,amikacin,50.0,ug/mL,100.0,10.0,4.0,60,0.06666666666666667,1.0,log10 per day
windels,nutrient_0.0,amikacin,50.0,ug/mL,100.0,10.0,4.0,90,0.044444444444444446,1.0,log10 per day
windels,nutrient_0.0,amikacin,50.0,ug/mL,1000.0,10.0,5.0,7,0.7142857142857143,1.0,log10 per day
windels,nutrient_0.0,amikacin,50.0,ug/mL,1000.0,10.0,5.0,14,0.35714285714285715,1.0,log10 per day
windels,nutrient_0.0,amikacin,50.0,ug/mL,1000.0,10.0,5.0,30,0.16666666666666666,1.0,log10 per day
windels,nutrient_0.0,amikacin,50.0,ug/mL,1000.0,10.0,5.0,60,0.08333333333333333,1.0,log10 per day
windels,nutrient_0.0,amikacin,50.0,ug/mL,1000.0,10.0,5.0,90,0.05555555555555555,1.0,log10 per day
windels,nutrient_0.0,amikacin,50.0,ug/mL,1.0,2.5,2.6020599913279625,7,0.3717228559039946,1.0,log10 per day
windels,nutrient_0.0,amikacin,50.0,ug/mL,1.0,2.5,2.6020599913279625,14,0.1858614279519973,1.0,log10 per day
windels,nutrient_0.0,amikacin,50.0,ug/mL,1.0,2.5,2.6020599913279625,30,0.08673533304426542,1.0,log10 per day
windels,nutrient_0.0,amikacin,50.0,ug/mL,1.0,2.5,2.6020599913279625,60,0.04336766652213271,1.0,log10 per day
windels,nutrient_0.0,amikacin,50.0,ug/mL,1.0,2.5,2.6020599913279625,90,0.028911777681421804,1.0,log10 per day
windels,nutrient_0.0,amikacin,50.0,ug/mL,10.0,2.5,3.6020599913279625,7,0.5145799987611375,1.0,log10 per day
windels,nutrient_0.0,amikacin,50.0,ug/mL,10.0,2.5,3.6020599913279625,14,0.25728999938056873,1.0,log10 per day
windels,nutrient_0.0,amikacin,50.0,ug/mL,10.0,2.5,3.6020599913279625,30,0.12006866637759875,1.0,log10 per day
windels,nutrient_0.0,amikacin,50.0,ug/mL,10.0,2.5,3.6020599913279625,60,0.060034333188799374,1.0,log10 per day
windels,nutrient_0.0,amikacin,50.0,ug/mL,10.0,2.5,3.6020599913279625,90,0.040022888792532914,1.0,log10 per day
windels,nutrient_0.0,amikacin,50.0,ug/mL,100.0,2.5,4.6020599913279625,7,0.6574371416182804,1.0,log10 per day
windels,nutrient_0.0,amikacin,50.0,ug/mL,100.0,2.5,4.6020599913279625,14,0.3287185708091402,1.0,log10 per day
windels,nutrient_0.0,amikacin,50.0,ug/mL,100.0,2.5,4.6020599913279625,30,0.15340199971093207,1.0,log10 per day
windels,nutrient_0.0,amikacin,50.0,ug/mL,100.0,2.5,4.6020599913279625,60,0.07670099985546604,1.0,log10 per day
windels,nutrient_0.0,amikacin,50.0,ug/mL,100.0,2.5,4.6020599913279625,90,0.05113399990364403,1.0,log10 per day
windels,nutrient_0.0,amikacin,50.0,ug/mL,1000.0,2.5,5.6020599913279625,7,0.8002942844754232,1.0,log10 per day
windels,nutrient_0.0,amikacin,50.0,ug/mL,1000.0,2.5,5.6020599913279625,14,0.4001471422377116,1.0,log10 per day
windels,nutrient_0.0,amikacin,50.0,ug/mL,1000.0,2.5,5.6020599913279625,30,0.18673533304426543,1.0,log10 per day
windels,nutrient_0.0,amikacin,50.0,ug/mL,1000.0,2.5,5.6020599913279625,60,0.09336766652213271,1.0,log10 per day
windels,nutrient_0.0,amikacin,50.0,ug/mL,1000.0,2.5,5.6020599913279625,90,0.06224511101475514,1.0,log10 per day
windels,nutrient_0.0,amikacin,100.0,ug/mL,1.0,100.0,1.0,7,0.14285714285714285,1.0,log10 per day
windels,nutrient_0.0,amikacin,100.0,ug/mL,1.0,100.0,1.0,14,0.07142857142857142,1.0,log10 per day
windels,nutrient_0.0,amikacin,100.0,ug/mL,1.0,100.0,1.0,30,0.03333333333333333,1.0,log10 per day
windels,nutrient_0.0,amikacin,100.0,ug/mL,1.0,100.0,1.0,60,0.016666666666666666,1.0,log10 per day
windels,nutrient_0.0,amikacin,100.0,ug/mL,1.0,100.0,1.0,90,0.011111111111111112,1.0,log10 per day
windels,nutrient_0.0,amikacin,100.0,ug/mL,10.0,100.0,2.0,7,0.2857142857142857,1.0,log10 per day
windels,nutrient_0.0,amikacin,100.0,ug/mL,10.0,100.0,2.0,14,0.14285714285714285,1.0,log10 per day
windels,nutrient_0.0,amikacin,100.0,ug/mL,10.0,100.0,2.0,30,0.06666666666666667,1.0,log10 per day
windels,nutrient_0.0,amikacin,100.0,ug/mL,10.0,100.0,2.0,60,0.03333333333333333,1.0,log10 per day
windels,nutrient_0.0,amikacin,100.0,ug/mL,10.0,100.0,2.0,90,0.022222222222222223,1.0,log10 per day
windels,nutrient_0.0,amikacin,100.0,ug/mL,100.0,100.0,3.0,7,0.42857142857142855,1.0,log10 per day
windels,nutrient_0.0,amikacin,100.0,ug/mL,100.0,100.0,3.0,14,0.21428571428571427,1.0,log10 per day
windels,nutrient_0.0,amikacin,100.0,ug/mL,100.0,100.0,3.0,30,0.1,1.0,log10 per day
windels,nutrient_0.0,amikacin,100.0,ug/mL,100.0,100.0,3.0,60,0.05,1.0,log10 per day
windels,nutrient_0.0,amikacin,100.0,ug/mL,100.0,100.0,3.0,90,0.03333333333333333,1.0,log10 per day
windels,nutrient_0.0,amikacin,100.0,ug/mL,1000.0,100.0,4.0,7,0.5714285714285714,1.0,log10 per day
windels,nutrient_0.0,amikacin,100.0,ug/mL,1000.0,100.0,4.0,14,0.2857142857142857,1.0,log10 per day
windels,nutrient_0.0,amikacin,100.0,ug/mL,1000.0,100.0,4.0,30,0.13333333333333333,1.0,log10 per day
windels,nutrient_0.0,amikacin,100.0,ug/mL,1000.0,100.0,4.0,60,0.06666666666666667,1.0,log10 per day
windels,nutrient_0.0,amikacin,100.0,ug/mL,1000.0,100.0,4.0,90,0.044444444444444446,1.0,log10 per day
windels,nutrient_0.0,amikacin,100.0,ug/mL,1.0,10.0,2.0,7,0.2857142857142857,1.0,log10 per day
windels,nutrient_0.0,amikacin,100.0,ug/mL,1.0,10.0,2.0,14,0.14285714285714285,1.0,log10 per day
windels,nutrient_0.0,amikacin,100.0,ug/mL,1.0,10.0,2.0,30,0.06666666666666667,1.0,log10 per day
windels,nutrient_0.0,amikacin,100.0,ug/mL,1.0,10.0,2.0,60,0.03333333333333333,1.0,log10 per day
windels,nutrient_0.0,amikacin,100.0,ug/mL,1.0,10.0,2.0,90,0.022222222222222223,1.0,log10 per day
windels,nutrient_0.0,amikacin,100.0,ug/mL,10.0,10.0,3.0,7,0.42857142857142855,1.0,log10 per day
windels,nutrient_0.0,amikacin,100.0,ug/mL,10.0,10.0,3.0,14,0.21428571428571427,1.0,log10 per day
windels,nutrient_0.0,amikacin,100.0,ug/mL,10.0,10.0,3.0,30,0.1,1.0,log10 per day
windels,nutrient_0.0,amikacin,100.0,ug/mL,10.0,10.0,3.0,60,0.05,1.0,log10 per day
windels,nutrient_0.0,amikacin,100.0,ug/mL,10.0,10.0,3.0,90,0.03333333333333333,1.0,log10 per day
windels,nutrient_0.0,amikacin,100.0,ug/mL,100.0,10.0,4.0,7,0.5714285714285714,1.0,log10 per day
windels,nutrient_0.0,amikacin,100.0,ug/mL,100.0,10.0,4.0,14,0.2857142857142857,1.0,log10 per day
windels,nutrient_0.0,amikacin,100.0,ug/mL,100.0,10.0,4.0,30,0.13333333333333333,1.0,log10 per day
windels,nutrient_0.0,amikacin,100.0,ug/mL,100.0,10.0,4.0,60,0.06666666666666667,1.0,log10 per day
windels,nutrient_0.0,amikacin,100.0,ug/mL,100.0,10.0,4.0,90,0.044444444444444446,1.0,log10 per day
windels,nutrient_0.0,amikacin,100.0,ug/mL,1000.0,10.0,5.0,7,0.7142857142857143,1.0,log10 per day
windels,nutrient_0.0,amikacin,100.0,ug/mL,1000.0,10.0,5.0,14,0.35714285714285715,1.0,log10 per day
windels,nutrient_0.0,amikacin,100.0,ug/mL,1000.0,10.0,5.0,30,0.16666666666666666,1.0,log10 per day
windels,nutrient_0.0,amikacin,100.0,ug/mL,1000.0,10.0,5.0,60,0.08333333333333333,1.0,log10 per day
windels,nutrient_0.0,amikacin,100.0,ug/mL,1000.0,10.0,5.0,90,0.05555555555555555,1.0,log10 per day
windels,nutrient_0.0,amikacin,100.0,ug/mL,1.0,2.5,2.6020599913279625,7,0.3717228559039946,1.0,log10 per day
windels,nutrient_0.0,amikacin,100.0,ug/mL,1.0,2.5,2.6020599913279625,14,0.1858614279519973,1.0,log10 per day
windels,nutrient_0.0,amikacin,100.0,ug/mL,1.0,2.5,2.6020599913279625,30,0.08673533304426542,1.0,log10 per day
windels,nutrient_0.0,amikacin,100.0,ug/mL,1.0,2.5,2.6020599913279625,60,0.04336766652213271,1.0,log10 per day
windels,nutrient_0.0,amikacin,100.0,ug/mL,1.0,2.5,2.6020599913279625,90,0.028911777681421804,1.0,log10 per day
windels,nutrient_0.0,amikacin,100.0,ug/mL,10.0,2.5,3.6020599913279625,7,0.5145799987611375,1.0,log10 per day
windels,nutrient_0.0,amikacin,100.0,ug/mL,10.0,2.5,3.6020599913279625,14,0.25728999938056873,1.0,log10 per day
windels,nutrient_0.0,amikacin,100.0,ug/mL,10.0,2.5,3.6020599913279625,30,0.12006866637759875,1.0,log10 per day
windels,nutrient_0.0,amikacin,100.0,ug/mL,10.0,2.5,3.6020599913279625,60,0.060034333188799374,1.0,log10 per day
windels,nutrient_0.0,amikacin,100.0,ug/mL,10.0,2.5,3.6020599913279625,90,0.040022888792532914,1.0,log10 per day
windels,nutrient_0.0,amikacin,100.0,ug/mL,100.0,2.5,4.6020599913279625,7,0.6574371416182804,1.0,log10 per day
windels,nutrient_0.0,amikacin,100.0,ug/mL,100.0,2.5,4.6020599913279625,14,0.3287185708091402,1.0,log10 per day
windels,nutrient_0.0,amikacin,100.0,ug/mL,100.0,2.5,4.6020599913279625,30,0.15340199971093207,1.0,log10 per day
windels,nutrient_0.0,amikacin,100.0,ug/mL,100.0,2.5,4.6020599913279625,60,0.07670099985546604,1.0,log10 per day
windels,nutrient_0.0,amikacin,100.0,ug/mL,100.0,2.5,4.6020599913279625,90,0.05113399990364403,1.0,log10 per day
windels,nutrient_0.0,amikacin,100.0,ug/mL,1000.0,2.5,5.6020599913279625,7,0.8002942844754232,1.0,log10 per day
windels,nutrient_0.0,amikacin,100.0,ug/mL,1000.0,2.5,5.6020599913279625,14,0.4001471422377116,1.0,log10 per day
windels,nutrient_0.0,amikacin,100.0,ug/mL,1000.0,2.5,5.6020599913279625,30,0.18673533304426543,1.0,log10 per day
windels,nutrient_0.0,amikacin,100.0,ug/mL,1000.0,2.5,5.6020599913279625,60,0.09336766652213271,1.0,log10 per day
windels,nutrient_0.0,amikacin,100.0,ug/mL,1000.0,2.5,5.6020599913279625,90,0.06224511101475514,1.0,log10 per day
windels,nutrient_0.0,amikacin,200.0,ug/mL,1.0,100.0,1.0,7,0.14285714285714285,1.0,log10 per day
windels,nutrient_0.0,amikacin,200.0,ug/mL,1.0,100.0,1.0,14,0.07142857142857142,1.0,log10 per day
windels,nutrient_0.0,amikacin,200.0,ug/mL,1.0,100.0,1.0,30,0.03333333333333333,1.0,log10 per day
windels,nutrient_0.0,amikacin,200.0,ug/mL,1.0,100.0,1.0,60,0.016666666666666666,1.0,log10 per day
windels,nutrient_0.0,amikacin,200.0,ug/mL,1.0,100.0,1.0,90,0.011111111111111112,1.0,log10 per day
windels,nutrient_0.0,amikacin,200.0,ug/mL,10.0,100.0,2.0,7,0.2857142857142857,1.0,log10 per day
windels,nutrient_0.0,amikacin,200.0,ug/mL,10.0,100.0,2.0,14,0.14285714285714285,1.0,log10 per day
windels,nutrient_0.0,amikacin,200.0,ug/mL,10.0,100.0,2.0,30,0.06666666666666667,1.0,log10 per day
windels,nutrient_0.0,amikacin,200.0,ug/mL,10.0,100.0,2.0,60,0.03333333333333333,1.0,log10 per day
windels,nutrient_0.0,amikacin,200.0,ug/mL,10.0,100.0,2.0,90,0.022222222222222223,1.0,log10 per day
windels,nutrient_0.0,amikacin,200.0,ug/mL,100.0,100.0,3.0,7,0.42857142857142855,1.0,log10 per day
windels,nutrient_0.0,amikacin,200.0,ug/mL,100.0,100.0,3.0,14,0.21428571428571427,1.0,log10 per day
windels,nutrient_0.0,amikacin,200.0,ug/mL,100.0,100.0,3.0,30,0.1,1.0,log10 per day
windels,nutrient_0.0,amikacin,200.0,ug/mL,100.0,100.0,3.0,60,0.05,1.0,log10 per day
windels,nutrient_0.0,amikacin,200.0,ug/mL,100.0,100.0,3.0,90,0.03333333333333333,1.0,log10 per day
windels,nutrient_0.0,amikacin,200.0,ug/mL,1000.0,100.0,4.0,7,0.5714285714285714,1.0,log10 per day
windels,nutrient_0.0,amikacin,200.0,ug/mL,1000.0,100.0,4.0,14,0.2857142857142857,1.0,log10 per day
windels,nutrient_0.0,amikacin,200.0,ug/mL,1000.0,100.0,4.0,30,0.13333333333333333,1.0,log10 per day
windels,nutrient_0.0,amikacin,200.0,ug/mL,1000.0,100.0,4.0,60,0.06666666666666667,1.0,log10 per day
windels,nutrient_0.0,amikacin,200.0,ug/mL,1000.0,100.0,4.0,90,0.044444444444444446,1.0,log10 per day
windels,nutrient_0.0,amikacin,200.0,ug/mL,1.0,10.0,2.0,7,0.2857142857142857,1.0,log10 per day
windels,nutrient_0.0,amikacin,200.0,ug/mL,1.0,10.0,2.0,14,0.14285714285714285,1.0,log10 per day
windels,nutrient_0.0,amikacin,200.0,ug/mL,1.0,10.0,2.0,30,0.06666666666666667,1.0,log10 per day
windels,nutrient_0.0,amikacin,200.0,ug/mL,1.0,10.0,2.0,60,0.03333333333333333,1.0,log10 per day
windels,nutrient_0.0,amikacin,200.0,ug/mL,1.0,10.0,2.0,90,0.022222222222222223,1.0,log10 per day
windels,nutrient_0.0,amikacin,200.0,ug/mL,10.0,10.0,3.0,7,0.42857142857142855,1.0,log10 per day
windels,nutrient_0.0,amikacin,200.0,ug/mL,10.0,10.0,3.0,14,0.21428571428571427,1.0,log10 per day
windels,nutrient_0.0,amikacin,200.0,ug/mL,10.0,10.0,3.0,30,0.1,1.0,log10 per day
windels,nutrient_0.0,amikacin,200.0,ug/mL,10.0,10.0,3.0,60,0.05,1.0,log10 per day
windels,nutrient_0.0,amikacin,200.0,ug/mL,10.0,10.0,3.0,90,0.03333333333333333,1.0,log10 per day
windels,nutrient_0.0,amikacin,200.0,ug/mL,100.0,10.0,4.0,7,0.5714285714285714,1.0,log10 per day
windels,nutrient_0.0,amikacin,200.0,ug/mL,100.0,10.0,4.0,14,0.2857142857142857,1.0,log10 per day
windels,nutrient_0.0,amikacin,200.0,ug/mL,100.0,10.0,4.0,30,0.13333333333333333,1.0,log10 per day
windels,nutrient_0.0,amikacin,200.0,ug/mL,100.0,10.0,4.0,60,0.06666666666666667,1.0,log10 per day
windels,nutrient_0.0,amikacin,200.0,ug/mL,100.0,10.0,4.0,90,0.044444444444444446,1.0,log10 per day
windels,nutrient_0.0,amikacin,200.0,ug/mL,1000.0,10.0,5.0,7,0.7142857142857143,1.0,log10 per day
windels,nutrient_0.0,amikacin,200.0,ug/mL,1000.0,10.0,5.0,14,0.35714285714285715,1.0,log10 per day
windels,nutrient_0.0,amikacin,200.0,ug/mL,1000.0,10.0,5.0,30,0.16666666666666666,1.0,log10 per day
windels,nutrient_0.0,amikacin,200.0,ug/mL,1000.0,10.0,5.0,60,0.08333333333333333,1.0,log10 per day
windels,nutrient_0.0,amikacin,200.0,ug/mL,1000.0,10.0,5.0,90,0.05555555555555555,1.0,log10 per day
windels,nutrient_0.0,amikacin,200.0,ug/mL,1.0,2.5,2.6020599913279625,7,0.3717228559039946,1.0,log10 per day
windels,nutrient_0.0,amikacin,200.0,ug/mL,1.0,2.5,2.6020599913279625,14,0.1858614279519973,1.0,log10 per day
windels,nutrient_0.0,amikacin,200.0,ug/mL,1.0,2.5,2.6020599913279625,30,0.08673533304426542,1.0,log10 per day
windels,nutrient_0.0,amikacin,200.0,ug/mL,1.0,2.5,2.6020599913279625,60,0.04336766652213271,1.0,log10 per day
windels,nutrient_0.0,amikacin,200.0,ug/mL,1.0,2.5,2.6020599913279625,90,0.028911777681421804,1.0,log10 per day
windels,nutrient_0.0,amikacin,200.0,ug/mL,10.0,2.5,3.6020599913279625,7,0.5145799987611375,1.0,log10 per day
windels,nutrient_0.0,amikacin,200.0,ug/mL,10.0,2.5,3.6020599913279625,14,0.25728999938056873,1.0,log10 per day
windels,nutrient_0.0,amikacin,200.0,ug/mL,10.0,2.5,3.6020599913279625,30,0.12006866637759875,1.0,log10 per day
windels,nutrient_0.0,amikacin,200.0,ug/mL,10.0,2.5,3.6020599913279625,60,0.060034333188799374,1.0,log10 per day
windels,nutrient_0.0,amikacin,200.0,ug/mL,10.0,2.5,3.6020599913279625,90,0.040022888792532914,1.0,log10 per day
windels,nutrient_0.0,amikacin,200.0,ug/mL,100.0,2.5,4.6020599913279625,7,0.6574371416182804,1.0,log10 per day
windels,nutrient_0.0,amikacin,200.0,ug/mL,100.0,2.5,4.6020599913279625,14,0.3287185708091402,1.0,log10 per day
windels,nutrient_0.0,amikacin,200.0,ug/mL,100.0,2.5,4.6020599913279625,30,0.15340199971093207,1.0,log10 per day
windels,nutrient_0.0,amikacin,200.0,ug/mL,100.0,2.5,4.6020599913279625,60,0.07670099985546604,1.0,log10 per day
windels,nutrient_0.0,amikacin,200.0,ug/mL,100.0,2.5,4.6020599913279625,90,0.05113399990364403,1.0,log10 per day
windels,nutrient_0.0,amikacin,200.0,ug/mL,1000.0,2.5,5.6020599913279625,7,0.8002942844754232,1.0,log10 per day
windels,nutrient_0.0,amikacin,200.0,ug/mL,1000.0,2.5,5.6020599913279625,14,0.4001471422377116,1.0,log10 per day
windels,nutrient_0.0,amikacin,200.0,ug/mL,1000.0,2.5,5.6020599913279625,30,0.18673533304426543,1.0,log10 per day
windels,nutrient_0.0,amikacin,200.0,ug/mL,1000.0,2.5,5.6020599913279625,60,0.09336766652213271,1.0,log10 per day
windels,nutrient_0.0,amikacin,200.0,ug/mL,1000.0,2.5,5.6020599913279625,90,0.06224511101475514,1.0,log10 per day
windels,nutrient_0.0,amikacin,400.0,ug/mL,1.0,100.0,1.0,7,0.14285714285714285,1.0,log10 per day
windels,nutrient_0.0,amikacin,400.0,ug/mL,1.0,100.0,1.0,14,0.07142857142857142,1.0,log10 per day
windels,nutrient_0.0,amikacin,400.0,ug/mL,1.0,100.0,1.0,30,0.03333333333333333,1.0,log10 per day
windels,nutrient_0.0,amikacin,400.0,ug/mL,1.0,100.0,1.0,60,0.016666666666666666,1.0,log10 per day
windels,nutrient_0.0,amikacin,400.0,ug/mL,1.0,100.0,1.0,90,0.011111111111111112,1.0,log10 per day
windels,nutrient_0.0,amikacin,400.0,ug/mL,10.0,100.0,2.0,7,0.2857142857142857,1.0,log10 per day
windels,nutrient_0.0,amikacin,400.0,ug/mL,10.0,100.0,2.0,14,0.14285714285714285,1.0,log10 per day
windels,nutrient_0.0,amikacin,400.0,ug/mL,10.0,100.0,2.0,30,0.06666666666666667,1.0,log10 per day
windels,nutrient_0.0,amikacin,400.0,ug/mL,10.0,100.0,2.0,60,0.03333333333333333,1.0,log10 per day
windels,nutrient_0.0,amikacin,400.0,ug/mL,10.0,100.0,2.0,90,0.022222222222222223,1.0,log10 per day
windels,nutrient_0.0,amikacin,400.0,ug/mL,100.0,100.0,3.0,7,0.42857142857142855,0.9777777777777777,log10 per day
windels,nutrient_0.0,amikacin,400.0,ug/mL,100.0,100.0,3.0,14,0.21428571428571427,1.0,log10 per day
windels,nutrient_0.0,amikacin,400.0,ug/mL,100.0,100.0,3.0,30,0.1,1.0,log10 per day
windels,nutrient_0.0,amikacin,400.0,ug/mL,100.0,100.0,3.0,60,0.05,1.0,log10 per day
windels,nutrient_0.0,amikacin,400.0,ug/mL,100.0,100.0,3.0,90,0.03333333333333333,1.0,log10 per day
windels,nutrient_0.0,amikacin,400.0,ug/mL,1000.0,100.0,4.0,7,0.5714285714285714,0.9777777777777777,log10 per day
windels,nutrient_0.0,amikacin,400.0,ug/mL,1000.0,100.0,4.0,14,0.2857142857142857,1.0,log10 per day
windels,nutrient_0.0,amikacin,400.0,ug/mL,1000.0,100.0,4.0,30,0.13333333333333333,1.0,log10 per day
windels,nutrient_0.0,amikacin,400.0,ug/mL,1000.0,100.0,4.0,60,0.06666666666666667,1.0,log10 per day
windels,nutrient_0.0,amikacin,400.0,ug/mL,1000.0,100.0,4.0,90,0.044444444444444446,1.0,log10 per day
windels,nutrient_0.0,amikacin,400.0,ug/mL,1.0,10.0,2.0,7,0.2857142857142857,1.0,log10 per day
windels,nutrient_0.0,amikacin,400.0,ug/mL,1.0,10.0,2.0,14,0.14285714285714285,1.0,log10 per day
windels,nutrient_0.0,amikacin,400.0,ug/mL,1.0,10.0,2.0,30,0.06666666666666667,1.0,log10 per day
windels,nutrient_0.0,amikacin,400.0,ug/mL,1.0,10.0,2.0,60,0.03333333333333333,1.0,log10 per day
windels,nutrient_0.0,amikacin,400.0,ug/mL,1.0,10.0,2.0,90,0.022222222222222223,1.0,log10 per day
windels,nutrient_0.0,amikacin,400.0,ug/mL,10.0,10.0,3.0,7,0.42857142857142855,0.9777777777777777,log10 per day
windels,nutrient_0.0,amikacin,400.0,ug/mL,10.0,10.0,3.0,14,0.21428571428571427,1.0,log10 per day
windels,nutrient_0.0,amikacin,400.0,ug/mL,10.0,10.0,3.0,30,0.1,1.0,log10 per day
windels,nutrient_0.0,amikacin,400.0,ug/mL,10.0,10.0,3.0,60,0.05,1.0,log10 per day
windels,nutrient_0.0,amikacin,400.0,ug/mL,10.0,10.0,3.0,90,0.03333333333333333,1.0,log10 per day
windels,nutrient_0.0,amikacin,400.0,ug/mL,100.0,10.0,4.0,7,0.5714285714285714,0.9777777777777777,log10 per day
windels,nutrient_0.0,amikacin,400.0,ug/mL,100.0,10.0,4.0,14,0.2857142857142857,1.0,log10 per day
windels,nutrient_0.0,amikacin,400.0,ug/mL,100.0,10.0,4.0,30,0.13333333333333333,1.0,log10 per day
windels,nutrient_0.0,amikacin,400.0,ug/mL,100.0,10.0,4.0,60,0.06666666666666667,1.0,log10 per day
windels,nutrient_0.0,amikacin,400.0,ug/mL,100.0,10.0,4.0,90,0.044444444444444446,1.0,log10 per day
windels,nutrient_0.0,amikacin,400.0,ug/mL,1000.0,10.0,5.0,7,0.7142857142857143,0.9555555555555556,log10 per day
windels,nutrient_0.0,amikacin,400.0,ug/mL,1000.0,10.0,5.0,14,0.35714285714285715,0.9777777777777777,log10 per day
windels,nutrient_0.0,amikacin,400.0,ug/mL,1000.0,10.0,5.0,30,0.16666666666666666,1.0,log10 per day
windels,nutrient_0.0,amikacin,400.0,ug/mL,1000.0,10.0,5.0,60,0.08333333333333333,1.0,log10 per day
windels,nutrient_0.0,amikacin,400.0,ug/mL,1000.0,10.0,5.0,90,0.05555555555555555,1.0,log10 per day
windels,nutrient_0.0,amikacin,400.0,ug/mL,1.0,2.5,2.6020599913279625,7,0.3717228559039946,0.9777777777777777,log10 per day
windels,nutrient_0.0,amikacin,400.0,ug/mL,1.0,2.5,2.6020599913279625,14,0.1858614279519973,1.0,log10 per day
windels,nutrient_0.0,amikacin,400.0,ug/mL,1.0,2.5,2.6020599913279625,30,0.08673533304426542,1.0,log10 per day
windels,nutrient_0.0,amikacin,400.0,ug/mL,1.0,2.5,2.6020599913279625,60,0.04336766652213271,1.0,log10 per day
windels,nutrient_0.0,amikacin,400.0,ug/mL,1.0,2.5,2.6020599913279625,90,0.028911777681421804,1.0,log10 per day
windels,nutrient_0.0,amikacin,400.0,ug/mL,10.0,2.5,3.6020599913279625,7,0.5145799987611375,0.9777777777777777,log10 per day
windels,nutrient_0.0,amikacin,400.0,ug/mL,10.0,2.5,3.6020599913279625,14,0.25728999938056873,1.0,log10 per day
windels,nutrient_0.0,amikacin,400.0,ug/mL,10.0,2.5,3.6020599913279625,30,0.12006866637759875,1.0,log10 per day
windels,nutrient_0.0,amikacin,400.0,ug/mL,10.0,2.5,3.6020599913279625,60,0.060034333188799374,1.0,log10 per day
windels,nutrient_0.0,amikacin,400.0,ug/mL,10.0,2.5,3.6020599913279625,90,0.040022888792532914,1.0,log10 per day
windels,nutrient_0.0,amikacin,400.0,ug/mL,100.0,2.5,4.6020599913279625,7,0.6574371416182804,0.9555555555555556,log10 per day
windels,nutrient_0.0,amikacin,400.0,ug/mL,100.0,2.5,4.6020599913279625,14,0.3287185708091402,1.0,log10 per day
windels,nutrient_0.0,amikacin,400.0,ug/mL,100.0,2.5,4.6020599913279625,30,0.15340199971093207,1.0,log10 per day
windels,nutrient_0.0,amikacin,400.0,ug/mL,100.0,2.5,4.6020599913279625,60,0.07670099985546604,1.0,log10 per day
windels,nutrient_0.0,amikacin,400.0,ug/mL,100.0,2.5,4.6020599913279625,90,0.05113399990364403,1.0,log10 per day
windels,nutrient_0.0,amikacin,400.0,ug/mL,1000.0,2.5,5.6020599913279625,7,0.8002942844754232,0.9555555555555556,log10 per day
windels,nutrient_0.0,amikacin,400.0,ug/mL,1000.0,2.5,5.6020599913279625,14,0.4001471422377116,0.9777777777777777,log10 per day
windels,nutrient_0.0,amikacin,400.0,ug/mL,1000.0,2.5,5.6020599913279625,30,0.18673533304426543,1.0,log10 per day
windels,nutrient_0.0,amikacin,400.0,ug/mL,1000.0,2.5,5.6020599913279625,60,0.09336766652213271,1.0,log10 per day
windels,nutrient_0.0,amikacin,400.0,ug/mL,1000.0,2.5,5.6020599913279625,90,0.06224511101475514,1.0,log10 per day
windels,nutrient_0.25,amikacin,12.5,ug/mL,1.0,100.0,1.0,7,0.14285714285714285,1.0,log10 per day
windels,nutrient_0.25,amikacin,12.5,ug/mL,1.0,100.0,1.0,14,0.07142857142857142,1.0,log10 per day
windels,nutrient_0.25,amikacin,12.5,ug/mL,1.0,100.0,1.0,30,0.03333333333333333,1.0,log10 per day
windels,nutrient_0.25,amikacin,12.5,ug/mL,1.0,100.0,1.0,60,0.016666666666666666,1.0,log10 per day
windels,nutrient_0.25,amikacin,12.5,ug/mL,1.0,100.0,1.0,90,0.011111111111111112,1.0,log10 per day
windels,nutrient_0.25,amikacin,12.5,ug/mL,10.0,100.0,2.0,7,0.2857142857142857,1.0,log10 per day
windels,nutrient_0.25,amikacin,12.5,ug/mL,10.0,100.0,2.0,14,0.14285714285714285,1.0,log10 per day
windels,nutrient_0.25,amikacin,12.5,ug/mL,10.0,100.0,2.0,30,0.06666666666666667,1.0,log10 per day
windels,nutrient_0.25,amikacin,12.5,ug/mL,10.0,100.0,2.0,60,0.03333333333333333,1.0,log10 per day
windels,nutrient_0.25,amikacin,12.5,ug/mL,10.0,100.0,2.0,90,0.022222222222222223,1.0,log10 per day
windels,nutrient_0.25,amikacin,12.5,ug/mL,100.0,100.0,3.0,7,0.42857142857142855,1.0,log10 per day
windels,nutrient_0.25,amikacin,12.5,ug/mL,100.0,100.0,3.0,14,0.21428571428571427,1.0,log10 per day
windels,nutrient_0.25,amikacin,12.5,ug/mL,100.0,100.0,3.0,30,0.1,1.0,log10 per day
windels,nutrient_0.25,amikacin,12.5,ug/mL,100.0,100.0,3.0,60,0.05,1.0,log10 per day
windels,nutrient_0.25,amikacin,12.5,ug/mL,100.0,100.0,3.0,90,0.03333333333333333,1.0,log10 per day
windels,nutrient_0.25,amikacin,12.5,ug/mL,1000.0,100.0,4.0,7,0.5714285714285714,1.0,log10 per day
windels,nutrient_0.25,amikacin,12.5,ug/mL,1000.0,100.0,4.0,14,0.2857142857142857,1.0,log10 per day
windels,nutrient_0.25,amikacin,12.5,ug/mL,1000.0,100.0,4.0,30,0.13333333333333333,1.0,log10 per day
windels,nutrient_0.25,amikacin,12.5,ug/mL,1000.0,100.0,4.0,60,0.06666666666666667,1.0,log10 per day
windels,nutrient_0.25,amikacin,12.5,ug/mL,1000.0,100.0,4.0,90,0.044444444444444446,1.0,log10 per day
windels,nutrient_0.25,amikacin,12.5,ug/mL,1.0,10.0,2.0,7,0.2857142857142857,1.0,log10 per day
windels,nutrient_0.25,amikacin,12.5,ug/mL,1.0,10.0,2.0,14,0.14285714285714285,1.0,log10 per day
windels,nutrient_0.25,amikacin,12.5,ug/mL,1.0,10.0,2.0,30,0.06666666666666667,1.0,log10 per day
windels,nutrient_0.25,amikacin,12.5,ug/mL,1.0,10.0,2.0,60,0.03333333333333333,1.0,log10 per day
windels,nutrient_0.25,amikacin,12.5,ug/mL,1.0,10.0,2.0,90,0.022222222222222223,1.0,log10 per day
windels,nutrient_0.25,amikacin,12.5,ug/mL,10.0,10.0,3.0,7,0.42857142857142855,1.0,log10 per day
windels,nutrient_0.25,amikacin,12.5,ug/mL,10.0,10.0,3.0,14,0.21428571428571427,1.0,log10 per day
windels,nutrient_0.25,amikacin,12.5,ug/mL,10.0,10.0,3.0,30,0.1,1.0,log10 per day
windels,nutrient_0.25,amikacin,12.5,ug/mL,10.0,10.0,3.0,60,0.05,1.0,log10 per day
windels,nutrient_0.25,amikacin,12.5,ug/mL,10.0,10.0,3.0,90,0.03333333333333333,1.0,log10 per day
windels,nutrient_0.25,amikacin,12.5,ug/mL,100.0,10.0,4.0,7,0.5714285714285714,1.0,log10 per day
windels,nutrient_0.25,amikacin,12.5,ug/mL,100.0,10.0,4.0,14,0.2857142857142857,1.0,log10 per day
windels,nutrient_0.25,amikacin,12.5,ug/mL,100.0,10.0,4.0,30,0.13333333333333333,1.0,log10 per day
windels,nutrient_0.25,amikacin,12.5,ug/mL,100.0,10.0,4.0,60,0.06666666666666667,1.0,log10 per day
windels,nutrient_0.25,amikacin,12.5,ug/mL,100.0,10.0,4.0,90,0.044444444444444446,1.0,log10 per day
windels,nutrient_0.25,amikacin,12.5,ug/mL,1000.0,10.0,5.0,7,0.7142857142857143,1.0,log10 per day
windels,nutrient_0.25,amikacin,12.5,ug/mL,1000.0,10.0,5.0,14,0.35714285714285715,1.0,log10 per day
windels,nutrient_0.25,amikacin,12.5,ug/mL,1000.0,10.0,5.0,30,0.16666666666666666,1.0,log10 per day
windels,nutrient_0.25,amikacin,12.5,ug/mL,1000.0,10.0,5.0,60,0.08333333333333333,1.0,log10 per day
windels,nutrient_0.25,amikacin,12.5,ug/mL,1000.0,10.0,5.0,90,0.05555555555555555,1.0,log10 per day
windels,nutrient_0.25,amikacin,12.5,ug/mL,1.0,2.5,2.6020599913279625,7,0.3717228559039946,1.0,log10 per day
windels,nutrient_0.25,amikacin,12.5,ug/mL,1.0,2.5,2.6020599913279625,14,0.1858614279519973,1.0,log10 per day
windels,nutrient_0.25,amikacin,12.5,ug/mL,1.0,2.5,2.6020599913279625,30,0.08673533304426542,1.0,log10 per day
windels,nutrient_0.25,amikacin,12.5,ug/mL,1.0,2.5,2.6020599913279625,60,0.04336766652213271,1.0,log10 per day
windels,nutrient_0.25,amikacin,12.5,ug/mL,1.0,2.5,2.6020599913279625,90,0.028911777681421804,1.0,log10 per day
windels,nutrient_0.25,amikacin,12.5,ug/mL,10.0,2.5,3.6020599913279625,7,0.5145799987611375,1.0,log10 per day
windels,nutrient_0.25,amikacin,12.5,ug/mL,10.0,2.5,3.6020599913279625,14,0.25728999938056873,1.0,log10 per day
windels,nutrient_0.25,amikacin,12.5,ug/mL,10.0,2.5,3.6020599913279625,30,0.12006866637759875,1.0,log10 per day
windels,nutrient_0.25,amikacin,12.5,ug/mL,10.0,2.5,3.6020599913279625,60,0.060034333188799374,1.0,log10 per day
windels,nutrient_0.25,amikacin,12.5,ug/mL,10.0,2.5,3.6020599913279625,90,0.040022888792532914,1.0,log10 per day
windels,nutrient_0.25,amikacin,12.5,ug/mL,100.0,2.5,4.6020599913279625,7,0.6574371416182804,1.0,log10 per day
windels,nutrient_0.25,amikacin,12.5,ug/mL,100.0,2.5,4.6020599913279625,14,0.3287185708091402,1.0,log10 per day
windels,nutrient_0.25,amikacin,12.5,ug/mL,100.0,2.5,4.6020599913279625,30,0.15340199971093207,1.0,log10 per day
windels,nutrient_0.25,amikacin,12.5,ug/mL,100.0,2.5,4.6020599913279625,60,0.07670099985546604,1.0,log10 per day
windels,nutrient_0.25,amikacin,12.5,ug/mL,100.0,2.5,4.6020599913279625,90,0.05113399990364403,1.0,log10 per day
windels,nutrient_0.25,amikacin,12.5,ug/mL,1000.0,2.5,5.6020599913279625,7,0.8002942844754232,1.0,log10 per day
windels,nutrient_0.25,amikacin,12.5,ug/mL,1000.0,2.5,5.6020599913279625,14,0.4001471422377116,1.0,log10 per day
windels,nutrient_0.25,amikacin,12.5,ug/mL,1000.0,2.5,5.6020599913279625,30,0.18673533304426543,1.0,log10 per day
windels,nutrient_0.25,amikacin,12.5,ug/mL,1000.0,2.5,5.6020599913279625,60,0.09336766652213271,1.0,log10 per day
windels,nutrient_0.25,amikacin,12.5,ug/mL,1000.0,2.5,5.6020599913279625,90,0.06224511101475514,1.0,log10 per day
windels,nutrient_0.25,amikacin,25.0,ug/mL,1.0,100.0,1.0,7,0.14285714285714285,1.0,log10 per day
windels,nutrient_0.25,amikacin,25.0,ug/mL,1.0,100.0,1.0,14,0.07142857142857142,1.0,log10 per day
windels,nutrient_0.25,amikacin,25.0,ug/mL,1.0,100.0,1.0,30,0.03333333333333333,1.0,log10 per day
windels,nutrient_0.25,amikacin,25.0,ug/mL,1.0,100.0,1.0,60,0.016666666666666666,1.0,log10 per day
windels,nutrient_0.25,amikacin,25.0,ug/mL,1.0,100.0,1.0,90,0.011111111111111112,1.0,log10 per day
windels,nutrient_0.25,amikacin,25.0,ug/mL,10.0,100.0,2.0,7,0.2857142857142857,1.0,log10 per day
windels,nutrient_0.25,amikacin,25.0,ug/mL,10.0,100.0,2.0,14,0.14285714285714285,1.0,log10 per day
windels,nutrient_0.25,amikacin,25.0,ug/mL,10.0,100.0,2.0,30,0.06666666666666667,1.0,log10 per day
windels,nutrient_0.25,amikacin,25.0,ug/mL,10.0,100.0,2.0,60,0.03333333333333333,1.0,log10 per day
windels,nutrient_0.25,amikacin,25.0,ug/mL,10.0,100.0,2.0,90,0.022222222222222223,1.0,log10 per day
windels,nutrient_0.25,amikacin,25.0,ug/mL,100.0,100.0,3.0,7,0.42857142857142855,1.0,log10 per day
windels,nutrient_0.25,amikacin,25.0,ug/mL,100.0,100.0,3.0,14,0.21428571428571427,1.0,log10 per day
windels,nutrient_0.25,amikacin,25.0,ug/mL,100.0,100.0,3.0,30,0.1,1.0,log10 per day
windels,nutrient_0.25,amikacin,25.0,ug/mL,100.0,100.0,3.0,60,0.05,1.0,log10 per day
windels,nutrient_0.25,amikacin,25.0,ug/mL,100.0,100.0,3.0,90,0.03333333333333333,1.0,log10 per day
windels,nutrient_0.25,amikacin,25.0,ug/mL,1000.0,100.0,4.0,7,0.5714285714285714,1.0,log10 per day
windels,nutrient_0.25,amikacin,25.0,ug/mL,1000.0,100.0,4.0,14,0.2857142857142857,1.0,log10 per day
windels,nutrient_0.25,amikacin,25.0,ug/mL,1000.0,100.0,4.0,30,0.13333333333333333,1.0,log10 per day
windels,nutrient_0.25,amikacin,25.0,ug/mL,1000.0,100.0,4.0,60,0.06666666666666667,1.0,log10 per day
windels,nutrient_0.25,amikacin,25.0,ug/mL,1000.0,100.0,4.0,90,0.044444444444444446,1.0,log10 per day
windels,nutrient_0.25,amikacin,25.0,ug/mL,1.0,10.0,2.0,7,0.2857142857142857,1.0,log10 per day
windels,nutrient_0.25,amikacin,25.0,ug/mL,1.0,10.0,2.0,14,0.14285714285714285,1.0,log10 per day
windels,nutrient_0.25,amikacin,25.0,ug/mL,1.0,10.0,2.0,30,0.06666666666666667,1.0,log10 per day
windels,nutrient_0.25,amikacin,25.0,ug/mL,1.0,10.0,2.0,60,0.03333333333333333,1.0,log10 per day
windels,nutrient_0.25,amikacin,25.0,ug/mL,1.0,10.0,2.0,90,0.022222222222222223,1.0,log10 per day
windels,nutrient_0.25,amikacin,25.0,ug/mL,10.0,10.0,3.0,7,0.42857142857142855,1.0,log10 per day
windels,nutrient_0.25,amikacin,25.0,ug/mL,10.0,10.0,3.0,14,0.21428571428571427,1.0,log10 per day
windels,nutrient_0.25,amikacin,25.0,ug/mL,10.0,10.0,3.0,30,0.1,1.0,log10 per day
windels,nutrient_0.25,amikacin,25.0,ug/mL,10.0,10.0,3.0,60,0.05,1.0,log10 per day
windels,nutrient_0.25,amikacin,25.0,ug/mL,10.0,10.0,3.0,90,0.03333333333333333,1.0,log10 per day
windels,nutrient_0.25,amikacin,25.0,ug/mL,100.0,10.0,4.0,7,0.5714285714285714,1.0,log10 per day
windels,nutrient_0.25,amikacin,25.0,ug/mL,100.0,10.0,4.0,14,0.2857142857142857,1.0,log10 per day
windels,nutrient_0.25,amikacin,25.0,ug/mL,100.0,10.0,4.0,30,0.13333333333333333,1.0,log10 per day
windels,nutrient_0.25,amikacin,25.0,ug/mL,100.0,10.0,4.0,60,0.06666666666666667,1.0,log10 per day
windels,nutrient_0.25,amikacin,25.0,ug/mL,100.0,10.0,4.0,90,0.044444444444444446,1.0,log10 per day
windels,nutrient_0.25,amikacin,25.0,ug/mL,1000.0,10.0,5.0,7,0.7142857142857143,1.0,log10 per day
windels,nutrient_0.25,amikacin,25.0,ug/mL,1000.0,10.0,5.0,14,0.35714285714285715,1.0,log10 per day
windels,nutrient_0.25,amikacin,25.0,ug/mL,1000.0,10.0,5.0,30,0.16666666666666666,1.0,log10 per day
windels,nutrient_0.25,amikacin,25.0,ug/mL,1000.0,10.0,5.0,60,0.08333333333333333,1.0,log10 per day
windels,nutrient_0.25,amikacin,25.0,ug/mL,1000.0,10.0,5.0,90,0.05555555555555555,1.0,log10 per day
windels,nutrient_0.25,amikacin,25.0,ug/mL,1.0,2.5,2.6020599913279625,7,0.3717228559039946,1.0,log10 per day
windels,nutrient_0.25,amikacin,25.0,ug/mL,1.0,2.5,2.6020599913279625,14,0.1858614279519973,1.0,log10 per day
windels,nutrient_0.25,amikacin,25.0,ug/mL,1.0,2.5,2.6020599913279625,30,0.08673533304426542,1.0,log10 per day
windels,nutrient_0.25,amikacin,25.0,ug/mL,1.0,2.5,2.6020599913279625,60,0.04336766652213271,1.0,log10 per day
windels,nutrient_0.25,amikacin,25.0,ug/mL,1.0,2.5,2.6020599913279625,90,0.028911777681421804,1.0,log10 per day
windels,nutrient_0.25,amikacin,25.0,ug/mL,10.0,2.5,3.6020599913279625,7,0.5145799987611375,1.0,log10 per day
windels,nutrient_0.25,amikacin,25.0,ug/mL,10.0,2.5,3.6020599913279625,14,0.25728999938056873,1.0,log10 per day
windels,nutrient_0.25,amikacin,25.0,ug/mL,10.0,2.5,3.6020599913279625,30,0.12006866637759875,1.0,log10 per day
windels,nutrient_0.25,amikacin,25.0,ug/mL,10.0,2.5,3.6020599913279625,60,0.060034333188799374,1.0,log10 per day
windels,nutrient_0.25,amikacin,25.0,ug/mL,10.0,2.5,3.6020599913279625,90,0.040022888792532914,1.0,log10 per day
windels,nutrient_0.25,amikacin,25.0,ug/mL,100.0,2.5,4.6020599913279625,7,0.6574371416182804,1.0,log10 per day
windels,nutrient_0.25,amikacin,25.0,ug/mL,100.0,2.5,4.6020599913279625,14,0.3287185708091402,1.0,log10 per day
windels,nutrient_0.25,amikacin,25.0,ug/mL,100.0,2.5,4.6020599913279625,30,0.15340199971093207,1.0,log10 per day
windels,nutrient_0.25,amikacin,25.0,ug/mL,100.0,2.5,4.6020599913279625,60,0.07670099985546604,1.0,log10 per day
windels,nutrient_0.25,amikacin,25.0,ug/mL,100.0,2.5,4.6020599913279625,90,0.05113399990364403,1.0,log10 per day
windels,nutrient_0.25,amikacin,25.0,ug/mL,1000.0,2.5,5.6020599913279625,7,0.8002942844754232,1.0,log10 per day
windels,nutrient_0.25,amikacin,25.0,ug/mL,1000.0,2.5,5.6020599913279625,14,0.4001471422377116,1.0,log10 per day
windels,nutrient_0.25,amikacin,25.0,ug/mL,1000.0,2.5,5.6020599913279625,30,0.18673533304426543,1.0,log10 per day
windels,nutrient_0.25,amikacin,25.0,ug/mL,1000.0,2.5,5.6020599913279625,60,0.09336766652213271,1.0,log10 per day
windels,nutrient_0.25,amikacin,25.0,ug/mL,1000.0,2.5,5.6020599913279625,90,0.06224511101475514,1.0,log10 per day
windels,nutrient_0.25,amikacin,50.0,ug/mL,1.0,100.0,1.0,7,0.14285714285714285,1.0,log10 per day
windels,nutrient_0.25,amikacin,50.0,ug/mL,1.0,100.0,1.0,14,0.07142857142857142,1.0,log10 per day
windels,nutrient_0.25,amikacin,50.0,ug/mL,1.0,100.0,1.0,30,0.03333333333333333,1.0,log10 per day
windels,nutrient_0.25,amikacin,50.0,ug/mL,1.0,100.0,1.0,60,0.016666666666666666,1.0,log10 per day
windels,nutrient_0.25,amikacin,50.0,ug/mL,1.0,100.0,1.0,90,0.011111111111111112,1.0,log10 per day
windels,nutrient_0.25,amikacin,50.0,ug/mL,10.0,100.0,2.0,7,0.2857142857142857,1.0,log10 per day
windels,nutrient_0.25,amikacin,50.0,ug/mL,10.0,100.0,2.0,14,0.14285714285714285,1.0,log10 per day
windels,nutrient_0.25,amikacin,50.0,ug/mL,10.0,100.0,2.0,30,0.06666666666666667,1.0,log10 per day
windels,nutrient_0.25,amikacin,50.0,ug/mL,10.0,100.0,2.0,60,0.03333333333333333,1.0,log10 per day
windels,nutrient_0.25,amikacin,50.0,ug/mL,10.0,100.0,2.0,90,0.022222222222222223,1.0,log10 per day
windels,nutrient_0.25,amikacin,50.0,ug/mL,100.0,100.0,3.0,7,0.42857142857142855,1.0,log10 per day
windels,nutrient_0.25,amikacin,50.0,ug/mL,100.0,100.0,3.0,14,0.21428571428571427,1.0,log10 per day
windels,nutrient_0.25,amikacin,50.0,ug/mL,100.0,100.0,3.0,30,0.1,1.0,log10 per day
windels,nutrient_0.25,amikacin,50.0,ug/mL,100.0,100.0,3.0,60,0.05,1.0,log10 per day
windels,nutrient_0.25,amikacin,50.0,ug/mL,100.0,100.0,3.0,90,0.03333333333333333,1.0,log10 per day
windels,nutrient_0.25,amikacin,50.0,ug/mL,1000.0,100.0,4.0,7,0.5714285714285714,1.0,log10 per day
windels,nutrient_0.25,amikacin,50.0,ug/mL,1000.0,100.0,4.0,14,0.2857142857142857,1.0,log10 per day
windels,nutrient_0.25,amikacin,50.0,ug/mL,1000.0,100.0,4.0,30,0.13333333333333333,1.0,log10 per day
windels,nutrient_0.25,amikacin,50.0,ug/mL,1000.0,100.0,4.0,60,0.06666666666666667,1.0,log10 per day
windels,nutrient_0.25,amikacin,50.0,ug/mL,1000.0,100.0,4.0,90,0.044444444444444446,1.0,log10 per day
windels,nutrient_0.25,amikacin,50.0,ug/mL,1.0,10.0,2.0,7,0.2857142857142857,1.0,log10 per day
windels,nutrient_0.25,amikacin,50.0,ug/mL,1.0,10.0,2.0,14,0.14285714285714285,1.0,log10 per day
windels,nutrient_0.25,amikacin,50.0,ug/mL,1.0,10.0,2.0,30,0.06666666666666667,1.0,log10 per day
windels,nutrient_0.25,amikacin,50.0,ug/mL,1.0,10.0,2.0,60,0.03333333333333333,1.0,log10 per day
windels,nutrient_0.25,amikacin,50.0,ug/mL,1.0,10.0,2.0,90,0.022222222222222223,1.0,log10 per day
windels,nutrient_0.25,amikacin,50.0,ug/mL,10.0,10.0,3.0,7,0.42857142857142855,1.0,log10 per day
windels,nutrient_0.25,amikacin,50.0,ug/mL,10.0,10.0,3.0,14,0.21428571428571427,1.0,log10 per day
windels,nutrient_0.25,amikacin,50.0,ug/mL,10.0,10.0,3.0,30,0.1,1.0,log10 per day
windels,nutrient_0.25,amikacin,50.0,ug/mL,10.0,10.0,3.0,60,0.05,1.0,log10 per day
windels,nutrient_0.25,amikacin,50.0,ug/mL,10.0,10.0,3.0,90,0.03333333333333333,1.0,log10 per day
windels,nutrient_0.25,amikacin,50.0,ug/mL,100.0,10.0,4.0,7,0.5714285714285714,1.0,log10 per day
windels,nutrient_0.25,amikacin,50.0,ug/mL,100.0,10.0,4.0,14,0.2857142857142857,1.0,log10 per day
windels,nutrient_0.25,amikacin,50.0,ug/mL,100.0,10.0,4.0,30,0.13333333333333333,1.0,log10 per day
windels,nutrient_0.25,amikacin,50.0,ug/mL,100.0,10.0,4.0,60,0.06666666666666667,1.0,log10 per day
windels,nutrient_0.25,amikacin,50.0,ug/mL,100.0,10.0,4.0,90,0.044444444444444446,1.0,log10 per day
windels,nutrient_0.25,amikacin,50.0,ug/mL,1000.0,10.0,5.0,7,0.7142857142857143,1.0,log10 per day
windels,nutrient_0.25,amikacin,50.0,ug/mL,1000.0,10.0,5.0,14,0.35714285714285715,1.0,log10 per day
windels,nutrient_0.25,amikacin,50.0,ug/mL,1000.0,10.0,5.0,30,0.16666666666666666,1.0,log10 per day
windels,nutrient_0.25,amikacin,50.0,ug/mL,1000.0,10.0,5.0,60,0.08333333333333333,1.0,log10 per day
windels,nutrient_0.25,amikacin,50.0,ug/mL,1000.0,10.0,5.0,90,0.05555555555555555,1.0,log10 per day
windels,nutrient_0.25,amikacin,50.0,ug/mL,1.0,2.5,2.6020599913279625,7,0.3717228559039946,1.0,log10 per day
windels,nutrient_0.25,amikacin,50.0,ug/mL,1.0,2.5,2.6020599913279625,14,0.1858614279519973,1.0,log10 per day
windels,nutrient_0.25,amikacin,50.0,ug/mL,1.0,2.5,2.6020599913279625,30,0.08673533304426542,1.0,log10 per day
windels,nutrient_0.25,amikacin,50.0,ug/mL,1.0,2.5,2.6020599913279625,60,0.04336766652213271,1.0,log10 per day
windels,nutrient_0.25,amikacin,50.0,ug/mL,1.0,2.5,2.6020599913279625,90,0.028911777681421804,1.0,log10 per day
windels,nutrient_0.25,amikacin,50.0,ug/mL,10.0,2.5,3.6020599913279625,7,0.5145799987611375,1.0,log10 per day
windels,nutrient_0.25,amikacin,50.0,ug/mL,10.0,2.5,3.6020599913279625,14,0.25728999938056873,1.0,log10 per day
windels,nutrient_0.25,amikacin,50.0,ug/mL,10.0,2.5,3.6020599913279625,30,0.12006866637759875,1.0,log10 per day
windels,nutrient_0.25,amikacin,50.0,ug/mL,10.0,2.5,3.6020599913279625,60,0.060034333188799374,1.0,log10 per day
windels,nutrient_0.25,amikacin,50.0,ug/mL,10.0,2.5,3.6020599913279625,90,0.040022888792532914,1.0,log10 per day
windels,nutrient_0.25,amikacin,50.0,ug/mL,100.0,2.5,4.6020599913279625,7,0.6574371416182804,1.0,log10 per day
windels,nutrient_0.25,amikacin,50.0,ug/mL,100.0,2.5,4.6020599913279625,14,0.3287185708091402,1.0,log10 per day
windels,nutrient_0.25,amikacin,50.0,ug/mL,100.0,2.5,4.6020599913279625,30,0.15340199971093207,1.0,log10 per day
windels,nutrient_0.25,amikacin,50.0,ug/mL,100.0,2.5,4.6020599913279625,60,0.07670099985546604,1.0,log10 per day
windels,nutrient_0.25,amikacin,50.0,ug/mL,100.0,2.5,4.6020599913279625,90,0.05113399990364403,1.0,log10 per day
windels,nutrient_0.25,amikacin,50.0,ug/mL,1000.0,2.5,5.6020599913279625,7,0.8002942844754232,1.0,log10 per day
windels,nutrient_0.25,amikacin,50.0,ug/mL,1000.0,2.5,5.6020599913279625,14,0.4001471422377116,1.0,log10 per day
windels,nutrient_0.25,amikacin,50.0,ug/mL,1000.0,2.5,5.6020599913279625,30,0.18673533304426543,1.0,log10 per day
windels,nutrient_0.25,amikacin,50.0,ug/mL,1000.0,2.5,5.6020599913279625,60,0.09336766652213271,1.0,log10 per day
windels,nutrient_0.25,amikacin,50.0,ug/mL,1000.0,2.5,5.6020599913279625,90,0.06224511101475514,1.0,log10 per day
windels,nutrient_0.25,amikacin,100.0,ug/mL,1.0,100.0,1.0,7,0.14285714285714285,1.0,log10 per day
windels,nutrient_0.25,amikacin,100.0,ug/mL,1.0,100.0,1.0,14,0.07142857142857142,1.0,log10 per day
windels,nutrient_0.25,amikacin,100.0,ug/mL,1.0,100.0,1.0,30,0.03333333333333333,1.0,log10 per day
windels,nutrient_0.25,amikacin,100.0,ug/mL,1.0,100.0,1.0,60,0.016666666666666666,1.0,log10 per day
windels,nutrient_0.25,amikacin,100.0,ug/mL,1.0,100.0,1.0,90,0.011111111111111112,1.0,log10 per day
windels,nutrient_0.25,amikacin,100.0,ug/mL,10.0,100.0,2.0,7,0.2857142857142857,1.0,log10 per day
windels,nutrient_0.25,amikacin,100.0,ug/mL,10.0,100.0,2.0,14,0.14285714285714285,1.0,log10 per day
windels,nutrient_0.25,amikacin,100.0,ug/mL,10.0,100.0,2.0,30,0.06666666666666667,1.0,log10 per day
windels,nutrient_0.25,amikacin,100.0,ug/mL,10.0,100.0,2.0,60,0.03333333333333333,1.0,log10 per day
windels,nutrient_0.25,amikacin,100.0,ug/mL,10.0,100.0,2.0,90,0.022222222222222223,1.0,log10 per day
windels,nutrient_0.25,amikacin,100.0,ug/mL,100.0,100.0,3.0,7,0.42857142857142855,1.0,log10 per day
windels,nutrient_0.25,amikacin,100.0,ug/mL,100.0,100.0,3.0,14,0.21428571428571427,1.0,log10 per day
windels,nutrient_0.25,amikacin,100.0,ug/mL,100.0,100.0,3.0,30,0.1,1.0,log10 per day
windels,nutrient_0.25,amikacin,100.0,ug/mL,100.0,100.0,3.0,60,0.05,1.0,log10 per day
windels,nutrient_0.25,amikacin,100.0,ug/mL,100.0,100.0,3.0,90,0.03333333333333333,1.0,log10 per day
windels,nutrient_0.25,amikacin,100.0,ug/mL,1000.0,100.0,4.0,7,0.5714285714285714,1.0,log10 per day
windels,nutrient_0.25,amikacin,100.0,ug/mL,1000.0,100.0,4.0,14,0.2857142857142857,1.0,log10 per day
windels,nutrient_0.25,amikacin,100.0,ug/mL,1000.0,100.0,4.0,30,0.13333333333333333,1.0,log10 per day
windels,nutrient_0.25,amikacin,100.0,ug/mL,1000.0,100.0,4.0,60,0.06666666666666667,1.0,log10 per day
windels,nutrient_0.25,amikacin,100.0,ug/mL,1000.0,100.0,4.0,90,0.044444444444444446,1.0,log10 per day
windels,nutrient_0.25,amikacin,100.0,ug/mL,1.0,10.0,2.0,7,0.2857142857142857,1.0,log10 per day
windels,nutrient_0.25,amikacin,100.0,ug/mL,1.0,10.0,2.0,14,0.14285714285714285,1.0,log10 per day
windels,nutrient_0.25,amikacin,100.0,ug/mL,1.0,10.0,2.0,30,0.06666666666666667,1.0,log10 per day
windels,nutrient_0.25,amikacin,100.0,ug/mL,1.0,10.0,2.0,60,0.03333333333333333,1.0,log10 per day
windels,nutrient_0.25,amikacin,100.0,ug/mL,1.0,10.0,2.0,90,0.022222222222222223,1.0,log10 per day
windels,nutrient_0.25,amikacin,100.0,ug/mL,10.0,10.0,3.0,7,0.42857142857142855,1.0,log10 per day
windels,nutrient_0.25,amikacin,100.0,ug/mL,10.0,10.0,3.0,14,0.21428571428571427,1.0,log10 per day
windels,nutrient_0.25,amikacin,100.0,ug/mL,10.0,10.0,3.0,30,0.1,1.0,log10 per day
windels,nutrient_0.25,amikacin,100.0,ug/mL,10.0,10.0,3.0,60,0.05,1.0,log10 per day
windels,nutrient_0.25,amikacin,100.0,ug/mL,10.0,10.0,3.0,90,0.03333333333333333,1.0,log10 per day
windels,nutrient_0.25,amikacin,100.0,ug/mL,100.0,10.0,4.0,7,0.5714285714285714,1.0,log10 per day
windels,nutrient_0.25,amikacin,100.0,ug/mL,100.0,10.0,4.0,14,0.2857142857142857,1.0,log10 per day
windels,nutrient_0.25,amikacin,100.0,ug/mL,100.0,10.0,4.0,30,0.13333333333333333,1.0,log10 per day
windels,nutrient_0.25,amikacin,100.0,ug/mL,100.0,10.0,4.0,60,0.06666666666666667,1.0,log10 per day
windels,nutrient_0.25,amikacin,100.0,ug/mL,100.0,10.0,4.0,90,0.044444444444444446,1.0,log10 per day
windels,nutrient_0.25,amikacin,100.0,ug/mL,1000.0,10.0,5.0,7,0.7142857142857143,1.0,log10 per day
windels,nutrient_0.25,amikacin,100.0,ug/mL,1000.0,10.0,5.0,14,0.35714285714285715,1.0,log10 per day
windels,nutrient_0.25,amikacin,100.0,ug/mL,1000.0,10.0,5.0,30,0.16666666666666666,1.0,log10 per day
windels,nutrient_0.25,amikacin,100.0,ug/mL,1000.0,10.0,5.0,60,0.08333333333333333,1.0,log10 per day
windels,nutrient_0.25,amikacin,100.0,ug/mL,1000.0,10.0,5.0,90,0.05555555555555555,1.0,log10 per day
windels,nutrient_0.25,amikacin,100.0,ug/mL,1.0,2.5,2.6020599913279625,7,0.3717228559039946,1.0,log10 per day
windels,nutrient_0.25,amikacin,100.0,ug/mL,1.0,2.5,2.6020599913279625,14,0.1858614279519973,1.0,log10 per day
windels,nutrient_0.25,amikacin,100.0,ug/mL,1.0,2.5,2.6020599913279625,30,0.08673533304426542,1.0,log10 per day
windels,nutrient_0.25,amikacin,100.0,ug/mL,1.0,2.5,2.6020599913279625,60,0.04336766652213271,1.0,log10 per day
windels,nutrient_0.25,amikacin,100.0,ug/mL,1.0,2.5,2.6020599913279625,90,0.028911777681421804,1.0,log10 per day
windels,nutrient_0.25,amikacin,100.0,ug/mL,10.0,2.5,3.6020599913279625,7,0.5145799987611375,1.0,log10 per day
windels,nutrient_0.25,amikacin,100.0,ug/mL,10.0,2.5,3.6020599913279625,14,0.25728999938056873,1.0,log10 per day
windels,nutrient_0.25,amikacin,100.0,ug/mL,10.0,2.5,3.6020599913279625,30,0.12006866637759875,1.0,log10 per day
windels,nutrient_0.25,amikacin,100.0,ug/mL,10.0,2.5,3.6020599913279625,60,0.060034333188799374,1.0,log10 per day
windels,nutrient_0.25,amikacin,100.0,ug/mL,10.0,2.5,3.6020599913279625,90,0.040022888792532914,1.0,log10 per day
windels,nutrient_0.25,amikacin,100.0,ug/mL,100.0,2.5,4.6020599913279625,7,0.6574371416182804,1.0,log10 per day
windels,nutrient_0.25,amikacin,100.0,ug/mL,100.0,2.5,4.6020599913279625,14,0.3287185708091402,1.0,log10 per day
windels,nutrient_0.25,amikacin,100.0,ug/mL,100.0,2.5,4.6020599913279625,30,0.15340199971093207,1.0,log10 per day
windels,nutrient_0.25,amikacin,100.0,ug/mL,100.0,2.5,4.6020599913279625,60,0.07670099985546604,1.0,log10 per day
windels,nutrient_0.25,amikacin,100.0,ug/mL,100.0,2.5,4.6020599913279625,90,0.05113399990364403,1.0,log10 per day
windels,nutrient_0.25,amikacin,100.0,ug/mL,1000.0,2.5,5.6020599913279625,7,0.8002942844754232,1.0,log10 per day
windels,nutrient_0.25,amikacin,100.0,ug/mL,1000.0,2.5,5.6020599913279625,14,0.4001471422377116,1.0,log10 per day
windels,nutrient_0.25,amikacin,100.0,ug/mL,1000.0,2.5,5.6020599913279625,30,0.18673533304426543,1.0,log10 per day
windels,nutrient_0.25,amikacin,100.0,ug/mL,1000.0,2.5,5.6020599913279625,60,0.09336766652213271,1.0,log10 per day
windels,nutrient_0.25,amikacin,100.0,ug/mL,1000.0,2.5,5.6020599913279625,90,0.06224511101475514,1.0,log10 per day
windels,nutrient_0.25,amikacin,200.0,ug/mL,1.0,100.0,1.0,7,0.14285714285714285,1.0,log10 per day
windels,nutrient_0.25,amikacin,200.0,ug/mL,1.0,100.0,1.0,14,0.07142857142857142,1.0,log10 per day
windels,nutrient_0.25,amikacin,200.0,ug/mL,1.0,100.0,1.0,30,0.03333333333333333,1.0,log10 per day
windels,nutrient_0.25,amikacin,200.0,ug/mL,1.0,100.0,1.0,60,0.016666666666666666,1.0,log10 per day
windels,nutrient_0.25,amikacin,200.0,ug/mL,1.0,100.0,1.0,90,0.011111111111111112,1.0,log10 per day
windels,nutrient_0.25,amikacin,200.0,ug/mL,10.0,100.0,2.0,7,0.2857142857142857,1.0,log10 per day
windels,nutrient_0.25,amikacin,200.0,ug/mL,10.0,100.0,2.0,14,0.14285714285714285,1.0,log10 per day
windels,nutrient_0.25,amikacin,200.0,ug/mL,10.0,100.0,2.0,30,0.06666666666666667,1.0,log10 per day
windels,nutrient_0.25,amikacin,200.0,ug/mL,10.0,100.0,2.0,60,0.03333333333333333,1.0,log10 per day
windels,nutrient_0.25,amikacin,200.0,ug/mL,10.0,100.0,2.0,90,0.022222222222222223,1.0,log10 per day
windels,nutrient_0.25,amikacin,200.0,ug/mL,100.0,100.0,3.0,7,0.42857142857142855,1.0,log10 per day
windels,nutrient_0.25,amikacin,200.0,ug/mL,100.0,100.0,3.0,14,0.21428571428571427,1.0,log10 per day
windels,nutrient_0.25,amikacin,200.0,ug/mL,100.0,100.0,3.0,30,0.1,1.0,log10 per day
windels,nutrient_0.25,amikacin,200.0,ug/mL,100.0,100.0,3.0,60,0.05,1.0,log10 per day
windels,nutrient_0.25,amikacin,200.0,ug/mL,100.0,100.0,3.0,90,0.03333333333333333,1.0,log10 per day
windels,nutrient_0.25,amikacin,200.0,ug/mL,1000.0,100.0,4.0,7,0.5714285714285714,1.0,log10 per day
windels,nutrient_0.25,amikacin,200.0,ug/mL,1000.0,100.0,4.0,14,0.2857142857142857,1.0,log10 per day
windels,nutrient_0.25,amikacin,200.0,ug/mL,1000.0,100.0,4.0,30,0.13333333333333333,1.0,log10 per day
windels,nutrient_0.25,amikacin,200.0,ug/mL,1000.0,100.0,4.0,60,0.06666666666666667,1.0,log10 per day
windels,nutrient_0.25,amikacin,200.0,ug/mL,1000.0,100.0,4.0,90,0.044444444444444446,1.0,log10 per day
windels,nutrient_0.25,amikacin,200.0,ug/mL,1.0,10.0,2.0,7,0.2857142857142857,1.0,log10 per day
windels,nutrient_0.25,amikacin,200.0,ug/mL,1.0,10.0,2.0,14,0.14285714285714285,1.0,log10 per day
windels,nutrient_0.25,amikacin,200.0,ug/mL,1.0,10.0,2.0,30,0.06666666666666667,1.0,log10 per day
windels,nutrient_0.25,amikacin,200.0,ug/mL,1.0,10.0,2.0,60,0.03333333333333333,1.0,log10 per day
windels,nutrient_0.25,amikacin,200.0,ug/mL,1.0,10.0,2.0,90,0.022222222222222223,1.0,log10 per day
windels,nutrient_0.25,amikacin,200.0,ug/mL,10.0,10.0,3.0,7,0.42857142857142855,1.0,log10 per day
windels,nutrient_0.25,amikacin,200.0,ug/mL,10.0,10.0,3.0,14,0.21428571428571427,1.0,log10 per day
windels,nutrient_0.25,amikacin,200.0,ug/mL,10.0,10.0,3.0,30,0.1,1.0,log10 per day
windels,nutrient_0.25,amikacin,200.0,ug/mL,10.0,10.0,3.0,60,0.05,1.0,log10 per day
windels,nutrient_0.25,amikacin,200.0,ug/mL,10.0,10.0,3.0,90,0.03333333333333333,1.0,log10 per day
windels,nutrient_0.25,amikacin,200.0,ug/mL,100.0,10.0,4.0,7,0.5714285714285714,1.0,log10 per day
windels,nutrient_0.25,amikacin,200.0,ug/mL,100.0,10.0,4.0,14,0.2857142857142857,1.0,log10 per day
windels,nutrient_0.25,amikacin,200.0,ug/mL,100.0,10.0,4.0,30,0.13333333333333333,1.0,log10 per day
windels,nutrient_0.25,amikacin,200.0,ug/mL,100.0,10.0,4.0,60,0.06666666666666667,1.0,log10 per day
windels,nutrient_0.25,amikacin,200.0,ug/mL,100.0,10.0,4.0,90,0.044444444444444446,1.0,log10 per day
windels,nutrient_0.25,amikacin,200.0,ug/mL,1000.0,10.0,5.0,7,0.7142857142857143,1.0,log10 per day
windels,nutrient_0.25,amikacin,200.0,ug/mL,1000.0,10.0,5.0,14,0.35714285714285715,1.0,log10 per day
windels,nutrient_0.25,amikacin,200.0,ug/mL,1000.0,10.0,5.0,30,0.16666666666666666,1.0,log10 per day
windels,nutrient_0.25,amikacin,200.0,ug/mL,1000.0,10.0,5.0,60,0.08333333333333333,1.0,log10 per day
windels,nutrient_0.25,amikacin,200.0,ug/mL,1000.0,10.0,5.0,90,0.05555555555555555,1.0,log10 per day
windels,nutrient_0.25,amikacin,200.0,ug/mL,1.0,2.5,2.6020599913279625,7,0.3717228559039946,1.0,log10 per day
windels,nutrient_0.25,amikacin,200.0,ug/mL,1.0,2.5,2.6020599913279625,14,0.1858614279519973,1.0,log10 per day
windels,nutrient_0.25,amikacin,200.0,ug/mL,1.0,2.5,2.6020599913279625,30,0.08673533304426542,1.0,log10 per day
windels,nutrient_0.25,amikacin,200.0,ug/mL,1.0,2.5,2.6020599913279625,60,0.04336766652213271,1.0,log10 per day
windels,nutrient_0.25,amikacin,200.0,ug/mL,1.0,2.5,2.6020599913279625,90,0.028911777681421804,1.0,log10 per day
windels,nutrient_0.25,amikacin,200.0,ug/mL,10.0,2.5,3.6020599913279625,7,0.5145799987611375,1.0,log10 per day
windels,nutrient_0.25,amikacin,200.0,ug/mL,10.0,2.5,3.6020599913279625,14,0.25728999938056873,1.0,log10 per day
windels,nutrient_0.25,amikacin,200.0,ug/mL,10.0,2.5,3.6020599913279625,30,0.12006866637759875,1.0,log10 per day
windels,nutrient_0.25,amikacin,200.0,ug/mL,10.0,2.5,3.6020599913279625,60,0.060034333188799374,1.0,log10 per day
windels,nutrient_0.25,amikacin,200.0,ug/mL,10.0,2.5,3.6020599913279625,90,0.040022888792532914,1.0,log10 per day
windels,nutrient_0.25,amikacin,200.0,ug/mL,100.0,2.5,4.6020599913279625,7,0.6574371416182804,1.0,log10 per day
windels,nutrient_0.25,amikacin,200.0,ug/mL,100.0,2.5,4.6020599913279625,14,0.3287185708091402,1.0,log10 per day
windels,nutrient_0.25,amikacin,200.0,ug/mL,100.0,2.5,4.6020599913279625,30,0.15340199971093207,1.0,log10 per day
windels,nutrient_0.25,amikacin,200.0,ug/mL,100.0,2.5,4.6020599913279625,60,0.07670099985546604,1.0,log10 per day
windels,nutrient_0.25,amikacin,200.0,ug/mL,100.0,2.5,4.6020599913279625,90,0.05113399990364403,1.0,log10 per day
windels,nutrient_0.25,amikacin,200.0,ug/mL,1000.0,2.5,5.6020599913279625,7,0.8002942844754232,1.0,log10 per day
windels,nutrient_0.25,amikacin,200.0,ug/mL,1000.0,2.5,5.6020599913279625,14,0.4001471422377116,1.0,log10 per day
windels,nutrient_0.25,amikacin,200.0,ug/mL,1000.0,2.5,5.6020599913279625,30,0.18673533304426543,1.0,log10 per day
windels,nutrient_0.25,amikacin,200.0,ug/mL,1000.0,2.5,5.6020599913279625,60,0.09336766652213271,1.0,log10 per day
windels,nutrient_0.25,amikacin,200.0,ug/mL,1000.0,2.5,5.6020599913279625,90,0.06224511101475514,1.0,log10 per day
windels,nutrient_0.25,amikacin,400.0,ug/mL,1.0,100.0,1.0,7,0.14285714285714285,1.0,log10 per day
windels,nutrient_0.25,amikacin,400.0,ug/mL,1.0,100.0,1.0,14,0.07142857142857142,1.0,log10 per day
windels,nutrient_0.25,amikacin,400.0,ug/mL,1.0,100.0,1.0,30,0.03333333333333333,1.0,log10 per day
windels,nutrient_0.25,amikacin,400.0,ug/mL,1.0,100.0,1.0,60,0.016666666666666666,1.0,log10 per day
windels,nutrient_0.25,amikacin,400.0,ug/mL,1.0,100.0,1.0,90,0.011111111111111112,1.0,log10 per day
windels,nutrient_0.25,amikacin,400.0,ug/mL,10.0,100.0,2.0,7,0.2857142857142857,1.0,log10 per day
windels,nutrient_0.25,amikacin,400.0,ug/mL,10.0,100.0,2.0,14,0.14285714285714285,1.0,log10 per day
windels,nutrient_0.25,amikacin,400.0,ug/mL,10.0,100.0,2.0,30,0.06666666666666667,1.0,log10 per day
windels,nutrient_0.25,amikacin,400.0,ug/mL,10.0,100.0,2.0,60,0.03333333333333333,1.0,log10 per day
windels,nutrient_0.25,amikacin,400.0,ug/mL,10.0,100.0,2.0,90,0.022222222222222223,1.0,log10 per day
windels,nutrient_0.25,amikacin,400.0,ug/mL,100.0,100.0,3.0,7,0.42857142857142855,1.0,log10 per day
windels,nutrient_0.25,amikacin,400.0,ug/mL,100.0,100.0,3.0,14,0.21428571428571427,1.0,log10 per day
windels,nutrient_0.25,amikacin,400.0,ug/mL,100.0,100.0,3.0,30,0.1,1.0,log10 per day
windels,nutrient_0.25,amikacin,400.0,ug/mL,100.0,100.0,3.0,60,0.05,1.0,log10 per day
windels,nutrient_0.25,amikacin,400.0,ug/mL,100.0,100.0,3.0,90,0.03333333333333333,1.0,log10 per day
windels,nutrient_0.25,amikacin,400.0,ug/mL,1000.0,100.0,4.0,7,0.5714285714285714,1.0,log10 per day
windels,nutrient_0.25,amikacin,400.0,ug/mL,1000.0,100.0,4.0,14,0.2857142857142857,1.0,log10 per day
windels,nutrient_0.25,amikacin,400.0,ug/mL,1000.0,100.0,4.0,30,0.13333333333333333,1.0,log10 per day
windels,nutrient_0.25,amikacin,400.0,ug/mL,1000.0,100.0,4.0,60,0.06666666666666667,1.0,log10 per day
windels,nutrient_0.25,amikacin,400.0,ug/mL,1000.0,100.0,4.0,90,0.044444444444444446,1.0,log10 per day
windels,nutrient_0.25,amikacin,400.0,ug/mL,1.0,10.0,2.0,7,0.2857142857142857,1.0,log10 per day
windels,nutrient_0.25,amikacin,400.0,ug/mL,1.0,10.0,2.0,14,0.14285714285714285,1.0,log10 per day
windels,nutrient_0.25,amikacin,400.0,ug/mL,1.0,10.0,2.0,30,0.06666666666666667,1.0,log10 per day
windels,nutrient_0.25,amikacin,400.0,ug/mL,1.0,10.0,2.0,60,0.03333333333333333,1.0,log10 per day
windels,nutrient_0.25,amikacin,400.0,ug/mL,1.0,10.0,2.0,90,0.022222222222222223,1.0,log10 per day
windels,nutrient_0.25,amikacin,400.0,ug/mL,10.0,10.0,3.0,7,0.42857142857142855,1.0,log10 per day
windels,nutrient_0.25,amikacin,400.0,ug/mL,10.0,10.0,3.0,14,0.21428571428571427,1.0,log10 per day
windels,nutrient_0.25,amikacin,400.0,ug/mL,10.0,10.0,3.0,30,0.1,1.0,log10 per day
windels,nutrient_0.25,amikacin,400.0,ug/mL,10.0,10.0,3.0,60,0.05,1.0,log10 per day
windels,nutrient_0.25,amikacin,400.0,ug/mL,10.0,10.0,3.0,90,0.03333333333333333,1.0,log10 per day
windels,nutrient_0.25,amikacin,400.0,ug/mL,100.0,10.0,4.0,7,0.5714285714285714,1.0,log10 per day
windels,nutrient_0.25,amikacin,400.0,ug/mL,100.0,10.0,4.0,14,0.2857142857142857,1.0,log10 per day
windels,nutrient_0.25,amikacin,400.0,ug/mL,100.0,10.0,4.0,30,0.13333333333333333,1.0,log10 per day
windels,nutrient_0.25,amikacin,400.0,ug/mL,100.0,10.0,4.0,60,0.06666666666666667,1.0,log10 per day
windels,nutrient_0.25,amikacin,400.0,ug/mL,100.0,10.0,4.0,90,0.044444444444444446,1.0,log10 per day
windels,nutrient_0.25,amikacin,400.0,ug/mL,1000.0,10.0,5.0,7,0.7142857142857143,1.0,log10 per day
windels,nutrient_0.25,amikacin,400.0,ug/mL,1000.0,10.0,5.0,14,0.35714285714285715,1.0,log10 per day
windels,nutrient_0.25,amikacin,400.0,ug/mL,1000.0,10.0,5.0,30,0.16666666666666666,1.0,log10 per day
windels,nutrient_0.25,amikacin,400.0,ug/mL,1000.0,10.0,5.0,60,0.08333333333333333,1.0,log10 per day
windels,nutrient_0.25,amikacin,400.0,ug/mL,1000.0,10.0,5.0,90,0.05555555555555555,1.0,log10 per day
windels,nutrient_0.25,amikacin,400.0,ug/mL,1.0,2.5,2.6020599913279625,7,0.3717228559039946,1.0,log10 per day
windels,nutrient_0.25,amikacin,400.0,ug/mL,1.0,2.5,2.6020599913279625,14,0.1858614279519973,1.0,log10 per day
windels,nutrient_0.25,amikacin,400.0,ug/mL,1.0,2.5,2.6020599913279625,30,0.08673533304426542,1.0,log10 per day
windels,nutrient_0.25,amikacin,400.0,ug/mL,1.0,2.5,2.6020599913279625,60,0.04336766652213271,1.0,log10 per day
windels,nutrient_0.25,amikacin,400.0,ug/mL,1.0,2.5,2.6020599913279625,90,0.028911777681421804,1.0,log10 per day
windels,nutrient_0.25,amikacin,400.0,ug/mL,10.0,2.5,3.6020599913279625,7,0.5145799987611375,1.0,log10 per day
windels,nutrient_0.25,amikacin,400.0,ug/mL,10.0,2.5,3.6020599913279625,14,0.25728999938056873,1.0,log10 per day
windels,nutrient_0.25,amikacin,400.0,ug/mL,10.0,2.5,3.6020599913279625,30,0.12006866637759875,1.0,log10 per day
windels,nutrient_0.25,amikacin,400.0,ug/mL,10.0,2.5,3.6020599913279625,60,0.060034333188799374,1.0,log10 per day
windels,nutrient_0.25,amikacin,400.0,ug/mL,10.0,2.5,3.6020599913279625,90,0.040022888792532914,1.0,log10 per day
windels,nutrient_0.25,amikacin,400.0,ug/mL,100.0,2.5,4.6020599913279625,7,0.6574371416182804,1.0,log10 per day
windels,nutrient_0.25,amikacin,400.0,ug/mL,100.0,2.5,4.6020599913279625,14,0.3287185708091402,1.0,log10 per day
windels,nutrient_0.25,amikacin,400.0,ug/mL,100.0,2.5,4.6020599913279625,30,0.15340199971093207,1.0,log10 per day
windels,nutrient_0.25,amikacin,400.0,ug/mL,100.0,2.5,4.6020599913279625,60,0.07670099985546604,1.0,log10 per day
windels,nutrient_0.25,amikacin,400.0,ug/mL,100.0,2.5,4.6020599913279625,90,0.05113399990364403,1.0,log10 per day
windels,nutrient_0.25,amikacin,400.0,ug/mL,1000.0,2.5,5.6020599913279625,7,0.8002942844754232,1.0,log10 per day
windels,nutrient_0.25,amikacin,400.0,ug/mL,1000.0,2.5,5.6020599913279625,14,0.4001471422377116,1.0,log10 per day
windels,nutrient_0.25,amikacin,400.0,ug/mL,1000.0,2.5,5.6020599913279625,30,0.18673533304426543,1.0,log10 per day
windels,nutrient_0.25,amikacin,400.0,ug/mL,1000.0,2.5,5.6020599913279625,60,0.09336766652213271,1.0,log10 per day
windels,nutrient_0.25,amikacin,400.0,ug/mL,1000.0,2.5,5.6020599913279625,90,0.06224511101475514,1.0,log10 per day
windels,nutrient_0.5,amikacin,12.5,ug/mL,1.0,100.0,1.0,7,0.14285714285714285,1.0,log10 per day
windels,nutrient_0.5,amikacin,12.5,ug/mL,1.0,100.0,1.0,14,0.07142857142857142,1.0,log10 per day
windels,nutrient_0.5,amikacin,12.5,ug/mL,1.0,100.0,1.0,30,0.03333333333333333,1.0,log10 per day
windels,nutrient_0.5,amikacin,12.5,ug/mL,1.0,100.0,1.0,60,0.016666666666666666,1.0,log10 per day
windels,nutrient_0.5,amikacin,12.5,ug/mL,1.0,100.0,1.0,90,0.011111111111111112,1.0,log10 per day
windels,nutrient_0.5,amikacin,12.5,ug/mL,10.0,100.0,2.0,7,0.2857142857142857,1.0,log10 per day
windels,nutrient_0.5,amikacin,12.5,ug/mL,10.0,100.0,2.0,14,0.14285714285714285,1.0,log10 per day
windels,nutrient_0.5,amikacin,12.5,ug/mL,10.0,100.0,2.0,30,0.06666666666666667,1.0,log10 per day
windels,nutrient_0.5,amikacin,12.5,ug/mL,10.0,100.0,2.0,60,0.03333333333333333,1.0,log10 per day
windels,nutrient_0.5,amikacin,12.5,ug/mL,10.0,100.0,2.0,90,0.022222222222222223,1.0,log10 per day
windels,nutrient_0.5,amikacin,12.5,ug/mL,100.0,100.0,3.0,7,0.42857142857142855,1.0,log10 per day
windels,nutrient_0.5,amikacin,12.5,ug/mL,100.0,100.0,3.0,14,0.21428571428571427,1.0,log10 per day
windels,nutrient_0.5,amikacin,12.5,ug/mL,100.0,100.0,3.0,30,0.1,1.0,log10 per day
windels,nutrient_0.5,amikacin,12.5,ug/mL,100.0,100.0,3.0,60,0.05,1.0,log10 per day
windels,nutrient_0.5,amikacin,12.5,ug/mL,100.0,100.0,3.0,90,0.03333333333333333,1.0,log10 per day
windels,nutrient_0.5,amikacin,12.5,ug/mL,1000.0,100.0,4.0,7,0.5714285714285714,1.0,log10 per day
windels,nutrient_0.5,amikacin,12.5,ug/mL,1000.0,100.0,4.0,14,0.2857142857142857,1.0,log10 per day
windels,nutrient_0.5,amikacin,12.5,ug/mL,1000.0,100.0,4.0,30,0.13333333333333333,1.0,log10 per day
windels,nutrient_0.5,amikacin,12.5,ug/mL,1000.0,100.0,4.0,60,0.06666666666666667,1.0,log10 per day
windels,nutrient_0.5,amikacin,12.5,ug/mL,1000.0,100.0,4.0,90,0.044444444444444446,1.0,log10 per day
windels,nutrient_0.5,amikacin,12.5,ug/mL,1.0,10.0,2.0,7,0.2857142857142857,1.0,log10 per day
windels,nutrient_0.5,amikacin,12.5,ug/mL,1.0,10.0,2.0,14,0.14285714285714285,1.0,log10 per day
windels,nutrient_0.5,amikacin,12.5,ug/mL,1.0,10.0,2.0,30,0.06666666666666667,1.0,log10 per day
windels,nutrient_0.5,amikacin,12.5,ug/mL,1.0,10.0,2.0,60,0.03333333333333333,1.0,log10 per day
windels,nutrient_0.5,amikacin,12.5,ug/mL,1.0,10.0,2.0,90,0.022222222222222223,1.0,log10 per day
windels,nutrient_0.5,amikacin,12.5,ug/mL,10.0,10.0,3.0,7,0.42857142857142855,1.0,log10 per day
windels,nutrient_0.5,amikacin,12.5,ug/mL,10.0,10.0,3.0,14,0.21428571428571427,1.0,log10 per day
windels,nutrient_0.5,amikacin,12.5,ug/mL,10.0,10.0,3.0,30,0.1,1.0,log10 per day
windels,nutrient_0.5,amikacin,12.5,ug/mL,10.0,10.0,3.0,60,0.05,1.0,log10 per day
windels,nutrient_0.5,amikacin,12.5,ug/mL,10.0,10.0,3.0,90,0.03333333333333333,1.0,log10 per day
windels,nutrient_0.5,amikacin,12.5,ug/mL,100.0,10.0,4.0,7,0.5714285714285714,1.0,log10 per day
windels,nutrient_0.5,amikacin,12.5,ug/mL,100.0,10.0,4.0,14,0.2857142857142857,1.0,log10 per day
windels,nutrient_0.5,amikacin,12.5,ug/mL,100.0,10.0,4.0,30,0.13333333333333333,1.0,log10 per day
windels,nutrient_0.5,amikacin,12.5,ug/mL,100.0,10.0,4.0,60,0.06666666666666667,1.0,log10 per day
windels,nutrient_0.5,amikacin,12.5,ug/mL,100.0,10.0,4.0,90,0.044444444444444446,1.0,log10 per day
windels,nutrient_0.5,amikacin,12.5,ug/mL,1000.0,10.0,5.0,7,0.7142857142857143,1.0,log10 per day
windels,nutrient_0.5,amikacin,12.5,ug/mL,1000.0,10.0,5.0,14,0.35714285714285715,1.0,log10 per day
windels,nutrient_0.5,amikacin,12.5,ug/mL,1000.0,10.0,5.0,30,0.16666666666666666,1.0,log10 per day
windels,nutrient_0.5,amikacin,12.5,ug/mL,1000.0,10.0,5.0,60,0.08333333333333333,1.0,log10 per day
windels,nutrient_0.5,amikacin,12.5,ug/mL,1000.0,10.0,5.0,90,0.05555555555555555,1.0,log10 per day
windels,nutrient_0.5,amikacin,12.5,ug/mL,1.0,2.5,2.6020599913279625,7,0.3717228559039946,1.0,log10 per day
windels,nutrient_0.5,amikacin,12.5,ug/mL,1.0,2.5,2.6020599913279625,14,0.1858614279519973,1.0,log10 per day
windels,nutrient_0.5,amikacin,12.5,ug/mL,1.0,2.5,2.6020599913279625,30,0.08673533304426542,1.0,log10 per day
windels,nutrient_0.5,amikacin,12.5,ug/mL,1.0,2.5,2.6020599913279625,60,0.04336766652213271,1.0,log10 per day
windels,nutrient_0.5,amikacin,12.5,ug/mL,1.0,2.5,2.6020599913279625,90,0.028911777681421804,1.0,log10 per day
windels,nutrient_0.5,amikacin,12.5,ug/mL,10.0,2.5,3.6020599913279625,7,0.5145799987611375,1.0,log10 per day
windels,nutrient_0.5,amikacin,12.5,ug/mL,10.0,2.5,3.6020599913279625,14,0.25728999938056873,1.0,log10 per day
windels,nutrient_0.5,amikacin,12.5,ug/mL,10.0,2.5,3.6020599913279625,30,0.12006866637759875,1.0,log10 per day
windels,nutrient_0.5,amikacin,12.5,ug/mL,10.0,2.5,3.6020599913279625,60,0.060034333188799374,1.0,log10 per day
windels,nutrient_0.5,amikacin,12.5,ug/mL,10.0,2.5,3.6020599913279625,90,0.040022888792532914,1.0,log10 per day
windels,nutrient_0.5,amikacin,12.5,ug/mL,100.0,2.5,4.6020599913279625,7,0.6574371416182804,1.0,log10 per day
windels,nutrient_0.5,amikacin,12.5,ug/mL,100.0,2.5,4.6020599913279625,14,0.3287185708091402,1.0,log10 per day
windels,nutrient_0.5,amikacin,12.5,ug/mL,100.0,2.5,4.6020599913279625,30,0.15340199971093207,1.0,log10 per day
windels,nutrient_0.5,amikacin,12.5,ug/mL,100.0,2.5,4.6020599913279625,60,0.07670099985546604,1.0,log10 per day
windels,nutrient_0.5,amikacin,12.5,ug/mL,100.0,2.5,4.6020599913279625,90,0.05113399990364403,1.0,log10 per day
windels,nutrient_0.5,amikacin,12.5,ug/mL,1000.0,2.5,5.6020599913279625,7,0.8002942844754232,1.0,log10 per day
windels,nutrient_0.5,amikacin,12.5,ug/mL,1000.0,2.5,5.6020599913279625,14,0.4001471422377116,1.0,log10 per day
windels,nutrient_0.5,amikacin,12.5,ug/mL,1000.0,2.5,5.6020599913279625,30,0.18673533304426543,1.0,log10 per day
windels,nutrient_0.5,amikacin,12.5,ug/mL,1000.0,2.5,5.6020599913279625,60,0.09336766652213271,1.0,log10 per day
windels,nutrient_0.5,amikacin,12.5,ug/mL,1000.0,2.5,5.6020599913279625,90,0.06224511101475514,1.0,log10 per day
windels,nutrient_0.5,amikacin,25.0,ug/mL,1.0,100.0,1.0,7,0.14285714285714285,1.0,log10 per day
windels,nutrient_0.5,amikacin,25.0,ug/mL,1.0,100.0,1.0,14,0.07142857142857142,1.0,log10 per day
windels,nutrient_0.5,amikacin,25.0,ug/mL,1.0,100.0,1.0,30,0.03333333333333333,1.0,log10 per day
windels,nutrient_0.5,amikacin,25.0,ug/mL,1.0,100.0,1.0,60,0.016666666666666666,1.0,log10 per day
windels,nutrient_0.5,amikacin,25.0,ug/mL,1.0,100.0,1.0,90,0.011111111111111112,1.0,log10 per day
windels,nutrient_0.5,amikacin,25.0,ug/mL,10.0,100.0,2.0,7,0.2857142857142857,1.0,log10 per day
windels,nutrient_0.5,amikacin,25.0,ug/mL,10.0,100.0,2.0,14,0.14285714285714285,1.0,log10 per day
windels,nutrient_0.5,amikacin,25.0,ug/mL,10.0,100.0,2.0,30,0.06666666666666667,1.0,log10 per day
windels,nutrient_0.5,amikacin,25.0,ug/mL,10.0,100.0,2.0,60,0.03333333333333333,1.0,log10 per day
windels,nutrient_0.5,amikacin,25.0,ug/mL,10.0,100.0,2.0,90,0.022222222222222223,1.0,log10 per day
windels,nutrient_0.5,amikacin,25.0,ug/mL,100.0,100.0,3.0,7,0.42857142857142855,0.9777777777777777,log10 per day
windels,nutrient_0.5,amikacin,25.0,ug/mL,100.0,100.0,3.0,14,0.21428571428571427,1.0,log10 per day
windels,nutrient_0.5,amikacin,25.0,ug/mL,100.0,100.0,3.0,30,0.1,1.0,log10 per day
windels,nutrient_0.5,amikacin,25.0,ug/mL,100.0,100.0,3.0,60,0.05,1.0,log10 per day
windels,nutrient_0.5,amikacin,25.0,ug/mL,100.0,100.0,3.0,90,0.03333333333333333,1.0,log10 per day
windels,nutrient_0.5,amikacin,25.0,ug/mL,1000.0,100.0,4.0,7,0.5714285714285714,0.9777777777777777,log10 per day
windels,nutrient_0.5,amikacin,25.0,ug/mL,1000.0,100.0,4.0,14,0.2857142857142857,1.0,log10 per day
windels,nutrient_0.5,amikacin,25.0,ug/mL,1000.0,100.0,4.0,30,0.13333333333333333,1.0,log10 per day
windels,nutrient_0.5,amikacin,25.0,ug/mL,1000.0,100.0,4.0,60,0.06666666666666667,1.0,log10 per day
windels,nutrient_0.5,amikacin,25.0,ug/mL,1000.0,100.0,4.0,90,0.044444444444444446,1.0,log10 per day
windels,nutrient_0.5,amikacin,25.0,ug/mL,1.0,10.0,2.0,7,0.2857142857142857,1.0,log10 per day
windels,nutrient_0.5,amikacin,25.0,ug/mL,1.0,10.0,2.0,14,0.14285714285714285,1.0,log10 per day
windels,nutrient_0.5,amikacin,25.0,ug/mL,1.0,10.0,2.0,30,0.06666666666666667,1.0,log10 per day
windels,nutrient_0.5,amikacin,25.0,ug/mL,1.0,10.0,2.0,60,0.03333333333333333,1.0,log10 per day
windels,nutrient_0.5,amikacin,25.0,ug/mL,1.0,10.0,2.0,90,0.022222222222222223,1.0,log10 per day
windels,nutrient_0.5,amikacin,25.0,ug/mL,10.0,10.0,3.0,7,0.42857142857142855,0.9777777777777777,log10 per day
windels,nutrient_0.5,amikacin,25.0,ug/mL,10.0,10.0,3.0,14,0.21428571428571427,1.0,log10 per day
windels,nutrient_0.5,amikacin,25.0,ug/mL,10.0,10.0,3.0,30,0.1,1.0,log10 per day
windels,nutrient_0.5,amikacin,25.0,ug/mL,10.0,10.0,3.0,60,0.05,1.0,log10 per day
windels,nutrient_0.5,amikacin,25.0,ug/mL,10.0,10.0,3.0,90,0.03333333333333333,1.0,log10 per day
windels,nutrient_0.5,amikacin,25.0,ug/mL,100.0,10.0,4.0,7,0.5714285714285714,0.9777777777777777,log10 per day
windels,nutrient_0.5,amikacin,25.0,ug/mL,100.0,10.0,4.0,14,0.2857142857142857,1.0,log10 per day
windels,nutrient_0.5,amikacin,25.0,ug/mL,100.0,10.0,4.0,30,0.13333333333333333,1.0,log10 per day
windels,nutrient_0.5,amikacin,25.0,ug/mL,100.0,10.0,4.0,60,0.06666666666666667,1.0,log10 per day
windels,nutrient_0.5,amikacin,25.0,ug/mL,100.0,10.0,4.0,90,0.044444444444444446,1.0,log10 per day
windels,nutrient_0.5,amikacin,25.0,ug/mL,1000.0,10.0,5.0,7,0.7142857142857143,0.9777777777777777,log10 per day
windels,nutrient_0.5,amikacin,25.0,ug/mL,1000.0,10.0,5.0,14,0.35714285714285715,0.9777777777777777,log10 per day
windels,nutrient_0.5,amikacin,25.0,ug/mL,1000.0,10.0,5.0,30,0.16666666666666666,1.0,log10 per day
windels,nutrient_0.5,amikacin,25.0,ug/mL,1000.0,10.0,5.0,60,0.08333333333333333,1.0,log10 per day
windels,nutrient_0.5,amikacin,25.0,ug/mL,1000.0,10.0,5.0,90,0.05555555555555555,1.0,log10 per day
windels,nutrient_0.5,amikacin,25.0,ug/mL,1.0,2.5,2.6020599913279625,7,0.3717228559039946,0.9777777777777777,log10 per day
windels,nutrient_0.5,amikacin,25.0,ug/mL,1.0,2.5,2.6020599913279625,14,0.1858614279519973,1.0,log10 per day
windels,nutrient_0.5,amikacin,25.0,ug/mL,1.0,2.5,2.6020599913279625,30,0.08673533304426542,1.0,log10 per day
windels,nutrient_0.5,amikacin,25.0,ug/mL,1.0,2.5,2.6020599913279625,60,0.04336766652213271,1.0,log10 per day
windels,nutrient_0.5,amikacin,25.0,ug/mL,1.0,2.5,2.6020599913279625,90,0.028911777681421804,1.0,log10 per day
windels,nutrient_0.5,amikacin,25.0,ug/mL,10.0,2.5,3.6020599913279625,7,0.5145799987611375,0.9777777777777777,log10 per day
windels,nutrient_0.5,amikacin,25.0,ug/mL,10.0,2.5,3.6020599913279625,14,0.25728999938056873,1.0,log10 per day
windels,nutrient_0.5,amikacin,25.0,ug/mL,10.0,2.5,3.6020599913279625,30,0.12006866637759875,1.0,log10 per day
windels,nutrient_0.5,amikacin,25.0,ug/mL,10.0,2.5,3.6020599913279625,60,0.060034333188799374,1.0,log10 per day
windels,nutrient_0.5,amikacin,25.0,ug/mL,10.0,2.5,3.6020599913279625,90,0.040022888792532914,1.0,log10 per day
windels,nutrient_0.5,amikacin,25.0,ug/mL,100.0,2.5,4.6020599913279625,7,0.6574371416182804,0.9777777777777777,log10 per day
windels,nutrient_0.5,amikacin,25.0,ug/mL,100.0,2.5,4.6020599913279625,14,0.3287185708091402,0.9777777777777777,log10 per day
windels,nutrient_0.5,amikacin,25.0,ug/mL,100.0,2.5,4.6020599913279625,30,0.15340199971093207,1.0,log10 per day
windels,nutrient_0.5,amikacin,25.0,ug/mL,100.0,2.5,4.6020599913279625,60,0.07670099985546604,1.0,log10 per day
windels,nutrient_0.5,amikacin,25.0,ug/mL,100.0,2.5,4.6020599913279625,90,0.05113399990364403,1.0,log10 per day
windels,nutrient_0.5,amikacin,25.0,ug/mL,1000.0,2.5,5.6020599913279625,7,0.8002942844754232,0.9777777777777777,log10 per day
windels,nutrient_0.5,amikacin,25.0,ug/mL,1000.0,2.5,5.6020599913279625,14,0.4001471422377116,0.9777777777777777,log10 per day
windels,nutrient_0.5,amikacin,25.0,ug/mL,1000.0,2.5,5.6020599913279625,30,0.18673533304426543,1.0,log10 per day
windels,nutrient_0.5,amikacin,25.0,ug/mL,1000.0,2.5,5.6020599913279625,60,0.09336766652213271,1.0,log10 per day
windels,nutrient_0.5,amikacin,25.0,ug/mL,1000.0,2.5,5.6020599913279625,90,0.06224511101475514,1.0,log10 per day
windels,nutrient_0.5,amikacin,50.0,ug/mL,1.0,100.0,1.0,7,0.14285714285714285,1.0,log10 per day
windels,nutrient_0.5,amikacin,50.0,ug/mL,1.0,100.0,1.0,14,0.07142857142857142,1.0,log10 per day
windels,nutrient_0.5,amikacin,50.0,ug/mL,1.0,100.0,1.0,30,0.03333333333333333,1.0,log10 per day
windels,nutrient_0.5,amikacin,50.0,ug/mL,1.0,100.0,1.0,60,0.016666666666666666,1.0,log10 per day
windels,nutrient_0.5,amikacin,50.0,ug/mL,1.0,100.0,1.0,90,0.011111111111111112,1.0,log10 per day
windels,nutrient_0.5,amikacin,50.0,ug/mL,10.0,100.0,2.0,7,0.2857142857142857,1.0,log10 per day
windels,nutrient_0.5,amikacin,50.0,ug/mL,10.0,100.0,2.0,14,0.14285714285714285,1.0,log10 per day
windels,nutrient_0.5,amikacin,50.0,ug/mL,10.0,100.0,2.0,30,0.06666666666666667,1.0,log10 per day
windels,nutrient_0.5,amikacin,50.0,ug/mL,10.0,100.0,2.0,60,0.03333333333333333,1.0,log10 per day
windels,nutrient_0.5,amikacin,50.0,ug/mL,10.0,100.0,2.0,90,0.022222222222222223,1.0,log10 per day
windels,nutrient_0.5,amikacin,50.0,ug/mL,100.0,100.0,3.0,7,0.42857142857142855,1.0,log10 per day
windels,nutrient_0.5,amikacin,50.0,ug/mL,100.0,100.0,3.0,14,0.21428571428571427,1.0,log10 per day
windels,nutrient_0.5,amikacin,50.0,ug/mL,100.0,100.0,3.0,30,0.1,1.0,log10 per day
windels,nutrient_0.5,amikacin,50.0,ug/mL,100.0,100.0,3.0,60,0.05,1.0,log10 per day
windels,nutrient_0.5,amikacin,50.0,ug/mL,100.0,100.0,3.0,90,0.03333333333333333,1.0,log10 per day
windels,nutrient_0.5,amikacin,50.0,ug/mL,1000.0,100.0,4.0,7,0.5714285714285714,1.0,log10 per day
windels,nutrient_0.5,amikacin,50.0,ug/mL,1000.0,100.0,4.0,14,0.2857142857142857,1.0,log10 per day
windels,nutrient_0.5,amikacin,50.0,ug/mL,1000.0,100.0,4.0,30,0.13333333333333333,1.0,log10 per day
windels,nutrient_0.5,amikacin,50.0,ug/mL,1000.0,100.0,4.0,60,0.06666666666666667,1.0,log10 per day
windels,nutrient_0.5,amikacin,50.0,ug/mL,1000.0,100.0,4.0,90,0.044444444444444446,1.0,log10 per day
windels,nutrient_0.5,amikacin,50.0,ug/mL,1.0,10.0,2.0,7,0.2857142857142857,1.0,log10 per day
windels,nutrient_0.5,amikacin,50.0,ug/mL,1.0,10.0,2.0,14,0.14285714285714285,1.0,log10 per day
windels,nutrient_0.5,amikacin,50.0,ug/mL,1.0,10.0,2.0,30,0.06666666666666667,1.0,log10 per day
windels,nutrient_0.5,amikacin,50.0,ug/mL,1.0,10.0,2.0,60,0.03333333333333333,1.0,log10 per day
windels,nutrient_0.5,amikacin,50.0,ug/mL,1.0,10.0,2.0,90,0.022222222222222223,1.0,log10 per day
windels,nutrient_0.5,amikacin,50.0,ug/mL,10.0,10.0,3.0,7,0.42857142857142855,1.0,log10 per day
windels,nutrient_0.5,amikacin,50.0,ug/mL,10.0,10.0,3.0,14,0.21428571428571427,1.0,log10 per day
windels,nutrient_0.5,amikacin,50.0,ug/mL,10.0,10.0,3.0,30,0.1,1.0,log10 per day
windels,nutrient_0.5,amikacin,50.0,ug/mL,10.0,10.0,3.0,60,0.05,1.0,log10 per day
windels,nutrient_0.5,amikacin,50.0,ug/mL,10.0,10.0,3.0,90,0.03333333333333333,1.0,log10 per day
windels,nutrient_0.5,amikacin,50.0,ug/mL,100.0,10.0,4.0,7,0.5714285714285714,1.0,log10 per day
windels,nutrient_0.5,amikacin,50.0,ug/mL,100.0,10.0,4.0,14,0.2857142857142857,1.0,log10 per day
windels,nutrient_0.5,amikacin,50.0,ug/mL,100.0,10.0,4.0,30,0.13333333333333333,1.0,log10 per day
windels,nutrient_0.5,amikacin,50.0,ug/mL,100.0,10.0,4.0,60,0.06666666666666667,1.0,log10 per day
windels,nutrient_0.5,amikacin,50.0,ug/mL,100.0,10.0,4.0,90,0.044444444444444446,1.0,log10 per day
windels,nutrient_0.5,amikacin,50.0,ug/mL,1000.0,10.0,5.0,7,0.7142857142857143,1.0,log10 per day
windels,nutrient_0.5,amikacin,50.0,ug/mL,1000.0,10.0,5.0,14,0.35714285714285715,1.0,log10 per day
windels,nutrient_0.5,amikacin,50.0,ug/mL,1000.0,10.0,5.0,30,0.16666666666666666,1.0,log10 per day
windels,nutrient_0.5,amikacin,50.0,ug/mL,1000.0,10.0,5.0,60,0.08333333333333333,1.0,log10 per day
windels,nutrient_0.5,amikacin,50.0,ug/mL,1000.0,10.0,5.0,90,0.05555555555555555,1.0,log10 per day
windels,nutrient_0.5,amikacin,50.0,ug/mL,1.0,2.5,2.6020599913279625,7,0.3717228559039946,1.0,log10 per day
windels,nutrient_0.5,amikacin,50.0,ug/mL,1.0,2.5,2.6020599913279625,14,0.1858614279519973,1.0,log10 per day
windels,nutrient_0.5,amikacin,50.0,ug/mL,1.0,2.5,2.6020599913279625,30,0.08673533304426542,1.0,log10 per day
windels,nutrient_0.5,amikacin,50.0,ug/mL,1.0,2.5,2.6020599913279625,60,0.04336766652213271,1.0,log10 per day
windels,nutrient_0.5,amikacin,50.0,ug/mL,1.0,2.5,2.6020599913279625,90,0.028911777681421804,1.0,log10 per day
windels,nutrient_0.5,amikacin,50.0,ug/mL,10.0,2.5,3.6020599913279625,7,0.5145799987611375,1.0,log10 per day
windels,nutrient_0.5,amikacin,50.0,ug/mL,10.0,2.5,3.6020599913279625,14,0.25728999938056873,1.0,log10 per day
windels,nutrient_0.5,amikacin,50.0,ug/mL,10.0,2.5,3.6020599913279625,30,0.12006866637759875,1.0,log10 per day
windels,nutrient_0.5,amikacin,50.0,ug/mL,10.0,2.5,3.6020599913279625,60,0.060034333188799374,1.0,log10 per day
windels,nutrient_0.5,amikacin,50.0,ug/mL,10.0,2.5,3.6020599913279625,90,0.040022888792532914,1.0,log10 per day
windels,nutrient_0.5,amikacin,50.0,ug/mL,100.0,2.5,4.6020599913279625,7,0.6574371416182804,1.0,log10 per day
windels,nutrient_0.5,amikacin,50.0,ug/mL,100.0,2.5,4.6020599913279625,14,0.3287185708091402,1.0,log10 per day
windels,nutrient_0.5,amikacin,50.0,ug/mL,100.0,2.5,4.6020599913279625,30,0.15340199971093207,1.0,log10 per day
windels,nutrient_0.5,amikacin,50.0,ug/mL,100.0,2.5,4.6020599913279625,60,0.07670099985546604,1.0,log10 per day
windels,nutrient_0.5,amikacin,50.0,ug/mL,100.0,2.5,4.6020599913279625,90,0.05113399990364403,1.0,log10 per day
windels,nutrient_0.5,amikacin,50.0,ug/mL,1000.0,2.5,5.6020599913279625,7,0.8002942844754232,1.0,log10 per day
windels,nutrient_0.5,amikacin,50.0,ug/mL,1000.0,2.5,5.6020599913279625,14,0.4001471422377116,1.0,log10 per day
windels,nutrient_0.5,amikacin,50.0,ug/mL,1000.0,2.5,5.6020599913279625,30,0.18673533304426543,1.0,log10 per day
windels,nutrient_0.5,amikacin,50.0,ug/mL,1000.0,2.5,5.6020599913279625,60,0.09336766652213271,1.0,log10 per day
windels,nutrient_0.5,amikacin,50.0,ug/mL,1000.0,2.5,5.6020599913279625,90,0.06224511101475514,1.0,log10 per day
windels,nutrient_0.5,amikacin,100.0,ug/mL,1.0,100.0,1.0,7,0.14285714285714285,1.0,log10 per day
windels,nutrient_0.5,amikacin,100.0,ug/mL,1.0,100.0,1.0,14,0.07142857142857142,1.0,log10 per day
windels,nutrient_0.5,amikacin,100.0,ug/mL,1.0,100.0,1.0,30,0.03333333333333333,1.0,log10 per day
windels,nutrient_0.5,amikacin,100.0,ug/mL,1.0,100.0,1.0,60,0.016666666666666666,1.0,log10 per day
windels,nutrient_0.5,amikacin,100.0,ug/mL,1.0,100.0,1.0,90,0.011111111111111112,1.0,log10 per day
windels,nutrient_0.5,amikacin,100.0,ug/mL,10.0,100.0,2.0,7,0.2857142857142857,1.0,log10 per day
windels,nutrient_0.5,amikacin,100.0,ug/mL,10.0,100.0,2.0,14,0.14285714285714285,1.0,log10 per day
windels,nutrient_0.5,amikacin,100.0,ug/mL,10.0,100.0,2.0,30,0.06666666666666667,1.0,log10 per day
windels,nutrient_0.5,amikacin,100.0,ug/mL,10.0,100.0,2.0,60,0.03333333333333333,1.0,log10 per day
windels,nutrient_0.5,amikacin,100.0,ug/mL,10.0,100.0,2.0,90,0.022222222222222223,1.0,log10 per day
windels,nutrient_0.5,amikacin,100.0,ug/mL,100.0,100.0,3.0,7,0.42857142857142855,1.0,log10 per day
windels,nutrient_0.5,amikacin,100.0,ug/mL,100.0,100.0,3.0,14,0.21428571428571427,1.0,log10 per day
windels,nutrient_0.5,amikacin,100.0,ug/mL,100.0,100.0,3.0,30,0.1,1.0,log10 per day
windels,nutrient_0.5,amikacin,100.0,ug/mL,100.0,100.0,3.0,60,0.05,1.0,log10 per day
windels,nutrient_0.5,amikacin,100.0,ug/mL,100.0,100.0,3.0,90,0.03333333333333333,1.0,log10 per day
windels,nutrient_0.5,amikacin,100.0,ug/mL,1000.0,100.0,4.0,7,0.5714285714285714,1.0,log10 per day
windels,nutrient_0.5,amikacin,100.0,ug/mL,1000.0,100.0,4.0,14,0.2857142857142857,1.0,log10 per day
windels,nutrient_0.5,amikacin,100.0,ug/mL,1000.0,100.0,4.0,30,0.13333333333333333,1.0,log10 per day
windels,nutrient_0.5,amikacin,100.0,ug/mL,1000.0,100.0,4.0,60,0.06666666666666667,1.0,log10 per day
windels,nutrient_0.5,amikacin,100.0,ug/mL,1000.0,100.0,4.0,90,0.044444444444444446,1.0,log10 per day
windels,nutrient_0.5,amikacin,100.0,ug/mL,1.0,10.0,2.0,7,0.2857142857142857,1.0,log10 per day
windels,nutrient_0.5,amikacin,100.0,ug/mL,1.0,10.0,2.0,14,0.14285714285714285,1.0,log10 per day
windels,nutrient_0.5,amikacin,100.0,ug/mL,1.0,10.0,2.0,30,0.06666666666666667,1.0,log10 per day
windels,nutrient_0.5,amikacin,100.0,ug/mL,1.0,10.0,2.0,60,0.03333333333333333,1.0,log10 per day
windels,nutrient_0.5,amikacin,100.0,ug/mL,1.0,10.0,2.0,90,0.022222222222222223,1.0,log10 per day
windels,nutrient_0.5,amikacin,100.0,ug/mL,10.0,10.0,3.0,7,0.42857142857142855,1.0,log10 per day
windels,nutrient_0.5,amikacin,100.0,ug/mL,10.0,10.0,3.0,14,0.21428571428571427,1.0,log10 per day
windels,nutrient_0.5,amikacin,100.0,ug/mL,10.0,10.0,3.0,30,0.1,1.0,log10 per day
windels,nutrient_0.5,amikacin,100.0,ug/mL,10.0,10.0,3.0,60,0.05,1.0,log10 per day
windels,nutrient_0.5,amikacin,100.0,ug/mL,10.0,10.0,3.0,90,0.03333333333333333,1.0,log10 per day
windels,nutrient_0.5,amikacin,100.0,ug/mL,100.0,10.0,4.0,7,0.5714285714285714,1.0,log10 per day
windels,nutrient_0.5,amikacin,100.0,ug/mL,100.0,10.0,4.0,14,0.2857142857142857,1.0,log10 per day
windels,nutrient_0.5,amikacin,100.0,ug/mL,100.0,10.0,4.0,30,0.13333333333333333,1.0,log10 per day
windels,nutrient_0.5,amikacin,100.0,ug/mL,100.0,10.0,4.0,60,0.06666666666666667,1.0,log10 per day
windels,nutrient_0.5,amikacin,100.0,ug/mL,100.0,10.0,4.0,90,0.044444444444444446,1.0,log10 per day
windels,nutrient_0.5,amikacin,100.0,ug/mL,1000.0,10.0,5.0,7,0.7142857142857143,1.0,log10 per day
windels,nutrient_0.5,amikacin,100.0,ug/mL,1000.0,10.0,5.0,14,0.35714285714285715,1.0,log10 per day
windels,nutrient_0.5,amikacin,100.0,ug/mL,1000.0,10.0,5.0,30,0.16666666666666666,1.0,log10 per day
windels,nutrient_0.5,amikacin,100.0,ug/mL,1000.0,10.0,5.0,60,0.08333333333333333,1.0,log10 per day
windels,nutrient_0.5,amikacin,100.0,ug/mL,1000.0,10.0,5.0,90,0.05555555555555555,1.0,log10 per day
windels,nutrient_0.5,amikacin,100.0,ug/mL,1.0,2.5,2.6020599913279625,7,0.3717228559039946,1.0,log10 per day
windels,nutrient_0.5,amikacin,100.0,ug/mL,1.0,2.5,2.6020599913279625,14,0.1858614279519973,1.0,log10 per day
windels,nutrient_0.5,amikacin,100.0,ug/mL,1.0,2.5,2.6020599913279625,30,0.08673533304426542,1.0,log10 per day
windels,nutrient_0.5,amikacin,100.0,ug/mL,1.0,2.5,2.6020599913279625,60,0.04336766652213271,1.0,log10 per day
windels,nutrient_0.5,amikacin,100.0,ug/mL,1.0,2.5,2.6020599913279625,90,0.028911777681421804,1.0,log10 per day
windels,nutrient_0.5,amikacin,100.0,ug/mL,10.0,2.5,3.6020599913279625,7,0.5145799987611375,1.0,log10 per day
windels,nutrient_0.5,amikacin,100.0,ug/mL,10.0,2.5,3.6020599913279625,14,0.25728999938056873,1.0,log10 per day
windels,nutrient_0.5,amikacin,100.0,ug/mL,10.0,2.5,3.6020599913279625,30,0.12006866637759875,1.0,log10 per day
windels,nutrient_0.5,amikacin,100.0,ug/mL,10.0,2.5,3.6020599913279625,60,0.060034333188799374,1.0,log10 per day
windels,nutrient_0.5,amikacin,100.0,ug/mL,10.0,2.5,3.6020599913279625,90,0.040022888792532914,1.0,log10 per day
windels,nutrient_0.5,amikacin,100.0,ug/mL,100.0,2.5,4.6020599913279625,7,0.6574371416182804,1.0,log10 per day
windels,nutrient_0.5,amikacin,100.0,ug/mL,100.0,2.5,4.6020599913279625,14,0.3287185708091402,1.0,log10 per day
windels,nutrient_0.5,amikacin,100.0,ug/mL,100.0,2.5,4.6020599913279625,30,0.15340199971093207,1.0,log10 per day
windels,nutrient_0.5,amikacin,100.0,ug/mL,100.0,2.5,4.6020599913279625,60,0.07670099985546604,1.0,log10 per day
windels,nutrient_0.5,amikacin,100.0,ug/mL,100.0,2.5,4.6020599913279625,90,0.05113399990364403,1.0,log10 per day
windels,nutrient_0.5,amikacin,100.0,ug/mL,1000.0,2.5,5.6020599913279625,7,0.8002942844754232,1.0,log10 per day
windels,nutrient_0.5,amikacin,100.0,ug/mL,1000.0,2.5,5.6020599913279625,14,0.4001471422377116,1.0,log10 per day
windels,nutrient_0.5,amikacin,100.0,ug/mL,1000.0,2.5,5.6020599913279625,30,0.18673533304426543,1.0,log10 per day
windels,nutrient_0.5,amikacin,100.0,ug/mL,1000.0,2.5,5.6020599913279625,60,0.09336766652213271,1.0,log10 per day
windels,nutrient_0.5,amikacin,100.0,ug/mL,1000.0,2.5,5.6020599913279625,90,0.06224511101475514,1.0,log10 per day
windels,nutrient_0.5,amikacin,200.0,ug/mL,1.0,100.0,1.0,7,0.14285714285714285,1.0,log10 per day
windels,nutrient_0.5,amikacin,200.0,ug/mL,1.0,100.0,1.0,14,0.07142857142857142,1.0,log10 per day
windels,nutrient_0.5,amikacin,200.0,ug/mL,1.0,100.0,1.0,30,0.03333333333333333,1.0,log10 per day
windels,nutrient_0.5,amikacin,200.0,ug/mL,1.0,100.0,1.0,60,0.016666666666666666,1.0,log10 per day
windels,nutrient_0.5,amikacin,200.0,ug/mL,1.0,100.0,1.0,90,0.011111111111111112,1.0,log10 per day
windels,nutrient_0.5,amikacin,200.0,ug/mL,10.0,100.0,2.0,7,0.2857142857142857,1.0,log10 per day
windels,nutrient_0.5,amikacin,200.0,ug/mL,10.0,100.0,2.0,14,0.14285714285714285,1.0,log10 per day
windels,nutrient_0.5,amikacin,200.0,ug/mL,10.0,100.0,2.0,30,0.06666666666666667,1.0,log10 per day
windels,nutrient_0.5,amikacin,200.0,ug/mL,10.0,100.0,2.0,60,0.03333333333333333,1.0,log10 per day
windels,nutrient_0.5,amikacin,200.0,ug/mL,10.0,100.0,2.0,90,0.022222222222222223,1.0,log10 per day
windels,nutrient_0.5,amikacin,200.0,ug/mL,100.0,100.0,3.0,7,0.42857142857142855,1.0,log10 per day
windels,nutrient_0.5,amikacin,200.0,ug/mL,100.0,100.0,3.0,14,0.21428571428571427,1.0,log10 per day
windels,nutrient_0.5,amikacin,200.0,ug/mL,100.0,100.0,3.0,30,0.1,1.0,log10 per day
windels,nutrient_0.5,amikacin,200.0,ug/mL,100.0,100.0,3.0,60,0.05,1.0,log10 per day
windels,nutrient_0.5,amikacin,200.0,ug/mL,100.0,100.0,3.0,90,0.03333333333333333,1.0,log10 per day
windels,nutrient_0.5,amikacin,200.0,ug/mL,1000.0,100.0,4.0,7,0.5714285714285714,1.0,log10 per day
windels,nutrient_0.5,amikacin,200.0,ug/mL,1000.0,100.0,4.0,14,0.2857142857142857,1.0,log10 per day
windels,nutrient_0.5,amikacin,200.0,ug/mL,1000.0,100.0,4.0,30,0.13333333333333333,1.0,log10 per day
windels,nutrient_0.5,amikacin,200.0,ug/mL,1000.0,100.0,4.0,60,0.06666666666666667,1.0,log10 per day
windels,nutrient_0.5,amikacin,200.0,ug/mL,1000.0,100.0,4.0,90,0.044444444444444446,1.0,log10 per day
windels,nutrient_0.5,amikacin,200.0,ug/mL,1.0,10.0,2.0,7,0.2857142857142857,1.0,log10 per day
windels,nutrient_0.5,amikacin,200.0,ug/mL,1.0,10.0,2.0,14,0.14285714285714285,1.0,log10 per day
windels,nutrient_0.5,amikacin,200.0,ug/mL,1.0,10.0,2.0,30,0.06666666666666667,1.0,log10 per day
windels,nutrient_0.5,amikacin,200.0,ug/mL,1.0,10.0,2.0,60,0.03333333333333333,1.0,log10 per day
windels,nutrient_0.5,amikacin,200.0,ug/mL,1.0,10.0,2.0,90,0.022222222222222223,1.0,log10 per day
windels,nutrient_0.5,amikacin,200.0,ug/mL,10.0,10.0,3.0,7,0.42857142857142855,1.0,log10 per day
windels,nutrient_0.5,amikacin,200.0,ug/mL,10.0,10.0,3.0,14,0.21428571428571427,1.0,log10 per day
windels,nutrient_0.5,amikacin,200.0,ug/mL,10.0,10.0,3.0,30,0.1,1.0,log10 per day
windels,nutrient_0.5,amikacin,200.0,ug/mL,10.0,10.0,3.0,60,0.05,1.0,log10 per day
windels,nutrient_0.5,amikacin,200.0,ug/mL,10.0,10.0,3.0,90,0.03333333333333333,1.0,log10 per day
windels,nutrient_0.5,amikacin,200.0,ug/mL,100.0,10.0,4.0,7,0.5714285714285714,1.0,log10 per day
windels,nutrient_0.5,amikacin,200.0,ug/mL,100.0,10.0,4.0,14,0.2857142857142857,1.0,log10 per day
windels,nutrient_0.5,amikacin,200.0,ug/mL,100.0,10.0,4.0,30,0.13333333333333333,1.0,log10 per day
windels,nutrient_0.5,amikacin,200.0,ug/mL,100.0,10.0,4.0,60,0.06666666666666667,1.0,log10 per day
windels,nutrient_0.5,amikacin,200.0,ug/mL,100.0,10.0,4.0,90,0.044444444444444446,1.0,log10 per day
windels,nutrient_0.5,amikacin,200.0,ug/mL,1000.0,10.0,5.0,7,0.7142857142857143,1.0,log10 per day
windels,nutrient_0.5,amikacin,200.0,ug/mL,1000.0,10.0,5.0,14,0.35714285714285715,1.0,log10 per day
windels,nutrient_0.5,amikacin,200.0,ug/mL,1000.0,10.0,5.0,30,0.16666666666666666,1.0,log10 per day
windels,nutrient_0.5,amikacin,200.0,ug/mL,1000.0,10.0,5.0,60,0.08333333333333333,1.0,log10 per day
windels,nutrient_0.5,amikacin,200.0,ug/mL,1000.0,10.0,5.0,90,0.05555555555555555,1.0,log10 per day
windels,nutrient_0.5,amikacin,200.0,ug/mL,1.0,2.5,2.6020599913279625,7,0.3717228559039946,1.0,log10 per day
windels,nutrient_0.5,amikacin,200.0,ug/mL,1.0,2.5,2.6020599913279625,14,0.1858614279519973,1.0,log10 per day
windels,nutrient_0.5,amikacin,200.0,ug/mL,1.0,2.5,2.6020599913279625,30,0.08673533304426542,1.0,log10 per day
windels,nutrient_0.5,amikacin,200.0,ug/mL,1.0,2.5,2.6020599913279625,60,0.04336766652213271,1.0,log10 per day
windels,nutrient_0.5,amikacin,200.0,ug/mL,1.0,2.5,2.6020599913279625,90,0.028911777681421804,1.0,log10 per day
windels,nutrient_0.5,amikacin,200.0,ug/mL,10.0,2.5,3.6020599913279625,7,0.5145799987611375,1.0,log10 per day
windels,nutrient_0.5,amikacin,200.0,ug/mL,10.0,2.5,3.6020599913279625,14,0.25728999938056873,1.0,log10 per day
windels,nutrient_0.5,amikacin,200.0,ug/mL,10.0,2.5,3.6020599913279625,30,0.12006866637759875,1.0,log10 per day
windels,nutrient_0.5,amikacin,200.0,ug/mL,10.0,2.5,3.6020599913279625,60,0.060034333188799374,1.0,log10 per day
windels,nutrient_0.5,amikacin,200.0,ug/mL,10.0,2.5,3.6020599913279625,90,0.040022888792532914,1.0,log10 per day
windels,nutrient_0.5,amikacin,200.0,ug/mL,100.0,2.5,4.6020599913279625,7,0.6574371416182804,1.0,log10 per day
windels,nutrient_0.5,amikacin,200.0,ug/mL,100.0,2.5,4.6020599913279625,14,0.3287185708091402,1.0,log10 per day
windels,nutrient_0.5,amikacin,200.0,ug/mL,100.0,2.5,4.6020599913279625,30,0.15340199971093207,1.0,log10 per day
windels,nutrient_0.5,amikacin,200.0,ug/mL,100.0,2.5,4.6020599913279625,60,0.07670099985546604,1.0,log10 per day
windels,nutrient_0.5,amikacin,200.0,ug/mL,100.0,2.5,4.6020599913279625,90,0.05113399990364403,1.0,log10 per day
windels,nutrient_0.5,amikacin,200.0,ug/mL,1000.0,2.5,5.6020599913279625,7,0.8002942844754232,1.0,log10 per day
windels,nutrient_0.5,amikacin,200.0,ug/mL,1000.0,2.5,5.6020599913279625,14,0.4001471422377116,1.0,log10 per day
windels,nutrient_0.5,amikacin,200.0,ug/mL,1000.0,2.5,5.6020599913279625,30,0.18673533304426543,1.0,log10 per day
windels,nutrient_0.5,amikacin,200.0,ug/mL,1000.0,2.5,5.6020599913279625,60,0.09336766652213271,1.0,log10 per day
windels,nutrient_0.5,amikacin,200.0,ug/mL,1000.0,2.5,5.6020599913279625,90,0.06224511101475514,1.0,log10 per day
windels,nutrient_0.5,amikacin,400.0,ug/mL,1.0,100.0,1.0,7,0.14285714285714285,1.0,log10 per day
windels,nutrient_0.5,amikacin,400.0,ug/mL,1.0,100.0,1.0,14,0.07142857142857142,1.0,log10 per day
windels,nutrient_0.5,amikacin,400.0,ug/mL,1.0,100.0,1.0,30,0.03333333333333333,1.0,log10 per day
windels,nutrient_0.5,amikacin,400.0,ug/mL,1.0,100.0,1.0,60,0.016666666666666666,1.0,log10 per day
windels,nutrient_0.5,amikacin,400.0,ug/mL,1.0,100.0,1.0,90,0.011111111111111112,1.0,log10 per day
windels,nutrient_0.5,amikacin,400.0,ug/mL,10.0,100.0,2.0,7,0.2857142857142857,1.0,log10 per day
windels,nutrient_0.5,amikacin,400.0,ug/mL,10.0,100.0,2.0,14,0.14285714285714285,1.0,log10 per day
windels,nutrient_0.5,amikacin,400.0,ug/mL,10.0,100.0,2.0,30,0.06666666666666667,1.0,log10 per day
windels,nutrient_0.5,amikacin,400.0,ug/mL,10.0,100.0,2.0,60,0.03333333333333333,1.0,log10 per day
windels,nutrient_0.5,amikacin,400.0,ug/mL,10.0,100.0,2.0,90,0.022222222222222223,1.0,log10 per day
windels,nutrient_0.5,amikacin,400.0,ug/mL,100.0,100.0,3.0,7,0.42857142857142855,1.0,log10 per day
windels,nutrient_0.5,amikacin,400.0,ug/mL,100.0,100.0,3.0,14,0.21428571428571427,1.0,log10 per day
windels,nutrient_0.5,amikacin,400.0,ug/mL,100.0,100.0,3.0,30,0.1,1.0,log10 per day
windels,nutrient_0.5,amikacin,400.0,ug/mL,100.0,100.0,3.0,60,0.05,1.0,log10 per day
windels,nutrient_0.5,amikacin,400.0,ug/mL,100.0,100.0,3.0,90,0.03333333333333333,1.0,log10 per day
windels,nutrient_0.5,amikacin,400.0,ug/mL,1000.0,100.0,4.0,7,0.5714285714285714,1.0,log10 per day
windels,nutrient_0.5,amikacin,400.0,ug/mL,1000.0,100.0,4.0,14,0.2857142857142857,1.0,log10 per day
windels,nutrient_0.5,amikacin,400.0,ug/mL,1000.0,100.0,4.0,30,0.13333333333333333,1.0,log10 per day
windels,nutrient_0.5,amikacin,400.0,ug/mL,1000.0,100.0,4.0,60,0.06666666666666667,1.0,log10 per day
windels,nutrient_0.5,amikacin,400.0,ug/mL,1000.0,100.0,4.0,90,0.044444444444444446,1.0,log10 per day
windels,nutrient_0.5,amikacin,400.0,ug/mL,1.0,10.0,2.0,7,0.2857142857142857,1.0,log10 per day
windels,nutrient_0.5,amikacin,400.0,ug/mL,1.0,10.0,2.0,14,0.14285714285714285,1.0,log10 per day
windels,nutrient_0.5,amikacin,400.0,ug/mL,1.0,10.0,2.0,30,0.06666666666666667,1.0,log10 per day
windels,nutrient_0.5,amikacin,400.0,ug/mL,1.0,10.0,2.0,60,0.03333333333333333,1.0,log10 per day
windels,nutrient_0.5,amikacin,400.0,ug/mL,1.0,10.0,2.0,90,0.022222222222222223,1.0,log10 per day
windels,nutrient_0.5,amikacin,400.0,ug/mL,10.0,10.0,3.0,7,0.42857142857142855,1.0,log10 per day
windels,nutrient_0.5,amikacin,400.0,ug/mL,10.0,10.0,3.0,14,0.21428571428571427,1.0,log10 per day
windels,nutrient_0.5,amikacin,400.0,ug/mL,10.0,10.0,3.0,30,0.1,1.0,log10 per day
windels,nutrient_0.5,amikacin,400.0,ug/mL,10.0,10.0,3.0,60,0.05,1.0,log10 per day
windels,nutrient_0.5,amikacin,400.0,ug/mL,10.0,10.0,3.0,90,0.03333333333333333,1.0,log10 per day
windels,nutrient_0.5,amikacin,400.0,ug/mL,100.0,10.0,4.0,7,0.5714285714285714,1.0,log10 per day
windels,nutrient_0.5,amikacin,400.0,ug/mL,100.0,10.0,4.0,14,0.2857142857142857,1.0,log10 per day
windels,nutrient_0.5,amikacin,400.0,ug/mL,100.0,10.0,4.0,30,0.13333333333333333,1.0,log10 per day
windels,nutrient_0.5,amikacin,400.0,ug/mL,100.0,10.0,4.0,60,0.06666666666666667,1.0,log10 per day
windels,nutrient_0.5,amikacin,400.0,ug/mL,100.0,10.0,4.0,90,0.044444444444444446,1.0,log10 per day
windels,nutrient_0.5,amikacin,400.0,ug/mL,1000.0,10.0,5.0,7,0.7142857142857143,1.0,log10 per day
windels,nutrient_0.5,amikacin,400.0,ug/mL,1000.0,10.0,5.0,14,0.35714285714285715,1.0,log10 per day
windels,nutrient_0.5,amikacin,400.0,ug/mL,1000.0,10.0,5.0,30,0.16666666666666666,1.0,log10 per day
windels,nutrient_0.5,amikacin,400.0,ug/mL,1000.0,10.0,5.0,60,0.08333333333333333,1.0,log10 per day
windels,nutrient_0.5,amikacin,400.0,ug/mL,1000.0,10.0,5.0,90,0.05555555555555555,1.0,log10 per day
windels,nutrient_0.5,amikacin,400.0,ug/mL,1.0,2.5,2.6020599913279625,7,0.3717228559039946,1.0,log10 per day
windels,nutrient_0.5,amikacin,400.0,ug/mL,1.0,2.5,2.6020599913279625,14,0.1858614279519973,1.0,log10 per day
windels,nutrient_0.5,amikacin,400.0,ug/mL,1.0,2.5,2.6020599913279625,30,0.08673533304426542,1.0,log10 per day
windels,nutrient_0.5,amikacin,400.0,ug/mL,1.0,2.5,2.6020599913279625,60,0.04336766652213271,1.0,log10 per day
windels,nutrient_0.5,amikacin,400.0,ug/mL,1.0,2.5,2.6020599913279625,90,0.028911777681421804,1.0,log10 per day
windels,nutrient_0.5,amikacin,400.0,ug/mL,10.0,2.5,3.6020599913279625,7,0.5145799987611375,1.0,log10 per day
windels,nutrient_0.5,amikacin,400.0,ug/mL,10.0,2.5,3.6020599913279625,14,0.25728999938056873,1.0,log10 per day
windels,nutrient_0.5,amikacin,400.0,ug/mL,10.0,2.5,3.6020599913279625,30,0.12006866637759875,1.0,log10 per day
windels,nutrient_0.5,amikacin,400.0,ug/mL,10.0,2.5,3.6020599913279625,60,0.060034333188799374,1.0,log10 per day
windels,nutrient_0.5,amikacin,400.0,ug/mL,10.0,2.5,3.6020599913279625,90,0.040022888792532914,1.0,log10 per day
windels,nutrient_0.5,amikacin,400.0,ug/mL,100.0,2.5,4.6020599913279625,7,0.6574371416182804,1.0,log10 per day
windels,nutrient_0.5,amikacin,400.0,ug/mL,100.0,2.5,4.6020599913279625,14,0.3287185708091402,1.0,log10 per day
windels,nutrient_0.5,amikacin,400.0,ug/mL,100.0,2.5,4.6020599913279625,30,0.15340199971093207,1.0,log10 per day
windels,nutrient_0.5,amikacin,400.0,ug/mL,100.0,2.5,4.6020599913279625,60,0.07670099985546604,1.0,log10 per day
windels,nutrient_0.5,amikacin,400.0,ug/mL,100.0,2.5,4.6020599913279625,90,0.05113399990364403,1.0,log10 per day
windels,nutrient_0.5,amikacin,400.0,ug/mL,1000.0,2.5,5.6020599913279625,7,0.8002942844754232,1.0,log10 per day
windels,nutrient_0.5,amikacin,400.0,ug/mL,1000.0,2.5,5.6020599913279625,14,0.4001471422377116,1.0,log10 per day
windels,nutrient_0.5,amikacin,400.0,ug/mL,1000.0,2.5,5.6020599913279625,30,0.18673533304426543,1.0,log10 per day
windels,nutrient_0.5,amikacin,400.0,ug/mL,1000.0,2.5,5.6020599913279625,60,0.09336766652213271,1.0,log10 per day
windels,nutrient_0.5,amikacin,400.0,ug/mL,1000.0,2.5,5.6020599913279625,90,0.06224511101475514,1.0,log10 per day
windels,nutrient_0.8,amikacin,12.5,ug/mL,1.0,100.0,1.0,7,0.14285714285714285,0.9111111111111111,log10 per day
windels,nutrient_0.8,amikacin,12.5,ug/mL,1.0,100.0,1.0,14,0.07142857142857142,0.9333333333333333,log10 per day
windels,nutrient_0.8,amikacin,12.5,ug/mL,1.0,100.0,1.0,30,0.03333333333333333,0.9555555555555556,log10 per day
windels,nutrient_0.8,amikacin,12.5,ug/mL,1.0,100.0,1.0,60,0.016666666666666666,0.9555555555555556,log10 per day
windels,nutrient_0.8,amikacin,12.5,ug/mL,1.0,100.0,1.0,90,0.011111111111111112,0.9555555555555556,log10 per day
windels,nutrient_0.8,amikacin,12.5,ug/mL,10.0,100.0,2.0,7,0.2857142857142857,0.9111111111111111,log10 per day
windels,nutrient_0.8,amikacin,12.5,ug/mL,10.0,100.0,2.0,14,0.14285714285714285,0.9111111111111111,log10 per day
windels,nutrient_0.8,amikacin,12.5,ug/mL,10.0,100.0,2.0,30,0.06666666666666667,0.9333333333333333,log10 per day
windels,nutrient_0.8,amikacin,12.5,ug/mL,10.0,100.0,2.0,60,0.03333333333333333,0.9555555555555556,log10 per day
windels,nutrient_0.8,amikacin,12.5,ug/mL,10.0,100.0,2.0,90,0.022222222222222223,0.9555555555555556,log10 per day
windels,nutrient_0.8,amikacin,12.5,ug/mL,100.0,100.0,3.0,7,0.42857142857142855,0.9111111111111111,log10 per day
windels,nutrient_0.8,amikacin,12.5,ug/mL,100.0,100.0,3.0,14,0.21428571428571427,0.9111111111111111,log10 per day
windels,nutrient_0.8,amikacin,12.5,ug/mL,100.0,100.0,3.0,30,0.1,0.9111111111111111,log10 per day
windels,nutrient_0.8,amikacin,12.5,ug/mL,100.0,100.0,3.0,60,0.05,0.9555555555555556,log10 per day
windels,nutrient_0.8,amikacin,12.5,ug/mL,100.0,100.0,3.0,90,0.03333333333333333,0.9555555555555556,log10 per day
windels,nutrient_0.8,amikacin,12.5,ug/mL,1000.0,100.0,4.0,7,0.5714285714285714,0.9111111111111111,log10 per day
windels,nutrient_0.8,amikacin,12.5,ug/mL,1000.0,100.0,4.0,14,0.2857142857142857,0.9111111111111111,log10 per day
windels,nutrient_0.8,amikacin,12.5,ug/mL,1000.0,100.0,4.0,30,0.13333333333333333,0.9111111111111111,log10 per day
windels,nutrient_0.8,amikacin,12.5,ug/mL,1000.0,100.0,4.0,60,0.06666666666666667,0.9333333333333333,log10 per day
windels,nutrient_0.8,amikacin,12.5,ug/mL,1000.0,100.0,4.0,90,0.044444444444444446,0.9555555555555556,log10 per day
windels,nutrient_0.8,amikacin,12.5,ug/mL,1.0,10.0,2.0,7,0.2857142857142857,0.9111111111111111,log10 per day
windels,nutrient_0.8,amikacin,12.5,ug/mL,1.0,10.0,2.0,14,0.14285714285714285,0.9111111111111111,log10 per day
windels,nutrient_0.8,amikacin,12.5,ug/mL,1.0,10.0,2.0,30,0.06666666666666667,0.9333333333333333,log10 per day
windels,nutrient_0.8,amikacin,12.5,ug/mL,1.0,10.0,2.0,60,0.03333333333333333,0.9555555555555556,log10 per day
windels,nutrient_0.8,amikacin,12.5,ug/mL,1.0,10.0,2.0,90,0.022222222222222223,0.9555555555555556,log10 per day
windels,nutrient_0.8,amikacin,12.5,ug/mL,10.0,10.0,3.0,7,0.42857142857142855,0.9111111111111111,log10 per day
windels,nutrient_0.8,amikacin,12.5,ug/mL,10.0,10.0,3.0,14,0.21428571428571427,0.9111111111111111,log10 per day
windels,nutrient_0.8,amikacin,12.5,ug/mL,10.0,10.0,3.0,30,0.1,0.9111111111111111,log10 per day
windels,nutrient_0.8,amikacin,12.5,ug/mL,10.0,10.0,3.0,60,0.05,0.9555555555555556,log10 per day
windels,nutrient_0.8,amikacin,12.5,ug/mL,10.0,10.0,3.0,90,0.03333333333333333,0.9555555555555556,log10 per day
windels,nutrient_0.8,amikacin,12.5,ug/mL,100.0,10.0,4.0,7,0.5714285714285714,0.9111111111111111,log10 per day
windels,nutrient_0.8,amikacin,12.5,ug/mL,100.0,10.0,4.0,14,0.2857142857142857,0.9111111111111111,log10 per day
windels,nutrient_0.8,amikacin,12.5,ug/mL,100.0,10.0,4.0,30,0.13333333333333333,0.9111111111111111,log10 per day
windels,nutrient_0.8,amikacin,12.5,ug/mL,100.0,10.0,4.0,60,0.06666666666666667,0.9333333333333333,log10 per day
windels,nutrient_0.8,amikacin,12.5,ug/mL,100.0,10.0,4.0,90,0.044444444444444446,0.9555555555555556,log10 per day
windels,nutrient_0.8,amikacin,12.5,ug/mL,1000.0,10.0,5.0,7,0.7142857142857143,0.8888888888888888,log10 per day
windels,nutrient_0.8,amikacin,12.5,ug/mL,1000.0,10.0,5.0,14,0.35714285714285715,0.9111111111111111,log10 per day
windels,nutrient_0.8,amikacin,12.5,ug/mL,1000.0,10.0,5.0,30,0.16666666666666666,0.9111111111111111,log10 per day
windels,nutrient_0.8,amikacin,12.5,ug/mL,1000.0,10.0,5.0,60,0.08333333333333333,0.9333333333333333,log10 per day
windels,nutrient_0.8,amikacin,12.5,ug/mL,1000.0,10.0,5.0,90,0.05555555555555555,0.9555555555555556,log10 per day
windels,nutrient_0.8,amikacin,12.5,ug/mL,1.0,2.5,2.6020599913279625,7,0.3717228559039946,0.9111111111111111,log10 per day
windels,nutrient_0.8,amikacin,12.5,ug/mL,1.0,2.5,2.6020599913279625,14,0.1858614279519973,0.9111111111111111,log10 per day
windels,nutrient_0.8,amikacin,12.5,ug/mL,1.0,2.5,2.6020599913279625,30,0.08673533304426542,0.9333333333333333,log10 per day
windels,nutrient_0.8,amikacin,12.5,ug/mL,1.0,2.5,2.6020599913279625,60,0.04336766652213271,0.9555555555555556,log10 per day
windels,nutrient_0.8,amikacin,12.5,ug/mL,1.0,2.5,2.6020599913279625,90,0.028911777681421804,0.9555555555555556,log10 per day
windels,nutrient_0.8,amikacin,12.5,ug/mL,10.0,2.5,3.6020599913279625,7,0.5145799987611375,0.9111111111111111,log10 per day
windels,nutrient_0.8,amikacin,12.5,ug/mL,10.0,2.5,3.6020599913279625,14,0.25728999938056873,0.9111111111111111,log10 per day
windels,nutrient_0.8,amikacin,12.5,ug/mL,10.0,2.5,3.6020599913279625,30,0.12006866637759875,0.9111111111111111,log10 per day
windels,nutrient_0.8,amikacin,12.5,ug/mL,10.0,2.5,3.6020599913279625,60,0.060034333188799374,0.9555555555555556,log10 per day
windels,nutrient_0.8,amikacin,12.5,ug/mL,10.0,2.5,3.6020599913279625,90,0.040022888792532914,0.9555555555555556,log10 per day
windels,nutrient_0.8,amikacin,12.5,ug/mL,100.0,2.5,4.6020599913279625,7,0.6574371416182804,0.8888888888888888,log10 per day
windels,nutrient_0.8,amikacin,12.5,ug/mL,100.0,2.5,4.6020599913279625,14,0.3287185708091402,0.9111111111111111,log10 per day
windels,nutrient_0.8,amikacin,12.5,ug/mL,100.0,2.5,4.6020599913279625,30,0.15340199971093207,0.9111111111111111,log10 per day
windels,nutrient_0.8,amikacin,12.5,ug/mL,100.0,2.5,4.6020599913279625,60,0.07670099985546604,0.9333333333333333,log10 per day
windels,nutrient_0.8,amikacin,12.5,ug/mL,100.0,2.5,4.6020599913279625,90,0.05113399990364403,0.9555555555555556,log10 per day
windels,nutrient_0.8,amikacin,12.5,ug/mL,1000.0,2.5,5.6020599913279625,7,0.8002942844754232,0.8888888888888888,log10 per day
windels,nutrient_0.8,amikacin,12.5,ug/mL,1000.0,2.5,5.6020599913279625,14,0.4001471422377116,0.9111111111111111,log10 per day
windels,nutrient_0.8,amikacin,12.5,ug/mL,1000.0,2.5,5.6020599913279625,30,0.18673533304426543,0.9111111111111111,log10 per day
windels,nutrient_0.8,amikacin,12.5,ug/mL,1000.0,2.5,5.6020599913279625,60,0.09336766652213271,0.9111111111111111,log10 per day
windels,nutrient_0.8,amikacin,12.5,ug/mL,1000.0,2.5,5.6020599913279625,90,0.06224511101475514,0.9555555555555556,log10 per day
windels,nutrient_0.8,amikacin,25.0,ug/mL,1.0,100.0,1.0,7,0.14285714285714285,1.0,log10 per day
windels,nutrient_0.8,amikacin,25.0,ug/mL,1.0,100.0,1.0,14,0.07142857142857142,1.0,log10 per day
windels,nutrient_0.8,amikacin,25.0,ug/mL,1.0,100.0,1.0,30,0.03333333333333333,1.0,log10 per day
windels,nutrient_0.8,amikacin,25.0,ug/mL,1.0,100.0,1.0,60,0.016666666666666666,1.0,log10 per day
windels,nutrient_0.8,amikacin,25.0,ug/mL,1.0,100.0,1.0,90,0.011111111111111112,1.0,log10 per day
windels,nutrient_0.8,amikacin,25.0,ug/mL,10.0,100.0,2.0,7,0.2857142857142857,0.9777777777777777,log10 per day
windels,nutrient_0.8,amikacin,25.0,ug/mL,10.0,100.0,2.0,14,0.14285714285714285,1.0,log10 per day
windels,nutrient_0.8,amikacin,25.0,ug/mL,10.0,100.0,2.0,30,0.06666666666666667,1.0,log10 per day
windels,nutrient_0.8,amikacin,25.0,ug/mL,10.0,100.0,2.0,60,0.03333333333333333,1.0,log10 per day
windels,nutrient_0.8,amikacin,25.0,ug/mL,10.0,100.0,2.0,90,0.022222222222222223,1.0,log10 per day
windels,nutrient_0.8,amikacin,25.0,ug/mL,100.0,100.0,3.0,7,0.42857142857142855,0.9777777777777777,log10 per day
windels,nutrient_0.8,amikacin,25.0,ug/mL,100.0,100.0,3.0,14,0.21428571428571427,0.9777777777777777,log10 per day
windels,nutrient_0.8,amikacin,25.0,ug/mL,100.0,100.0,3.0,30,0.1,1.0,log10 per day
windels,nutrient_0.8,amikacin,25.0,ug/mL,100.0,100.0,3.0,60,0.05,1.0,log10 per day
windels,nutrient_0.8,amikacin,25.0,ug/mL,100.0,100.0,3.0,90,0.03333333333333333,1.0,log10 per day
windels,nutrient_0.8,amikacin,25.0,ug/mL,1000.0,100.0,4.0,7,0.5714285714285714,0.9777777777777777,log10 per day
windels,nutrient_0.8,amikacin,25.0,ug/mL,1000.0,100.0,4.0,14,0.2857142857142857,0.9777777777777777,log10 per day
windels,nutrient_0.8,amikacin,25.0,ug/mL,1000.0,100.0,4.0,30,0.13333333333333333,1.0,log10 per day
windels,nutrient_0.8,amikacin,25.0,ug/mL,1000.0,100.0,4.0,60,0.06666666666666667,1.0,log10 per day
windels,nutrient_0.8,amikacin,25.0,ug/mL,1000.0,100.0,4.0,90,0.044444444444444446,1.0,log10 per day
windels,nutrient_0.8,amikacin,25.0,ug/mL,1.0,10.0,2.0,7,0.2857142857142857,0.9777777777777777,log10 per day
windels,nutrient_0.8,amikacin,25.0,ug/mL,1.0,10.0,2.0,14,0.14285714285714285,1.0,log10 per day
windels,nutrient_0.8,amikacin,25.0,ug/mL,1.0,10.0,2.0,30,0.06666666666666667,1.0,log10 per day
windels,nutrient_0.8,amikacin,25.0,ug/mL,1.0,10.0,2.0,60,0.03333333333333333,1.0,log10 per day
windels,nutrient_0.8,amikacin,25.0,ug/mL,1.0,10.0,2.0,90,0.022222222222222223,1.0,log10 per day
windels,nutrient_0.8,amikacin,25.0,ug/mL,10.0,10.0,3.0,7,0.42857142857142855,0.9777777777777777,log10 per day
windels,nutrient_0.8,amikacin,25.0,ug/mL,10.0,10.0,3.0,14,0.21428571428571427,0.9777777777777777,log10 per day
windels,nutrient_0.8,amikacin,25.0,ug/mL,10.0,10.0,3.0,30,0.1,1.0,log10 per day
windels,nutrient_0.8,amikacin,25.0,ug/mL,10.0,10.0,3.0,60,0.05,1.0,log10 per day
windels,nutrient_0.8,amikacin,25.0,ug/mL,10.0,10.0,3.0,90,0.03333333333333333,1.0,log10 per day
windels,nutrient_0.8,amikacin,25.0,ug/mL,100.0,10.0,4.0,7,0.5714285714285714,0.9777777777777777,log10 per day
windels,nutrient_0.8,amikacin,25.0,ug/mL,100.0,10.0,4.0,14,0.2857142857142857,0.9777777777777777,log10 per day
windels,nutrient_0.8,amikacin,25.0,ug/mL,100.0,10.0,4.0,30,0.13333333333333333,1.0,log10 per day
windels,nutrient_0.8,amikacin,25.0,ug/mL,100.0,10.0,4.0,60,0.06666666666666667,1.0,log10 per day
windels,nutrient_0.8,amikacin,25.0,ug/mL,100.0,10.0,4.0,90,0.044444444444444446,1.0,log10 per day
windels,nutrient_0.8,amikacin,25.0,ug/mL,1000.0,10.0,5.0,7,0.7142857142857143,0.9777777777777777,log10 per day
windels,nutrient_0.8,amikacin,25.0,ug/mL,1000.0,10.0,5.0,14,0.35714285714285715,0.9777777777777777,log10 per day
windels,nutrient_0.8,amikacin,25.0,ug/mL,1000.0,10.0,5.0,30,0.16666666666666666,1.0,log10 per day
windels,nutrient_0.8,amikacin,25.0,ug/mL,1000.0,10.0,5.0,60,0.08333333333333333,1.0,log10 per day
windels,nutrient_0.8,amikacin,25.0,ug/mL,1000.0,10.0,5.0,90,0.05555555555555555,1.0,log10 per day
windels,nutrient_0.8,amikacin,25.0,ug/mL,1.0,2.5,2.6020599913279625,7,0.3717228559039946,0.9777777777777777,log10 per day
windels,nutrient_0.8,amikacin,25.0,ug/mL,1.0,2.5,2.6020599913279625,14,0.1858614279519973,1.0,log10 per day
windels,nutrient_0.8,amikacin,25.0,ug/mL,1.0,2.5,2.6020599913279625,30,0.08673533304426542,1.0,log10 per day
windels,nutrient_0.8,amikacin,25.0,ug/mL,1.0,2.5,2.6020599913279625,60,0.04336766652213271,1.0,log10 per day
windels,nutrient_0.8,amikacin,25.0,ug/mL,1.0,2.5,2.6020599913279625,90,0.028911777681421804,1.0,log10 per day
windels,nutrient_0.8,amikacin,25.0,ug/mL,10.0,2.5,3.6020599913279625,7,0.5145799987611375,0.9777777777777777,log10 per day
windels,nutrient_0.8,amikacin,25.0,ug/mL,10.0,2.5,3.6020599913279625,14,0.25728999938056873,0.9777777777777777,log10 per day
windels,nutrient_0.8,amikacin,25.0,ug/mL,10.0,2.5,3.6020599913279625,30,0.12006866637759875,1.0,log10 per day
windels,nutrient_0.8,amikacin,25.0,ug/mL,10.0,2.5,3.6020599913279625,60,0.060034333188799374,1.0,log10 per day
windels,nutrient_0.8,amikacin,25.0,ug/mL,10.0,2.5,3.6020599913279625,90,0.040022888792532914,1.0,log10 per day
windels,nutrient_0.8,amikacin,25.0,ug/mL,100.0,2.5,4.6020599913279625,7,0.6574371416182804,0.9777777777777777,log10 per day
windels,nutrient_0.8,amikacin,25.0,ug/mL,100.0,2.5,4.6020599913279625,14,0.3287185708091402,0.9777777777777777,log10 per day
windels,nutrient_0.8,amikacin,25.0,ug/mL,100.0,2.5,4.6020599913279625,30,0.15340199971093207,1.0,log10 per day
windels,nutrient_0.8,amikacin,25.0,ug/mL,100.0,2.5,4.6020599913279625,60,0.07670099985546604,1.0,log10 per day
windels,nutrient_0.8,amikacin,25.0,ug/mL,100.0,2.5,4.6020599913279625,90,0.05113399990364403,1.0,log10 per day
windels,nutrient_0.8,amikacin,25.0,ug/mL,1000.0,2.5,5.6020599913279625,7,0.8002942844754232,0.9777777777777777,log10 per day
windels,nutrient_0.8,amikacin,25.0,ug/mL,1000.0,2.5,5.6020599913279625,14,0.4001471422377116,0.9777777777777777,log10 per day
windels,nutrient_0.8,amikacin,25.0,ug/mL,1000.0,2.5,5.6020599913279625,30,0.18673533304426543,1.0,log10 per day
windels,nutrient_0.8,amikacin,25.0,ug/mL,1000.0,2.5,5.6020599913279625,60,0.09336766652213271,1.0,log10 per day
windels,nutrient_0.8,amikacin,25.0,ug/mL,1000.0,2.5,5.6020599913279625,90,0.06224511101475514,1.0,log10 per day
windels,nutrient_0.8,amikacin,50.0,ug/mL,1.0,100.0,1.0,7,0.14285714285714285,1.0,log10 per day
windels,nutrient_0.8,amikacin,50.0,ug/mL,1.0,100.0,1.0,14,0.07142857142857142,1.0,log10 per day
windels,nutrient_0.8,amikacin,50.0,ug/mL,1.0,100.0,1.0,30,0.03333333333333333,1.0,log10 per day
windels,nutrient_0.8,amikacin,50.0,ug/mL,1.0,100.0,1.0,60,0.016666666666666666,1.0,log10 per day
windels,nutrient_0.8,amikacin,50.0,ug/mL,1.0,100.0,1.0,90,0.011111111111111112,1.0,log10 per day
windels,nutrient_0.8,amikacin,50.0,ug/mL,10.0,100.0,2.0,7,0.2857142857142857,1.0,log10 per day
windels,nutrient_0.8,amikacin,50.0,ug/mL,10.0,100.0,2.0,14,0.14285714285714285,1.0,log10 per day
windels,nutrient_0.8,amikacin,50.0,ug/mL,10.0,100.0,2.0,30,0.06666666666666667,1.0,log10 per day
windels,nutrient_0.8,amikacin,50.0,ug/mL,10.0,100.0,2.0,60,0.03333333333333333,1.0,log10 per day
windels,nutrient_0.8,amikacin,50.0,ug/mL,10.0,100.0,2.0,90,0.022222222222222223,1.0,log10 per day
windels,nutrient_0.8,amikacin,50.0,ug/mL,100.0,100.0,3.0,7,0.42857142857142855,1.0,log10 per day
windels,nutrient_0.8,amikacin,50.0,ug/mL,100.0,100.0,3.0,14,0.21428571428571427,1.0,log10 per day
windels,nutrient_0.8,amikacin,50.0,ug/mL,100.0,100.0,3.0,30,0.1,1.0,log10 per day
windels,nutrient_0.8,amikacin,50.0,ug/mL,100.0,100.0,3.0,60,0.05,1.0,log10 per day
windels,nutrient_0.8,amikacin,50.0,ug/mL,100.0,100.0,3.0,90,0.03333333333333333,1.0,log10 per day
windels,nutrient_0.8,amikacin,50.0,ug/mL,1000.0,100.0,4.0,7,0.5714285714285714,1.0,log10 per day
windels,nutrient_0.8,amikacin,50.0,ug/mL,1000.0,100.0,4.0,14,0.2857142857142857,1.0,log10 per day
windels,nutrient_0.8,amikacin,50.0,ug/mL,1000.0,100.0,4.0,30,0.13333333333333333,1.0,log10 per day
windels,nutrient_0.8,amikacin,50.0,ug/mL,1000.0,100.0,4.0,60,0.06666666666666667,1.0,log10 per day
windels,nutrient_0.8,amikacin,50.0,ug/mL,1000.0,100.0,4.0,90,0.044444444444444446,1.0,log10 per day
windels,nutrient_0.8,amikacin,50.0,ug/mL,1.0,10.0,2.0,7,0.2857142857142857,1.0,log10 per day
windels,nutrient_0.8,amikacin,50.0,ug/mL,1.0,10.0,2.0,14,0.14285714285714285,1.0,log10 per day
windels,nutrient_0.8,amikacin,50.0,ug/mL,1.0,10.0,2.0,30,0.06666666666666667,1.0,log10 per day
windels,nutrient_0.8,amikacin,50.0,ug/mL,1.0,10.0,2.0,60,0.03333333333333333,1.0,log10 per day
windels,nutrient_0.8,amikacin,50.0,ug/mL,1.0,10.0,2.0,90,0.022222222222222223,1.0,log10 per day
windels,nutrient_0.8,amikacin,50.0,ug/mL,10.0,10.0,3.0,7,0.42857142857142855,1.0,log10 per day
windels,nutrient_0.8,amikacin,50.0,ug/mL,10.0,10.0,3.0,14,0.21428571428571427,1.0,log10 per day
windels,nutrient_0.8,amikacin,50.0,ug/mL,10.0,10.0,3.0,30,0.1,1.0,log10 per day
windels,nutrient_0.8,amikacin,50.0,ug/mL,10.0,10.0,3.0,60,0.05,1.0,log10 per day
windels,nutrient_0.8,amikacin,50.0,ug/mL,10.0,10.0,3.0,90,0.03333333333333333,1.0,log10 per day
windels,nutrient_0.8,amikacin,50.0,ug/mL,100.0,10.0,4.0,7,0.5714285714285714,1.0,log10 per day
windels,nutrient_0.8,amikacin,50.0,ug/mL,100.0,10.0,4.0,14,0.2857142857142857,1.0,log10 per day
windels,nutrient_0.8,amikacin,50.0,ug/mL,100.0,10.0,4.0,30,0.13333333333333333,1.0,log10 per day
windels,nutrient_0.8,amikacin,50.0,ug/mL,100.0,10.0,4.0,60,0.06666666666666667,1.0,log10 per day
windels,nutrient_0.8,amikacin,50.0,ug/mL,100.0,10.0,4.0,90,0.044444444444444446,1.0,log10 per day
windels,nutrient_0.8,amikacin,50.0,ug/mL,1000.0,10.0,5.0,7,0.7142857142857143,1.0,log10 per day
windels,nutrient_0.8,amikacin,50.0,ug/mL,1000.0,10.0,5.0,14,0.35714285714285715,1.0,log10 per day
windels,nutrient_0.8,amikacin,50.0,ug/mL,1000.0,10.0,5.0,30,0.16666666666666666,1.0,log10 per day
windels,nutrient_0.8,amikacin,50.0,ug/mL,1000.0,10.0,5.0,60,0.08333333333333333,1.0,log10 per day
windels,nutrient_0.8,amikacin,50.0,ug/mL,1000.0,10.0,5.0,90,0.05555555555555555,1.0,log10 per day
windels,nutrient_0.8,amikacin,50.0,ug/mL,1.0,2.5,2.6020599913279625,7,0.3717228559039946,1.0,log10 per day
windels,nutrient_0.8,amikacin,50.0,ug/mL,1.0,2.5,2.6020599913279625,14,0.1858614279519973,1.0,log10 per day
windels,nutrient_0.8,amikacin,50.0,ug/mL,1.0,2.5,2.6020599913279625,30,0.08673533304426542,1.0,log10 per day
windels,nutrient_0.8,amikacin,50.0,ug/mL,1.0,2.5,2.6020599913279625,60,0.04336766652213271,1.0,log10 per day
windels,nutrient_0.8,amikacin,50.0,ug/mL,1.0,2.5,2.6020599913279625,90,0.028911777681421804,1.0,log10 per day
windels,nutrient_0.8,amikacin,50.0,ug/mL,10.0,2.5,3.6020599913279625,7,0.5145799987611375,1.0,log10 per day
windels,nutrient_0.8,amikacin,50.0,ug/mL,10.0,2.5,3.6020599913279625,14,0.25728999938056873,1.0,log10 per day
windels,nutrient_0.8,amikacin,50.0,ug/mL,10.0,2.5,3.6020599913279625,30,0.12006866637759875,1.0,log10 per day
windels,nutrient_0.8,amikacin,50.0,ug/mL,10.0,2.5,3.6020599913279625,60,0.060034333188799374,1.0,log10 per day
windels,nutrient_0.8,amikacin,50.0,ug/mL,10.0,2.5,3.6020599913279625,90,0.040022888792532914,1.0,log10 per day
windels,nutrient_0.8,amikacin,50.0,ug/mL,100.0,2.5,4.6020599913279625,7,0.6574371416182804,1.0,log10 per day
windels,nutrient_0.8,amikacin,50.0,ug/mL,100.0,2.5,4.6020599913279625,14,0.3287185708091402,1.0,log10 per day
windels,nutrient_0.8,amikacin,50.0,ug/mL,100.0,2.5,4.6020599913279625,30,0.15340199971093207,1.0,log10 per day
windels,nutrient_0.8,amikacin,50.0,ug/mL,100.0,2.5,4.6020599913279625,60,0.07670099985546604,1.0,log10 per day
windels,nutrient_0.8,amikacin,50.0,ug/mL,100.0,2.5,4.6020599913279625,90,0.05113399990364403,1.0,log10 per day
windels,nutrient_0.8,amikacin,50.0,ug/mL,1000.0,2.5,5.6020599913279625,7,0.8002942844754232,1.0,log10 per day
windels,nutrient_0.8,amikacin,50.0,ug/mL,1000.0,2.5,5.6020599913279625,14,0.4001471422377116,1.0,log10 per day
windels,nutrient_0.8,amikacin,50.0,ug/mL,1000.0,2.5,5.6020599913279625,30,0.18673533304426543,1.0,log10 per day
windels,nutrient_0.8,amikacin,50.0,ug/mL,1000.0,2.5,5.6020599913279625,60,0.09336766652213271,1.0,log10 per day
windels,nutrient_0.8,amikacin,50.0,ug/mL,1000.0,2.5,5.6020599913279625,90,0.06224511101475514,1.0,log10 per day
windels,nutrient_0.8,amikacin,100.0,ug/mL,1.0,100.0,1.0,7,0.14285714285714285,1.0,log10 per day
windels,nutrient_0.8,amikacin,100.0,ug/mL,1.0,100.0,1.0,14,0.07142857142857142,1.0,log10 per day
windels,nutrient_0.8,amikacin,100.0,ug/mL,1.0,100.0,1.0,30,0.03333333333333333,1.0,log10 per day
windels,nutrient_0.8,amikacin,100.0,ug/mL,1.0,100.0,1.0,60,0.016666666666666666,1.0,log10 per day
windels,nutrient_0.8,amikacin,100.0,ug/mL,1.0,100.0,1.0,90,0.011111111111111112,1.0,log10 per day
windels,nutrient_0.8,amikacin,100.0,ug/mL,10.0,100.0,2.0,7,0.2857142857142857,1.0,log10 per day
windels,nutrient_0.8,amikacin,100.0,ug/mL,10.0,100.0,2.0,14,0.14285714285714285,1.0,log10 per day
windels,nutrient_0.8,amikacin,100.0,ug/mL,10.0,100.0,2.0,30,0.06666666666666667,1.0,log10 per day
windels,nutrient_0.8,amikacin,100.0,ug/mL,10.0,100.0,2.0,60,0.03333333333333333,1.0,log10 per day
windels,nutrient_0.8,amikacin,100.0,ug/mL,10.0,100.0,2.0,90,0.022222222222222223,1.0,log10 per day
windels,nutrient_0.8,amikacin,100.0,ug/mL,100.0,100.0,3.0,7,0.42857142857142855,1.0,log10 per day
windels,nutrient_0.8,amikacin,100.0,ug/mL,100.0,100.0,3.0,14,0.21428571428571427,1.0,log10 per day
windels,nutrient_0.8,amikacin,100.0,ug/mL,100.0,100.0,3.0,30,0.1,1.0,log10 per day
windels,nutrient_0.8,amikacin,100.0,ug/mL,100.0,100.0,3.0,60,0.05,1.0,log10 per day
windels,nutrient_0.8,amikacin,100.0,ug/mL,100.0,100.0,3.0,90,0.03333333333333333,1.0,log10 per day
windels,nutrient_0.8,amikacin,100.0,ug/mL,1000.0,100.0,4.0,7,0.5714285714285714,1.0,log10 per day
windels,nutrient_0.8,amikacin,100.0,ug/mL,1000.0,100.0,4.0,14,0.2857142857142857,1.0,log10 per day
windels,nutrient_0.8,amikacin,100.0,ug/mL,1000.0,100.0,4.0,30,0.13333333333333333,1.0,log10 per day
windels,nutrient_0.8,amikacin,100.0,ug/mL,1000.0,100.0,4.0,60,0.06666666666666667,1.0,log10 per day
windels,nutrient_0.8,amikacin,100.0,ug/mL,1000.0,100.0,4.0,90,0.044444444444444446,1.0,log10 per day
windels,nutrient_0.8,amikacin,100.0,ug/mL,1.0,10.0,2.0,7,0.2857142857142857,1.0,log10 per day
windels,nutrient_0.8,amikacin,100.0,ug/mL,1.0,10.0,2.0,14,0.14285714285714285,1.0,log10 per day
windels,nutrient_0.8,amikacin,100.0,ug/mL,1.0,10.0,2.0,30,0.06666666666666667,1.0,log10 per day
windels,nutrient_0.8,amikacin,100.0,ug/mL,1.0,10.0,2.0,60,0.03333333333333333,1.0,log10 per day
windels,nutrient_0.8,amikacin,100.0,ug/mL,1.0,10.0,2.0,90,0.022222222222222223,1.0,log10 per day
windels,nutrient_0.8,amikacin,100.0,ug/mL,10.0,10.0,3.0,7,0.42857142857142855,1.0,log10 per day
windels,nutrient_0.8,amikacin,100.0,ug/mL,10.0,10.0,3.0,14,0.21428571428571427,1.0,log10 per day
windels,nutrient_0.8,amikacin,100.0,ug/mL,10.0,10.0,3.0,30,0.1,1.0,log10 per day
windels,nutrient_0.8,amikacin,100.0,ug/mL,10.0,10.0,3.0,60,0.05,1.0,log10 per day
windels,nutrient_0.8,amikacin,100.0,ug/mL,10.0,10.0,3.0,90,0.03333333333333333,1.0,log10 per day
windels,nutrient_0.8,amikacin,100.0,ug/mL,100.0,10.0,4.0,7,0.5714285714285714,1.0,log10 per day
windels,nutrient_0.8,amikacin,100.0,ug/mL,100.0,10.0,4.0,14,0.2857142857142857,1.0,log10 per day
windels,nutrient_0.8,amikacin,100.0,ug/mL,100.0,10.0,4.0,30,0.13333333333333333,1.0,log10 per day
windels,nutrient_0.8,amikacin,100.0,ug/mL,100.0,10.0,4.0,60,0.06666666666666667,1.0,log10 per day
windels,nutrient_0.8,amikacin,100.0,ug/mL,100.0,10.0,4.0,90,0.044444444444444446,1.0,log10 per day
windels,nutrient_0.8,amikacin,100.0,ug/mL,1000.0,10.0,5.0,7,0.7142857142857143,1.0,log10 per day
windels,nutrient_0.8,amikacin,100.0,ug/mL,1000.0,10.0,5.0,14,0.35714285714285715,1.0,log10 per day
windels,nutrient_0.8,amikacin,100.0,ug/mL,1000.0,10.0,5.0,30,0.16666666666666666,1.0,log10 per day
windels,nutrient_0.8,amikacin,100.0,ug/mL,1000.0,10.0,5.0,60,0.08333333333333333,1.0,log10 per day
windels,nutrient_0.8,amikacin,100.0,ug/mL,1000.0,10.0,5.0,90,0.05555555555555555,1.0,log10 per day
windels,nutrient_0.8,amikacin,100.0,ug/mL,1.0,2.5,2.6020599913279625,7,0.3717228559039946,1.0,log10 per day
windels,nutrient_0.8,amikacin,100.0,ug/mL,1.0,2.5,2.6020599913279625,14,0.1858614279519973,1.0,log10 per day
windels,nutrient_0.8,amikacin,100.0,ug/mL,1.0,2.5,2.6020599913279625,30,0.08673533304426542,1.0,log10 per day
windels,nutrient_0.8,amikacin,100.0,ug/mL,1.0,2.5,2.6020599913279625,60,0.04336766652213271,1.0,log10 per day
windels,nutrient_0.8,amikacin,100.0,ug/mL,1.0,2.5,2.6020599913279625,90,0.028911777681421804,1.0,log10 per day
windels,nutrient_0.8,amikacin,100.0,ug/mL,10.0,2.5,3.6020599913279625,7,0.5145799987611375,1.0,log10 per day
windels,nutrient_0.8,amikacin,100.0,ug/mL,10.0,2.5,3.6020599913279625,14,0.25728999938056873,1.0,log10 per day
windels,nutrient_0.8,amikacin,100.0,ug/mL,10.0,2.5,3.6020599913279625,30,0.12006866637759875,1.0,log10 per day
windels,nutrient_0.8,amikacin,100.0,ug/mL,10.0,2.5,3.6020599913279625,60,0.060034333188799374,1.0,log10 per day
windels,nutrient_0.8,amikacin,100.0,ug/mL,10.0,2.5,3.6020599913279625,90,0.040022888792532914,1.0,log10 per day
windels,nutrient_0.8,amikacin,100.0,ug/mL,100.0,2.5,4.6020599913279625,7,0.6574371416182804,1.0,log10 per day
windels,nutrient_0.8,amikacin,100.0,ug/mL,100.0,2.5,4.6020599913279625,14,0.3287185708091402,1.0,log10 per day
windels,nutrient_0.8,amikacin,100.0,ug/mL,100.0,2.5,4.6020599913279625,30,0.15340199971093207,1.0,log10 per day
windels,nutrient_0.8,amikacin,100.0,ug/mL,100.0,2.5,4.6020599913279625,60,0.07670099985546604,1.0,log10 per day
windels,nutrient_0.8,amikacin,100.0,ug/mL,100.0,2.5,4.6020599913279625,90,0.05113399990364403,1.0,log10 per day
windels,nutrient_0.8,amikacin,100.0,ug/mL,1000.0,2.5,5.6020599913279625,7,0.8002942844754232,1.0,log10 per day
windels,nutrient_0.8,amikacin,100.0,ug/mL,1000.0,2.5,5.6020599913279625,14,0.4001471422377116,1.0,log10 per day
windels,nutrient_0.8,amikacin,100.0,ug/mL,1000.0,2.5,5.6020599913279625,30,0.18673533304426543,1.0,log10 per day
windels,nutrient_0.8,amikacin,100.0,ug/mL,1000.0,2.5,5.6020599913279625,60,0.09336766652213271,1.0,log10 per day
windels,nutrient_0.8,amikacin,100.0,ug/mL,1000.0,2.5,5.6020599913279625,90,0.06224511101475514,1.0,log10 per day
windels,nutrient_0.8,amikacin,200.0,ug/mL,1.0,100.0,1.0,7,0.14285714285714285,1.0,log10 per day
windels,nutrient_0.8,amikacin,200.0,ug/mL,1.0,100.0,1.0,14,0.07142857142857142,1.0,log10 per day
windels,nutrient_0.8,amikacin,200.0,ug/mL,1.0,100.0,1.0,30,0.03333333333333333,1.0,log10 per day
windels,nutrient_0.8,amikacin,200.0,ug/mL,1.0,100.0,1.0,60,0.016666666666666666,1.0,log10 per day
windels,nutrient_0.8,amikacin,200.0,ug/mL,1.0,100.0,1.0,90,0.011111111111111112,1.0,log10 per day
windels,nutrient_0.8,amikacin,200.0,ug/mL,10.0,100.0,2.0,7,0.2857142857142857,1.0,log10 per day
windels,nutrient_0.8,amikacin,200.0,ug/mL,10.0,100.0,2.0,14,0.14285714285714285,1.0,log10 per day
windels,nutrient_0.8,amikacin,200.0,ug/mL,10.0,100.0,2.0,30,0.06666666666666667,1.0,log10 per day
windels,nutrient_0.8,amikacin,200.0,ug/mL,10.0,100.0,2.0,60,0.03333333333333333,1.0,log10 per day
windels,nutrient_0.8,amikacin,200.0,ug/mL,10.0,100.0,2.0,90,0.022222222222222223,1.0,log10 per day
windels,nutrient_0.8,amikacin,200.0,ug/mL,100.0,100.0,3.0,7,0.42857142857142855,1.0,log10 per day
windels,nutrient_0.8,amikacin,200.0,ug/mL,100.0,100.0,3.0,14,0.21428571428571427,1.0,log10 per day
windels,nutrient_0.8,amikacin,200.0,ug/mL,100.0,100.0,3.0,30,0.1,1.0,log10 per day
windels,nutrient_0.8,amikacin,200.0,ug/mL,100.0,100.0,3.0,60,0.05,1.0,log10 per day
windels,nutrient_0.8,amikacin,200.0,ug/mL,100.0,100.0,3.0,90,0.03333333333333333,1.0,log10 per day
windels,nutrient_0.8,amikacin,200.0,ug/mL,1000.0,100.0,4.0,7,0.5714285714285714,1.0,log10 per day
windels,nutrient_0.8,amikacin,200.0,ug/mL,1000.0,100.0,4.0,14,0.2857142857142857,1.0,log10 per day
windels,nutrient_0.8,amikacin,200.0,ug/mL,1000.0,100.0,4.0,30,0.13333333333333333,1.0,log10 per day
windels,nutrient_0.8,amikacin,200.0,ug/mL,1000.0,100.0,4.0,60,0.06666666666666667,1.0,log10 per day
windels,nutrient_0.8,amikacin,200.0,ug/mL,1000.0,100.0,4.0,90,0.044444444444444446,1.0,log10 per day
windels,nutrient_0.8,amikacin,200.0,ug/mL,1.0,10.0,2.0,7,0.2857142857142857,1.0,log10 per day
windels,nutrient_0.8,amikacin,200.0,ug/mL,1.0,10.0,2.0,14,0.14285714285714285,1.0,log10 per day
windels,nutrient_0.8,amikacin,200.0,ug/mL,1.0,10.0,2.0,30,0.06666666666666667,1.0,log10 per day
windels,nutrient_0.8,amikacin,200.0,ug/mL,1.0,10.0,2.0,60,0.03333333333333333,1.0,log10 per day
windels,nutrient_0.8,amikacin,200.0,ug/mL,1.0,10.0,2.0,90,0.022222222222222223,1.0,log10 per day
windels,nutrient_0.8,amikacin,200.0,ug/mL,10.0,10.0,3.0,7,0.42857142857142855,1.0,log10 per day
windels,nutrient_0.8,amikacin,200.0,ug/mL,10.0,10.0,3.0,14,0.21428571428571427,1.0,log10 per day
windels,nutrient_0.8,amikacin,200.0,ug/mL,10.0,10.0,3.0,30,0.1,1.0,log10 per day
windels,nutrient_0.8,amikacin,200.0,ug/mL,10.0,10.0,3.0,60,0.05,1.0,log10 per day
windels,nutrient_0.8,amikacin,200.0,ug/mL,10.0,10.0,3.0,90,0.03333333333333333,1.0,log10 per day
windels,nutrient_0.8,amikacin,200.0,ug/mL,100.0,10.0,4.0,7,0.5714285714285714,1.0,log10 per day
windels,nutrient_0.8,amikacin,200.0,ug/mL,100.0,10.0,4.0,14,0.2857142857142857,1.0,log10 per day
windels,nutrient_0.8,amikacin,200.0,ug/mL,100.0,10.0,4.0,30,0.13333333333333333,1.0,log10 per day
windels,nutrient_0.8,amikacin,200.0,ug/mL,100.0,10.0,4.0,60,0.06666666666666667,1.0,log10 per day
windels,nutrient_0.8,amikacin,200.0,ug/mL,100.0,10.0,4.0,90,0.044444444444444446,1.0,log10 per day
windels,nutrient_0.8,amikacin,200.0,ug/mL,1000.0,10.0,5.0,7,0.7142857142857143,1.0,log10 per day
windels,nutrient_0.8,amikacin,200.0,ug/mL,1000.0,10.0,5.0,14,0.35714285714285715,1.0,log10 per day
windels,nutrient_0.8,amikacin,200.0,ug/mL,1000.0,10.0,5.0,30,0.16666666666666666,1.0,log10 per day
windels,nutrient_0.8,amikacin,200.0,ug/mL,1000.0,10.0,5.0,60,0.08333333333333333,1.0,log10 per day
windels,nutrient_0.8,amikacin,200.0,ug/mL,1000.0,10.0,5.0,90,0.05555555555555555,1.0,log10 per day
windels,nutrient_0.8,amikacin,200.0,ug/mL,1.0,2.5,2.6020599913279625,7,0.3717228559039946,1.0,log10 per day
windels,nutrient_0.8,amikacin,200.0,ug/mL,1.0,2.5,2.6020599913279625,14,0.1858614279519973,1.0,log10 per day
windels,nutrient_0.8,amikacin,200.0,ug/mL,1.0,2.5,2.6020599913279625,30,0.08673533304426542,1.0,log10 per day
windels,nutrient_0.8,amikacin,200.0,ug/mL,1.0,2.5,2.6020599913279625,60,0.04336766652213271,1.0,log10 per day
windels,nutrient_0.8,amikacin,200.0,ug/mL,1.0,2.5,2.6020599913279625,90,0.028911777681421804,1.0,log10 per day
windels,nutrient_0.8,amikacin,200.0,ug/mL,10.0,2.5,3.6020599913279625,7,0.5145799987611375,1.0,log10 per day
windels,nutrient_0.8,amikacin,200.0,ug/mL,10.0,2.5,3.6020599913279625,14,0.25728999938056873,1.0,log10 per day
windels,nutrient_0.8,amikacin,200.0,ug/mL,10.0,2.5,3.6020599913279625,30,0.12006866637759875,1.0,log10 per day
windels,nutrient_0.8,amikacin,200.0,ug/mL,10.0,2.5,3.6020599913279625,60,0.060034333188799374,1.0,log10 per day
windels,nutrient_0.8,amikacin,200.0,ug/mL,10.0,2.5,3.6020599913279625,90,0.040022888792532914,1.0,log10 per day
windels,nutrient_0.8,amikacin,200.0,ug/mL,100.0,2.5,4.6020599913279625,7,0.6574371416182804,1.0,log10 per day
windels,nutrient_0.8,amikacin,200.0,ug/mL,100.0,2.5,4.6020599913279625,14,0.3287185708091402,1.0,log10 per day
windels,nutrient_0.8,amikacin,200.0,ug/mL,100.0,2.5,4.6020599913279625,30,0.15340199971093207,1.0,log10 per day
windels,nutrient_0.8,amikacin,200.0,ug/mL,100.0,2.5,4.6020599913279625,60,0.07670099985546604,1.0,log10 per day
windels,nutrient_0.8,amikacin,200.0,ug/mL,100.0,2.5,4.6020599913279625,90,0.05113399990364403,1.0,log10 per day
windels,nutrient_0.8,amikacin,200.0,ug/mL,1000.0,2.5,5.6020599913279625,7,0.8002942844754232,1.0,log10 per day
windels,nutrient_0.8,amikacin,200.0,ug/mL,1000.0,2.5,5.6020599913279625,14,0.4001471422377116,1.0,log10 per day
windels,nutrient_0.8,amikacin,200.0,ug/mL,1000.0,2.5,5.6020599913279625,30,0.18673533304426543,1.0,log10 per day
windels,nutrient_0.8,amikacin,200.0,ug/mL,1000.0,2.5,5.6020599913279625,60,0.09336766652213271,1.0,log10 per day
windels,nutrient_0.8,amikacin,200.0,ug/mL,1000.0,2.5,5.6020599913279625,90,0.06224511101475514,1.0,log10 per day
windels,nutrient_0.8,amikacin,400.0,ug/mL,1.0,100.0,1.0,7,0.14285714285714285,1.0,log10 per day
windels,nutrient_0.8,amikacin,400.0,ug/mL,1.0,100.0,1.0,14,0.07142857142857142,1.0,log10 per day
windels,nutrient_0.8,amikacin,400.0,ug/mL,1.0,100.0,1.0,30,0.03333333333333333,1.0,log10 per day
windels,nutrient_0.8,amikacin,400.0,ug/mL,1.0,100.0,1.0,60,0.016666666666666666,1.0,log10 per day
windels,nutrient_0.8,amikacin,400.0,ug/mL,1.0,100.0,1.0,90,0.011111111111111112,1.0,log10 per day
windels,nutrient_0.8,amikacin,400.0,ug/mL,10.0,100.0,2.0,7,0.2857142857142857,1.0,log10 per day
windels,nutrient_0.8,amikacin,400.0,ug/mL,10.0,100.0,2.0,14,0.14285714285714285,1.0,log10 per day
windels,nutrient_0.8,amikacin,400.0,ug/mL,10.0,100.0,2.0,30,0.06666666666666667,1.0,log10 per day
windels,nutrient_0.8,amikacin,400.0,ug/mL,10.0,100.0,2.0,60,0.03333333333333333,1.0,log10 per day
windels,nutrient_0.8,amikacin,400.0,ug/mL,10.0,100.0,2.0,90,0.022222222222222223,1.0,log10 per day
windels,nutrient_0.8,amikacin,400.0,ug/mL,100.0,100.0,3.0,7,0.42857142857142855,1.0,log10 per day
windels,nutrient_0.8,amikacin,400.0,ug/mL,100.0,100.0,3.0,14,0.21428571428571427,1.0,log10 per day
windels,nutrient_0.8,amikacin,400.0,ug/mL,100.0,100.0,3.0,30,0.1,1.0,log10 per day
windels,nutrient_0.8,amikacin,400.0,ug/mL,100.0,100.0,3.0,60,0.05,1.0,log10 per day
windels,nutrient_0.8,amikacin,400.0,ug/mL,100.0,100.0,3.0,90,0.03333333333333333,1.0,log10 per day
windels,nutrient_0.8,amikacin,400.0,ug/mL,1000.0,100.0,4.0,7,0.5714285714285714,1.0,log10 per day
windels,nutrient_0.8,amikacin,400.0,ug/mL,1000.0,100.0,4.0,14,0.2857142857142857,1.0,log10 per day
windels,nutrient_0.8,amikacin,400.0,ug/mL,1000.0,100.0,4.0,30,0.13333333333333333,1.0,log10 per day
windels,nutrient_0.8,amikacin,400.0,ug/mL,1000.0,100.0,4.0,60,0.06666666666666667,1.0,log10 per day
windels,nutrient_0.8,amikacin,400.0,ug/mL,1000.0,100.0,4.0,90,0.044444444444444446,1.0,log10 per day
windels,nutrient_0.8,amikacin,400.0,ug/mL,1.0,10.0,2.0,7,0.2857142857142857,1.0,log10 per day
windels,nutrient_0.8,amikacin,400.0,ug/mL,1.0,10.0,2.0,14,0.14285714285714285,1.0,log10 per day
windels,nutrient_0.8,amikacin,400.0,ug/mL,1.0,10.0,2.0,30,0.06666666666666667,1.0,log10 per day
windels,nutrient_0.8,amikacin,400.0,ug/mL,1.0,10.0,2.0,60,0.03333333333333333,1.0,log10 per day
windels,nutrient_0.8,amikacin,400.0,ug/mL,1.0,10.0,2.0,90,0.022222222222222223,1.0,log10 per day
windels,nutrient_0.8,amikacin,400.0,ug/mL,10.0,10.0,3.0,7,0.42857142857142855,1.0,log10 per day
windels,nutrient_0.8,amikacin,400.0,ug/mL,10.0,10.0,3.0,14,0.21428571428571427,1.0,log10 per day
windels,nutrient_0.8,amikacin,400.0,ug/mL,10.0,10.0,3.0,30,0.1,1.0,log10 per day
windels,nutrient_0.8,amikacin,400.0,ug/mL,10.0,10.0,3.0,60,0.05,1.0,log10 per day
windels,nutrient_0.8,amikacin,400.0,ug/mL,10.0,10.0,3.0,90,0.03333333333333333,1.0,log10 per day
windels,nutrient_0.8,amikacin,400.0,ug/mL,100.0,10.0,4.0,7,0.5714285714285714,1.0,log10 per day
windels,nutrient_0.8,amikacin,400.0,ug/mL,100.0,10.0,4.0,14,0.2857142857142857,1.0,log10 per day
windels,nutrient_0.8,amikacin,400.0,ug/mL,100.0,10.0,4.0,30,0.13333333333333333,1.0,log10 per day
windels,nutrient_0.8,amikacin,400.0,ug/mL,100.0,10.0,4.0,60,0.06666666666666667,1.0,log10 per day
windels,nutrient_0.8,amikacin,400.0,ug/mL,100.0,10.0,4.0,90,0.044444444444444446,1.0,log10 per day
windels,nutrient_0.8,amikacin,400.0,ug/mL,1000.0,10.0,5.0,7,0.7142857142857143,1.0,log10 per day
windels,nutrient_0.8,amikacin,400.0,ug/mL,1000.0,10.0,5.0,14,0.35714285714285715,1.0,log10 per day
windels,nutrient_0.8,amikacin,400.0,ug/mL,1000.0,10.0,5.0,30,0.16666666666666666,1.0,log10 per day
windels,nutrient_0.8,amikacin,400.0,ug/mL,1000.0,10.0,5.0,60,0.08333333333333333,1.0,log10 per day
windels,nutrient_0.8,amikacin,400.0,ug/mL,1000.0,10.0,5.0,90,0.05555555555555555,1.0,log10 per day
windels,nutrient_0.8,amikacin,400.0,ug/mL,1.0,2.5,2.6020599913279625,7,0.3717228559039946,1.0,log10 per day
windels,nutrient_0.8,amikacin,400.0,ug/mL,1.0,2.5,2.6020599913279625,14,0.1858614279519973,1.0,log10 per day
windels,nutrient_0.8,amikacin,400.0,ug/mL,1.0,2.5,2.6020599913279625,30,0.08673533304426542,1.0,log10 per day
windels,nutrient_0.8,amikacin,400.0,ug/mL,1.0,2.5,2.6020599913279625,60,0.04336766652213271,1.0,log10 per day
windels,nutrient_0.8,amikacin,400.0,ug/mL,1.0,2.5,2.6020599913279625,90,0.028911777681421804,1.0,log10 per day
windels,nutrient_0.8,amikacin,400.0,ug/mL,10.0,2.5,3.6020599913279625,7,0.5145799987611375,1.0,log10 per day
windels,nutrient_0.8,amikacin,400.0,ug/mL,10.0,2.5,3.6020599913279625,14,0.25728999938056873,1.0,log10 per day
windels,nutrient_0.8,amikacin,400.0,ug/mL,10.0,2.5,3.6020599913279625,30,0.12006866637759875,1.0,log10 per day
windels,nutrient_0.8,amikacin,400.0,ug/mL,10.0,2.5,3.6020599913279625,60,0.060034333188799374,1.0,log10 per day
windels,nutrient_0.8,amikacin,400.0,ug/mL,10.0,2.5,3.6020599913279625,90,0.040022888792532914,1.0,log10 per day
windels,nutrient_0.8,amikacin,400.0,ug/mL,100.0,2.5,4.6020599913279625,7,0.6574371416182804,1.0,log10 per day
windels,nutrient_0.8,amikacin,400.0,ug/mL,100.0,2.5,4.6020599913279625,14,0.3287185708091402,1.0,log10 per day
windels,nutrient_0.8,amikacin,400.0,ug/mL,100.0,2.5,4.6020599913279625,30,0.15340199971093207,1.0,log10 per day
windels,nutrient_0.8,amikacin,400.0,ug/mL,100.0,2.5,4.6020599913279625,60,0.07670099985546604,1.0,log10 per day
windels,nutrient_0.8,amikacin,400.0,ug/mL,100.0,2.5,4.6020599913279625,90,0.05113399990364403,1.0,log10 per day
windels,nutrient_0.8,amikacin,400.0,ug/mL,1000.0,2.5,5.6020599913279625,7,0.8002942844754232,1.0,log10 per day
windels,nutrient_0.8,amikacin,400.0,ug/mL,1000.0,2.5,5.6020599913279625,14,0.4001471422377116,1.0,log10 per day
windels,nutrient_0.8,amikacin,400.0,ug/mL,1000.0,2.5,5.6020599913279625,30,0.18673533304426543,1.0,log10 per day
windels,nutrient_0.8,amikacin,400.0,ug/mL,1000.0,2.5,5.6020599913279625,60,0.09336766652213271,1.0,log10 per day
windels,nutrient_0.8,amikacin,400.0,ug/mL,1000.0,2.5,5.6020599913279625,90,0.06224511101475514,1.0,log10 per day
windels,nutrient_0.9,amikacin,12.5,ug/mL,1.0,100.0,1.0,7,0.14285714285714285,0.9555555555555556,log10 per day
windels,nutrient_0.9,amikacin,12.5,ug/mL,1.0,100.0,1.0,14,0.07142857142857142,0.9555555555555556,log10 per day
windels,nutrient_0.9,amikacin,12.5,ug/mL,1.0,100.0,1.0,30,0.03333333333333333,0.9555555555555556,log10 per day
windels,nutrient_0.9,amikacin,12.5,ug/mL,1.0,100.0,1.0,60,0.016666666666666666,0.9555555555555556,log10 per day
windels,nutrient_0.9,amikacin,12.5,ug/mL,1.0,100.0,1.0,90,0.011111111111111112,0.9555555555555556,log10 per day
windels,nutrient_0.9,amikacin,12.5,ug/mL,10.0,100.0,2.0,7,0.2857142857142857,0.9555555555555556,log10 per day
windels,nutrient_0.9,amikacin,12.5,ug/mL,10.0,100.0,2.0,14,0.14285714285714285,0.9555555555555556,log10 per day
windels,nutrient_0.9,amikacin,12.5,ug/mL,10.0,100.0,2.0,30,0.06666666666666667,0.9555555555555556,log10 per day
windels,nutrient_0.9,amikacin,12.5,ug/mL,10.0,100.0,2.0,60,0.03333333333333333,0.9555555555555556,log10 per day
windels,nutrient_0.9,amikacin,12.5,ug/mL,10.0,100.0,2.0,90,0.022222222222222223,0.9555555555555556,log10 per day
windels,nutrient_0.9,amikacin,12.5,ug/mL,100.0,100.0,3.0,7,0.42857142857142855,0.9111111111111111,log10 per day
windels,nutrient_0.9,amikacin,12.5,ug/mL,100.0,100.0,3.0,14,0.21428571428571427,0.9555555555555556,log10 per day
windels,nutrient_0.9,amikacin,12.5,ug/mL,100.0,100.0,3.0,30,0.1,0.9555555555555556,log10 per day
windels,nutrient_0.9,amikacin,12.5,ug/mL,100.0,100.0,3.0,60,0.05,0.9555555555555556,log10 per day
windels,nutrient_0.9,amikacin,12.5,ug/mL,100.0,100.0,3.0,90,0.03333333333333333,0.9555555555555556,log10 per day
windels,nutrient_0.9,amikacin,12.5,ug/mL,1000.0,100.0,4.0,7,0.5714285714285714,0.8666666666666667,log10 per day
windels,nutrient_0.9,amikacin,12.5,ug/mL,1000.0,100.0,4.0,14,0.2857142857142857,0.9555555555555556,log10 per day
windels,nutrient_0.9,amikacin,12.5,ug/mL,1000.0,100.0,4.0,30,0.13333333333333333,0.9555555555555556,log10 per day
windels,nutrient_0.9,amikacin,12.5,ug/mL,1000.0,100.0,4.0,60,0.06666666666666667,0.9555555555555556,log10 per day
windels,nutrient_0.9,amikacin,12.5,ug/mL,1000.0,100.0,4.0,90,0.044444444444444446,0.9555555555555556,log10 per day
windels,nutrient_0.9,amikacin,12.5,ug/mL,1.0,10.0,2.0,7,0.2857142857142857,0.9555555555555556,log10 per day
windels,nutrient_0.9,amikacin,12.5,ug/mL,1.0,10.0,2.0,14,0.14285714285714285,0.9555555555555556,log10 per day
windels,nutrient_0.9,amikacin,12.5,ug/mL,1.0,10.0,2.0,30,0.06666666666666667,0.9555555555555556,log10 per day
windels,nutrient_0.9,amikacin,12.5,ug/mL,1.0,10.0,2.0,60,0.03333333333333333,0.9555555555555556,log10 per day
windels,nutrient_0.9,amikacin,12.5,ug/mL,1.0,10.0,2.0,90,0.022222222222222223,0.9555555555555556,log10 per day
windels,nutrient_0.9,amikacin,12.5,ug/mL,10.0,10.0,3.0,7,0.42857142857142855,0.9111111111111111,log10 per day
windels,nutrient_0.9,amikacin,12.5,ug/mL,10.0,10.0,3.0,14,0.21428571428571427,0.9555555555555556,log10 per day
windels,nutrient_0.9,amikacin,12.5,ug/mL,10.0,10.0,3.0,30,0.1,0.9555555555555556,log10 per day
windels,nutrient_0.9,amikacin,12.5,ug/mL,10.0,10.0,3.0,60,0.05,0.9555555555555556,log10 per day
windels,nutrient_0.9,amikacin,12.5,ug/mL,10.0,10.0,3.0,90,0.03333333333333333,0.9555555555555556,log10 per day
windels,nutrient_0.9,amikacin,12.5,ug/mL,100.0,10.0,4.0,7,0.5714285714285714,0.8666666666666667,log10 per day
windels,nutrient_0.9,amikacin,12.5,ug/mL,100.0,10.0,4.0,14,0.2857142857142857,0.9555555555555556,log10 per day
windels,nutrient_0.9,amikacin,12.5,ug/mL,100.0,10.0,4.0,30,0.13333333333333333,0.9555555555555556,log10 per day
windels,nutrient_0.9,amikacin,12.5,ug/mL,100.0,10.0,4.0,60,0.06666666666666667,0.9555555555555556,log10 per day
windels,nutrient_0.9,amikacin,12.5,ug/mL,100.0,10.0,4.0,90,0.044444444444444446,0.9555555555555556,log10 per day
windels,nutrient_0.9,amikacin,12.5,ug/mL,1000.0,10.0,5.0,7,0.7142857142857143,0.8666666666666667,log10 per day
windels,nutrient_0.9,amikacin,12.5,ug/mL,1000.0,10.0,5.0,14,0.35714285714285715,0.9111111111111111,log10 per day
windels,nutrient_0.9,amikacin,12.5,ug/mL,1000.0,10.0,5.0,30,0.16666666666666666,0.9555555555555556,log10 per day
windels,nutrient_0.9,amikacin,12.5,ug/mL,1000.0,10.0,5.0,60,0.08333333333333333,0.9555555555555556,log10 per day
windels,nutrient_0.9,amikacin,12.5,ug/mL,1000.0,10.0,5.0,90,0.05555555555555555,0.9555555555555556,log10 per day
windels,nutrient_0.9,amikacin,12.5,ug/mL,1.0,2.5,2.6020599913279625,7,0.3717228559039946,0.9111111111111111,log10 per day
windels,nutrient_0.9,amikacin,12.5,ug/mL,1.0,2.5,2.6020599913279625,14,0.1858614279519973,0.9555555555555556,log10 per day
windels,nutrient_0.9,amikacin,12.5,ug/mL,1.0,2.5,2.6020599913279625,30,0.08673533304426542,0.9555555555555556,log10 per day
windels,nutrient_0.9,amikacin,12.5,ug/mL,1.0,2.5,2.6020599913279625,60,0.04336766652213271,0.9555555555555556,log10 per day
windels,nutrient_0.9,amikacin,12.5,ug/mL,1.0,2.5,2.6020599913279625,90,0.028911777681421804,0.9555555555555556,log10 per day
windels,nutrient_0.9,amikacin,12.5,ug/mL,10.0,2.5,3.6020599913279625,7,0.5145799987611375,0.9111111111111111,log10 per day
windels,nutrient_0.9,amikacin,12.5,ug/mL,10.0,2.5,3.6020599913279625,14,0.25728999938056873,0.9555555555555556,log10 per day
windels,nutrient_0.9,amikacin,12.5,ug/mL,10.0,2.5,3.6020599913279625,30,0.12006866637759875,0.9555555555555556,log10 per day
windels,nutrient_0.9,amikacin,12.5,ug/mL,10.0,2.5,3.6020599913279625,60,0.060034333188799374,0.9555555555555556,log10 per day
windels,nutrient_0.9,amikacin,12.5,ug/mL,10.0,2.5,3.6020599913279625,90,0.040022888792532914,0.9555555555555556,log10 per day
windels,nutrient_0.9,amikacin,12.5,ug/mL,100.0,2.5,4.6020599913279625,7,0.6574371416182804,0.8666666666666667,log10 per day
windels,nutrient_0.9,amikacin,12.5,ug/mL,100.0,2.5,4.6020599913279625,14,0.3287185708091402,0.9111111111111111,log10 per day
windels,nutrient_0.9,amikacin,12.5,ug/mL,100.0,2.5,4.6020599913279625,30,0.15340199971093207,0.9555555555555556,log10 per day
windels,nutrient_0.9,amikacin,12.5,ug/mL,100.0,2.5,4.6020599913279625,60,0.07670099985546604,0.9555555555555556,log10 per day
windels,nutrient_0.9,amikacin,12.5,ug/mL,100.0,2.5,4.6020599913279625,90,0.05113399990364403,0.9555555555555556,log10 per day
windels,nutrient_0.9,amikacin,12.5,ug/mL,1000.0,2.5,5.6020599913279625,7,0.8002942844754232,0.8666666666666667,log10 per day
windels,nutrient_0.9,amikacin,12.5,ug/mL,1000.0,2.5,5.6020599913279625,14,0.4001471422377116,0.9111111111111111,log10 per day
windels,nutrient_0.9,amikacin,12.5,ug/mL,1000.0,2.5,5.6020599913279625,30,0.18673533304426543,0.9555555555555556,log10 per day
windels,nutrient_0.9,amikacin,12.5,ug/mL,1000.0,2.5,5.6020599913279625,60,0.09336766652213271,0.9555555555555556,log10 per day
windels,nutrient_0.9,amikacin,12.5,ug/mL,1000.0,2.5,5.6020599913279625,90,0.06224511101475514,0.9555555555555556,log10 per day
windels,nutrient_0.9,amikacin,25.0,ug/mL,1.0,100.0,1.0,7,0.14285714285714285,1.0,log10 per day
windels,nutrient_0.9,amikacin,25.0,ug/mL,1.0,100.0,1.0,14,0.07142857142857142,1.0,log10 per day
windels,nutrient_0.9,amikacin,25.0,ug/mL,1.0,100.0,1.0,30,0.03333333333333333,1.0,log10 per day
windels,nutrient_0.9,amikacin,25.0,ug/mL,1.0,100.0,1.0,60,0.016666666666666666,1.0,log10 per day
windels,nutrient_0.9,amikacin,25.0,ug/mL,1.0,100.0,1.0,90,0.011111111111111112,1.0,log10 per day
windels,nutrient_0.9,amikacin,25.0,ug/mL,10.0,100.0,2.0,7,0.2857142857142857,1.0,log10 per day
windels,nutrient_0.9,amikacin,25.0,ug/mL,10.0,100.0,2.0,14,0.14285714285714285,1.0,log10 per day
windels,nutrient_0.9,amikacin,25.0,ug/mL,10.0,100.0,2.0,30,0.06666666666666667,1.0,log10 per day
windels,nutrient_0.9,amikacin,25.0,ug/mL,10.0,100.0,2.0,60,0.03333333333333333,1.0,log10 per day
windels,nutrient_0.9,amikacin,25.0,ug/mL,10.0,100.0,2.0,90,0.022222222222222223,1.0,log10 per day
windels,nutrient_0.9,amikacin,25.0,ug/mL,100.0,100.0,3.0,7,0.42857142857142855,1.0,log10 per day
windels,nutrient_0.9,amikacin,25.0,ug/mL,100.0,100.0,3.0,14,0.21428571428571427,1.0,log10 per day
windels,nutrient_0.9,amikacin,25.0,ug/mL,100.0,100.0,3.0,30,0.1,1.0,log10 per day
windels,nutrient_0.9,amikacin,25.0,ug/mL,100.0,100.0,3.0,60,0.05,1.0,log10 per day
windels,nutrient_0.9,amikacin,25.0,ug/mL,100.0,100.0,3.0,90,0.03333333333333333,1.0,log10 per day
windels,nutrient_0.9,amikacin,25.0,ug/mL,1000.0,100.0,4.0,7,0.5714285714285714,0.9777777777777777,log10 per day
windels,nutrient_0.9,amikacin,25.0,ug/mL,1000.0,100.0,4.0,14,0.2857142857142857,1.0,log10 per day
windels,nutrient_0.9,amikacin,25.0,ug/mL,1000.0,100.0,4.0,30,0.13333333333333333,1.0,log10 per day
windels,nutrient_0.9,amikacin,25.0,ug/mL,1000.0,100.0,4.0,60,0.06666666666666667,1.0,log10 per day
windels,nutrient_0.9,amikacin,25.0,ug/mL,1000.0,100.0,4.0,90,0.044444444444444446,1.0,log10 per day
windels,nutrient_0.9,amikacin,25.0,ug/mL,1.0,10.0,2.0,7,0.2857142857142857,1.0,log10 per day
windels,nutrient_0.9,amikacin,25.0,ug/mL,1.0,10.0,2.0,14,0.14285714285714285,1.0,log10 per day
windels,nutrient_0.9,amikacin,25.0,ug/mL,1.0,10.0,2.0,30,0.06666666666666667,1.0,log10 per day
windels,nutrient_0.9,amikacin,25.0,ug/mL,1.0,10.0,2.0,60,0.03333333333333333,1.0,log10 per day
windels,nutrient_0.9,amikacin,25.0,ug/mL,1.0,10.0,2.0,90,0.022222222222222223,1.0,log10 per day
windels,nutrient_0.9,amikacin,25.0,ug/mL,10.0,10.0,3.0,7,0.42857142857142855,1.0,log10 per day
windels,nutrient_0.9,amikacin,25.0,ug/mL,10.0,10.0,3.0,14,0.21428571428571427,1.0,log10 per day
windels,nutrient_0.9,amikacin,25.0,ug/mL,10.0,10.0,3.0,30,0.1,1.0,log10 per day
windels,nutrient_0.9,amikacin,25.0,ug/mL,10.0,10.0,3.0,60,0.05,1.0,log10 per day
windels,nutrient_0.9,amikacin,25.0,ug/mL,10.0,10.0,3.0,90,0.03333333333333333,1.0,log10 per day
windels,nutrient_0.9,amikacin,25.0,ug/mL,100.0,10.0,4.0,7,0.5714285714285714,0.9777777777777777,log10 per day
windels,nutrient_0.9,amikacin,25.0,ug/mL,100.0,10.0,4.0,14,0.2857142857142857,1.0,log10 per day
windels,nutrient_0.9,amikacin,25.0,ug/mL,100.0,10.0,4.0,30,0.13333333333333333,1.0,log10 per day
windels,nutrient_0.9,amikacin,25.0,ug/mL,100.0,10.0,4.0,60,0.06666666666666667,1.0,log10 per day
windels,nutrient_0.9,amikacin,25.0,ug/mL,100.0,10.0,4.0,90,0.044444444444444446,1.0,log10 per day
windels,nutrient_0.9,amikacin,25.0,ug/mL,1000.0,10.0,5.0,7,0.7142857142857143,0.9777777777777777,log10 per day
windels,nutrient_0.9,amikacin,25.0,ug/mL,1000.0,10.0,5.0,14,0.35714285714285715,1.0,log10 per day
windels,nutrient_0.9,amikacin,25.0,ug/mL,1000.0,10.0,5.0,30,0.16666666666666666,1.0,log10 per day
windels,nutrient_0.9,amikacin,25.0,ug/mL,1000.0,10.0,5.0,60,0.08333333333333333,1.0,log10 per day
windels,nutrient_0.9,amikacin,25.0,ug/mL,1000.0,10.0,5.0,90,0.05555555555555555,1.0,log10 per day
windels,nutrient_0.9,amikacin,25.0,ug/mL,1.0,2.5,2.6020599913279625,7,0.3717228559039946,1.0,log10 per day
windels,nutrient_0.9,amikacin,25.0,ug/mL,1.0,2.5,2.6020599913279625,14,0.1858614279519973,1.0,log10 per day
windels,nutrient_0.9,amikacin,25.0,ug/mL,1.0,2.5,2.6020599913279625,30,0.08673533304426542,1.0,log10 per day
windels,nutrient_0.9,amikacin,25.0,ug/mL,1.0,2.5,2.6020599913279625,60,0.04336766652213271,1.0,log10 per day
windels,nutrient_0.9,amikacin,25.0,ug/mL,1.0,2.5,2.6020599913279625,90,0.028911777681421804,1.0,log10 per day
windels,nutrient_0.9,amikacin,25.0,ug/mL,10.0,2.5,3.6020599913279625,7,0.5145799987611375,1.0,log10 per day
windels,nutrient_0.9,amikacin,25.0,ug/mL,10.0,2.5,3.6020599913279625,14,0.25728999938056873,1.0,log10 per day
windels,nutrient_0.9,amikacin,25.0,ug/mL,10.0,2.5,3.6020599913279625,30,0.12006866637759875,1.0,log10 per day
windels,nutrient_0.9,amikacin,25.0,ug/mL,10.0,2.5,3.6020599913279625,60,0.060034333188799374,1.0,log10 per day
windels,nutrient_0.9,amikacin,25.0,ug/mL,10.0,2.5,3.6020599913279625,90,0.040022888792532914,1.0,log10 per day
windels,nutrient_0.9,amikacin,25.0,ug/mL,100.0,2.5,4.6020599913279625,7,0.6574371416182804,0.9777777777777777,log10 per day
windels,nutrient_0.9,amikacin,25.0,ug/mL,100.0,2.5,4.6020599913279625,14,0.3287185708091402,1.0,log10 per day
windels,nutrient_0.9,amikacin,25.0,ug/mL,100.0,2.5,4.6020599913279625,30,0.15340199971093207,1.0,log10 per day
windels,nutrient_0.9,amikacin,25.0,ug/mL,100.0,2.5,4.6020599913279625,60,0.07670099985546604,1.0,log10 per day
windels,nutrient_0.9,amikacin,25.0,ug/mL,100.0,2.5,4.6020599913279625,90,0.05113399990364403,1.0,log10 per day
windels,nutrient_0.9,amikacin,25.0,ug/mL,1000.0,2.5,5.6020599913279625,7,0.8002942844754232,0.9777777777777777,log10 per day
windels,nutrient_0.9,amikacin,25.0,ug/mL,1000.0,2.5,5.6020599913279625,14,0.4001471422377116,1.0,log10 per day
windels,nutrient_0.9,amikacin,25.0,ug/mL,1000.0,2.5,5.6020599913279625,30,0.18673533304426543,1.0,log10 per day
windels,nutrient_0.9,amikacin,25.0,ug/mL,1000.0,2.5,5.6020599913279625,60,0.09336766652213271,1.0,log10 per day
windels,nutrient_0.9,amikacin,25.0,ug/mL,1000.0,2.5,5.6020599913279625,90,0.06224511101475514,1.0,log10 per day
windels,nutrient_0.9,amikacin,50.0,ug/mL,1.0,100.0,1.0,7,0.14285714285714285,1.0,log10 per day
windels,nutrient_0.9,amikacin,50.0,ug/mL,1.0,100.0,1.0,14,0.07142857142857142,1.0,log10 per day
windels,nutrient_0.9,amikacin,50.0,ug/mL,1.0,100.0,1.0,30,0.03333333333333333,1.0,log10 per day
windels,nutrient_0.9,amikacin,50.0,ug/mL,1.0,100.0,1.0,60,0.016666666666666666,1.0,log10 per day
windels,nutrient_0.9,amikacin,50.0,ug/mL,1.0,100.0,1.0,90,0.011111111111111112,1.0,log10 per day
windels,nutrient_0.9,amikacin,50.0,ug/mL,10.0,100.0,2.0,7,0.2857142857142857,1.0,log10 per day
windels,nutrient_0.9,amikacin,50.0,ug/mL,10.0,100.0,2.0,14,0.14285714285714285,1.0,log10 per day
windels,nutrient_0.9,amikacin,50.0,ug/mL,10.0,100.0,2.0,30,0.06666666666666667,1.0,log10 per day
windels,nutrient_0.9,amikacin,50.0,ug/mL,10.0,100.0,2.0,60,0.03333333333333333,1.0,log10 per day
windels,nutrient_0.9,amikacin,50.0,ug/mL,10.0,100.0,2.0,90,0.022222222222222223,1.0,log10 per day
windels,nutrient_0.9,amikacin,50.0,ug/mL,100.0,100.0,3.0,7,0.42857142857142855,1.0,log10 per day
windels,nutrient_0.9,amikacin,50.0,ug/mL,100.0,100.0,3.0,14,0.21428571428571427,1.0,log10 per day
windels,nutrient_0.9,amikacin,50.0,ug/mL,100.0,100.0,3.0,30,0.1,1.0,log10 per day
windels,nutrient_0.9,amikacin,50.0,ug/mL,100.0,100.0,3.0,60,0.05,1.0,log10 per day
windels,nutrient_0.9,amikacin,50.0,ug/mL,100.0,100.0,3.0,90,0.03333333333333333,1.0,log10 per day
windels,nutrient_0.9,amikacin,50.0,ug/mL,1000.0,100.0,4.0,7,0.5714285714285714,1.0,log10 per day
windels,nutrient_0.9,amikacin,50.0,ug/mL,1000.0,100.0,4.0,14,0.2857142857142857,1.0,log10 per day
windels,nutrient_0.9,amikacin,50.0,ug/mL,1000.0,100.0,4.0,30,0.13333333333333333,1.0,log10 per day
windels,nutrient_0.9,amikacin,50.0,ug/mL,1000.0,100.0,4.0,60,0.06666666666666667,1.0,log10 per day
windels,nutrient_0.9,amikacin,50.0,ug/mL,1000.0,100.0,4.0,90,0.044444444444444446,1.0,log10 per day
windels,nutrient_0.9,amikacin,50.0,ug/mL,1.0,10.0,2.0,7,0.2857142857142857,1.0,log10 per day
windels,nutrient_0.9,amikacin,50.0,ug/mL,1.0,10.0,2.0,14,0.14285714285714285,1.0,log10 per day
windels,nutrient_0.9,amikacin,50.0,ug/mL,1.0,10.0,2.0,30,0.06666666666666667,1.0,log10 per day
windels,nutrient_0.9,amikacin,50.0,ug/mL,1.0,10.0,2.0,60,0.03333333333333333,1.0,log10 per day
windels,nutrient_0.9,amikacin,50.0,ug/mL,1.0,10.0,2.0,90,0.022222222222222223,1.0,log10 per day
windels,nutrient_0.9,amikacin,50.0,ug/mL,10.0,10.0,3.0,7,0.42857142857142855,1.0,log10 per day
windels,nutrient_0.9,amikacin,50.0,ug/mL,10.0,10.0,3.0,14,0.21428571428571427,1.0,log10 per day
windels,nutrient_0.9,amikacin,50.0,ug/mL,10.0,10.0,3.0,30,0.1,1.0,log10 per day
windels,nutrient_0.9,amikacin,50.0,ug/mL,10.0,10.0,3.0,60,0.05,1.0,log10 per day
windels,nutrient_0.9,amikacin,50.0,ug/mL,10.0,10.0,3.0,90,0.03333333333333333,1.0,log10 per day
windels,nutrient_0.9,amikacin,50.0,ug/mL,100.0,10.0,4.0,7,0.5714285714285714,1.0,log10 per day
windels,nutrient_0.9,amikacin,50.0,ug/mL,100.0,10.0,4.0,14,0.2857142857142857,1.0,log10 per day
windels,nutrient_0.9,amikacin,50.0,ug/mL,100.0,10.0,4.0,30,0.13333333333333333,1.0,log10 per day
windels,nutrient_0.9,amikacin,50.0,ug/mL,100.0,10.0,4.0,60,0.06666666666666667,1.0,log10 per day
windels,nutrient_0.9,amikacin,50.0,ug/mL,100.0,10.0,4.0,90,0.044444444444444446,1.0,log10 per day
windels,nutrient_0.9,amikacin,50.0,ug/mL,1000.0,10.0,5.0,7,0.7142857142857143,1.0,log10 per day
windels,nutrient_0.9,amikacin,50.0,ug/mL,1000.0,10.0,5.0,14,0.35714285714285715,1.0,log10 per day
windels,nutrient_0.9,amikacin,50.0,ug/mL,1000.0,10.0,5.0,30,0.16666666666666666,1.0,log10 per day
windels,nutrient_0.9,amikacin,50.0,ug/mL,1000.0,10.0,5.0,60,0.08333333333333333,1.0,log10 per day
windels,nutrient_0.9,amikacin,50.0,ug/mL,1000.0,10.0,5.0,90,0.05555555555555555,1.0,log10 per day
windels,nutrient_0.9,amikacin,50.0,ug/mL,1.0,2.5,2.6020599913279625,7,0.3717228559039946,1.0,log10 per day
windels,nutrient_0.9,amikacin,50.0,ug/mL,1.0,2.5,2.6020599913279625,14,0.1858614279519973,1.0,log10 per day
windels,nutrient_0.9,amikacin,50.0,ug/mL,1.0,2.5,2.6020599913279625,30,0.08673533304426542,1.0,log10 per day
windels,nutrient_0.9,amikacin,50.0,ug/mL,1.0,2.5,2.6020599913279625,60,0.04336766652213271,1.0,log10 per day
windels,nutrient_0.9,amikacin,50.0,ug/mL,1.0,2.5,2.6020599913279625,90,0.028911777681421804,1.0,log10 per day
windels,nutrient_0.9,amikacin,50.0,ug/mL,10.0,2.5,3.6020599913279625,7,0.5145799987611375,1.0,log10 per day
windels,nutrient_0.9,amikacin,50.0,ug/mL,10.0,2.5,3.6020599913279625,14,0.25728999938056873,1.0,log10 per day
windels,nutrient_0.9,amikacin,50.0,ug/mL,10.0,2.5,3.6020599913279625,30,0.12006866637759875,1.0,log10 per day
windels,nutrient_0.9,amikacin,50.0,ug/mL,10.0,2.5,3.6020599913279625,60,0.060034333188799374,1.0,log10 per day
windels,nutrient_0.9,amikacin,50.0,ug/mL,10.0,2.5,3.6020599913279625,90,0.040022888792532914,1.0,log10 per day
windels,nutrient_0.9,amikacin,50.0,ug/mL,100.0,2.5,4.6020599913279625,7,0.6574371416182804,1.0,log10 per day
windels,nutrient_0.9,amikacin,50.0,ug/mL,100.0,2.5,4.6020599913279625,14,0.3287185708091402,1.0,log10 per day
windels,nutrient_0.9,amikacin,50.0,ug/mL,100.0,2.5,4.6020599913279625,30,0.15340199971093207,1.0,log10 per day
windels,nutrient_0.9,amikacin,50.0,ug/mL,100.0,2.5,4.6020599913279625,60,0.07670099985546604,1.0,log10 per day
windels,nutrient_0.9,amikacin,50.0,ug/mL,100.0,2.5,4.6020599913279625,90,0.05113399990364403,1.0,log10 per day
windels,nutrient_0.9,amikacin,50.0,ug/mL,1000.0,2.5,5.6020599913279625,7,0.8002942844754232,1.0,log10 per day
windels,nutrient_0.9,amikacin,50.0,ug/mL,1000.0,2.5,5.6020599913279625,14,0.4001471422377116,1.0,log10 per day
windels,nutrient_0.9,amikacin,50.0,ug/mL,1000.0,2.5,5.6020599913279625,30,0.18673533304426543,1.0,log10 per day
windels,nutrient_0.9,amikacin,50.0,ug/mL,1000.0,2.5,5.6020599913279625,60,0.09336766652213271,1.0,log10 per day
windels,nutrient_0.9,amikacin,50.0,ug/mL,1000.0,2.5,5.6020599913279625,90,0.06224511101475514,1.0,log10 per day
windels,nutrient_0.9,amikacin,100.0,ug/mL,1.0,100.0,1.0,7,0.14285714285714285,1.0,log10 per day
windels,nutrient_0.9,amikacin,100.0,ug/mL,1.0,100.0,1.0,14,0.07142857142857142,1.0,log10 per day
windels,nutrient_0.9,amikacin,100.0,ug/mL,1.0,100.0,1.0,30,0.03333333333333333,1.0,log10 per day
windels,nutrient_0.9,amikacin,100.0,ug/mL,1.0,100.0,1.0,60,0.016666666666666666,1.0,log10 per day
windels,nutrient_0.9,amikacin,100.0,ug/mL,1.0,100.0,1.0,90,0.011111111111111112,1.0,log10 per day
windels,nutrient_0.9,amikacin,100.0,ug/mL,10.0,100.0,2.0,7,0.2857142857142857,1.0,log10 per day
windels,nutrient_0.9,amikacin,100.0,ug/mL,10.0,100.0,2.0,14,0.14285714285714285,1.0,log10 per day
windels,nutrient_0.9,amikacin,100.0,ug/mL,10.0,100.0,2.0,30,0.06666666666666667,1.0,log10 per day
windels,nutrient_0.9,amikacin,100.0,ug/mL,10.0,100.0,2.0,60,0.03333333333333333,1.0,log10 per day
windels,nutrient_0.9,amikacin,100.0,ug/mL,10.0,100.0,2.0,90,0.022222222222222223,1.0,log10 per day
windels,nutrient_0.9,amikacin,100.0,ug/mL,100.0,100.0,3.0,7,0.42857142857142855,1.0,log10 per day
windels,nutrient_0.9,amikacin,100.0,ug/mL,100.0,100.0,3.0,14,0.21428571428571427,1.0,log10 per day
windels,nutrient_0.9,amikacin,100.0,ug/mL,100.0,100.0,3.0,30,0.1,1.0,log10 per day
windels,nutrient_0.9,amikacin,100.0,ug/mL,100.0,100.0,3.0,60,0.05,1.0,log10 per day
windels,nutrient_0.9,amikacin,100.0,ug/mL,100.0,100.0,3.0,90,0.03333333333333333,1.0,log10 per day
windels,nutrient_0.9,amikacin,100.0,ug/mL,1000.0,100.0,4.0,7,0.5714285714285714,1.0,log10 per day
windels,nutrient_0.9,amikacin,100.0,ug/mL,1000.0,100.0,4.0,14,0.2857142857142857,1.0,log10 per day
windels,nutrient_0.9,amikacin,100.0,ug/mL,1000.0,100.0,4.0,30,0.13333333333333333,1.0,log10 per day
windels,nutrient_0.9,amikacin,100.0,ug/mL,1000.0,100.0,4.0,60,0.06666666666666667,1.0,log10 per day
windels,nutrient_0.9,amikacin,100.0,ug/mL,1000.0,100.0,4.0,90,0.044444444444444446,1.0,log10 per day
windels,nutrient_0.9,amikacin,100.0,ug/mL,1.0,10.0,2.0,7,0.2857142857142857,1.0,log10 per day
windels,nutrient_0.9,amikacin,100.0,ug/mL,1.0,10.0,2.0,14,0.14285714285714285,1.0,log10 per day
windels,nutrient_0.9,amikacin,100.0,ug/mL,1.0,10.0,2.0,30,0.06666666666666667,1.0,log10 per day
windels,nutrient_0.9,amikacin,100.0,ug/mL,1.0,10.0,2.0,60,0.03333333333333333,1.0,log10 per day
windels,nutrient_0.9,amikacin,100.0,ug/mL,1.0,10.0,2.0,90,0.022222222222222223,1.0,log10 per day
windels,nutrient_0.9,amikacin,100.0,ug/mL,10.0,10.0,3.0,7,0.42857142857142855,1.0,log10 per day
windels,nutrient_0.9,amikacin,100.0,ug/mL,10.0,10.0,3.0,14,0.21428571428571427,1.0,log10 per day
windels,nutrient_0.9,amikacin,100.0,ug/mL,10.0,10.0,3.0,30,0.1,1.0,log10 per day
windels,nutrient_0.9,amikacin,100.0,ug/mL,10.0,10.0,3.0,60,0.05,1.0,log10 per day
windels,nutrient_0.9,amikacin,100.0,ug/mL,10.0,10.0,3.0,90,0.03333333333333333,1.0,log10 per day
windels,nutrient_0.9,amikacin,100.0,ug/mL,100.0,10.0,4.0,7,0.5714285714285714,1.0,log10 per day
windels,nutrient_0.9,amikacin,100.0,ug/mL,100.0,10.0,4.0,14,0.2857142857142857,1.0,log10 per day
windels,nutrient_0.9,amikacin,100.0,ug/mL,100.0,10.0,4.0,30,0.13333333333333333,1.0,log10 per day
windels,nutrient_0.9,amikacin,100.0,ug/mL,100.0,10.0,4.0,60,0.06666666666666667,1.0,log10 per day
windels,nutrient_0.9,amikacin,100.0,ug/mL,100.0,10.0,4.0,90,0.044444444444444446,1.0,log10 per day
windels,nutrient_0.9,amikacin,100.0,ug/mL,1000.0,10.0,5.0,7,0.7142857142857143,1.0,log10 per day
windels,nutrient_0.9,amikacin,100.0,ug/mL,1000.0,10.0,5.0,14,0.35714285714285715,1.0,log10 per day
windels,nutrient_0.9,amikacin,100.0,ug/mL,1000.0,10.0,5.0,30,0.16666666666666666,1.0,log10 per day
windels,nutrient_0.9,amikacin,100.0,ug/mL,1000.0,10.0,5.0,60,0.08333333333333333,1.0,log10 per day
windels,nutrient_0.9,amikacin,100.0,ug/mL,1000.0,10.0,5.0,90,0.05555555555555555,1.0,log10 per day
windels,nutrient_0.9,amikacin,100.0,ug/mL,1.0,2.5,2.6020599913279625,7,0.3717228559039946,1.0,log10 per day
windels,nutrient_0.9,amikacin,100.0,ug/mL,1.0,2.5,2.6020599913279625,14,0.1858614279519973,1.0,log10 per day
windels,nutrient_0.9,amikacin,100.0,ug/mL,1.0,2.5,2.6020599913279625,30,0.08673533304426542,1.0,log10 per day
windels,nutrient_0.9,amikacin,100.0,ug/mL,1.0,2.5,2.6020599913279625,60,0.04336766652213271,1.0,log10 per day
windels,nutrient_0.9,amikacin,100.0,ug/mL,1.0,2.5,2.6020599913279625,90,0.028911777681421804,1.0,log10 per day
windels,nutrient_0.9,amikacin,100.0,ug/mL,10.0,2.5,3.6020599913279625,7,0.5145799987611375,1.0,log10 per day
windels,nutrient_0.9,amikacin,100.0,ug/mL,10.0,2.5,3.6020599913279625,14,0.25728999938056873,1.0,log10 per day
windels,nutrient_0.9,amikacin,100.0,ug/mL,10.0,2.5,3.6020599913279625,30,0.12006866637759875,1.0,log10 per day
windels,nutrient_0.9,amikacin,100.0,ug/mL,10.0,2.5,3.6020599913279625,60,0.060034333188799374,1.0,log10 per day
windels,nutrient_0.9,amikacin,100.0,ug/mL,10.0,2.5,3.6020599913279625,90,0.040022888792532914,1.0,log10 per day
windels,nutrient_0.9,amikacin,100.0,ug/mL,100.0,2.5,4.6020599913279625,7,0.6574371416182804,1.0,log10 per day
windels,nutrient_0.9,amikacin,100.0,ug/mL,100.0,2.5,4.6020599913279625,14,0.3287185708091402,1.0,log10 per day
windels,nutrient_0.9,amikacin,100.0,ug/mL,100.0,2.5,4.6020599913279625,30,0.15340199971093207,1.0,log10 per day
windels,nutrient_0.9,amikacin,100.0,ug/mL,100.0,2.5,4.6020599913279625,60,0.07670099985546604,1.0,log10 per day
windels,nutrient_0.9,amikacin,100.0,ug/mL,100.0,2.5,4.6020599913279625,90,0.05113399990364403,1.0,log10 per day
windels,nutrient_0.9,amikacin,100.0,ug/mL,1000.0,2.5,5.6020599913279625,7,0.8002942844754232,1.0,log10 per day
windels,nutrient_0.9,amikacin,100.0,ug/mL,1000.0,2.5,5.6020599913279625,14,0.4001471422377116,1.0,log10 per day
windels,nutrient_0.9,amikacin,100.0,ug/mL,1000.0,2.5,5.6020599913279625,30,0.18673533304426543,1.0,log10 per day
windels,nutrient_0.9,amikacin,100.0,ug/mL,1000.0,2.5,5.6020599913279625,60,0.09336766652213271,1.0,log10 per day
windels,nutrient_0.9,amikacin,100.0,ug/mL,1000.0,2.5,5.6020599913279625,90,0.06224511101475514,1.0,log10 per day
windels,nutrient_0.9,amikacin,200.0,ug/mL,1.0,100.0,1.0,7,0.14285714285714285,1.0,log10 per day
windels,nutrient_0.9,amikacin,200.0,ug/mL,1.0,100.0,1.0,14,0.07142857142857142,1.0,log10 per day
windels,nutrient_0.9,amikacin,200.0,ug/mL,1.0,100.0,1.0,30,0.03333333333333333,1.0,log10 per day
windels,nutrient_0.9,amikacin,200.0,ug/mL,1.0,100.0,1.0,60,0.016666666666666666,1.0,log10 per day
windels,nutrient_0.9,amikacin,200.0,ug/mL,1.0,100.0,1.0,90,0.011111111111111112,1.0,log10 per day
windels,nutrient_0.9,amikacin,200.0,ug/mL,10.0,100.0,2.0,7,0.2857142857142857,1.0,log10 per day
windels,nutrient_0.9,amikacin,200.0,ug/mL,10.0,100.0,2.0,14,0.14285714285714285,1.0,log10 per day
windels,nutrient_0.9,amikacin,200.0,ug/mL,10.0,100.0,2.0,30,0.06666666666666667,1.0,log10 per day
windels,nutrient_0.9,amikacin,200.0,ug/mL,10.0,100.0,2.0,60,0.03333333333333333,1.0,log10 per day
windels,nutrient_0.9,amikacin,200.0,ug/mL,10.0,100.0,2.0,90,0.022222222222222223,1.0,log10 per day
windels,nutrient_0.9,amikacin,200.0,ug/mL,100.0,100.0,3.0,7,0.42857142857142855,1.0,log10 per day
windels,nutrient_0.9,amikacin,200.0,ug/mL,100.0,100.0,3.0,14,0.21428571428571427,1.0,log10 per day
windels,nutrient_0.9,amikacin,200.0,ug/mL,100.0,100.0,3.0,30,0.1,1.0,log10 per day
windels,nutrient_0.9,amikacin,200.0,ug/mL,100.0,100.0,3.0,60,0.05,1.0,log10 per day
windels,nutrient_0.9,amikacin,200.0,ug/mL,100.0,100.0,3.0,90,0.03333333333333333,1.0,log10 per day
windels,nutrient_0.9,amikacin,200.0,ug/mL,1000.0,100.0,4.0,7,0.5714285714285714,1.0,log10 per day
windels,nutrient_0.9,amikacin,200.0,ug/mL,1000.0,100.0,4.0,14,0.2857142857142857,1.0,log10 per day
windels,nutrient_0.9,amikacin,200.0,ug/mL,1000.0,100.0,4.0,30,0.13333333333333333,1.0,log10 per day
windels,nutrient_0.9,amikacin,200.0,ug/mL,1000.0,100.0,4.0,60,0.06666666666666667,1.0,log10 per day
windels,nutrient_0.9,amikacin,200.0,ug/mL,1000.0,100.0,4.0,90,0.044444444444444446,1.0,log10 per day
windels,nutrient_0.9,amikacin,200.0,ug/mL,1.0,10.0,2.0,7,0.2857142857142857,1.0,log10 per day
windels,nutrient_0.9,amikacin,200.0,ug/mL,1.0,10.0,2.0,14,0.14285714285714285,1.0,log10 per day
windels,nutrient_0.9,amikacin,200.0,ug/mL,1.0,10.0,2.0,30,0.06666666666666667,1.0,log10 per day
windels,nutrient_0.9,amikacin,200.0,ug/mL,1.0,10.0,2.0,60,0.03333333333333333,1.0,log10 per day
windels,nutrient_0.9,amikacin,200.0,ug/mL,1.0,10.0,2.0,90,0.022222222222222223,1.0,log10 per day
windels,nutrient_0.9,amikacin,200.0,ug/mL,10.0,10.0,3.0,7,0.42857142857142855,1.0,log10 per day
windels,nutrient_0.9,amikacin,200.0,ug/mL,10.0,10.0,3.0,14,0.21428571428571427,1.0,log10 per day
windels,nutrient_0.9,amikacin,200.0,ug/mL,10.0,10.0,3.0,30,0.1,1.0,log10 per day
windels,nutrient_0.9,amikacin,200.0,ug/mL,10.0,10.0,3.0,60,0.05,1.0,log10 per day
windels,nutrient_0.9,amikacin,200.0,ug/mL,10.0,10.0,3.0,90,0.03333333333333333,1.0,log10 per day
windels,nutrient_0.9,amikacin,200.0,ug/mL,100.0,10.0,4.0,7,0.5714285714285714,1.0,log10 per day
windels,nutrient_0.9,amikacin,200.0,ug/mL,100.0,10.0,4.0,14,0.2857142857142857,1.0,log10 per day
windels,nutrient_0.9,amikacin,200.0,ug/mL,100.0,10.0,4.0,30,0.13333333333333333,1.0,log10 per day
windels,nutrient_0.9,amikacin,200.0,ug/mL,100.0,10.0,4.0,60,0.06666666666666667,1.0,log10 per day
windels,nutrient_0.9,amikacin,200.0,ug/mL,100.0,10.0,4.0,90,0.044444444444444446,1.0,log10 per day
windels,nutrient_0.9,amikacin,200.0,ug/mL,1000.0,10.0,5.0,7,0.7142857142857143,1.0,log10 per day
windels,nutrient_0.9,amikacin,200.0,ug/mL,1000.0,10.0,5.0,14,0.35714285714285715,1.0,log10 per day
windels,nutrient_0.9,amikacin,200.0,ug/mL,1000.0,10.0,5.0,30,0.16666666666666666,1.0,log10 per day
windels,nutrient_0.9,amikacin,200.0,ug/mL,1000.0,10.0,5.0,60,0.08333333333333333,1.0,log10 per day
windels,nutrient_0.9,amikacin,200.0,ug/mL,1000.0,10.0,5.0,90,0.05555555555555555,1.0,log10 per day
windels,nutrient_0.9,amikacin,200.0,ug/mL,1.0,2.5,2.6020599913279625,7,0.3717228559039946,1.0,log10 per day
windels,nutrient_0.9,amikacin,200.0,ug/mL,1.0,2.5,2.6020599913279625,14,0.1858614279519973,1.0,log10 per day
windels,nutrient_0.9,amikacin,200.0,ug/mL,1.0,2.5,2.6020599913279625,30,0.08673533304426542,1.0,log10 per day
windels,nutrient_0.9,amikacin,200.0,ug/mL,1.0,2.5,2.6020599913279625,60,0.04336766652213271,1.0,log10 per day
windels,nutrient_0.9,amikacin,200.0,ug/mL,1.0,2.5,2.6020599913279625,90,0.028911777681421804,1.0,log10 per day
windels,nutrient_0.9,amikacin,200.0,ug/mL,10.0,2.5,3.6020599913279625,7,0.5145799987611375,1.0,log10 per day
windels,nutrient_0.9,amikacin,200.0,ug/mL,10.0,2.5,3.6020599913279625,14,0.25728999938056873,1.0,log10 per day
windels,nutrient_0.9,amikacin,200.0,ug/mL,10.0,2.5,3.6020599913279625,30,0.12006866637759875,1.0,log10 per day
windels,nutrient_0.9,amikacin,200.0,ug/mL,10.0,2.5,3.6020599913279625,60,0.060034333188799374,1.0,log10 per day
windels,nutrient_0.9,amikacin,200.0,ug/mL,10.0,2.5,3.6020599913279625,90,0.040022888792532914,1.0,log10 per day
windels,nutrient_0.9,amikacin,200.0,ug/mL,100.0,2.5,4.6020599913279625,7,0.6574371416182804,1.0,log10 per day
windels,nutrient_0.9,amikacin,200.0,ug/mL,100.0,2.5,4.6020599913279625,14,0.3287185708091402,1.0,log10 per day
windels,nutrient_0.9,amikacin,200.0,ug/mL,100.0,2.5,4.6020599913279625,30,0.15340199971093207,1.0,log10 per day
windels,nutrient_0.9,amikacin,200.0,ug/mL,100.0,2.5,4.6020599913279625,60,0.07670099985546604,1.0,log10 per day
windels,nutrient_0.9,amikacin,200.0,ug/mL,100.0,2.5,4.6020599913279625,90,0.05113399990364403,1.0,log10 per day
windels,nutrient_0.9,amikacin,200.0,ug/mL,1000.0,2.5,5.6020599913279625,7,0.8002942844754232,1.0,log10 per day
windels,nutrient_0.9,amikacin,200.0,ug/mL,1000.0,2.5,5.6020599913279625,14,0.4001471422377116,1.0,log10 per day
windels,nutrient_0.9,amikacin,200.0,ug/mL,1000.0,2.5,5.6020599913279625,30,0.18673533304426543,1.0,log10 per day
windels,nutrient_0.9,amikacin,200.0,ug/mL,1000.0,2.5,5.6020599913279625,60,0.09336766652213271,1.0,log10 per day
windels,nutrient_0.9,amikacin,200.0,ug/mL,1000.0,2.5,5.6020599913279625,90,0.06224511101475514,1.0,log10 per day
windels,nutrient_0.9,amikacin,400.0,ug/mL,1.0,100.0,1.0,7,0.14285714285714285,1.0,log10 per day
windels,nutrient_0.9,amikacin,400.0,ug/mL,1.0,100.0,1.0,14,0.07142857142857142,1.0,log10 per day
windels,nutrient_0.9,amikacin,400.0,ug/mL,1.0,100.0,1.0,30,0.03333333333333333,1.0,log10 per day
windels,nutrient_0.9,amikacin,400.0,ug/mL,1.0,100.0,1.0,60,0.016666666666666666,1.0,log10 per day
windels,nutrient_0.9,amikacin,400.0,ug/mL,1.0,100.0,1.0,90,0.011111111111111112,1.0,log10 per day
windels,nutrient_0.9,amikacin,400.0,ug/mL,10.0,100.0,2.0,7,0.2857142857142857,1.0,log10 per day
windels,nutrient_0.9,amikacin,400.0,ug/mL,10.0,100.0,2.0,14,0.14285714285714285,1.0,log10 per day
windels,nutrient_0.9,amikacin,400.0,ug/mL,10.0,100.0,2.0,30,0.06666666666666667,1.0,log10 per day
windels,nutrient_0.9,amikacin,400.0,ug/mL,10.0,100.0,2.0,60,0.03333333333333333,1.0,log10 per day
windels,nutrient_0.9,amikacin,400.0,ug/mL,10.0,100.0,2.0,90,0.022222222222222223,1.0,log10 per day
windels,nutrient_0.9,amikacin,400.0,ug/mL,100.0,100.0,3.0,7,0.42857142857142855,1.0,log10 per day
windels,nutrient_0.9,amikacin,400.0,ug/mL,100.0,100.0,3.0,14,0.21428571428571427,1.0,log10 per day
windels,nutrient_0.9,amikacin,400.0,ug/mL,100.0,100.0,3.0,30,0.1,1.0,log10 per day
windels,nutrient_0.9,amikacin,400.0,ug/mL,100.0,100.0,3.0,60,0.05,1.0,log10 per day
windels,nutrient_0.9,amikacin,400.0,ug/mL,100.0,100.0,3.0,90,0.03333333333333333,1.0,log10 per day
windels,nutrient_0.9,amikacin,400.0,ug/mL,1000.0,100.0,4.0,7,0.5714285714285714,1.0,log10 per day
windels,nutrient_0.9,amikacin,400.0,ug/mL,1000.0,100.0,4.0,14,0.2857142857142857,1.0,log10 per day
windels,nutrient_0.9,amikacin,400.0,ug/mL,1000.0,100.0,4.0,30,0.13333333333333333,1.0,log10 per day
windels,nutrient_0.9,amikacin,400.0,ug/mL,1000.0,100.0,4.0,60,0.06666666666666667,1.0,log10 per day
windels,nutrient_0.9,amikacin,400.0,ug/mL,1000.0,100.0,4.0,90,0.044444444444444446,1.0,log10 per day
windels,nutrient_0.9,amikacin,400.0,ug/mL,1.0,10.0,2.0,7,0.2857142857142857,1.0,log10 per day
windels,nutrient_0.9,amikacin,400.0,ug/mL,1.0,10.0,2.0,14,0.14285714285714285,1.0,log10 per day
windels,nutrient_0.9,amikacin,400.0,ug/mL,1.0,10.0,2.0,30,0.06666666666666667,1.0,log10 per day
windels,nutrient_0.9,amikacin,400.0,ug/mL,1.0,10.0,2.0,60,0.03333333333333333,1.0,log10 per day
windels,nutrient_0.9,amikacin,400.0,ug/mL,1.0,10.0,2.0,90,0.022222222222222223,1.0,log10 per day
windels,nutrient_0.9,amikacin,400.0,ug/mL,10.0,10.0,3.0,7,0.42857142857142855,1.0,log10 per day
windels,nutrient_0.9,amikacin,400.0,ug/mL,10.0,10.0,3.0,14,0.21428571428571427,1.0,log10 per day
windels,nutrient_0.9,amikacin,400.0,ug/mL,10.0,10.0,3.0,30,0.1,1.0,log10 per day
windels,nutrient_0.9,amikacin,400.0,ug/mL,10.0,10.0,3.0,60,0.05,1.0,log10 per day
windels,nutrient_0.9,amikacin,400.0,ug/mL,10.0,10.0,3.0,90,0.03333333333333333,1.0,log10 per day
windels,nutrient_0.9,amikacin,400.0,ug/mL,100.0,10.0,4.0,7,0.5714285714285714,1.0,log10 per day
windels,nutrient_0.9,amikacin,400.0,ug/mL,100.0,10.0,4.0,14,0.2857142857142857,1.0,log10 per day
windels,nutrient_0.9,amikacin,400.0,ug/mL,100.0,10.0,4.0,30,0.13333333333333333,1.0,log10 per day
windels,nutrient_0.9,amikacin,400.0,ug/mL,100.0,10.0,4.0,60,0.06666666666666667,1.0,log10 per day
windels,nutrient_0.9,amikacin,400.0,ug/mL,100.0,10.0,4.0,90,0.044444444444444446,1.0,log10 per day
windels,nutrient_0.9,amikacin,400.0,ug/mL,1000.0,10.0,5.0,7,0.7142857142857143,1.0,log10 per day
windels,nutrient_0.9,amikacin,400.0,ug/mL,1000.0,10.0,5.0,14,0.35714285714285715,1.0,log10 per day
windels,nutrient_0.9,amikacin,400.0,ug/mL,1000.0,10.0,5.0,30,0.16666666666666666,1.0,log10 per day
windels,nutrient_0.9,amikacin,400.0,ug/mL,1000.0,10.0,5.0,60,0.08333333333333333,1.0,log10 per day
windels,nutrient_0.9,amikacin,400.0,ug/mL,1000.0,10.0,5.0,90,0.05555555555555555,1.0,log10 per day
windels,nutrient_0.9,amikacin,400.0,ug/mL,1.0,2.5,2.6020599913279625,7,0.3717228559039946,1.0,log10 per day
windels,nutrient_0.9,amikacin,400.0,ug/mL,1.0,2.5,2.6020599913279625,14,0.1858614279519973,1.0,log10 per day
windels,nutrient_0.9,amikacin,400.0,ug/mL,1.0,2.5,2.6020599913279625,30,0.08673533304426542,1.0,log10 per day
windels,nutrient_0.9,amikacin,400.0,ug/mL,1.0,2.5,2.6020599913279625,60,0.04336766652213271,1.0,log10 per day
windels,nutrient_0.9,amikacin,400.0,ug/mL,1.0,2.5,2.6020599913279625,90,0.028911777681421804,1.0,log10 per day
windels,nutrient_0.9,amikacin,400.0,ug/mL,10.0,2.5,3.6020599913279625,7,0.5145799987611375,1.0,log10 per day
windels,nutrient_0.9,amikacin,400.0,ug/mL,10.0,2.5,3.6020599913279625,14,0.25728999938056873,1.0,log10 per day
windels,nutrient_0.9,amikacin,400.0,ug/mL,10.0,2.5,3.6020599913279625,30,0.12006866637759875,1.0,log10 per day
windels,nutrient_0.9,amikacin,400.0,ug/mL,10.0,2.5,3.6020599913279625,60,0.060034333188799374,1.0,log10 per day
windels,nutrient_0.9,amikacin,400.0,ug/mL,10.0,2.5,3.6020599913279625,90,0.040022888792532914,1.0,log10 per day
windels,nutrient_0.9,amikacin,400.0,ug/mL,100.0,2.5,4.6020599913279625,7,0.6574371416182804,1.0,log10 per day
windels,nutrient_0.9,amikacin,400.0,ug/mL,100.0,2.5,4.6020599913279625,14,0.3287185708091402,1.0,log10 per day
windels,nutrient_0.9,amikacin,400.0,ug/mL,100.0,2.5,4.6020599913279625,30,0.15340199971093207,1.0,log10 per day
windels,nutrient_0.9,amikacin,400.0,ug/mL,100.0,2.5,4.6020599913279625,60,0.07670099985546604,1.0,log10 per day
windels,nutrient_0.9,amikacin,400.0,ug/mL,100.0,2.5,4.6020599913279625,90,0.05113399990364403,1.0,log10 per day
windels,nutrient_0.9,amikacin,400.0,ug/mL,1000.0,2.5,5.6020599913279625,7,0.8002942844754232,1.0,log10 per day
windels,nutrient_0.9,amikacin,400.0,ug/mL,1000.0,2.5,5.6020599913279625,14,0.4001471422377116,1.0,log10 per day
windels,nutrient_0.9,amikacin,400.0,ug/mL,1000.0,2.5,5.6020599913279625,30,0.18673533304426543,1.0,log10 per day
windels,nutrient_0.9,amikacin,400.0,ug/mL,1000.0,2.5,5.6020599913279625,60,0.09336766652213271,1.0,log10 per day
windels,nutrient_0.9,amikacin,400.0,ug/mL,1000.0,2.5,5.6020599913279625,90,0.06224511101475514,1.0,log10 per day
windels,nutrient_0.95,amikacin,12.5,ug/mL,1.0,100.0,1.0,7,0.14285714285714285,1.0,log10 per day
windels,nutrient_0.95,amikacin,12.5,ug/mL,1.0,100.0,1.0,14,0.07142857142857142,1.0,log10 per day
windels,nutrient_0.95,amikacin,12.5,ug/mL,1.0,100.0,1.0,30,0.03333333333333333,1.0,log10 per day
windels,nutrient_0.95,amikacin,12.5,ug/mL,1.0,100.0,1.0,60,0.016666666666666666,1.0,log10 per day
windels,nutrient_0.95,amikacin,12.5,ug/mL,1.0,100.0,1.0,90,0.011111111111111112,1.0,log10 per day
windels,nutrient_0.95,amikacin,12.5,ug/mL,10.0,100.0,2.0,7,0.2857142857142857,0.9555555555555556,log10 per day
windels,nutrient_0.95,amikacin,12.5,ug/mL,10.0,100.0,2.0,14,0.14285714285714285,1.0,log10 per day
windels,nutrient_0.95,amikacin,12.5,ug/mL,10.0,100.0,2.0,30,0.06666666666666667,1.0,log10 per day
windels,nutrient_0.95,amikacin,12.5,ug/mL,10.0,100.0,2.0,60,0.03333333333333333,1.0,log10 per day
windels,nutrient_0.95,amikacin,12.5,ug/mL,10.0,100.0,2.0,90,0.022222222222222223,1.0,log10 per day
windels,nutrient_0.95,amikacin,12.5,ug/mL,100.0,100.0,3.0,7,0.42857142857142855,0.9555555555555556,log10 per day
windels,nutrient_0.95,amikacin,12.5,ug/mL,100.0,100.0,3.0,14,0.21428571428571427,1.0,log10 per day
windels,nutrient_0.95,amikacin,12.5,ug/mL,100.0,100.0,3.0,30,0.1,1.0,log10 per day
windels,nutrient_0.95,amikacin,12.5,ug/mL,100.0,100.0,3.0,60,0.05,1.0,log10 per day
windels,nutrient_0.95,amikacin,12.5,ug/mL,100.0,100.0,3.0,90,0.03333333333333333,1.0,log10 per day
windels,nutrient_0.95,amikacin,12.5,ug/mL,1000.0,100.0,4.0,7,0.5714285714285714,0.9333333333333333,log10 per day
windels,nutrient_0.95,amikacin,12.5,ug/mL,1000.0,100.0,4.0,14,0.2857142857142857,0.9555555555555556,log10 per day
windels,nutrient_0.95,amikacin,12.5,ug/mL,1000.0,100.0,4.0,30,0.13333333333333333,1.0,log10 per day
windels,nutrient_0.95,amikacin,12.5,ug/mL,1000.0,100.0,4.0,60,0.06666666666666667,1.0,log10 per day
windels,nutrient_0.95,amikacin,12.5,ug/mL,1000.0,100.0,4.0,90,0.044444444444444446,1.0,log10 per day
windels,nutrient_0.95,amikacin,12.5,ug/mL,1.0,10.0,2.0,7,0.2857142857142857,0.9555555555555556,log10 per day
windels,nutrient_0.95,amikacin,12.5,ug/mL,1.0,10.0,2.0,14,0.14285714285714285,1.0,log10 per day
windels,nutrient_0.95,amikacin,12.5,ug/mL,1.0,10.0,2.0,30,0.06666666666666667,1.0,log10 per day
windels,nutrient_0.95,amikacin,12.5,ug/mL,1.0,10.0,2.0,60,0.03333333333333333,1.0,log10 per day
windels,nutrient_0.95,amikacin,12.5,ug/mL,1.0,10.0,2.0,90,0.022222222222222223,1.0,log10 per day
windels,nutrient_0.95,amikacin,12.5,ug/mL,10.0,10.0,3.0,7,0.42857142857142855,0.9555555555555556,log10 per day
windels,nutrient_0.95,amikacin,12.5,ug/mL,10.0,10.0,3.0,14,0.21428571428571427,1.0,log10 per day
windels,nutrient_0.95,amikacin,12.5,ug/mL,10.0,10.0,3.0,30,0.1,1.0,log10 per day
windels,nutrient_0.95,amikacin,12.5,ug/mL,10.0,10.0,3.0,60,0.05,1.0,log10 per day
windels,nutrient_0.95,amikacin,12.5,ug/mL,10.0,10.0,3.0,90,0.03333333333333333,1.0,log10 per day
windels,nutrient_0.95,amikacin,12.5,ug/mL,100.0,10.0,4.0,7,0.5714285714285714,0.9333333333333333,log10 per day
windels,nutrient_0.95,amikacin,12.5,ug/mL,100.0,10.0,4.0,14,0.2857142857142857,0.9555555555555556,log10 per day
windels,nutrient_0.95,amikacin,12.5,ug/mL,100.0,10.0,4.0,30,0.13333333333333333,1.0,log10 per day
windels,nutrient_0.95,amikacin,12.5,ug/mL,100.0,10.0,4.0,60,0.06666666666666667,1.0,log10 per day
windels,nutrient_0.95,amikacin,12.5,ug/mL,100.0,10.0,4.0,90,0.044444444444444446,1.0,log10 per day
windels,nutrient_0.95,amikacin,12.5,ug/mL,1000.0,10.0,5.0,7,0.7142857142857143,0.9333333333333333,log10 per day
windels,nutrient_0.95,amikacin,12.5,ug/mL,1000.0,10.0,5.0,14,0.35714285714285715,0.9555555555555556,log10 per day
windels,nutrient_0.95,amikacin,12.5,ug/mL,1000.0,10.0,5.0,30,0.16666666666666666,1.0,log10 per day
windels,nutrient_0.95,amikacin,12.5,ug/mL,1000.0,10.0,5.0,60,0.08333333333333333,1.0,log10 per day
windels,nutrient_0.95,amikacin,12.5,ug/mL,1000.0,10.0,5.0,90,0.05555555555555555,1.0,log10 per day
windels,nutrient_0.95,amikacin,12.5,ug/mL,1.0,2.5,2.6020599913279625,7,0.3717228559039946,0.9555555555555556,log10 per day
windels,nutrient_0.95,amikacin,12.5,ug/mL,1.0,2.5,2.6020599913279625,14,0.1858614279519973,1.0,log10 per day
windels,nutrient_0.95,amikacin,12.5,ug/mL,1.0,2.5,2.6020599913279625,30,0.08673533304426542,1.0,log10 per day
windels,nutrient_0.95,amikacin,12.5,ug/mL,1.0,2.5,2.6020599913279625,60,0.04336766652213271,1.0,log10 per day
windels,nutrient_0.95,amikacin,12.5,ug/mL,1.0,2.5,2.6020599913279625,90,0.028911777681421804,1.0,log10 per day
windels,nutrient_0.95,amikacin,12.5,ug/mL,10.0,2.5,3.6020599913279625,7,0.5145799987611375,0.9333333333333333,log10 per day
windels,nutrient_0.95,amikacin,12.5,ug/mL,10.0,2.5,3.6020599913279625,14,0.25728999938056873,0.9777777777777777,log10 per day
windels,nutrient_0.95,amikacin,12.5,ug/mL,10.0,2.5,3.6020599913279625,30,0.12006866637759875,1.0,log10 per day
windels,nutrient_0.95,amikacin,12.5,ug/mL,10.0,2.5,3.6020599913279625,60,0.060034333188799374,1.0,log10 per day
windels,nutrient_0.95,amikacin,12.5,ug/mL,10.0,2.5,3.6020599913279625,90,0.040022888792532914,1.0,log10 per day
windels,nutrient_0.95,amikacin,12.5,ug/mL,100.0,2.5,4.6020599913279625,7,0.6574371416182804,0.9333333333333333,log10 per day
windels,nutrient_0.95,amikacin,12.5,ug/mL,100.0,2.5,4.6020599913279625,14,0.3287185708091402,0.9555555555555556,log10 per day
windels,nutrient_0.95,amikacin,12.5,ug/mL,100.0,2.5,4.6020599913279625,30,0.15340199971093207,1.0,log10 per day
windels,nutrient_0.95,amikacin,12.5,ug/mL,100.0,2.5,4.6020599913279625,60,0.07670099985546604,1.0,log10 per day
windels,nutrient_0.95,amikacin,12.5,ug/mL,100.0,2.5,4.6020599913279625,90,0.05113399990364403,1.0,log10 per day
windels,nutrient_0.95,amikacin,12.5,ug/mL,1000.0,2.5,5.6020599913279625,7,0.8002942844754232,0.9111111111111111,log10 per day
windels,nutrient_0.95,amikacin,12.5,ug/mL,1000.0,2.5,5.6020599913279625,14,0.4001471422377116,0.9555555555555556,log10 per day
windels,nutrient_0.95,amikacin,12.5,ug/mL,1000.0,2.5,5.6020599913279625,30,0.18673533304426543,1.0,log10 per day
windels,nutrient_0.95,amikacin,12.5,ug/mL,1000.0,2.5,5.6020599913279625,60,0.09336766652213271,1.0,log10 per day
windels,nutrient_0.95,amikacin,12.5,ug/mL,1000.0,2.5,5.6020599913279625,90,0.06224511101475514,1.0,log10 per day
windels,nutrient_0.95,amikacin,25.0,ug/mL,1.0,100.0,1.0,7,0.14285714285714285,1.0,log10 per day
windels,nutrient_0.95,amikacin,25.0,ug/mL,1.0,100.0,1.0,14,0.07142857142857142,1.0,log10 per day
windels,nutrient_0.95,amikacin,25.0,ug/mL,1.0,100.0,1.0,30,0.03333333333333333,1.0,log10 per day
windels,nutrient_0.95,amikacin,25.0,ug/mL,1.0,100.0,1.0,60,0.016666666666666666,1.0,log10 per day
windels,nutrient_0.95,amikacin,25.0,ug/mL,1.0,100.0,1.0,90,0.011111111111111112,1.0,log10 per day
windels,nutrient_0.95,amikacin,25.0,ug/mL,10.0,100.0,2.0,7,0.2857142857142857,0.9777777777777777,log10 per day
windels,nutrient_0.95,amikacin,25.0,ug/mL,10.0,100.0,2.0,14,0.14285714285714285,1.0,log10 per day
windels,nutrient_0.95,amikacin,25.0,ug/mL,10.0,100.0,2.0,30,0.06666666666666667,1.0,log10 per day
windels,nutrient_0.95,amikacin,25.0,ug/mL,10.0,100.0,2.0,60,0.03333333333333333,1.0,log10 per day
windels,nutrient_0.95,amikacin,25.0,ug/mL,10.0,100.0,2.0,90,0.022222222222222223,1.0,log10 per day
windels,nutrient_0.95,amikacin,25.0,ug/mL,100.0,100.0,3.0,7,0.42857142857142855,0.9777777777777777,log10 per day
windels,nutrient_0.95,amikacin,25.0,ug/mL,100.0,100.0,3.0,14,0.21428571428571427,1.0,log10 per day
windels,nutrient_0.95,amikacin,25.0,ug/mL,100.0,100.0,3.0,30,0.1,1.0,log10 per day
windels,nutrient_0.95,amikacin,25.0,ug/mL,100.0,100.0,3.0,60,0.05,1.0,log10 per day
windels,nutrient_0.95,amikacin,25.0,ug/mL,100.0,100.0,3.0,90,0.03333333333333333,1.0,log10 per day
windels,nutrient_0.95,amikacin,25.0,ug/mL,1000.0,100.0,4.0,7,0.5714285714285714,0.9777777777777777,log10 per day
windels,nutrient_0.95,amikacin,25.0,ug/mL,1000.0,100.0,4.0,14,0.2857142857142857,0.9777777777777777,log10 per day
windels,nutrient_0.95,amikacin,25.0,ug/mL,1000.0,100.0,4.0,30,0.13333333333333333,1.0,log10 per day
windels,nutrient_0.95,amikacin,25.0,ug/mL,1000.0,100.0,4.0,60,0.06666666666666667,1.0,log10 per day
windels,nutrient_0.95,amikacin,25.0,ug/mL,1000.0,100.0,4.0,90,0.044444444444444446,1.0,log10 per day
windels,nutrient_0.95,amikacin,25.0,ug/mL,1.0,10.0,2.0,7,0.2857142857142857,0.9777777777777777,log10 per day
windels,nutrient_0.95,amikacin,25.0,ug/mL,1.0,10.0,2.0,14,0.14285714285714285,1.0,log10 per day
windels,nutrient_0.95,amikacin,25.0,ug/mL,1.0,10.0,2.0,30,0.06666666666666667,1.0,log10 per day
windels,nutrient_0.95,amikacin,25.0,ug/mL,1.0,10.0,2.0,60,0.03333333333333333,1.0,log10 per day
windels,nutrient_0.95,amikacin,25.0,ug/mL,1.0,10.0,2.0,90,0.022222222222222223,1.0,log10 per day
windels,nutrient_0.95,amikacin,25.0,ug/mL,10.0,10.0,3.0,7,0.42857142857142855,0.9777777777777777,log10 per day
windels,nutrient_0.95,amikacin,25.0,ug/mL,10.0,10.0,3.0,14,0.21428571428571427,1.0,log10 per day
windels,nutrient_0.95,amikacin,25.0,ug/mL,10.0,10.0,3.0,30,0.1,1.0,log10 per day
windels,nutrient_0.95,amikacin,25.0,ug/mL,10.0,10.0,3.0,60,0.05,1.0,log10 per day
windels,nutrient_0.95,amikacin,25.0,ug/mL,10.0,10.0,3.0,90,0.03333333333333333,1.0,log10 per day
windels,nutrient_0.95,amikacin,25.0,ug/mL,100.0,10.0,4.0,7,0.5714285714285714,0.9777777777777777,log10 per day
windels,nutrient_0.95,amikacin,25.0,ug/mL,100.0,10.0,4.0,14,0.2857142857142857,0.9777777777777777,log10 per day
windels,nutrient_0.95,amikacin,25.0,ug/mL,100.0,10.0,4.0,30,0.13333333333333333,1.0,log10 per day
windels,nutrient_0.95,amikacin,25.0,ug/mL,100.0,10.0,4.0,60,0.06666666666666667,1.0,log10 per day
windels,nutrient_0.95,amikacin,25.0,ug/mL,100.0,10.0,4.0,90,0.044444444444444446,1.0,log10 per day
windels,nutrient_0.95,amikacin,25.0,ug/mL,1000.0,10.0,5.0,7,0.7142857142857143,0.9777777777777777,log10 per day
windels,nutrient_0.95,amikacin,25.0,ug/mL,1000.0,10.0,5.0,14,0.35714285714285715,0.9777777777777777,log10 per day
windels,nutrient_0.95,amikacin,25.0,ug/mL,1000.0,10.0,5.0,30,0.16666666666666666,1.0,log10 per day
windels,nutrient_0.95,amikacin,25.0,ug/mL,1000.0,10.0,5.0,60,0.08333333333333333,1.0,log10 per day
windels,nutrient_0.95,amikacin,25.0,ug/mL,1000.0,10.0,5.0,90,0.05555555555555555,1.0,log10 per day
windels,nutrient_0.95,amikacin,25.0,ug/mL,1.0,2.5,2.6020599913279625,7,0.3717228559039946,0.9777777777777777,log10 per day
windels,nutrient_0.95,amikacin,25.0,ug/mL,1.0,2.5,2.6020599913279625,14,0.1858614279519973,1.0,log10 per day
windels,nutrient_0.95,amikacin,25.0,ug/mL,1.0,2.5,2.6020599913279625,30,0.08673533304426542,1.0,log10 per day
windels,nutrient_0.95,amikacin,25.0,ug/mL,1.0,2.5,2.6020599913279625,60,0.04336766652213271,1.0,log10 per day
windels,nutrient_0.95,amikacin,25.0,ug/mL,1.0,2.5,2.6020599913279625,90,0.028911777681421804,1.0,log10 per day
windels,nutrient_0.95,amikacin,25.0,ug/mL,10.0,2.5,3.6020599913279625,7,0.5145799987611375,0.9777777777777777,log10 per day
windels,nutrient_0.95,amikacin,25.0,ug/mL,10.0,2.5,3.6020599913279625,14,0.25728999938056873,1.0,log10 per day
windels,nutrient_0.95,amikacin,25.0,ug/mL,10.0,2.5,3.6020599913279625,30,0.12006866637759875,1.0,log10 per day
windels,nutrient_0.95,amikacin,25.0,ug/mL,10.0,2.5,3.6020599913279625,60,0.060034333188799374,1.0,log10 per day
windels,nutrient_0.95,amikacin,25.0,ug/mL,10.0,2.5,3.6020599913279625,90,0.040022888792532914,1.0,log10 per day
windels,nutrient_0.95,amikacin,25.0,ug/mL,100.0,2.5,4.6020599913279625,7,0.6574371416182804,0.9777777777777777,log10 per day
windels,nutrient_0.95,amikacin,25.0,ug/mL,100.0,2.5,4.6020599913279625,14,0.3287185708091402,0.9777777777777777,log10 per day
windels,nutrient_0.95,amikacin,25.0,ug/mL,100.0,2.5,4.6020599913279625,30,0.15340199971093207,1.0,log10 per day
windels,nutrient_0.95,amikacin,25.0,ug/mL,100.0,2.5,4.6020599913279625,60,0.07670099985546604,1.0,log10 per day
windels,nutrient_0.95,amikacin,25.0,ug/mL,100.0,2.5,4.6020599913279625,90,0.05113399990364403,1.0,log10 per day
windels,nutrient_0.95,amikacin,25.0,ug/mL,1000.0,2.5,5.6020599913279625,7,0.8002942844754232,0.9777777777777777,log10 per day
windels,nutrient_0.95,amikacin,25.0,ug/mL,1000.0,2.5,5.6020599913279625,14,0.4001471422377116,0.9777777777777777,log10 per day
windels,nutrient_0.95,amikacin,25.0,ug/mL,1000.0,2.5,5.6020599913279625,30,0.18673533304426543,1.0,log10 per day
windels,nutrient_0.95,amikacin,25.0,ug/mL,1000.0,2.5,5.6020599913279625,60,0.09336766652213271,1.0,log10 per day
windels,nutrient_0.95,amikacin,25.0,ug/mL,1000.0,2.5,5.6020599913279625,90,0.06224511101475514,1.0,log10 per day
windels,nutrient_0.95,amikacin,50.0,ug/mL,1.0,100.0,1.0,7,0.14285714285714285,1.0,log10 per day
windels,nutrient_0.95,amikacin,50.0,ug/mL,1.0,100.0,1.0,14,0.07142857142857142,1.0,log10 per day
windels,nutrient_0.95,amikacin,50.0,ug/mL,1.0,100.0,1.0,30,0.03333333333333333,1.0,log10 per day
windels,nutrient_0.95,amikacin,50.0,ug/mL,1.0,100.0,1.0,60,0.016666666666666666,1.0,log10 per day
windels,nutrient_0.95,amikacin,50.0,ug/mL,1.0,100.0,1.0,90,0.011111111111111112,1.0,log10 per day
windels,nutrient_0.95,amikacin,50.0,ug/mL,10.0,100.0,2.0,7,0.2857142857142857,1.0,log10 per day
windels,nutrient_0.95,amikacin,50.0,ug/mL,10.0,100.0,2.0,14,0.14285714285714285,1.0,log10 per day
windels,nutrient_0.95,amikacin,50.0,ug/mL,10.0,100.0,2.0,30,0.06666666666666667,1.0,log10 per day
windels,nutrient_0.95,amikacin,50.0,ug/mL,10.0,100.0,2.0,60,0.03333333333333333,1.0,log10 per day
windels,nutrient_0.95,amikacin,50.0,ug/mL,10.0,100.0,2.0,90,0.022222222222222223,1.0,log10 per day
windels,nutrient_0.95,amikacin,50.0,ug/mL,100.0,100.0,3.0,7,0.42857142857142855,1.0,log10 per day
windels,nutrient_0.95,amikacin,50.0,ug/mL,100.0,100.0,3.0,14,0.21428571428571427,1.0,log10 per day
windels,nutrient_0.95,amikacin,50.0,ug/mL,100.0,100.0,3.0,30,0.1,1.0,log10 per day
windels,nutrient_0.95,amikacin,50.0,ug/mL,100.0,100.0,3.0,60,0.05,1.0,log10 per day
windels,nutrient_0.95,amikacin,50.0,ug/mL,100.0,100.0,3.0,90,0.03333333333333333,1.0,log10 per day
windels,nutrient_0.95,amikacin,50.0,ug/mL,1000.0,100.0,4.0,7,0.5714285714285714,1.0,log10 per day
windels,nutrient_0.95,amikacin,50.0,ug/mL,1000.0,100.0,4.0,14,0.2857142857142857,1.0,log10 per day
windels,nutrient_0.95,amikacin,50.0,ug/mL,1000.0,100.0,4.0,30,0.13333333333333333,1.0,log10 per day
windels,nutrient_0.95,amikacin,50.0,ug/mL,1000.0,100.0,4.0,60,0.06666666666666667,1.0,log10 per day
windels,nutrient_0.95,amikacin,50.0,ug/mL,1000.0,100.0,4.0,90,0.044444444444444446,1.0,log10 per day
windels,nutrient_0.95,amikacin,50.0,ug/mL,1.0,10.0,2.0,7,0.2857142857142857,1.0,log10 per day
windels,nutrient_0.95,amikacin,50.0,ug/mL,1.0,10.0,2.0,14,0.14285714285714285,1.0,log10 per day
windels,nutrient_0.95,amikacin,50.0,ug/mL,1.0,10.0,2.0,30,0.06666666666666667,1.0,log10 per day
windels,nutrient_0.95,amikacin,50.0,ug/mL,1.0,10.0,2.0,60,0.03333333333333333,1.0,log10 per day
windels,nutrient_0.95,amikacin,50.0,ug/mL,1.0,10.0,2.0,90,0.022222222222222223,1.0,log10 per day
windels,nutrient_0.95,amikacin,50.0,ug/mL,10.0,10.0,3.0,7,0.42857142857142855,1.0,log10 per day
windels,nutrient_0.95,amikacin,50.0,ug/mL,10.0,10.0,3.0,14,0.21428571428571427,1.0,log10 per day
windels,nutrient_0.95,amikacin,50.0,ug/mL,10.0,10.0,3.0,30,0.1,1.0,log10 per day
windels,nutrient_0.95,amikacin,50.0,ug/mL,10.0,10.0,3.0,60,0.05,1.0,log10 per day
windels,nutrient_0.95,amikacin,50.0,ug/mL,10.0,10.0,3.0,90,0.03333333333333333,1.0,log10 per day
windels,nutrient_0.95,amikacin,50.0,ug/mL,100.0,10.0,4.0,7,0.5714285714285714,1.0,log10 per day
windels,nutrient_0.95,amikacin,50.0,ug/mL,100.0,10.0,4.0,14,0.2857142857142857,1.0,log10 per day
windels,nutrient_0.95,amikacin,50.0,ug/mL,100.0,10.0,4.0,30,0.13333333333333333,1.0,log10 per day
windels,nutrient_0.95,amikacin,50.0,ug/mL,100.0,10.0,4.0,60,0.06666666666666667,1.0,log10 per day
windels,nutrient_0.95,amikacin,50.0,ug/mL,100.0,10.0,4.0,90,0.044444444444444446,1.0,log10 per day
windels,nutrient_0.95,amikacin,50.0,ug/mL,1000.0,10.0,5.0,7,0.7142857142857143,1.0,log10 per day
windels,nutrient_0.95,amikacin,50.0,ug/mL,1000.0,10.0,5.0,14,0.35714285714285715,1.0,log10 per day
windels,nutrient_0.95,amikacin,50.0,ug/mL,1000.0,10.0,5.0,30,0.16666666666666666,1.0,log10 per day
windels,nutrient_0.95,amikacin,50.0,ug/mL,1000.0,10.0,5.0,60,0.08333333333333333,1.0,log10 per day
windels,nutrient_0.95,amikacin,50.0,ug/mL,1000.0,10.0,5.0,90,0.05555555555555555,1.0,log10 per day
windels,nutrient_0.95,amikacin,50.0,ug/mL,1.0,2.5,2.6020599913279625,7,0.3717228559039946,1.0,log10 per day
windels,nutrient_0.95,amikacin,50.0,ug/mL,1.0,2.5,2.6020599913279625,14,0.1858614279519973,1.0,log10 per day
windels,nutrient_0.95,amikacin,50.0,ug/mL,1.0,2.5,2.6020599913279625,30,0.08673533304426542,1.0,log10 per day
windels,nutrient_0.95,amikacin,50.0,ug/mL,1.0,2.5,2.6020599913279625,60,0.04336766652213271,1.0,log10 per day
windels,nutrient_0.95,amikacin,50.0,ug/mL,1.0,2.5,2.6020599913279625,90,0.028911777681421804,1.0,log10 per day
windels,nutrient_0.95,amikacin,50.0,ug/mL,10.0,2.5,3.6020599913279625,7,0.5145799987611375,1.0,log10 per day
windels,nutrient_0.95,amikacin,50.0,ug/mL,10.0,2.5,3.6020599913279625,14,0.25728999938056873,1.0,log10 per day
windels,nutrient_0.95,amikacin,50.0,ug/mL,10.0,2.5,3.6020599913279625,30,0.12006866637759875,1.0,log10 per day
windels,nutrient_0.95,amikacin,50.0,ug/mL,10.0,2.5,3.6020599913279625,60,0.060034333188799374,1.0,log10 per day
windels,nutrient_0.95,amikacin,50.0,ug/mL,10.0,2.5,3.6020599913279625,90,0.040022888792532914,1.0,log10 per day
windels,nutrient_0.95,amikacin,50.0,ug/mL,100.0,2.5,4.6020599913279625,7,0.6574371416182804,1.0,log10 per day
windels,nutrient_0.95,amikacin,50.0,ug/mL,100.0,2.5,4.6020599913279625,14,0.3287185708091402,1.0,log10 per day
windels,nutrient_0.95,amikacin,50.0,ug/mL,100.0,2.5,4.6020599913279625,30,0.15340199971093207,1.0,log10 per day
windels,nutrient_0.95,amikacin,50.0,ug/mL,100.0,2.5,4.6020599913279625,60,0.07670099985546604,1.0,log10 per day
windels,nutrient_0.95,amikacin,50.0,ug/mL,100.0,2.5,4.6020599913279625,90,0.05113399990364403,1.0,log10 per day
windels,nutrient_0.95,amikacin,50.0,ug/mL,1000.0,2.5,5.6020599913279625,7,0.8002942844754232,1.0,log10 per day
windels,nutrient_0.95,amikacin,50.0,ug/mL,1000.0,2.5,5.6020599913279625,14,0.4001471422377116,1.0,log10 per day
windels,nutrient_0.95,amikacin,50.0,ug/mL,1000.0,2.5,5.6020599913279625,30,0.18673533304426543,1.0,log10 per day
windels,nutrient_0.95,amikacin,50.0,ug/mL,1000.0,2.5,5.6020599913279625,60,0.09336766652213271,1.0,log10 per day
windels,nutrient_0.95,amikacin,50.0,ug/mL,1000.0,2.5,5.6020599913279625,90,0.06224511101475514,1.0,log10 per day
windels,nutrient_0.95,amikacin,100.0,ug/mL,1.0,100.0,1.0,7,0.14285714285714285,1.0,log10 per day
windels,nutrient_0.95,amikacin,100.0,ug/mL,1.0,100.0,1.0,14,0.07142857142857142,1.0,log10 per day
windels,nutrient_0.95,amikacin,100.0,ug/mL,1.0,100.0,1.0,30,0.03333333333333333,1.0,log10 per day
windels,nutrient_0.95,amikacin,100.0,ug/mL,1.0,100.0,1.0,60,0.016666666666666666,1.0,log10 per day
windels,nutrient_0.95,amikacin,100.0,ug/mL,1.0,100.0,1.0,90,0.011111111111111112,1.0,log10 per day
windels,nutrient_0.95,amikacin,100.0,ug/mL,10.0,100.0,2.0,7,0.2857142857142857,1.0,log10 per day
windels,nutrient_0.95,amikacin,100.0,ug/mL,10.0,100.0,2.0,14,0.14285714285714285,1.0,log10 per day
windels,nutrient_0.95,amikacin,100.0,ug/mL,10.0,100.0,2.0,30,0.06666666666666667,1.0,log10 per day
windels,nutrient_0.95,amikacin,100.0,ug/mL,10.0,100.0,2.0,60,0.03333333333333333,1.0,log10 per day
windels,nutrient_0.95,amikacin,100.0,ug/mL,10.0,100.0,2.0,90,0.022222222222222223,1.0,log10 per day
windels,nutrient_0.95,amikacin,100.0,ug/mL,100.0,100.0,3.0,7,0.42857142857142855,1.0,log10 per day
windels,nutrient_0.95,amikacin,100.0,ug/mL,100.0,100.0,3.0,14,0.21428571428571427,1.0,log10 per day
windels,nutrient_0.95,amikacin,100.0,ug/mL,100.0,100.0,3.0,30,0.1,1.0,log10 per day
windels,nutrient_0.95,amikacin,100.0,ug/mL,100.0,100.0,3.0,60,0.05,1.0,log10 per day
windels,nutrient_0.95,amikacin,100.0,ug/mL,100.0,100.0,3.0,90,0.03333333333333333,1.0,log10 per day
windels,nutrient_0.95,amikacin,100.0,ug/mL,1000.0,100.0,4.0,7,0.5714285714285714,1.0,log10 per day
windels,nutrient_0.95,amikacin,100.0,ug/mL,1000.0,100.0,4.0,14,0.2857142857142857,1.0,log10 per day
windels,nutrient_0.95,amikacin,100.0,ug/mL,1000.0,100.0,4.0,30,0.13333333333333333,1.0,log10 per day
windels,nutrient_0.95,amikacin,100.0,ug/mL,1000.0,100.0,4.0,60,0.06666666666666667,1.0,log10 per day
windels,nutrient_0.95,amikacin,100.0,ug/mL,1000.0,100.0,4.0,90,0.044444444444444446,1.0,log10 per day
windels,nutrient_0.95,amikacin,100.0,ug/mL,1.0,10.0,2.0,7,0.2857142857142857,1.0,log10 per day
windels,nutrient_0.95,amikacin,100.0,ug/mL,1.0,10.0,2.0,14,0.14285714285714285,1.0,log10 per day
windels,nutrient_0.95,amikacin,100.0,ug/mL,1.0,10.0,2.0,30,0.06666666666666667,1.0,log10 per day
windels,nutrient_0.95,amikacin,100.0,ug/mL,1.0,10.0,2.0,60,0.03333333333333333,1.0,log10 per day
windels,nutrient_0.95,amikacin,100.0,ug/mL,1.0,10.0,2.0,90,0.022222222222222223,1.0,log10 per day
windels,nutrient_0.95,amikacin,100.0,ug/mL,10.0,10.0,3.0,7,0.42857142857142855,1.0,log10 per day
windels,nutrient_0.95,amikacin,100.0,ug/mL,10.0,10.0,3.0,14,0.21428571428571427,1.0,log10 per day
windels,nutrient_0.95,amikacin,100.0,ug/mL,10.0,10.0,3.0,30,0.1,1.0,log10 per day
windels,nutrient_0.95,amikacin,100.0,ug/mL,10.0,10.0,3.0,60,0.05,1.0,log10 per day
windels,nutrient_0.95,amikacin,100.0,ug/mL,10.0,10.0,3.0,90,0.03333333333333333,1.0,log10 per day
windels,nutrient_0.95,amikacin,100.0,ug/mL,100.0,10.0,4.0,7,0.5714285714285714,1.0,log10 per day
windels,nutrient_0.95,amikacin,100.0,ug/mL,100.0,10.0,4.0,14,0.2857142857142857,1.0,log10 per day
windels,nutrient_0.95,amikacin,100.0,ug/mL,100.0,10.0,4.0,30,0.13333333333333333,1.0,log10 per day
windels,nutrient_0.95,amikacin,100.0,ug/mL,100.0,10.0,4.0,60,0.06666666666666667,1.0,log10 per day
windels,nutrient_0.95,amikacin,100.0,ug/mL,100.0,10.0,4.0,90,0.044444444444444446,1.0,log10 per day
windels,nutrient_0.95,amikacin,100.0,ug/mL,1000.0,10.0,5.0,7,0.7142857142857143,1.0,log10 per day
windels,nutrient_0.95,amikacin,100.0,ug/mL,1000.0,10.0,5.0,14,0.35714285714285715,1.0,log10 per day
windels,nutrient_0.95,amikacin,100.0,ug/mL,1000.0,10.0,5.0,30,0.16666666666666666,1.0,log10 per day
windels,nutrient_0.95,amikacin,100.0,ug/mL,1000.0,10.0,5.0,60,0.08333333333333333,1.0,log10 per day
windels,nutrient_0.95,amikacin,100.0,ug/mL,1000.0,10.0,5.0,90,0.05555555555555555,1.0,log10 per day
windels,nutrient_0.95,amikacin,100.0,ug/mL,1.0,2.5,2.6020599913279625,7,0.3717228559039946,1.0,log10 per day
windels,nutrient_0.95,amikacin,100.0,ug/mL,1.0,2.5,2.6020599913279625,14,0.1858614279519973,1.0,log10 per day
windels,nutrient_0.95,amikacin,100.0,ug/mL,1.0,2.5,2.6020599913279625,30,0.08673533304426542,1.0,log10 per day
windels,nutrient_0.95,amikacin,100.0,ug/mL,1.0,2.5,2.6020599913279625,60,0.04336766652213271,1.0,log10 per day
windels,nutrient_0.95,amikacin,100.0,ug/mL,1.0,2.5,2.6020599913279625,90,0.028911777681421804,1.0,log10 per day
windels,nutrient_0.95,amikacin,100.0,ug/mL,10.0,2.5,3.6020599913279625,7,0.5145799987611375,1.0,log10 per day
windels,nutrient_0.95,amikacin,100.0,ug/mL,10.0,2.5,3.6020599913279625,14,0.25728999938056873,1.0,log10 per day
windels,nutrient_0.95,amikacin,100.0,ug/mL,10.0,2.5,3.6020599913279625,30,0.12006866637759875,1.0,log10 per day
windels,nutrient_0.95,amikacin,100.0,ug/mL,10.0,2.5,3.6020599913279625,60,0.060034333188799374,1.0,log10 per day
windels,nutrient_0.95,amikacin,100.0,ug/mL,10.0,2.5,3.6020599913279625,90,0.040022888792532914,1.0,log10 per day
windels,nutrient_0.95,amikacin,100.0,ug/mL,100.0,2.5,4.6020599913279625,7,0.6574371416182804,1.0,log10 per day
windels,nutrient_0.95,amikacin,100.0,ug/mL,100.0,2.5,4.6020599913279625,14,0.3287185708091402,1.0,log10 per day
windels,nutrient_0.95,amikacin,100.0,ug/mL,100.0,2.5,4.6020599913279625,30,0.15340199971093207,1.0,log10 per day
windels,nutrient_0.95,amikacin,100.0,ug/mL,100.0,2.5,4.6020599913279625,60,0.07670099985546604,1.0,log10 per day
windels,nutrient_0.95,amikacin,100.0,ug/mL,100.0,2.5,4.6020599913279625,90,0.05113399990364403,1.0,log10 per day
windels,nutrient_0.95,amikacin,100.0,ug/mL,1000.0,2.5,5.6020599913279625,7,0.8002942844754232,1.0,log10 per day
windels,nutrient_0.95,amikacin,100.0,ug/mL,1000.0,2.5,5.6020599913279625,14,0.4001471422377116,1.0,log10 per day
windels,nutrient_0.95,amikacin,100.0,ug/mL,1000.0,2.5,5.6020599913279625,30,0.18673533304426543,1.0,log10 per day
windels,nutrient_0.95,amikacin,100.0,ug/mL,1000.0,2.5,5.6020599913279625,60,0.09336766652213271,1.0,log10 per day
windels,nutrient_0.95,amikacin,100.0,ug/mL,1000.0,2.5,5.6020599913279625,90,0.06224511101475514,1.0,log10 per day
