study_id,series,n_points,start,min,end,fell,rose_again
ALEXANDER2020,[Strep] 0x (col11)|A-col11-1,7,2.8129133566428557,2.3979400086720375,3.255272505103306,False,False
ALEXANDER2020,[Strep] 0x (col11)|A-col11-2,7,2.4771212547196626,2.4771212547196626,3.3891660843645326,False,False
ALEXANDER2020,[Strep] 0x (col11)|A-col11-3,7,2.6532125137753435,2.4771212547196626,3.2671717284030137,False,False
ALEXANDER2020,[Strep] 0x (col11)|A-col11-4,7,2.6532125137753435,2.574031267727719,3.230448921378274,False,False
ALEXANDER2020,[Strep] 0x (col11)|A-col11-5,7,2.5440680443502757,2.5440680443502757,3.255272505103306,False,False
ALEXANDER2020,[Strep] 0x (col11)|A-col11-6,7,2.845098040014257,2.3979400086720375,3.2430380486862944,False,False
ALEXANDER2020,[Strep] 0x (col11)|B-col11-1,4,2.6532125137753435,2.3979400086720375,3.0,False,False
ALEXANDER2020,[Strep] 0x (col11)|B-col11-2,4,2.7403626894942437,2.5440680443502757,3.161368002234975,False,False
ALEXANDER2020,[Strep] 0x (col11)|B-col11-3,4,2.6989700043360187,2.6020599913279625,3.0791812460476247,False,False
ALEXANDER2020,[Strep] 0x (col11)|B-col11-4,4,2.6532125137753435,2.5440680443502757,3.130333768495006,False,False
ALEXANDER2020,[Strep] 0x (col11)|B-col11-5,4,2.7403626894942437,2.6020599913279625,3.041392685158225,False,False
ALEXANDER2020,[Strep] 0x (col11)|B-col11-6,4,2.5440680443502757,2.5440680443502757,2.9777236052888476,False,False
ALEXANDER2020,[Strep] 0x (col2)|A-col2-1,7,2.8129133566428557,2.5440680443502757,3.3869446243705745,False,False
ALEXANDER2020,[Strep] 0x (col2)|A-col2-2,7,2.7403626894942437,2.3979400086720375,3.287241711178348,False,False
ALEXANDER2020,[Strep] 0x (col2)|A-col2-3,7,2.5440680443502757,2.3979400086720375,3.3143939572219625,False,False
ALEXANDER2020,[Strep] 0x (col2)|A-col2-4,7,2.7403626894942437,2.3010299956639813,3.2430380486862944,False,False
ALEXANDER2020,[Strep] 0x (col2)|A-col2-5,7,2.6532125137753435,2.3979400086720375,3.0746336182969043,False,False
ALEXANDER2020,[Strep] 0x (col2)|A-col2-6,7,2.6532125137753435,2.3979400086720375,3.2430380486862944,False,False
ALEXANDER2020,[Strep] 0x (col2)|B-col2-1,4,2.8129133566428557,2.4771212547196626,3.0969100130080562,False,False
ALEXANDER2020,[Strep] 0x (col2)|B-col2-2,4,2.6020599913279625,2.4771212547196626,3.1760912590556813,False,False
ALEXANDER2020,[Strep] 0x (col2)|B-col2-3,4,2.6989700043360187,2.5440680443502757,3.0791812460476247,False,False
ALEXANDER2020,[Strep] 0x (col2)|B-col2-4,4,2.6989700043360187,2.4771212547196626,3.060697840353612,False,False
ALEXANDER2020,[Strep] 0x (col2)|B-col2-5,4,2.4771212547196626,2.4771212547196626,2.9777236052888476,False,False
ALEXANDER2020,[Strep] 0x (col2)|B-col2-6,4,2.7403626894942437,2.4771212547196626,2.9542425094393248,False,False
ALEXANDER2020,[Strep] 1/16x (col8)|A-col8-1,8,2.5440680443502757,2.1760912590556813,3.1760912590556813,False,False
ALEXANDER2020,[Strep] 1/16x (col8)|A-col8-2,8,2.8129133566428557,2.5440680443502757,3.0211892990699383,False,False
ALEXANDER2020,[Strep] 1/16x (col8)|A-col8-3,8,2.6532125137753435,2.4771212547196626,3.0969100130080562,False,False
ALEXANDER2020,[Strep] 1/16x (col8)|A-col8-4,8,2.8129133566428557,2.6020599913279625,2.9777236052888476,False,False
ALEXANDER2020,[Strep] 1/16x (col8)|A-col8-5,8,2.6020599913279625,2.3979400086720375,3.060697840353612,False,False
ALEXANDER2020,[Strep] 1/16x (col8)|A-col8-6,8,2.6989700043360187,2.3010299956639813,3.060697840353612,False,False
ALEXANDER2020,[Strep] 1/32x (col5)|A-col5-1,7,2.5440680443502757,2.3010299956639813,3.278753600952829,False,False
ALEXANDER2020,[Strep] 1/32x (col5)|A-col5-2,7,2.6020599913279625,2.3979400086720375,3.1760912590556813,False,False
ALEXANDER2020,[Strep] 1/32x (col5)|A-col5-3,7,2.7403626894942437,2.4771212547196626,3.161368002234975,False,False
ALEXANDER2020,[Strep] 1/32x (col5)|A-col5-4,7,2.4771212547196626,2.4771212547196626,3.130333768495006,False,False
ALEXANDER2020,[Strep] 1/32x (col5)|A-col5-5,7,2.6532125137753435,2.4771212547196626,3.2041199826559246,False,False
ALEXANDER2020,[Strep] 1/32x (col5)|A-col5-6,7,2.7403626894942437,2.3979400086720375,3.290034611362518,False,False
ALEXANDER2020,[Strep] 1/4x (col8)|B-col8-1,4,2.3979400086720375,2.0,2.0,False,False
ALEXANDER2020,[Strep] 1/4x (col8)|B-col8-2,5,2.3979400086720375,1.6989700043360187,2.1760912590556813,True,False
ALEXANDER2020,[Strep] 1/4x (col8)|B-col8-3,4,2.3010299956639813,2.1760912590556813,2.1760912590556813,False,False
ALEXANDER2020,[Strep] 1/4x (col8)|B-col8-4,4,2.7781512503836434,1.6989700043360187,1.6989700043360187,True,False
ALEXANDER2020,[Strep] 1/4x (col8)|B-col8-5,4,2.7403626894942437,2.0,2.0,True,False
ALEXANDER2020,[Strep] 1/4x (col8)|B-col8-6,4,2.6020599913279625,2.0,2.0,True,False
ALEXANDER2020,[Strep] 1/8x (col5)|B-col5-1,9,2.7403626894942437,1.6989700043360187,2.1760912590556813,True,False
ALEXANDER2020,[Strep] 1/8x (col5)|B-col5-2,9,2.3979400086720375,1.6989700043360187,1.6989700043360187,True,False
ALEXANDER2020,[Strep] 1/8x (col5)|B-col5-3,9,2.5440680443502757,1.6989700043360187,2.3010299956639813,True,True
ALEXANDER2020,[Strep] 1/8x (col5)|B-col5-4,8,2.6020599913279625,2.1760912590556813,2.1760912590556813,False,False
ALEXANDER2020,[Strep] 1/8x (col5)|B-col5-5,9,2.6989700043360187,1.6989700043360187,3.060697840353612,True,True
ALEXANDER2020,[Strep] 1/8x (col5)|B-col5-6,9,2.6989700043360187,1.6989700043360187,2.0,True,False
BIOENERGETIC2025,+ 1% DMSO|rep1,4,6.799340549453582,6.799340549453582,9.6232492903979,False,False
BIOENERGETIC2025,+ 1% DMSO|rep2,4,6.785329835010767,6.785329835010767,9.602059991327963,False,False
BIOENERGETIC2025,+ 1% DMSO|rep3,4,6.7160033436347994,6.7160033436347994,9.602059991327963,False,False
BIOENERGETIC2025,+ 100 μM PA|rep1,4,6.799340549453582,6.799340549453582,9.681241237375588,False,False
BIOENERGETIC2025,+ 100 μM PA|rep2,4,6.785329835010767,6.785329835010767,9.568201724066995,False,False
BIOENERGETIC2025,+ 100 μM PA|rep3,4,6.7160033436347994,6.7160033436347994,9.740362689494244,False,False
BUCHHOLZ2026,GEN (pre-treatment: control)|A,4,7.664328518680805,7.650954757949053,7.650954757949053,False,False
BUCHHOLZ2026,GEN (pre-treatment: control)|B,4,7.6020599913279625,7.6020599913279625,7.664328518680805,False,False
BUCHHOLZ2026,GEN (pre-treatment: control)|C,4,7.664641975556125,7.664641975556125,7.81135154588012,False,False
BUCHHOLZ2026,HYS (pre-treatment: CAR)|A,4,7.622559386389588,7.358569316772763,7.470312467167388,False,False
BUCHHOLZ2026,HYS (pre-treatment: CAR)|B,4,7.715167357848458,7.2576785748691846,7.546953732587763,False,False
BUCHHOLZ2026,HYS (pre-treatment: CAR)|C,4,7.622214022966295,7.376576957056512,7.596963434308581,False,False
BUCHHOLZ2026,Hys | pause 0 min|220704/A,4,8.477121254719663,5.879177829561949,6.140178703180013,True,False
BUCHHOLZ2026,Hys | pause 0 min|220704/B,4,8.418143394752429,5.7569619512919905,5.7569619512919905,True,False
BUCHHOLZ2026,Hys | pause 0 min|220705/C,4,8.385350881440658,6.4336555608928565,7.020203386246212,True,True
BUCHHOLZ2026,Hys | pause 0 min|220705/D,4,8.245982429356552,6.839148707516031,7.154901960116032,True,False
BUCHHOLZ2026,Hys | pause 10 min|220704/A,4,9.039508541189262,6.143163556565768,7.330993219070377,True,True
BUCHHOLZ2026,Hys | pause 10 min|220704/B,4,9.177467787953201,4.853871964330448,6.78837041557543,True,True
BUCHHOLZ2026,Hys | pause 10 min|220705/C,4,8.196294645025525,6.862472136100711,7.349878563183317,True,False
BUCHHOLZ2026,Hys | pause 10 min|220705/D,4,8.268845312259172,7.234083205960985,7.972246931429878,True,True
BUCHHOLZ2026,Hys | pause 20 min|220704/A,4,8.602059991327963,7.385350881440657,7.558594297541157,True,False
BUCHHOLZ2026,Hys | pause 20 min|220704/B,4,8.483960679304255,6.268845312259173,6.834935145166313,True,True
BUCHHOLZ2026,Hys | pause 20 min|220705/C,4,8.418143394752429,7.552841968605666,8.169142399044315,True,True
BUCHHOLZ2026,Hys | pause 20 min|220705/D,4,8.470172394708296,7.12648702514025,7.4336555608928565,True,False
BUCHHOLZ2026,Hys | pause 40 min|220704/A,3,8.503855507902086,8.16491908077156,8.200224938850651,False,False
BUCHHOLZ2026,Hys | pause 40 min|220704/B,3,8.376750709610786,8.08432088559785,8.08432088559785,False,False
BUCHHOLZ2026,Hys | pause 40 min|220705/C,4,8.510289617959543,7.490694061875529,7.726998727909119,True,False
BUCHHOLZ2026,Hys | pause 40 min|220705/D,4,8.575407796567516,7.5808706923123115,8.012234456597968,True,False
BUCHHOLZ2026,Hys | pause 80 min|220704/A,4,8.698970004336019,6.845098040014257,6.845098040014257,True,False
BUCHHOLZ2026,Hys | pause 80 min|220704/B,4,8.596858797600294,6.234083205960985,6.234083205960985,True,False
BUCHHOLZ2026,Hys | pause 80 min|220705/C,4,8.703086570563627,8.190998305227444,9.057991947031974,True,True
BUCHHOLZ2026,Hys | pause 80 min|220705/D,4,8.682102079091722,8.209259622295562,9.349878563183317,False,False
BUCHHOLZ2026,main | pause 0 min|220704/A,4,8.690617929992335,6.7231036840762135,7.541103565362739,True,True
BUCHHOLZ2026,main | pause 0 min|220704/B,4,8.686380877015225,6.823908740966034,7.12648702514025,True,False
BUCHHOLZ2026,main | pause 0 min|220705/C,4,8.655504310573214,8.169142399044315,8.669006780989596,False,False
BUCHHOLZ2026,main | pause 0 min|220705/D,4,8.641568532616356,8.008194478594977,8.221848749703215,True,False
BUCHHOLZ2026,main | pause 10 min|220704/A,4,9.470172394708296,6.225555410666206,7.89262455334026,True,True
BUCHHOLZ2026,main | pause 10 min|220704/B,4,9.410174465016667,6.6020599913279625,8.043268690250578,True,True
BUCHHOLZ2026,main | pause 10 min|220705/C,4,8.690617929992335,8.516629796041101,8.650908558847298,False,False
BUCHHOLZ2026,main | pause 10 min|220705/D,4,8.612279156484398,8.349878563183317,8.410174465016667,False,False
BUCHHOLZ2026,main | pause 20 min|220704/A,4,8.730859148753344,7.89262455334026,7.933053210347672,True,False
BUCHHOLZ2026,main | pause 20 min|220704/B,4,8.954242509439325,8.210535084309521,8.349878563183317,True,False
BUCHHOLZ2026,main | pause 20 min|220705/C,4,8.868112403439174,8.730859148753344,9.826383360087597,False,False
BUCHHOLZ2026,main | pause 20 min|220705/D,4,8.742238694507975,8.664552439527847,8.756961951291991,False,False
BUCHHOLZ2026,main | pause 40 min|220704/A,3,8.617299957899675,8.219359949175223,8.219359949175223,False,False
BUCHHOLZ2026,main | pause 40 min|220704/B,3,8.558594297541157,8.547012425020533,8.547012425020533,False,False
BUCHHOLZ2026,main | pause 40 min|220705/C,4,8.730859148753344,8.516629796041101,8.814501272435168,False,False
BUCHHOLZ2026,main | pause 40 min|220705/D,4,8.73468555663684,8.529039053991273,8.569875307923153,False,False
BUCHHOLZ2026,main | pause 80 min|220704/A,4,8.552841968605666,7.715207203166861,7.715207203166861,True,False
BUCHHOLZ2026,main | pause 80 min|220704/B,4,8.650908558847298,8.056178606177875,8.056178606177875,True,False
BUCHHOLZ2026,main | pause 80 min|220705/C,4,8.767685816694886,8.331957247221078,8.905667409900312,False,False
BUCHHOLZ2026,main | pause 80 min|220705/D,4,8.711204460765094,8.49732464082769,9.321233381702916,False,False
BUCHHOLZ2026,ndc | pause 0 min|220704/A,4,8.402056574899646,8.402056574899646,10.004116566184589,False,False
BUCHHOLZ2026,ndc | pause 0 min|220704/B,4,8.552841968605666,8.552841968605666,9.82699981790298,False,False
BUCHHOLZ2026,no pre-treatment | main GEN 0.5 mg/L | xMIC1 0 / xMIC2 1|HYS52/rep2,8,7.481442628502305,7.250420002308894,7.4031205211758175,False,False
BUCHHOLZ2026,no pre-treatment | main GEN 0.5 mg/L | xMIC1 0 / xMIC2 1|HYS53/rep3,8,7.113943352306837,7.113943352306837,7.313867220369153,False,False
BUCHHOLZ2026,no pre-treatment | main GEN 0.5 mg/L | xMIC1 0 / xMIC2 1|HYS55/rep2,16,7.3404441148401185,7.071882007306125,7.903089986991944,False,False
BUCHHOLZ2026,no pre-treatment | main GEN 0.5 mg/L | xMIC1 0 / xMIC2 1|HYS62/rep5,8,7.502427119984433,7.250420002308894,7.949390006644912,False,False
BUCHHOLZ2026,no pre-treatment | main GEN 0.5 mg/L | xMIC1 0 / xMIC2 1|HYS63/rep4,16,7.1303337684950066,6.872156272748293,7.481442628502305,False,False
BUCHHOLZ2026,no pre-treatment | main GEN 0.5 mg/L | xMIC1 0 / xMIC2 1|HYS64/rep5,16,7.41161970596323,7.037426497940624,7.271841606536499,False,False
BUCHHOLZ2026,no pre-treatment | main GEN 0.5 mg/L | xMIC1 0 / xMIC2 1|HYSR51/repR1,8,7.276461804173244,7.056904851336473,7.209515014542631,False,False
BUCHHOLZ2026,no pre-treatment | main GEN 0.5 mg/L | xMIC1 0 / xMIC2 1|HYSR54/repR1,16,7.285557309007774,7.27415784926368,7.748188027006201,False,False
BUCHHOLZ2026,no pre-treatment | main GEN 0.5 mg/L | xMIC1 0 / xMIC2 1|HYSR56/repR3,16,7.41161970596323,5.7363965022766426,6.631443769013172,True,True
BUCHHOLZ2026,no pre-treatment | main GEN 0.5 mg/L | xMIC1 0 / xMIC2 1|HYSR61/repR4,8,7.444044795918076,7.201397124320452,7.595496221825574,False,False
BUCHHOLZ2026,no pre-treatment | main GEN 1 mg/L | xMIC1 0 / xMIC2 1|HYS48/rep2,16,7.4065401804339555,6.6674529528899535,6.6674529528899535,True,False
BUCHHOLZ2026,no pre-treatment | main GEN 1 mg/L | xMIC1 0 / xMIC2 1|HYS49/rep3,16,7.230448921378274,6.633468455579586,6.672097857935717,True,False
BUCHHOLZ2026,no pre-treatment | main GEN 1 mg/L | xMIC1 0 / xMIC2 1|HYS52/rep2,8,7.363611979892144,7.363611979892144,7.949390006644912,False,False
BUCHHOLZ2026,no pre-treatment | main GEN 1 mg/L | xMIC1 0 / xMIC2 1|HYS53/rep3,8,7.012837224705172,7.012837224705172,7.071882007306125,False,False
BUCHHOLZ2026,no pre-treatment | main GEN 1 mg/L | xMIC1 0 / xMIC2 1|HYS55/rep2,4,7.350248018334163,7.346352974450639,7.860338006570994,False,False
BUCHHOLZ2026,no pre-treatment | main GEN 1 mg/L | xMIC1 0 / xMIC2 1|HYS57/rep1,3,7.212187604403958,7.212187604403958,8.687528961214634,False,False
BUCHHOLZ2026,no pre-treatment | main GEN 1 mg/L | xMIC1 0 / xMIC2 1|HYS58/rep2,4,7.474216264076255,7.146128035678238,7.146128035678238,False,False
BUCHHOLZ2026,no pre-treatment | main GEN 1 mg/L | xMIC1 0 / xMIC2 1|HYS60/rep4,4,7.283301228703549,7.283301228703549,8.004321373782643,False,False
BUCHHOLZ2026,no pre-treatment | main GEN 1 mg/L | xMIC1 0 / xMIC2 1|HYS60/rep5,4,7.05307844348342,7.05307844348342,8.806858029518818,False,False
BUCHHOLZ2026,no pre-treatment | main GEN 1 mg/L | xMIC1 0 / xMIC2 1|HYS62/rep5,8,7.190331698170292,7.190331698170292,7.782472624166286,False,False
BUCHHOLZ2026,no pre-treatment | main GEN 1 mg/L | xMIC1 0 / xMIC2 1|HYS63/rep4,4,7.201397124320452,7.201397124320452,8.217483944213907,False,False
BUCHHOLZ2026,no pre-treatment | main GEN 1 mg/L | xMIC1 0 / xMIC2 1|HYS64/rep5,4,7.344392273685111,7.344392273685111,7.99563519459755,False,False
BUCHHOLZ2026,no pre-treatment | main GEN 1 mg/L | xMIC1 0 / xMIC2 1|HYSR47.1/repR1.1,16,7.330413773349191,7.021189299069938,7.217483944213907,False,False
BUCHHOLZ2026,no pre-treatment | main GEN 1 mg/L | xMIC1 0 / xMIC2 1|HYSR51/repR1,8,7.2576785748691846,6.9344984512435675,7.453318340047038,False,False
BUCHHOLZ2026,no pre-treatment | main GEN 1 mg/L | xMIC1 0 / xMIC2 1|HYSR54/repR1,4,7.330413773349191,7.330413773349191,7.451786435524291,False,False
BUCHHOLZ2026,no pre-treatment | main GEN 1 mg/L | xMIC1 0 / xMIC2 1|HYSR56/repR3,4,7.477121254719663,7.328379603438738,7.552668216112194,False,False
BUCHHOLZ2026,no pre-treatment | main GEN 1 mg/L | xMIC1 0 / xMIC2 1|HYSR59/repR3,4,7.4623979978989565,7.4623979978989565,7.975431808509263,False,False
BUCHHOLZ2026,no pre-treatment | main GEN 1 mg/L | xMIC1 0 / xMIC2 1|HYSR61/repR4,8,7.352182518111363,7.330413773349191,7.939019776448666,False,False
BUCHHOLZ2026,no pre-treatment | main GEN 1.5 mg/L | xMIC1 0 / xMIC2 1|HYS48/rep2,3,7.468347330412158,7.468347330412158,7.799340549453582,False,False
BUCHHOLZ2026,no pre-treatment | main GEN 1.5 mg/L | xMIC1 0 / xMIC2 1|HYS49/rep3,4,7.495544337546448,7.3560258571931225,7.469822015978163,False,False
BUCHHOLZ2026,no pre-treatment | main GEN 1.5 mg/L | xMIC1 0 / xMIC2 1|HYS52/rep2,4,7.354108439147401,7.086359830674748,7.204119982655925,False,False
BUCHHOLZ2026,no pre-treatment | main GEN 1.5 mg/L | xMIC1 0 / xMIC2 1|HYS53/rep3,4,7.247973266361806,6.561101383649056,6.561101383649056,True,False
BUCHHOLZ2026,no pre-treatment | main GEN 1.5 mg/L | xMIC1 0 / xMIC2 1|HYS55/rep2,4,7.44870631990508,6.795880017344075,6.795880017344075,True,False
BUCHHOLZ2026,no pre-treatment | main GEN 1.5 mg/L | xMIC1 0 / xMIC2 1|HYS57/rep1,8,7.2552725051033065,7.2552725051033065,7.502427119984433,False,False
BUCHHOLZ2026,no pre-treatment | main GEN 1.5 mg/L | xMIC1 0 / xMIC2 1|HYS58/rep2,8,7.459392487759231,5.603144372620182,5.603144372620182,True,False
BUCHHOLZ2026,no pre-treatment | main GEN 1.5 mg/L | xMIC1 0 / xMIC2 1|HYS60/rep4,8,7.079181246047625,7.079181246047625,7.093421685162235,False,False
BUCHHOLZ2026,no pre-treatment | main GEN 1.5 mg/L | xMIC1 0 / xMIC2 1|HYS60/rep5,8,7.064457989226918,6.535294120042771,6.703291378118661,True,False
BUCHHOLZ2026,no pre-treatment | main GEN 1.5 mg/L | xMIC1 0 / xMIC2 1|HYS62/rep5,4,7.336459733848529,7.056904851336473,7.886490725172482,False,False
BUCHHOLZ2026,no pre-treatment | main GEN 1.5 mg/L | xMIC1 0 / xMIC2 1|HYS63/rep4,4,7.271841606536499,7.271841606536499,7.720159303405957,False,False
BUCHHOLZ2026,no pre-treatment | main GEN 1.5 mg/L | xMIC1 0 / xMIC2 1|HYS64/rep5,4,7.357934847000454,7.357934847000454,7.518513939877887,False,False
BUCHHOLZ2026,no pre-treatment | main GEN 1.5 mg/L | xMIC1 0 / xMIC2 1|HYSR47.1/repR1.1,4,7.139879086401237,6.423245873936808,6.423245873936808,True,False
BUCHHOLZ2026,no pre-treatment | main GEN 1.5 mg/L | xMIC1 0 / xMIC2 1|HYSR51/repR1,4,7.271841606536499,6.6344772701607315,6.6344772701607315,True,False
BUCHHOLZ2026,no pre-treatment | main GEN 1.5 mg/L | xMIC1 0 / xMIC2 1|HYSR54/repR1,4,7.250420002308894,7.060697840353612,7.060697840353612,False,False
BUCHHOLZ2026,no pre-treatment | main GEN 1.5 mg/L | xMIC1 0 / xMIC2 1|HYSR56/repR3,4,7.359835482339888,6.6739419986340875,6.6739419986340875,True,False
BUCHHOLZ2026,no pre-treatment | main GEN 1.5 mg/L | xMIC1 0 / xMIC2 1|HYSR59/repR3,8,7.559906625036112,6.678518379040114,6.956648579205203,True,False
BUCHHOLZ2026,no pre-treatment | main GEN 1.5 mg/L | xMIC1 0 / xMIC2 1|HYSR61/repR4,4,7.474216264076255,7.474216264076255,7.633468455579586,False,False
BUCHHOLZ2026,no pre-treatment | main GEN 2 mg/L | xMIC1 0 / xMIC2 1|HYS48/rep2,4,7.3560258571931225,6.60959440922522,6.845098040014257,True,False
BUCHHOLZ2026,no pre-treatment | main GEN 2 mg/L | xMIC1 0 / xMIC2 1|HYS49/rep3,4,7.307496037913213,5.911157608739977,6.531478917042255,True,True
BUCHHOLZ2026,no pre-treatment | main GEN 2 mg/L | xMIC1 0 / xMIC2 1|HYSR47.1/repR1.1,4,7.4361626470407565,6.232996110392154,6.232996110392154,True,False
BUCHHOLZ2026,no pre-treatment | main car 100 mg/L | panel C|1,4,7.832508912706237,6.8750612633917,6.8750612633917,True,False
BUCHHOLZ2026,no pre-treatment | main car 50 mg/L | panel C|1,4,7.832508912706237,7.278753600952829,7.397070549959409,True,False
BUCHHOLZ2026,no pre-treatment | main car 50 mg/L | set 3 / id 0|03.07.25/rep1,4,7.853698211776174,7.4878451201114355,7.4878451201114355,False,False
BUCHHOLZ2026,no pre-treatment | main car 50 mg/L | set 3 / id 0|05.07.25/rep2,4,7.698970004336019,7.698970004336019,8.317018101048111,False,False
BUCHHOLZ2026,no pre-treatment | main car 50 mg/L | set 3 / id 0|10.07.25/rep3,4,7.767685816694886,7.767685816694886,8.384711742938283,False,False
BUCHHOLZ2026,no pre-treatment | main ctz 2 mg/L | panel I|1,4,7.442479769064448,6.737192642704737,7.1702617153949575,True,False
BUCHHOLZ2026,no pre-treatment | main ctz 4 mg/L | panel I|1,4,7.408239965311849,6.870403905279027,7.481442628502305,True,True
BUCHHOLZ2026,no pre-treatment | main gen 1 mg/L | 0% pae / 100% cpxs|1,4,7.681241237375588,7.681241237375588,8.86569605991607,False,False
BUCHHOLZ2026,no pre-treatment | main gen 1 mg/L | 1% pae / 99% cpxs|1,4,7.681241237375588,7.681241237375588,8.890421018800915,False,False
BUCHHOLZ2026,no pre-treatment | main gen 1 mg/L | 10% pae / 90% cpxs|1,4,7.6020599913279625,7.6020599913279625,8.926856708949693,False,False
BUCHHOLZ2026,no pre-treatment | main gen 1 mg/L | 100% pae / 0% cpxs|1,4,7.681241237375588,7.681241237375588,8.51587384371168,False,False
BUCHHOLZ2026,no pre-treatment | main gen 1 mg/L | 50% pae / 50% cpxs|1,4,7.662757831681574,7.662757831681574,8.758911892397974,False,False
BUCHHOLZ2026,no pre-treatment | main gen 1 mg/L | 90% pae / 10% cpxs|1,4,7.7160033436347994,7.7160033436347994,8.48000694295715,False,False
BUCHHOLZ2026,no pre-treatment | main gen 1 mg/L | 99% pae / 1% cpxs|1,4,7.838849090737256,7.838849090737256,8.563481085394411,False,False
BUCHHOLZ2026,no pre-treatment | main gen 1 mg/L | CAM -> no drug -> GEN|1,4,7.724275869600789,7.3404441148401185,7.594392550375427,False,False
BUCHHOLZ2026,no pre-treatment | main gen 1 mg/L | CAM -> no drug -> GEN|2,4,7.633468455579586,7.2576785748691846,7.513217600067939,False,False
BUCHHOLZ2026,no pre-treatment | main gen 1 mg/L | CAM -> no drug -> GEN|3,4,7.799340549453582,7.352182518111363,7.4031205211758175,False,False
BUCHHOLZ2026,no pre-treatment | main gen 1 mg/L | CCCP -> no drug -> GEN|1,3,7.451786435524291,6.17897694729317,6.17897694729317,True,False
BUCHHOLZ2026,no pre-treatment | main gen 1 mg/L | CCCP -> no drug -> GEN|2,3,7.469822015978163,6.354108439147401,6.354108439147401,True,False
BUCHHOLZ2026,no pre-treatment | main gen 1 mg/L | CCCP -> no drug -> GEN|3,3,7.513217600067939,6.332438459915605,6.332438459915605,True,False
BUCHHOLZ2026,no pre-treatment | main gen 1 mg/L | DMSO -> no drug -> GEN|1,3,7.603144372620182,7.4281347940287885,7.4281347940287885,False,False
BUCHHOLZ2026,no pre-treatment | main gen 1 mg/L | DMSO -> no drug -> GEN|2,3,7.66086547800387,7.196820734713271,7.196820734713271,False,False
BUCHHOLZ2026,no pre-treatment | main gen 1 mg/L | DMSO -> no drug -> GEN|3,3,7.595496221825574,7.595496221825574,8.565847818673518,False,False
BUCHHOLZ2026,no pre-treatment | main gen 1 mg/L | HS -> no drug -> GEN|2,3,7.589949601325708,4.225309281725863,4.225309281725863,True,False
BUCHHOLZ2026,no pre-treatment | main gen 1 mg/L | HS -> no drug -> GEN|3,6,7.1003705451175625,3.9542425094393248,4.113943352306837,True,False
BUCHHOLZ2026,no pre-treatment | main gen 1 mg/L | no HS -> no drug -> GEN|1,6,7.732393759822968,6.505149978319906,6.505149978319906,True,False
BUCHHOLZ2026,no pre-treatment | main gen 1 mg/L | no HS -> no drug -> GEN|2,3,7.718501688867274,6.897627091290442,6.897627091290442,True,False
BUCHHOLZ2026,no pre-treatment | main gen 1 mg/L | no drug -> GEN|1,4,7.690196080028514,7.690196080028514,7.784260582566084,False,False
BUCHHOLZ2026,no pre-treatment | main gen 1 mg/L | no drug -> GEN|2,4,7.799340549453582,7.657533887557986,7.657533887557986,False,False
BUCHHOLZ2026,no pre-treatment | main gen 1 mg/L | no drug -> GEN|3,4,7.763427993562937,7.731185707634,7.731185707634,False,False
BUCHHOLZ2026,no pre-treatment | main gen 1 mg/L | panel A|1,4,7.5276299008713385,6.382017042574868,6.382017042574868,True,False
BUCHHOLZ2026,no pre-treatment | main gen 1 mg/L | panel B|1,4,7.707570176097937,7.707570176097937,7.7160033436347994,False,False
BUCHHOLZ2026,no pre-treatment | main gen 1 mg/L | panel D|1,4,7.176091259055681,5.763427993562937,5.763427993562937,True,False
BUCHHOLZ2026,no pre-treatment | main gen 1 mg/L | panel F|1,4,7.432969290874405,6.220108088040055,6.220108088040055,True,False
BUCHHOLZ2026,no pre-treatment | main gen 1 mg/L | panel H|1,4,7.371067862271736,5.732393759822968,5.732393759822968,True,False
BUCHHOLZ2026,no pre-treatment | main gen 1 mg/L | pre-treatment for 0 min|1,4,8.03342375548695,8.03342375548695,8.55509444857832,False,False
BUCHHOLZ2026,no pre-treatment | main gen 1 mg/L | pre-treatment for 0 min|2,4,7.886490725172482,7.886490725172482,8.779596491257825,False,False
BUCHHOLZ2026,no pre-treatment | main gen 1 mg/L | pre-treatment for 0 min|3,4,7.897627091290442,7.897627091290442,8.546542663478132,False,False
BUCHHOLZ2026,no pre-treatment | main gen 1 mg/L | set 1 / id 0|03.07.25/rep1,4,7.506505032404872,7.084576277934331,7.698970004336019,False,False
BUCHHOLZ2026,no pre-treatment | main gen 1 mg/L | set 1 / id 0|05.07.25/rep2,4,7.544068044350276,6.895146189375992,6.895146189375992,True,False
BUCHHOLZ2026,no pre-treatment | main gen 1 mg/L | set 1 / id 0|10.07.25/rep3,4,7.80811447379004,7.80811447379004,7.896526217489555,False,False
BUCHHOLZ2026,no pre-treatment | main gen 1 mg/L | set 1 / id 0|24.06.25/rep4,4,7.853871964330448,7.853698211776174,7.853698211776174,False,False
BUCHHOLZ2026,no pre-treatment | main gen 1 mg/L | set 2 / id 0|03.07.25/rep1,4,7.552668216112194,7.552668216112194,7.6020599913279625,False,False
BUCHHOLZ2026,no pre-treatment | main gen 1 mg/L | set 2 / id 0|05.07.25/rep2,4,7.705130313004136,6.617524534886292,7.285557309007774,True,True
BUCHHOLZ2026,no pre-treatment | main gen 1 mg/L | set 2 / id 0|10.07.25/rep3,4,7.80811447379004,7.569958818096594,7.569958818096594,False,False
BUCHHOLZ2026,no pre-treatment | main gen 1 mg/L | set 2 / id 0|24.06.25/rep4,4,7.6320232147343585,7.6320232147343585,8.686189234244024,False,False
BUCHHOLZ2026,no pre-treatment | main gen 2 mg/L | panel A|1,4,7.66838591669,4.20002926655377,4.20002926655377,True,False
BUCHHOLZ2026,no pre-treatment | main gen 2 mg/L | panel B|1,4,7.653212513775344,3.785329835010767,3.785329835010767,True,False
BUCHHOLZ2026,no pre-treatment | main gen 2 mg/L | panel D|1,4,7.676693609624866,4.781755374652469,4.781755374652469,True,False
BUCHHOLZ2026,no pre-treatment | main gen 2 mg/L | panel F|1,4,7.4361626470407565,3.230448921378274,3.5403294747908736,True,False
BUCHHOLZ2026,no pre-treatment | main gen 2 mg/L | panel H|1,4,7.60959440922522,3.423245873936808,3.59659709562646,True,False
BUCHHOLZ2026,no pre-treatment | main mer 0.1 mg/L | panel G|1,4,7.61066016308988,6.643452676486188,6.643452676486188,True,False
BUCHHOLZ2026,no pre-treatment | main mer 0.2 mg/L | panel G|1,4,7.628388930050312,5.8061799739838875,5.8061799739838875,True,False
BUCHHOLZ2026,no pre-treatment | main pit 16 mg/L | panel E|1,4,7.421603926869831,7.174641192660449,7.320146286111054,False,False
BUCHHOLZ2026,no pre-treatment | main pit 8 mg/L | panel E|1,4,7.5276299008713385,6.698970004336019,6.698970004336019,True,False
BUCHHOLZ2026,no pre-treatment | no main treatment | set 1 / id ndc|03.07.25/rep1,4,7.756636108245848,7.756636108245848,8.968249394107918,False,False
BUCHHOLZ2026,no pre-treatment | no main treatment | set 1 / id ndc|05.07.25/rep2,4,7.466655821105053,7.466655821105053,9.807873132003332,False,False
BUCHHOLZ2026,no pre-treatment | no main treatment | set 1 / id ndc|10.07.25/rep3,4,7.535113201751636,7.535113201751636,9.602059991327963,False,False
BUCHHOLZ2026,pre BnOH | main Gentamicin|A,8,5.835690571492425,2.8095597146352675,2.8095597146352675,True,False
BUCHHOLZ2026,pre BnOH | main Gentamicin|B,8,5.778151250383644,2.0969100130080562,2.0969100130080562,True,False
BUCHHOLZ2026,pre BnOH | main Gentamicin|C,8,6.252853030979893,2.0211892990699383,2.0211892990699383,True,False
BUCHHOLZ2026,pre CAR 100 mg/L | main GEN 1.5 mg/L | xMIC1 0.5 / xMIC2 1|HYS48/rep2,4,7.173186268412274,6.863322860120456,7.155336037465061,False,False
BUCHHOLZ2026,pre CAR 100 mg/L | main GEN 1.5 mg/L | xMIC1 0.5 / xMIC2 1|HYS49/rep3,4,7.14921911265538,6.585460729508501,6.603144372620182,True,False
BUCHHOLZ2026,pre CAR 100 mg/L | main GEN 1.5 mg/L | xMIC1 0.5 / xMIC2 1|HYS52/rep2,4,6.788875115775417,6.788875115775417,6.963787827345556,False,False
BUCHHOLZ2026,pre CAR 100 mg/L | main GEN 1.5 mg/L | xMIC1 0.5 / xMIC2 1|HYS53/rep3,4,7.045322978786658,6.012837224705172,6.012837224705172,True,False
BUCHHOLZ2026,pre CAR 100 mg/L | main GEN 1.5 mg/L | xMIC1 0.5 / xMIC2 1|HYS55/rep2,4,7.195899652409234,6.382017042574868,6.595496221825574,True,False
BUCHHOLZ2026,pre CAR 100 mg/L | main GEN 1.5 mg/L | xMIC1 0.5 / xMIC2 1|HYS57/rep1,8,6.942008053022313,6.835690571492425,6.835690571492425,False,False
BUCHHOLZ2026,pre CAR 100 mg/L | main GEN 1.5 mg/L | xMIC1 0.5 / xMIC2 1|HYS58/rep2,8,7.204119982655925,5.725911632295048,6.08278537031645,True,False
BUCHHOLZ2026,pre CAR 100 mg/L | main GEN 1.5 mg/L | xMIC1 0.5 / xMIC2 1|HYS60/rep4,8,6.550228353055094,6.372912002970106,6.963787827345556,False,False
BUCHHOLZ2026,pre CAR 100 mg/L | main GEN 1.5 mg/L | xMIC1 0.5 / xMIC2 1|HYS60/rep5,8,6.866287339084195,6.123851640967086,6.123851640967086,True,False
BUCHHOLZ2026,pre CAR 100 mg/L | main GEN 1.5 mg/L | xMIC1 0.5 / xMIC2 1|HYS62/rep5,4,7.309630167425898,7.08278537031645,7.08278537031645,False,False
BUCHHOLZ2026,pre CAR 100 mg/L | main GEN 1.5 mg/L | xMIC1 0.5 / xMIC2 1|HYS63/rep4,4,7.139879086401237,6.717670503002262,6.717670503002262,False,False
BUCHHOLZ2026,pre CAR 100 mg/L | main GEN 1.5 mg/L | xMIC1 0.5 / xMIC2 1|HYS64/rep5,4,7.1303337684950066,7.103803720955957,7.474216264076255,False,False
BUCHHOLZ2026,pre CAR 100 mg/L | main GEN 1.5 mg/L | xMIC1 0.5 / xMIC2 1|HYSR47.1/repR1.1,4,6.897627091290442,6.1303337684950066,6.1303337684950066,True,False
BUCHHOLZ2026,pre CAR 100 mg/L | main GEN 1.5 mg/L | xMIC1 0.5 / xMIC2 1|HYSR51/repR1,4,6.982271233039568,5.788875115775417,5.788875115775417,True,False
BUCHHOLZ2026,pre CAR 100 mg/L | main GEN 1.5 mg/L | xMIC1 0.5 / xMIC2 1|HYSR54/repR1,4,6.919078092376074,6.790285164033242,6.790285164033242,False,False
BUCHHOLZ2026,pre CAR 100 mg/L | main GEN 1.5 mg/L | xMIC1 0.5 / xMIC2 1|HYSR56/repR3,4,7.187520720836463,5.201397124320452,5.201397124320452,True,False
BUCHHOLZ2026,pre CAR 100 mg/L | main GEN 1.5 mg/L | xMIC1 0.5 / xMIC2 1|HYSR59/repR3,8,7.230448921378274,7.021189299069938,7.155336037465061,False,False
BUCHHOLZ2026,pre CAR 100 mg/L | main GEN 1.5 mg/L | xMIC1 0.5 / xMIC2 1|HYSR61/repR4,4,7.3404441148401185,6.690196080028514,6.690196080028514,True,False
BUCHHOLZ2026,pre CAR 100 mg/L | main GEN 2 mg/L | xMIC1 0.5 / xMIC2 1|HYS48/rep2,4,7.181843587944773,6.049218022670182,6.049218022670182,True,False
BUCHHOLZ2026,pre CAR 100 mg/L | main GEN 2 mg/L | xMIC1 0.5 / xMIC2 1|HYS49/rep3,4,7.209515014542631,6.103803720955957,6.103803720955957,True,False
BUCHHOLZ2026,pre CAR 100 mg/L | main GEN 2 mg/L | xMIC1 0.5 / xMIC2 1|HYSR47.1/repR1.1,4,7.068185861746161,4.7363965022766426,5.02530586526477,True,False
BUCHHOLZ2026,pre CAR 12.5 mg/L | main GEN 0.5 mg/L | xMIC1 0.25 / xMIC2 1|HYS52/rep2,8,7.086359830674748,5.586587304671755,5.6344772701607315,True,False
BUCHHOLZ2026,pre CAR 12.5 mg/L | main GEN 0.5 mg/L | xMIC1 0.25 / xMIC2 1|HYS53/rep3,8,6.911157608739977,6.328379603438738,6.507855871695831,True,False
BUCHHOLZ2026,pre CAR 12.5 mg/L | main GEN 0.5 mg/L | xMIC1 0.25 / xMIC2 1|HYS55/rep2,16,7.113943352306837,6.513217600067939,7.096910013008056,True,True
BUCHHOLZ2026,pre CAR 12.5 mg/L | main GEN 0.5 mg/L | xMIC1 0.25 / xMIC2 1|HYS62/rep5,8,7.230448921378274,6.790988475088816,6.913813852383717,False,False
BUCHHOLZ2026,pre CAR 12.5 mg/L | main GEN 0.5 mg/L | xMIC1 0.25 / xMIC2 1|HYS63/rep4,16,7.093421685162235,6.05307844348342,6.05307844348342,True,False
BUCHHOLZ2026,pre CAR 12.5 mg/L | main GEN 0.5 mg/L | xMIC1 0.25 / xMIC2 1|HYS64/rep5,16,7.238046103128795,5.594392550375427,5.594392550375427,True,False
BUCHHOLZ2026,pre CAR 12.5 mg/L | main GEN 0.5 mg/L | xMIC1 0.25 / xMIC2 1|HYSR51/repR1,8,7.354108439147401,5.332438459915605,5.332438459915605,True,False
BUCHHOLZ2026,pre CAR 12.5 mg/L | main GEN 0.5 mg/L | xMIC1 0.25 / xMIC2 1|HYSR54/repR1,16,7.1303337684950066,6.429752280002408,7.004321373782642,True,True
BUCHHOLZ2026,pre CAR 12.5 mg/L | main GEN 0.5 mg/L | xMIC1 0.25 / xMIC2 1|HYSR56/repR3,16,7.190331698170292,5.450249108319361,6.086359830674748,True,True
BUCHHOLZ2026,pre CAR 12.5 mg/L | main GEN 0.5 mg/L | xMIC1 0.25 / xMIC2 1|HYSR61/repR4,8,7.20682587603185,6.628388930050312,7.380211241711606,True,True
BUCHHOLZ2026,pre CAR 12.5 mg/L | main GEN 1 mg/L | xMIC1 0.25 / xMIC2 1|HYS48/rep2,4,7.348304863048161,6.555094448578319,6.555094448578319,True,False
BUCHHOLZ2026,pre CAR 12.5 mg/L | main GEN 1 mg/L | xMIC1 0.25 / xMIC2 1|HYS49/rep3,4,7.1673173347481764,6.093421685162235,6.093421685162235,True,False
BUCHHOLZ2026,pre CAR 12.5 mg/L | main GEN 1 mg/L | xMIC1 0.25 / xMIC2 1|HYSR47.1/repR1.1,4,6.8061799739838875,6.376576957056512,6.376576957056512,False,False
BUCHHOLZ2026,pre CAR 25 mg/L | main GEN 0.5 mg/L | xMIC1 0.5 / xMIC2 1|HYS52/rep2,8,6.939519252618618,5.603144372620182,5.863322860120456,True,False
BUCHHOLZ2026,pre CAR 25 mg/L | main GEN 0.5 mg/L | xMIC1 0.5 / xMIC2 1|HYS53/rep3,8,6.7363965022766426,4.926856708949693,4.926856708949693,True,False
BUCHHOLZ2026,pre CAR 25 mg/L | main GEN 0.5 mg/L | xMIC1 0.5 / xMIC2 1|HYS55/rep2,16,7.096910013008056,6.230448921378274,6.8779469516291885,True,True
BUCHHOLZ2026,pre CAR 25 mg/L | main GEN 0.5 mg/L | xMIC1 0.5 / xMIC2 1|HYS62/rep5,8,7.225309281725863,6.5843312243675305,6.6414741105041,True,False
BUCHHOLZ2026,pre CAR 25 mg/L | main GEN 0.5 mg/L | xMIC1 0.5 / xMIC2 1|HYS63/rep4,16,6.886490725172482,5.952792443044092,5.952792443044092,True,False
BUCHHOLZ2026,pre CAR 25 mg/L | main GEN 0.5 mg/L | xMIC1 0.5 / xMIC2 1|HYS64/rep5,16,7.209515014542631,5.521138083704036,5.521138083704036,True,False
BUCHHOLZ2026,pre CAR 25 mg/L | main GEN 0.5 mg/L | xMIC1 0.5 / xMIC2 1|HYSR51/repR1,8,6.929418925714293,5.840733234611807,6.089905111439398,True,False
BUCHHOLZ2026,pre CAR 25 mg/L | main GEN 0.5 mg/L | xMIC1 0.5 / xMIC2 1|HYSR54/repR1,16,7.017033339298781,6.136720567156407,6.878521795501206,True,True
BUCHHOLZ2026,pre CAR 25 mg/L | main GEN 0.5 mg/L | xMIC1 0.5 / xMIC2 1|HYSR56/repR3,16,7.110589710299249,4.880813592280791,6.089905111439398,True,True
BUCHHOLZ2026,pre CAR 25 mg/L | main GEN 0.5 mg/L | xMIC1 0.5 / xMIC2 1|HYSR61/repR4,8,7.05307844348342,6.093421685162235,6.9164539485499255,True,True
BUCHHOLZ2026,pre CAR 25 mg/L | main GEN 1 mg/L | xMIC1 0.25 / xMIC2 1|HYS48/rep2,12,7.139879086401237,6.107209969647869,6.107209969647869,True,False
BUCHHOLZ2026,pre CAR 25 mg/L | main GEN 1 mg/L | xMIC1 0.25 / xMIC2 1|HYS49/rep3,12,7.056904851336473,5.748188027006201,6.318063334962762,True,True
BUCHHOLZ2026,pre CAR 25 mg/L | main GEN 1 mg/L | xMIC1 0.25 / xMIC2 1|HYS52/rep2,8,6.99563519459755,6.9344984512435675,7.0,False,False
BUCHHOLZ2026,pre CAR 25 mg/L | main GEN 1 mg/L | xMIC1 0.25 / xMIC2 1|HYS53/rep3,8,6.7283537820212285,5.639486489268586,6.161368002234975,True,True
BUCHHOLZ2026,pre CAR 25 mg/L | main GEN 1 mg/L | xMIC1 0.25 / xMIC2 1|HYS55/rep2,4,6.951823035315912,6.472756449317212,6.523746466811565,False,False
BUCHHOLZ2026,pre CAR 25 mg/L | main GEN 1 mg/L | xMIC1 0.25 / xMIC2 1|HYS57/rep1,4,7.02938377768521,7.02938377768521,7.826074802700826,False,False
BUCHHOLZ2026,pre CAR 25 mg/L | main GEN 1 mg/L | xMIC1 0.25 / xMIC2 1|HYS58/rep2,4,7.217483944213907,5.559906625036112,5.559906625036112,True,False
BUCHHOLZ2026,pre CAR 25 mg/L | main GEN 1 mg/L | xMIC1 0.25 / xMIC2 1|HYS60/rep4,4,6.968482948553935,6.674861140737812,7.1303337684950066,False,False
BUCHHOLZ2026,pre CAR 25 mg/L | main GEN 1 mg/L | xMIC1 0.25 / xMIC2 1|HYS60/rep5,4,6.770852011642144,6.770852011642144,8.164352855784436,False,False
BUCHHOLZ2026,pre CAR 25 mg/L | main GEN 1 mg/L | xMIC1 0.25 / xMIC2 1|HYS62/rep5,8,7.008600171761918,6.892094602690481,7.037426497940624,False,False
BUCHHOLZ2026,pre CAR 25 mg/L | main GEN 1 mg/L | xMIC1 0.25 / xMIC2 1|HYS63/rep4,4,6.8061799739838875,6.8061799739838875,7.12057393120585,False,False
BUCHHOLZ2026,pre CAR 25 mg/L | main GEN 1 mg/L | xMIC1 0.25 / xMIC2 1|HYS64/rep5,4,6.954242509439325,6.742725131304698,6.742725131304698,False,False
BUCHHOLZ2026,pre CAR 25 mg/L | main GEN 1 mg/L | xMIC1 0.25 / xMIC2 1|HYSR47.1/repR1.1,12,6.975431808509263,5.598790506763115,6.071882007306125,True,False
BUCHHOLZ2026,pre CAR 25 mg/L | main GEN 1 mg/L | xMIC1 0.25 / xMIC2 1|HYSR51/repR1,8,6.942008053022313,5.4048337166199385,5.4048337166199385,True,False
BUCHHOLZ2026,pre CAR 25 mg/L | main GEN 1 mg/L | xMIC1 0.25 / xMIC2 1|HYSR54/repR1,4,6.982271233039568,6.201397124320452,6.201397124320452,True,False
BUCHHOLZ2026,pre CAR 25 mg/L | main GEN 1 mg/L | xMIC1 0.25 / xMIC2 1|HYSR56/repR3,4,7.181843587944773,6.848189116991398,6.848189116991398,False,False
BUCHHOLZ2026,pre CAR 25 mg/L | main GEN 1 mg/L | xMIC1 0.25 / xMIC2 1|HYSR59/repR3,4,7.123851640967086,7.096910013008056,7.096910013008056,False,False
BUCHHOLZ2026,pre CAR 25 mg/L | main GEN 1 mg/L | xMIC1 0.25 / xMIC2 1|HYSR61/repR4,8,7.127104798364807,6.937016107464814,6.937016107464814,False,False
BUCHHOLZ2026,pre CAR 25 mg/L | main GEN 1 mg/L | xMIC1 0.5 / xMIC2 1|HYS48/rep2,4,6.982271233039568,6.269512944217916,6.269512944217916,True,False
BUCHHOLZ2026,pre CAR 25 mg/L | main GEN 1 mg/L | xMIC1 0.5 / xMIC2 1|HYS49/rep3,4,6.993436230497612,5.550228353055094,6.307496037913213,True,True
BUCHHOLZ2026,pre CAR 25 mg/L | main GEN 1 mg/L | xMIC1 0.5 / xMIC2 1|HYSR47.1/repR1.1,4,6.819543935541868,6.049218022670182,6.372912002970106,True,False
BUCHHOLZ2026,pre CAR 50 mg/L | main GEN 1 mg/L | xMIC1 0.5 / xMIC2 1|HYS48/rep2,12,7.143014800254095,5.56466606425209,5.99563519459755,True,False
BUCHHOLZ2026,pre CAR 50 mg/L | main GEN 1 mg/L | xMIC1 0.5 / xMIC2 1|HYS49/rep3,12,7.222716471147583,5.980003371583746,6.324282455297693,True,False
BUCHHOLZ2026,pre CAR 50 mg/L | main GEN 1 mg/L | xMIC1 0.5 / xMIC2 1|HYS52/rep2,8,6.951823035315912,6.775974331129369,6.9084850188786495,False,False
BUCHHOLZ2026,pre CAR 50 mg/L | main GEN 1 mg/L | xMIC1 0.5 / xMIC2 1|HYS53/rep3,8,6.550228353055094,5.012837224705172,5.012837224705172,True,False
BUCHHOLZ2026,pre CAR 50 mg/L | main GEN 1 mg/L | xMIC1 0.5 / xMIC2 1|HYS55/rep2,4,6.963787827345556,6.17897694729317,6.209515014542631,True,False
BUCHHOLZ2026,pre CAR 50 mg/L | main GEN 1 mg/L | xMIC1 0.5 / xMIC2 1|HYS57/rep1,4,7.037426497940624,7.037426497940624,7.250420002308894,False,False
BUCHHOLZ2026,pre CAR 50 mg/L | main GEN 1 mg/L | xMIC1 0.5 / xMIC2 1|HYS58/rep2,4,6.8750612633917,4.672097857935717,4.672097857935717,True,False
BUCHHOLZ2026,pre CAR 50 mg/L | main GEN 1 mg/L | xMIC1 0.5 / xMIC2 1|HYS60/rep4,4,6.848189116991398,6.606381365110605,6.606381365110605,False,False
BUCHHOLZ2026,pre CAR 50 mg/L | main GEN 1 mg/L | xMIC1 0.5 / xMIC2 1|HYS60/rep5,4,6.903089986991944,5.633468455579586,5.633468455579586,True,False
BUCHHOLZ2026,pre CAR 50 mg/L | main GEN 1 mg/L | xMIC1 0.5 / xMIC2 1|HYS62/rep5,8,6.905795880367869,6.748962861256161,6.886490725172482,False,False
BUCHHOLZ2026,pre CAR 50 mg/L | main GEN 1 mg/L | xMIC1 0.5 / xMIC2 1|HYS63/rep4,4,6.924279286061882,6.833784374656479,6.868644438394826,False,False
BUCHHOLZ2026,pre CAR 50 mg/L | main GEN 1 mg/L | xMIC1 0.5 / xMIC2 1|HYS64/rep5,4,6.860338006570994,6.678518379040114,6.678518379040114,False,False
BUCHHOLZ2026,pre CAR 50 mg/L | main GEN 1 mg/L | xMIC1 0.5 / xMIC2 1|HYSR47.1/repR1.1,12,6.835690571492425,4.707570176097937,6.577491799837225,True,True
BUCHHOLZ2026,pre CAR 50 mg/L | main GEN 1 mg/L | xMIC1 0.5 / xMIC2 1|HYSR51/repR1,8,6.638489256954637,4.963787827345556,6.408239965311849,True,True
BUCHHOLZ2026,pre CAR 50 mg/L | main GEN 1 mg/L | xMIC1 0.5 / xMIC2 1|HYSR54/repR1,4,6.703291378118661,5.563481085394411,5.606381365110605,True,False
BUCHHOLZ2026,pre CAR 50 mg/L | main GEN 1 mg/L | xMIC1 0.5 / xMIC2 1|HYSR56/repR3,4,7.20682587603185,6.250420002308894,6.793790384690818,True,True
BUCHHOLZ2026,pre CAR 50 mg/L | main GEN 1 mg/L | xMIC1 0.5 / xMIC2 1|HYSR59/repR3,4,6.9661417327390325,4.984527313343793,5.136720567156407,True,False
BUCHHOLZ2026,pre CAR 50 mg/L | main GEN 1 mg/L | xMIC1 0.5 / xMIC2 1|HYSR61/repR4,8,7.086359830674748,6.250420002308894,6.250420002308894,True,False
BUCHHOLZ2026,pre CAR 50 mg/L | main GEN 1.5 mg/L | xMIC1 0.25 / xMIC2 1|HYS48/rep2,4,7.346352974450639,7.238046103128795,7.238046103128795,False,False
BUCHHOLZ2026,pre CAR 50 mg/L | main GEN 1.5 mg/L | xMIC1 0.25 / xMIC2 1|HYS49/rep3,4,7.217483944213907,6.975431808509263,7.02530586526477,False,False
BUCHHOLZ2026,pre CAR 50 mg/L | main GEN 1.5 mg/L | xMIC1 0.25 / xMIC2 1|HYS52/rep2,4,7.086359830674748,6.732393759822968,6.732393759822968,False,False
BUCHHOLZ2026,pre CAR 50 mg/L | main GEN 1.5 mg/L | xMIC1 0.25 / xMIC2 1|HYS53/rep3,4,7.305351369446623,6.012837224705172,6.012837224705172,True,False
BUCHHOLZ2026,pre CAR 50 mg/L | main GEN 1.5 mg/L | xMIC1 0.25 / xMIC2 1|HYS55/rep2,4,7.451786435524291,6.654176541877961,6.654176541877961,True,False
BUCHHOLZ2026,pre CAR 50 mg/L | main GEN 1.5 mg/L | xMIC1 0.25 / xMIC2 1|HYS57/rep1,8,7.08278537031645,7.037426497940624,7.434568904034199,False,False
BUCHHOLZ2026,pre CAR 50 mg/L | main GEN 1.5 mg/L | xMIC1 0.25 / xMIC2 1|HYS58/rep2,8,7.212187604403958,5.577491799837225,5.577491799837225,True,False
BUCHHOLZ2026,pre CAR 50 mg/L | main GEN 1.5 mg/L | xMIC1 0.25 / xMIC2 1|HYS60/rep4,8,6.921686475483602,6.519827993775719,6.519827993775719,False,False
BUCHHOLZ2026,pre CAR 50 mg/L | main GEN 1.5 mg/L | xMIC1 0.25 / xMIC2 1|HYS60/rep5,8,6.883661435153617,5.770852011642144,5.770852011642144,True,False
BUCHHOLZ2026,pre CAR 50 mg/L | main GEN 1.5 mg/L | xMIC1 0.25 / xMIC2 1|HYS62/rep5,4,7.290034611362518,7.290034611362518,7.551449997972875,False,False
BUCHHOLZ2026,pre CAR 50 mg/L | main GEN 1.5 mg/L | xMIC1 0.25 / xMIC2 1|HYS63/rep4,4,7.096910013008056,7.096910013008056,7.222716471147583,False,False
BUCHHOLZ2026,pre CAR 50 mg/L | main GEN 1.5 mg/L | xMIC1 0.25 / xMIC2 1|HYS64/rep5,4,6.913813852383717,6.913813852383717,7.292256071356476,False,False
BUCHHOLZ2026,pre CAR 50 mg/L | main GEN 1.5 mg/L | xMIC1 0.25 / xMIC2 1|HYSR47.1/repR1.1,4,7.117271295655764,6.260071387985075,6.260071387985075,True,False
BUCHHOLZ2026,pre CAR 50 mg/L | main GEN 1.5 mg/L | xMIC1 0.25 / xMIC2 1|HYSR51/repR1,4,6.9344984512435675,6.597695185925512,6.597695185925512,False,False
BUCHHOLZ2026,pre CAR 50 mg/L | main GEN 1.5 mg/L | xMIC1 0.25 / xMIC2 1|HYSR54/repR1,4,7.033423755486949,6.918554530550273,6.918554530550273,False,False
BUCHHOLZ2026,pre CAR 50 mg/L | main GEN 1.5 mg/L | xMIC1 0.25 / xMIC2 1|HYSR56/repR3,4,7.315970345456917,6.173186268412274,6.173186268412274,True,False
BUCHHOLZ2026,pre CAR 50 mg/L | main GEN 1.5 mg/L | xMIC1 0.25 / xMIC2 1|HYSR59/repR3,8,7.447158031342219,5.629409599102719,6.7626785637274365,True,True
BUCHHOLZ2026,pre CAR 50 mg/L | main GEN 1.5 mg/L | xMIC1 0.25 / xMIC2 1|HYSR61/repR4,4,7.338456493604605,7.20682587603185,7.20682587603185,False,False
BUCHHOLZ2026,pre CAR 50 mg/L | main GEN 2 mg/L | xMIC1 0.25 / xMIC2 1|HYS48/rep2,4,7.459392487759231,6.575187844927661,6.748188027006201,True,False
BUCHHOLZ2026,pre CAR 50 mg/L | main GEN 2 mg/L | xMIC1 0.25 / xMIC2 1|HYS49/rep3,4,7.264817823009537,5.971739590887778,5.971739590887778,True,False
BUCHHOLZ2026,pre CAR 50 mg/L | main GEN 2 mg/L | xMIC1 0.25 / xMIC2 1|HYSR47.1/repR1.1,4,7.089905111439398,5.511883360978874,5.511883360978874,True,False
BUCHHOLZ2026,pre CAR | main Gentamicin|A,8,7.303196057420489,5.688419822002711,5.8169038393756605,True,False
BUCHHOLZ2026,pre CAR | main Gentamicin|B,8,7.227886704613674,4.537819095073274,4.619093330626742,True,False
BUCHHOLZ2026,pre CAR | main Gentamicin|C,8,7.303196057420489,5.045322978786658,5.045322978786658,True,False
BUCHHOLZ2026,pre COL | main Gentamicin|A,7,2.6020599913279625,2.0211892990699383,3.90848501887865,True,True
BUCHHOLZ2026,pre COL | main Gentamicin|B,7,3.255272505103306,2.3521825181113627,3.8750612633917,True,True
BUCHHOLZ2026,pre COL | main Gentamicin|C,6,1.6989700043360187,1.6989700043360187,4.045322978786658,False,False
BUCHHOLZ2026,pre PMB | main Gentamicin|A,8,3.9912260756924947,2.9661417327390325,4.330413773349191,True,True
BUCHHOLZ2026,pre PMB | main Gentamicin|B,8,3.255272505103306,2.7032913781186614,4.338456493604605,True,True
BUCHHOLZ2026,pre PMB | main Gentamicin|C,8,3.3979400086720375,2.5563025007672873,4.44870631990508,True,True
BUCHHOLZ2026,pre car 100 mg/L | main gen 1 mg/L | panel B|1,4,7.505149978319906,4.973127853599698,4.973127853599698,True,False
BUCHHOLZ2026,pre car 100 mg/L | main gen 1 mg/L | set 1 / id 3|03.07.25/rep1,4,7.232996110392154,6.65991620006985,6.65991620006985,True,False
BUCHHOLZ2026,pre car 100 mg/L | main gen 1 mg/L | set 1 / id 3|05.07.25/rep2,4,7.268845312259173,5.967781908075799,5.967781908075799,True,False
BUCHHOLZ2026,pre car 100 mg/L | main gen 1 mg/L | set 1 / id 3|10.07.25/rep3,4,7.6320232147343585,6.232996110392154,6.232996110392154,True,False
BUCHHOLZ2026,pre car 100 mg/L | main gen 1 mg/L | set 1 / id 3|24.06.25/rep4,4,7.176091259055681,5.645913275033844,5.645913275033844,True,False
BUCHHOLZ2026,pre car 100 mg/L | main gen 2 mg/L | panel B|1,3,7.342422680822207,4.05307844348342,4.05307844348342,True,False
BUCHHOLZ2026,pre car 12.5 mg/L | main gen 1 mg/L | panel B|1,4,7.799340549453582,6.776701183988411,6.776701183988411,True,False
BUCHHOLZ2026,pre car 12.5 mg/L | main gen 2 mg/L | panel B|1,4,7.7923916894982534,3.6989700043360187,3.6989700043360187,True,False
BUCHHOLZ2026,pre car 200 mg/L | main gen 1 mg/L | panel B|1,4,7.477121254719663,4.176091259055681,4.176091259055681,True,False
BUCHHOLZ2026,pre car 200 mg/L | main gen 1 mg/L | set 1 / id 4|03.07.25/rep1,4,7.456366033129043,5.516337020623613,5.516337020623613,True,False
BUCHHOLZ2026,pre car 200 mg/L | main gen 1 mg/L | set 1 / id 4|05.07.25/rep2,4,7.316269962130864,4.5532760461371,4.698970004336019,True,False
BUCHHOLZ2026,pre car 200 mg/L | main gen 1 mg/L | set 1 / id 4|10.07.25/rep3,4,7.132625565228876,5.058805486675907,5.058805486675907,True,False
BUCHHOLZ2026,pre car 200 mg/L | main gen 1 mg/L | set 1 / id 4|24.06.25/rep4,4,7.029963223203725,5.132579847659737,5.132579847659737,True,False
BUCHHOLZ2026,pre car 200 mg/L | main gen 2 mg/L | panel B|1,3,7.633468455579586,3.1760912590556813,3.1760912590556813,True,False
BUCHHOLZ2026,pre car 25 mg/L | main gen 1 mg/L | panel B|1,4,7.643452676486188,5.954242509439325,5.954242509439325,True,False
BUCHHOLZ2026,pre car 25 mg/L | main gen 1 mg/L | set 1 / id 1|03.07.25/rep1,4,7.372912002970106,7.372912002970106,7.385606273598312,False,False
BUCHHOLZ2026,pre car 25 mg/L | main gen 1 mg/L | set 1 / id 1|05.07.25/rep2,4,7.80811447379004,6.358886204405869,6.358886204405869,True,False
BUCHHOLZ2026,pre car 25 mg/L | main gen 1 mg/L | set 1 / id 1|10.07.25/rep3,4,7.525969822238999,7.525969822238999,7.686189234244024,False,False
BUCHHOLZ2026,pre car 25 mg/L | main gen 1 mg/L | set 1 / id 1|24.06.25/rep4,4,7.3979400086720375,6.853089529851865,6.853089529851865,True,False
BUCHHOLZ2026,pre car 25 mg/L | main gen 2 mg/L | panel B|1,3,7.57978359661681,3.845098040014257,3.845098040014257,True,False
BUCHHOLZ2026,pre car 25 mg/L | no main treatment | set 1 / id pre-only|03.07.25/rep1,4,7.632457292184724,7.632457292184724,9.196452541703389,False,False
BUCHHOLZ2026,pre car 25 mg/L | no main treatment | set 1 / id pre-only|05.07.25/rep2,4,7.132625565228876,7.132625565228876,9.717254312762549,False,False
BUCHHOLZ2026,pre car 25 mg/L | no main treatment | set 1 / id pre-only|10.07.25/rep3,4,7.7569619512919905,7.7569619512919905,9.50718097726024,False,False
BUCHHOLZ2026,pre car 400 mg/L | main gen 1 mg/L | panel B|1,3,7.568201724066995,3.6020599913279625,3.6020599913279625,True,False
BUCHHOLZ2026,pre car 400 mg/L | main gen 1 mg/L | pre-treatment for 1 min|1,4,7.8061799739838875,5.578639209968072,5.578639209968072,True,False
BUCHHOLZ2026,pre car 400 mg/L | main gen 1 mg/L | pre-treatment for 1 min|2,4,7.799340549453582,6.9344984512435675,6.9344984512435675,True,False
BUCHHOLZ2026,pre car 400 mg/L | main gen 1 mg/L | pre-treatment for 1 min|3,4,7.770852011642144,6.162862993321926,6.162862993321926,True,False
BUCHHOLZ2026,pre car 400 mg/L | main gen 1 mg/L | pre-treatment for 10 min|1,4,7.832508912706237,5.968482948553935,5.968482948553935,True,False
BUCHHOLZ2026,pre car 400 mg/L | main gen 1 mg/L | pre-treatment for 10 min|2,4,7.763427993562937,5.258876629372131,5.258876629372131,True,False
BUCHHOLZ2026,pre car 400 mg/L | main gen 1 mg/L | pre-treatment for 10 min|3,4,7.748188027006201,6.187520720836463,6.187520720836463,True,False
BUCHHOLZ2026,pre car 400 mg/L | main gen 1 mg/L | pre-treatment for 30 min|1,4,7.494154594018442,4.963787827345556,4.963787827345556,True,False
BUCHHOLZ2026,pre car 400 mg/L | main gen 1 mg/L | pre-treatment for 30 min|2,4,7.344392273685111,4.413299764081252,4.413299764081252,True,False
BUCHHOLZ2026,pre car 400 mg/L | main gen 1 mg/L | pre-treatment for 30 min|3,4,7.4361626470407565,5.1003705451175625,5.1003705451175625,True,False
BUCHHOLZ2026,pre car 400 mg/L | main gen 1 mg/L | pre-treatment for 5 min|1,4,7.919078092376074,6.056904851336473,6.056904851336473,True,False
BUCHHOLZ2026,pre car 400 mg/L | main gen 1 mg/L | pre-treatment for 5 min|2,4,7.7558748556724915,5.929418925714293,5.929418925714293,True,False
BUCHHOLZ2026,pre car 400 mg/L | main gen 1 mg/L | pre-treatment for 5 min|3,4,7.845098040014257,6.760799311630718,6.760799311630718,True,False
BUCHHOLZ2026,pre car 400 mg/L | main gen 1 mg/L | set 1 / id 5|03.07.25/rep1,4,7.133538908370218,4.285557309007774,4.317018101048111,True,False
BUCHHOLZ2026,pre car 400 mg/L | main gen 1 mg/L | set 1 / id 5|05.07.25/rep2,4,7.507084478058502,4.456366033129043,4.4878451201114355,True,False
BUCHHOLZ2026,pre car 400 mg/L | main gen 1 mg/L | set 1 / id 5|10.07.25/rep3,4,7.4336555608928565,3.456366033129043,3.456366033129043,True,False
BUCHHOLZ2026,pre car 400 mg/L | main gen 1 mg/L | set 1 / id 5|24.06.25/rep4,4,7.251811973063287,4.4878451201114355,4.4878451201114355,True,False
BUCHHOLZ2026,pre car 400 mg/L | main gen 2 mg/L | panel B|1,3,7.518513939877887,3.146128035678238,3.146128035678238,True,False
BUCHHOLZ2026,pre car 50 mg/L | main gen 1 mg/L | 0% pae / 100% cpxs|1,4,7.505149978319906,7.505149978319906,8.791690649020119,False,False
BUCHHOLZ2026,pre car 50 mg/L | main gen 1 mg/L | 1% pae / 99% cpxs|1,4,7.7160033436347994,7.7160033436347994,8.893761762057943,False,False
BUCHHOLZ2026,pre car 50 mg/L | main gen 1 mg/L | 10% pae / 90% cpxs|1,4,7.6127838567197355,7.6127838567197355,8.79379038469082,False,False
BUCHHOLZ2026,pre car 50 mg/L | main gen 1 mg/L | 100% pae / 0% cpxs|1,4,7.556302500767287,7.326335860928752,7.326335860928752,False,False
BUCHHOLZ2026,pre car 50 mg/L | main gen 1 mg/L | 50% pae / 50% cpxs|1,4,7.672097857935717,7.672097857935717,8.70586371228392,False,False
BUCHHOLZ2026,pre car 50 mg/L | main gen 1 mg/L | 90% pae / 10% cpxs|1,4,7.643452676486188,7.643452676486188,8.05307844348342,False,False
BUCHHOLZ2026,pre car 50 mg/L | main gen 1 mg/L | 99% pae / 1% cpxs|1,4,7.672097857935717,7.491361693834273,7.491361693834273,False,False
BUCHHOLZ2026,pre car 50 mg/L | main gen 1 mg/L | CAM -> CAR -> GEN|1,4,7.681241237375588,7.383815365980431,7.613841821876069,False,False
BUCHHOLZ2026,pre car 50 mg/L | main gen 1 mg/L | CAM -> CAR -> GEN|2,4,7.799340549453582,7.342422680822207,7.385606273598312,False,False
BUCHHOLZ2026,pre car 50 mg/L | main gen 1 mg/L | CAM -> CAR -> GEN|3,4,7.845098040014257,7.4048337166199385,7.4048337166199385,False,False
BUCHHOLZ2026,pre car 50 mg/L | main gen 1 mg/L | CAR -> GEN|1,4,7.623249290397901,6.52244423350632,6.52244423350632,True,False
BUCHHOLZ2026,pre car 50 mg/L | main gen 1 mg/L | CAR -> GEN|2,4,7.57978359661681,6.139879086401237,6.139879086401237,True,False
BUCHHOLZ2026,pre car 50 mg/L | main gen 1 mg/L | CAR -> GEN|3,4,7.505149978319906,6.587710965018911,6.587710965018911,True,False
BUCHHOLZ2026,pre car 50 mg/L | main gen 1 mg/L | CCCP -> CAR -> GEN|1,3,7.2878017299302265,6.372912002970106,6.372912002970106,True,False
BUCHHOLZ2026,pre car 50 mg/L | main gen 1 mg/L | CCCP -> CAR -> GEN|2,3,7.4048337166199385,6.359835482339888,6.359835482339888,True,False
BUCHHOLZ2026,pre car 50 mg/L | main gen 1 mg/L | CCCP -> CAR -> GEN|3,3,7.184691430817598,6.346352974450639,6.346352974450639,True,False
BUCHHOLZ2026,pre car 50 mg/L | main gen 1 mg/L | DMSO -> CAR -> GEN|1,3,7.143014800254095,5.531478917042255,5.531478917042255,True,False
BUCHHOLZ2026,pre car 50 mg/L | main gen 1 mg/L | DMSO -> CAR -> GEN|2,3,7.283301228703549,5.738780558484369,5.738780558484369,True,False
BUCHHOLZ2026,pre car 50 mg/L | main gen 1 mg/L | DMSO -> CAR -> GEN|3,3,7.2455126678141495,5.853089529851865,5.853089529851865,True,False
BUCHHOLZ2026,pre car 50 mg/L | main gen 1 mg/L | HS -> CAR -> GEN|2,3,7.161368002234975,4.221414237842339,4.221414237842339,True,False
BUCHHOLZ2026,pre car 50 mg/L | main gen 1 mg/L | HS -> CAR -> GEN|3,6,7.603144372620182,3.9138138523837167,3.9138138523837167,True,False
BUCHHOLZ2026,pre car 50 mg/L | main gen 1 mg/L | no HS -> CAR -> GEN|1,6,7.298853076409706,4.477121254719663,4.477121254719663,True,False
BUCHHOLZ2026,pre car 50 mg/L | main gen 1 mg/L | no HS -> CAR -> GEN|2,3,7.4361626470407565,4.301029995663981,4.301029995663981,True,False
BUCHHOLZ2026,pre car 50 mg/L | main gen 1 mg/L | panel B|1,4,7.568201724066995,5.385606273598312,5.385606273598312,True,False
BUCHHOLZ2026,pre car 50 mg/L | main gen 1 mg/L | set 1 / id 2|03.07.25/rep1,4,7.155336037465061,6.9329808219231985,6.9329808219231985,False,False
BUCHHOLZ2026,pre car 50 mg/L | main gen 1 mg/L | set 1 / id 2|05.07.25/rep2,4,7.578147833955328,6.315970345456917,6.409933123331294,True,False
BUCHHOLZ2026,pre car 50 mg/L | main gen 1 mg/L | set 1 / id 2|10.07.25/rep3,4,7.817659791638993,6.679881942112862,6.679881942112862,True,False
BUCHHOLZ2026,pre car 50 mg/L | main gen 1 mg/L | set 1 / id 2|24.06.25/rep4,4,7.609746819948538,6.698970004336019,6.698970004336019,True,False
BUCHHOLZ2026,pre car 50 mg/L | main gen 2 mg/L | panel B|1,4,7.556302500767287,3.7781512503836434,3.7781512503836434,True,False
BUCHHOLZ2026,pre car 800 mg/L | main gen 1 mg/L | panel B|1,3,7.414973347970818,3.0,3.0,True,False
BUCHHOLZ2026,pre car 800 mg/L | main gen 2 mg/L | panel B|1,3,7.518513939877887,2.9542425094393248,2.9542425094393248,True,False
BUCHHOLZ2026,pre cip -> main cip (pre.same)|run2,9,6.632023185752439,6.154901829697379,6.826999836402076,False,False
BUCHHOLZ2026,pre cip -> main cip (pre.same)|run4,12,6.552842020773116,5.954242509439325,6.93305323208411,True,True
BUCHHOLZ2026,pre cip -> main cip (pre.same)|run5,11,6.552842020773116,6.109144372915172,6.925753949545117,False,False
BUCHHOLZ2026,pre cip -> main cip (pre.same)|run6,12,6.552842020773116,5.9330532827517946,6.93305323208411,True,True
BUCHHOLZ2026,pre cip -> main ctz (pre.switch)|run6,12,6.734685522316146,6.410174537471457,7.0,False,False
BUCHHOLZ2026,pre cip -> main gen (pre.switch)|run2,11,6.516629758238597,6.410174537471457,7.012234444353276,False,False
BUCHHOLZ2026,pre cip -> main mer (pre.switch)|run4,12,6.330993190088458,6.154901829697379,6.6020599913279625,False,False
BUCHHOLZ2026,pre cip -> main pit (pre.switch)|run5,12,6.632023185752439,5.778151250383644,6.0,True,False
BUCHHOLZ2026,pre control | main Gentamicin|A,8,7.77451696572855,6.633468455579586,6.633468455579586,True,False
BUCHHOLZ2026,pre control | main Gentamicin|B,8,7.664641975556125,6.691081492122969,6.691081492122969,True,False
BUCHHOLZ2026,pre control | main Gentamicin|C,8,7.570542939881897,6.84323277809801,6.84323277809801,True,False
BUCHHOLZ2026,pre ctz -> main cip (pre.switch)|run6,12,6.552842020773116,5.660052074022653,6.788370405465458,True,True
BUCHHOLZ2026,pre ctz -> main ctz (pre.same)|run3,12,6.569875341363828,6.455931977364448,7.330993210355535,False,False
BUCHHOLZ2026,pre ctz -> main ctz (pre.same)|run6,12,6.617299942909027,6.552842020773116,6.660051979020755,False,False
BUCHHOLZ2026,pre ctz -> main ctz (pre.same)|run8,12,6.72310366057736,6.196294763587901,6.196294763587901,True,False
BUCHHOLZ2026,pre ctz -> main ctz (pre.same)|run9,11,6.535113147410535,6.0,6.0,True,False
BUCHHOLZ2026,pre ctz -> main gen (pre.switch)|run3,12,6.6020599913279625,6.234083278415776,6.234083278415776,False,False
BUCHHOLZ2026,pre ctz -> main mer (pre.switch)|run8,12,6.745966600419509,5.845098040014257,6.234083278415776,True,False
BUCHHOLZ2026,pre ctz -> main pit (pre.switch)|run9,12,6.516629758238597,6.455931977364448,6.552842020773116,False,False
BUCHHOLZ2026,pre ctz 0.125 mg/L | main gen 1 mg/L | panel H|1,4,7.445604203273597,5.531478917042255,5.531478917042255,True,False
BUCHHOLZ2026,pre ctz 0.125 mg/L | main gen 2 mg/L | panel H|1,4,7.477121254719663,3.7715874808812555,3.7715874808812555,True,False
BUCHHOLZ2026,pre ctz 0.25 mg/L | main gen 1 mg/L | panel H|1,4,7.363611979892144,5.857332496431268,5.857332496431268,True,False
BUCHHOLZ2026,pre ctz 0.25 mg/L | main gen 2 mg/L | panel H|1,4,7.456366033129043,3.278753600952829,3.7067177823367587,True,False
BUCHHOLZ2026,pre ctz 0.5 mg/L | main gen 1 mg/L | panel H|1,4,7.392696953259666,5.6127838567197355,5.6127838567197355,True,False
BUCHHOLZ2026,pre ctz 0.5 mg/L | main gen 2 mg/L | panel H|1,4,7.3560258571931225,4.004321373782642,4.004321373782642,True,False
BUCHHOLZ2026,pre ctz 1 mg/L | main gen 1 mg/L | panel H|1,4,7.184691430817598,4.838849090737256,4.838849090737256,True,False
BUCHHOLZ2026,pre ctz 1 mg/L | main gen 2 mg/L | panel H|1,4,7.071882007306125,3.6127838567197355,3.660865478003869,True,False
BUCHHOLZ2026,pre ctz 2 mg/L | main gen 1 mg/L | panel H|1,4,7.079181246047625,4.704150516839799,4.704150516839799,True,False
BUCHHOLZ2026,pre ctz 2 mg/L | main gen 2 mg/L | panel H|1,4,6.720159303405957,3.4913616938342726,3.5428254269591797,True,False
BUCHHOLZ2026,pre ctz 4 mg/L | main gen 1 mg/L | panel H|1,4,6.846337112129805,4.3692158574101425,4.3692158574101425,True,False
BUCHHOLZ2026,pre ctz 4 mg/L | main gen 2 mg/L | panel H|1,4,6.674861140737812,3.45484486000851,3.45484486000851,True,False
BUCHHOLZ2026,pre ctz 8 mg/L | main gen 1 mg/L | panel H|1,4,6.854913022307856,3.9590413923210934,3.9590413923210934,True,False
BUCHHOLZ2026,pre ctz 8 mg/L | main gen 2 mg/L | panel H|1,4,6.814247595731921,3.0043213737826426,3.3560258571931225,True,False
BUCHHOLZ2026,pre gen -> main cip (pre.switch)|run2,6,6.516629758238597,6.516629758238597,7.586265728970225,False,False
BUCHHOLZ2026,pre gen -> main ctz (pre.switch)|run3,12,6.711204448689295,6.711204448689295,7.516629797891573,False,False
BUCHHOLZ2026,pre gen -> main gen (pre.same)|run1,12,6.497324621067291,6.3853508047238074,6.569875341363828,False,False
BUCHHOLZ2026,pre gen -> main gen (pre.same)|run10,12,6.698970004336019,5.234084291768216,5.6020599913279625,True,False
BUCHHOLZ2026,pre gen -> main gen (pre.same)|run2,10,6.497324621067291,6.410174537471457,6.497324621067291,False,False
BUCHHOLZ2026,pre gen -> main gen (pre.same)|run3,12,6.698970004336019,6.586265740229711,7.0,False,False
BUCHHOLZ2026,pre gen -> main mer (pre.switch)|run10,12,6.535113147410535,6.330993190088458,6.767685827298027,False,False
BUCHHOLZ2026,pre gen -> main pit (pre.switch)|run1,12,6.756961973028429,5.535113020741277,5.552842142375539,True,False
BUCHHOLZ2026,pre gen 0.0625 mg/L | main ctz 2 mg/L | panel I|1,4,7.209515014542631,6.834102655712794,7.4361626470407565,False,False
BUCHHOLZ2026,pre gen 0.0625 mg/L | main ctz 4 mg/L | panel I|1,4,7.336459733848529,6.7045794496963,7.089905111439398,True,False
BUCHHOLZ2026,pre gen 0.0625 mg/L | main gen 1 mg/L | panel A|1,4,7.588831725594207,6.628388930050312,6.628388930050312,True,False
BUCHHOLZ2026,pre gen 0.0625 mg/L | main gen 2 mg/L | panel A|1,4,7.607455023214668,3.4771212547196626,3.9542425094393248,True,False
BUCHHOLZ2026,pre gen 0.125 mg/L | main car 100 mg/L | panel C|1,4,7.9344984512435675,6.643452676486188,6.643452676486188,True,False
BUCHHOLZ2026,pre gen 0.125 mg/L | main car 50 mg/L | panel C|1,4,7.913813852383717,7.113943352306837,7.260071387985075,True,False
BUCHHOLZ2026,pre gen 0.125 mg/L | main ctz 2 mg/L | panel I|1,4,7.298853076409706,7.041392685158225,7.041392685158225,False,False
BUCHHOLZ2026,pre gen 0.125 mg/L | main ctz 4 mg/L | panel I|1,4,7.429752280002408,6.927626962444954,6.927626962444954,True,False
BUCHHOLZ2026,pre gen 0.125 mg/L | main gen 1 mg/L | panel A|1,4,7.488550716500444,6.867467487859051,6.867467487859051,True,False
BUCHHOLZ2026,pre gen 0.125 mg/L | main gen 2 mg/L | panel A|1,4,7.503790683057181,3.845098040014257,3.9542425094393248,True,False
BUCHHOLZ2026,pre gen 0.125 mg/L | main mer 0.1 mg/L | panel G|1,4,7.545307116465824,6.204119982655925,6.204119982655925,True,False
BUCHHOLZ2026,pre gen 0.125 mg/L | main mer 0.2 mg/L | panel G|1,4,7.70926996097583,6.007534417897258,6.007534417897258,True,False
BUCHHOLZ2026,pre gen 0.125 mg/L | main pit 16 mg/L | panel E|1,4,7.453318340047038,6.9324737646771535,6.9324737646771535,True,False
BUCHHOLZ2026,pre gen 0.125 mg/L | main pit 8 mg/L | panel E|1,4,7.481442628502305,6.770115294787102,6.770115294787102,True,False
BUCHHOLZ2026,pre gen 0.25 mg/L | main car 100 mg/L | panel C|1,4,7.869231719730976,7.0,7.193124598354461,True,False
BUCHHOLZ2026,pre gen 0.25 mg/L | main car 50 mg/L | panel C|1,4,7.785329835010767,7.0,7.506505032404872,True,True
BUCHHOLZ2026,pre gen 0.25 mg/L | main car 50 mg/L | set 3 / id 1|03.07.25/rep1,4,7.385606273598312,7.385606273598312,7.933487287848705,False,False
BUCHHOLZ2026,pre gen 0.25 mg/L | main car 50 mg/L | set 3 / id 1|05.07.25/rep2,4,7.711204460765094,7.711204460765094,7.896526217489555,False,False
BUCHHOLZ2026,pre gen 0.25 mg/L | main car 50 mg/L | set 3 / id 1|10.07.25/rep3,4,7.516629796041101,7.516629796041101,8.372912002970107,False,False
BUCHHOLZ2026,pre gen 0.25 mg/L | main ctz 2 mg/L | panel I|1,4,7.250420002308894,6.3979400086720375,6.3979400086720375,True,False
BUCHHOLZ2026,pre gen 0.25 mg/L | main ctz 4 mg/L | panel I|1,4,7.389166084364533,6.926856708949693,7.315970345456917,False,False
BUCHHOLZ2026,pre gen 0.25 mg/L | main gen 1 mg/L | panel A|1,4,7.521138083704036,6.481442628502305,6.481442628502305,True,False
BUCHHOLZ2026,pre gen 0.25 mg/L | main gen 1 mg/L | set 2 / id 1|03.07.25/rep1,4,7.756636108245848,7.409933123331294,7.409933123331294,False,False
BUCHHOLZ2026,pre gen 0.25 mg/L | main gen 1 mg/L | set 2 / id 1|05.07.25/rep2,4,7.751499055623198,6.967079734144497,7.345373730559088,True,False
BUCHHOLZ2026,pre gen 0.25 mg/L | main gen 1 mg/L | set 2 / id 1|10.07.25/rep3,4,7.80811447379004,7.80811447379004,8.487067637716317,False,False
BUCHHOLZ2026,pre gen 0.25 mg/L | main gen 1 mg/L | set 2 / id 1|24.06.25/rep4,4,7.234083205960985,7.234083205960985,8.923244018630276,False,False
BUCHHOLZ2026,pre gen 0.25 mg/L | main gen 2 mg/L | panel A|1,4,7.696356388733332,4.748188027006201,4.748188027006201,True,False
BUCHHOLZ2026,pre gen 0.25 mg/L | main mer 0.1 mg/L | panel G|1,4,7.586587304671755,6.477121254719663,6.732393759822968,True,False
BUCHHOLZ2026,pre gen 0.25 mg/L | main mer 0.2 mg/L | panel G|1,4,7.749736315569061,6.004321373782642,6.004321373782642,True,False
BUCHHOLZ2026,pre gen 0.25 mg/L | main pit 16 mg/L | panel E|1,4,7.569373909615046,6.227886704613674,6.227886704613674,True,False
BUCHHOLZ2026,pre gen 0.25 mg/L | main pit 8 mg/L | panel E|1,4,7.592176757395867,7.176091259055681,7.488550716500444,False,False
BUCHHOLZ2026,pre gen 0.25 mg/L | no main treatment | set 2 / id pre-only|03.07.25/rep1,4,7.756636108245848,7.756636108245848,9.398287305357401,False,False
BUCHHOLZ2026,pre gen 0.25 mg/L | no main treatment | set 2 / id pre-only|05.07.25/rep2,4,7.552841968605666,7.552841968605666,9.698970004336019,False,False
BUCHHOLZ2026,pre gen 0.25 mg/L | no main treatment | set 2 / id pre-only|10.07.25/rep3,4,8.08432088559785,8.08432088559785,9.932980821923199,False,False
BUCHHOLZ2026,pre gen 0.25 mg/L | no main treatment | set 3 / id pre-only|03.07.25/rep1,4,9.939019776448667,8.602059991327963,9.848497018090367,True,True
BUCHHOLZ2026,pre gen 0.25 mg/L | no main treatment | set 3 / id pre-only|05.07.25/rep2,4,7.933053210347672,6.895146189375992,9.516535373895799,True,True
BUCHHOLZ2026,pre gen 0.25 mg/L | no main treatment | set 3 / id pre-only|10.07.25/rep3,4,7.4336555608928565,7.4336555608928565,9.853698211776175,False,False
BUCHHOLZ2026,pre gen 0.5 mg/L | main car 100 mg/L | panel C|1,4,7.799340549453582,6.477121254719663,6.633468455579586,True,False
BUCHHOLZ2026,pre gen 0.5 mg/L | main car 50 mg/L | panel C|1,4,7.7923916894982534,6.707570176097937,6.707570176097937,True,False
BUCHHOLZ2026,pre gen 0.5 mg/L | main car 50 mg/L | set 3 / id 2|03.07.25/rep1,4,7.853871964330448,7.5938396610812715,7.5938396610812715,False,False
BUCHHOLZ2026,pre gen 0.5 mg/L | main car 50 mg/L | set 3 / id 2|05.07.25/rep2,4,7.967815316641961,7.895146189375992,8.477121254719663,False,False
BUCHHOLZ2026,pre gen 0.5 mg/L | main car 50 mg/L | set 3 / id 2|10.07.25/rep3,4,7.853871964330448,7.808210972924222,8.496998797740092,False,False
BUCHHOLZ2026,pre gen 0.5 mg/L | main ctz 2 mg/L | panel I|1,4,7.350248018334163,7.017033339298781,7.017033339298781,False,False
BUCHHOLZ2026,pre gen 0.5 mg/L | main ctz 4 mg/L | panel I|1,4,7.4031205211758175,6.733598460961339,7.02530586526477,True,False
BUCHHOLZ2026,pre gen 0.5 mg/L | main gen 1 mg/L | panel A|1,4,7.503790683057181,6.136720567156407,6.136720567156407,True,False
BUCHHOLZ2026,pre gen 0.5 mg/L | main gen 1 mg/L | set 2 / id 2|03.07.25/rep1,4,7.432969290874405,7.432969290874405,7.967547976218862,False,False
BUCHHOLZ2026,pre gen 0.5 mg/L | main gen 1 mg/L | set 2 / id 2|05.07.25/rep2,4,7.466655821105053,6.268343913951065,7.385606273598312,True,True
BUCHHOLZ2026,pre gen 0.5 mg/L | main gen 1 mg/L | set 2 / id 2|10.07.25/rep3,4,7.455931955628009,7.455931955628009,8.133379211923518,False,False
BUCHHOLZ2026,pre gen 0.5 mg/L | main gen 1 mg/L | set 2 / id 2|24.06.25/rep4,4,7.552841968605666,7.552841968605666,8.808210972924222,False,False
BUCHHOLZ2026,pre gen 0.5 mg/L | main gen 2 mg/L | panel A|1,4,7.640481436970422,3.3010299956639813,4.041392685158225,True,True
BUCHHOLZ2026,pre gen 0.5 mg/L | main mer 0.1 mg/L | panel G|1,4,7.577491799837225,6.3979400086720375,6.3979400086720375,True,False
BUCHHOLZ2026,pre gen 0.5 mg/L | main mer 0.2 mg/L | panel G|1,4,7.650307523131937,6.176091259055681,6.176091259055681,True,False
BUCHHOLZ2026,pre gen 0.5 mg/L | main pit 16 mg/L | panel E|1,4,7.624282095835668,6.088136088700551,6.088136088700551,True,False
BUCHHOLZ2026,pre gen 0.5 mg/L | main pit 8 mg/L | panel E|1,4,7.568201724066995,7.209515014542631,7.209515014542631,False,False
BUCHHOLZ2026,pre gen 1 mg/L | main car 100 mg/L | panel C|1,4,7.826074802700826,6.623249290397901,6.623249290397901,True,False
BUCHHOLZ2026,pre gen 1 mg/L | main car 50 mg/L | panel C|1,4,7.763427993562937,7.093421685162235,7.093421685162235,True,False
BUCHHOLZ2026,pre gen 1 mg/L | main car 50 mg/L | set 3 / id 3|03.07.25/rep1,4,7.455931955628009,7.455931955628009,7.8945929479229555,False,False
BUCHHOLZ2026,pre gen 1 mg/L | main car 50 mg/L | set 3 / id 3|05.07.25/rep2,4,7.80811447379004,7.80811447379004,8.133538908370218,False,False
BUCHHOLZ2026,pre gen 1 mg/L | main car 50 mg/L | set 3 / id 3|10.07.25/rep3,4,7.698970004336019,7.698970004336019,7.9329808219231985,False,False
BUCHHOLZ2026,pre gen 1 mg/L | main ctz 2 mg/L | panel I|1,4,7.444044795918076,6.806519134080705,6.806519134080705,True,False
BUCHHOLZ2026,pre gen 1 mg/L | main ctz 4 mg/L | panel I|1,4,7.463892988985907,6.789580712164425,6.789580712164425,True,False
BUCHHOLZ2026,pre gen 1 mg/L | main gen 1 mg/L | panel A|1,4,7.523746466811565,5.804139432335351,5.804139432335351,True,False
BUCHHOLZ2026,pre gen 1 mg/L | main gen 1 mg/L | set 2 / id 3|03.07.25/rep1,4,7.808210972924222,7.252853030979893,7.252853030979893,True,False
BUCHHOLZ2026,pre gen 1 mg/L | main gen 1 mg/L | set 2 / id 3|05.07.25/rep2,4,7.78837041557543,5.895146189375992,6.808210972924222,True,True
BUCHHOLZ2026,pre gen 1 mg/L | main gen 1 mg/L | set 2 / id 3|10.07.25/rep3,4,7.967815316641961,7.932220013877119,7.932220013877119,False,False
BUCHHOLZ2026,pre gen 1 mg/L | main gen 1 mg/L | set 2 / id 3|24.06.25/rep4,4,7.4336555608928565,7.4336555608928565,8.030194785356752,False,False
BUCHHOLZ2026,pre gen 1 mg/L | main gen 2 mg/L | panel A|1,4,7.694605198933568,3.963787827345555,3.963787827345555,True,False
BUCHHOLZ2026,pre gen 1 mg/L | main mer 0.1 mg/L | panel G|1,4,7.561101383649056,6.041392685158225,6.1303337684950066,True,False
BUCHHOLZ2026,pre gen 1 mg/L | main mer 0.2 mg/L | panel G|1,4,7.698970004336019,6.309630167425898,6.309630167425898,True,False
BUCHHOLZ2026,pre gen 1 mg/L | main pit 16 mg/L | panel E|1,4,7.688419822002711,6.685293781386784,7.021189299069938,True,False
BUCHHOLZ2026,pre gen 1 mg/L | main pit 8 mg/L | panel E|1,4,7.513217600067939,6.857332496431268,6.857332496431268,True,False
BUCHHOLZ2026,pre gen 2 mg/L | main car 100 mg/L | panel C|1,4,7.770852011642144,5.139879086401237,5.139879086401237,True,False
BUCHHOLZ2026,pre gen 2 mg/L | main car 50 mg/L | panel C|1,4,7.785329835010767,5.783903579272735,5.783903579272735,True,False
BUCHHOLZ2026,pre gen 2 mg/L | main car 50 mg/L | set 3 / id 4|03.07.25/rep1,4,7.552841968605666,7.285557309007774,7.285557309007774,False,False
BUCHHOLZ2026,pre gen 2 mg/L | main car 50 mg/L | set 3 / id 4|05.07.25/rep2,4,7.798354636491672,7.214843848047698,7.214843848047698,True,False
BUCHHOLZ2026,pre gen 2 mg/L | main car 50 mg/L | set 3 / id 4|10.07.25/rep3,4,7.698970004336019,7.698970004336019,7.698970004336019,False,False
BUCHHOLZ2026,pre gen 2 mg/L | main ctz 2 mg/L | panel I|1,4,7.3979400086720375,4.498310553789601,4.498310553789601,True,False
BUCHHOLZ2026,pre gen 2 mg/L | main ctz 4 mg/L | panel I|1,4,7.47567118832443,5.20682587603185,5.20682587603185,True,False
BUCHHOLZ2026,pre gen 2 mg/L | main gen 1 mg/L | panel A|1,4,7.453318340047038,4.6127838567197355,4.778874472002739,True,False
BUCHHOLZ2026,pre gen 2 mg/L | main gen 1 mg/L | set 2 / id 4|03.07.25/rep1,4,8.02938377768521,5.967781908075799,5.967781908075799,True,False
BUCHHOLZ2026,pre gen 2 mg/L | main gen 1 mg/L | set 2 / id 4|05.07.25/rep2,4,7.7569619512919905,4.853698211776174,5.109578546904387,True,False
BUCHHOLZ2026,pre gen 2 mg/L | main gen 1 mg/L | set 2 / id 4|10.07.25/rep3,4,7.705130313004136,6.686189234244024,6.686189234244024,True,False
BUCHHOLZ2026,pre gen 2 mg/L | main gen 1 mg/L | set 2 / id 4|24.06.25/rep4,4,7.80811447379004,7.084576277934331,7.084576277934331,True,False
BUCHHOLZ2026,pre gen 2 mg/L | main gen 2 mg/L | panel A|1,4,7.697229342759718,3.3384564936046046,3.8195439355418688,True,False
BUCHHOLZ2026,pre gen 2 mg/L | main mer 0.1 mg/L | panel G|1,4,7.568201724066995,6.301029995663981,6.409933123331294,True,False
BUCHHOLZ2026,pre gen 2 mg/L | main mer 0.2 mg/L | panel G|1,4,7.445604203273597,5.880813592280791,5.880813592280791,True,False
BUCHHOLZ2026,pre gen 2 mg/L | main pit 16 mg/L | panel E|1,4,7.518513939877887,5.698970004336019,5.698970004336019,True,False
BUCHHOLZ2026,pre gen 2 mg/L | main pit 8 mg/L | panel E|1,4,7.4048337166199385,5.113943352306837,5.113943352306837,True,False
BUCHHOLZ2026,pre gen 4 mg/L | main car 100 mg/L | panel C|1,3,7.544068044350276,3.361727836017593,3.361727836017593,True,False
BUCHHOLZ2026,pre gen 4 mg/L | main car 50 mg/L | panel C|1,3,7.531478917042255,3.342422680822206,3.342422680822206,True,False
BUCHHOLZ2026,pre gen 4 mg/L | main car 50 mg/L | set 3 / id 5|03.07.25/rep1,4,7.6020599913279625,5.131939295210424,5.131939295210424,True,False
BUCHHOLZ2026,pre gen 4 mg/L | main car 50 mg/L | set 3 / id 5|05.07.25/rep2,3,7.057991947031973,4.698970004336019,4.698970004336019,True,False
BUCHHOLZ2026,pre gen 4 mg/L | main car 50 mg/L | set 3 / id 5|10.07.25/rep3,4,7.385350881440657,5.915663603505773,5.915663603505773,True,False
BUCHHOLZ2026,pre gen 4 mg/L | main ctz 2 mg/L | panel I|1,4,5.9164539485499255,2.0791812460476247,2.0791812460476247,True,False
BUCHHOLZ2026,pre gen 4 mg/L | main ctz 4 mg/L | panel I|1,4,5.905795880367869,2.041392685158225,2.041392685158225,True,False
BUCHHOLZ2026,pre gen 4 mg/L | main gen 1 mg/L | panel A|1,4,6.701567985055927,3.941511432634403,4.3692158574101425,True,False
BUCHHOLZ2026,pre gen 4 mg/L | main gen 1 mg/L | set 2 / id 5|03.07.25/rep1,4,7.617000341120899,4.895146189375992,4.895146189375992,True,False
BUCHHOLZ2026,pre gen 4 mg/L | main gen 1 mg/L | set 2 / id 5|05.07.25/rep2,4,7.176091259055681,4.285557309007774,4.631950826259217,True,False
BUCHHOLZ2026,pre gen 4 mg/L | main gen 1 mg/L | set 2 / id 5|10.07.25/rep3,4,7.698970004336019,5.176091259055681,5.176091259055681,True,False
BUCHHOLZ2026,pre gen 4 mg/L | main gen 1 mg/L | set 2 / id 5|24.06.25/rep4,4,7.516629796041101,4.7570162347313,4.7570162347313,True,False
BUCHHOLZ2026,pre gen 4 mg/L | main gen 2 mg/L | panel A|1,4,6.923244018630276,3.041392685158225,3.658488381309017,True,True
BUCHHOLZ2026,pre gen 4 mg/L | main mer 0.1 mg/L | panel G|1,4,7.396199347095736,3.0549958615291417,3.0549958615291417,True,False
BUCHHOLZ2026,pre gen 4 mg/L | main mer 0.2 mg/L | panel G|1,4,6.4281347940287885,2.9469432706978256,2.9469432706978256,True,False
BUCHHOLZ2026,pre gen 4 mg/L | main pit 16 mg/L | panel E|1,4,6.669316880566112,2.505149978319906,2.505149978319906,True,False
BUCHHOLZ2026,pre gen 4 mg/L | main pit 8 mg/L | panel E|1,4,6.75815462196739,3.9684829485539352,3.9684829485539352,True,False
BUCHHOLZ2026,pre gen 8 mg/L | main car 100 mg/L | panel C|1,3,6.6020599913279625,2.6020599913279625,2.6020599913279625,True,False
BUCHHOLZ2026,pre gen 8 mg/L | main car 50 mg/L | panel C|1,4,6.6020599913279625,3.0,3.0,True,False
BUCHHOLZ2026,pre gen 8 mg/L | main mer 0.1 mg/L | panel G|1,4,5.389166084364533,2.4471580313422194,2.9867717342662448,True,True
BUCHHOLZ2026,pre gen 8 mg/L | main mer 0.2 mg/L | panel G|1,4,4.8750612633917,2.255272505103306,2.255272505103306,True,False
BUCHHOLZ2026,pre gen 8 mg/L | main pit 16 mg/L | panel E|1,3,5.176091259055681,1.6989700043360187,1.6989700043360187,True,False
BUCHHOLZ2026,pre gen 8 mg/L | main pit 8 mg/L | panel E|1,4,4.8750612633917,1.6020599913279623,1.6020599913279623,True,False
BUCHHOLZ2026,pre mer -> main cip (pre.switch)|run4,12,6.477121254719663,5.887295961083357,6.947293656488747,True,True
BUCHHOLZ2026,pre mer -> main ctz (pre.switch)|run8,12,6.516629758238597,6.516629758238597,6.660051979020755,False,False
BUCHHOLZ2026,pre mer -> main gen (pre.switch)|run10,12,6.3853508047238074,4.933051762718701,5.109143021774382,True,False
BUCHHOLZ2026,pre mer -> main mer (pre.same)|run10,12,6.455931977364448,6.057991892690873,6.433655606653779,False,False
BUCHHOLZ2026,pre mer -> main mer (pre.same)|run4,12,6.410174537471457,5.788370617562716,6.359021888354854,True,True
BUCHHOLZ2026,pre mer -> main mer (pre.same)|run7,12,6.535113147410535,6.0,6.410174537471457,True,False
BUCHHOLZ2026,pre mer -> main mer (pre.same)|run8,12,6.410174537471457,5.788370617562716,6.3853508047238074,True,True
BUCHHOLZ2026,pre mer -> main pit (pre.switch)|run7,12,6.433655606653779,6.433655606653779,6.617299942909027,False,False
BUCHHOLZ2026,pre mer 0.003125 mg/L | main gen 1 mg/L | panel F|1,4,7.477121254719663,6.361727836017593,6.361727836017593,True,False
BUCHHOLZ2026,pre mer 0.003125 mg/L | main gen 2 mg/L | panel F|1,4,7.518513939877887,3.4668676203541096,3.4668676203541096,True,False
BUCHHOLZ2026,pre mer 0.00625 mg/L | main gen 1 mg/L | panel F|1,4,7.309630167425898,6.597695185925512,6.597695185925512,True,False
BUCHHOLZ2026,pre mer 0.00625 mg/L | main gen 2 mg/L | panel F|1,4,7.507855871695831,3.113943352306837,3.845098040014257,True,True
BUCHHOLZ2026,pre mer 0.0125 mg/L | main gen 1 mg/L | panel F|1,4,7.247973266361806,5.929418925714293,5.929418925714293,True,False
BUCHHOLZ2026,pre mer 0.0125 mg/L | main gen 2 mg/L | panel F|1,4,7.371067862271736,3.0791812460476247,3.4183012913197452,True,False
BUCHHOLZ2026,pre mer 0.025 mg/L | main gen 1 mg/L | panel F|1,4,7.139879086401237,5.657055852857104,5.657055852857104,True,False
BUCHHOLZ2026,pre mer 0.025 mg/L | main gen 2 mg/L | panel F|1,4,7.328379603438738,3.113943352306837,3.4727564493172123,True,False
BUCHHOLZ2026,pre mer 0.05 mg/L | main gen 1 mg/L | panel F|1,4,7.346352974450639,4.9698816437465,4.9698816437465,True,False
BUCHHOLZ2026,pre mer 0.05 mg/L | main gen 2 mg/L | panel F|1,4,7.127104798364807,3.574031267727719,3.574031267727719,True,False
BUCHHOLZ2026,pre mer 0.1 mg/L | main gen 1 mg/L | panel F|1,4,7.201397124320452,4.465382851448418,4.848189116991398,True,False
BUCHHOLZ2026,pre mer 0.1 mg/L | main gen 2 mg/L | panel F|1,4,7.232996110392154,3.103803720955957,3.6053050461411096,True,True
BUCHHOLZ2026,pre mer 0.2 mg/L | main gen 1 mg/L | panel F|1,4,7.117271295655764,4.9410142437055695,5.146128035678238,True,False
BUCHHOLZ2026,pre mer 0.2 mg/L | main gen 2 mg/L | panel F|1,4,7.1003705451175625,2.975431808509263,3.5276299008713385,True,True
BUCHHOLZ2026,pre ndc -> main cip (main)|run2,11,6.788370405465458,6.455931977364448,7.0,False,False
BUCHHOLZ2026,pre ndc -> main cip (main)|run4,12,6.632023185752439,6.109144372915172,6.974445875786953,True,True
BUCHHOLZ2026,pre ndc -> main cip (main)|run5,11,6.660051979020755,5.6863806215605806,6.870905278565091,True,True
BUCHHOLZ2026,pre ndc -> main cip (main)|run6,12,6.660051979020755,5.723103331921934,6.81765981999087,True,True
BUCHHOLZ2026,pre ndc -> main ctz (main)|run3,12,6.798354616731272,6.734685522316146,7.516629797891573,False,False
BUCHHOLZ2026,pre ndc -> main ctz (main)|run6,12,6.698970004336019,6.698970004336019,7.26884532231476,False,False
BUCHHOLZ2026,pre ndc -> main ctz (main)|run8,12,6.711204448689295,6.586265740229711,6.826999836402076,False,False
BUCHHOLZ2026,pre ndc -> main ctz (main)|run9,12,6.686380889801365,6.673415926184507,6.745966600419509,False,False
BUCHHOLZ2026,pre ndc -> main gen (main)|run1,12,6.586265740229711,6.433655606653779,7.196294653040232,False,False
BUCHHOLZ2026,pre ndc -> main gen (main)|run10,12,6.72310366057736,6.569875341363828,6.698970004336019,False,False
BUCHHOLZ2026,pre ndc -> main gen (main)|run2,10,6.3853508047238074,6.3853508047238074,7.035715557980936,False,False
BUCHHOLZ2026,pre ndc -> main gen (main)|run3,12,6.778151250383644,6.617299942909027,7.660051941019989,False,False
BUCHHOLZ2026,pre ndc -> main mer (main)|run10,12,6.617299942909027,6.516629758238597,6.72310366057736,False,False
BUCHHOLZ2026,pre ndc -> main mer (main)|run4,12,6.586265740229711,6.109144372915172,6.745966600419509,False,False
BUCHHOLZ2026,pre ndc -> main mer (main)|run7,12,6.798354616731272,6.410174537471457,6.745966600419509,False,False
BUCHHOLZ2026,pre ndc -> main mer (main)|run8,12,6.698970004336019,6.234083278415776,6.497324621067291,False,False
BUCHHOLZ2026,pre ndc -> main ndc (gc)|run1,12,6.711204448689295,6.711204448689295,9.196294645025525,False,False
BUCHHOLZ2026,pre ndc -> main ndc (gc)|run10,12,6.673415926184507,6.552842020773116,9.109144469521578,False,False
BUCHHOLZ2026,pre ndc -> main ndc (gc)|run2,8,6.617299942909027,6.497324621067291,9.301029995663981,False,False
BUCHHOLZ2026,pre ndc -> main ndc (gc)|run3,12,6.632023185752439,6.632023185752439,9.109144469521578,False,False
BUCHHOLZ2026,pre ndc -> main ndc (gc)|run4,12,6.778151250383644,6.617299942909027,9.330993219070377,False,False
BUCHHOLZ2026,pre ndc -> main ndc (gc)|run5,12,6.826999836402076,6.586265740229711,9.196294645025525,False,False
BUCHHOLZ2026,pre ndc -> main ndc (gc)|run6,12,6.808114444808121,6.6020599913279625,9.196294645025525,False,False
BUCHHOLZ2026,pre ndc -> main ndc (gc)|run7,12,6.798354616731272,6.433655606653779,8.853871964148045,False,False
BUCHHOLZ2026,pre ndc -> main ndc (gc)|run8,12,6.660051979020755,6.586265740229711,9.154901960116032,False,False
BUCHHOLZ2026,pre ndc -> main ndc (gc)|run9,12,6.734685522316146,6.516629758238597,9.057991947031974,False,False
BUCHHOLZ2026,pre ndc -> main pit (main)|run1,12,6.745966600419509,6.433655606653779,6.497324621067291,False,False
BUCHHOLZ2026,pre ndc -> main pit (main)|run5,11,6.516629758238597,6.234083278415776,6.516629758238597,False,False
BUCHHOLZ2026,pre ndc -> main pit (main)|run7,12,6.81765981999087,6.6462636117915155,7.057991930691643,False,False
BUCHHOLZ2026,pre ndc -> main pit (main)|run9,12,6.81765981999087,6.632023185752439,7.154901951299854,False,False
BUCHHOLZ2026,pre nodrug | main none|C,8,7.440909082065217,7.440909082065217,9.260071387985075,False,False
BUCHHOLZ2026,pre pit -> main cip (pre.switch)|run5,12,6.586265740229711,6.109144372915172,6.836143206409132,False,False
BUCHHOLZ2026,pre pit -> main ctz (pre.switch)|run9,12,6.6020599913279625,5.6020599913279625,5.6020599913279625,True,False
BUCHHOLZ2026,pre pit -> main gen (pre.switch)|run1,12,6.617299942909027,5.268844644146709,5.410174706363694,True,False
BUCHHOLZ2026,pre pit -> main mer (pre.switch)|run7,12,6.698970004336019,6.301029995663981,6.617299942909027,False,False
BUCHHOLZ2026,pre pit -> main pit (pre.same)|run1,12,6.455931977364448,5.808114377251191,5.808114377251191,True,False
BUCHHOLZ2026,pre pit -> main pit (pre.same)|run5,12,6.711204448689295,5.535113020741277,5.817659886079151,True,False
BUCHHOLZ2026,pre pit -> main pit (pre.same)|run7,12,6.569875341363828,5.967815116184945,6.268845345699846,True,False
BUCHHOLZ2026,pre pit -> main pit (pre.same)|run9,12,6.686380889801365,6.196294763587901,6.196294763587901,False,False
BUCHHOLZ2026,pre pit 0.5 mg/L | main gen 1 mg/L | panel D|1,4,7.0,5.929418925714293,5.929418925714293,True,False
BUCHHOLZ2026,pre pit 0.5 mg/L | main gen 2 mg/L | panel D|1,4,7.359835482339888,4.596597095626461,4.596597095626461,True,False
BUCHHOLZ2026,pre pit 1 mg/L | main gen 1 mg/L | panel D|1,4,7.230448921378274,5.342422680822207,5.342422680822207,True,False
BUCHHOLZ2026,pre pit 1 mg/L | main gen 2 mg/L | panel D|1,4,7.423245873936808,4.382017042574868,4.498310553789601,True,False
BUCHHOLZ2026,pre pit 16 mg/L | main gen 1 mg/L | panel D|1,4,6.146128035678238,3.694605198933569,3.694605198933569,True,False
BUCHHOLZ2026,pre pit 16 mg/L | main gen 2 mg/L | panel D|1,4,7.008600171761918,3.5563025007672873,3.8530895298518657,True,False
BUCHHOLZ2026,pre pit 2 mg/L | main gen 1 mg/L | panel D|1,4,6.903089986991944,5.146128035678238,5.146128035678238,True,False
BUCHHOLZ2026,pre pit 2 mg/L | main gen 2 mg/L | panel D|1,4,6.919078092376074,3.9614210940664485,4.378397900948138,True,False
BUCHHOLZ2026,pre pit 32 mg/L | main gen 1 mg/L | panel D|1,4,6.724275869600789,3.7551122663950713,3.7551122663950713,True,False
BUCHHOLZ2026,pre pit 32 mg/L | main gen 2 mg/L | panel D|1,4,6.968482948553935,3.387389826338729,3.404833716619938,True,False
BUCHHOLZ2026,pre pit 4 mg/L | main gen 1 mg/L | panel D|1,4,6.477121254719663,4.653212513775344,4.653212513775344,True,False
BUCHHOLZ2026,pre pit 4 mg/L | main gen 2 mg/L | panel D|1,4,7.146128035678238,4.193124598354461,4.217483944213907,True,False
BUCHHOLZ2026,pre pit 8 mg/L | main gen 1 mg/L | panel D|1,4,6.690196080028514,4.1673173347481764,4.1673173347481764,True,False
BUCHHOLZ2026,pre pit 8 mg/L | main gen 2 mg/L | panel D|1,4,7.146128035678238,3.7745169657285498,4.146128035678238,True,False
BUCHHOLZ2026,preonly | pause 0 min|220704/A,4,8.410174465016667,8.410174465016667,9.91330915214838,False,False
BUCHHOLZ2026,preonly | pause 0 min|220704/B,4,8.698970004336019,8.698970004336019,9.703086570563627,False,False
EDOO2026,Alpibectir 0.3 mg/L|1,12,6.3,5.7,8.14,True,True
EDOO2026,Alpibectir 0.3 mg/L|2,12,6.31,5.95,7.83,False,False
EDOO2026,Alpibectir 0.3 mg/L|3,12,5.88,5.66,8.22,False,False
EDOO2026,Eto 2.5 mg/L|1,12,6.3,2.0,7.05,True,True
EDOO2026,Eto 2.5 mg/L|2,12,6.31,2.0,2.77,True,True
EDOO2026,Eto 2.5 mg/L|3,12,5.88,2.0,7.48,True,True
EDOO2026,Eto 2.5 mg/L + Alpibectir 0.003 mg/L|1,12,6.3,2.0,2.0,True,False
EDOO2026,Eto 2.5 mg/L + Alpibectir 0.003 mg/L|2,12,6.31,2.0,2.0,True,False
EDOO2026,Eto 2.5 mg/L + Alpibectir 0.003 mg/L|3,12,5.88,2.0,2.0,True,False
EDOO2026,Eto 2.5 mg/L + Alpibectir 0.03 mg/L|1,12,6.3,2.0,2.0,True,False
EDOO2026,Eto 2.5 mg/L + Alpibectir 0.03 mg/L|2,12,6.31,2.0,2.0,True,False
EDOO2026,Eto 2.5 mg/L + Alpibectir 0.03 mg/L|3,12,5.88,2.0,2.0,True,False
EDOO2026,Eto 2.5 mg/L + Alpibectir 0.3 mg/L|1,12,6.3,2.0,2.0,True,False
EDOO2026,Eto 2.5 mg/L + Alpibectir 0.3 mg/L|2,12,6.31,2.0,2.0,True,False
EDOO2026,Eto 2.5 mg/L + Alpibectir 0.3 mg/L|3,12,5.88,2.0,2.0,True,False
EDOO2026,Eto 25 mg/L|1,12,6.3,2.0,2.0,True,False
EDOO2026,Eto 25 mg/L|2,12,6.31,2.0,2.0,True,False
EDOO2026,Eto 25 mg/L|3,12,5.88,2.0,4.74,True,True
EDOO2026,INH 2.5 mg/L|1,12,6.3,2.85,7.56,True,True
EDOO2026,INH 2.5 mg/L|2,12,6.31,2.0,7.76,True,True
EDOO2026,INH 2.5 mg/L|3,12,5.88,3.14,7.95,True,True
EDOO2026,No drug|1,6,6.3,6.3,8.8,False,False
EDOO2026,No drug|2,6,6.31,6.31,9.21,False,False
EDOO2026,No drug|3,6,5.88,5.88,8.48,False,False
EDOO2026,No treatment|1,6,5.7,5.7,8.4,False,False
EDOO2026,No treatment|2,6,5.95,5.95,8.12,False,False
EDOO2026,No treatment|3,6,5.66,5.66,8.19,False,False
GEERTS2022,Anaerobic incubation in BHI|GC-R1,7,6.135662390149054,0.0,0.0,True,False
GEERTS2022,Anaerobic incubation in BHI|GC-R2,7,6.2218485758985285,0.0,0.0,True,False
GEERTS2022,Anaerobic incubation in BHI|GC-R3,6,6.124938628034666,4.845098040014257,4.845098040014257,True,False
GEERTS2022,Anaerobic incubation in THY|GC-R1,9,6.185636482550057,0.0,0.0,True,False
GEERTS2022,Anaerobic incubation in THY|GC-R2,9,5.970036621517357,0.0,1.5185139398778875,True,True
GEERTS2022,Anaerobic incubation in THY|GC-R3,9,6.135662390149054,1.8195439355418688,1.8195439355418688,True,False
GEERTS2022,Catalase (1000 U/mL) in BHI|GC-R1,7,5.8846062036503906,0.0,0.0,True,False
GEERTS2022,Catalase (1000 U/mL) in BHI|GC-R2,7,5.886490725172482,0.0,0.0,True,False
GEERTS2022,Catalase (1000 U/mL) in BHI|GC-R3,7,5.82390830664962,0.0,0.0,True,False
GEERTS2022,Catalase (1000 U/mL) in BHI|GC-R4,7,5.726998456502126,0.0,0.0,True,False
GEERTS2022,Catalase (1000 U/mL) in BHI|GC-R5,7,5.903089986991944,0.0,0.0,True,False
GEERTS2022,Catalase (1000 U/mL) in BHI|GC-R6,7,5.845098040014257,0.0,0.0,True,False
GEERTS2022,Catalase (1000 U/mL) in MHL|GC-R1,8,5.886490725172482,5.886490725172482,7.6020599913279625,False,False
GEERTS2022,Catalase (1000 U/mL) in MHL|GC-R2,9,6.919078092376074,2.361727836017593,2.361727836017593,True,False
GEERTS2022,Catalase (1000 U/mL) in THY|GC-R1,9,5.954242509439325,3.146128035678238,3.146128035678238,True,False
GEERTS2022,Catalase (1000 U/mL) in THY|GC-R2,9,5.724275869600789,3.0791812460476247,3.0791812460476247,True,False
GEERTS2022,Catalase (1000 U/mL) in THY|GC-R3,9,5.778151250383644,3.0542299098633974,3.0542299098633974,True,False
GEERTS2022,Catalase (1000 U/mL) in THY|GC-R4,9,5.778151250383644,3.3010299956639813,3.3010299956639813,True,False
GEERTS2022,Catalase (1000 U/mL) in THY|GC-R5,9,5.801632117657063,3.668944734457734,3.668944734457734,True,False
GEERTS2022,Catalase (1000 U/mL) in THY|GC-R6,9,5.636821763514368,2.5634810853944106,2.5634810853944106,True,False
GEERTS2022,Choline chloride (10 mM) in BHI|GC-R1,7,5.8846062036503906,1.5185139398778875,1.5185139398778875,True,False
GEERTS2022,Choline chloride (10 mM) in BHI|GC-R2,7,5.886490725172482,0.0,0.0,True,False
GEERTS2022,Choline chloride (10 mM) in BHI|GC-R3,7,5.82390830664962,0.0,0.0,True,False
GEERTS2022,Choline chloride (10 mM) in MHL|GC-R1,8,5.886490725172482,5.886490725172482,7.863322860120456,False,False
GEERTS2022,Choline chloride (10 mM) in MHL|GC-R2,9,6.919078092376074,2.6334684555795866,2.6334684555795866,True,False
GEERTS2022,Choline chloride (10 mM) in THY|GC-R1,9,5.954242509439325,3.668944734457734,3.668944734457734,True,False
GEERTS2022,Choline chloride (10 mM) in THY|GC-R2,9,5.724275869600789,3.0542299098633974,3.0542299098633974,True,False
GEERTS2022,Choline chloride (10 mM) in THY|GC-R3,9,5.778151250383644,3.1760912590556813,3.1760912590556813,True,False
GEERTS2022,Control in BHI|GC-R1,7,5.8846062036503906,0.0,0.0,True,False
GEERTS2022,Control in BHI|GC-R10,3,5.937851759178349,0.0,0.0,True,False
GEERTS2022,Control in BHI|GC-R11,7,5.564270640811514,0.0,0.0,True,False
GEERTS2022,Control in BHI|GC-R12,7,5.698970004336019,0.0,0.0,True,False
GEERTS2022,Control in BHI|GC-R13,7,5.669006160537444,0.0,0.0,True,False
GEERTS2022,Control in BHI|GC-R14,7,5.778151250383644,0.0,0.0,True,False
GEERTS2022,Control in BHI|GC-R15,7,5.636821763514368,0.0,0.0,True,False
GEERTS2022,Control in BHI|GC-R2,7,5.886490725172482,0.0,0.0,True,False
GEERTS2022,Control in BHI|GC-R3,7,5.82390830664962,0.0,0.0,True,False
GEERTS2022,Control in BHI|GC-R4,7,5.726998456502126,0.0,0.0,True,False
GEERTS2022,Control in BHI|GC-R5,6,5.903089986991944,3.801609488027319,3.920801381825654,True,False
GEERTS2022,Control in BHI|GC-R6,7,5.845098040014257,0.0,0.0,True,False
GEERTS2022,Control in BHI|GC-R7,7,6.135662390149054,0.0,0.0,True,False
GEERTS2022,Control in BHI|GC-R8,7,6.2218485758985285,0.0,0.0,True,False
GEERTS2022,Control in BHI|GC-R9,7,6.124938628034666,0.0,0.0,True,False
GEERTS2022,Control in MHL|GC-R1,8,5.886490725172482,5.886490725172482,7.799340549453582,False,False
GEERTS2022,Control in MHL|GC-R10,5,5.7533271557236265,5.7533271557236265,8.564271429648937,False,False
GEERTS2022,Control in MHL|GC-R11,5,5.7533271557236265,5.7533271557236265,8.367976784674173,False,False
GEERTS2022,Control in MHL|GC-R12,8,5.7533271557236265,5.7533271557236265,7.386201599451554,False,False
GEERTS2022,Control in MHL|GC-R13,8,5.801632117657063,5.801632117657063,7.782950128492946,False,False
GEERTS2022,Control in MHL|GC-R14,6,5.698970004336019,5.669006160537444,8.342422680822207,False,False
GEERTS2022,Control in MHL|GC-R15,5,6.166331224359897,6.166331224359897,8.367976784674173,False,False
GEERTS2022,Control in MHL|GC-R16,6,5.845098040014257,0.0,0.0,True,False
GEERTS2022,Control in MHL|GC-R17,6,4.522874402313803,0.0,0.0,True,False
GEERTS2022,Control in MHL|GC-R18,5,5.801632117657063,5.801632117657063,7.6368220942464475,False,False
GEERTS2022,Control in MHL|GC-R19,9,5.6020599913279625,0.0,0.0,True,False
GEERTS2022,Control in MHL|GC-R2,9,6.919078092376074,2.3010299956639813,2.3010299956639813,True,False
GEERTS2022,Control in MHL|GC-R20,8,5.669006160537444,0.0,0.0,True,False
GEERTS2022,Control in MHL|GC-R3,6,5.8846062036503906,5.8846062036503906,8.301029995663981,False,False
GEERTS2022,Control in MHL|GC-R4,6,5.7533271557236265,5.7533271557236265,8.564271429648937,False,False
GEERTS2022,Control in MHL|GC-R5,6,5.7533271557236265,5.7533271557236265,8.367976784674173,False,False
GEERTS2022,Control in MHL|GC-R6,8,5.7533271557236265,5.7533271557236265,7.386201599451554,False,False
GEERTS2022,Control in MHL|GC-R7,8,5.801632117657063,5.801632117657063,7.782950128492946,False,False
GEERTS2022,Control in MHL|GC-R8,6,5.698970004336019,5.669006160537444,8.342422680822207,False,False
GEERTS2022,Control in MHL|GC-R9,5,5.8846062036503906,5.8846062036503906,8.301029995663981,False,False
GEERTS2022,Control in THY|GC-R1,9,5.954242509439325,2.9542425094393248,2.9542425094393248,True,False
GEERTS2022,Control in THY|GC-R10,6,5.636821763514368,0.0,0.0,True,False
GEERTS2022,Control in THY|GC-R11,7,5.301029995663981,1.5185139398778875,1.5185139398778875,True,False
GEERTS2022,Control in THY|GC-R12,7,5.669006160537444,1.5185139398778875,1.5185139398778875,True,False
GEERTS2022,Control in THY|GC-R13,9,5.6020599913279625,0.0,0.0,True,False
GEERTS2022,Control in THY|GC-R14,9,5.477121254719663,1.5185139398778875,1.5185139398778875,True,False
GEERTS2022,Control in THY|GC-R15,9,5.636821763514368,1.5185139398778875,1.5185139398778875,True,False
GEERTS2022,Control in THY|GC-R2,9,5.724275869600789,2.4771212547196626,2.4771212547196626,True,False
GEERTS2022,Control in THY|GC-R3,9,5.778151250383644,2.4771212547196626,2.4771212547196626,True,False
GEERTS2022,Control in THY|GC-R4,9,5.778151250383644,3.3010299956639813,3.3010299956639813,True,False
GEERTS2022,Control in THY|GC-R5,9,5.801632117657063,3.6989700043360187,3.6989700043360187,True,False
GEERTS2022,Control in THY|GC-R6,9,5.636821763514368,2.823474229170301,2.823474229170301,True,False
GEERTS2022,Control in THY|GC-R7,8,6.185636482550057,2.367355921026019,2.367355921026019,True,False
GEERTS2022,Control in THY|GC-R8,9,5.970036621517357,2.884228769632604,2.884228769632604,True,False
GEERTS2022,Control in THY|GC-R9,9,6.135662390149054,3.4865721505183562,3.4865721505183562,True,False
GEERTS2022,"Diluted stationary, Amoxicillin 100x MIC|HKC-Clone 1-R1",6,7.367976779090387,5.669006160537444,5.669006160537444,True,False
GEERTS2022,"Diluted stationary, Amoxicillin 100x MIC|HKC-Clone 1-R2",6,7.726998725221922,5.815134595057939,5.815134595057939,True,False
GEERTS2022,"Diluted stationary, Amoxicillin 100x MIC|HKC-Clone 1-R3",4,7.669006774754369,7.230448921378274,7.698970004336019,False,False
GEERTS2022,"Diluted stationary, Amoxicillin 100x MIC|TK-D39-R1",5,7.865301424128478,4.75332255728171,4.75332255728171,True,False
GEERTS2022,"Diluted stationary, Amoxicillin 100x MIC|TK-D39-R2",5,7.5642714225423,4.75332255728171,4.75332255728171,True,False
GEERTS2022,"Diluted stationary, Amoxicillin 100x MIC|TK-D39-R3",5,7.01424042510511,5.041392685158225,5.041392685158225,True,False
GEERTS2022,"Diluted stationary, Amoxicillin 100x MIC|TK-D39-R4",4,7.753327661549265,5.865301228695916,5.865301228695916,True,False
GEERTS2022,"Diluted stationary, Amoxicillin 100x MIC|TK-D39-R5",4,7.884606577521457,5.5228783109856385,5.5228783109856385,True,False
GEERTS2022,"Diluted stationary, Amoxicillin 100x MIC|TK-D39-R6",4,7.477121254719663,6.124938628034666,6.124938628034666,True,False
GEERTS2022,"Diluted stationary, Cefuroxime 100x MIC|HKC-Clone 1-R1",6,7.5642714225423,5.919078092376074,5.919078092376074,True,False
GEERTS2022,"Diluted stationary, Cefuroxime 100x MIC|HKC-Clone 1-R2",6,7.6020599913279625,5.773298503603499,5.773298503603499,True,False
GEERTS2022,"Diluted stationary, Cefuroxime 100x MIC|HKC-Clone 1-R3",7,7.669006774754369,6.135662390149054,6.166331224359897,True,False
GEERTS2022,"Diluted stationary, Cefuroxime 100x MIC|TK-D39-R1",5,7.698970004336019,5.477121254719663,5.477121254719663,True,False
GEERTS2022,"Diluted stationary, Cefuroxime 100x MIC|TK-D39-R2",5,7.6368220942464475,5.146128035678238,5.146128035678238,True,False
GEERTS2022,"Diluted stationary, Cefuroxime 100x MIC|TK-D39-R3",5,7.079181246047625,5.505149978319906,5.505149978319906,True,False
GEERTS2022,"Diluted stationary, Cefuroxime 100x MIC|TK-D39-R4",4,7.753327661549265,5.937851759178349,5.937851759178349,True,False
GEERTS2022,"Diluted stationary, Cefuroxime 100x MIC|TK-D39-R5",4,7.884606577521457,5.920818580234548,5.920818580234548,True,False
GEERTS2022,"Diluted stationary, Cefuroxime 100x MIC|TK-D39-R6",4,7.477121254719663,5.778151250383644,5.778151250383644,True,False
GEERTS2022,"Diluted stationary, Moxifloxacin 100x MIC|HKC-Clone 1-R1",6,7.6368220942464475,5.271065221232047,5.271065221232047,True,False
GEERTS2022,"Diluted stationary, Moxifloxacin 100x MIC|HKC-Clone 1-R2",6,7.753327661549265,4.380211241711606,4.380211241711606,True,False
GEERTS2022,"Diluted stationary, Moxifloxacin 100x MIC|HKC-Clone 1-R3",7,7.903089986991944,5.263240645147532,5.301029995663981,True,False
GEERTS2022,"Diluted stationary, Moxifloxacin 100x MIC|TK-D39-R1",5,7.726998725221922,4.636818756847542,4.636818756847542,True,False
GEERTS2022,"Diluted stationary, Moxifloxacin 100x MIC|TK-D39-R2",5,7.726998725221922,4.522874402313803,4.522874402313803,True,False
GEERTS2022,"Diluted stationary, Moxifloxacin 100x MIC|TK-D39-R3",5,7.0,4.4259578747745145,4.4259578747745145,True,False
GEERTS2022,"Diluted stationary, Moxifloxacin 100x MIC|TK-D39-R4",4,7.753327661549265,5.698970004336019,5.698970004336019,True,False
GEERTS2022,"Diluted stationary, Moxifloxacin 100x MIC|TK-D39-R5",4,7.884606577521457,5.669006160537444,5.669006160537444,True,False
GEERTS2022,"Diluted stationary, Moxifloxacin 100x MIC|TK-D39-R6",4,7.477121254719663,5.124937650870738,5.124937650870738,True,False
GEERTS2022,"Diluted stationary, Vancomycin 100x MIC|HKC-Clone 1-R1",6,7.6020599913279625,6.7558748556724915,6.7558748556724915,True,False
GEERTS2022,"Diluted stationary, Vancomycin 100x MIC|HKC-Clone 1-R2",5,7.6368220942464475,6.8061799739838875,6.8061799739838875,True,False
GEERTS2022,"Diluted stationary, Vancomycin 100x MIC|HKC-Clone 1-R3",6,7.5642714225423,7.156347190760052,7.156347190760052,False,False
GEERTS2022,"Diluted stationary, Vancomycin 100x MIC|HKC-Clone 1-R4",7,7.522878740937393,6.636822064179905,6.636822064179905,True,False
GEERTS2022,"Diluted stationary, Vancomycin 100x MIC|HKC-Clone 1-R5",7,7.5642714225423,6.500602259138758,6.500602259138758,True,False
GEERTS2022,"Diluted stationary, Vancomycin 100x MIC|HKC-Clone 1-R6",7,7.884606577521457,6.301029995663981,6.301029995663981,True,False
GEERTS2022,"Diluted stationary, Vancomycin 100x MIC|TK-D39-R1",5,7.865301424128478,6.4259686236986475,6.4259686236986475,True,False
GEERTS2022,"Diluted stationary, Vancomycin 100x MIC|TK-D39-R2",5,7.698970004336019,6.509650434773953,6.509650434773953,True,False
GEERTS2022,"Diluted stationary, Vancomycin 100x MIC|TK-D39-R3",5,7.01424042510511,5.865301228695916,5.865301228695916,True,False
GEERTS2022,"Diluted stationary, Vancomycin 100x MIC|TK-D39-R4",4,7.753327661549265,7.066946764813785,7.066946764813785,True,False
GEERTS2022,"Diluted stationary, Vancomycin 100x MIC|TK-D39-R5",4,7.884606577521457,6.884606543533192,6.884606543533192,True,False
GEERTS2022,"Diluted stationary, Vancomycin 100x MIC|TK-D39-R6",4,7.477121254719663,6.884606543533192,6.884606543533192,True,False
GEERTS2022,"Diluted stationary, control|TK-D39-R1",5,7.669006774754369,7.669006774754369,8.124938735522564,False,False
GEERTS2022,"Diluted stationary, control|TK-D39-R2",4,7.477121254719663,7.477121254719663,8.091080468173564,False,False
GEERTS2022,"Diluted stationary, control|TK-D39-R3",5,7.124938725750938,7.124938725750938,8.221848747879179,False,False
GEERTS2022,"Diluted stationary, control|TK-D39-R4",3,7.753327661549265,7.477121254719663,7.477121254719663,False,False
GEERTS2022,"Diluted stationary, control|TK-D39-R5",4,7.884606577521457,7.51410481210968,8.367976784674173,False,False
GEERTS2022,"Diluted stationary, control|TK-D39-R6",4,7.477121254719663,7.477121254719663,8.146128035678238,False,False
GEERTS2022,"Exponential, Amoxicillin 100x MIC|HKC-Clone 1-R1",7,6.75332761556514,2.0511525224473814,2.0511525224473814,True,False
GEERTS2022,"Exponential, Amoxicillin 100x MIC|HKC-Clone 1-R2",7,6.865301406361885,0.3979400086720376,0.3979400086720376,True,False
GEERTS2022,"Exponential, Amoxicillin 100x MIC|HKC-Clone 1-R3",7,6.884606543533192,1.0,1.0,True,False
GEERTS2022,"Exponential, Amoxicillin 100x MIC|HKC-Clone 1-R4",6,6.301029995663981,1.0969100130080565,1.0969100130080565,True,False
GEERTS2022,"Exponential, Amoxicillin 100x MIC|HKC-Clone 1-R5",6,6.477121254719663,0.0,1.2430380486862944,True,True
GEERTS2022,"Exponential, Amoxicillin 100x MIC|HKC-Clone 1-R6",6,5.937851759178349,0.8750612633917001,0.8750612633917001,True,False
GEERTS2022,"Exponential, Amoxicillin 100x MIC|TK-D39-R1",7,6.342422680822207,0.0,0.6989700043360189,True,True
GEERTS2022,"Exponential, Amoxicillin 100x MIC|TK-D39-R10",7,6.066946541462267,1.2430380486862944,1.2430380486862944,True,False
GEERTS2022,"Exponential, Amoxicillin 100x MIC|TK-D39-R11",6,6.564271351475923,0.0,0.0,True,False
GEERTS2022,"Exponential, Amoxicillin 100x MIC|TK-D39-R12",7,6.6020599913279625,1.0,1.0,True,False
GEERTS2022,"Exponential, Amoxicillin 100x MIC|TK-D39-R2",7,6.477121254719663,0.3979400086720376,0.3979400086720376,True,False
GEERTS2022,"Exponential, Amoxicillin 100x MIC|TK-D39-R3",7,6.477121254719663,0.0,0.0,True,False
GEERTS2022,"Exponential, Amoxicillin 100x MIC|TK-D39-R4",5,6.801632323375562,2.220108088040055,2.220108088040055,True,False
GEERTS2022,"Exponential, Amoxicillin 100x MIC|TK-D39-R5",5,6.636822064179905,1.9030899869919435,1.9030899869919435,True,False
GEERTS2022,"Exponential, Amoxicillin 100x MIC|TK-D39-R6",5,6.6020599913279625,2.322219294733919,2.322219294733919,True,False
GEERTS2022,"Exponential, Amoxicillin 100x MIC|TK-D39-R7",4,6.124938628034666,3.2216749970707688,3.2216749970707688,True,False
GEERTS2022,"Exponential, Amoxicillin 100x MIC|TK-D39-R8",4,6.6020599913279625,2.884228769632604,2.884228769632604,True,False
GEERTS2022,"Exponential, Amoxicillin 100x MIC|TK-D39-R9",4,6.301029995663981,3.0,3.0,True,False
GEERTS2022,"Exponential, Cefuroxime 100x MIC|HKC-Clone 1-R1",7,6.778151250383644,2.1760912590556813,2.1760912590556813,True,False
GEERTS2022,"Exponential, Cefuroxime 100x MIC|HKC-Clone 1-R2",7,6.845098040014257,0.0,0.0,True,False
GEERTS2022,"Exponential, Cefuroxime 100x MIC|HKC-Clone 1-R3",7,6.801632323375562,0.8750612633917001,0.8750612633917001,True,False
GEERTS2022,"Exponential, Cefuroxime 100x MIC|HKC-Clone 1-R4",6,6.522878701850887,0.8750612633917001,0.8750612633917001,True,False
GEERTS2022,"Exponential, Cefuroxime 100x MIC|HKC-Clone 1-R5",6,5.778151250383644,1.0,1.2430380486862944,True,False
GEERTS2022,"Exponential, Cefuroxime 100x MIC|HKC-Clone 1-R6",6,6.301029995663981,1.3979400086720377,1.3979400086720377,True,False
GEERTS2022,"Exponential, Cefuroxime 100x MIC|TK-D39-R1",7,6.2863066639649094,0.0,0.0,True,False
GEERTS2022,"Exponential, Cefuroxime 100x MIC|TK-D39-R10",7,6.066946541462267,1.3979400086720377,1.3979400086720377,True,False
GEERTS2022,"Exponential, Cefuroxime 100x MIC|TK-D39-R11",6,6.564271351475923,0.6989700043360189,0.6989700043360189,True,False
GEERTS2022,"Exponential, Cefuroxime 100x MIC|TK-D39-R12",7,6.6020599913279625,1.4393326938302626,1.4393326938302626,True,False
GEERTS2022,"Exponential, Cefuroxime 100x MIC|TK-D39-R2",7,6.636822064179905,0.0,0.8750612633917001,True,True
GEERTS2022,"Exponential, Cefuroxime 100x MIC|TK-D39-R3",7,6.698970004336019,0.0,0.0,True,False
GEERTS2022,"Exponential, Cefuroxime 100x MIC|TK-D39-R4",5,6.75332761556514,2.7267272090265724,2.7267272090265724,True,False
GEERTS2022,"Exponential, Cefuroxime 100x MIC|TK-D39-R5",5,6.669006718916502,2.832508912706236,2.832508912706236,True,False
GEERTS2022,"Exponential, Cefuroxime 100x MIC|TK-D39-R6",5,6.698970004336019,2.9395192526186187,2.9395192526186187,True,False
GEERTS2022,"Exponential, Cefuroxime 100x MIC|TK-D39-R7",4,6.124938628034666,4.135641416386668,4.135641416386668,True,False
GEERTS2022,"Exponential, Cefuroxime 100x MIC|TK-D39-R8",4,6.6020599913279625,4.0543448887676306,4.0543448887676306,True,False
GEERTS2022,"Exponential, Cefuroxime 100x MIC|TK-D39-R9",4,6.301029995663981,3.9852467908028615,3.9852467908028615,True,False
GEERTS2022,"Exponential, Moxifloxacin 100x MIC|HKC-Clone 1-R1",7,6.823908697514868,1.6020599913279623,1.6020599913279623,True,False
GEERTS2022,"Exponential, Moxifloxacin 100x MIC|HKC-Clone 1-R2",7,6.564271351475923,0.0,0.0,True,False
GEERTS2022,"Exponential, Moxifloxacin 100x MIC|HKC-Clone 1-R3",7,6.636822064179905,1.0969100130080565,1.0969100130080565,True,False
GEERTS2022,"Exponential, Moxifloxacin 100x MIC|HKC-Clone 1-R4",6,6.2218485758985285,0.6989700043360189,0.6989700043360189,True,False
GEERTS2022,"Exponential, Moxifloxacin 100x MIC|HKC-Clone 1-R5",6,6.522878701850887,0.3979400086720376,0.3979400086720376,True,False
GEERTS2022,"Exponential, Moxifloxacin 100x MIC|HKC-Clone 1-R6",6,6.301029995663981,0.0,0.0,True,False
GEERTS2022,"Exponential, Moxifloxacin 100x MIC|TK-D39-R1",7,6.477121254719663,0.0,0.0,True,False
GEERTS2022,"Exponential, Moxifloxacin 100x MIC|TK-D39-R10",7,6.066946541462267,0.6989700043360189,0.6989700043360189,True,False
GEERTS2022,"Exponential, Moxifloxacin 100x MIC|TK-D39-R11",6,6.564271351475923,0.0,0.0,True,False
GEERTS2022,"Exponential, Moxifloxacin 100x MIC|TK-D39-R12",7,6.6020599913279625,0.0,0.0,True,False
GEERTS2022,"Exponential, Moxifloxacin 100x MIC|TK-D39-R2",7,6.522878701850887,0.0,0.6989700043360189,True,True
GEERTS2022,"Exponential, Moxifloxacin 100x MIC|TK-D39-R3",7,6.669006718916502,0.0,0.0,True,False
GEERTS2022,"Exponential, Moxifloxacin 100x MIC|TK-D39-R4",5,7.091080457609643,2.220108088040055,2.220108088040055,True,False
GEERTS2022,"Exponential, Moxifloxacin 100x MIC|TK-D39-R5",5,6.669006718916502,2.361727836017593,2.361727836017593,True,False
GEERTS2022,"Exponential, Moxifloxacin 100x MIC|TK-D39-R6",5,6.301029995663981,2.5440680443502757,2.5440680443502757,True,False
GEERTS2022,"Exponential, Moxifloxacin 100x MIC|TK-D39-R7",4,6.124938628034666,3.52283531366053,3.52283531366053,True,False
GEERTS2022,"Exponential, Moxifloxacin 100x MIC|TK-D39-R8",4,6.6020599913279625,3.0542299098633974,3.0542299098633974,True,False
GEERTS2022,"Exponential, Moxifloxacin 100x MIC|TK-D39-R9",4,6.301029995663981,3.0141003215196207,3.0141003215196207,True,False
GEERTS2022,"Exponential, Vancomycin 100x MIC|HKC-Clone 1-R1",7,6.801632323375562,0.3979400086720376,0.3979400086720376,True,False
GEERTS2022,"Exponential, Vancomycin 100x MIC|HKC-Clone 1-R2",7,7.176091259055681,0.0,0.0,True,False
GEERTS2022,"Exponential, Vancomycin 100x MIC|HKC-Clone 1-R3",7,6.823908697514868,0.3979400086720376,0.3979400086720376,True,False
GEERTS2022,"Exponential, Vancomycin 100x MIC|HKC-Clone 1-R4",6,6.204119982655925,0.3979400086720376,0.3979400086720376,True,False
GEERTS2022,"Exponential, Vancomycin 100x MIC|HKC-Clone 1-R5",6,6.2218485758985285,0.8750612633917001,0.8750612633917001,True,False
GEERTS2022,"Exponential, Vancomycin 100x MIC|HKC-Clone 1-R6",6,4.823904397977785,0.0,0.8750612633917001,True,True
GEERTS2022,"Exponential, Vancomycin 100x MIC|TK-D39-R1",7,6.6020599913279625,0.0,0.0,True,False
GEERTS2022,"Exponential, Vancomycin 100x MIC|TK-D39-R10",7,6.066946541462267,0.3979400086720376,0.3979400086720376,True,False
GEERTS2022,"Exponential, Vancomycin 100x MIC|TK-D39-R11",6,6.564271351475923,0.0,0.3979400086720376,True,False
GEERTS2022,"Exponential, Vancomycin 100x MIC|TK-D39-R12",7,6.6020599913279625,0.0,0.3979400086720376,True,False
GEERTS2022,"Exponential, Vancomycin 100x MIC|TK-D39-R2",7,6.75332761556514,0.6989700043360189,0.8750612633917001,True,False
GEERTS2022,"Exponential, Vancomycin 100x MIC|TK-D39-R3",7,6.778151250383644,0.0,0.3979400086720376,True,False
GEERTS2022,"Exponential, Vancomycin 100x MIC|TK-D39-R4",4,6.920818736580595,4.4259578747745145,4.4259578747745145,True,False
GEERTS2022,"Exponential, Vancomycin 100x MIC|TK-D39-R5",5,6.698970004336019,3.037426497940624,3.037426497940624,True,False
GEERTS2022,"Exponential, Vancomycin 100x MIC|TK-D39-R6",5,6.564271351475923,3.184691430817599,3.184691430817599,True,False
GEERTS2022,"Exponential, Vancomycin 100x MIC|TK-D39-R7",4,6.124938628034666,4.271051261492347,4.271051261492347,True,False
GEERTS2022,"Exponential, Vancomycin 100x MIC|TK-D39-R8",4,6.6020599913279625,4.0543448887676306,4.0543448887676306,True,False
GEERTS2022,"Exponential, Vancomycin 100x MIC|TK-D39-R9",4,6.301029995663981,4.0910687315000125,4.0910687315000125,True,False
GEERTS2022,"Exponential, control|TK-D39-R1",7,6.355387530252884,6.355387530252884,6.801632323375562,False,False
GEERTS2022,"Exponential, control|TK-D39-R10",7,6.066946541462267,6.066946541462267,7.985276740184159,False,False
GEERTS2022,"Exponential, control|TK-D39-R11",6,6.564271351475923,6.564271351475923,7.865301424128478,False,False
GEERTS2022,"Exponential, control|TK-D39-R12",7,6.6020599913279625,6.6020599913279625,7.903089986991944,False,False
GEERTS2022,"Exponential, control|TK-D39-R2",7,6.535715927820995,6.535715927820995,7.865301424128478,False,False
GEERTS2022,"Exponential, control|TK-D39-R3",7,6.726998700792857,6.726998700792857,6.778151250383644,False,False
GEERTS2022,"Exponential, control|TK-D39-R4",5,6.823908697514868,6.823908697514868,8.564271429648937,False,False
GEERTS2022,"Exponential, control|TK-D39-R5",5,6.669006718916502,6.669006718916502,8.425968731186545,False,False
GEERTS2022,"Exponential, control|TK-D39-R6",5,6.778151250383644,6.778151250383644,8.753327666147676,False,False
GEERTS2022,"Exponential, control|TK-D39-R7",4,6.124938628034666,6.124938628034666,8.348953547332963,False,False
GEERTS2022,"Exponential, control|TK-D39-R8",4,6.6020599913279625,6.6020599913279625,8.698970004336019,False,False
GEERTS2022,"Exponential, control|TK-D39-R9",4,6.301029995663981,6.2218485758985285,8.669006780338155,False,False
GEERTS2022,"long-living model, no antibiotic|VAL-85-R1",6,5.367976164873463,5.367976164873463,8.185636576017794,False,False
GEERTS2022,"long-living model, no antibiotic|VAL-85-R10",6,5.0,5.0,7.884606577521457,False,False
GEERTS2022,"long-living model, no antibiotic|VAL-85-R11",6,5.301029995663981,5.301029995663981,7.753327661549265,False,False
GEERTS2022,"long-living model, no antibiotic|VAL-85-R12",6,5.564270640811514,5.221847012434955,8.156347199849938,False,False
GEERTS2022,"long-living model, no antibiotic|VAL-85-R2",6,4.823904397977785,4.823904397977785,7.970036775071505,False,False
GEERTS2022,"long-living model, no antibiotic|VAL-85-R3",5,5.636821763514368,5.636821763514368,8.102662339611387,False,False
GEERTS2022,"long-living model, no antibiotic|VAL-85-R4",6,5.669006160537444,5.669006160537444,7.970036775071505,False,False
GEERTS2022,"long-living model, no antibiotic|VAL-85-R5",5,5.7533271557236265,5.425967646534719,7.920818752215197,False,False
GEERTS2022,"long-living model, no antibiotic|VAL-85-R6",6,5.903089986991944,5.82390830664962,7.884606577521457,False,False
GEERTS2022,"long-living model, no antibiotic|VAL-85-R7",6,6.028028452166107,6.028028452166107,7.698970004336019,False,False
GEERTS2022,"long-living model, no antibiotic|VAL-85-R8",6,6.028028452166107,6.028028452166107,7.301029995663981,False,False
GEERTS2022,"long-living model, no antibiotic|VAL-85-R9",6,5.7533271557236265,5.7533271557236265,7.522878740937393,False,False
GEERTS2022,"long-living model, no antibiotic|VAL-88-R1",6,5.903089986991944,5.903089986991944,8.669006780338155,False,False
GEERTS2022,"long-living model, no antibiotic|VAL-88-R10",6,5.845098040014257,5.845098040014257,8.462397997898956,False,False
GEERTS2022,"long-living model, no antibiotic|VAL-88-R11",6,5.801632117657063,5.801632117657063,8.342422680822207,False,False
GEERTS2022,"long-living model, no antibiotic|VAL-88-R12",6,5.937851759178349,5.920818580234548,8.518513939877888,False,False
GEERTS2022,"long-living model, no antibiotic|VAL-88-R2",6,5.970036621517357,5.970036621517357,8.477121254719663,False,False
GEERTS2022,"long-living model, no antibiotic|VAL-88-R3",5,5.845098040014257,5.845098040014257,8.544068044350276,False,False
GEERTS2022,"long-living model, no antibiotic|VAL-88-R4",6,6.301029995663981,6.301029995663981,8.698970004336019,False,False
GEERTS2022,"long-living model, no antibiotic|VAL-88-R5",6,6.301029995663981,5.7533271557236265,8.367976784674173,True,True
GEERTS2022,"long-living model, no antibiotic|VAL-88-R6",6,6.2218485758985285,6.2218485758985285,8.80163234600459,False,False
GEERTS2022,"long-living model, no antibiotic|VAL-88-R7",6,6.124938628034666,6.124938628034666,7.801632343947406,False,False
GEERTS2022,"long-living model, no antibiotic|VAL-88-R8",6,5.985276443665755,5.985276443665755,7.301029995663981,False,False
GEERTS2022,"long-living model, no antibiotic|VAL-88-R9",6,5.920818580234548,5.920818580234548,8.0,False,False
GEERTS2022,"long-living model, no antibiotic|VAL-ATCC49619-R1",6,5.845098040014257,5.845098040014257,8.301029995663981,False,False
GEERTS2022,"long-living model, no antibiotic|VAL-ATCC49619-R10",6,5.425967646534719,5.425967646534719,8.113943352306837,False,False
GEERTS2022,"long-living model, no antibiotic|VAL-ATCC49619-R11",6,5.698970004336019,5.669006160537444,7.985276740184159,False,False
GEERTS2022,"long-living model, no antibiotic|VAL-ATCC49619-R12",6,5.221847012434955,5.221847012434955,8.271066770735485,False,False
GEERTS2022,"long-living model, no antibiotic|VAL-ATCC49619-R2",6,5.82390830664962,5.82390830664962,8.194976601367994,False,False
GEERTS2022,"long-living model, no antibiotic|VAL-ATCC49619-R3",5,5.698970004336019,5.698970004336019,8.16633141979246,False,False
GEERTS2022,"long-living model, no antibiotic|VAL-ATCC49619-R4",6,5.865301228695916,5.865301228695916,8.477121254719663,False,False
GEERTS2022,"long-living model, no antibiotic|VAL-ATCC49619-R5",6,5.845098040014257,5.301029995663981,8.0,True,True
GEERTS2022,"long-living model, no antibiotic|VAL-ATCC49619-R6",6,5.845098040014257,5.845098040014257,8.425968731186545,False,False
GEERTS2022,"long-living model, no antibiotic|VAL-ATCC49619-R7",6,6.079181246047625,6.079181246047625,7.6368220942464475,False,False
GEERTS2022,"long-living model, no antibiotic|VAL-ATCC49619-R8",6,5.985276443665755,5.985276443665755,7.6020599913279625,False,False
GEERTS2022,"long-living model, no antibiotic|VAL-ATCC49619-R9",6,6.301029995663981,6.301029995663981,7.5642714225423,False,False
GEERTS2022,"long-living model, no antibiotic|VAL-R6-R1",5,3.564192460626198,3.564192460626198,8.0,False,False
GEERTS2022,"long-living model, no antibiotic|VAL-R6-R10",6,5.425967646534719,5.425967646534719,6.823908697514868,False,False
GEERTS2022,"long-living model, no antibiotic|VAL-R6-R11",6,5.425967646534719,5.425967646534719,5.5228783109856385,False,False
GEERTS2022,"long-living model, no antibiotic|VAL-R6-R12",6,5.367976164873463,5.367976164873463,6.937852059843887,False,False
GEERTS2022,"long-living model, no antibiotic|VAL-R6-R2",6,4.124927879110533,4.124927879110533,8.079181246047625,False,False
GEERTS2022,"long-living model, no antibiotic|VAL-R6-R3",5,5.091079295576876,5.091079295576876,8.146128035678238,False,False
GEERTS2022,"long-living model, no antibiotic|VAL-R6-R4",6,5.726998456502126,5.726998456502126,7.522878740937393,False,False
GEERTS2022,"long-living model, no antibiotic|VAL-R6-R5",6,5.5228783109856385,5.5228783109856385,7.425968721414919,False,False
GEERTS2022,"long-living model, no antibiotic|VAL-R6-R6",6,5.5228783109856385,5.5228783109856385,7.367976779090387,False,False
GEERTS2022,"long-living model, no antibiotic|VAL-R6-R7",6,5.0,5.0,7.301029995663981,False,False
GEERTS2022,"long-living model, no antibiotic|VAL-R6-R8",6,4.823904397977785,4.823904397977785,6.920818736580595,False,False
GEERTS2022,"long-living model, no antibiotic|VAL-R6-R9",6,5.0,5.0,7.204119982655925,False,False
GEERTS2022,"long-living model, no antibiotic|VAL-TIGR4-R1",6,5.7533271557236265,5.7533271557236265,7.367976779090387,False,False
GEERTS2022,"long-living model, no antibiotic|VAL-TIGR4-R10",6,5.669006160537444,5.669006160537444,6.4259686236986475,False,False
GEERTS2022,"long-living model, no antibiotic|VAL-TIGR4-R11",6,5.920818580234548,5.920818580234548,6.0,False,False
GEERTS2022,"long-living model, no antibiotic|VAL-TIGR4-R12",6,5.636821763514368,5.301029995663981,8.221848747879179,False,False
GEERTS2022,"long-living model, no antibiotic|VAL-TIGR4-R13",6,5.726998456502126,5.636821763514368,8.146128035678238,False,False
GEERTS2022,"long-living model, no antibiotic|VAL-TIGR4-R14",6,5.669006160537444,5.425967646534719,8.041392685158225,False,False
GEERTS2022,"long-living model, no antibiotic|VAL-TIGR4-R2",6,5.367976164873463,5.367976164873463,7.6368220942464475,False,False
GEERTS2022,"long-living model, no antibiotic|VAL-TIGR4-R3",6,5.124937650870738,5.124937650870738,7.124938725750938,False,False
GEERTS2022,"long-living model, no antibiotic|VAL-TIGR4-R4",6,5.6020599913279625,5.6020599913279625,7.937852089910429,False,False
GEERTS2022,"long-living model, no antibiotic|VAL-TIGR4-R5",6,5.0,5.0,7.477121254719663,False,False
GEERTS2022,"long-living model, no antibiotic|VAL-TIGR4-R6",5,5.564270640811514,5.564270640811514,7.124938725750938,False,False
GEERTS2022,"long-living model, no antibiotic|VAL-TIGR4-R7",6,5.845098040014257,5.778151250383644,8.522878744846043,False,False
GEERTS2022,"long-living model, no antibiotic|VAL-TIGR4-R8",6,5.669006160537444,5.0,8.301029995663981,True,True
GEERTS2022,"long-living model, no antibiotic|VAL-TIGR4-R9",5,5.636821763514368,5.636821763514368,6.522878701850887,False,False
GEERTS2022,lytA knockout in BHI|GC-R1,4,5.6020599913279625,0.0,0.0,True,False
GEERTS2022,lytA knockout in BHI|GC-R2,4,5.477121254719663,0.0,0.0,True,False
GEERTS2022,lytA knockout in BHI|GC-R3,7,4.823904397977785,0.0,0.0,True,False
GEERTS2022,lytA knockout in BHI|GC-R4,7,5.564270640811514,0.0,0.0,True,False
GEERTS2022,lytA knockout in BHI|GC-R5,7,5.0,0.0,0.0,True,False
GEERTS2022,lytA knockout in BHI|GC-R6,7,5.301029995663981,0.0,0.0,True,False
GEERTS2022,lytA knockout in MHL|GC-R1,5,5.845098040014257,5.845098040014257,7.985276740184159,False,False
GEERTS2022,lytA knockout in MHL|GC-R2,6,5.778151250383644,1.5185139398778875,1.5185139398778875,True,False
GEERTS2022,lytA knockout in MHL|GC-R3,6,4.823904397977785,0.0,0.0,True,False
GEERTS2022,lytA knockout in MHL|GC-R4,7,5.6020599913279625,5.6020599913279625,5.82390830664962,False,False
GEERTS2022,lytA knockout in MHL|GC-R5,9,5.726998456502126,0.0,0.0,True,False
GEERTS2022,lytA knockout in MHL|GC-R6,9,5.367976164873463,0.0,0.0,True,False
GEERTS2022,lytA knockout in THY|GC-R1,6,5.425967646534719,2.7528164311882715,2.7528164311882715,True,False
GEERTS2022,lytA knockout in THY|GC-R2,7,5.425967646534719,2.6020599913279625,2.6020599913279625,True,False
GEERTS2022,lytA knockout in THY|GC-R3,7,5.221847012434955,1.5185139398778875,1.5185139398778875,True,False
GEERTS2022,lytA knockout in THY|GC-R4,8,5.124937650870738,0.0,0.0,True,False
GEERTS2022,lytA knockout in THY|GC-R5,9,5.124937650870738,0.0,0.0,True,False
GEERTS2022,lytA knockout in THY|GC-R6,8,4.823904397977785,0.0,0.0,True,False
GEERTS2022,spxB knockout in BHI|GC-R1,3,5.8846062036503906,0.0,0.0,True,False
GEERTS2022,spxB knockout in BHI|GC-R2,7,6.0543575345889025,0.0,0.0,True,False
GEERTS2022,spxB knockout in BHI|GC-R3,7,5.636821763514368,0.0,0.0,True,False
GEERTS2022,spxB knockout in BHI|GC-R4,7,5.564270640811514,0.0,0.0,True,False
GEERTS2022,spxB knockout in BHI|GC-R5,6,5.7533271557236265,0.0,0.0,True,False
GEERTS2022,spxB knockout in BHI|GC-R6,5,5.301029995663981,0.0,0.0,True,False
GEERTS2022,spxB knockout in MHL|GC-R1,4,8.522878744846043,8.361727836017593,8.361727836017593,False,False
GEERTS2022,spxB knockout in MHL|GC-R10,7,5.7533271557236265,5.7533271557236265,6.477121254719663,False,False
GEERTS2022,spxB knockout in MHL|GC-R11,9,5.845098040014257,0.0,0.0,True,False
GEERTS2022,spxB knockout in MHL|GC-R12,9,5.6020599913279625,0.0,0.0,True,False
GEERTS2022,spxB knockout in MHL|GC-R2,5,4.823904397977785,4.823904397977785,8.698970004336019,False,False
GEERTS2022,spxB knockout in MHL|GC-R3,5,5.367976164873463,5.367976164873463,8.669006780338155,False,False
GEERTS2022,spxB knockout in MHL|GC-R4,8,5.6020599913279625,5.6020599913279625,7.5642714225423,False,False
GEERTS2022,spxB knockout in MHL|GC-R5,8,5.7533271557236265,5.7533271557236265,7.775731771407778,False,False
GEERTS2022,spxB knockout in MHL|GC-R6,5,6.028028452166107,6.028028452166107,8.315270433377641,False,False
GEERTS2022,spxB knockout in MHL|GC-R7,5,6.0910803519704295,6.0910803519704295,8.477121254719663,False,False
GEERTS2022,spxB knockout in MHL|GC-R8,6,5.865301228695916,1.5185139398778875,1.5185139398778875,True,False
GEERTS2022,spxB knockout in MHL|GC-R9,6,4.522874402313803,0.0,0.0,True,False
GEERTS2022,spxB knockout in THY|GC-R1,6,5.5228783109856385,0.0,0.0,True,False
GEERTS2022,spxB knockout in THY|GC-R2,7,6.135662390149054,0.0,0.0,True,False
GEERTS2022,spxB knockout in THY|GC-R3,7,6.028028452166107,0.0,0.0,True,False
GEERTS2022,spxB knockout in THY|GC-R4,9,6.014240299019593,0.0,0.0,True,False
GEERTS2022,spxB knockout in THY|GC-R5,9,5.221847012434955,0.0,0.0,True,False
GEERTS2022,spxB knockout in THY|GC-R6,9,5.0,0.0,0.0,True,False
GOORMAGHTIGH2021,DaceA|Fig S1A/DaceA-rep1,4,8.672097857935718,3.9030899869919438,3.9030899869919438,True,False
GOORMAGHTIGH2021,DaceA|Fig S1A/DaceA-rep2,4,8.518513939877888,3.7781512503836434,3.7781512503836434,True,False
GOORMAGHTIGH2021,DaceA|Fig S1A/DaceA-rep3,4,8.505149978319906,4.041392685158225,4.176091259055681,True,False
GOORMAGHTIGH2021,DaceA|Fig S1A/DaceA-rep4,4,8.612783856719735,3.8129133566428557,3.8129133566428557,True,False
GOORMAGHTIGH2021,DaceA|Fig S1A/DaceA-rep5,4,8.6232492903979,3.8808135922807914,3.8808135922807914,True,False
GOORMAGHTIGH2021,DaceA|Fig S1A/DaceA-rep6,4,8.672097857935718,3.8808135922807914,3.8808135922807914,True,False
GOORMAGHTIGH2021,DaceA|Fig S1A/DaceA-rep7,4,8.380211241711606,3.2041199826559246,3.2041199826559246,True,False
GOORMAGHTIGH2021,DaceA|Fig S1A/DaceA-rep8,4,8.477121254719663,2.9030899869919438,2.9030899869919438,True,False
GOORMAGHTIGH2021,DaceA|Fig S1A/DaceA-rep9,4,8.518513939877888,2.9030899869919438,2.9030899869919438,True,False
GOORMAGHTIGH2021,Dicd|Fig S1A/Dicd-rep1,4,8.857332496431269,4.556302500767287,4.556302500767287,True,False
GOORMAGHTIGH2021,Dicd|Fig S1A/Dicd-rep2,4,8.6232492903979,4.7160033436347994,4.7160033436347994,True,False
GOORMAGHTIGH2021,Dicd|Fig S1A/Dicd-rep3,4,8.763427993562937,4.681241237375588,4.681241237375588,True,False
GOORMAGHTIGH2021,Dicd|Fig S1A/Dicd-rep4,4,8.079181246047625,4.832508912706237,4.982271233039568,True,False
GOORMAGHTIGH2021,Dicd|Fig S1A/Dicd-rep5,4,7.954242509439325,4.949390006644912,4.949390006644912,True,False
GOORMAGHTIGH2021,Dicd|Fig S1A/Dicd-rep6,4,8.230448921378274,4.568201724066995,4.568201724066995,True,False
GOORMAGHTIGH2021,Dicd|Fig S1A/Dicd-rep7,4,8.518513939877888,4.230448921378274,4.361727836017593,True,False
GOORMAGHTIGH2021,Dicd|Fig S1A/Dicd-rep8,4,8.414973347970818,4.230448921378274,4.491361693834273,True,False
GOORMAGHTIGH2021,Dicd|Fig S1A/Dicd-rep9,4,8.397940008672037,4.380211241711606,4.57978359661681,True,False
GOORMAGHTIGH2021,MG1655|Fig S1A/MG1655-rep1,4,8.431363764158988,3.6020599913279625,3.6020599913279625,True,False
GOORMAGHTIGH2021,MG1655|Fig S1A/MG1655-rep2,4,8.518513939877888,3.6532125137753435,3.6532125137753435,True,False
GOORMAGHTIGH2021,MG1655|Fig S1A/MG1655-rep3,4,8.380211241711606,3.681241237375587,3.681241237375587,True,False
GOORMAGHTIGH2021,MG1655|Fig S1A/MG1655-rep4,4,8.397940008672037,3.322219294733919,3.322219294733919,True,False
GOORMAGHTIGH2021,MG1655|Fig S1A/MG1655-rep5,4,8.505149978319906,3.1760912590556813,3.1760912590556813,True,False
GOORMAGHTIGH2021,MG1655|Fig S1A/MG1655-rep6,4,8.568201724066995,3.4771212547196626,3.4771212547196626,True,False
GOORMAGHTIGH2021,MG1655|Fig S1A/MG1655-rep7,4,8.278753600952829,3.230448921378274,5.414973347970818,True,True
GOORMAGHTIGH2021,MG1655|Fig S1A/MG1655-rep8,4,8.301029995663981,2.845098040014257,2.845098040014257,True,False
GOORMAGHTIGH2021,MG1655|Fig S1A/MG1655-rep9,4,8.176091259055681,2.6989700043360187,2.6989700043360187,True,False
HAO2026,Ab1605+CP|rep1,4,4.8750613,4.8750613,5.1303338,False,False
HAO2026,Ab1605+CP|rep2,4,5.09691,5.09691,5.7671559,False,False
HAO2026,Ab1605+CP|rep3,4,5.1760913,5.0,5.39794,False,False
HAO2026,Ab1605+Contezolid|rep1,4,5.2284004,5.2284004,8.0791812,False,False
HAO2026,Ab1605+Contezolid|rep2,4,5.8020893,5.8020893,8.146128,False,False
HAO2026,Ab1605+Contezolid|rep3,4,5.7291648,5.7291648,8.4533183,False,False
HAO2026,Ab1605+PBNP|rep1,4,5.253338,5.253338,8.2600714,False,False
HAO2026,Ab1605+PBNP|rep2,4,5.8020893,5.8020893,8.4742163,False,False
HAO2026,Ab1605+PBNP|rep3,4,5.2263421,5.2263421,8.30103,False,False
HAO2026,Ab1605+PBS|rep1,4,6.10721,6.10721,8.39794,False,False
HAO2026,Ab1605+PBS|rep2,4,5.8859263,5.8859263,8.5314789,False,False
HAO2026,Ab1605+PBS|rep3,4,5.8573325,5.8573325,8.60206,False,False
HAO2026,Ab19606+CP|rep1,4,4.7403627,4.7403627,5.6216955,False,False
HAO2026,Ab19606+CP|rep2,4,5.146128,5.146128,5.4771213,False,False
HAO2026,Ab19606+CP|rep3,4,4.60206,4.60206,4.9469433,False,False
HAO2026,Ab19606+Contezolid|rep1,4,6.0187005,6.0187005,7.9804579,False,False
HAO2026,Ab19606+Contezolid|rep2,4,5.9876663,5.9876663,8.0863598,False,False
HAO2026,Ab19606+Contezolid|rep3,4,5.5998831,5.5998831,8.0791812,False,False
HAO2026,Ab19606+PBNP|rep1,4,5.8785218,5.8785218,7.8621314,False,False
HAO2026,Ab19606+PBNP|rep2,4,5.85248,5.85248,8.372912,False,False
HAO2026,Ab19606+PBNP|rep3,4,5.7723217,5.7723217,7.6434527,False,False
HAO2026,Ab19606+PBS|rep1,4,5.6190933,5.6190933,8.2455127,False,False
HAO2026,Ab19606+PBS|rep2,4,6.0382226,6.0382226,8.4653829,False,False
HAO2026,Ab19606+PBS|rep3,4,6.0068937,6.0068937,8.50515,False,False
HAO2026,Ab9R65+CP|rep1,4,4.6901961,4.6901961,4.9138139,False,False
HAO2026,Ab9R65+CP|rep2,4,5.0413927,5.0413927,5.6888646,False,False
HAO2026,Ab9R65+CP|rep3,4,4.50515,4.50515,5.4771213,False,False
HAO2026,Ab9R65+Contezolid|rep1,4,6.0103,6.0103,7.9947569,False,False
HAO2026,Ab9R65+Contezolid|rep2,4,5.9599948,5.9599948,8.4183013,False,False
HAO2026,Ab9R65+Contezolid|rep3,4,5.6211763,5.6211763,8.1003705,False,False
HAO2026,Ab9R65+PBNP|rep1,4,5.8727388,5.8727388,7.8842288,False,False
HAO2026,Ab9R65+PBNP|rep2,4,5.7937904,5.7937904,8.4969296,False,False
HAO2026,Ab9R65+PBNP|rep3,4,5.673942,5.673942,7.510545,False,False
HAO2026,Ab9R65+PBS|rep1,4,5.6394865,5.6394865,8.3324385,False,False
HAO2026,Ab9R65+PBS|rep2,4,6.209515,6.209515,8.5211381,False,False
HAO2026,Ab9R65+PBS|rep3,4,6.0277572,6.0277572,8.5797836,False,False
HAO2026,CP|rep1,3,4.7781513,4.7781513,6.627366,False,False
HAO2026,CP|rep2,3,4.886491,4.886491,6.146128,False,False
HAO2026,CP|rep3,3,4.8102325,4.8102325,6.390935,False,False
HAO2026,CP|rep4,3,4.7965743,4.7965743,6.4771213,False,False
HAO2026,CP|rep5,3,4.491362,4.491362,6.278754,False,False
HAO2026,CP|rep6,3,4.326336,4.326336,6.9138139,False,False
HAO2026,Contezolid|rep1,3,5.970347,5.970347,7.937518,False,False
HAO2026,Contezolid|rep2,3,6.17609,6.17609,8.3222193,False,False
HAO2026,Contezolid|rep3,3,5.959995,5.959995,7.988559,False,False
HAO2026,Contezolid|rep4,3,6.21484,6.21484,8.4216039,False,False
HAO2026,Contezolid|rep5,3,5.89098,5.89098,8.1702617,False,False
HAO2026,Contezolid|rep6,3,6.18752,6.18752,7.864511,False,False
HAO2026,PBNP|rep1,3,6.058426,6.058426,7.6794279,False,False
HAO2026,PBNP|rep2,3,6.2648178,6.2648178,8.2148438,False,False
HAO2026,PBNP|rep3,3,5.922206,5.922206,8.30103,False,False
HAO2026,PBNP|rep4,3,6.2405492,6.2405492,7.90200289,False,False
HAO2026,PBNP|rep5,3,6.079181,6.079181,8.3617278,False,False
HAO2026,PBNP|rep6,3,6.456366,6.456366,8.447158,False,False
HAO2026,PBS|rep1,3,5.98945,5.98945,7.89872518,False,False
HAO2026,PBS|rep2,3,6.2648178,6.2648178,8.3579348,False,False
HAO2026,PBS|rep3,3,6.001734,6.001734,8.4771213,False,False
HAO2026,PBS|rep4,3,6.3344538,6.3344538,8.2552725,False,False
HAO2026,PBS|rep5,3,6.029384,6.029384,8.2148438,False,False
HAO2026,PBS|rep6,3,6.2966652,6.2966652,8.0,False,False
JOVANOVIC2026,B (PBSstarved)|nan,3,7.56017030406703,5.85888239610289,5.85888239610289,True,False
JOVANOVIC2026,B (logGrowth)|nan,3,6.78442705836775,6.66251542982089,7.03195111935922,False,False
JOVANOVIC2026,BCDZ (PBSstarved)|nan,3,7.56017030406703,1.30102999566398,1.30102999566398,True,False
JOVANOVIC2026,BCDZ (logGrowth)|nan,3,6.80140353404522,6.01652835563143,6.35340555916166,True,False
JOVANOVIC2026,BCEZ (PBSstarved)|nan,3,7.56017030406703,1.30102999566398,1.30102999566398,True,False
JOVANOVIC2026,BCEZ (logGrowth)|nan,3,6.78442705836775,6.50080800926602,6.79393323305822,False,False
JOVANOVIC2026,BCPZ (PBSstarved)|nan,3,7.56017030406703,1.30102999566398,1.30102999566398,True,False
JOVANOVIC2026,BCPZ (logGrowth)|nan,3,6.78442705836775,6.12514478190515,6.35769024140469,True,False
JOVANOVIC2026,BCPa (PBSstarved)|nan,3,7.56017030406703,1.30102999566398,1.30102999566398,True,False
JOVANOVIC2026,BCPa (logGrowth)|nan,3,6.80140353404522,6.3174655410353,6.3174655410353,False,False
JOVANOVIC2026,BCPaZ (PBSstarved)|nan,3,7.56017030406703,1.41752499638665,1.41752499638665,True,False
JOVANOVIC2026,BCPaZ (logGrowth)|nan,3,6.78442705836775,6.32880031351173,6.75454591829269,False,False
JOVANOVIC2026,BCSqZ (PBSstarved)|nan,3,7.56017030406703,1.30102999566398,1.30102999566398,True,False
JOVANOVIC2026,BCSqZ (logGrowth)|nan,3,6.78442705836775,6.36901794631741,6.7913438352696,False,False
JOVANOVIC2026,BCSuZ (PBSstarved)|nan,3,6.45975148795876,1.30102999566398,1.30102999566398,True,False
JOVANOVIC2026,BCSuZ (logGrowth)|nan,3,6.80140353404522,6.05991399006842,6.05991399006842,True,False
JOVANOVIC2026,BCZ (PBSstarved)|nan,3,7.56017030406703,1.30102999566398,1.30102999566398,True,False
JOVANOVIC2026,BCZ (logGrowth)|nan,3,6.78442705836775,6.65294326343586,6.82336855807393,False,False
JOVANOVIC2026,BL (PBSstarved)|nan,3,7.56017030406703,5.69333976975403,5.69333976975403,True,False
JOVANOVIC2026,BL (logGrowth)|nan,3,6.78442705836775,6.55085613874857,7.01949903008013,False,False
JOVANOVIC2026,BLPa (PBSstarved)|nan,3,7.56017030406703,5.0,5.0,True,False
JOVANOVIC2026,BLPa (logGrowth)|nan,3,6.78442705836775,6.45679656870033,6.45679656870033,False,False
JOVANOVIC2026,BLPaZ (PBSstarved)|nan,3,6.45975148795876,1.30102999566398,1.30102999566398,True,False
JOVANOVIC2026,BLPaZ (logGrowth)|nan,3,6.80140353404522,6.08457572833424,6.08457572833424,True,False
JOVANOVIC2026,BLZ (PBSstarved)|nan,3,7.56017030406703,5.21881424798758,5.21881424798758,True,False
JOVANOVIC2026,BLZ (logGrowth)|nan,3,6.78442705836775,6.78442705836775,6.89062877218235,False,False
JOVANOVIC2026,BMPZ (PBSstarved)|nan,3,6.45975148795876,1.30102999566398,1.30102999566398,True,False
JOVANOVIC2026,BMPZ (logGrowth)|nan,3,6.80140353404522,5.86144374145584,5.86144374145584,True,False
JOVANOVIC2026,BMPa (PBSstarved)|nan,3,7.56017030406703,1.30102999566398,1.30102999566398,True,False
JOVANOVIC2026,BMPa (logGrowth)|nan,3,6.78442705836775,6.43243853016789,6.43243853016789,False,False
JOVANOVIC2026,BMPaZ (PBSstarved)|nan,3,6.45975148795876,1.30102999566398,1.30102999566398,True,False
JOVANOVIC2026,BMPaZ (logGrowth)|nan,3,6.80140353404522,6.10809826199351,6.14381851212913,True,False
JOVANOVIC2026,BMZ (PBSstarved)|nan,3,6.45975148795876,2.1489367725038,2.1489367725038,True,False
JOVANOVIC2026,BMZ (logGrowth)|nan,3,6.80140353404522,6.08753369533816,6.08753369533816,True,False
JOVANOVIC2026,BPZ (PBSstarved)|nan,3,6.45975148795876,1.30102999566398,1.30102999566398,True,False
JOVANOVIC2026,BPZ (logGrowth)|nan,3,6.80140353404522,5.60912309101794,5.60912309101794,True,False
JOVANOVIC2026,BPa (PBSstarved)|nan,3,7.56017030406703,4.90308998699194,4.90308998699194,True,False
JOVANOVIC2026,BPa (logGrowth)|nan,3,6.78442705836775,6.57524186318885,6.8831207830534,False,False
JOVANOVIC2026,BPaSu (PBSstarved)|nan,3,6.45975148795876,1.30102999566398,1.30102999566398,True,False
JOVANOVIC2026,BPaSu (logGrowth)|nan,3,6.80140353404522,6.08512383131947,6.08512383131947,True,False
JOVANOVIC2026,BPaSuZ (PBSstarved)|nan,3,6.45975148795876,1.43072187072792,1.43072187072792,True,False
JOVANOVIC2026,BPaSuZ (logGrowth)|nan,3,6.80140353404522,5.93737920273192,5.93737920273192,True,False
JOVANOVIC2026,BPaZ (PBSstarved)|nan,3,6.45975148795876,1.30102999566398,1.30102999566398,True,False
JOVANOVIC2026,BPaZ (logGrowth)|nan,3,6.80140353404522,6.17734162817996,6.68247937242902,True,True
JOVANOVIC2026,BRZ (PBSstarved)|nan,3,6.45975148795876,1.51415559582279,1.51415559582279,True,False
JOVANOVIC2026,BRZ (logGrowth)|nan,3,6.80140353404522,6.37562146355947,6.37562146355947,False,False
JOVANOVIC2026,BSu (PBSstarved)|nan,3,6.45975148795876,1.35120166160798,1.35120166160798,True,False
JOVANOVIC2026,BSu (logGrowth)|nan,3,6.80140353404522,6.16424741250618,6.25172074140394,True,False
JOVANOVIC2026,BZ (PBSstarved)|nan,3,6.45975148795876,1.30102999566398,1.30102999566398,True,False
JOVANOVIC2026,BZ (logGrowth)|nan,3,6.80140353404522,6.29269050165986,6.64949044304777,True,False
JOVANOVIC2026,C (PBSstarved)|nan,3,7.56017030406703,5.51231774893343,5.59030329108891,True,False
JOVANOVIC2026,C (logGrowth)|nan,3,6.78442705836775,6.60260500958485,7.18664641725737,False,False
JOVANOVIC2026,CEHPZ (PBSstarved)|nan,3,6.45975148795876,1.30102999566398,1.30102999566398,True,False
JOVANOVIC2026,CEHPZ (logGrowth)|nan,3,6.80140353404522,5.6974842422719,5.6974842422719,True,False
JOVANOVIC2026,CEHRZ (PBSstarved)|nan,3,7.56017030406703,1.30102999566398,1.45666024574071,True,False
JOVANOVIC2026,CEHRZ (logGrowth)|nan,3,6.80140353404522,5.86650385027475,5.86650385027475,True,False
JOVANOVIC2026,CHRZ (PBSstarved)|nan,3,7.56017030406703,1.30102999566398,1.30102999566398,True,False
JOVANOVIC2026,CHRZ (logGrowth)|nan,3,6.80140353404522,5.95684231826346,5.95684231826346,True,False
JOVANOVIC2026,D (PBSstarved)|nan,3,7.56017030406703,5.92955784356351,5.92955784356351,True,False
JOVANOVIC2026,D (logGrowth)|nan,3,6.78442705836775,6.73061196230352,7.42281349318174,False,False
JOVANOVIC2026,E (PBSstarved)|nan,3,7.56017030406703,6.04812870442122,6.09614601707282,True,False
JOVANOVIC2026,E (logGrowth)|nan,3,6.78442705836775,6.58730941120226,7.01024464551768,False,False
JOVANOVIC2026,EH (PBSstarved)|nan,3,6.45975148795876,4.74264510526911,4.74264510526911,True,False
JOVANOVIC2026,EH (logGrowth)|nan,3,6.80140353404522,6.21047015401857,6.4271502910272,True,False
JOVANOVIC2026,EHPZ (PBSstarved)|nan,3,7.56017030406703,1.30102999566398,1.30102999566398,True,False
JOVANOVIC2026,EHPZ (logGrowth)|nan,3,6.80140353404522,5.86144374145584,5.86144374145584,True,False
JOVANOVIC2026,EHR (PBSstarved)|nan,3,7.56017030406703,3.06979775079047,3.06979775079047,True,False
JOVANOVIC2026,EHR (logGrowth)|nan,3,6.80140353404522,5.88833274415976,5.88833274415976,True,False
JOVANOVIC2026,EHRZ (PBSstarved)|nan,3,7.56017030406703,1.86630344624605,1.86630344624605,True,False
JOVANOVIC2026,EHRZ (logGrowth)|nan,3,6.80140353404522,5.73270249408303,5.73270249408303,True,False
JOVANOVIC2026,EMRZ (PBSstarved)|nan,3,7.56017030406703,1.30102999566398,1.30102999566398,True,False
JOVANOVIC2026,EMRZ (logGrowth)|nan,3,6.80140353404522,5.90308998699194,5.90308998699194,True,False
JOVANOVIC2026,ERZ (PBSstarved)|nan,3,7.56017030406703,1.89565198942199,1.89565198942199,True,False
JOVANOVIC2026,ERZ (logGrowth)|nan,3,6.80140353404522,5.74556780825989,5.74556780825989,True,False
JOVANOVIC2026,H (PBSstarved)|nan,3,6.45975148795876,4.81288923686721,4.81288923686721,True,False
JOVANOVIC2026,H (logGrowth)|nan,3,6.80140353404522,6.29780362017804,6.29839593529156,True,False
JOVANOVIC2026,HLRZ (PBSstarved)|nan,3,7.56017030406703,1.38055020478392,1.38055020478392,True,False
JOVANOVIC2026,HLRZ (logGrowth)|nan,3,6.78442705836775,5.80274665510395,5.80274665510395,True,False
JOVANOVIC2026,HMPZ (PBSstarved)|nan,3,7.56017030406703,1.30102999566398,1.30102999566398,True,False
JOVANOVIC2026,HMPZ (logGrowth)|nan,3,6.80140353404522,6.0488365145871,6.0488365145871,True,False
JOVANOVIC2026,HMR (PBSstarved)|nan,3,7.56017030406703,1.30102999566398,1.30102999566398,True,False
JOVANOVIC2026,HMR (logGrowth)|nan,3,6.78442705836775,5.6901056208558,5.6901056208558,True,False
JOVANOVIC2026,HMRZ (PBSstarved)|nan,3,6.45975148795876,1.30102999566398,1.30102999566398,True,False
JOVANOVIC2026,HMRZ (logGrowth)|nan,3,6.80140353404522,5.8937470791252,5.8937470791252,True,False
JOVANOVIC2026,HMZ (PBSstarved)|nan,3,7.56017030406703,2.64271920832442,2.64271920832442,True,False
JOVANOVIC2026,HMZ (logGrowth)|nan,3,6.78442705836775,6.51841612486863,6.51841612486863,False,False
JOVANOVIC2026,HPZ (PBSstarved)|nan,3,7.56017030406703,1.30102999566398,1.30102999566398,True,False
JOVANOVIC2026,HPZ (logGrowth)|nan,3,6.78442705836775,5.4203103093439,5.4203103093439,True,False
JOVANOVIC2026,HPaR (PBSstarved)|nan,3,7.56017030406703,2.12398306960019,2.12398306960019,True,False
JOVANOVIC2026,HPaR (logGrowth)|nan,3,6.78442705836775,4.2653631197718,4.2653631197718,True,False
JOVANOVIC2026,HPaRZ (PBSstarved)|nan,3,6.45975148795876,1.30102999566398,1.30102999566398,True,False
JOVANOVIC2026,HPaRZ (logGrowth)|nan,3,6.80140353404522,5.8937470791252,5.8937470791252,True,False
JOVANOVIC2026,HR (PBSstarved)|nan,3,6.45975148795876,1.40137332755197,1.40137332755197,True,False
JOVANOVIC2026,HR (logGrowth)|nan,3,6.80140353404522,5.68735677478044,5.68735677478044,True,False
JOVANOVIC2026,HRSuZ (PBSstarved)|nan,3,6.45975148795876,1.30102999566398,1.30102999566398,True,False
JOVANOVIC2026,HRSuZ (logGrowth)|nan,3,6.80140353404522,6.12673708057054,6.12673708057054,True,False
JOVANOVIC2026,HRZ (PBSstarved)|nan,3,6.45975148795876,1.59738853739459,1.59738853739459,True,False
JOVANOVIC2026,HRZ (logGrowth)|nan,3,6.80140353404522,5.83395839077521,5.83395839077521,True,False
JOVANOVIC2026,HZ (PBSstarved)|nan,3,6.45975148795876,3.25032153716983,3.25032153716983,True,False
JOVANOVIC2026,HZ (logGrowth)|nan,3,6.80140353404522,6.16993325757051,6.16993325757051,True,False
JOVANOVIC2026,L (PBSstarved)|nan,3,6.45975148795876,4.96427266224031,4.96427266224031,True,False
JOVANOVIC2026,L (logGrowth)|nan,3,6.80140353404522,6.27958053279402,6.30862536808619,True,False
JOVANOVIC2026,M (PBSstarved)|nan,3,6.45975148795876,2.78257564679231,2.78257564679231,True,False
JOVANOVIC2026,M (logGrowth)|nan,3,6.80140353404522,6.14546330773458,6.35095629687799,True,False
JOVANOVIC2026,MPZ (PBSstarved)|nan,3,6.45975148795876,1.30102999566398,1.30102999566398,True,False
JOVANOVIC2026,MPZ (logGrowth)|nan,3,6.80140353404522,6.06658505908449,6.06658505908449,True,False
JOVANOVIC2026,MPaR (PBSstarved)|nan,3,6.45975148795876,1.30102999566398,1.30102999566398,True,False
JOVANOVIC2026,MPaR (logGrowth)|nan,3,6.80140353404522,5.79290849321583,5.79290849321583,True,False
JOVANOVIC2026,MPaRZ (PBSstarved)|nan,3,7.56017030406703,1.30102999566398,1.30102999566398,True,False
JOVANOVIC2026,MPaRZ (logGrowth)|nan,3,6.80140353404522,5.60205999132796,5.60205999132796,True,False
JOVANOVIC2026,MPaZ (PBSstarved)|nan,3,6.45975148795876,1.45154499349597,1.45154499349597,True,False
JOVANOVIC2026,MPaZ (logGrowth)|nan,3,6.80140353404522,6.20823282549586,6.27745356369074,True,False
JOVANOVIC2026,MRZ (PBSstarved)|nan,3,6.45975148795876,1.30102999566398,1.30102999566398,True,False
JOVANOVIC2026,MRZ (logGrowth)|nan,3,6.80140353404522,5.81979749591974,5.81979749591974,True,False
JOVANOVIC2026,P (PBSstarved)|nan,3,7.56017030406703,1.30102999566398,1.30102999566398,True,False
JOVANOVIC2026,P (logGrowth)|nan,3,6.80140353404522,6.02252100030691,6.02252100030691,True,False
JOVANOVIC2026,Pa (PBSstarved)|nan,3,6.45975148795876,4.53371632774176,4.53371632774176,True,False
JOVANOVIC2026,Pa (logGrowth)|nan,3,6.80140353404522,6.25912016574356,7.14578108639543,True,True
JOVANOVIC2026,PaRZ (PBSstarved)|nan,3,7.56017030406703,1.30102999566398,1.30102999566398,True,False
JOVANOVIC2026,PaRZ (logGrowth)|nan,3,6.80140353404522,5.60205999132796,5.60205999132796,True,False
JOVANOVIC2026,R (PBSstarved)|nan,3,7.56017030406703,2.86517576069879,2.86517576069879,True,False
JOVANOVIC2026,R (logGrowth)|nan,3,6.80140353404522,6.30364582708507,6.33325899027744,False,False
JOVANOVIC2026,RZ (PBSstarved)|nan,3,7.56017030406703,2.10875284768562,2.10875284768562,True,False
JOVANOVIC2026,RZ (logGrowth)|nan,3,6.80140353404522,5.99409041101319,5.99409041101319,True,False
JOVANOVIC2026,Sq (PBSstarved)|nan,3,7.56017030406703,6.3515526457019,6.3515526457019,True,False
JOVANOVIC2026,Sq (logGrowth)|nan,3,6.78442705836775,6.78442705836775,7.60401668176416,False,False
JOVANOVIC2026,Su (PBSstarved)|nan,3,7.56017030406703,5.64522927283081,5.64522927283081,True,False
JOVANOVIC2026,Su (logGrowth)|nan,3,6.78442705836775,6.78442705836775,6.97527494151682,False,False
JOVANOVIC2026,Z (PBSstarved)|nan,3,6.45975148795876,3.25668063340232,3.25668063340232,True,False
JOVANOVIC2026,Z (logGrowth)|nan,3,6.80140353404522,6.80140353404522,6.80514171473516,False,False
KOLLEROVA2024,"ampicillin 128 ug/mL, recurrent exposure|row1",4,6.414973347970818,3.681241237375587,3.681241237375587,True,False
KOLLEROVA2024,"ampicillin 128 ug/mL, recurrent exposure|row2",3,6.778151250383644,3.342422680822206,3.7781512503836434,True,False
KOLLEROVA2024,"ampicillin 128 ug/mL, recurrent exposure|row3",3,6.6020599913279625,3.6020599913279625,3.9030899869919438,True,False
KOLLEROVA2024,"ampicillin 128 ug/mL, recurrent exposure|row4",3,7.079181246047625,3.3010299956639813,4.0,True,True
KOLLEROVA2024,"ampicillin 128 ug/mL, recurrent exposure|row5",4,7.0,2.3010299956639813,2.3010299956639813,True,False
KOLLEROVA2024,"ampicillin 128 ug/mL, recurrent exposure|row6",3,6.903089986991944,3.7781512503836434,4.146128035678238,True,False
KOLLEROVA2024,"ampicillin 128 ug/mL, recurrent exposure|row7",3,6.778151250383644,3.9030899869919438,3.9030899869919438,True,False
KOLLEROVA2024,"ampicillin 128 ug/mL, recurrent exposure|row8",3,6.903089986991944,3.6020599913279625,3.6232492903979003,True,False
KOLLEROVA2024,"ampicillin 16 ug/mL, recurrent exposure|row1",6,6.380211241711606,5.903089986991944,8.301029995663981,False,False
KOLLEROVA2024,"ampicillin 16 ug/mL, recurrent exposure|row2",6,6.342422680822207,6.2552725051033065,8.342422680822207,False,False
KOLLEROVA2024,"ampicillin 16 ug/mL, recurrent exposure|row3",6,6.301029995663981,6.079181246047625,8.255272505103306,False,False
KOLLEROVA2024,"ampicillin 16 ug/mL, recurrent exposure|row4",6,6.380211241711606,5.6020599913279625,8.44715803134222,True,True
KOLLEROVA2024,"ampicillin 16 ug/mL, recurrent exposure|row5",6,6.505149978319906,5.301029995663981,8.342422680822207,True,True
KOLLEROVA2024,"ampicillin 16 ug/mL, recurrent exposure|row6",6,6.414973347970818,6.079181246047625,7.778151250383644,False,False
KOLLEROVA2024,"ampicillin 16 ug/mL, recurrent exposure|row7",6,6.778151250383644,5.903089986991944,8.380211241711606,True,True
KOLLEROVA2024,"ampicillin 16 ug/mL, recurrent exposure|row8",6,6.301029995663981,5.301029995663981,8.146128035678238,True,True
KOLLEROVA2024,"ampicillin 2 ug/mL, recurrent exposure|row1",6,6.342422680822207,6.342422680822207,8.698970004336019,False,False
KOLLEROVA2024,"ampicillin 2 ug/mL, recurrent exposure|row2",6,6.477121254719663,6.414973347970818,8.698970004336019,False,False
KOLLEROVA2024,"ampicillin 2 ug/mL, recurrent exposure|row3",6,6.301029995663981,6.301029995663981,8.6232492903979,False,False
KOLLEROVA2024,"ampicillin 2 ug/mL, recurrent exposure|row4",6,6.6020599913279625,6.6020599913279625,8.505149978319906,False,False
KOLLEROVA2024,"ampicillin 2 ug/mL, recurrent exposure|row5",6,6.301029995663981,6.301029995663981,8.698970004336019,False,False
KOLLEROVA2024,"ampicillin 2 ug/mL, recurrent exposure|row6",6,7.301029995663981,6.6020599913279625,8.531478917042255,True,True
KOLLEROVA2024,"ampicillin 2 ug/mL, recurrent exposure|row7",5,6.380211241711606,6.380211241711606,8.698970004336019,False,False
KOLLEROVA2024,"ampicillin 2 ug/mL, recurrent exposure|row8",6,6.380211241711606,6.380211241711606,8.698970004336019,False,False
KOLLEROVA2024,"ampicillin 32 ug/mL, recurrent exposure|row1",6,6.204119982655925,5.301029995663981,5.531478917042255,True,False
KOLLEROVA2024,"ampicillin 32 ug/mL, recurrent exposure|row2",6,6.342422680822207,5.6020599913279625,5.6020599913279625,True,False
KOLLEROVA2024,"ampicillin 32 ug/mL, recurrent exposure|row3",6,6.414973347970818,5.6020599913279625,5.6020599913279625,True,False
KOLLEROVA2024,"ampicillin 32 ug/mL, recurrent exposure|row4",6,6.447158031342219,5.531478917042255,5.778151250383644,True,False
KOLLEROVA2024,"ampicillin 32 ug/mL, recurrent exposure|row5",6,6.414973347970818,5.414973347970818,5.778151250383644,True,False
KOLLEROVA2024,"ampicillin 32 ug/mL, recurrent exposure|row6",6,6.204119982655925,5.6020599913279625,6.380211241711606,True,True
KOLLEROVA2024,"ampicillin 32 ug/mL, recurrent exposure|row7",6,6.342422680822207,5.301029995663981,6.079181246047625,True,True
KOLLEROVA2024,"ampicillin 32 ug/mL, recurrent exposure|row8",6,6.903089986991944,5.301029995663981,5.903089986991944,True,True
KOLLEROVA2024,"ampicillin 4 ug/mL, recurrent exposure|row1",6,6.778151250383644,5.845098040014257,9.049218022670182,True,True
KOLLEROVA2024,"ampicillin 4 ug/mL, recurrent exposure|row2",6,6.778151250383644,6.447158031342219,8.81954393554187,False,False
KOLLEROVA2024,"ampicillin 4 ug/mL, recurrent exposure|row3",6,6.301029995663981,6.079181246047625,8.7160033436348,False,False
KOLLEROVA2024,"ampicillin 4 ug/mL, recurrent exposure|row4",6,6.447158031342219,5.903089986991944,8.6232492903979,True,True
KOLLEROVA2024,"ampicillin 4 ug/mL, recurrent exposure|row5",6,6.531478917042255,6.531478917042255,8.643452676486188,False,False
KOLLEROVA2024,"ampicillin 4 ug/mL, recurrent exposure|row6",6,6.380211241711606,6.380211241711606,8.698970004336019,False,False
KOLLEROVA2024,"ampicillin 4 ug/mL, recurrent exposure|row7",6,6.6020599913279625,6.6020599913279625,8.255272505103306,False,False
KOLLEROVA2024,"ampicillin 4 ug/mL, recurrent exposure|row8",6,6.903089986991944,6.903089986991944,8.57978359661681,False,False
KOLLEROVA2024,"ampicillin 64 ug/mL, recurrent exposure|row1",6,6.505149978319906,4.0,4.6020599913279625,True,True
KOLLEROVA2024,"ampicillin 64 ug/mL, recurrent exposure|row2",6,6.414973347970818,4.146128035678238,5.204119982655925,True,True
KOLLEROVA2024,"ampicillin 64 ug/mL, recurrent exposure|row3",6,6.6020599913279625,4.0,5.778151250383644,True,True
KOLLEROVA2024,"ampicillin 64 ug/mL, recurrent exposure|row4",6,6.2552725051033065,4.301029995663981,5.778151250383644,True,True
KOLLEROVA2024,"ampicillin 64 ug/mL, recurrent exposure|row5",6,6.447158031342219,4.079181246047625,4.2552725051033065,True,False
KOLLEROVA2024,"ampicillin 64 ug/mL, recurrent exposure|row6",6,6.204119982655925,3.9030899869919438,5.0,True,True
KOLLEROVA2024,"ampicillin 64 ug/mL, recurrent exposure|row7",6,6.079181246047625,3.7781512503836434,5.6020599913279625,True,True
KOLLEROVA2024,"ampicillin 64 ug/mL, recurrent exposure|row8",6,6.301029995663981,3.7781512503836434,4.6020599913279625,True,True
KOLLEROVA2024,"ampicillin 8 ug/mL, recurrent exposure|row1",6,6.903089986991944,6.0,8.963787827345556,True,True
KOLLEROVA2024,"ampicillin 8 ug/mL, recurrent exposure|row2",6,6.6020599913279625,6.146128035678238,8.806179973983888,False,False
KOLLEROVA2024,"ampicillin 8 ug/mL, recurrent exposure|row3",6,6.662757831681574,5.903089986991944,8.698970004336019,True,True
KOLLEROVA2024,"ampicillin 8 ug/mL, recurrent exposure|row4",6,6.643452676486188,6.204119982655925,8.880813592280791,False,False
KOLLEROVA2024,"ampicillin 8 ug/mL, recurrent exposure|row5",6,6.57978359661681,6.0,8.7481880270062,True,True
KOLLEROVA2024,"ampicillin 8 ug/mL, recurrent exposure|row6",6,6.778151250383644,6.146128035678238,8.7481880270062,True,True
KOLLEROVA2024,"ampicillin 8 ug/mL, recurrent exposure|row7",6,7.0,6.079181246047625,8.643452676486188,True,True
KOLLEROVA2024,"ampicillin 8 ug/mL, recurrent exposure|row8",6,6.505149978319906,6.079181246047625,8.505149978319906,False,False
KOLLEROVA2024,no antibiotic (0 ug/mL)|row1,6,6.477121254719663,6.477121254719663,8.832508912706237,False,False
KOLLEROVA2024,no antibiotic (0 ug/mL)|row2,6,6.505149978319906,6.505149978319906,8.6232492903979,False,False
KOLLEROVA2024,no antibiotic (0 ug/mL)|row3,6,6.301029995663981,6.2552725051033065,8.662757831681574,False,False
KOLLEROVA2024,no antibiotic (0 ug/mL)|row4,6,6.301029995663981,6.301029995663981,8.662757831681574,False,False
KOLLEROVA2024,no antibiotic (0 ug/mL)|row5,6,6.778151250383644,6.732393759822968,8.806179973983888,False,False
KOLLEROVA2024,no antibiotic (0 ug/mL)|row6,6,6.6020599913279625,6.6020599913279625,8.681241237375588,False,False
KOLLEROVA2024,no antibiotic (0 ug/mL)|row7,6,6.643452676486188,6.643452676486188,8.342422680822207,False,False
KOLLEROVA2024,no antibiotic (0 ug/mL)|row8,6,6.301029995663981,6.301029995663981,8.7160033436348,False,False
MIYAHARA2026,S1a MG1655|S1a-MG1655-rep1,5,6.8750612633917,1.6989700043360187,1.6989700043360187,True,False
MIYAHARA2026,S1a MG1655|S1a-MG1655-rep10,5,6.653212513775344,2.0,2.0,True,False
MIYAHARA2026,S1a MG1655|S1a-MG1655-rep11,5,6.146128035678238,2.230448921378274,2.230448921378274,True,False
MIYAHARA2026,S1a MG1655|S1a-MG1655-rep12,5,6.892094602690481,2.7781512503836434,2.7781512503836434,True,False
MIYAHARA2026,S1a MG1655|S1a-MG1655-rep2,4,6.556302500767287,1.6020599913279623,1.6020599913279623,True,False
MIYAHARA2026,S1a MG1655|S1a-MG1655-rep3,5,6.204119982655925,1.845098040014257,1.845098040014257,True,False
MIYAHARA2026,S1a MG1655|S1a-MG1655-rep4,5,6.181843587944773,2.0,2.0,True,False
MIYAHARA2026,S1a MG1655|S1a-MG1655-rep5,5,5.845098040014257,1.0,1.0,True,False
MIYAHARA2026,S1a MG1655|S1a-MG1655-rep6,5,6.176091259055681,2.4149733479708178,2.4149733479708178,True,False
MIYAHARA2026,S1a MG1655|S1a-MG1655-rep7,5,6.4623979978989565,2.230448921378274,2.230448921378274,True,False
MIYAHARA2026,S1a MG1655|S1a-MG1655-rep8,5,5.886490725172482,1.7781512503836436,1.7781512503836436,True,False
MIYAHARA2026,S1a MG1655|S1a-MG1655-rep9,5,5.544068044350276,2.146128035678238,2.146128035678238,True,False
MIYAHARA2026,S1a UPEC|S1a-UPEC-rep1,5,7.071882007306125,2.3010299956639813,2.3010299956639813,True,False
MIYAHARA2026,S1a UPEC|S1a-UPEC-rep10,5,6.556302500767287,3.2013971243204513,3.2013971243204513,True,False
MIYAHARA2026,S1a UPEC|S1a-UPEC-rep11,5,6.763427993562937,2.7075701760979363,2.7075701760979363,True,False
MIYAHARA2026,S1a UPEC|S1a-UPEC-rep2,5,6.8750612633917,3.4149733479708178,3.4149733479708178,True,False
MIYAHARA2026,S1a UPEC|S1a-UPEC-rep3,5,6.7923916894982534,2.9030899869919438,2.9030899869919438,True,False
MIYAHARA2026,S1a UPEC|S1a-UPEC-rep4,5,6.954242509439325,2.8573324964312685,2.8573324964312685,True,False
MIYAHARA2026,S1a UPEC|S1a-UPEC-rep5,5,6.903089986991944,2.6232492903979003,2.6232492903979003,True,False
MIYAHARA2026,S1a UPEC|S1a-UPEC-rep6,5,6.869231719730976,2.724275869600789,2.724275869600789,True,False
MIYAHARA2026,S1a UPEC|S1a-UPEC-rep7,5,6.643452676486188,2.3010299956639813,2.3010299956639813,True,False
MIYAHARA2026,S1a UPEC|S1a-UPEC-rep8,5,7.278753600952829,2.6020599913279625,2.6020599913279625,True,False
MIYAHARA2026,S1a UPEC|S1a-UPEC-rep9,5,7.1702617153949575,2.7634279935629373,2.7634279935629373,True,False
MIYAHARA2026,S1b 100|S1b-100-rep1,7,7.187520720836463,2.113943352306837,2.113943352306837,True,False
MIYAHARA2026,S1b 100|S1b-100-rep2,7,7.164352855784437,1.6020599913279623,1.6020599913279623,True,False
MIYAHARA2026,S1b 100|S1b-100-rep3,7,6.8512583487190755,3.0644579892269186,3.0644579892269186,True,False
MIYAHARA2026,S1b 100|S1b-100-rep4,7,6.568201724066995,2.9190780923760737,2.9190780923760737,True,False
MIYAHARA2026,S1b 100|S1b-100-rep5,7,6.707570176097937,2.361727836017593,2.361727836017593,True,False
MIYAHARA2026,S1b 12.5|S1b-12.5-rep1,7,6.973127853599698,2.4313637641589874,2.4313637641589874,True,False
MIYAHARA2026,S1b 12.5|S1b-12.5-rep2,7,7.089905111439398,2.1760912590556813,2.1760912590556813,True,False
MIYAHARA2026,S1b 12.5|S1b-12.5-rep3,7,6.7160033436347994,3.164352855784437,3.164352855784437,True,False
MIYAHARA2026,S1b 12.5|S1b-12.5-rep4,7,6.770852011642144,3.103803720955957,3.103803720955957,True,False
MIYAHARA2026,S1b 12.5|S1b-12.5-rep5,7,6.437750562820388,2.6020599913279625,2.6020599913279625,True,False
MIYAHARA2026,S1b 25|S1b-25-rep1,7,7.164352855784437,2.3010299956639813,2.3010299956639813,True,False
MIYAHARA2026,S1b 25|S1b-25-rep2,7,7.086359830674748,1.7781512503836436,1.7781512503836436,True,False
MIYAHARA2026,S1b 25|S1b-25-rep3,7,6.724275869600789,3.2576785748691846,3.2576785748691846,True,False
MIYAHARA2026,S1b 25|S1b-25-rep4,7,6.477121254719663,2.99563519459755,2.99563519459755,True,False
MIYAHARA2026,S1b 25|S1b-25-rep5,7,6.778151250383644,2.591064607026499,2.591064607026499,True,False
MIYAHARA2026,S1b 50|S1b-50-rep1,7,7.278753600952829,2.3979400086720375,2.3979400086720375,True,False
MIYAHARA2026,S1b 50|S1b-50-rep2,7,7.1702617153949575,2.255272505103306,2.255272505103306,True,False
MIYAHARA2026,S1b 50|S1b-50-rep3,7,6.556302500767287,2.845098040014257,2.845098040014257,True,False
MIYAHARA2026,S1b 50|S1b-50-rep4,7,6.763427993562937,2.6434526764861874,2.6434526764861874,True,False
MIYAHARA2026,S1c UPEC_YFP|S1c-UPEC_YFP-rep1,5,7.068185861746161,2.041392685158225,2.041392685158225,True,False
MIYAHARA2026,S1c UPEC_YFP|S1c-UPEC_YFP-rep2,5,6.838849090737256,2.662757831681574,2.662757831681574,True,False
MIYAHARA2026,S1c UPEC_YFP|S1c-UPEC_YFP-rep3,5,7.477121254719663,2.3010299956639813,2.3010299956639813,True,False
MOLECULAR2026,160mg/L q8h infusion | Drug free log10 cfu/mL|nan,8,6.093421685162235,6.093421685162235,10.462397997898956,False,False
MOLECULAR2026,160mg/L q8h infusion | Drug log10 cfu/mL|nan,8,0.0,0.0,3.4771212547196626,False,False
MOLECULAR2026,40 mg/L q8h infusion | Drug free log10 cfu/mL|nan,8,6.071882007306125,6.02938377768521,10.518513939877888,False,False
MOLECULAR2026,40 mg/L q8h infusion | Drug log10 cfu/mL|nan,8,0.0,0.0,3.462397997898956,False,False
MOLECULAR2026,500 mg AMX | Drug free log10 cfu/mL|nan,7,6.146128035678238,5.845098040014257,10.113943352306837,False,False
MOLECULAR2026,500 mg AMX | Drug log10 cfu/mL|nan,7,0.0,0.0,3.7558748556724915,False,False
MOLECULAR2026,80mg/L q8h infusion | Drug free log10 cfu/mL|nan,8,6.209515014542631,6.209515014542631,10.698970004336019,False,False
MOLECULAR2026,80mg/L q8h infusion | Drug log10 cfu/mL|nan,8,0.0,0.0,3.6989700043360187,False,False
MOLECULAR2026,AMX 160 mg/L / CLV 125 mg q8h | Drug free log10 cfu/mL|nan,8,6.075546961392531,0.0,9.5910646070265,True,True
MOLECULAR2026,AMX 160 mg/L / CLV 125 mg q8h | Drug log10 cfu/mL|nan,8,0.0,0.0,9.491361693834273,False,False
MOLECULAR2026,AMX 40 mg/L / CLV 125 mg q8h | Drug free log10 cfu/mL|nan,8,6.447158031342219,1.6020599913279623,10.397940008672037,True,True
MOLECULAR2026,AMX 40 mg/L / CLV 125 mg q8h | Drug log10 cfu/mL|nan,8,0.0,0.0,9.27415784926368,False,False
MOLECULAR2026,AMX 500 mg/1m/L CLV | Drug free log10 cfu/mL|nan,8,6.113943352306837,5.041392685158225,10.568201724066995,True,True
MOLECULAR2026,AMX 500 mg/1m/L CLV | Drug log10 cfu/mL|nan,8,0.0,0.0,8.146128035678238,False,False
MOLECULAR2026,AMX 500 mg/2.5 m/L CLV | Drug free log10 cfu/mL|nan,8,6.113943352306837,2.4771212547196626,8.602059991327963,True,True
MOLECULAR2026,AMX 500 mg/2.5 m/L CLV | Drug log10 cfu/mL|nan,8,0.0,0.0,8.204119982655925,False,False
MOLECULAR2026,AMX 500 mg/5 m/L CLV | Drug free log10 cfu/mL|nan,8,6.176091259055681,2.9030899869919438,10.342422680822207,True,True
MOLECULAR2026,AMX 500 mg/5 m/L CLV | Drug log10 cfu/mL|nan,8,0.0,0.0,9.301029995663981,False,False
MOLECULAR2026,AMX 80 mg/L / CLV 125 mg q8h | Drug free log10 cfu/mL|nan,8,6.155336037465061,1.3010299956639813,10.707570176097937,True,True
MOLECULAR2026,AMX 80 mg/L / CLV 125 mg q8h | Drug log10 cfu/mL|nan,8,0.0,0.0,9.459392487759231,False,False
MOLECULAR2026,AMX CLV-Urine PK | Drug Free log10(CFU/mL) [first count column]|nan,9,5.778151250383644,1.0,1.0,True,False
MOLECULAR2026,AMX CLV-Urine PK | Drug Free log10(CFU/mL) [second count column]|nan,9,1.0,1.0,1.0,False,False
MOLECULAR2026,AMX alone-Urine PK | Drug Free log10(CFU/mL) [first count column]|nan,9,5.99563519459755,5.414973347970818,10.414973347970818,True,True
MOLECULAR2026,AMX alone-Urine PK | Drug Free log10(CFU/mL) [second count column]|nan,9,1.0,1.0,5.301029995663981,False,False
MOLECULAR2026,B50 AMX 1000 mg/CLV 125 mg | Drug Free Log10 CFU//mL|nan,7,6.139879086401237,3.6989700043360187,10.380211241711606,True,True
MOLECULAR2026,B50 AMX 1000 mg/CLV 125 mg | Drug log10 CFU/mL|nan,7,0.0,0.0,7.301029995663981,False,False
MOLECULAR2026,B50 AMX 500 mg/CLV 125 mg | Drug Free Log10 CFU//mL|nan,7,6.093421685162235,2.3979400086720375,9.707570176097937,True,True
MOLECULAR2026,B50 AMX 500 mg/CLV 125 mg | Drug log10 CFU/mL|nan,7,1.0,1.0,7.146128035678238,False,False
MOLECULAR2026,CLV alone-Urine PK | Drug Free log10(CFU/mL) [first count column]|nan,8,5.8061799739838875,1.0,7.3979400086720375,True,True
MOLECULAR2026,CLV alone-Urine PK | Drug Free log10(CFU/mL) [second count column]|nan,8,1.0,1.0,1.0,False,False
MOLECULAR2026,K35 AMX 1000 mg/CLV 125 mg | Drug Free Log10 CFU//mL|nan,7,5.99563519459755,4.672097857935717,10.041392685158225,True,True
MOLECULAR2026,K35 AMX 1000 mg/CLV 125 mg | Drug log10 CFU/mL|nan,7,0.0,0.0,3.9030899869919438,False,False
MOLECULAR2026,K35 AMX 500 mg/CLV 125 mg | Drug Free Log10 CFU//mL|nan,7,5.991226075692495,4.892094602690481,9.57978359661681,True,True
MOLECULAR2026,K35 AMX 500 mg/CLV 125 mg | Drug log10 CFU/mL|nan,6,0.0,0.0,4.146128035678238,False,False
MOLECULAR2026,K67 AMX 1000 mg/CLV 125 mg | Drug Free Log10 CFU//mL|nan,6,5.99563519459755,4.230448921378274,11.643452676486188,True,True
MOLECULAR2026,K67 AMX 1000 mg/CLV 125 mg | Drug log10 CFU/mL|nan,7,0.0,0.0,8.278753600952829,False,False
MOLECULAR2026,K67 AMX 500 mg/CLV 125 mg | Drug Free Log10 CFU//mL|nan,7,6.068185861746161,5.164352855784437,9.380211241711606,True,True
MOLECULAR2026,K67 AMX 500 mg/CLV 125 mg | Drug log10 CFU/mL|nan,7,0.0,0.0,7.05307844348342,False,False
MOLECULAR2026,Untreated E. coli B50 | Drug Free Log10 CFU//mL|nan,7,6.045322978786658,6.045322978786658,10.724275869600788,False,False
MOLECULAR2026,Untreated E. coli B50 | Drug log10 CFU/mL|nan,7,0.0,0.0,2.113943352306837,False,False
MOLECULAR2026,Untreated E. coli K35 | Drug Free Log10 CFU//mL|nan,7,5.986771734266245,5.986771734266245,10.531478917042255,False,False
MOLECULAR2026,Untreated E. coli K35 | Drug log10 CFU/mL|nan,7,0.0,0.0,1.3010299956639813,False,False
MOLECULAR2026,Untreated E. coli K67 | Drug Free Log10 CFU//mL|nan,7,6.033423755486949,6.033423755486949,10.397940008672037,False,False
MOLECULAR2026,Untreated E. coli K67 | Drug log10 CFU/mL|nan,7,0.0,0.0,2.8750612633917,False,False
MOLECULAR2026,Untreated | Drug Free log10(CFU/mL) [first count column]|nan,9,6.079181246047625,6.079181246047625,10.230448921378274,False,False
MOLECULAR2026,Untreated | Drug Free log10(CFU/mL) [second count column]|nan,9,1.0,1.0,3.4313637641589874,False,False
MOLECULAR2026,Untreated | Drug free log10 cfu/mL|nan,8,5.845098040014257,5.845098040014257,10.778151250383644,False,False
MOLECULAR2026,Untreated | Drug log10 cfu/mL|nan,8,0.0,0.0,3.9030899869919438,False,False
NOREL2023,6910|M96/persisters Ampi,3,7.704711475727343,5.342422680822207,5.342422680822207,True,False
NOREL2023,6910|M96/persisters cipro,3,7.602049133830196,6.283301228703549,6.283301228703549,True,False
NOREL2023,6910 WT|M97/persisters Ampi,3,7.707570176097937,5.748188027006201,5.748188027006201,True,False
NOREL2023,6910 WT|M97/persisters cipro,3,7.763427993562937,6.431363764158987,6.431363764158987,True,False
NOREL2023,8158|M96/persisters Ampi,3,7.656406796152789,5.643452676486188,5.643452676486188,True,False
NOREL2023,8158|M96/persisters cipro,3,7.572085910452753,6.198657086954422,6.198657086954422,True,False
NOREL2023,8158 rpoS|M97/persisters Ampi,3,7.7160033436347994,5.7160033436347994,5.7160033436347994,True,False
NOREL2023,8158 rpoS|M97/persisters cipro,3,7.653212513775344,6.6127838567197355,6.6127838567197355,True,False
NOREL2023,AMPI 100 | 0.3 | ATCC LOG|M7,7,7.698970004336019,2.845098040014257,3.6020599913279625,True,True
NOREL2023,AMPI 100 | 4 | ATCC STA|M7,7,7.633468455579586,6.021189299069938,6.021189299069938,True,False
NOREL2023,ATCC|M56,4,7.38738982633873,5.819543935541868,5.819543935541868,True,False
NOREL2023,ATCC|M70,3,7.838849090737256,5.740362689494244,5.740362689494244,True,False
NOREL2023,ATCC|M77,3,7.845098040014257,5.096910013008056,5.096910013008056,True,False
NOREL2023,ATCC  M63casa0.1%|M28,4,7.681241237375588,3.278753600952829,3.278753600952829,True,False
NOREL2023,ATCC  M63casa1%|M28,4,7.9084850188786495,3.0086001717619175,3.0086001717619175,True,False
NOREL2023,ATCC  M63glucose2mM|M28,4,7.826074802700826,2.949390006644913,2.949390006644913,True,False
NOREL2023,ATCC M63 10mM glucose/500μM MgSO4|M77,3,7.763427993562937,2.3010299956639813,2.3010299956639813,True,False
NOREL2023,ATCC M63 10mM glucose/50μM MgSO4|M77,3,7.653212513775344,3.4771212547196626,3.4771212547196626,True,False
NOREL2023,ATCC M63 20mM glucose/500μM MgSO4|M77,3,7.623249290397901,2.6989700043360187,2.6989700043360187,True,False
NOREL2023,ATCC M63 20mM glucose/50μM MgSO4|M77,3,7.9084850188786495,2.1760912590556813,2.1760912590556813,True,False
NOREL2023,ATCC ampi|M13,4,7.8512583487190755,5.531478917042255,5.531478917042255,True,False
NOREL2023,ATCC cipro|M14,4,7.643452676486188,5.903089986991944,5.903089986991944,True,False
NOREL2023,ATCC cipro LB|M19,4,7.819543935541868,5.623249290397901,5.623249290397901,True,False
NOREL2023,ATCC cipro LB|M20,4,7.653212513775344,6.209515014542631,6.209515014542631,True,False
NOREL2023,ATCC cipro LB CoCl2|M19,4,7.707570176097937,6.7160033436347994,6.7160033436347994,True,False
NOREL2023,ATCC cipro LB CoCl2|M20,4,7.7160033436347994,6.662757831681574,6.662757831681574,True,False
NOREL2023,ATCC fum|M56,4,7.440909082065217,5.897627091290442,5.897627091290442,True,False
NOREL2023,ATCC fumarate|M70,3,7.690196080028514,5.3979400086720375,5.3979400086720375,True,False
NOREL2023,CIPRO 5 | 0.3 | ATCC LOG|M7,7,7.698970004336019,4.0,4.0,True,False
NOREL2023,CIPRO 5 | 4 | ATCC STA|M7,7,7.633468455579586,6.079181246047625,6.113943352306837,True,False
NOREL2023,DacnAB ampi|M13,4,7.838849090737256,4.954242509439325,4.954242509439325,True,False
NOREL2023,DacnAB cipro|M14,4,7.944482672150168,5.238046103128795,5.238046103128795,True,False
NOREL2023,DdctA|M70,3,7.799340549453582,5.770852011642144,5.770852011642144,True,False
NOREL2023,DdctA fumarate|M70,3,7.778151250383644,4.57978359661681,4.57978359661681,True,False
NOREL2023,Dfrd|M56,4,7.378397900948138,5.968482948553935,5.968482948553935,True,False
NOREL2023,Dfrd|M70,3,7.724275869600789,5.531478917042255,5.531478917042255,True,False
NOREL2023,Dfrd DrpoS|M56,4,7.418301291319746,6.2552725051033065,6.2552725051033065,True,False
NOREL2023,Dfrd DrpoS DsdhAB|M56,4,7.021189299069938,5.447158031342219,5.447158031342219,True,False
NOREL2023,Dfrd DsdhAB|M56,4,7.252853030979893,4.707570176097937,4.707570176097937,True,False
NOREL2023,Dfrd fumarate|M70,3,7.681241237375588,5.662757831681574,5.662757831681574,True,False
NOREL2023,DrpoS|M56,4,7.3747483460101035,6.176091259055681,6.176091259055681,True,False
NOREL2023,DrpoS|M70,3,7.778151250383644,5.832508912706237,5.832508912706237,True,False
NOREL2023,DrpoS DdctA|M70,3,7.732393759822968,5.968482948553935,5.968482948553935,True,False
NOREL2023,DrpoS DdctA fumarate|M70,3,7.778151250383644,5.447158031342219,5.447158031342219,True,False
NOREL2023,DrpoS DsdhAB DdctA|M70,3,7.770852011642144,5.176091259055681,5.176091259055681,True,False
NOREL2023,DrpoS DsdhAB DdctA fumarate|M70,3,7.7558748556724915,4.913813852383717,4.913813852383717,True,False
NOREL2023,DrpoS DsdhAB LB|M18,4,7.7923916894982534,4.845098040014257,4.845098040014257,True,False
NOREL2023,DrpoS DsdhAB LB CoCl2|M18,4,7.799340549453582,2.3010299956639813,2.3010299956639813,True,False
NOREL2023,DrpoS LB|M18,4,7.763427993562937,5.079181246047625,5.079181246047625,True,False
NOREL2023,DrpoS LB CoCl2|M18,4,7.643452676486188,6.041392685158225,6.041392685158225,True,False
NOREL2023,DrpoS ampi|M13,4,7.732393759822968,5.447158031342219,5.447158031342219,True,False
NOREL2023,DrpoS cipro|M14,4,7.799340549453582,6.505149978319906,6.505149978319906,True,False
NOREL2023,DrpoS cipro LB|M19,4,7.633468455579586,6.361727836017593,6.361727836017593,True,False
NOREL2023,DrpoS cipro LB|M20,4,7.6020599913279625,6.518513939877887,6.518513939877887,True,False
NOREL2023,DrpoS cipro LB CoCl2|M19,4,7.477121254719663,6.869231719730976,6.8750612633917,True,False
NOREL2023,DrpoS cipro LB CoCl2|M20,4,7.5910646070264995,6.826074802700826,6.826074802700826,True,False
NOREL2023,DrpoS frd sdh|M70,3,7.7923916894982534,3.0791812460476247,3.0791812460476247,True,False
NOREL2023,DrpoS frd sdh fumarate|M70,3,7.748188027006201,5.698970004336019,5.698970004336019,True,False
NOREL2023,DrpoS fum|M56,4,7.45484486000851,6.491361693834273,6.491361693834273,True,False
NOREL2023,DrpoS fumarate|M70,3,7.556302500767287,4.698970004336019,4.698970004336019,True,False
NOREL2023,DrpoSDacnAB ampi|M13,4,7.5910646070264995,4.653212513775344,4.653212513775344,True,False
NOREL2023,DrpoSDacnAB cipro|M14,4,7.623249290397901,4.913813852383717,4.913813852383717,True,False
NOREL2023,DrpoSDsdhAB|M56,4,7.309630167425898,6.869231719730976,6.869231719730976,False,False
NOREL2023,DrpoSDsdhAB|M70,3,7.633468455579586,6.176091259055681,6.176091259055681,True,False
NOREL2023,DrpoSDsdhAB fum|M56,4,7.45484486000851,6.707570176097937,6.707570176097937,True,False
NOREL2023,DrpoSDsdhAB fumarate|M70,3,7.681241237375588,5.342422680822207,5.342422680822207,True,False
NOREL2023,DsdhAB|M56,4,7.264817823009537,3.8976270912904414,3.8976270912904414,True,False
NOREL2023,DsdhAB|M70,3,7.826074802700826,3.662757831681574,3.662757831681574,True,False
NOREL2023,DsdhAB DdctA|M70,3,7.7160033436347994,2.6989700043360187,2.6989700043360187,True,False
NOREL2023,DsdhAB DdctA fumarate|M70,3,7.681241237375588,4.518513939877887,4.518513939877887,True,False
NOREL2023,DsdhAB LB|M18,4,7.6127838567197355,3.1760912590556813,3.1760912590556813,True,False
NOREL2023,DsdhAB LB CoCl2|M18,4,7.7558748556724915,2.6989700043360187,2.6989700043360187,True,False
NOREL2023,DsdhAB ampi|M13,4,7.748188027006201,3.0,3.0,True,False
NOREL2023,DsdhAB cipro|M14,4,7.707570176097937,4.6020599913279625,4.6020599913279625,True,False
NOREL2023,DsdhAB cipro LB|M19,4,7.8061799739838875,4.698970004336019,4.698970004336019,True,False
NOREL2023,DsdhAB cipro LB|M20,4,7.748188027006201,4.954242509439325,4.954242509439325,True,False
NOREL2023,DsdhAB cipro LB CoCl2|M19,4,7.8750612633917,4.643452676486188,4.698970004336019,True,False
NOREL2023,DsdhAB cipro LB CoCl2|M20,4,7.763427993562937,5.0,5.060697840353612,True,False
NOREL2023,DsdhAB fum|M56,4,7.424881636631067,5.633468455579586,5.633468455579586,True,False
NOREL2023,DsdhAB fumarate|M70,3,7.6020599913279625,4.826074802700826,4.826074802700826,True,False
NOREL2023,DsdhABDrpoS ampi|M13,4,7.724275869600789,5.763427993562937,5.763427993562937,True,False
NOREL2023,DsdhABDrpoS cipro|M14,4,7.799340549453582,6.633468455579586,6.633468455579586,True,False
NOREL2023,DsdhABDrpoS cipro LB|M19,4,7.690196080028514,6.8512583487190755,6.8512583487190755,True,False
NOREL2023,DsdhABDrpoS cipro LB|M20,4,7.6020599913279625,6.8750612633917,6.903089986991944,True,False
NOREL2023,DsdhABDrpoS cipro LB CoCl2|M19,4,7.662757831681574,6.518513939877887,6.518513939877887,True,False
NOREL2023,DsdhABDrpoS cipro LB CoCl2|M20,4,7.643452676486188,6.491361693834273,6.491361693834273,True,False
NOREL2023,F125|M96/persisters Ampi,3,7.737711735830269,3.3010299956639813,3.3010299956639813,True,False
NOREL2023,F125|M96/persisters cipro,3,7.668995923460809,5.079181246047625,5.079181246047625,True,False
NOREL2023,F125 sdh|M97/persisters Ampi,3,7.7558748556724915,3.380211241711606,3.380211241711606,True,False
NOREL2023,F125 sdh|M97/persisters cipro,3,7.7160033436347994,5.204119982655925,5.204119982655925,True,False
NOREL2023,F131|M96/persisters Ampi,3,7.630077857430439,6.008600171761918,6.008600171761918,True,False
NOREL2023,F131|M96/persisters cipro,3,7.64344181898842,6.380211241711606,6.380211241711606,True,False
NOREL2023,F131 rpoS sdh|M97/persisters Ampi,3,7.748188027006201,6.079181246047625,6.079181246047625,True,False
NOREL2023,F131 rpoS sdh|M97/persisters cipro,3,7.633468455579586,6.732393759822968,6.732393759822968,True,False
NOREL2023,I143|M96/persisters Ampi,3,7.505139120822139,4.8061799739838875,4.8061799739838875,True,False
NOREL2023,I143|M96/persisters cipro,3,7.572085910452753,5.531478917042255,5.643452676486188,True,False
NOREL2023,I143 aceE-lpdA|M97/persisters Ampi,3,7.672097857935717,5.176091259055681,5.176091259055681,True,False
NOREL2023,I143 aceE-lpdA|M97/persisters cipro,3,7.7160033436347994,5.880813592280791,5.880813592280791,True,False
NOREL2023,I144|M96/persisters Ampi,3,7.467350559932739,5.623249290397901,5.623249290397901,True,False
NOREL2023,I144|M96/persisters cipro,3,7.572085910452753,6.380211241711606,6.380211241711606,True,False
NOREL2023,I144 rpoS aceE-lpdA|M97/persisters Ampi,3,7.653212513775344,5.6020599913279625,5.6020599913279625,True,False
NOREL2023,I144 rpoS aceE-lpdA|M97/persisters cipro,3,7.633468455579586,6.7558748556724915,6.7558748556724915,True,False
NOREL2023,I57 mdh|M97/persisters Ampi,3,7.6127838567197355,4.799340549453582,4.799340549453582,True,False
NOREL2023,I57 mdh|M97/persisters cipro,3,7.623249290397901,5.477121254719663,5.477121254719663,True,False
NOREL2023,I58 rpoS mdh|M97/persisters Ampi,3,7.7160033436347994,5.880813592280791,5.880813592280791,True,False
NOREL2023,I58 rpoS mdh|M97/persisters cipro,3,7.819543935541868,6.763427993562937,6.763427993562937,True,False
NOREL2023,I61 icdA|M97/persisters Ampi,3,7.653212513775344,5.531478917042255,5.531478917042255,True,False
NOREL2023,I61 icdA|M97/persisters cipro,3,7.7160033436347994,5.869231719730976,5.869231719730976,True,False
NOREL2023,I62 rpoS icdA|M97/persisters Ampi,3,7.6020599913279625,5.491361693834273,5.491361693834273,True,False
NOREL2023,I62 rpoS icdA|M97/persisters cipro,3,7.6127838567197355,6.57978359661681,6.57978359661681,True,False
NOREL2023,I63 gltA|M97/persisters Ampi,3,7.643452676486188,3.8260748027008264,3.8260748027008264,True,False
NOREL2023,I63 gltA|M97/persisters cipro,3,7.568201724066995,5.301029995663981,5.301029995663981,True,False
NOREL2023,I64 rpoS gltA|M97/persisters Ampi,3,7.531478917042255,3.6127838567197355,3.6127838567197355,True,False
NOREL2023,I64 rpoS gltA|M97/persisters cipro,3,7.556302500767287,5.7558748556724915,5.7558748556724915,True,False
NOREL2023,I65|M96/persisters Ampi,3,7.55629164326952,5.505149978319906,5.505149978319906,True,False
NOREL2023,I65|M96/persisters cipro,3,7.726987870438496,6.079181246047625,6.079181246047625,True,False
NOREL2023,I66|M96/persisters Ampi,3,7.572085910452753,5.7160033436347994,5.7160033436347994,True,False
NOREL2023,I66|M96/persisters cipro,3,7.587325877009489,6.301029995663981,6.301029995663981,True,False
NOREL2023,I67|M96/persisters Ampi,3,7.778140392885876,5.342422680822207,5.342422680822207,True,False
NOREL2023,I67|M96/persisters cipro,3,7.587325877009489,6.301029995663981,6.301029995663981,True,False
NOREL2023,I68|M96/persisters Ampi,3,7.668995923460809,5.698970004336019,5.698970004336019,True,False
NOREL2023,I68|M96/persisters cipro,3,7.6162895729448055,6.414973347970818,6.414973347970818,True,False
NOREL2023,I69|M96/persisters Ampi,3,7.7583963346901195,5.505149978319906,5.505149978319906,True,False
NOREL2023,I69|M96/persisters cipro,3,7.587325877009489,5.991226075692495,5.991226075692495,True,False
NOREL2023,I70|M96/persisters Ampi,3,7.55629164326952,5.8061799739838875,5.8061799739838875,True,False
NOREL2023,I70|M96/persisters cipro,3,7.64344181898842,6.477121254719663,6.477121254719663,True,False
NOREL2023,I71|M96/persisters Ampi,3,7.778140392885876,5.477121254719663,5.477121254719663,True,False
NOREL2023,I71|M96/persisters cipro,3,7.587325877009489,5.982271233039568,5.982271233039568,True,False
NOREL2023,I72|M96/persisters Ampi,3,7.522867887782571,5.662757831681574,5.662757831681574,True,False
NOREL2023,I72|M96/persisters cipro,3,7.486655715128126,6.301029995663981,6.301029995663981,True,False
NOREL2023,I73|M96/persisters Ampi,3,7.5399012270813515,5.447158031342219,5.447158031342219,True,False
NOREL2023,I73|M96/persisters cipro,3,7.726987870438496,6.107209969647869,6.107209969647869,True,False
NOREL2023,I74|M96/persisters Ampi,3,7.522867887782571,5.380211241711606,5.380211241711606,True,False
NOREL2023,I74|M96/persisters cipro,3,7.572085910452753,6.230448921378274,6.230448921378274,True,False
NOREL2023,WT LB|M18,4,7.633468455579586,4.838849090737256,4.838849090737256,True,False
NOREL2023,WT LB CoCl2|M18,4,7.845098040014257,5.414973347970818,5.414973347970818,True,False
NOREL2023,rpoS|M77,3,7.643452676486188,5.389166084364533,5.389166084364533,True,False
NOREL2023,rpoS M63 10mM glucose/500μM MgSO4|M77,3,7.819543935541868,3.0,3.0,True,False
NOREL2023,rpoS M63 10mM glucose/50μM MgSO4|M77,3,7.7160033436347994,2.1760912590556813,2.1760912590556813,True,False
NOREL2023,rpoS M63 20mM glucose/500μM MgSO4|M77,3,7.6020599913279625,2.3979400086720375,2.3979400086720375,True,False
NOREL2023,rpoS M63 20mM glucose/50μM MgSO4|M77,3,7.892094602690481,1.6989700043360187,1.6989700043360187,True,False
NOREL2023,rpoSsdhAB|M77,3,7.8061799739838875,5.060697840353612,5.060697840353612,True,False
NOREL2023,rpoSsdhAB M63 10mM glucose/500μM MgSO4|M77,3,7.4623979978989565,2.6989700043360187,2.6989700043360187,True,False
NOREL2023,rpoSsdhAB M63 10mM glucose/50μM MgSO4|M77,3,7.740362689494244,2.6989700043360187,2.6989700043360187,True,False
NOREL2023,rpoSsdhAB M63 20mM glucose/500μM MgSO4|M77,3,7.763427993562937,1.0,1.0,True,False
NOREL2023,rpoSsdhAB M63 20mM glucose/50μM MgSO4|M77,3,7.857332496431268,2.0,2.0,True,False
NOREL2023,sdhAB|M77,3,7.748188027006201,2.0,2.0,True,False
NOREL2023,sdhAB  M63casa0.1%|M28,4,7.6020599913279625,2.146128035678238,2.146128035678238,True,False
NOREL2023,sdhAB  M63casa1%|M28,4,7.6020599913279625,2.785329835010767,2.785329835010767,True,False
NOREL2023,sdhAB  M63glucose2mM|M28,4,7.724275869600789,2.6720978579357175,2.6720978579357175,True,False
NOREL2023,sdhAB M63 10mM glucose/500μM MgSO4|M77,3,7.690196080028514,2.6989700043360187,2.6989700043360187,True,False
NOREL2023,sdhAB M63 10mM glucose/50μM MgSO4|M77,3,7.643452676486188,3.0,3.0,True,False
NOREL2023,sdhAB M63 20mM glucose/500μM MgSO4|M77,3,7.7923916894982534,2.3979400086720375,2.3979400086720375,True,False
NOREL2023,sdhAB M63 20mM glucose/50μM MgSO4|M77,3,7.698970004336019,2.0791812460476247,2.0791812460476247,True,False
NOREL2023,sdhABrpoS  M63casa0.1%|M28,4,7.672097857935717,3.591064607026499,3.591064607026499,True,False
NOREL2023,sdhABrpoS  M63casa1%|M28,4,7.653212513775344,5.301029995663981,5.301029995663981,True,False
NOREL2023,sdhABrpoS  M63glucose2mM|M28,4,7.7558748556724915,3.0569048513364727,3.0569048513364727,True,False
PIRANFAR2026,HIGH|flask 1,12,6.556302500767287,1.1760912590556813,1.1760912590556813,True,False
PIRANFAR2026,HIGH|flask 2,12,6.648360010980932,1.4771212547196624,1.4771212547196624,True,False
PIRANFAR2026,HIGH|flask 3,10,6.648360010980932,2.505149978319906,2.505149978319906,True,False
PIRANFAR2026,LOW|flask 1,7,4.763427993562937,1.1760912590556813,1.1760912590556813,True,False
PIRANFAR2026,LOW|flask 2,9,4.628388930050312,1.0,1.0,True,False
PIRANFAR2026,LOW|flask 3,8,4.658011396657113,0.6989700043360189,0.6989700043360189,True,False
PIRANFAR2026,MID|flask 1,11,5.628388930050312,1.0,1.0,True,False
PIRANFAR2026,MID|flask 2,10,5.531478917042255,1.7781512503836436,1.7781512503836436,True,False
PIRANFAR2026,MID|flask 3,11,5.4065401804339555,0.6989700043360189,0.6989700043360189,True,False
PRETOMANID,DMSO|1,30,6.903089986991944,6.198657086954422,6.198657086954422,True,False
PRETOMANID,DMSO|2,30,6.991226075692495,6.269512944217916,6.269512944217916,True,False
PRETOMANID,DMSO|3,30,6.903089986991944,6.204119982655925,6.204119982655925,True,False
PRETOMANID,ND-011992|1,6,6.903089986991944,5.963787827345556,5.963787827345556,True,False
PRETOMANID,ND-011992|2,6,6.991226075692495,6.064457989226918,6.064457989226918,True,False
PRETOMANID,ND-011992|3,6,6.903089986991944,5.9344984512435675,5.9344984512435675,True,False
PRETOMANID,PMD|1,28,6.903089986991944,2.3010299956639813,3.0791812460476247,True,True
PRETOMANID,PMD|2,28,6.991226075692495,2.6020599913279625,3.146128035678238,True,True
PRETOMANID,PMD|3,28,6.903089986991944,2.3010299956639813,3.0791812460476247,True,True
PRETOMANID,PMD + Q203|1,14,6.903089986991944,1.6020599913279623,3.0,True,True
PRETOMANID,PMD + Q203|2,14,6.991226075692495,1.6020599913279623,3.0,True,True
PRETOMANID,PMD + Q203|3,14,6.903089986991944,1.6020599913279623,3.0,True,True
PRETOMANID,PMD + Q203 + ND-011992|1,4,6.903089986991944,1.6020599913279623,1.6020599913279623,True,False
PRETOMANID,PMD + Q203 + ND-011992|2,4,6.991226075692495,1.6020599913279623,1.6020599913279623,True,False
PRETOMANID,PMD + Q203 + ND-011992|3,4,6.903089986991944,1.3010299956639813,1.3010299956639813,True,False
PRETOMANID,Q203|1,12,6.903089986991944,6.139879086401237,6.139879086401237,True,False
PRETOMANID,Q203|2,12,6.991226075692495,6.146128035678238,6.146128035678238,True,False
PRETOMANID,Q203|3,12,6.903089986991944,6.113943352306837,6.113943352306837,True,False
PRETOMANID,Q203 (100nM)|1,4,6.892094602690481,2.716003343634799,2.716003343634799,True,False
PRETOMANID,Q203 (100nM)|2,4,6.732393759822968,2.7481880270062002,2.7481880270062002,True,False
PRETOMANID,Q203 (100nM)|3,4,6.845098040014257,2.7481880270062002,2.7481880270062002,True,False
RIVANI2022,Growth Control|nan,28,5.78,5.78,6.78,False,False
RIVANI2022,"MEM+AK 0,5 MIC+0,5 MIC|nan",28,5.78,1.22,5.78,True,True
RIVANI2022,MEM+AK 1 MIC+1 MIC|nan,28,5.78,2.3,5.78,True,True
RIVANI2022,"MEM+AK 2 MIC+0,5 MIC|nan",28,5.78,1.22,5.78,True,True
RIVANI2022,MEM+AK 2 MIC+2 MIC|nan,28,5.78,1.52,5.78,True,True
RIVANI2022,"MEM+SAM 0,5+0,5 MIC|nan",28,5.78,2.91,5.78,True,True
RIVANI2022,MEM+SAM 1+1 MIC|nan,28,5.78,1.53,4.85,True,True
RIVANI2022,"MEM+SAM 2+0,5 MIC|nan",28,5.78,3.07,3.95,True,True
RIVANI2022,MEM+SAM 2+2 MIC|nan,28,5.78,1.22,3.87,True,True
SEBASTIAN2025,ATc Induced (CFU/mL) [Rifampicin Time-Kill kinetics of TRIP library]|col1,4,6.450249108319361,2.380211241711606,2.380211241711606,True,False
SEBASTIAN2025,ATc Induced (CFU/mL) [Rifampicin Time-Kill kinetics of TRIP library]|col2,4,6.158362492095249,2.6665179805548807,2.6665179805548807,True,False
SEBASTIAN2025,ATc Induced (CFU/mL) [Rifampicin Time-Kill kinetics of TRIP library]|col3,4,6.365487984890899,1.8808135922807914,1.8808135922807914,True,False
SEBASTIAN2025,ATc Induced (CFU/mL) [Rifampicin Time-Kill kinetics of TRIP library]|col4,3,6.38738982633873,2.1072099696478683,2.1072099696478683,True,False
SEBASTIAN2025,ATc [Figure 4A_PLJR_cydA_BDQ]|rep1,3,6.232996110392154,2.1760912590556813,2.1760912590556813,True,False
SEBASTIAN2025,ATc [Figure 4A_PLJR_cydA_BDQ]|rep2,3,6.3404441148401185,2.0791812460476247,2.0791812460476247,True,False
SEBASTIAN2025,ATc [Figure 4A_PLJR_cydA_BDQ]|rep3,3,6.465382851448418,2.0,2.0,True,False
SEBASTIAN2025,ATc [Figure 4C_PLJR_cydA_INH]|rep1,3,6.232996110392154,3.568201724066995,4.6020599913279625,True,True
SEBASTIAN2025,ATc [Figure 4C_PLJR_cydA_INH]|rep2,3,6.3404441148401185,2.041392685158225,2.041392685158225,True,False
SEBASTIAN2025,ATc [Figure 4C_PLJR_cydA_INH]|rep3,3,6.465382851448418,1.954242509439325,1.954242509439325,True,False
SEBASTIAN2025,ATc [Figure 4D_PLJR_cydA_Mox]|rep1,3,6.232996110392154,2.7075701760979363,2.7075701760979363,True,False
SEBASTIAN2025,ATc [Figure 4D_PLJR_cydA_Mox]|rep2,3,6.3404441148401185,2.7558748556724915,2.7558748556724915,True,False
SEBASTIAN2025,ATc [Figure 4D_PLJR_cydA_Mox]|rep3,3,6.465382851448418,2.6334684555795866,2.6334684555795866,True,False
SEBASTIAN2025,ATc [Figure 4E_PLJR_cydA_Emb]|rep1,3,6.232996110392154,3.7902851640332416,3.7902851640332416,True,False
SEBASTIAN2025,ATc [Figure 4E_PLJR_cydA_Emb]|rep2,3,6.3404441148401185,3.7715874808812555,3.7715874808812555,True,False
SEBASTIAN2025,ATc [Figure 4E_PLJR_cydA_Emb]|rep3,3,6.465382851448418,3.887617300335736,3.887617300335736,True,False
SEBASTIAN2025,ATc [Figure 4F_PLJR_cydA_RIF]|rep1,3,6.232996110392154,2.716003343634799,2.716003343634799,True,False
SEBASTIAN2025,ATc [Figure 4F_PLJR_cydA_RIF]|rep2,3,6.3404441148401185,2.6334684555795866,2.6334684555795866,True,False
SEBASTIAN2025,ATc [Figure 4F_PLJR_cydA_RIF]|rep3,3,6.465382851448418,2.886490725172482,2.886490725172482,True,False
SEBASTIAN2025,ATc [Figure 4G_PLJR_icl1_BDQ]|rep1,3,6.107209969647869,2.0791812460476247,2.0791812460476247,True,False
SEBASTIAN2025,ATc [Figure 4G_PLJR_icl1_BDQ]|rep2,3,6.004321373782642,2.8750612633917,2.8750612633917,True,False
SEBASTIAN2025,ATc [Figure 4G_PLJR_icl1_BDQ]|rep3,3,6.049218022670182,2.7075701760979363,2.7075701760979363,True,False
SEBASTIAN2025,ATc [Figure 4H_PLJR_icl1_Q203]|rep1,3,6.107209969647869,2.361727836017593,2.361727836017593,True,False
SEBASTIAN2025,ATc [Figure 4H_PLJR_icl1_Q203]|rep2,3,6.004321373782642,2.8512583487190755,2.8512583487190755,True,False
SEBASTIAN2025,ATc [Figure 4H_PLJR_icl1_Q203]|rep3,3,6.049218022670182,2.4913616938342726,2.4913616938342726,True,False
SEBASTIAN2025,ATc [Figure 4I_PLJR_icl1_INH]|rep1,3,6.107209969647869,2.9030899869919438,4.6020599913279625,True,True
SEBASTIAN2025,ATc [Figure 4I_PLJR_icl1_INH]|rep2,3,6.004321373782642,2.6989700043360187,4.6020599913279625,True,True
SEBASTIAN2025,ATc [Figure 4I_PLJR_icl1_INH]|rep3,3,6.049218022670182,1.3010299956639813,1.3010299956639813,True,False
SEBASTIAN2025,ATc [Figure 4J_PLJR_icl1_Mox]|rep1,3,6.107209969647869,2.278753600952829,2.278753600952829,True,False
SEBASTIAN2025,ATc [Figure 4J_PLJR_icl1_Mox]|rep2,3,6.004321373782642,1.845098040014257,1.845098040014257,True,False
SEBASTIAN2025,ATc [Figure 4J_PLJR_icl1_Mox]|rep3,3,6.049218022670182,2.361727836017593,2.361727836017593,True,False
SEBASTIAN2025,ATc [Figure 4K_PLJR_icl1_Emb]|rep1,3,6.107209969647869,3.1958996524092336,3.1958996524092336,True,False
SEBASTIAN2025,ATc [Figure 4K_PLJR_icl1_Emb]|rep2,3,6.004321373782642,3.1492191126553797,3.1492191126553797,True,False
SEBASTIAN2025,ATc [Figure 4K_PLJR_icl1_Emb]|rep3,3,6.049218022670182,3.2405492482826,3.2405492482826,True,False
SEBASTIAN2025,ATc [Figure 4L_PLJR_icl1_RIF]|rep1,3,6.107209969647869,3.3979400086720375,3.3979400086720375,True,False
SEBASTIAN2025,ATc [Figure 4L_PLJR_icl1_RIF]|rep2,3,6.004321373782642,3.5563025007672873,3.5563025007672873,True,False
SEBASTIAN2025,ATc [Figure 4L_PLJR_icl1_RIF]|rep3,3,6.049218022670182,3.161368002234975,3.161368002234975,True,False
SEBASTIAN2025,Control (CFU/mL) [Rifampicin Time-Kill kinetics of TRIP library]|col1,4,6.447158031342219,2.3096301674258988,2.3096301674258988,True,False
SEBASTIAN2025,Control (CFU/mL) [Rifampicin Time-Kill kinetics of TRIP library]|col2,3,6.424881636631067,3.215901813204032,3.215901813204032,True,False
SEBASTIAN2025,Control (CFU/mL) [Rifampicin Time-Kill kinetics of TRIP library]|col3,4,6.465382851448418,2.1335389083702174,2.1335389083702174,True,False
SEBASTIAN2025,Control (CFU/mL) [Rifampicin Time-Kill kinetics of TRIP library]|col4,4,6.283301228703549,2.1702617153949575,2.1702617153949575,True,False
SEBASTIAN2025,No_ATc [Figure 4A_PLJR_cydA_BDQ]|rep1,3,6.152288344383057,2.8129133566428557,2.8129133566428557,True,False
SEBASTIAN2025,No_ATc [Figure 4A_PLJR_cydA_BDQ]|rep2,3,6.399673721481038,2.6232492903979003,2.6232492903979003,True,False
SEBASTIAN2025,No_ATc [Figure 4A_PLJR_cydA_BDQ]|rep3,3,6.296665190261531,2.5185139398778875,2.5185139398778875,True,False
SEBASTIAN2025,No_ATc [Figure 4B_PLJR_cydA_Q203]|rep1,3,6.152288344383057,2.8129133566428557,2.8129133566428557,True,False
SEBASTIAN2025,No_ATc [Figure 4B_PLJR_cydA_Q203]|rep2,3,6.399673721481038,2.6127838567197355,2.6127838567197355,True,False
SEBASTIAN2025,No_ATc [Figure 4B_PLJR_cydA_Q203]|rep3,3,6.296665190261531,2.716003343634799,2.716003343634799,True,False
SEBASTIAN2025,No_ATc [Figure 4C_PLJR_cydA_INH]|rep1,3,6.152288344383057,2.2041199826559246,2.2041199826559246,True,False
SEBASTIAN2025,No_ATc [Figure 4C_PLJR_cydA_INH]|rep2,3,6.399673721481038,2.342422680822206,2.342422680822206,True,False
SEBASTIAN2025,No_ATc [Figure 4C_PLJR_cydA_INH]|rep3,3,6.296665190261531,3.380211241711606,4.6020599913279625,True,True
SEBASTIAN2025,No_ATc [Figure 4D_PLJR_cydA_Mox]|rep1,3,6.152288344383057,2.0,2.0,True,False
SEBASTIAN2025,No_ATc [Figure 4D_PLJR_cydA_Mox]|rep2,3,6.399673721481038,2.380211241711606,2.380211241711606,True,False
SEBASTIAN2025,No_ATc [Figure 4D_PLJR_cydA_Mox]|rep3,3,6.296665190261531,2.255272505103306,2.255272505103306,True,False
SEBASTIAN2025,No_ATc [Figure 4E_PLJR_cydA_Emb]|rep1,3,6.152288344383057,3.0644579892269186,3.0644579892269186,True,False
SEBASTIAN2025,No_ATc [Figure 4E_PLJR_cydA_Emb]|rep2,3,6.399673721481038,3.143014800254095,3.143014800254095,True,False
SEBASTIAN2025,No_ATc [Figure 4E_PLJR_cydA_Emb]|rep3,3,6.296665190261531,2.9590413923210934,2.9590413923210934,True,False
SEBASTIAN2025,No_ATc [Figure 4F_PLJR_cydA_RIF]|rep1,3,6.152288344383057,3.9912260756924947,3.9912260756924947,True,False
SEBASTIAN2025,No_ATc [Figure 4F_PLJR_cydA_RIF]|rep2,3,6.399673721481038,3.949390006644913,3.949390006644913,True,False
SEBASTIAN2025,No_ATc [Figure 4F_PLJR_cydA_RIF]|rep3,3,6.296665190261531,3.8750612633917,3.8750612633917,True,False
SEBASTIAN2025,No_ATc [Figure 4G_PLJR_icl1_BDQ]|rep1,3,5.7923916894982534,2.6232492903979003,2.6232492903979003,True,False
SEBASTIAN2025,No_ATc [Figure 4G_PLJR_icl1_BDQ]|rep2,3,5.8750612633917,2.7403626894942437,2.7403626894942437,True,False
SEBASTIAN2025,No_ATc [Figure 4G_PLJR_icl1_BDQ]|rep3,3,5.8512583487190755,2.785329835010767,2.785329835010767,True,False
SEBASTIAN2025,No_ATc [Figure 4H_PLJR_icl1_Q203]|rep1,3,5.7923916894982534,1.954242509439325,1.954242509439325,True,False
SEBASTIAN2025,No_ATc [Figure 4H_PLJR_icl1_Q203]|rep2,3,5.8750612633917,2.505149978319906,2.505149978319906,True,False
SEBASTIAN2025,No_ATc [Figure 4H_PLJR_icl1_Q203]|rep3,3,5.8512583487190755,2.6532125137753435,2.6532125137753435,True,False
SEBASTIAN2025,No_ATc [Figure 4I_PLJR_icl1_INH]|rep1,3,5.7923916894982534,3.6334684555795866,4.6020599913279625,True,True
SEBASTIAN2025,No_ATc [Figure 4I_PLJR_icl1_INH]|rep2,3,5.8750612633917,2.3979400086720375,2.3979400086720375,True,False
SEBASTIAN2025,No_ATc [Figure 4I_PLJR_icl1_INH]|rep3,3,5.8512583487190755,2.278753600952829,2.278753600952829,True,False
SEBASTIAN2025,No_ATc [Figure 4J_PLJR_icl1_Mox]|rep1,3,5.7923916894982534,2.113943352306837,2.113943352306837,True,False
SEBASTIAN2025,No_ATc [Figure 4J_PLJR_icl1_Mox]|rep2,3,5.8750612633917,2.1760912590556813,2.1760912590556813,True,False
SEBASTIAN2025,No_ATc [Figure 4J_PLJR_icl1_Mox]|rep3,3,5.8512583487190755,2.4313637641589874,2.4313637641589874,True,False
SEBASTIAN2025,No_ATc [Figure 4L_PLJR_icl1_RIF]|rep1,3,5.7923916894982534,3.929418925714293,3.929418925714293,True,False
SEBASTIAN2025,No_ATc [Figure 4L_PLJR_icl1_RIF]|rep2,3,5.8750612633917,3.863322860120456,3.863322860120456,True,False
SEBASTIAN2025,No_ATc [Figure 4L_PLJR_icl1_RIF]|rep3,3,5.8512583487190755,3.531478917042255,3.531478917042255,True,False
SEBASTIAN2025,No_Atc [Figure 4K_PLJR_icl1_Emb]|rep1,3,5.7923916894982534,3.296665190261531,3.296665190261531,True,False
SEBASTIAN2025,No_Atc [Figure 4K_PLJR_icl1_Emb]|rep2,3,5.8750612633917,3.143014800254095,3.143014800254095,True,False
SEBASTIAN2025,No_Atc [Figure 4K_PLJR_icl1_Emb]|rep3,3,5.8512583487190755,3.093421685162235,3.093421685162235,True,False
SEBASTIAN2025,PLJR965-Rv3083|rep1,3,7.326335860928752,3.8750612633917,3.8750612633917,True,False
SEBASTIAN2025,PLJR965-Rv3083|rep2,3,7.1303337684950066,3.716003343634799,3.716003343634799,True,False
SEBASTIAN2025,PLJR965-Rv3083|rep3,3,7.161368002234975,3.662757831681574,3.662757831681574,True,False
SEBASTIAN2025,PLJR965-Rv3083-Atc|rep1,3,7.399673721481038,3.949390006644913,3.949390006644913,True,False
SEBASTIAN2025,PLJR965-Rv3083-Atc|rep2,3,7.093421685162235,3.9822712330395684,3.9822712330395684,True,False
SEBASTIAN2025,PLJR965-Rv3083-Atc|rep3,3,7.330413773349191,3.9590413923210934,3.9590413923210934,True,False
SEBASTIAN2025,PLJR965-icl1|rep1,3,7.5910646070264995,3.934498451243568,3.934498451243568,True,False
SEBASTIAN2025,PLJR965-icl1|rep2,3,7.653212513775344,3.949390006644913,3.949390006644913,True,False
SEBASTIAN2025,PLJR965-icl1|rep3,3,7.4623979978989565,3.838849090737255,3.838849090737255,True,False
SEBASTIAN2025,PLJR965-icl1-Atc|rep1,3,7.982271233039568,3.2041199826559246,3.2041199826559246,True,False
SEBASTIAN2025,PLJR965-icl1-Atc|rep2,3,7.939519252618618,3.3010299956639813,3.3010299956639813,True,False
SEBASTIAN2025,PLJR965-icl1-Atc|rep3,3,7.939519252618618,3.113943352306837,3.113943352306837,True,False
SEBASTIAN2025,Rv1359|rep1,4,6.227886704613674,1.6020599913279623,1.6020599913279623,True,False
SEBASTIAN2025,Rv1359|rep2,4,6.267171728403014,1.3010299956639813,1.3010299956639813,True,False
SEBASTIAN2025,Rv1359|rep3,4,6.298853076409706,0.7781512503836436,0.7781512503836436,True,False
SEBASTIAN2025,Rv1359|rep4,4,6.332438459915605,1.2041199826559248,1.2041199826559248,True,False
SEBASTIAN2025,Rv1359-ATc|rep1,4,6.155336037465061,2.330413773349191,2.330413773349191,True,False
SEBASTIAN2025,Rv1359-ATc|rep2,4,6.181843587944773,2.3384564936046046,2.3384564936046046,True,False
SEBASTIAN2025,Rv1359-ATc|rep3,4,6.382017042574868,2.376576957056512,2.376576957056512,True,False
SEBASTIAN2025,Rv1359-ATc|rep4,4,6.328379603438738,2.5289167002776547,2.5289167002776547,True,False
SEBASTIAN2025,Rv2887|rep1,4,6.049218022670182,2.041392685158225,2.041392685158225,True,False
SEBASTIAN2025,Rv2887|rep2,4,6.1303337684950066,1.7781512503836436,1.7781512503836436,True,False
SEBASTIAN2025,Rv2887|rep3,4,6.161368002234975,0.9030899869919435,0.9030899869919435,True,False
SEBASTIAN2025,Rv2887|rep4,4,6.079181246047625,1.7781512503836436,1.7781512503836436,True,False
SEBASTIAN2025,Rv2887-ATc|rep1,4,6.12057393120585,2.8943160626844384,2.8943160626844384,True,False
SEBASTIAN2025,Rv2887-ATc|rep2,4,6.056904851336473,2.6414741105040997,2.6414741105040997,True,False
SEBASTIAN2025,Rv2887-ATc|rep3,4,6.08278537031645,2.2600713879850747,2.2600713879850747,True,False
SEBASTIAN2025,Rv2887-ATc|rep4,4,6.133538908370218,2.6954816764901977,2.6954816764901977,True,False
SEBASTIAN2025,Rv3736|rep1,4,6.597695185925512,1.7634279935629373,1.7634279935629373,True,False
SEBASTIAN2025,Rv3736|rep2,4,6.507855871695831,1.9344984512435677,1.9344984512435677,True,False
SEBASTIAN2025,Rv3736|rep3,4,6.546542663478131,2.0086001717619175,2.0086001717619175,True,False
SEBASTIAN2025,Rv3736|rep4,4,6.480006942957151,2.0253058652647704,2.0253058652647704,True,False
SEBASTIAN2025,Rv3736-ATc|rep1,4,6.675778341674085,0.7781512503836436,0.7781512503836436,True,False
SEBASTIAN2025,Rv3736-ATc|rep2,4,6.815577748324268,0.3010299956639812,0.3010299956639812,True,False
SEBASTIAN2025,Rv3736-ATc|rep3,4,6.679427896612119,1.0,1.0,True,False
SEBASTIAN2025,Rv3736-ATc|rep4,4,6.695481676490197,1.0,1.0,True,False
SEBASTIAN2025,Rv3833|rep1,4,6.544068044350276,2.4471580313422194,2.4471580313422194,True,False
SEBASTIAN2025,Rv3833|rep2,4,6.3979400086720375,2.3344537511509307,2.3344537511509307,True,False
SEBASTIAN2025,Rv3833|rep3,4,6.494154594018442,2.305351369446624,2.305351369446624,True,False
SEBASTIAN2025,Rv3833|rep4,3,6.332438459915605,2.8819549713396007,2.8819549713396007,True,False
SEBASTIAN2025,Rv3833-ATc|rep1,4,6.4031205211758175,2.534026106056135,2.534026106056135,True,False
SEBASTIAN2025,Rv3833-ATc|rep2,4,6.332438459915605,2.60422605308447,2.60422605308447,True,False
SEBASTIAN2025,Rv3833-ATc|rep3,4,6.143014800254095,2.597695185925512,2.597695185925512,True,False
SEBASTIAN2025,Rv3833-ATc|rep4,4,6.181843587944773,2.785329835010767,2.785329835010767,True,False
SEBASTIAN2025,TFI Rv2887|rep1,3,7.041392685158225,3.57978359661681,3.57978359661681,True,False
SEBASTIAN2025,TFI Rv2887|rep2,3,7.204119982655925,3.690196080028514,3.690196080028514,True,False
SEBASTIAN2025,TFI Rv2887|rep3,3,7.3222192947339195,3.041392685158225,3.041392685158225,True,False
SEBASTIAN2025,TFI Rv2887+PLJR965-icl1|rep1,3,6.9084850188786495,3.4149733479708178,3.4149733479708178,True,False
SEBASTIAN2025,TFI Rv2887+PLJR965-icl1|rep2,3,6.949390006644912,3.591064607026499,3.591064607026499,True,False
SEBASTIAN2025,TFI Rv2887+PLJR965-icl1|rep3,3,6.857332496431268,3.6127838567197355,3.6127838567197355,True,False
SEBASTIAN2025,TFI Rv2887+PLJR965-icl1-Atc|rep1,3,7.086359830674748,2.8573324964312685,2.8573324964312685,True,False
SEBASTIAN2025,TFI Rv2887+PLJR965-icl1-Atc|rep2,3,7.033423755486949,3.0827853703164503,3.0827853703164503,True,False
SEBASTIAN2025,TFI Rv2887+PLJR965-icl1-Atc|rep3,3,7.045322978786658,2.949390006644913,2.949390006644913,True,False
SEBASTIAN2025,TFI Rv2887-Atc|rep1,3,7.037426497940624,3.9912260756924947,3.9912260756924947,True,False
SEBASTIAN2025,TFI Rv2887-Atc|rep2,3,7.278753600952829,4.041392685158225,4.041392685158225,True,False
SEBASTIAN2025,TFI Rv2887-Atc|rep3,3,7.491361693834273,3.929418925714293,3.929418925714293,True,False
SEBASTIAN2025,TFI Rv3736|rep1,3,7.653212513775344,3.8260748027008264,3.8260748027008264,True,False
SEBASTIAN2025,TFI Rv3736|rep2,3,7.5910646070264995,3.832508912706236,3.832508912706236,True,False
SEBASTIAN2025,TFI Rv3736|rep3,3,7.819543935541868,3.8692317197309762,3.8692317197309762,True,False
SEBASTIAN2025,TFI Rv3736+PLJR965-Rv3083|rep1,3,6.633468455579586,3.949390006644913,3.949390006644913,True,False
SEBASTIAN2025,TFI Rv3736+PLJR965-Rv3083|rep2,3,6.763427993562937,3.8512583487190755,3.8512583487190755,True,False
SEBASTIAN2025,TFI Rv3736+PLJR965-Rv3083|rep3,3,6.785329835010767,3.7481880270062002,3.7481880270062002,True,False
SEBASTIAN2025,TFI Rv3736+PLJR965-Rv3083-Atc|rep1,3,6.6127838567197355,3.4471580313422194,3.4471580313422194,True,False
SEBASTIAN2025,TFI Rv3736+PLJR965-Rv3083-Atc|rep2,3,6.7558748556724915,3.591064607026499,3.591064607026499,True,False
SEBASTIAN2025,TFI Rv3736+PLJR965-Rv3083-Atc|rep3,3,6.662757831681574,3.8920946026904804,3.8920946026904804,True,False
SEBASTIAN2025,TFI Rv3736-Atc|rep1,3,7.863322860120456,3.164352855784437,3.164352855784437,True,False
SEBASTIAN2025,TFI Rv3736-Atc|rep2,3,7.924279286061882,3.2430380486862944,3.2430380486862944,True,False
SEBASTIAN2025,TFI Rv3736-Atc|rep3,3,7.623249290397901,3.298853076409707,3.298853076409707,True,False
SEBASTIAN2025,VC|rep1,4,6.3222192947339195,2.637489729512511,2.637489729512511,True,False
SEBASTIAN2025,VC|rep2,4,6.357934847000454,2.5888317255942073,2.591064607026499,True,False
SEBASTIAN2025,VC|rep3,3,6.334453751150931,2.6473829701146196,2.6473829701146196,True,False
SEBASTIAN2025,VC|rep4,4,6.352182518111363,2.24551266781415,2.24551266781415,True,False
SEBASTIAN2025,VC-ATc|rep1,4,6.440909082065217,2.5440680443502757,2.5440680443502757,True,False
SEBASTIAN2025,VC-ATc|rep2,4,6.45484486000851,2.6570558528571038,2.6570558528571038,True,False
SEBASTIAN2025,VC-ATc|rep3,3,6.416640507338281,2.637489729512511,2.637489729512511,True,False
SEBASTIAN2025,VC-ATc|rep4,3,6.324282455297693,2.681241237375587,2.681241237375587,True,False
SEBASTIAN2025,blaI|rep1,4,6.6127838567197355,2.1583624920952498,2.1583624920952498,True,False
SEBASTIAN2025,blaI|rep2,4,6.447158031342219,2.0718820073061255,2.0718820073061255,True,False
SEBASTIAN2025,blaI|rep3,4,6.595496221825574,2.2095150145426308,2.2095150145426308,True,False
SEBASTIAN2025,blaI|rep4,4,6.383815365980431,1.9344984512435677,1.9344984512435677,True,False
SEBASTIAN2025,blaI-ATc|rep1,3,6.675778341674085,0.9030899869919435,0.9030899869919435,True,False
SEBASTIAN2025,blaI-ATc|rep2,3,6.824776462475546,1.255272505103306,1.255272505103306,True,False
SEBASTIAN2025,blaI-ATc|rep3,3,6.82865989653532,1.414973347970818,1.414973347970818,True,False
SEBASTIAN2025,blaI-ATc|rep4,3,6.763427993562937,1.146128035678238,1.146128035678238,True,False
SEBASTIAN2025,cydA_1|rep1,3,5.617738386036693,2.6207355153674556,2.6207355153674556,True,False
SEBASTIAN2025,cydA_1|rep2,3,5.201598771232158,1.9310018134248361,1.9310018134248361,True,False
SEBASTIAN2025,cydA_1|rep3,3,5.487714328206621,2.114895758006197,2.114895758006197,True,False
SEBASTIAN2025,cydA_1_ATc|rep1,3,5.249324001283089,1.6736284002722295,1.6736284002722295,True,False
SEBASTIAN2025,cydA_1_ATc|rep2,3,5.087315854817802,1.2925306988114122,1.2925306988114122,True,False
SEBASTIAN2025,cydA_1_ATc|rep3,3,5.170434703272883,1.4753040899673602,1.4753040899673602,True,False
SEBASTIAN2025,cydA_2|rep1,3,5.6399761063117895,2.799027967625886,2.799027967625886,True,False
SEBASTIAN2025,cydA_2|rep2,3,5.2834201134377174,1.9811066631648497,1.9811066631648497,True,False
SEBASTIAN2025,cydA_2|rep3,3,5.585028148266639,2.4163306901457933,2.4163306901457933,True,False
SEBASTIAN2025,cydA_2_ATc|rep1,3,5.468349169660166,1.846768609614048,1.846768609614048,True,False
SEBASTIAN2025,cydA_2_ATc|rep2,3,5.311315341908173,1.2524134755891436,1.2524134755891436,True,False
SEBASTIAN2025,cydA_2_ATc|rep3,3,5.463303220211189,1.7822086898744836,1.7822086898744836,True,False
SEBASTIAN2025,cydA_3|rep1,3,5.1822558459682515,2.6414201142297253,2.6414201142297253,True,False
SEBASTIAN2025,cydA_3|rep2,3,5.05121291259025,1.87188357770869,1.87188357770869,True,False
SEBASTIAN2025,cydA_3|rep3,3,5.155275868326336,2.2648268477439255,2.2648268477439255,True,False
SEBASTIAN2025,cydA_3_ATc|rep1,3,5.415434801025648,0.42516468266263585,0.42516468266263585,True,False
SEBASTIAN2025,cydA_3_ATc|rep2,3,5.223654050921742,0.6885011146769118,0.6885011146769118,True,False
SEBASTIAN2025,cydA_3_ATc|rep3,3,5.301110570661476,1.5705209448778341,1.5705209448778341,True,False
SEBASTIAN2025,sigC|rep1,4,6.296665190261531,2.380211241711606,2.380211241711606,True,False
SEBASTIAN2025,sigC|rep2,4,6.380211241711606,1.5314789170422551,1.5314789170422551,True,False
SEBASTIAN2025,sigC|rep3,4,6.346352974450639,1.5563025007672873,1.5563025007672873,True,False
SEBASTIAN2025,sigC|rep4,4,6.158362492095249,1.7160033436347992,1.7160033436347992,True,False
SEBASTIAN2025,sigC-ATc|rep1,4,6.754348335711019,1.3424226808222062,1.3424226808222062,True,False
SEBASTIAN2025,sigC-ATc|rep2,4,6.653212513775344,1.414973347970818,1.414973347970818,True,False
SEBASTIAN2025,sigC-ATc|rep3,4,6.565847818673518,1.0,1.0,True,False
SEBASTIAN2025,sigC-ATc|rep4,4,6.544068044350276,1.146128035678238,1.146128035678238,True,False
SEBASTIAN2025,sigI|rep1,4,6.334453751150931,1.8195439355418688,1.8195439355418688,True,False
SEBASTIAN2025,sigI|rep2,4,6.505149978319906,2.03342375548695,2.03342375548695,True,False
SEBASTIAN2025,sigI|rep3,4,6.418301291319746,2.0492180226701815,2.0492180226701815,True,False
SEBASTIAN2025,sigI|rep4,4,6.4048337166199385,1.792391689498254,1.792391689498254,True,False
SEBASTIAN2025,sigI-ATc|rep1,4,6.639486489268586,1.380211241711606,1.380211241711606,True,False
SEBASTIAN2025,sigI-ATc|rep2,4,6.523746466811565,1.5563025007672873,1.5563025007672873,True,False
SEBASTIAN2025,sigI-ATc|rep3,4,6.453318340047038,1.255272505103306,1.255272505103306,True,False
SEBASTIAN2025,sigI-ATc|rep4,4,6.588831725594207,1.380211241711606,1.380211241711606,True,False
SOEORG2026,colistin (dynamic)|ID26_OCC3,8,5.84,2.59,3.46,True,True
SOEORG2026,colistin (dynamic)|ID27_OCC3,8,5.6,2.0,4.63,True,True
SOEORG2026,colistin (dynamic)|ID28_OCC3,8,5.29,2.19,2.92,True,True
SOEORG2026,colistin (dynamic)|ID29_OCC3,8,5.6,3.44,4.77,True,True
SOEORG2026,colistin 0.125|ID5_OCC1,8,5.76,5.48,8.55,False,False
SOEORG2026,colistin 0.125|ID6_OCC1,8,6.01,6.01,10.55,False,False
SOEORG2026,colistin 0.25|ID31_OCC1,7,6.46,1.16,7.66,True,True
SOEORG2026,colistin 0.25|ID32_OCC9,7,6.37,2.1,8.61,True,True
SOEORG2026,colistin 0.25|ID33_OCC8,7,6.63,2.25,8.34,True,True
SOEORG2026,colistin 0.25|ID34_OCC2,7,5.85,3.11,8.09,True,True
SOEORG2026,colistin 0.25|ID47_OCC2,4,6.14,6.14,9.54,False,False
SOEORG2026,colistin 0.5|ID15_OCC3,3,5.4,5.24,9.55,False,False
SOEORG2026,colistin 0.5|ID16_OCC3,3,5.15,5.15,10.09,False,False
SOEORG2026,colistin 0.5|ID17_OCC3,3,5.39,3.45,5.07,True,True
SOEORG2026,colistin 0.5|ID18_OCC3,3,5.65,5.65,10.97,False,False
SOEORG2026,colistin 0.5|ID32_OCC8,7,6.03,3.37,6.68,True,True
SOEORG2026,colistin 0.5|ID33_OCC2,7,6.3,3.24,7.78,True,True
SOEORG2026,colistin 0.5|ID34_OCC3,7,5.89,3.15,6.76,True,True
SOEORG2026,colistin 1|ID13_OCC1,10,6.32,2.92,5.47,True,True
SOEORG2026,colistin 1|ID1_OCC1,5,5.99,5.2,6.63,True,True
SOEORG2026,colistin 1|ID2_OCC1,5,6.0,2.71,4.61,True,True
SOEORG2026,colistin 1|ID32_OCC1,7,6.09,2.56,7.46,True,True
SOEORG2026,colistin 1|ID33_OCC3,7,6.32,2.51,8.27,True,True
SOEORG2026,colistin 1|ID41_OCC3,5,6.04,1.0,1.0,True,False
SOEORG2026,colistin 1|ID42_OCC3,5,6.01,3.12,6.84,True,True
SOEORG2026,colistin 1|ID43_OCC3,5,6.03,1.0,1.0,True,False
SOEORG2026,colistin 1|ID44_OCC3,5,6.03,1.0,1.0,True,False
SOEORG2026,colistin 1|ID45_OCC3,5,6.05,2.76,5.65,True,True
SOEORG2026,colistin 1|ID46_OCC3,5,6.05,2.33,5.35,True,True
SOEORG2026,colistin 2|ID12_OCC2,10,6.49,3.11,5.75,True,True
SOEORG2026,colistin 2|ID48_OCC2,4,6.07,6.07,9.21,False,False
SOEORG2026,colistin 2|ID49_OCC2,4,6.14,6.14,9.56,False,False
SOEORG2026,colistin 2|ID56_OCC1,4,6.01,5.64,8.24,False,False
SOEORG2026,colistin 2|ID57_OCC1,4,6.07,6.07,8.18,False,False
SOEORG2026,colistin 2|ID58_OCC3,4,6.22,6.22,8.49,False,False
SOEORG2026,colistin 2|ID59_OCC3,4,6.19,6.19,8.48,False,False
SOEORG2026,colistin 2|ID7_OCC2,10,6.96,3.44,5.18,True,True
SOEORG2026,colistin 256|ID35_OCC2,6,6.05,4.2,6.8,True,True
SOEORG2026,colistin 4|ID14_OCC2,10,6.28,3.53,6.19,True,True
SOEORG2026,colistin 4|ID36_OCC3,6,5.94,4.04,4.69,True,True
SOEORG2026,colistin 4|ID60_OCC2,5,5.99,5.99,8.6,False,False
SOEORG2026,colistin 4|ID9_OCC2,10,6.01,3.68,6.38,True,True
SOEORG2026,colistin 8|ID10_OCC2,10,7.03,3.76,5.0,True,True
SOEORG2026,colistin 8|ID11_OCC2,10,6.84,3.8,4.92,True,True
SOEORG2026,colistin 8|ID50_OCC3,6,4.02,2.0,2.0,True,False
SOEORG2026,colistin 8|ID8_OCC2,10,7.17,4.22,4.95,True,True
SOEORG2026,growth control|ID10_OCC3,10,7.58,7.58,9.48,False,False
SOEORG2026,growth control|ID11_OCC3,10,7.26,7.26,9.54,False,False
SOEORG2026,growth control|ID12_OCC3,10,6.52,6.52,9.63,False,False
SOEORG2026,growth control|ID13_OCC3,10,6.41,6.41,8.42,False,False
SOEORG2026,growth control|ID14_OCC3,10,6.32,6.32,9.57,False,False
SOEORG2026,growth control|ID15_OCC4,3,5.58,5.58,9.56,False,False
SOEORG2026,growth control|ID16_OCC4,3,5.37,5.37,10.01,False,False
SOEORG2026,growth control|ID17_OCC4,3,5.34,5.34,11.1,False,False
SOEORG2026,growth control|ID18_OCC4,3,5.72,5.72,11.14,False,False
SOEORG2026,growth control|ID19_OCC14,7,8.01,8.01,8.82,False,False
SOEORG2026,growth control|ID1_OCC4,5,5.98,5.98,9.19,False,False
SOEORG2026,growth control|ID20_OCC14,7,7.92,7.92,8.45,False,False
SOEORG2026,growth control|ID21_OCC24,7,8.3,8.27,9.06,False,False
SOEORG2026,growth control|ID22_OCC15,6,6.0,6.0,8.82,False,False
SOEORG2026,growth control|ID22_OCC16,6,8.1,8.1,9.03,False,False
SOEORG2026,growth control|ID23_OCC15,6,5.96,5.96,8.63,False,False
SOEORG2026,growth control|ID23_OCC16,6,8.12,8.12,8.97,False,False
SOEORG2026,growth control|ID24_OCC4,6,8.06,8.04,8.62,False,False
SOEORG2026,growth control|ID25_OCC4,6,7.98,7.98,8.5,False,False
SOEORG2026,growth control|ID26_OCC1,4,5.82,5.82,7.41,False,False
SOEORG2026,growth control|ID27_OCC1,4,5.6,5.6,7.34,False,False
SOEORG2026,growth control|ID28_OCC1,4,5.27,5.27,7.14,False,False
SOEORG2026,growth control|ID29_OCC1,4,5.6,5.6,7.85,False,False
SOEORG2026,growth control|ID2_OCC4,5,5.99,5.99,9.01,False,False
SOEORG2026,growth control|ID31_OCC4,7,6.46,6.46,9.31,False,False
SOEORG2026,growth control|ID32_OCC12,7,7.03,7.03,8.84,False,False
SOEORG2026,growth control|ID32_OCC7,7,6.48,6.48,8.13,False,False
SOEORG2026,growth control|ID33_OCC1,7,6.3,6.3,8.13,False,False
SOEORG2026,growth control|ID33_OCC11,7,6.63,6.63,8.84,False,False
SOEORG2026,growth control|ID34_OCC1,7,5.85,5.47,8.71,False,False
SOEORG2026,growth control|ID35_OCC5,6,6.08,6.08,8.31,False,False
SOEORG2026,growth control|ID36_OCC5,6,5.96,5.96,8.94,False,False
SOEORG2026,growth control|ID37_OCC4,4,5.5,5.5,9.15,False,False
SOEORG2026,growth control|ID38_OCC4,4,4.9,4.9,9.15,False,False
SOEORG2026,growth control|ID39_OCC4,4,4.96,4.96,9.37,False,False
SOEORG2026,growth control|ID3_OCC4,6,5.15,5.15,8.84,False,False
SOEORG2026,growth control|ID40_OCC1,7,8.22,8.22,10.12,False,False
SOEORG2026,growth control|ID41_OCC6,5,6.0,6.0,7.54,False,False
SOEORG2026,growth control|ID42_OCC6,5,5.99,5.99,7.5,False,False
SOEORG2026,growth control|ID43_OCC6,5,6.0,6.0,7.22,False,False
SOEORG2026,growth control|ID44_OCC6,5,6.0,6.0,7.51,False,False
SOEORG2026,growth control|ID45_OCC6,5,6.01,6.01,7.52,False,False
SOEORG2026,growth control|ID46_OCC6,5,6.0,6.0,7.53,False,False
SOEORG2026,growth control|ID47_OCC4,4,6.12,6.12,9.54,False,False
SOEORG2026,growth control|ID48_OCC4,4,6.0,6.0,9.28,False,False
SOEORG2026,growth control|ID49_OCC4,4,6.12,6.12,9.55,False,False
SOEORG2026,growth control|ID4_OCC4,6,4.97,4.97,8.92,False,False
SOEORG2026,growth control|ID50_OCC4,6,3.99,3.99,7.32,False,False
SOEORG2026,growth control|ID51_OCC12,7,6.17,6.17,8.62,False,False
SOEORG2026,growth control|ID51_OCC13,7,6.14,6.14,8.54,False,False
SOEORG2026,growth control|ID52_OCC12,7,6.04,6.04,8.62,False,False
SOEORG2026,growth control|ID52_OCC13,7,5.88,5.88,8.72,False,False
SOEORG2026,growth control|ID53_OCC12,7,6.17,6.17,8.39,False,False
SOEORG2026,growth control|ID53_OCC13,7,6.08,6.08,8.09,False,False
SOEORG2026,growth control|ID54_OCC12,7,6.03,6.03,8.39,False,False
SOEORG2026,growth control|ID54_OCC13,7,6.02,6.02,8.4,False,False
SOEORG2026,growth control|ID56_OCC4,4,6.01,6.01,9.28,False,False
SOEORG2026,growth control|ID57_OCC4,4,6.07,6.07,8.16,False,False
SOEORG2026,growth control|ID58_OCC4,4,6.22,6.22,8.56,False,False
SOEORG2026,growth control|ID59_OCC4,4,6.19,6.19,8.59,False,False
SOEORG2026,growth control|ID5_OCC5,8,5.73,5.73,9.08,False,False
SOEORG2026,growth control|ID5_OCC6,8,5.78,5.78,9.06,False,False
SOEORG2026,growth control|ID60_OCC4,5,5.92,5.92,9.12,False,False
SOEORG2026,growth control|ID6_OCC5,8,6.02,6.02,8.97,False,False
SOEORG2026,growth control|ID6_OCC6,8,5.97,5.97,10.45,False,False
SOEORG2026,growth control|ID7_OCC3,10,7.36,7.36,9.69,False,False
SOEORG2026,growth control|ID8_OCC3,10,7.08,7.08,9.91,False,False
SOEORG2026,growth control|ID9_OCC3,10,6.01,6.01,9.39,False,False
SOEORG2026,meropenem (dynamic)|ID26_OCC2,8,5.82,3.02,3.68,True,True
SOEORG2026,meropenem (dynamic)|ID27_OCC2,8,5.62,5.55,7.69,False,False
SOEORG2026,meropenem (dynamic)|ID28_OCC2,8,5.29,5.1,7.8,False,False
SOEORG2026,meropenem (dynamic)|ID29_OCC2,8,5.6,2.27,2.88,True,True
SOEORG2026,meropenem (dynamic)|ID32_OCC2,7,6.42,2.44,8.31,True,True
SOEORG2026,meropenem (dynamic)|ID32_OCC3,7,5.99,3.07,8.23,True,True
SOEORG2026,meropenem (dynamic)|ID33_OCC4,7,6.34,6.34,8.09,False,False
SOEORG2026,meropenem (dynamic)|ID33_OCC5,7,6.3,6.04,7.88,False,False
SOEORG2026,meropenem (dynamic)|ID34_OCC4,7,5.85,2.03,8.38,True,True
SOEORG2026,meropenem (dynamic)|ID34_OCC5,7,5.39,1.0,4.15,True,True
SOEORG2026,meropenem (dynamic)|ID34_OCC6,7,5.43,1.0,1.0,True,False
SOEORG2026,meropenem (dynamic)|ID40_OCC2,7,8.09,8.09,9.12,False,False
SOEORG2026,meropenem (dynamic) + colistin (dynamic)|ID26_OCC4,8,5.85,1.21,1.74,True,True
SOEORG2026,meropenem (dynamic) + colistin (dynamic)|ID27_OCC4,8,5.62,1.0,3.53,True,True
SOEORG2026,meropenem (dynamic) + colistin (dynamic)|ID28_OCC4,8,5.31,1.83,3.44,True,True
SOEORG2026,meropenem (dynamic) + colistin (dynamic)|ID29_OCC4,8,5.58,1.79,1.91,True,False
SOEORG2026,meropenem (dynamic) + colistin 0.25|ID34_OCC7,7,5.85,1.0,2.61,True,True
SOEORG2026,meropenem (dynamic) + colistin 0.5|ID32_OCC4,7,6.03,2.91,5.55,True,True
SOEORG2026,meropenem (dynamic) + colistin 1|ID32_OCC5,7,6.05,2.88,5.77,True,True
SOEORG2026,meropenem (dynamic) + colistin 1|ID32_OCC6,7,6.01,1.0,3.6,True,True
SOEORG2026,meropenem (dynamic) + colistin 1|ID33_OCC6,7,6.26,1.66,6.12,True,True
SOEORG2026,meropenem (dynamic) + colistin 1|ID33_OCC7,7,6.38,1.3,4.5,True,True
SOEORG2026,meropenem (dynamic) + polymyxin B (dynamic)|ID40_OCC4,7,8.09,2.6,2.6,True,False
SOEORG2026,meropenem (dynamic) + polymyxin B (dynamic)|ID40_OCC5,7,7.97,2.78,2.78,True,False
SOEORG2026,meropenem (dynamic) + polymyxin B (dynamic)|ID40_OCC6,7,8.81,2.6,2.6,True,False
SOEORG2026,meropenem (dynamic) + polymyxin B (dynamic)|ID40_OCC7,7,8.72,2.0,2.0,True,False
SOEORG2026,meropenem (dynamic) + polymyxin B (dynamic)|ID40_OCC8,7,7.61,2.0,2.0,True,False
SOEORG2026,meropenem 10 + colistin 1|ID13_OCC2,10,6.32,1.0,1.0,True,False
SOEORG2026,meropenem 10 + colistin 2|ID12_OCC1,10,6.49,1.0,1.0,True,False
SOEORG2026,meropenem 10 + colistin 2|ID7_OCC1,10,6.96,4.2,5.67,True,True
SOEORG2026,meropenem 10 + colistin 4|ID14_OCC1,10,6.32,1.39,2.57,True,True
SOEORG2026,meropenem 10 + colistin 4|ID9_OCC1,10,6.01,1.13,2.33,True,True
SOEORG2026,meropenem 10 + colistin 8|ID10_OCC1,10,7.03,3.39,3.42,True,False
SOEORG2026,meropenem 10 + colistin 8|ID11_OCC1,10,6.84,3.13,4.22,True,True
SOEORG2026,meropenem 10 + colistin 8|ID8_OCC1,10,7.17,3.8,5.41,True,True
SOEORG2026,meropenem 100|ID19_OCC3,7,8.01,7.99,8.14,False,False
SOEORG2026,meropenem 100|ID20_OCC3,7,7.92,6.2,8.05,True,True
SOEORG2026,meropenem 100|ID21_OCC13,7,8.3,6.88,7.6,True,True
SOEORG2026,meropenem 100 + polymyxin B 1.55|ID19_OCC2,7,8.13,4.1,4.1,True,False
SOEORG2026,meropenem 100 + polymyxin B 1.55|ID20_OCC2,7,7.94,3.78,3.78,True,False
SOEORG2026,meropenem 100 + polymyxin B 1.55|ID21_OCC12,7,8.24,5.75,5.75,True,False
SOEORG2026,meropenem 1024|ID53_OCC5,7,6.17,1.0,1.0,True,False
SOEORG2026,meropenem 12 + polymyxin B 1.5|ID22_OCC3,6,6.0,2.0,6.71,True,True
SOEORG2026,meropenem 12 + polymyxin B 1.5|ID22_OCC4,6,8.1,7.22,8.41,True,True
SOEORG2026,meropenem 12 + polymyxin B 1.5|ID23_OCC3,6,5.96,2.31,3.53,True,True
SOEORG2026,meropenem 12 + polymyxin B 1.5|ID23_OCC4,6,8.12,7.76,8.56,False,False
SOEORG2026,meropenem 128|ID36_OCC1,6,5.97,5.27,7.07,True,True
SOEORG2026,meropenem 128|ID52_OCC5,7,6.06,3.72,3.72,True,False
SOEORG2026,meropenem 128|ID53_OCC7,7,6.17,5.17,7.91,True,True
SOEORG2026,meropenem 128 + polymyxin B 0.25|ID53_OCC6,7,6.17,1.0,1.0,True,False
SOEORG2026,meropenem 16|ID45_OCC4,5,6.01,2.61,2.61,True,False
SOEORG2026,meropenem 16|ID51_OCC4,7,6.17,3.52,3.52,True,False
SOEORG2026,meropenem 16|ID52_OCC6,7,6.04,6.04,8.45,False,False
SOEORG2026,meropenem 16|ID54_OCC5,7,6.03,5.45,8.43,True,True
SOEORG2026,meropenem 16|ID58_OCC2,4,6.22,6.14,8.62,False,False
SOEORG2026,meropenem 16|ID59_OCC2,4,6.0,5.87,8.68,False,False
SOEORG2026,meropenem 16|ID5_OCC2,8,5.77,5.77,8.84,False,False
SOEORG2026,meropenem 16|ID6_OCC2,8,5.97,5.97,10.0,False,False
SOEORG2026,meropenem 16 + colistin 1|ID45_OCC1,5,6.05,1.0,1.0,True,False
SOEORG2026,meropenem 16 + colistin 1|ID60_OCC1,5,5.99,5.45,8.33,True,True
SOEORG2026,meropenem 16 + colistin 2|ID58_OCC1,4,6.22,3.79,3.79,True,False
SOEORG2026,meropenem 16 + colistin 2|ID59_OCC1,4,6.0,2.34,2.34,True,False
SOEORG2026,meropenem 2|ID32_OCC11,7,7.03,7.03,8.85,False,False
SOEORG2026,meropenem 2|ID51_OCC5,7,6.17,6.17,6.7,False,False
SOEORG2026,meropenem 2 + colistin 0.25|ID32_OCC10,7,6.62,1.0,1.0,True,False
SOEORG2026,meropenem 20|ID37_OCC3,4,5.5,5.5,7.26,False,False
SOEORG2026,meropenem 20|ID38_OCC3,4,4.9,4.77,8.48,False,False
SOEORG2026,meropenem 20|ID39_OCC3,4,4.96,4.96,8.7,False,False
SOEORG2026,meropenem 20 + polymyxin B 2|ID37_OCC1,4,5.21,1.77,2.6,True,True
SOEORG2026,meropenem 20 + polymyxin B 2|ID38_OCC1,5,4.9,1.3,2.6,True,True
SOEORG2026,meropenem 20 + polymyxin B 2|ID39_OCC1,5,5.03,2.17,4.07,True,True
SOEORG2026,meropenem 200|ID19_OCC5,7,8.01,6.62,7.5,True,True
SOEORG2026,meropenem 200|ID20_OCC5,7,7.92,6.11,7.83,True,True
SOEORG2026,meropenem 200|ID21_OCC15,7,8.3,5.81,5.81,True,False
SOEORG2026,meropenem 200 + polymyxin B 1.55|ID19_OCC4,7,8.13,3.74,3.74,True,False
SOEORG2026,meropenem 200 + polymyxin B 1.55|ID20_OCC4,7,7.94,3.5,3.5,True,False
SOEORG2026,meropenem 200 + polymyxin B 1.55|ID21_OCC14,7,8.24,4.95,4.95,True,False
SOEORG2026,meropenem 24 + polymyxin B 1.5|ID22_OCC5,6,6.0,2.18,5.79,True,True
SOEORG2026,meropenem 24 + polymyxin B 1.5|ID22_OCC6,6,8.1,6.3,8.0,True,True
SOEORG2026,meropenem 24 + polymyxin B 1.5|ID23_OCC5,6,5.96,2.0,2.0,True,False
SOEORG2026,meropenem 24 + polymyxin B 1.5|ID23_OCC6,6,8.12,7.5,8.04,True,True
SOEORG2026,meropenem 256|ID1_OCC3,5,6.0,6.0,7.96,False,False
SOEORG2026,meropenem 256|ID52_OCC8,7,6.06,3.12,3.12,True,False
SOEORG2026,meropenem 256|ID53_OCC9,7,6.17,3.99,6.86,True,True
SOEORG2026,meropenem 256 + colistin 1|ID1_OCC2,5,5.99,1.3,1.3,True,False
SOEORG2026,meropenem 30|ID47_OCC3,4,6.12,5.29,9.55,True,True
SOEORG2026,meropenem 30|ID48_OCC3,4,6.0,5.99,9.33,False,False
SOEORG2026,meropenem 30|ID49_OCC3,4,6.12,5.8,8.6,False,False
SOEORG2026,meropenem 30|ID56_OCC3,4,6.01,5.99,8.24,False,False
SOEORG2026,meropenem 30 + colistin 0.25|ID47_OCC1,4,6.14,2.05,2.05,True,False
SOEORG2026,meropenem 30 + colistin 2|ID48_OCC1,4,6.07,1.98,1.98,True,False
SOEORG2026,meropenem 30 + colistin 2|ID49_OCC1,4,6.14,2.03,2.03,True,False
SOEORG2026,meropenem 30 + colistin 2|ID56_OCC2,4,6.01,3.33,4.95,True,True
SOEORG2026,meropenem 300|ID19_OCC7,7,8.01,5.89,7.2,True,True
SOEORG2026,meropenem 300|ID20_OCC7,7,7.92,5.82,7.82,True,True
SOEORG2026,meropenem 300|ID21_OCC17,7,8.3,5.61,5.61,True,False
SOEORG2026,meropenem 300 + polymyxin B 1.55|ID19_OCC6,7,8.13,3.78,3.78,True,False
SOEORG2026,meropenem 300 + polymyxin B 1.55|ID20_OCC6,7,7.94,3.6,3.6,True,False
SOEORG2026,meropenem 300 + polymyxin B 1.55|ID21_OCC16,7,8.24,4.59,4.59,True,False
SOEORG2026,meropenem 32|ID41_OCC4,5,6.0,6.0,6.93,False,False
SOEORG2026,meropenem 32|ID42_OCC4,5,5.99,5.99,6.72,False,False
SOEORG2026,meropenem 32|ID43_OCC4,5,6.0,1.62,1.62,True,False
SOEORG2026,meropenem 32|ID44_OCC4,5,6.0,6.0,7.32,False,False
SOEORG2026,meropenem 32|ID45_OCC5,5,6.01,2.73,2.73,True,False
SOEORG2026,meropenem 32|ID46_OCC4,5,6.0,4.51,4.83,True,False
SOEORG2026,meropenem 32|ID51_OCC7,7,6.17,2.02,2.02,True,False
SOEORG2026,meropenem 32|ID52_OCC10,7,6.04,5.44,8.33,True,True
SOEORG2026,meropenem 32|ID54_OCC7,7,6.03,5.06,8.5,True,True
SOEORG2026,meropenem 32 + colistin 1|ID41_OCC1,5,6.07,4.33,5.19,True,True
SOEORG2026,meropenem 32 + colistin 1|ID42_OCC1,5,6.01,1.0,1.0,True,False
SOEORG2026,meropenem 32 + colistin 1|ID43_OCC1,5,6.03,1.0,1.0,True,False
SOEORG2026,meropenem 32 + colistin 1|ID44_OCC1,5,6.03,1.0,1.0,True,False
SOEORG2026,meropenem 32 + colistin 1|ID45_OCC2,5,6.05,1.0,1.0,True,False
SOEORG2026,meropenem 32 + colistin 1|ID46_OCC1,5,6.08,1.0,1.0,True,False
SOEORG2026,meropenem 32 + polymyxin B 0.25|ID52_OCC9,7,6.06,2.96,2.96,True,False
SOEORG2026,meropenem 4|ID31_OCC3,7,6.46,6.46,9.26,False,False
SOEORG2026,meropenem 4|ID35_OCC3,6,6.08,4.89,8.48,True,True
SOEORG2026,meropenem 4|ID51_OCC9,7,6.17,5.13,6.39,True,True
SOEORG2026,meropenem 4|ID54_OCC8,7,6.03,6.03,8.39,False,False
SOEORG2026,meropenem 4|ID57_OCC3,4,6.07,6.07,8.14,False,False
SOEORG2026,meropenem 4|ID5_OCC4,8,5.76,5.76,8.55,False,False
SOEORG2026,meropenem 4|ID6_OCC4,8,6.01,6.01,10.46,False,False
SOEORG2026,meropenem 4 + colistin 0.125|ID5_OCC3,8,5.76,1.0,2.95,True,True
SOEORG2026,meropenem 4 + colistin 0.125|ID6_OCC3,8,6.01,1.0,1.0,True,False
SOEORG2026,meropenem 4 + colistin 0.25|ID31_OCC2,7,6.46,1.0,1.13,True,False
SOEORG2026,meropenem 4 + colistin 2|ID57_OCC2,4,6.07,2.1,2.1,True,False
SOEORG2026,meropenem 4 + colistin 256|ID35_OCC1,6,6.05,5.77,6.43,False,False
SOEORG2026,meropenem 4 + polymyxin B 0.5|ID51_OCC8,7,6.17,1.0,1.0,True,False
SOEORG2026,meropenem 400|ID19_OCC9,7,8.01,5.92,7.01,True,True
SOEORG2026,meropenem 400|ID20_OCC9,7,7.92,4.35,4.35,True,False
SOEORG2026,meropenem 400|ID21_OCC19,7,8.3,5.3,5.3,True,False
SOEORG2026,meropenem 400 + polymyxin B 1.55|ID19_OCC8,7,8.11,3.64,3.64,True,False
SOEORG2026,meropenem 400 + polymyxin B 1.55|ID20_OCC8,7,7.94,3.71,3.71,True,False
SOEORG2026,meropenem 400 + polymyxin B 1.55|ID21_OCC18,7,8.24,4.87,4.87,True,False
SOEORG2026,meropenem 48 + polymyxin B 1.5|ID22_OCC7,6,5.96,2.0,4.92,True,True
SOEORG2026,meropenem 48 + polymyxin B 1.5|ID22_OCC8,6,8.1,5.83,7.74,True,True
SOEORG2026,meropenem 48 + polymyxin B 1.5|ID23_OCC7,6,5.96,2.0,2.85,True,True
SOEORG2026,meropenem 48 + polymyxin B 1.5|ID23_OCC8,6,8.12,6.91,7.58,True,True
SOEORG2026,meropenem 50|ID19_OCC11,7,8.01,8.01,8.6,False,False
SOEORG2026,meropenem 50|ID20_OCC11,7,7.92,6.36,8.21,True,True
SOEORG2026,meropenem 50|ID21_OCC21,7,8.3,7.61,7.61,True,False
SOEORG2026,meropenem 50 + polymyxin B 1.55|ID19_OCC10,7,8.13,5.19,5.44,True,False
SOEORG2026,meropenem 50 + polymyxin B 1.55|ID20_OCC10,7,7.94,5.16,7.94,True,True
SOEORG2026,meropenem 50 + polymyxin B 1.55|ID21_OCC20,7,8.24,6.27,8.08,True,True
SOEORG2026,meropenem 500|ID19_OCC13,7,8.01,5.4,5.4,True,False
SOEORG2026,meropenem 500|ID20_OCC13,7,7.92,4.16,4.16,True,False
SOEORG2026,meropenem 500|ID21_OCC23,7,8.3,5.27,5.27,True,False
SOEORG2026,meropenem 500 + polymyxin B 1.55|ID19_OCC12,7,8.11,3.74,3.74,True,False
SOEORG2026,meropenem 500 + polymyxin B 1.55|ID20_OCC12,7,7.94,3.56,3.56,True,False
SOEORG2026,meropenem 500 + polymyxin B 1.55|ID21_OCC22,7,8.24,4.63,4.63,True,False
SOEORG2026,meropenem 512|ID53_OCC10,7,6.17,1.0,1.0,True,False
SOEORG2026,meropenem 55|ID24_OCC3,6,8.06,8.0,8.32,False,False
SOEORG2026,meropenem 55|ID25_OCC3,6,7.98,7.12,7.12,True,False
SOEORG2026,meropenem 55 + polymyxin B 1.5|ID24_OCC2,6,7.99,5.0,7.66,True,True
SOEORG2026,meropenem 55 + polymyxin B 1.5|ID25_OCC2,6,7.93,6.84,7.09,True,False
SOEORG2026,meropenem 64|ID2_OCC3,5,6.01,4.15,6.47,True,True
SOEORG2026,meropenem 64|ID36_OCC4,6,5.96,5.96,7.73,False,False
SOEORG2026,meropenem 64|ID3_OCC3,6,5.14,2.04,4.58,True,True
SOEORG2026,meropenem 64|ID41_OCC5,5,6.0,4.73,6.93,True,True
SOEORG2026,meropenem 64|ID42_OCC5,5,5.99,5.8,6.87,False,False
SOEORG2026,meropenem 64|ID43_OCC5,5,6.0,1.31,1.31,True,False
SOEORG2026,meropenem 64|ID44_OCC5,5,6.0,3.52,3.52,True,False
SOEORG2026,meropenem 64|ID46_OCC5,5,6.0,2.51,4.22,True,True
SOEORG2026,meropenem 64|ID4_OCC3,6,4.95,2.05,4.62,True,True
SOEORG2026,meropenem 64|ID50_OCC1,6,3.99,3.72,6.48,False,False
SOEORG2026,meropenem 64|ID52_OCC11,7,6.06,5.05,8.31,True,True
SOEORG2026,meropenem 64|ID53_OCC11,7,6.17,6.17,8.04,False,False
SOEORG2026,meropenem 64|ID54_OCC9,7,6.03,4.07,4.07,True,False
SOEORG2026,meropenem 64 + colistin 0.125|ID55_OCC1,7,4.48,3.28,4.98,True,True
SOEORG2026,meropenem 64 + colistin 1|ID2_OCC2,5,6.0,2.99,6.35,True,True
SOEORG2026,meropenem 64 + colistin 1|ID41_OCC2,5,6.04,2.26,2.26,True,False
SOEORG2026,meropenem 64 + colistin 1|ID42_OCC2,5,6.01,1.0,1.0,True,False
SOEORG2026,meropenem 64 + colistin 1|ID43_OCC2,5,6.03,1.0,1.0,True,False
SOEORG2026,meropenem 64 + colistin 1|ID44_OCC2,5,6.03,1.0,1.0,True,False
SOEORG2026,meropenem 64 + colistin 1|ID46_OCC2,5,6.08,1.0,1.0,True,False
SOEORG2026,meropenem 64 + colistin 4|ID36_OCC2,6,5.94,1.0,1.0,True,False
SOEORG2026,meropenem 64 + colistin 8|ID50_OCC2,6,4.02,2.0,2.0,True,False
SOEORG2026,meropenem 64 + polymyxin B 0.5|ID3_OCC2,6,5.1,1.0,3.63,True,True
SOEORG2026,meropenem 64 + polymyxin B 1|ID4_OCC1,6,5.08,1.0,3.63,True,True
SOEORG2026,meropenem 72 + polymyxin B 1.5|ID22_OCC10,6,8.1,5.91,7.36,True,True
SOEORG2026,meropenem 72 + polymyxin B 1.5|ID22_OCC9,6,5.96,2.0,3.32,True,True
SOEORG2026,meropenem 72 + polymyxin B 1.5|ID23_OCC10,6,8.12,6.91,7.5,True,True
SOEORG2026,meropenem 72 + polymyxin B 1.5|ID23_OCC9,6,5.96,2.0,2.58,True,True
SOEORG2026,meropenem 8|ID15_OCC2,3,5.41,5.41,10.12,False,False
SOEORG2026,meropenem 8|ID16_OCC2,3,5.28,5.28,9.91,False,False
SOEORG2026,meropenem 8|ID17_OCC2,3,5.37,5.37,11.11,False,False
SOEORG2026,meropenem 8|ID18_OCC2,3,5.74,5.74,9.9,False,False
SOEORG2026,meropenem 8|ID33_OCC10,7,6.63,6.63,8.73,False,False
SOEORG2026,meropenem 8|ID35_OCC4,6,6.06,4.05,6.55,True,True
SOEORG2026,meropenem 8|ID51_OCC11,7,6.17,4.56,5.73,True,True
SOEORG2026,meropenem 8|ID54_OCC11,7,6.03,6.03,8.6,False,False
SOEORG2026,meropenem 8|ID60_OCC3,5,5.92,5.92,8.97,False,False
SOEORG2026,meropenem 8 + colistin 0.25|ID33_OCC9,7,6.63,1.0,1.0,True,False
SOEORG2026,meropenem 8 + colistin 0.5|ID15_OCC1,3,5.4,3.08,4.87,True,True
SOEORG2026,meropenem 8 + colistin 0.5|ID16_OCC1,3,5.29,1.06,2.61,True,True
SOEORG2026,meropenem 8 + colistin 0.5|ID17_OCC1,3,5.31,3.71,5.5,True,True
SOEORG2026,meropenem 8 + colistin 0.5|ID18_OCC1,3,5.74,1.0,1.0,True,False
SOEORG2026,meropenem 8 + polymyxin B 0.25|ID54_OCC10,7,6.03,3.13,6.41,True,True
SOEORG2026,meropenem 96|ID22_OCC13,6,6.0,4.38,6.27,True,True
SOEORG2026,meropenem 96|ID22_OCC14,6,8.1,7.99,8.23,False,False
SOEORG2026,meropenem 96|ID23_OCC13,6,5.96,3.94,3.94,True,False
SOEORG2026,meropenem 96|ID23_OCC14,6,8.12,6.86,8.04,True,True
SOEORG2026,meropenem 96 + polymyxin B 1.5|ID22_OCC11,6,5.96,2.0,4.08,True,True
SOEORG2026,meropenem 96 + polymyxin B 1.5|ID22_OCC12,6,8.1,5.86,6.87,True,True
SOEORG2026,meropenem 96 + polymyxin B 1.5|ID23_OCC11,6,5.96,2.0,2.0,True,False
SOEORG2026,meropenem 96 + polymyxin B 1.5|ID23_OCC12,6,8.12,7.01,7.45,True,False
SOEORG2026,polymyxin B (dynamic)|ID40_OCC3,7,8.35,8.35,10.0,False,False
SOEORG2026,polymyxin B 0.125|ID52_OCC1,7,5.81,5.81,8.51,False,False
SOEORG2026,polymyxin B 0.125|ID53_OCC1,7,6.09,5.17,8.21,True,True
SOEORG2026,polymyxin B 0.125|ID54_OCC1,7,5.98,5.66,8.42,False,False
SOEORG2026,polymyxin B 0.25|ID51_OCC1,7,6.33,3.94,8.53,True,True
SOEORG2026,polymyxin B 0.25|ID52_OCC2,7,5.88,5.06,7.98,True,True
SOEORG2026,polymyxin B 0.25|ID53_OCC2,7,6.11,4.54,7.34,True,True
SOEORG2026,polymyxin B 0.25|ID54_OCC2,7,5.99,5.05,7.32,True,True
SOEORG2026,polymyxin B 0.5|ID3_OCC1,6,5.14,1.0,4.67,True,True
SOEORG2026,polymyxin B 0.5|ID51_OCC2,7,6.08,3.92,8.06,True,True
SOEORG2026,polymyxin B 0.5|ID52_OCC3,7,5.98,4.61,7.74,True,True
SOEORG2026,polymyxin B 0.5|ID53_OCC3,7,6.09,4.09,7.4,True,True
SOEORG2026,polymyxin B 0.5|ID54_OCC3,7,5.99,4.09,6.89,True,True
SOEORG2026,polymyxin B 1|ID4_OCC2,6,4.95,1.0,4.72,True,True
SOEORG2026,polymyxin B 1|ID51_OCC3,7,6.29,4.12,8.01,True,True
SOEORG2026,polymyxin B 1|ID52_OCC4,7,5.98,3.97,6.63,True,True
SOEORG2026,polymyxin B 1|ID53_OCC4,7,6.09,3.05,4.16,True,True
SOEORG2026,polymyxin B 1|ID54_OCC4,7,5.92,2.23,7.6,True,True
SOEORG2026,polymyxin B 1.5|ID22_OCC1,6,6.0,4.02,7.41,True,True
SOEORG2026,polymyxin B 1.5|ID22_OCC2,6,8.1,8.05,8.57,False,False
SOEORG2026,polymyxin B 1.5|ID23_OCC1,6,5.96,2.51,7.32,True,True
SOEORG2026,polymyxin B 1.5|ID23_OCC2,6,8.12,8.12,8.82,False,False
SOEORG2026,polymyxin B 1.5|ID24_OCC1,6,7.99,7.94,8.58,False,False
SOEORG2026,polymyxin B 1.5|ID25_OCC1,6,7.93,7.93,8.47,False,False
SOEORG2026,polymyxin B 1.55|ID19_OCC1,7,8.13,7.87,8.53,False,False
SOEORG2026,polymyxin B 1.55|ID20_OCC1,7,7.94,7.79,8.5,False,False
SOEORG2026,polymyxin B 1.55|ID21_OCC11,7,8.24,8.16,8.6,False,False
SOEORG2026,polymyxin B 2|ID37_OCC2,4,5.21,1.35,3.75,True,True
SOEORG2026,polymyxin B 2|ID38_OCC2,4,4.9,1.3,6.77,True,True
SOEORG2026,polymyxin B 2|ID39_OCC2,4,5.03,1.06,1.06,True,False
SOEORG2026,polymyxin B 2|ID51_OCC6,7,6.19,4.1,7.83,True,True
SOEORG2026,polymyxin B 2|ID52_OCC7,7,6.05,1.0,1.0,True,False
SOEORG2026,polymyxin B 2|ID53_OCC8,7,6.08,1.51,1.7,True,False
SOEORG2026,polymyxin B 2|ID54_OCC6,7,5.99,2.05,7.34,True,True
SOEORG2026,polymyxin B 4|ID51_OCC10,7,6.14,1.0,5.74,True,True
STEPANYAN2015,Normal|1,55,9.888179493918324,4.778151250383644,4.8909795969896885,True,False
STEPANYAN2015,Normal|2,55,9.821513528404774,4.5276299008713385,4.903089986991944,True,False
STEPANYAN2015,Normal|3,55,9.726727209026572,4.136720567156407,4.726727209026572,True,True
STEPANYAN2015,Persister|1,54,6.726727209026572,0.029383777685209667,2.787460474518415,True,True
STEPANYAN2015,Persister|2,54,6.3560258571931225,0.5224442335063199,2.890979596989689,True,True
STEPANYAN2015,Persister|3,54,6.495544337546448,0.34830486304816066,2.380211241711606,True,True
STEPANYAN2015,nan|1,7,6.78746,4.123852,4.123852,True,False
STEPANYAN2015,nan|2,7,7.669317,3.920645,3.920645,True,False
STEPANYAN2015,nan|3,7,7.167317,4.029384,4.029384,True,False
STEWART2012,ampicillin|Rep1,119,6.959041392321094,2.5440680443502757,4.033423755486949,True,True
STEWART2012,ampicillin|Rep2,120,7.004321373782642,2.4913616938342726,4.103803720955957,True,True
STEWART2012,norfloxacin|Rep1,105,6.740362689494244,0.0,2.230448921378274,True,True
STEWART2012,norfloxacin|Rep2,105,6.770852011642144,1.3010299956639813,2.4471580313422194,True,True
STEWART2012,streptomycin|Rep1,104,7.1673173347481764,0.0,0.0,True,False
STEWART2012,streptomycin|Rep2,105,6.681241237375588,0.0,1.0,True,True
STRYDOM2024,100 mg/kg QD|nan,8,6.04139308,5.217486576,5.525046103,True,False
STRYDOM2024,12.5 mg/kg BID|nan,4,5.653213479,5.653213479,5.778151974,False,False
STRYDOM2024,15 mg/kg BID|nan,4,5.875061842,5.875061842,6.352182711,False,False
STRYDOM2024,25 mg/kg BID|nan,4,6.352182711,5.278755887,5.518515256,True,False
STRYDOM2024,30 mg/kg BID|nan,3,5.954242992,5.954242992,6.342422878,False,False
STRYDOM2024,45 mg/kg BID|nan,4,5.505151335,5.484301263,5.880814164,False,False
STRYDOM2024,50 mg/kg BID|nan,4,5.079184865,4.740370586,5.267174076,False,False
STRYDOM2024,600 BID|nan,8,6.44,5.69393593,5.69393593,True,False
STRYDOM2024,600 QD|nan,8,6.34,5.51294616,5.51294616,True,False
STRYDOM2024,B:NIX-TB observations|100,8,3.190343947,0.820475467,0.820475467,True,False
STRYDOM2024,B:NIX-TB observations|101,6,2.872344891,0.613625011,1.717086109,True,True
STRYDOM2024,B:NIX-TB observations|103,9,4.371598497,1.940855259,1.940855259,True,False
STRYDOM2024,B:NIX-TB observations|104,3,2.32014279,2.009987959,2.402785601,False,False
STRYDOM2024,B:NIX-TB observations|105,7,5.04616592,0.572140168,1.482350096,True,True
STRYDOM2024,B:NIX-TB observations|108,8,2.568003454,1.540533417,1.540533417,True,False
STRYDOM2024,B:NIX-TB observations|11,5,1.900522277,0.620102018,0.6535271060000001,True,False
STRYDOM2024,B:NIX-TB observations|13,7,3.555973022,0.688753891,1.334596143,True,True
STRYDOM2024,B:NIX-TB observations|14,8,5.281070013,1.128205967,1.128205967,True,False
STRYDOM2024,B:NIX-TB observations|16,4,0.803425137,0.404593965,0.404593965,False,False
STRYDOM2024,B:NIX-TB observations|18,7,4.061810179,1.988993499,2.081583143,True,False
STRYDOM2024,B:NIX-TB observations|19,6,3.543548872,0.669736271,0.669736271,True,False
STRYDOM2024,B:NIX-TB observations|29,4,3.708504631,1.640709436,1.640709436,True,False
STRYDOM2024,B:NIX-TB observations|3,5,3.618750249,1.320656196,2.031204022,True,True
STRYDOM2024,B:NIX-TB observations|32,5,4.119075443,0.765006255,0.765006255,True,False
STRYDOM2024,B:NIX-TB observations|33,5,1.358157132,1.275232776,1.441419988,False,False
STRYDOM2024,B:NIX-TB observations|36,8,3.991346853,0.953733241,0.953733241,True,False
STRYDOM2024,B:NIX-TB observations|37,4,0.679178521,0.679178521,0.920929983,False,False
STRYDOM2024,B:NIX-TB observations|38,5,3.080613394,0.4204745739999999,0.4204745739999999,True,False
STRYDOM2024,B:NIX-TB observations|39,7,4.090342597,0.960432794,1.472009878,True,True
STRYDOM2024,B:NIX-TB observations|4,7,5.886306558,1.244369195,1.244369195,True,False
STRYDOM2024,B:NIX-TB observations|40,8,3.682635746,0.582240743,1.184864866,True,True
STRYDOM2024,B:NIX-TB observations|41,7,4.206490674,0.44313923,0.44313923,True,False
STRYDOM2024,B:NIX-TB observations|42,8,5.546287201,1.431365281,1.482350096,True,False
STRYDOM2024,B:NIX-TB observations|45,3,3.922105908,0.28913219600000006,0.28913219600000006,True,False
STRYDOM2024,B:NIX-TB observations|46,8,4.976011821,1.172488873,1.172488873,True,False
STRYDOM2024,B:NIX-TB observations|47,8,6.269074468,1.218509915,1.218509915,True,False
STRYDOM2024,B:NIX-TB observations|48,5,1.104760679,0.30578554100000005,4.804863966,True,True
STRYDOM2024,B:NIX-TB observations|49,6,3.708504631,0.723343353,1.040944767,True,False
STRYDOM2024,B:NIX-TB observations|50,7,5.262618576,1.288693264,1.288693264,True,False
STRYDOM2024,B:NIX-TB observations|53,4,1.513808607,0.651243759,0.651243759,True,False
STRYDOM2024,B:NIX-TB observations|54,7,6.203593563,2.295908742,2.377688343,True,False
STRYDOM2024,B:NIX-TB observations|55,4,3.760788832,0.43393033800000014,0.43393033800000014,True,False
STRYDOM2024,B:NIX-TB observations|56,6,3.881139248,0.901792104,0.901792104,True,False
STRYDOM2024,B:NIX-TB observations|57,5,0.552461645,0.41900548499999996,0.41900548499999996,False,False
STRYDOM2024,B:NIX-TB observations|58,8,4.076051422,0.25849697999999993,0.4509624199999999,True,False
STRYDOM2024,B:NIX-TB observations|59,6,1.705108476,0.424912817,0.424912817,True,False
STRYDOM2024,B:NIX-TB observations|60,7,2.436661174,1.248732118,1.248732118,True,False
STRYDOM2024,B:NIX-TB observations|61,9,5.010966101,0.914505983,0.917712361,True,False
STRYDOM2024,B:NIX-TB observations|62,3,0.940474006,0.35050816799999995,0.35050816799999995,True,False
STRYDOM2024,B:NIX-TB observations|63,8,3.695547553,0.487058389,0.487058389,True,False
STRYDOM2024,B:NIX-TB observations|64,8,5.723776021,1.529787339,1.529787339,True,False
STRYDOM2024,B:NIX-TB observations|65,6,3.36231166,0.46214745699999993,1.015751499,True,True
STRYDOM2024,B:NIX-TB observations|66,7,5.20765017,1.358157132,1.358157132,True,False
STRYDOM2024,B:NIX-TB observations|67,4,2.402785601,1.293211593,1.329933221,True,False
STRYDOM2024,B:NIX-TB observations|69,5,1.513808607,0.911310807,0.911310807,True,False
STRYDOM2024,B:NIX-TB observations|7,3,1.044594457,1.044594457,1.456634635,False,False
STRYDOM2024,B:NIX-TB observations|70,9,5.117309083,3.631438065,3.977401558,True,False
STRYDOM2024,B:NIX-TB observations|72,4,1.663840911,0.38255942899999995,0.38255942899999995,True,False
STRYDOM2024,B:NIX-TB observations|73,5,4.162553596,0.911310807,1.589832605,True,True
STRYDOM2024,B:NIX-TB observations|75,7,2.92305333,0.9570771549999999,1.128205967,True,False
STRYDOM2024,B:NIX-TB observations|76,8,4.005341042,1.214252585,1.270777262,True,False
STRYDOM2024,B:NIX-TB observations|77,4,2.964263879,1.968218328,2.088881449,True,False
STRYDOM2024,B:NIX-TB observations|78,6,2.862309256,0.9638001990000001,0.9638001990000001,True,False
STRYDOM2024,B:NIX-TB observations|79,9,5.153255913,1.34868323,1.34868323,True,False
STRYDOM2024,B:NIX-TB observations|8,6,2.009987959,0.276271481,0.276271481,True,False
STRYDOM2024,B:NIX-TB observations|80,8,2.65947499,0.88305193,0.88305193,True,False
STRYDOM2024,B:NIX-TB observations|81,8,2.067062942,0.522374106,0.580206463,True,False
STRYDOM2024,B:NIX-TB observations|82,9,5.244231607,2.009987959,2.216941916,True,False
STRYDOM2024,B:NIX-TB observations|83,3,0.584282156,0.502644927,0.502644927,False,False
STRYDOM2024,B:NIX-TB observations|85,6,2.344632636,0.691168753,0.691168753,True,False
STRYDOM2024,B:NIX-TB observations|86,4,1.446473798,0.658117844,0.658117844,True,False
STRYDOM2024,B:NIX-TB observations|9,7,1.687298503,0.400367954,0.406012525,True,False
STRYDOM2024,B:NIX-TB observations|90,7,4.133517466,0.73354138,1.14812334,True,False
STRYDOM2024,B:NIX-TB observations|91,9,4.191793692,1.05932163,1.803318775,True,True
STRYDOM2024,B:NIX-TB observations|92,8,5.17132391,2.088881449,2.088881449,True,False
STRYDOM2024,B:NIX-TB observations|93,5,1.848045754,1.519116219,1.519116219,False,False
STRYDOM2024,B:NIX-TB observations|95,7,4.341104162,1.377305055,1.377305055,True,False
STRYDOM2024,B:NIX-TB observations|96,9,4.527313563,0.953733241,0.953733241,True,False
STRYDOM2024,B:NIX-TB observations|97,7,0.676805551,0.511518632,5.281070013,False,False
STRYDOM2024,B:NIX-TB observations|98,6,4.591141707,1.524442441,1.524442441,True,False
STRYDOM2024,B:NIX-TB observations|99,9,5.081613001,1.302295831,1.302295831,True,False
STRYDOM2024,Control|nan,16,7.929418931,5.812914025,5.812914025,True,False
STRYDOM2024,Control (0 mg)|nan,8,7.954242514,7.602060002,7.602060002,False,False
STRYDOM2024,"TOTAL_WEEKLY_DOSE=0, FREQ=0|0",9,3.688063697,3.5594278,9.122215879,False,False
STRYDOM2024,"TOTAL_WEEKLY_DOSE=0, FREQ=0|37",9,3.688063697,3.5594278,9.122215879,False,False
WALTER2025,100 mg/kg BTZ-043 [Fig 1a&b]|mouseU,3,5.619745326668586,4.534026106056135,5.193124598354462,True,True
WALTER2025,100 mg/kg BTZ-043 [Fig 1a&b]|mouseV,3,5.632690846630742,4.7859765878956,4.819543935541868,True,False
WALTER2025,100 mg/kg BTZ-043 [Fig 1a&b]|mouseW,3,5.597695185925512,4.592493992239705,4.592493992239705,True,False
WALTER2025,100 mg/kg BTZ-043 [Fig 1a&b]|mouseX,3,5.661406992390615,5.007616491880664,5.007616491880664,True,False
WALTER2025,100 mg/kg BTZ-043 [Fig 1a&b]|mouseY,3,5.6188844849954505,5.145397514930882,5.145397514930882,False,False
WALTER2025,100 mg/kg BTZ-043 [Fig 1a&b]|mouseZ,3,5.674401812845281,4.831003557708919,4.831003557708919,True,False
WALTER2025,1000 mg/kg BTZ-043 [Fig 1a&b]|mouseAM,3,5.357934847000454,3.964150798099574,3.964150798099574,True,False
WALTER2025,1000 mg/kg BTZ-043 [Fig 1a&b]|mouseAN,3,5.512684396217163,4.220510398844094,4.220510398844094,True,False
WALTER2025,1000 mg/kg BTZ-043 [Fig 1a&b]|mouseAO,3,5.222479991706999,4.344392273685111,4.344392273685111,True,False
WALTER2025,1000 mg/kg BTZ-043 [Fig 1a&b]|mouseAP,3,5.354403978105321,4.060697840353612,4.060697840353612,True,False
WALTER2025,1000 mg/kg BTZ-043 [Fig 1a&b]|mouseAQ,3,5.313445370426414,4.24889240846553,4.24889240846553,True,False
WALTER2025,1000 mg/kg BTZ-043 [Fig 1a&b]|mouseAR,3,5.146128035678238,4.456366033129043,4.456366033129043,True,False
WALTER2025,25 mg/kg INH [Fig 1a&b]|mouseAS,3,5.486572150518357,4.609746819994253,4.609746819994253,True,False
WALTER2025,25 mg/kg INH [Fig 1a&b]|mouseAT,3,5.844127549148049,4.682016071625548,4.682016071625548,True,False
WALTER2025,25 mg/kg INH [Fig 1a&b]|mouseAU,3,5.702914969827492,5.0,5.0,True,False
WALTER2025,25 mg/kg INH [Fig 1a&b]|mouseAV,3,5.438203188689293,4.653212513775344,4.653212513775344,True,False
WALTER2025,25 mg/kg INH [Fig 1a&b]|mouseAW,3,5.474507639116975,4.512684396217164,4.512684396217164,True,False
WALTER2025,25 mg/kg INH [Fig 1a&b]|mouseAX,3,5.774608194482567,5.158362492095249,5.158362492095249,True,False
WALTER2025,250 mg/kg BTZ-043 [Fig 1a&b]|mouseAA,3,5.80263691808281,4.399327532158679,4.399327532158679,True,False
WALTER2025,250 mg/kg BTZ-043 [Fig 1a&b]|mouseAB,3,5.405359496928592,4.183916596567638,4.183916596567638,True,False
WALTER2025,250 mg/kg BTZ-043 [Fig 1a&b]|mouseAC,3,5.710117365111817,4.341038631677523,4.341038631677523,True,False
WALTER2025,250 mg/kg BTZ-043 [Fig 1a&b]|mouseAD,3,5.612253906096437,4.182362768499016,4.182362768499016,True,False
WALTER2025,250 mg/kg BTZ-043 [Fig 1a&b]|mouseAE,3,5.685293781386784,4.63036430267888,4.63036430267888,True,False
WALTER2025,250 mg/kg BTZ-043 [Fig 1a&b]|mouseAF,3,5.397806359038146,4.19728055812562,4.19728055812562,True,False
WALTER2025,50 mg/kg BTZ-043 [Fig 1a&b]|mouseO,3,5.744982887130989,5.18089014193745,5.458098017406233,True,False
WALTER2025,50 mg/kg BTZ-043 [Fig 1a&b]|mouseP,3,5.698234421851917,5.261192872099312,5.261192872099312,False,False
WALTER2025,50 mg/kg BTZ-043 [Fig 1a&b]|mouseQ,3,6.333699112417349,5.220238879934404,5.220238879934404,True,False
WALTER2025,50 mg/kg BTZ-043 [Fig 1a&b]|mouseR,3,5.747256397442144,5.04296907339318,5.04296907339318,True,False
WALTER2025,50 mg/kg BTZ-043 [Fig 1a&b]|mouseS,3,5.72030526021523,4.924279286061882,4.924279286061882,True,False
WALTER2025,500 mg/kg BTZ-043 [Fig 1a&b]|mouseAG,3,5.1883257154726925,4.12057393120585,4.12057393120585,True,False
WALTER2025,500 mg/kg BTZ-043 [Fig 1a&b]|mouseAH,3,5.510545010206612,4.393575203269587,4.393575203269587,True,False
WALTER2025,500 mg/kg BTZ-043 [Fig 1a&b]|mouseAI,3,5.556302500767287,4.550839605065785,4.550839605065785,True,False
WALTER2025,500 mg/kg BTZ-043 [Fig 1a&b]|mouseAJ,3,5.4009694792256555,4.137173193025312,4.137173193025312,True,False
WALTER2025,500 mg/kg BTZ-043 [Fig 1a&b]|mouseAK,3,5.495346074825862,4.306425027550687,4.306425027550687,True,False
WALTER2025,500 mg/kg BTZ-043 [Fig 1a&b]|mouseAL,3,5.363177902412826,4.166049320761541,4.166049320761541,True,False
WALTER2025,no treatmen (NT) [Fig 1a&b]|mouseI,3,6.579121424570734,6.510545010206612,6.510545010206612,False,False
WALTER2025,no treatmen (NT) [Fig 1a&b]|mouseJ,3,6.643916914351775,6.421603926869831,6.514909815609062,False,False
WALTER2025,no treatmen (NT) [Fig 1a&b]|mouseK,3,6.66315517341277,6.66315517341277,7.046388732651318,False,False
WALTER2025,no treatmen (NT) [Fig 1a&b]|mouseL,3,6.484946592231619,6.484946592231619,6.719255934423131,False,False
WALTER2025,no treatmen (NT) [Fig 1a&b]|mouseM,3,6.324693913861775,6.324693913861775,6.558272093630192,False,False
WALTER2025,no treatmen (NT) [Fig 1a&b]|mouseN,3,6.802842112739074,6.802842112739074,7.041856923023812,False,False
XU2026,1 x MIC [13946-Pre-XDR QM]|Replicate-1,5,5.176091259055681,4.02530586526477,4.041392685158225,True,False
XU2026,1 x MIC [13946-Pre-XDR QM]|Replicate-2,5,5.113943352306837,3.845098040014257,3.845098040014257,True,False
XU2026,1 x MIC [13946-Pre-XDR QM]|Replicate-3,5,4.845098040014257,4.0,4.0,True,False
XU2026,1 x MIC [16833-Pre-XDR QM]|Replicate-1,5,5.204119982655925,3.544068044,3.544068044,True,False
XU2026,1 x MIC [16833-Pre-XDR QM]|Replicate-2,5,5.176091259055681,3.6334684559999997,3.6334684559999997,True,False
XU2026,1 x MIC [16833-Pre-XDR QM]|Replicate-3,5,5.204119982655925,3.591064607026499,3.591064607026499,True,False
XU2026,1 x MIC [16995-Pre-XDR QM]|Replicate-1,5,5.079181246047625,3.845098040014257,3.845098040014257,True,False
XU2026,1 x MIC [16995-Pre-XDR QM]|Replicate-2,5,5.113943352306837,3.7781512503836434,3.7781512503836434,True,False
XU2026,1 x MIC [16995-Pre-XDR QM]|Replicate-3,5,5.113943352306837,3.6989700043360187,3.6989700043360187,True,False
XU2026,1 x MIC [H37Rv QM]|Replicate-1,5,5.230448921378274,3.3979400086720375,3.3979400086720375,True,False
XU2026,1 x MIC [H37Rv QM]|Replicate-2,5,5.198657086954422,3.1760912590556813,3.278753600952829,True,False
XU2026,1 x MIC [H37Rv QM]|Replicate-3,5,5.278753600952829,3.361727836017593,3.361727836017593,True,False
XU2026,1 x MIC [H37Rv RFP]|Replicate-1,5,5.176091259055681,3.146128035678238,3.146128035678238,True,False
XU2026,1 x MIC [H37Rv RFP]|Replicate-2,5,4.892094602690481,3.123851640967086,3.123851640967086,True,False
XU2026,1 x MIC [H37Rv RFP]|Replicate-3,5,4.949390006644912,3.1760912590556813,3.1760912590556813,True,False
XU2026,1/2 x MIC [13946-Pre-XDR QM]|Replicate-1,5,5.176091259055681,5.176091259055681,6.903089986991944,False,False
XU2026,1/2 x MIC [13946-Pre-XDR QM]|Replicate-2,5,5.113943352306837,5.113943352306837,6.845098040014257,False,False
XU2026,1/2 x MIC [13946-Pre-XDR QM]|Replicate-3,5,4.845098040014257,4.845098040014257,7.041392685158225,False,False
XU2026,1/2 x MIC [16833-Pre-XDR QM]|Replicate-1,5,5.204119982655925,5.204119982655925,5.3222192947339195,False,False
XU2026,1/2 x MIC [16833-Pre-XDR QM]|Replicate-2,5,5.176091259055681,5.176091259055681,5.857332496431268,False,False
XU2026,1/2 x MIC [16833-Pre-XDR QM]|Replicate-3,5,5.204119982655925,5.204119982655925,5.653212513775344,False,False
XU2026,1/2 x MIC [16995-Pre-XDR QM]|Replicate-1,5,5.079181246047625,4.5910646070264995,4.5910646070264995,False,False
XU2026,1/2 x MIC [16995-Pre-XDR QM]|Replicate-2,5,5.113943352306837,4.707570176097937,4.707570176097937,False,False
XU2026,1/2 x MIC [16995-Pre-XDR QM]|Replicate-3,5,5.113943352306837,4.698970004336019,4.698970004336019,False,False
XU2026,1/2 x MIC [H37Rv QM]|Replicate-1,5,5.230448921378274,4.505149978319906,4.505149978319906,True,False
XU2026,1/2 x MIC [H37Rv QM]|Replicate-2,5,5.198657086954422,4.681241237375588,4.681241237375588,True,False
XU2026,1/2 x MIC [H37Rv QM]|Replicate-3,5,5.278753600952829,4.7160033436347994,4.7160033436347994,True,False
XU2026,1/2 x MIC [H37Rv RFP]|Replicate-1,5,5.176091259055681,5.176091259055681,6.3979400086720375,False,False
XU2026,1/2 x MIC [H37Rv RFP]|Replicate-2,5,4.892094602690481,4.892094602690481,6.342422680822207,False,False
XU2026,1/2 x MIC [H37Rv RFP]|Replicate-3,5,4.949390006644912,4.949390006644912,6.698970004336019,False,False
XU2026,16 x MIC [13946-Pre-XDR QM]|Replicate-1,3,5.176091259055681,2.041392685158225,2.041392685158225,True,False
XU2026,16 x MIC [13946-Pre-XDR QM]|Replicate-2,3,5.113943352306837,2.041392685158225,2.041392685158225,True,False
XU2026,16 x MIC [13946-Pre-XDR QM]|Replicate-3,3,4.845098040014257,2.0,2.0,True,False
XU2026,2 x MIC [13946-Pre-XDR QM]|Replicate-1,5,5.176091259055681,3.113943352306837,3.113943352306837,True,False
XU2026,2 x MIC [13946-Pre-XDR QM]|Replicate-2,5,5.113943352306837,3.462397997898956,3.462397997898956,True,False
XU2026,2 x MIC [13946-Pre-XDR QM]|Replicate-3,5,4.845098040014257,2.9030899869919438,2.9030899869919438,True,False
XU2026,2 x MIC [16833-Pre-XDR QM]|Replicate-1,5,5.204119982655925,2.845098040014257,2.845098040014257,True,False
XU2026,2 x MIC [16833-Pre-XDR QM]|Replicate-2,5,5.176091259055681,2.342422680822206,2.342422680822206,True,False
XU2026,2 x MIC [16833-Pre-XDR QM]|Replicate-3,5,5.204119982655925,2.681241237375587,2.681241237375587,True,False
XU2026,2 x MIC [16995-Pre-XDR QM]|Replicate-1,5,5.079181246047625,2.0,2.0,True,False
XU2026,2 x MIC [16995-Pre-XDR QM]|Replicate-2,5,5.113943352306837,2.0,2.0,True,False
XU2026,2 x MIC [16995-Pre-XDR QM]|Replicate-3,5,5.113943352306837,2.4771212547196626,2.4771212547196626,True,False
XU2026,2 x MIC [H37Rv QM]|Replicate-1,5,5.230448921378274,2.7075701760979363,2.949390006644913,True,False
XU2026,2 x MIC [H37Rv QM]|Replicate-2,5,5.198657086954422,2.4149733479708178,2.4149733479708178,True,False
XU2026,2 x MIC [H37Rv QM]|Replicate-3,5,5.278753600952829,2.1760912590556813,2.1760912590556813,True,False
XU2026,2 x MIC [H37Rv RFP]|Replicate-1,5,5.176091259055681,2.1760912590556813,2.1760912590556813,True,False
XU2026,2 x MIC [H37Rv RFP]|Replicate-2,5,4.892094602690481,2.230448921378274,2.230448921378274,True,False
XU2026,2 x MIC [H37Rv RFP]|Replicate-3,5,4.949390006644912,2.3010299956639813,2.3010299956639813,True,False
XU2026,4 x MIC [13946-Pre-XDR QM]|Replicate-1,4,5.176091259055681,2.4471580313422194,2.4471580313422194,True,False
XU2026,4 x MIC [13946-Pre-XDR QM]|Replicate-2,4,5.113943352306837,2.2041199826559246,2.2041199826559246,True,False
XU2026,4 x MIC [13946-Pre-XDR QM]|Replicate-3,4,4.845098040014257,2.278753600952829,2.278753600952829,True,False
XU2026,4 x MIC [16833-Pre-XDR QM]|Replicate-1,4,5.204119982655925,2.5440680443502757,2.5440680443502757,True,False
XU2026,4 x MIC [16833-Pre-XDR QM]|Replicate-2,4,5.176091259055681,2.1760912590556813,2.1760912590556813,True,False
XU2026,4 x MIC [16833-Pre-XDR QM]|Replicate-3,4,5.204119982655925,2.146128035678238,2.146128035678238,True,False
XU2026,4 x MIC [16995-Pre-XDR QM]|Replicate-1,4,5.079181246047625,3.0791812460476247,3.0791812460476247,True,False
XU2026,4 x MIC [16995-Pre-XDR QM]|Replicate-2,4,5.113943352306837,3.230448921378274,3.230448921378274,True,False
XU2026,4 x MIC [16995-Pre-XDR QM]|Replicate-3,4,5.113943352306837,3.278753600952829,3.278753600952829,True,False
XU2026,4 x MIC [H37Rv QM]|Replicate-1,3,5.230448921378274,2.0,2.0,True,False
XU2026,4 x MIC [H37Rv QM]|Replicate-2,3,5.198657086954422,2.7993405494535817,2.7993405494535817,True,False
XU2026,4 x MIC [H37Rv QM]|Replicate-3,3,5.278753600952829,2.591064607026499,2.591064607026499,True,False
XU2026,4 x MIC [H37Rv RFP]|Replicate-1,5,5.176091259055681,1.4771212547196624,1.4771212547196624,True,False
XU2026,4 x MIC [H37Rv RFP]|Replicate-2,5,4.892094602690481,1.4771212547196624,1.4771212547196624,True,False
XU2026,4 x MIC [H37Rv RFP]|Replicate-3,5,4.949390006644912,1.0,1.0,True,False
XU2026,8 x MIC [13946-Pre-XDR QM]|Replicate-1,3,5.176091259055681,2.0,2.0,True,False
XU2026,8 x MIC [13946-Pre-XDR QM]|Replicate-2,3,5.113943352306837,2.6020599913279625,2.6020599913279625,True,False
XU2026,8 x MIC [13946-Pre-XDR QM]|Replicate-3,3,4.845098040014257,2.0,2.0,True,False
XU2026,8 x MIC [16833-Pre-XDR QM]|Replicate-1,3,5.204119982655925,2.690196080028514,2.690196080028514,True,False
XU2026,8 x MIC [16833-Pre-XDR QM]|Replicate-2,3,5.176091259055681,2.7075701760979363,2.7075701760979363,True,False
XU2026,8 x MIC [16833-Pre-XDR QM]|Replicate-3,3,5.204119982655925,2.6989700043360187,2.6989700043360187,True,False
XU2026,8 x MIC [16995-Pre-XDR QM]|Replicate-1,3,5.079181246047625,2.113943352306837,2.113943352306837,True,False
XU2026,8 x MIC [16995-Pre-XDR QM]|Replicate-2,3,5.113943352306837,2.0,2.0,True,False
XU2026,8 x MIC [16995-Pre-XDR QM]|Replicate-3,3,5.113943352306837,2.146128035678238,2.146128035678238,True,False
XU2026,8 x MIC [H37Rv QM]|Replicate-1,3,5.230448921378274,1.3010299956639813,1.3010299956639813,True,False
XU2026,8 x MIC [H37Rv QM]|Replicate-2,3,5.198657086954422,1.3010299956639813,1.3010299956639813,True,False
XU2026,8 x MIC [H37Rv QM]|Replicate-3,3,5.278753600952829,1.4771212547196624,1.4771212547196624,True,False
XU2026,8 x MIC [H37Rv RFP]|Replicate-1,3,5.176091259055681,1.3010299956639813,1.3010299956639813,True,False
XU2026,8 x MIC [H37Rv RFP]|Replicate-2,3,4.892094602690481,1.6020599913279623,1.6020599913279623,True,False
XU2026,8 x MIC [H37Rv RFP]|Replicate-3,3,4.949390006644912,1.6020599913279623,1.6020599913279623,True,False
XU2026,"Ctrl [PAE, 2 h exposure]|Replicate-1",3,5.146128036,5.146128036,6.230448921000001,False,False
XU2026,"Ctrl [PAE, 2 h exposure]|Replicate-2",3,5.041392685,5.041392685,6.173186268,False,False
XU2026,"Ctrl [PAE, 2 h exposure]|Replicate-3",3,5.230448921000001,5.230448921000001,6.164352855999999,False,False
XU2026,"Ctrl [PAE, 2 h exposure]|Replicate-4",3,5.255272505,5.255272505,6.155336037,False,False
XU2026,Ctrl [pH 5.0]|Replicate-1,3,4.133538908370218,2.9777236052888476,2.9777236052888476,True,False
XU2026,Ctrl [pH 5.0]|Replicate-2,3,4.086359830674748,2.9542425094393248,2.9542425094393248,True,False
XU2026,Ctrl [pH 5.0]|Replicate-3,3,4.176091259055681,3.0,3.0,True,False
XU2026,Ctrl [pH 6.0]|Replicate-1,4,4.230448921378274,3.9395192526186187,6.491361693834273,False,False
XU2026,Ctrl [pH 6.0]|Replicate-2,4,4.342422680822207,4.204119982655925,6.3979400086720375,False,False
XU2026,Ctrl [pH 6.0]|Replicate-3,4,4.278753600952829,4.02938377768521,6.4623979978989565,False,False
XU2026,Ctrl [pH 7.0]|Replicate-1,4,4.278753600952829,4.278753600952829,10.03342375548695,False,False
XU2026,Ctrl [pH 7.0]|Replicate-2,4,4.361727836017593,4.361727836017593,9.886490725172482,False,False
XU2026,Ctrl [pH 7.0]|Replicate-3,4,4.414973347970818,4.0,10.397940008672037,False,False
XU2026,FabD-OE (QM 1 x MIC) [Fig.6b]|Replicate-1,8,6.0,6.0,6.672097857935717,False,False
XU2026,FabD-OE (QM 1 x MIC) [Fig.6b]|Replicate-2,8,6.0,6.0,6.491361693834273,False,False
XU2026,FabD-OE (QM 1 x MIC) [Fig.6b]|Replicate-3,8,6.0,6.0,6.342422680822207,False,False
XU2026,FabD-OE (QM 4 x MIC) [Fig.6b]|Replicate-1,8,6.0,4.977723605288848,4.977723605288848,True,False
XU2026,FabD-OE (QM 4 x MIC) [Fig.6b]|Replicate-2,8,6.0,5.227886704613674,5.227886704613674,True,False
XU2026,FabD-OE (QM 4 x MIC) [Fig.6b]|Replicate-3,8,6.0,5.113943352306837,5.113943352306837,True,False
XU2026,FabD-OE [Fig.6b]|Replicate-1,8,6.0,6.0,6.6020599913279625,False,False
XU2026,FabD-OE [Fig.6b]|Replicate-2,8,6.0,6.0,7.283301228703549,False,False
XU2026,FabD-OE [Fig.6b]|Replicate-3,8,6.0,6.0,6.954242509439325,False,False
XU2026,Growth control [13946-Pre-XDR QM]|Replicate-1,5,5.176091259055681,5.176091259055681,8.462397997898956,False,False
XU2026,Growth control [13946-Pre-XDR QM]|Replicate-2,5,5.113943352306837,5.113943352306837,8.544068044350276,False,False
XU2026,Growth control [13946-Pre-XDR QM]|Replicate-3,5,4.845098040014257,4.845098040014257,8.505149978319906,False,False
XU2026,Growth control [16833-Pre-XDR QM]|Replicate-1,5,5.204119982655925,5.204119982655925,8.934498451243568,False,False
XU2026,Growth control [16833-Pre-XDR QM]|Replicate-2,5,5.204119982655925,5.204119982655925,8.903089986991944,False,False
XU2026,Growth control [16833-Pre-XDR QM]|Replicate-3,5,5.176091259055681,5.176091259055681,8.949390006644913,False,False
XU2026,Growth control [16995-Pre-XDR QM]|Replicate-1,5,5.079181246047625,5.079181246047625,7.897627091290442,False,False
XU2026,Growth control [16995-Pre-XDR QM]|Replicate-2,5,5.113943352306837,5.113943352306837,7.7923916894982534,False,False
XU2026,Growth control [16995-Pre-XDR QM]|Replicate-3,5,5.113943352306837,5.113943352306837,7.863322860120456,False,False
XU2026,Growth control [H37Rv QM]|Replicate-1,5,5.230448921378274,5.230448921378274,8.518513939877888,False,False
XU2026,Growth control [H37Rv QM]|Replicate-2,5,5.198657086954422,5.198657086954422,8.690196080028514,False,False
XU2026,Growth control [H37Rv QM]|Replicate-3,5,5.278753600952829,5.278753600952829,8.278753600952829,False,False
XU2026,Growth control [H37Rv RFP]|Replicate-1,5,5.176091259055681,5.176091259055681,8.285557309007773,False,False
XU2026,Growth control [H37Rv RFP]|Replicate-2,5,4.892094602690481,4.892094602690481,8.2718416065365,False,False
XU2026,Growth control [H37Rv RFP]|Replicate-3,5,4.949390006644912,4.949390006644912,8.612783856719735,False,False
XU2026,"QM(0.5 μg/mL) [PAE, 2 h exposure]|Replicate-1",4,5.146128036,5.146128036,6.225309282000001,False,False
XU2026,"QM(0.5 μg/mL) [PAE, 2 h exposure]|Replicate-2",4,5.041392685,5.041392685,6.235528447000001,False,False
XU2026,"QM(0.5 μg/mL) [PAE, 2 h exposure]|Replicate-3",4,5.230448921000001,5.230448921000001,6.271841607000001,False,False
XU2026,"QM(0.5 μg/mL) [PAE, 2 h exposure]|Replicate-4",4,5.255272505,5.255272505,6.290034611,False,False
XU2026,QM(1 x MIC) [pH 5.0]|Replicate-1,3,4.133538908370218,2.462397997898956,2.462397997898956,True,False
XU2026,QM(1 x MIC) [pH 5.0]|Replicate-2,3,4.086359830674748,2.4471580313422194,2.4471580313422194,True,False
XU2026,QM(1 x MIC) [pH 5.0]|Replicate-3,3,4.176091259055681,2.4771212547196626,2.4771212547196626,True,False
XU2026,QM(1 x MIC) [pH 6.0]|Replicate-1,3,4.230448921378274,3.1986570869544226,3.1986570869544226,True,False
XU2026,QM(1 x MIC) [pH 6.0]|Replicate-2,3,4.342422680822207,3.322219294733919,3.322219294733919,True,False
XU2026,QM(1 x MIC) [pH 6.0]|Replicate-3,3,4.278753600952829,3.2041199826559246,3.2041199826559246,True,False
XU2026,QM(1 x MIC) [pH 7.0]|Replicate-1,3,4.414973347970818,3.155336037465062,3.155336037465062,True,False
XU2026,QM(1 x MIC) [pH 7.0]|Replicate-2,3,4.491361693834273,3.4313637641589874,3.4313637641589874,True,False
XU2026,QM(1 x MIC) [pH 7.0]|Replicate-3,3,4.301029995663981,3.3010299956639813,3.3010299956639813,True,False
XU2026,QM(1/8 x MIC) [pH 5.0]|Replicate-1,3,4.133538908370218,2.863322860120456,2.863322860120456,True,False
XU2026,QM(1/8 x MIC) [pH 5.0]|Replicate-2,3,4.086359830674748,2.8195439355418688,2.8195439355418688,True,False
XU2026,QM(1/8 x MIC) [pH 5.0]|Replicate-3,3,4.176091259055681,2.9030899869919438,2.9030899869919438,True,False
XU2026,QM(1/8 x MIC) [pH 6.0]|Replicate-1,4,4.230448921378274,3.380211241711606,5.7923916894982534,True,True
XU2026,QM(1/8 x MIC) [pH 6.0]|Replicate-2,4,4.342422680822207,3.7708520116421442,5.897627091290442,True,True
XU2026,QM(1/8 x MIC) [pH 6.0]|Replicate-3,4,4.278753600952829,3.6989700043360187,5.778151250383644,True,True
XU2026,QM(1/8 x MIC) [pH 7.0]|Replicate-1,4,4.414973347970818,4.103803720955957,7.812913356642856,False,False
XU2026,QM(1/8 x MIC) [pH 7.0]|Replicate-2,4,4.491361693834273,4.431363764158987,7.785329835010767,False,False
XU2026,QM(1/8 x MIC) [pH 7.0]|Replicate-3,4,4.301029995663981,4.301029995663981,7.903089986991944,False,False
XU2026,"QM(5 μg/mL) [PAE, 2 h exposure]|Replicate-1",5,5.146128036,5.146128036,6.296665190000001,False,False
XU2026,"QM(5 μg/mL) [PAE, 2 h exposure]|Replicate-2",5,5.041392685,5.041392685,6.303196057000001,False,False
XU2026,"QM(5 μg/mL) [PAE, 2 h exposure]|Replicate-3",5,5.230448921000001,5.230448921000001,6.298853076000001,False,False
XU2026,"QM(5 μg/mL) [PAE, 2 h exposure]|Replicate-4",5,5.255272505,5.255272505,6.307496037999999,False,False
XU2026,"QM(50 μg/mL) [PAE, 2 h exposure]|Replicate-1",6,5.146128036,5.146128036,6.313867219999999,False,False
XU2026,"QM(50 μg/mL) [PAE, 2 h exposure]|Replicate-2",6,5.041392685,5.041392685,6.296665190000001,False,False
XU2026,"QM(50 μg/mL) [PAE, 2 h exposure]|Replicate-3",6,5.230448921000001,5.230448921000001,6.262451090000001,False,False
XU2026,"QM(50 μg/mL) [PAE, 2 h exposure]|Replicate-4",6,5.255272505,5.255272505,6.238046103000001,False,False
XU2026,QM(8 x MIC) [pH 5.0]|Replicate-1,3,4.133538908370218,1.0,1.0,True,False
XU2026,QM(8 x MIC) [pH 5.0]|Replicate-2,3,4.086359830674748,1.0,1.0,True,False
XU2026,QM(8 x MIC) [pH 5.0]|Replicate-3,3,4.176091259055681,1.0,1.0,True,False
XU2026,QM(8 x MIC) [pH 7.0]|Replicate-1,3,4.414973347970818,2.255272505103306,2.255272505103306,True,False
XU2026,QM(8 x MIC) [pH 7.0]|Replicate-2,3,4.491361693834273,2.322219294733919,2.322219294733919,True,False
XU2026,QM(8 x MIC) [pH 7.0]|Replicate-3,3,4.301029995663981,2.3010299956639813,2.3010299956639813,True,False
XU2026,"RFP(0.05 μg/mL) [PAE, 2 h exposure]|Replicate-1",5,5.146128036,5.146128036,6.209515014999999,False,False
XU2026,"RFP(0.05 μg/mL) [PAE, 2 h exposure]|Replicate-2",5,5.041392685,5.041392685,6.264817822999999,False,False
XU2026,"RFP(0.05 μg/mL) [PAE, 2 h exposure]|Replicate-3",5,5.230448921000001,5.230448921000001,6.198657086999999,False,False
XU2026,"RFP(0.05 μg/mL) [PAE, 2 h exposure]|Replicate-4",5,5.255272505,5.255272505,6.257678575000001,False,False
XU2026,"RFP(0.5 μg/mL) [PAE, 2 h exposure]|Replicate-1",7,5.146128036,5.146128036,6.269512943999999,False,False
XU2026,"RFP(0.5 μg/mL) [PAE, 2 h exposure]|Replicate-2",7,5.041392685,5.041392685,6.255272505,False,False
XU2026,"RFP(0.5 μg/mL) [PAE, 2 h exposure]|Replicate-3",7,5.230448921000001,5.230448921000001,6.2455126678141495,False,False
XU2026,"RFP(0.5 μg/mL) [PAE, 2 h exposure]|Replicate-4",7,5.255272505,5.255272505,6.278753600952829,False,False
XU2026,RFP(1 x MIC) [pH 5.0]|Replicate-1,3,4.133538908370218,1.7781512503836436,1.7781512503836436,True,False
XU2026,RFP(1 x MIC) [pH 5.0]|Replicate-2,3,4.086359830674748,2.0,2.0,True,False
XU2026,RFP(1 x MIC) [pH 5.0]|Replicate-3,3,4.176091259055681,2.0,2.0,True,False
XU2026,RFP(1 x MIC) [pH 6.0]|Replicate-1,3,4.230448921378274,2.6127838567197355,2.6127838567197355,True,False
XU2026,RFP(1 x MIC) [pH 6.0]|Replicate-2,3,4.342422680822207,2.6127838567197355,2.6127838567197355,True,False
XU2026,RFP(1 x MIC) [pH 6.0]|Replicate-3,3,4.278753600952829,2.662757831681574,2.662757831681574,True,False
XU2026,RFP(1 x MIC) [pH 7.0]|Replicate-1,3,4.414973347970818,3.041392685158225,3.041392685158225,True,False
XU2026,RFP(1 x MIC) [pH 7.0]|Replicate-2,3,4.491361693834273,3.1986570869544226,3.1986570869544226,True,False
XU2026,RFP(1 x MIC) [pH 7.0]|Replicate-3,3,4.301029995663981,3.278753600952829,3.278753600952829,True,False
XU2026,"RFP(5 μg/mL) [PAE, 2 h exposure]|Replicate-1",7,5.146128036,4.0,6.012837224999999,True,True
XU2026,"RFP(5 μg/mL) [PAE, 2 h exposure]|Replicate-2",7,5.041392685,4.0,6.029383778,True,True
XU2026,"RFP(5 μg/mL) [PAE, 2 h exposure]|Replicate-3",7,5.230448921000001,4.477121254999999,5.954242509439325,True,True
XU2026,"RFP(5 μg/mL) [PAE, 2 h exposure]|Replicate-4",7,5.255272505,4.602059990999999,6.079181246047625,True,True
XU2026,pMV261 (QM 1 x MIC) [Fig.6b]|Replicate-1,8,6.0,5.8750612633917,5.8750612633917,False,False
XU2026,pMV261 (QM 1 x MIC) [Fig.6b]|Replicate-2,8,6.0,5.880813592280791,5.880813592280791,False,False
XU2026,pMV261 (QM 1 x MIC) [Fig.6b]|Replicate-3,8,6.0,5.880813592280791,5.880813592280791,False,False
XU2026,pMV261 (QM 4 x MIC) [Fig.6b]|Replicate-1,8,6.0,4.342422680822207,4.342422680822207,True,False
XU2026,pMV261 (QM 4 x MIC) [Fig.6b]|Replicate-2,8,6.0,4.380211241711606,4.380211241711606,True,False
XU2026,pMV261 (QM 4 x MIC) [Fig.6b]|Replicate-3,8,6.0,4.477121254719663,4.477121254719663,True,False
XU2026,pMV261 [Fig.6b]|Replicate-1,8,6.0,6.0,6.812913356642856,False,False
XU2026,pMV261 [Fig.6b]|Replicate-2,8,6.0,6.0,7.096910013008056,False,False
XU2026,pMV261 [Fig.6b]|Replicate-3,8,6.0,6.0,6.954242509439325,False,False
ZHU2022,0829_5X MIC CEFEPIME / WT_5X CEFEPIME|A,3,7.269512944217916,-1.0,-1.0,True,False
ZHU2022,0829_5X MIC CEFEPIME / WT_5X CEFEPIME|B,3,7.345373730559088,-1.0,-1.0,True,False
ZHU2022,0829_5X MIC CEFEPIME / WT_5X CEFEPIME|C,3,7.258876629372131,-1.0,-1.0,True,False
ZHU2022,0829_5X MIC CEFEPIME / WT_5X CEFEPIME|D,3,7.221414237842339,-1.0,-1.0,True,False
ZHU2022,1097X1645_5X MIC CEFEPIME|A,3,7.732393759822968,2.3521825181113627,2.3521825181113627,True,False
ZHU2022,1097X1645_5X MIC CEFEPIME|B,3,7.633468455579586,2.0530784434834195,2.0530784434834195,True,False
ZHU2022,1097X1645_5X MIC CEFEPIME|C,3,7.742823288041901,2.5563025007672873,2.5563025007672873,True,False
ZHU2022,1097X1645_5X MIC CEFEPIME|D,3,7.698970004336019,2.6020599913279625,2.6020599913279625,True,False
ZHU2022,1097_5X MIC CEFEPIME|A,3,6.913813852383717,-1.0,-1.0,True,False
ZHU2022,1097_5X MIC CEFEPIME|B,3,6.905795880367869,-1.0,-1.0,True,False
ZHU2022,1097_5X MIC CEFEPIME|C,3,6.969066285756349,-1.0,-1.0,True,False
ZHU2022,1097_5X MIC CEFEPIME|D,3,6.977723605288848,-1.0,-1.0,True,False
ZHU2022,1396_5X MIC Meropenem|A,3,6.2552725051033065,2.255272505103306,2.255272505103306,True,False
ZHU2022,1396_5X MIC Meropenem|B,3,6.176091259055681,2.1760912590556813,2.1760912590556813,True,False
ZHU2022,1396_5X MIC Meropenem|C,3,6.278753600952829,2.3010299956639813,2.3010299956639813,True,False
ZHU2022,1396_5X MIC Meropenem|D,3,6.146128035678238,2.278753600952829,2.278753600952829,True,False
ZHU2022,1645_5X MIC CEFEPIME|A,3,7.113943352306837,2.0969100130080562,2.0969100130080562,True,False
ZHU2022,1645_5X MIC CEFEPIME|B,3,7.226599905207357,2.0,2.0,True,False
ZHU2022,1645_5X MIC CEFEPIME|C,3,7.278524964737017,2.342422680822206,2.342422680822206,True,False
ZHU2022,1645_5X MIC CEFEPIME|D,3,7.060697840353612,2.4913616938342726,2.4913616938342726,True,False
ZHU2022,2065_5X MIC Gentamicin|A,3,7.643452676486188,1.0791812460476249,1.0791812460476249,True,False
ZHU2022,2065_5X MIC Gentamicin|B,3,7.676693609624866,1.3222192947339193,1.3222192947339193,True,False
ZHU2022,2065_5X MIC Gentamicin|C,3,7.724275869600789,1.1760912590556813,1.1760912590556813,True,False
ZHU2022,2065_5X MIC Gentamicin|D,3,7.781755374652469,1.4471580313422192,1.4471580313422192,True,False
ZHU2022,2066_5X MIC Gentamicin|A,3,7.57978359661681,2.230448921378274,2.230448921378274,True,False
ZHU2022,2066_5X MIC Gentamicin|B,3,7.491361693834273,2.278753600952829,2.278753600952829,True,False
ZHU2022,2066_5X MIC Gentamicin|C,3,7.491361693834273,2.6020599913279625,2.6020599913279625,True,False
ZHU2022,2066_5X MIC Gentamicin|D,3,7.544068044350276,2.4771212547196626,2.4771212547196626,True,False
ZHU2022,WT_10X  CIP / WT_10X  Cipro|A,3,6.939519252618618,0.0,0.0,True,False
ZHU2022,WT_10X  CIP / WT_10X  Cipro|B,3,6.931966114728173,-1.0,-1.0,True,False
ZHU2022,WT_10X  CIP / WT_10X  Cipro|C,3,6.924279286061882,0.0,0.0,True,False
ZHU2022,WT_10X  CIP / WT_10X  Cipro|D,3,6.838849090737256,-1.0,-1.0,True,False
ZHU2022,WT_10X Gentamicin|A,9,6.973127853599698,-1.0,-1.0,True,False
ZHU2022,WT_10X Gentamicin|B,9,7.021189299069938,-1.0,-1.0,True,False
ZHU2022,WT_10X Gentamicin|C,9,6.977723605288848,-1.0,-1.0,True,False
ZHU2022,WT_10X Gentamicin|D,9,6.9084850188786495,-1.0,-1.0,True,False
ZHU2022,WT_10X SXT|A,3,6.951823035315912,0.6020599913279624,0.6020599913279624,True,False
ZHU2022,WT_10X SXT|B,3,6.8750612633917,0.3010299956639812,0.3010299956639812,True,False
ZHU2022,WT_10X SXT|C,3,7.019116290447073,0.0,0.0,True,False
ZHU2022,WT_10X SXT|D,3,7.310339219727905,0.0,0.0,True,False
ZHU2022,WT_5X CEFEPIME|A,3,7.41161970596323,-1.0,-1.0,True,False
ZHU2022,WT_5X CEFEPIME|B,3,7.38738982633873,-1.0,-1.0,True,False
ZHU2022,WT_5X CEFEPIME|C,3,7.469822015978163,-1.0,-1.0,True,False
ZHU2022,WT_5X CEFEPIME|D,3,7.6180480967120925,-1.0,-1.0,True,False
ZHU2022,WT_5X Gentamicin|A,3,6.944482672150168,-1.0,-1.0,True,False
ZHU2022,WT_5X Gentamicin|B,3,6.977723605288848,-1.0,-1.0,True,False
ZHU2022,WT_5X Gentamicin|C,3,6.744292983122676,-1.0,-1.0,True,False
ZHU2022,WT_5X Gentamicin|D,3,6.8095597146352675,-1.0,-1.0,True,False
ZHU2022,WT_5X Meropenem|A,3,6.278753600952829,-1.0,-1.0,True,False
ZHU2022,WT_5X Meropenem|B,3,6.176091259055681,0.0,0.0,True,False
ZHU2022,WT_5X Meropenem|C,3,6.204119982655925,-1.0,-1.0,True,False
ZHU2022,WT_5X Meropenem|D,3,6.230448921378274,0.0,0.0,True,False
ZHU2022,Δ0006_10X Gentamicin|A,3,7.439332693830263,0.0,0.0,True,False
ZHU2022,Δ0006_10X Gentamicin|B,3,7.112269768417271,1.0791812460476249,1.0791812460476249,True,False
ZHU2022,Δ0006_10X Gentamicin|C,3,7.7923916894982534,1.146128035678238,1.146128035678238,True,False
ZHU2022,Δ0006_10X Gentamicin|D,3,6.954242509439325,1.591064607026499,1.591064607026499,True,False
ZHU2022,Δ0288_10X SXT|A,3,7.02530586526477,1.462397997898956,1.462397997898956,True,False
ZHU2022,Δ0288_10X SXT|B,3,7.002166061756507,1.4771212547196624,1.4771212547196624,True,False
ZHU2022,Δ0288_10X SXT|C,3,6.959041392321094,1.5314789170422551,1.5314789170422551,True,False
ZHU2022,Δ0288_10X SXT|D,3,7.006466042249231,1.5440680443502757,1.5440680443502757,True,False
ZHU2022,Δ1068_10X Cipro|A,3,7.234685974405858,1.0,1.0,True,False
ZHU2022,Δ1068_10X Cipro|B,3,7.088136088700551,1.0791812460476249,1.0791812460476249,True,False
ZHU2022,Δ1068_10X Cipro|C,3,7.096910013008056,1.3222192947339193,1.3222192947339193,True,False
ZHU2022,Δ1068_10X Cipro|D,3,7.241380434064573,1.146128035678238,1.146128035678238,True,False
ZHU2022,Δ1544_10X CIP|A,3,7.518513939877887,-1.0,-1.0,True,False
ZHU2022,Δ1544_10X CIP|B,3,7.247973266361806,0.0,0.0,True,False
ZHU2022,Δ1544_10X CIP|C,3,6.919078092376074,-1.0,-1.0,True,False
ZHU2022,Δ1544_10X CIP|D,3,6.975431808509263,0.0,0.0,True,False
ZHU2022,Δ1888_10X Gentamicin|A,6,7.550228353055094,0.0,0.0,True,False
ZHU2022,Δ1888_10X Gentamicin|B,6,7.508529718971286,0.3010299956639812,0.3010299956639812,True,False
ZHU2022,Δ1888_10X Gentamicin|C,6,7.623249290397901,0.3010299956639812,0.3010299956639812,True,False
ZHU2022,Δ1888_10X Gentamicin|D,6,7.707570176097937,-1.0,-1.0,True,False
