dataset,organism,state,state_numeric,drug,dose_value,dose_unit,dose_xmic,unit_group,n0_log10,time_days,y_log10,censored,limit_log10,notes,isolate_index,sample_id,mpn_raw,MIC_INH,MIC_RIF,INH-Suceptibility,Time_to_0.4,Time_point,Tolerant_level_D5_15,Tolerant_level_D5_60
vijay2024_elife93243,M. tuberculosis,culture_age_15d,15.0,rifampicin,,,,vijay_001_age15d,5.361727836017593,0.0,5.361727836017593,False,1.3617278360175928,MPN/mL; RIF concentration not recorded in deposit,1,IR1,230000.0,3.2,0.12,IR,13.0,0M,Medium,Low
vijay2024_elife93243,M. tuberculosis,culture_age_15d,15.0,rifampicin,,,,vijay_001_age15d,5.361727836017593,2.0,2.361727836017593,False,1.3617278360175928,MPN/mL; RIF concentration not recorded in deposit,1,IR1,230.0,3.2,0.12,IR,13.0,0M,Medium,Low
vijay2024_elife93243,M. tuberculosis,culture_age_15d,15.0,rifampicin,,,,vijay_001_age15d,5.361727836017593,5.0,2.361727836017593,False,1.3617278360175928,MPN/mL; RIF concentration not recorded in deposit,1,IR1,230.0,3.2,0.12,IR,13.0,0M,Medium,Low
vijay2024_elife93243,M. tuberculosis,culture_age_15d,15.0,rifampicin,,,,vijay_002_age15d,5.361727836017593,0.0,5.361727836017593,False,1.3617278360175928,MPN/mL; RIF concentration not recorded in deposit,2,IR2,230000.0,3.2,0.03,IR,14.0,0M,Medium,Low
vijay2024_elife93243,M. tuberculosis,culture_age_15d,15.0,rifampicin,,,,vijay_002_age15d,5.361727836017593,2.0,2.361727836017593,False,1.3617278360175928,MPN/mL; RIF concentration not recorded in deposit,2,IR2,230.0,3.2,0.03,IR,14.0,0M,Medium,Low
vijay2024_elife93243,M. tuberculosis,culture_age_15d,15.0,rifampicin,,,,vijay_002_age15d,5.361727836017593,5.0,2.361727836017593,False,1.3617278360175928,MPN/mL; RIF concentration not recorded in deposit,2,IR2,230.0,3.2,0.03,IR,14.0,0M,Medium,Low
vijay2024_elife93243,M. tuberculosis,culture_age_15d,15.0,rifampicin,,,,vijay_003_age15d,5.361727836017593,0.0,5.361727836017593,False,1.3617278360175928,MPN/mL; RIF concentration not recorded in deposit,3,IR3,230000.0,0.4,0.06,IR,11.0,0M,Medium,Medium
vijay2024_elife93243,M. tuberculosis,culture_age_15d,15.0,rifampicin,,,,vijay_003_age15d,5.361727836017593,2.0,3.361727836017593,False,1.3617278360175928,MPN/mL; RIF concentration not recorded in deposit,3,IR3,2300.0,0.4,0.06,IR,11.0,0M,Medium,Medium
vijay2024_elife93243,M. tuberculosis,culture_age_15d,15.0,rifampicin,,,,vijay_003_age15d,5.361727836017593,5.0,2.361727836017593,False,1.3617278360175928,MPN/mL; RIF concentration not recorded in deposit,3,IR3,230.0,0.4,0.06,IR,11.0,0M,Medium,Medium
vijay2024_elife93243,M. tuberculosis,culture_age_15d,15.0,rifampicin,,,,vijay_004_age15d,6.361727836017593,0.0,6.361727836017593,False,1.3617278360175928,MPN/mL; RIF concentration not recorded in deposit,4,IR4,2300000.0,6.4,0.06,IR,35.0,0M,Medium,Medium
vijay2024_elife93243,M. tuberculosis,culture_age_15d,15.0,rifampicin,,,,vijay_004_age15d,6.361727836017593,2.0,4.361727836017593,False,1.3617278360175928,MPN/mL; RIF concentration not recorded in deposit,4,IR4,23000.0,6.4,0.06,IR,35.0,0M,Medium,Medium
vijay2024_elife93243,M. tuberculosis,culture_age_15d,15.0,rifampicin,,,,vijay_004_age15d,6.361727836017593,5.0,4.361727836017593,False,1.3617278360175928,MPN/mL; RIF concentration not recorded in deposit,4,IR4,23000.0,6.4,0.06,IR,35.0,0M,Medium,Medium
vijay2024_elife93243,M. tuberculosis,culture_age_15d,15.0,rifampicin,,,,vijay_005_age15d,4.361727836017593,0.0,4.361727836017593,False,1.3617278360175928,MPN/mL; RIF concentration not recorded in deposit,5,IR5,23000.0,3.2,0.12,IR,24.0,0M,High,Medium
vijay2024_elife93243,M. tuberculosis,culture_age_15d,15.0,rifampicin,,,,vijay_005_age15d,4.361727836017593,2.0,4.361727836017593,False,1.3617278360175928,MPN/mL; RIF concentration not recorded in deposit,5,IR5,23000.0,3.2,0.12,IR,24.0,0M,High,Medium
vijay2024_elife93243,M. tuberculosis,culture_age_15d,15.0,rifampicin,,,,vijay_005_age15d,4.361727836017593,5.0,4.361727836017593,False,1.3617278360175928,MPN/mL; RIF concentration not recorded in deposit,5,IR5,23000.0,3.2,0.12,IR,24.0,0M,High,Medium
vijay2024_elife93243,M. tuberculosis,culture_age_15d,15.0,rifampicin,,,,vijay_006_age15d,4.361727836017593,0.0,4.361727836017593,False,1.3617278360175928,MPN/mL; RIF concentration not recorded in deposit,6,IR6,23000.0,3.2,0.06,IR,15.0,0M,Medium,Medium
vijay2024_elife93243,M. tuberculosis,culture_age_15d,15.0,rifampicin,,,,vijay_006_age15d,4.361727836017593,2.0,2.361727836017593,False,1.3617278360175928,MPN/mL; RIF concentration not recorded in deposit,6,IR6,230.0,3.2,0.06,IR,15.0,0M,Medium,Medium
vijay2024_elife93243,M. tuberculosis,culture_age_15d,15.0,rifampicin,,,,vijay_006_age15d,4.361727836017593,5.0,2.361727836017593,False,1.3617278360175928,MPN/mL; RIF concentration not recorded in deposit,6,IR6,230.0,3.2,0.06,IR,15.0,0M,Medium,Medium
vijay2024_elife93243,M. tuberculosis,culture_age_15d,15.0,rifampicin,,,,vijay_007_age15d,5.361727836017593,0.0,5.361727836017593,False,1.3617278360175928,MPN/mL; RIF concentration not recorded in deposit,7,IR7,230000.0,1.6,0.06,IR,11.0,0M,Medium,High
vijay2024_elife93243,M. tuberculosis,culture_age_15d,15.0,rifampicin,,,,vijay_007_age15d,5.361727836017593,2.0,4.361727836017593,False,1.3617278360175928,MPN/mL; RIF concentration not recorded in deposit,7,IR7,23000.0,1.6,0.06,IR,11.0,0M,Medium,High
vijay2024_elife93243,M. tuberculosis,culture_age_15d,15.0,rifampicin,,,,vijay_007_age15d,5.361727836017593,5.0,2.361727836017593,False,1.3617278360175928,MPN/mL; RIF concentration not recorded in deposit,7,IR7,230.0,1.6,0.06,IR,11.0,0M,Medium,High
vijay2024_elife93243,M. tuberculosis,culture_age_15d,15.0,rifampicin,,,,vijay_008_age15d,5.361727836017593,0.0,5.361727836017593,False,1.3617278360175928,MPN/mL; RIF concentration not recorded in deposit,8,IR8,230000.0,3.2,0.12,IR,19.0,0M,Low,
vijay2024_elife93243,M. tuberculosis,culture_age_15d,15.0,rifampicin,,,,vijay_008_age15d,5.361727836017593,2.0,3.361727836017593,False,1.3617278360175928,MPN/mL; RIF concentration not recorded in deposit,8,IR8,2300.0,3.2,0.12,IR,19.0,0M,Low,
vijay2024_elife93243,M. tuberculosis,culture_age_15d,15.0,rifampicin,,,,vijay_008_age15d,5.361727836017593,5.0,,True,1.3617278360175928,MPN/mL; RIF concentration not recorded in deposit; at assay floor 23 MPN/mL,8,IR8,23.0,3.2,0.12,IR,19.0,0M,Low,
vijay2024_elife93243,M. tuberculosis,culture_age_15d,15.0,rifampicin,,,,vijay_009_age15d,6.361727836017593,0.0,6.361727836017593,False,1.3617278360175928,MPN/mL; RIF concentration not recorded in deposit,9,IR9,2300000.0,3.2,0.12,IR,19.0,0M,Low,
vijay2024_elife93243,M. tuberculosis,culture_age_15d,15.0,rifampicin,,,,vijay_009_age15d,6.361727836017593,2.0,4.361727836017593,False,1.3617278360175928,MPN/mL; RIF concentration not recorded in deposit,9,IR9,23000.0,3.2,0.12,IR,19.0,0M,Low,
vijay2024_elife93243,M. tuberculosis,culture_age_15d,15.0,rifampicin,,,,vijay_009_age15d,6.361727836017593,5.0,2.361727836017593,False,1.3617278360175928,MPN/mL; RIF concentration not recorded in deposit,9,IR9,230.0,3.2,0.12,IR,19.0,0M,Low,
vijay2024_elife93243,M. tuberculosis,culture_age_15d,15.0,rifampicin,,,,vijay_010_age15d,5.361727836017593,0.0,5.361727836017593,False,1.3617278360175928,MPN/mL; RIF concentration not recorded in deposit,10,IR10,230000.0,3.2,0.25,IR,19.0,0M,High,High
vijay2024_elife93243,M. tuberculosis,culture_age_15d,15.0,rifampicin,,,,vijay_010_age15d,5.361727836017593,2.0,3.361727836017593,False,1.3617278360175928,MPN/mL; RIF concentration not recorded in deposit,10,IR10,2300.0,3.2,0.25,IR,19.0,0M,High,High
vijay2024_elife93243,M. tuberculosis,culture_age_15d,15.0,rifampicin,,,,vijay_010_age15d,5.361727836017593,5.0,4.361727836017593,False,1.3617278360175928,MPN/mL; RIF concentration not recorded in deposit,10,IR10,23000.0,3.2,0.25,IR,19.0,0M,High,High
vijay2024_elife93243,M. tuberculosis,culture_age_15d,15.0,rifampicin,,,,vijay_011_age15d,5.361727836017593,0.0,5.361727836017593,False,1.3617278360175928,MPN/mL; RIF concentration not recorded in deposit,11,IR11,230000.0,0.4,0.25,IR,19.0,0M,High,High
vijay2024_elife93243,M. tuberculosis,culture_age_15d,15.0,rifampicin,,,,vijay_011_age15d,5.361727836017593,2.0,3.361727836017593,False,1.3617278360175928,MPN/mL; RIF concentration not recorded in deposit,11,IR11,2300.0,0.4,0.25,IR,19.0,0M,High,High
vijay2024_elife93243,M. tuberculosis,culture_age_15d,15.0,rifampicin,,,,vijay_011_age15d,5.361727836017593,5.0,4.361727836017593,False,1.3617278360175928,MPN/mL; RIF concentration not recorded in deposit,11,IR11,23000.0,0.4,0.25,IR,19.0,0M,High,High
vijay2024_elife93243,M. tuberculosis,culture_age_15d,15.0,rifampicin,,,,vijay_012_age15d,5.361727836017593,0.0,5.361727836017593,False,1.3617278360175928,MPN/mL; RIF concentration not recorded in deposit,12,IR12,230000.0,3.2,0.12,IR,14.0,0M,Medium,Medium
vijay2024_elife93243,M. tuberculosis,culture_age_15d,15.0,rifampicin,,,,vijay_012_age15d,5.361727836017593,2.0,2.361727836017593,False,1.3617278360175928,MPN/mL; RIF concentration not recorded in deposit,12,IR12,230.0,3.2,0.12,IR,14.0,0M,Medium,Medium
vijay2024_elife93243,M. tuberculosis,culture_age_15d,15.0,rifampicin,,,,vijay_012_age15d,5.361727836017593,5.0,2.361727836017593,False,1.3617278360175928,MPN/mL; RIF concentration not recorded in deposit,12,IR12,230.0,3.2,0.12,IR,14.0,0M,Medium,Medium
vijay2024_elife93243,M. tuberculosis,culture_age_15d,15.0,rifampicin,,,,vijay_013_age15d,4.361727836017593,0.0,4.361727836017593,False,1.3617278360175928,MPN/mL; RIF concentration not recorded in deposit,13,IR13,23000.0,1.6,0.12,IR,15.0,0M,High,Medium
vijay2024_elife93243,M. tuberculosis,culture_age_15d,15.0,rifampicin,,,,vijay_013_age15d,4.361727836017593,2.0,3.361727836017593,False,1.3617278360175928,MPN/mL; RIF concentration not recorded in deposit,13,IR13,2300.0,1.6,0.12,IR,15.0,0M,High,Medium
vijay2024_elife93243,M. tuberculosis,culture_age_15d,15.0,rifampicin,,,,vijay_013_age15d,4.361727836017593,5.0,3.361727836017593,False,1.3617278360175928,MPN/mL; RIF concentration not recorded in deposit,13,IR13,2300.0,1.6,0.12,IR,15.0,0M,High,Medium
vijay2024_elife93243,M. tuberculosis,culture_age_15d,15.0,rifampicin,,,,vijay_014_age15d,5.361727836017593,0.0,5.361727836017593,False,1.3617278360175928,MPN/mL; RIF concentration not recorded in deposit,14,IR14,230000.0,1.6,0.06,IR,22.0,0M,Medium,Medium
vijay2024_elife93243,M. tuberculosis,culture_age_15d,15.0,rifampicin,,,,vijay_014_age15d,5.361727836017593,2.0,3.361727836017593,False,1.3617278360175928,MPN/mL; RIF concentration not recorded in deposit,14,IR14,2300.0,1.6,0.06,IR,22.0,0M,Medium,Medium
vijay2024_elife93243,M. tuberculosis,culture_age_15d,15.0,rifampicin,,,,vijay_014_age15d,5.361727836017593,5.0,3.361727836017593,False,1.3617278360175928,MPN/mL; RIF concentration not recorded in deposit,14,IR14,2300.0,1.6,0.06,IR,22.0,0M,Medium,Medium
vijay2024_elife93243,M. tuberculosis,culture_age_15d,15.0,rifampicin,,,,vijay_015_age15d,4.361727836017593,0.0,4.361727836017593,False,1.3617278360175928,MPN/mL; RIF concentration not recorded in deposit,15,IR15,23000.0,1.6,0.06,IR,24.0,0M,Medium,Medium
vijay2024_elife93243,M. tuberculosis,culture_age_15d,15.0,rifampicin,,,,vijay_015_age15d,4.361727836017593,2.0,3.361727836017593,False,1.3617278360175928,MPN/mL; RIF concentration not recorded in deposit,15,IR15,2300.0,1.6,0.06,IR,24.0,0M,Medium,Medium
vijay2024_elife93243,M. tuberculosis,culture_age_15d,15.0,rifampicin,,,,vijay_015_age15d,4.361727836017593,5.0,2.361727836017593,False,1.3617278360175928,MPN/mL; RIF concentration not recorded in deposit,15,IR15,230.0,1.6,0.06,IR,24.0,0M,Medium,Medium
vijay2024_elife93243,M. tuberculosis,culture_age_15d,15.0,rifampicin,,,,vijay_016_age15d,5.361727836017593,0.0,5.361727836017593,False,1.3617278360175928,MPN/mL; RIF concentration not recorded in deposit,16,IR16,230000.0,3.2,0.06,IR,19.0,0M,High,High
vijay2024_elife93243,M. tuberculosis,culture_age_15d,15.0,rifampicin,,,,vijay_016_age15d,5.361727836017593,2.0,3.785329835010767,False,1.3617278360175928,MPN/mL; RIF concentration not recorded in deposit,16,IR16,6100.0,3.2,0.06,IR,19.0,0M,High,High
vijay2024_elife93243,M. tuberculosis,culture_age_15d,15.0,rifampicin,,,,vijay_016_age15d,5.361727836017593,5.0,4.361727836017593,False,1.3617278360175928,MPN/mL; RIF concentration not recorded in deposit,16,IR16,23000.0,3.2,0.06,IR,19.0,0M,High,High
vijay2024_elife93243,M. tuberculosis,culture_age_15d,15.0,rifampicin,,,,vijay_017_age15d,5.361727836017593,0.0,5.361727836017593,False,1.3617278360175928,MPN/mL; RIF concentration not recorded in deposit,17,IR17,230000.0,6.4,0.06,IR,19.0,0M,Medium,Medium
vijay2024_elife93243,M. tuberculosis,culture_age_15d,15.0,rifampicin,,,,vijay_017_age15d,5.361727836017593,2.0,2.361727836017593,False,1.3617278360175928,MPN/mL; RIF concentration not recorded in deposit,17,IR17,230.0,6.4,0.06,IR,19.0,0M,Medium,Medium
vijay2024_elife93243,M. tuberculosis,culture_age_15d,15.0,rifampicin,,,,vijay_017_age15d,5.361727836017593,5.0,2.361727836017593,False,1.3617278360175928,MPN/mL; RIF concentration not recorded in deposit,17,IR17,230.0,6.4,0.06,IR,19.0,0M,Medium,Medium
vijay2024_elife93243,M. tuberculosis,culture_age_15d,15.0,rifampicin,,,,vijay_018_age15d,5.361727836017593,0.0,5.361727836017593,False,1.3617278360175928,MPN/mL; RIF concentration not recorded in deposit,18,IR18,230000.0,3.2,0.12,IR,19.0,0M,High,Medium
vijay2024_elife93243,M. tuberculosis,culture_age_15d,15.0,rifampicin,,,,vijay_018_age15d,5.361727836017593,2.0,3.361727836017593,False,1.3617278360175928,MPN/mL; RIF concentration not recorded in deposit,18,IR18,2300.0,3.2,0.12,IR,19.0,0M,High,Medium
vijay2024_elife93243,M. tuberculosis,culture_age_15d,15.0,rifampicin,,,,vijay_018_age15d,5.361727836017593,5.0,4.361727836017593,False,1.3617278360175928,MPN/mL; RIF concentration not recorded in deposit,18,IR18,23000.0,3.2,0.12,IR,19.0,0M,High,Medium
vijay2024_elife93243,M. tuberculosis,culture_age_15d,15.0,rifampicin,,,,vijay_019_age15d,5.361727836017593,0.0,5.361727836017593,False,1.3617278360175928,MPN/mL; RIF concentration not recorded in deposit,19,IR19,230000.0,6.4,0.25,IR,19.0,0M,Medium,High
vijay2024_elife93243,M. tuberculosis,culture_age_15d,15.0,rifampicin,,,,vijay_019_age15d,5.361727836017593,2.0,3.361727836017593,False,1.3617278360175928,MPN/mL; RIF concentration not recorded in deposit,19,IR19,2300.0,6.4,0.25,IR,19.0,0M,Medium,High
vijay2024_elife93243,M. tuberculosis,culture_age_15d,15.0,rifampicin,,,,vijay_019_age15d,5.361727836017593,5.0,3.361727836017593,False,1.3617278360175928,MPN/mL; RIF concentration not recorded in deposit,19,IR19,2300.0,6.4,0.25,IR,19.0,0M,Medium,High
vijay2024_elife93243,M. tuberculosis,culture_age_15d,15.0,rifampicin,,,,vijay_020_age15d,5.785329835010767,0.0,5.785329835010767,False,1.3617278360175928,MPN/mL; RIF concentration not recorded in deposit,20,IR20,610000.0,0.4,0.06,IR,19.0,0M,Medium,Medium
vijay2024_elife93243,M. tuberculosis,culture_age_15d,15.0,rifampicin,,,,vijay_020_age15d,5.785329835010767,2.0,3.361727836017593,False,1.3617278360175928,MPN/mL; RIF concentration not recorded in deposit,20,IR20,2300.0,0.4,0.06,IR,19.0,0M,Medium,Medium
vijay2024_elife93243,M. tuberculosis,culture_age_15d,15.0,rifampicin,,,,vijay_020_age15d,5.785329835010767,5.0,3.361727836017593,False,1.3617278360175928,MPN/mL; RIF concentration not recorded in deposit,20,IR20,2300.0,0.4,0.06,IR,19.0,0M,Medium,Medium
vijay2024_elife93243,M. tuberculosis,culture_age_15d,15.0,rifampicin,,,,vijay_021_age15d,7.361727836017593,0.0,7.361727836017593,False,1.3617278360175928,MPN/mL; RIF concentration not recorded in deposit,21,IR21,23000000.0,0.4,0.12,IR,15.0,0M,Medium,Medium
vijay2024_elife93243,M. tuberculosis,culture_age_15d,15.0,rifampicin,,,,vijay_021_age15d,7.361727836017593,2.0,5.785329835010767,False,1.3617278360175928,MPN/mL; RIF concentration not recorded in deposit,21,IR21,610000.0,0.4,0.12,IR,15.0,0M,Medium,Medium
vijay2024_elife93243,M. tuberculosis,culture_age_15d,15.0,rifampicin,,,,vijay_021_age15d,7.361727836017593,5.0,4.361727836017593,False,1.3617278360175928,MPN/mL; RIF concentration not recorded in deposit,21,IR21,23000.0,0.4,0.12,IR,15.0,0M,Medium,Medium
vijay2024_elife93243,M. tuberculosis,culture_age_15d,15.0,rifampicin,,,,vijay_022_age15d,5.361727836017593,0.0,5.361727836017593,False,1.3617278360175928,MPN/mL; RIF concentration not recorded in deposit,22,IR22,230000.0,,,IR,14.0,0M,Medium,
vijay2024_elife93243,M. tuberculosis,culture_age_15d,15.0,rifampicin,,,,vijay_022_age15d,5.361727836017593,2.0,4.361727836017593,False,1.3617278360175928,MPN/mL; RIF concentration not recorded in deposit,22,IR22,23000.0,,,IR,14.0,0M,Medium,
vijay2024_elife93243,M. tuberculosis,culture_age_15d,15.0,rifampicin,,,,vijay_022_age15d,5.361727836017593,5.0,3.361727836017593,False,1.3617278360175928,MPN/mL; RIF concentration not recorded in deposit,22,IR22,2300.0,,,IR,14.0,0M,Medium,
vijay2024_elife93243,M. tuberculosis,culture_age_15d,15.0,rifampicin,,,,vijay_023_age15d,4.361727836017593,0.0,4.361727836017593,False,1.3617278360175928,MPN/mL; RIF concentration not recorded in deposit,23,IR23,23000.0,3.2,0.06,IR,12.0,0M,Medium,Medium
vijay2024_elife93243,M. tuberculosis,culture_age_15d,15.0,rifampicin,,,,vijay_023_age15d,4.361727836017593,2.0,3.361727836017593,False,1.3617278360175928,MPN/mL; RIF concentration not recorded in deposit,23,IR23,2300.0,3.2,0.06,IR,12.0,0M,Medium,Medium
vijay2024_elife93243,M. tuberculosis,culture_age_15d,15.0,rifampicin,,,,vijay_023_age15d,4.361727836017593,5.0,2.361727836017593,False,1.3617278360175928,MPN/mL; RIF concentration not recorded in deposit,23,IR23,230.0,3.2,0.06,IR,12.0,0M,Medium,Medium
vijay2024_elife93243,M. tuberculosis,culture_age_15d,15.0,rifampicin,,,,vijay_024_age15d,5.361727836017593,0.0,5.361727836017593,False,1.3617278360175928,MPN/mL; RIF concentration not recorded in deposit,24,IR24,230000.0,3.2,0.06,IR,15.0,0M,Medium,Low
vijay2024_elife93243,M. tuberculosis,culture_age_15d,15.0,rifampicin,,,,vijay_024_age15d,5.361727836017593,2.0,3.361727836017593,False,1.3617278360175928,MPN/mL; RIF concentration not recorded in deposit,24,IR24,2300.0,3.2,0.06,IR,15.0,0M,Medium,Low
vijay2024_elife93243,M. tuberculosis,culture_age_15d,15.0,rifampicin,,,,vijay_024_age15d,5.361727836017593,5.0,2.361727836017593,False,1.3617278360175928,MPN/mL; RIF concentration not recorded in deposit,24,IR24,230.0,3.2,0.06,IR,15.0,0M,Medium,Low
vijay2024_elife93243,M. tuberculosis,culture_age_15d,15.0,rifampicin,,,,vijay_025_age15d,5.785329835010767,0.0,5.785329835010767,False,1.3617278360175928,MPN/mL; RIF concentration not recorded in deposit,25,IR25,610000.0,3.2,0.06,IR,19.0,0M,Medium,Medium
vijay2024_elife93243,M. tuberculosis,culture_age_15d,15.0,rifampicin,,,,vijay_025_age15d,5.785329835010767,2.0,4.785329835010767,False,1.3617278360175928,MPN/mL; RIF concentration not recorded in deposit,25,IR25,61000.0,3.2,0.06,IR,19.0,0M,Medium,Medium
vijay2024_elife93243,M. tuberculosis,culture_age_15d,15.0,rifampicin,,,,vijay_025_age15d,5.785329835010767,5.0,3.785329835010767,False,1.3617278360175928,MPN/mL; RIF concentration not recorded in deposit,25,IR25,6100.0,3.2,0.06,IR,19.0,0M,Medium,Medium
vijay2024_elife93243,M. tuberculosis,culture_age_15d,15.0,rifampicin,,,,vijay_026_age15d,5.361727836017593,0.0,5.361727836017593,False,1.3617278360175928,MPN/mL; RIF concentration not recorded in deposit,26,IR26,230000.0,3.2,0.12,IR,15.0,0M,Medium,High
vijay2024_elife93243,M. tuberculosis,culture_age_15d,15.0,rifampicin,,,,vijay_026_age15d,5.361727836017593,2.0,3.361727836017593,False,1.3617278360175928,MPN/mL; RIF concentration not recorded in deposit,26,IR26,2300.0,3.2,0.12,IR,15.0,0M,Medium,High
vijay2024_elife93243,M. tuberculosis,culture_age_15d,15.0,rifampicin,,,,vijay_026_age15d,5.361727836017593,5.0,2.361727836017593,False,1.3617278360175928,MPN/mL; RIF concentration not recorded in deposit,26,IR26,230.0,3.2,0.12,IR,15.0,0M,Medium,High
vijay2024_elife93243,M. tuberculosis,culture_age_15d,15.0,rifampicin,,,,vijay_027_age15d,5.361727836017593,0.0,5.361727836017593,False,1.3617278360175928,MPN/mL; RIF concentration not recorded in deposit,27,IR27,230000.0,3.2,0.06,IR,15.0,0M,Medium,Medium
vijay2024_elife93243,M. tuberculosis,culture_age_15d,15.0,rifampicin,,,,vijay_027_age15d,5.361727836017593,2.0,4.361727836017593,False,1.3617278360175928,MPN/mL; RIF concentration not recorded in deposit,27,IR27,23000.0,3.2,0.06,IR,15.0,0M,Medium,Medium
vijay2024_elife93243,M. tuberculosis,culture_age_15d,15.0,rifampicin,,,,vijay_027_age15d,5.361727836017593,5.0,2.361727836017593,False,1.3617278360175928,MPN/mL; RIF concentration not recorded in deposit,27,IR27,230.0,3.2,0.06,IR,15.0,0M,Medium,Medium
vijay2024_elife93243,M. tuberculosis,culture_age_15d,15.0,rifampicin,,,,vijay_028_age15d,5.361727836017593,0.0,5.361727836017593,False,1.3617278360175928,MPN/mL; RIF concentration not recorded in deposit,28,IR28,230000.0,1.6,0.06,IR,15.0,0M,Medium,Medium
vijay2024_elife93243,M. tuberculosis,culture_age_15d,15.0,rifampicin,,,,vijay_028_age15d,5.361727836017593,2.0,4.361727836017593,False,1.3617278360175928,MPN/mL; RIF concentration not recorded in deposit,28,IR28,23000.0,1.6,0.06,IR,15.0,0M,Medium,Medium
vijay2024_elife93243,M. tuberculosis,culture_age_15d,15.0,rifampicin,,,,vijay_028_age15d,5.361727836017593,5.0,2.361727836017593,False,1.3617278360175928,MPN/mL; RIF concentration not recorded in deposit,28,IR28,230.0,1.6,0.06,IR,15.0,0M,Medium,Medium
vijay2024_elife93243,M. tuberculosis,culture_age_15d,15.0,rifampicin,,,,vijay_029_age15d,5.361727836017593,0.0,5.361727836017593,False,1.3617278360175928,MPN/mL; RIF concentration not recorded in deposit,29,IR29,230000.0,1.6,0.03,IR,12.0,0M,Medium,Medium
vijay2024_elife93243,M. tuberculosis,culture_age_15d,15.0,rifampicin,,,,vijay_029_age15d,5.361727836017593,2.0,3.361727836017593,False,1.3617278360175928,MPN/mL; RIF concentration not recorded in deposit,29,IR29,2300.0,1.6,0.03,IR,12.0,0M,Medium,Medium
vijay2024_elife93243,M. tuberculosis,culture_age_15d,15.0,rifampicin,,,,vijay_029_age15d,5.361727836017593,5.0,2.361727836017593,False,1.3617278360175928,MPN/mL; RIF concentration not recorded in deposit,29,IR29,230.0,1.6,0.03,IR,12.0,0M,Medium,Medium
vijay2024_elife93243,M. tuberculosis,culture_age_15d,15.0,rifampicin,,,,vijay_030_age15d,5.785329835010767,0.0,5.785329835010767,False,1.3617278360175928,MPN/mL; RIF concentration not recorded in deposit,30,IR30,610000.0,3.2,0.06,IR,15.0,0M,Medium,Medium
vijay2024_elife93243,M. tuberculosis,culture_age_15d,15.0,rifampicin,,,,vijay_030_age15d,5.785329835010767,2.0,4.785329835010767,False,1.3617278360175928,MPN/mL; RIF concentration not recorded in deposit,30,IR30,61000.0,3.2,0.06,IR,15.0,0M,Medium,Medium
vijay2024_elife93243,M. tuberculosis,culture_age_15d,15.0,rifampicin,,,,vijay_030_age15d,5.785329835010767,5.0,3.361727836017593,False,1.3617278360175928,MPN/mL; RIF concentration not recorded in deposit,30,IR30,2300.0,3.2,0.06,IR,15.0,0M,Medium,Medium
vijay2024_elife93243,M. tuberculosis,culture_age_15d,15.0,rifampicin,,,,vijay_031_age15d,5.361727836017593,0.0,5.361727836017593,False,1.3617278360175928,MPN/mL; RIF concentration not recorded in deposit,31,IR31,230000.0,1.6,0.03,IR,15.0,0M,Medium,Medium
vijay2024_elife93243,M. tuberculosis,culture_age_15d,15.0,rifampicin,,,,vijay_031_age15d,5.361727836017593,2.0,4.361727836017593,False,1.3617278360175928,MPN/mL; RIF concentration not recorded in deposit,31,IR31,23000.0,1.6,0.03,IR,15.0,0M,Medium,Medium
vijay2024_elife93243,M. tuberculosis,culture_age_15d,15.0,rifampicin,,,,vijay_031_age15d,5.361727836017593,5.0,3.361727836017593,False,1.3617278360175928,MPN/mL; RIF concentration not recorded in deposit,31,IR31,2300.0,1.6,0.03,IR,15.0,0M,Medium,Medium
vijay2024_elife93243,M. tuberculosis,culture_age_15d,15.0,rifampicin,,,,vijay_032_age15d,4.361727836017593,0.0,4.361727836017593,False,1.3617278360175928,MPN/mL; RIF concentration not recorded in deposit,32,IR32,23000.0,3.2,0.06,IR,15.0,0M,Medium,Medium
vijay2024_elife93243,M. tuberculosis,culture_age_15d,15.0,rifampicin,,,,vijay_032_age15d,4.361727836017593,2.0,3.361727836017593,False,1.3617278360175928,MPN/mL; RIF concentration not recorded in deposit,32,IR32,2300.0,3.2,0.06,IR,15.0,0M,Medium,Medium
vijay2024_elife93243,M. tuberculosis,culture_age_15d,15.0,rifampicin,,,,vijay_032_age15d,4.361727836017593,5.0,2.361727836017593,False,1.3617278360175928,MPN/mL; RIF concentration not recorded in deposit,32,IR32,230.0,3.2,0.06,IR,15.0,0M,Medium,Medium
vijay2024_elife93243,M. tuberculosis,culture_age_15d,15.0,rifampicin,,,,vijay_033_age15d,4.361727836017593,0.0,4.361727836017593,False,1.3617278360175928,MPN/mL; RIF concentration not recorded in deposit,33,IR33,23000.0,3.2,0.06,IR,15.0,0M,Medium,Low
vijay2024_elife93243,M. tuberculosis,culture_age_15d,15.0,rifampicin,,,,vijay_033_age15d,4.361727836017593,2.0,2.361727836017593,False,1.3617278360175928,MPN/mL; RIF concentration not recorded in deposit,33,IR33,230.0,3.2,0.06,IR,15.0,0M,Medium,Low
vijay2024_elife93243,M. tuberculosis,culture_age_15d,15.0,rifampicin,,,,vijay_033_age15d,4.361727836017593,5.0,2.361727836017593,False,1.3617278360175928,MPN/mL; RIF concentration not recorded in deposit,33,IR33,230.0,3.2,0.06,IR,15.0,0M,Medium,Low
vijay2024_elife93243,M. tuberculosis,culture_age_15d,15.0,rifampicin,,,,vijay_034_age15d,5.361727836017593,0.0,5.361727836017593,False,1.3617278360175928,MPN/mL; RIF concentration not recorded in deposit,34,IR34,230000.0,3.2,0.12,IR,15.0,0M,Medium,Low
vijay2024_elife93243,M. tuberculosis,culture_age_15d,15.0,rifampicin,,,,vijay_034_age15d,5.361727836017593,2.0,2.361727836017593,False,1.3617278360175928,MPN/mL; RIF concentration not recorded in deposit,34,IR34,230.0,3.2,0.12,IR,15.0,0M,Medium,Low
vijay2024_elife93243,M. tuberculosis,culture_age_15d,15.0,rifampicin,,,,vijay_034_age15d,5.361727836017593,5.0,2.361727836017593,False,1.3617278360175928,MPN/mL; RIF concentration not recorded in deposit,34,IR34,230.0,3.2,0.12,IR,15.0,0M,Medium,Low
vijay2024_elife93243,M. tuberculosis,culture_age_15d,15.0,rifampicin,,,,vijay_035_age15d,5.361727836017593,0.0,5.361727836017593,False,1.3617278360175928,MPN/mL; RIF concentration not recorded in deposit,35,IR35,230000.0,1.6,0.06,IR,14.0,0M,Medium,
vijay2024_elife93243,M. tuberculosis,culture_age_15d,15.0,rifampicin,,,,vijay_035_age15d,5.361727836017593,2.0,4.361727836017593,False,1.3617278360175928,MPN/mL; RIF concentration not recorded in deposit,35,IR35,23000.0,1.6,0.06,IR,14.0,0M,Medium,
vijay2024_elife93243,M. tuberculosis,culture_age_15d,15.0,rifampicin,,,,vijay_035_age15d,5.361727836017593,5.0,3.361727836017593,False,1.3617278360175928,MPN/mL; RIF concentration not recorded in deposit,35,IR35,2300.0,1.6,0.06,IR,14.0,0M,Medium,
vijay2024_elife93243,M. tuberculosis,culture_age_15d,15.0,rifampicin,,,,vijay_036_age15d,5.361727836017593,0.0,5.361727836017593,False,1.3617278360175928,MPN/mL; RIF concentration not recorded in deposit,36,IR36,230000.0,3.2,0.06,IR,15.0,0M,Medium,Medium
vijay2024_elife93243,M. tuberculosis,culture_age_15d,15.0,rifampicin,,,,vijay_036_age15d,5.361727836017593,2.0,4.361727836017593,False,1.3617278360175928,MPN/mL; RIF concentration not recorded in deposit,36,IR36,23000.0,3.2,0.06,IR,15.0,0M,Medium,Medium
vijay2024_elife93243,M. tuberculosis,culture_age_15d,15.0,rifampicin,,,,vijay_036_age15d,5.361727836017593,5.0,2.361727836017593,False,1.3617278360175928,MPN/mL; RIF concentration not recorded in deposit,36,IR36,230.0,3.2,0.06,IR,15.0,0M,Medium,Medium
vijay2024_elife93243,M. tuberculosis,culture_age_15d,15.0,rifampicin,,,,vijay_037_age15d,4.361727836017593,0.0,4.361727836017593,False,1.3617278360175928,MPN/mL; RIF concentration not recorded in deposit,37,IR37,23000.0,3.2,0.03,IR,15.0,0M,Medium,Low
vijay2024_elife93243,M. tuberculosis,culture_age_15d,15.0,rifampicin,,,,vijay_037_age15d,4.361727836017593,2.0,3.361727836017593,False,1.3617278360175928,MPN/mL; RIF concentration not recorded in deposit,37,IR37,2300.0,3.2,0.03,IR,15.0,0M,Medium,Low
vijay2024_elife93243,M. tuberculosis,culture_age_15d,15.0,rifampicin,,,,vijay_037_age15d,4.361727836017593,5.0,2.361727836017593,False,1.3617278360175928,MPN/mL; RIF concentration not recorded in deposit,37,IR37,230.0,3.2,0.03,IR,15.0,0M,Medium,Low
vijay2024_elife93243,M. tuberculosis,culture_age_15d,15.0,rifampicin,,,,vijay_038_age15d,5.361727836017593,0.0,5.361727836017593,False,1.3617278360175928,MPN/mL; RIF concentration not recorded in deposit,38,IR38,230000.0,3.2,0.25,IR,34.0,0M,Medium,Low
vijay2024_elife93243,M. tuberculosis,culture_age_15d,15.0,rifampicin,,,,vijay_038_age15d,5.361727836017593,2.0,3.361727836017593,False,1.3617278360175928,MPN/mL; RIF concentration not recorded in deposit,38,IR38,2300.0,3.2,0.25,IR,34.0,0M,Medium,Low
vijay2024_elife93243,M. tuberculosis,culture_age_15d,15.0,rifampicin,,,,vijay_038_age15d,5.361727836017593,5.0,2.361727836017593,False,1.3617278360175928,MPN/mL; RIF concentration not recorded in deposit,38,IR38,230.0,3.2,0.25,IR,34.0,0M,Medium,Low
vijay2024_elife93243,M. tuberculosis,culture_age_15d,15.0,rifampicin,,,,vijay_039_age15d,5.361727836017593,0.0,5.361727836017593,False,1.3617278360175928,MPN/mL; RIF concentration not recorded in deposit,39,IR39,230000.0,6.4,0.12,IR,15.0,0M,Medium,Medium
vijay2024_elife93243,M. tuberculosis,culture_age_15d,15.0,rifampicin,,,,vijay_039_age15d,5.361727836017593,2.0,3.361727836017593,False,1.3617278360175928,MPN/mL; RIF concentration not recorded in deposit,39,IR39,2300.0,6.4,0.12,IR,15.0,0M,Medium,Medium
vijay2024_elife93243,M. tuberculosis,culture_age_15d,15.0,rifampicin,,,,vijay_039_age15d,5.361727836017593,5.0,2.361727836017593,False,1.3617278360175928,MPN/mL; RIF concentration not recorded in deposit,39,IR39,230.0,6.4,0.12,IR,15.0,0M,Medium,Medium
vijay2024_elife93243,M. tuberculosis,culture_age_15d,15.0,rifampicin,,,,vijay_040_age15d,6.785329835010767,0.0,6.785329835010767,False,1.3617278360175928,MPN/mL; RIF concentration not recorded in deposit,40,IR40,6100000.0,12.8,0.25,IR,19.0,5M,Medium,High
vijay2024_elife93243,M. tuberculosis,culture_age_15d,15.0,rifampicin,,,,vijay_040_age15d,6.785329835010767,2.0,4.785329835010767,False,1.3617278360175928,MPN/mL; RIF concentration not recorded in deposit,40,IR40,61000.0,12.8,0.25,IR,19.0,5M,Medium,High
vijay2024_elife93243,M. tuberculosis,culture_age_15d,15.0,rifampicin,,,,vijay_040_age15d,6.785329835010767,5.0,4.361727836017593,False,1.3617278360175928,MPN/mL; RIF concentration not recorded in deposit,40,IR40,23000.0,12.8,0.25,IR,19.0,5M,Medium,High
vijay2024_elife93243,M. tuberculosis,culture_age_15d,15.0,rifampicin,,,,vijay_041_age15d,6.361727836017593,0.0,6.361727836017593,False,1.3617278360175928,MPN/mL; RIF concentration not recorded in deposit,41,IR41,2300000.0,6.4,0.12,IR,19.0,8M,Medium,Medium
vijay2024_elife93243,M. tuberculosis,culture_age_15d,15.0,rifampicin,,,,vijay_041_age15d,6.361727836017593,2.0,4.361727836017593,False,1.3617278360175928,MPN/mL; RIF concentration not recorded in deposit,41,IR41,23000.0,6.4,0.12,IR,19.0,8M,Medium,Medium
vijay2024_elife93243,M. tuberculosis,culture_age_15d,15.0,rifampicin,,,,vijay_041_age15d,6.361727836017593,5.0,4.361727836017593,False,1.3617278360175928,MPN/mL; RIF concentration not recorded in deposit,41,IR41,23000.0,6.4,0.12,IR,19.0,8M,Medium,Medium
vijay2024_elife93243,M. tuberculosis,culture_age_15d,15.0,rifampicin,,,,vijay_042_age15d,6.785329835010767,0.0,6.785329835010767,False,1.3617278360175928,MPN/mL; RIF concentration not recorded in deposit,42,IR42,6100000.0,,,IR,,0M,Medium,Medium
vijay2024_elife93243,M. tuberculosis,culture_age_15d,15.0,rifampicin,,,,vijay_042_age15d,6.785329835010767,2.0,5.361727836017593,False,1.3617278360175928,MPN/mL; RIF concentration not recorded in deposit,42,IR42,230000.0,,,IR,,0M,Medium,Medium
vijay2024_elife93243,M. tuberculosis,culture_age_15d,15.0,rifampicin,,,,vijay_042_age15d,6.785329835010767,5.0,3.785329835010767,False,1.3617278360175928,MPN/mL; RIF concentration not recorded in deposit,42,IR42,6100.0,,,IR,,0M,Medium,Medium
vijay2024_elife93243,M. tuberculosis,culture_age_15d,15.0,rifampicin,,,,vijay_043_age15d,4.361727836017593,0.0,4.361727836017593,False,1.3617278360175928,MPN/mL; RIF concentration not recorded in deposit,43,IR43,23000.0,3.2,0.06,IR,22.0,18M,Medium,Low
vijay2024_elife93243,M. tuberculosis,culture_age_15d,15.0,rifampicin,,,,vijay_043_age15d,4.361727836017593,2.0,2.361727836017593,False,1.3617278360175928,MPN/mL; RIF concentration not recorded in deposit,43,IR43,230.0,3.2,0.06,IR,22.0,18M,Medium,Low
vijay2024_elife93243,M. tuberculosis,culture_age_15d,15.0,rifampicin,,,,vijay_043_age15d,4.361727836017593,5.0,,True,1.3617278360175928,MPN/mL; RIF concentration not recorded in deposit; at assay floor 23 MPN/mL,43,IR43,23.0,3.2,0.06,IR,22.0,18M,Medium,Low
vijay2024_elife93243,M. tuberculosis,culture_age_15d,15.0,rifampicin,,,,vijay_044_age15d,5.361727836017593,0.0,5.361727836017593,False,1.3617278360175928,MPN/mL; RIF concentration not recorded in deposit,44,IR44,230000.0,3.2,0.25,IR,19.0,1M,High,Medium
vijay2024_elife93243,M. tuberculosis,culture_age_15d,15.0,rifampicin,,,,vijay_044_age15d,5.361727836017593,2.0,4.361727836017593,False,1.3617278360175928,MPN/mL; RIF concentration not recorded in deposit,44,IR44,23000.0,3.2,0.25,IR,19.0,1M,High,Medium
vijay2024_elife93243,M. tuberculosis,culture_age_15d,15.0,rifampicin,,,,vijay_044_age15d,5.361727836017593,5.0,4.361727836017593,False,1.3617278360175928,MPN/mL; RIF concentration not recorded in deposit,44,IR44,23000.0,3.2,0.25,IR,19.0,1M,High,Medium
vijay2024_elife93243,M. tuberculosis,culture_age_15d,15.0,rifampicin,,,,vijay_045_age15d,5.361727836017593,0.0,5.361727836017593,False,1.3617278360175928,MPN/mL; RIF concentration not recorded in deposit,45,IR45,230000.0,3.2,0.12,IR,28.0,8M,Medium,Low
vijay2024_elife93243,M. tuberculosis,culture_age_15d,15.0,rifampicin,,,,vijay_045_age15d,5.361727836017593,2.0,2.361727836017593,False,1.3617278360175928,MPN/mL; RIF concentration not recorded in deposit,45,IR45,230.0,3.2,0.12,IR,28.0,8M,Medium,Low
vijay2024_elife93243,M. tuberculosis,culture_age_15d,15.0,rifampicin,,,,vijay_045_age15d,5.361727836017593,5.0,2.361727836017593,False,1.3617278360175928,MPN/mL; RIF concentration not recorded in deposit,45,IR45,230.0,3.2,0.12,IR,28.0,8M,Medium,Low
vijay2024_elife93243,M. tuberculosis,culture_age_15d,15.0,rifampicin,,,,vijay_046_age15d,4.361727836017593,0.0,4.361727836017593,False,1.3617278360175928,MPN/mL; RIF concentration not recorded in deposit,46,IR46,23000.0,3.2,0.25,IR,19.0,8M,High,High
vijay2024_elife93243,M. tuberculosis,culture_age_15d,15.0,rifampicin,,,,vijay_046_age15d,4.361727836017593,2.0,4.361727836017593,False,1.3617278360175928,MPN/mL; RIF concentration not recorded in deposit,46,IR46,23000.0,3.2,0.25,IR,19.0,8M,High,High
vijay2024_elife93243,M. tuberculosis,culture_age_15d,15.0,rifampicin,,,,vijay_046_age15d,4.361727836017593,5.0,5.361727836017593,False,1.3617278360175928,MPN/mL; RIF concentration not recorded in deposit,46,IR46,230000.0,3.2,0.25,IR,19.0,8M,High,High
vijay2024_elife93243,M. tuberculosis,culture_age_15d,15.0,rifampicin,,,,vijay_047_age15d,5.785329835010767,0.0,5.785329835010767,False,1.3617278360175928,MPN/mL; RIF concentration not recorded in deposit,47,IR47,610000.0,3.2,0.12,IR,15.0,12M,Low,Low
vijay2024_elife93243,M. tuberculosis,culture_age_15d,15.0,rifampicin,,,,vijay_047_age15d,5.785329835010767,2.0,3.361727836017593,False,1.3617278360175928,MPN/mL; RIF concentration not recorded in deposit,47,IR47,2300.0,3.2,0.12,IR,15.0,12M,Low,Low
vijay2024_elife93243,M. tuberculosis,culture_age_15d,15.0,rifampicin,,,,vijay_047_age15d,5.785329835010767,5.0,2.361727836017593,False,1.3617278360175928,MPN/mL; RIF concentration not recorded in deposit,47,IR47,230.0,3.2,0.12,IR,15.0,12M,Low,Low
vijay2024_elife93243,M. tuberculosis,culture_age_15d,15.0,rifampicin,,,,vijay_048_age15d,5.361727836017593,0.0,5.361727836017593,False,1.3617278360175928,MPN/mL; RIF concentration not recorded in deposit,48,IR48,230000.0,1.6,0.06,IR,22.0,1M,Medium,Medium
vijay2024_elife93243,M. tuberculosis,culture_age_15d,15.0,rifampicin,,,,vijay_048_age15d,5.361727836017593,2.0,4.361727836017593,False,1.3617278360175928,MPN/mL; RIF concentration not recorded in deposit,48,IR48,23000.0,1.6,0.06,IR,22.0,1M,Medium,Medium
vijay2024_elife93243,M. tuberculosis,culture_age_15d,15.0,rifampicin,,,,vijay_048_age15d,5.361727836017593,5.0,3.361727836017593,False,1.3617278360175928,MPN/mL; RIF concentration not recorded in deposit,48,IR48,2300.0,1.6,0.06,IR,22.0,1M,Medium,Medium
vijay2024_elife93243,M. tuberculosis,culture_age_15d,15.0,rifampicin,,,,vijay_049_age15d,4.361727836017593,0.0,4.361727836017593,False,1.3617278360175928,MPN/mL; RIF concentration not recorded in deposit,49,IR49,23000.0,6.4,0.25,IR,22.0,8M,Medium,Low
vijay2024_elife93243,M. tuberculosis,culture_age_15d,15.0,rifampicin,,,,vijay_049_age15d,4.361727836017593,2.0,2.361727836017593,False,1.3617278360175928,MPN/mL; RIF concentration not recorded in deposit,49,IR49,230.0,6.4,0.25,IR,22.0,8M,Medium,Low
vijay2024_elife93243,M. tuberculosis,culture_age_15d,15.0,rifampicin,,,,vijay_049_age15d,4.361727836017593,5.0,,True,1.3617278360175928,MPN/mL; RIF concentration not recorded in deposit; at assay floor 23 MPN/mL,49,IR49,23.0,6.4,0.25,IR,22.0,8M,Medium,Low
vijay2024_elife93243,M. tuberculosis,culture_age_15d,15.0,rifampicin,,,,vijay_050_age15d,4.361727836017593,0.0,4.361727836017593,False,1.3617278360175928,MPN/mL; RIF concentration not recorded in deposit,50,IR50,23000.0,6.4,0.12,IR,19.0,18M,Medium,Low
vijay2024_elife93243,M. tuberculosis,culture_age_15d,15.0,rifampicin,,,,vijay_050_age15d,4.361727836017593,2.0,3.361727836017593,False,1.3617278360175928,MPN/mL; RIF concentration not recorded in deposit,50,IR50,2300.0,6.4,0.12,IR,19.0,18M,Medium,Low
vijay2024_elife93243,M. tuberculosis,culture_age_15d,15.0,rifampicin,,,,vijay_050_age15d,4.361727836017593,5.0,,True,1.3617278360175928,MPN/mL; RIF concentration not recorded in deposit; at assay floor 23 MPN/mL,50,IR50,23.0,6.4,0.12,IR,19.0,18M,Medium,Low
vijay2024_elife93243,M. tuberculosis,culture_age_15d,15.0,rifampicin,,,,vijay_051_age15d,5.785329835010767,0.0,5.785329835010767,False,1.3617278360175928,MPN/mL; RIF concentration not recorded in deposit,51,IR51,610000.0,6.4,0.5,IR,15.0,1M,Low,Medium
vijay2024_elife93243,M. tuberculosis,culture_age_15d,15.0,rifampicin,,,,vijay_051_age15d,5.785329835010767,2.0,4.785329835010767,False,1.3617278360175928,MPN/mL; RIF concentration not recorded in deposit,51,IR51,61000.0,6.4,0.5,IR,15.0,1M,Low,Medium
vijay2024_elife93243,M. tuberculosis,culture_age_15d,15.0,rifampicin,,,,vijay_051_age15d,5.785329835010767,5.0,2.361727836017593,False,1.3617278360175928,MPN/mL; RIF concentration not recorded in deposit,51,IR51,230.0,6.4,0.5,IR,15.0,1M,Low,Medium
vijay2024_elife93243,M. tuberculosis,culture_age_15d,15.0,rifampicin,,,,vijay_052_age15d,5.361727836017593,0.0,5.361727836017593,False,1.3617278360175928,MPN/mL; RIF concentration not recorded in deposit,52,IR52,230000.0,3.2,0.06,IR,15.0,2M,Medium,Medium
vijay2024_elife93243,M. tuberculosis,culture_age_15d,15.0,rifampicin,,,,vijay_052_age15d,5.361727836017593,2.0,4.361727836017593,False,1.3617278360175928,MPN/mL; RIF concentration not recorded in deposit,52,IR52,23000.0,3.2,0.06,IR,15.0,2M,Medium,Medium
vijay2024_elife93243,M. tuberculosis,culture_age_15d,15.0,rifampicin,,,,vijay_052_age15d,5.361727836017593,5.0,3.361727836017593,False,1.3617278360175928,MPN/mL; RIF concentration not recorded in deposit,52,IR52,2300.0,3.2,0.06,IR,15.0,2M,Medium,Medium
vijay2024_elife93243,M. tuberculosis,culture_age_15d,15.0,rifampicin,,,,vijay_053_age15d,5.785329835010767,0.0,5.785329835010767,False,1.3617278360175928,MPN/mL; RIF concentration not recorded in deposit,53,IR53,610000.0,3.2,0.12,IR,15.0,12M,High,Medium
vijay2024_elife93243,M. tuberculosis,culture_age_15d,15.0,rifampicin,,,,vijay_053_age15d,5.785329835010767,2.0,5.361727836017593,False,1.3617278360175928,MPN/mL; RIF concentration not recorded in deposit,53,IR53,230000.0,3.2,0.12,IR,15.0,12M,High,Medium
vijay2024_elife93243,M. tuberculosis,culture_age_15d,15.0,rifampicin,,,,vijay_053_age15d,5.785329835010767,5.0,4.361727836017593,False,1.3617278360175928,MPN/mL; RIF concentration not recorded in deposit,53,IR53,23000.0,3.2,0.12,IR,15.0,12M,High,Medium
vijay2024_elife93243,M. tuberculosis,culture_age_15d,15.0,rifampicin,,,,vijay_054_age15d,5.785329835010767,0.0,5.785329835010767,False,1.3617278360175928,MPN/mL; RIF concentration not recorded in deposit,54,IR54,610000.0,6.4,0.12,IR,15.0,8M,Medium,High
vijay2024_elife93243,M. tuberculosis,culture_age_15d,15.0,rifampicin,,,,vijay_054_age15d,5.785329835010767,2.0,4.361727836017593,False,1.3617278360175928,MPN/mL; RIF concentration not recorded in deposit,54,IR54,23000.0,6.4,0.12,IR,15.0,8M,Medium,High
vijay2024_elife93243,M. tuberculosis,culture_age_15d,15.0,rifampicin,,,,vijay_054_age15d,5.785329835010767,5.0,3.785329835010767,False,1.3617278360175928,MPN/mL; RIF concentration not recorded in deposit,54,IR54,6100.0,6.4,0.12,IR,15.0,8M,Medium,High
vijay2024_elife93243,M. tuberculosis,culture_age_15d,15.0,rifampicin,,,,vijay_055_age15d,5.361727836017593,0.0,5.361727836017593,False,1.3617278360175928,MPN/mL; RIF concentration not recorded in deposit,55,IR55,230000.0,3.2,0.12,IR,19.0,5M,Medium,Medium
vijay2024_elife93243,M. tuberculosis,culture_age_15d,15.0,rifampicin,,,,vijay_055_age15d,5.361727836017593,2.0,4.361727836017593,False,1.3617278360175928,MPN/mL; RIF concentration not recorded in deposit,55,IR55,23000.0,3.2,0.12,IR,19.0,5M,Medium,Medium
vijay2024_elife93243,M. tuberculosis,culture_age_15d,15.0,rifampicin,,,,vijay_055_age15d,5.361727836017593,5.0,2.361727836017593,False,1.3617278360175928,MPN/mL; RIF concentration not recorded in deposit,55,IR55,230.0,3.2,0.12,IR,19.0,5M,Medium,Medium
vijay2024_elife93243,M. tuberculosis,culture_age_15d,15.0,rifampicin,,,,vijay_056_age15d,4.361727836017593,0.0,4.361727836017593,False,1.3617278360175928,MPN/mL; RIF concentration not recorded in deposit,56,IR56,23000.0,3.2,0.12,IR,19.0,24M,Medium,Low
vijay2024_elife93243,M. tuberculosis,culture_age_15d,15.0,rifampicin,,,,vijay_056_age15d,4.361727836017593,2.0,3.361727836017593,False,1.3617278360175928,MPN/mL; RIF concentration not recorded in deposit,56,IR56,2300.0,3.2,0.12,IR,19.0,24M,Medium,Low
vijay2024_elife93243,M. tuberculosis,culture_age_15d,15.0,rifampicin,,,,vijay_056_age15d,4.361727836017593,5.0,2.361727836017593,False,1.3617278360175928,MPN/mL; RIF concentration not recorded in deposit,56,IR56,230.0,3.2,0.12,IR,19.0,24M,Medium,Low
vijay2024_elife93243,M. tuberculosis,culture_age_15d,15.0,rifampicin,,,,vijay_057_age15d,5.361727836017593,0.0,5.361727836017593,False,1.3617278360175928,MPN/mL; RIF concentration not recorded in deposit,57,IR57,230000.0,1.6,0.06,IR,19.0,1M,High,High
vijay2024_elife93243,M. tuberculosis,culture_age_15d,15.0,rifampicin,,,,vijay_057_age15d,5.361727836017593,2.0,4.361727836017593,False,1.3617278360175928,MPN/mL; RIF concentration not recorded in deposit,57,IR57,23000.0,1.6,0.06,IR,19.0,1M,High,High
vijay2024_elife93243,M. tuberculosis,culture_age_15d,15.0,rifampicin,,,,vijay_057_age15d,5.361727836017593,5.0,4.361727836017593,False,1.3617278360175928,MPN/mL; RIF concentration not recorded in deposit,57,IR57,23000.0,1.6,0.06,IR,19.0,1M,High,High
vijay2024_elife93243,M. tuberculosis,culture_age_15d,15.0,rifampicin,,,,vijay_058_age15d,5.361727836017593,0.0,5.361727836017593,False,1.3617278360175928,MPN/mL; RIF concentration not recorded in deposit,58,IR58,230000.0,3.2,0.06,IR,19.0,18M,High,Medium
vijay2024_elife93243,M. tuberculosis,culture_age_15d,15.0,rifampicin,,,,vijay_058_age15d,5.361727836017593,2.0,4.361727836017593,False,1.3617278360175928,MPN/mL; RIF concentration not recorded in deposit,58,IR58,23000.0,3.2,0.06,IR,19.0,18M,High,Medium
vijay2024_elife93243,M. tuberculosis,culture_age_15d,15.0,rifampicin,,,,vijay_058_age15d,5.361727836017593,5.0,4.361727836017593,False,1.3617278360175928,MPN/mL; RIF concentration not recorded in deposit,58,IR58,23000.0,3.2,0.06,IR,19.0,18M,High,Medium
vijay2024_elife93243,M. tuberculosis,culture_age_15d,15.0,rifampicin,,,,vijay_059_age15d,5.785329835010767,0.0,5.785329835010767,False,1.3617278360175928,MPN/mL; RIF concentration not recorded in deposit,59,IR59,610000.0,3.2,0.12,IR,15.0,2M,High,Medium
vijay2024_elife93243,M. tuberculosis,culture_age_15d,15.0,rifampicin,,,,vijay_059_age15d,5.785329835010767,2.0,4.361727836017593,False,1.3617278360175928,MPN/mL; RIF concentration not recorded in deposit,59,IR59,23000.0,3.2,0.12,IR,15.0,2M,High,Medium
vijay2024_elife93243,M. tuberculosis,culture_age_15d,15.0,rifampicin,,,,vijay_059_age15d,5.785329835010767,5.0,4.361727836017593,False,1.3617278360175928,MPN/mL; RIF concentration not recorded in deposit,59,IR59,23000.0,3.2,0.12,IR,15.0,2M,High,Medium
vijay2024_elife93243,M. tuberculosis,culture_age_15d,15.0,rifampicin,,,,vijay_060_age15d,5.785329835010767,0.0,5.785329835010767,False,1.3617278360175928,MPN/mL; RIF concentration not recorded in deposit,60,IR60,610000.0,3.2,0.06,IR,15.0,12M,Medium,Low
vijay2024_elife93243,M. tuberculosis,culture_age_15d,15.0,rifampicin,,,,vijay_060_age15d,5.785329835010767,2.0,4.361727836017593,False,1.3617278360175928,MPN/mL; RIF concentration not recorded in deposit,60,IR60,23000.0,3.2,0.06,IR,15.0,12M,Medium,Low
vijay2024_elife93243,M. tuberculosis,culture_age_15d,15.0,rifampicin,,,,vijay_060_age15d,5.785329835010767,5.0,3.361727836017593,False,1.3617278360175928,MPN/mL; RIF concentration not recorded in deposit,60,IR60,2300.0,3.2,0.06,IR,15.0,12M,Medium,Low
vijay2024_elife93243,M. tuberculosis,culture_age_15d,15.0,rifampicin,,,,vijay_061_age15d,5.785329835010767,0.0,5.785329835010767,False,1.3617278360175928,MPN/mL; RIF concentration not recorded in deposit,61,IR61,610000.0,3.2,0.06,IR,15.0,12M,Low,Low
vijay2024_elife93243,M. tuberculosis,culture_age_15d,15.0,rifampicin,,,,vijay_061_age15d,5.785329835010767,2.0,2.361727836017593,False,1.3617278360175928,MPN/mL; RIF concentration not recorded in deposit,61,IR61,230.0,3.2,0.06,IR,15.0,12M,Low,Low
vijay2024_elife93243,M. tuberculosis,culture_age_15d,15.0,rifampicin,,,,vijay_061_age15d,5.785329835010767,5.0,,True,1.3617278360175928,MPN/mL; RIF concentration not recorded in deposit; at assay floor 23 MPN/mL,61,IR61,23.0,3.2,0.06,IR,15.0,12M,Low,Low
vijay2024_elife93243,M. tuberculosis,culture_age_15d,15.0,rifampicin,,,,vijay_062_age15d,5.361727836017593,0.0,5.361727836017593,False,1.3617278360175928,MPN/mL; RIF concentration not recorded in deposit,62,IR62,230000.0,,,IR,19.0,18M,Medium,Low
vijay2024_elife93243,M. tuberculosis,culture_age_15d,15.0,rifampicin,,,,vijay_062_age15d,5.361727836017593,2.0,2.361727836017593,False,1.3617278360175928,MPN/mL; RIF concentration not recorded in deposit,62,IR62,230.0,,,IR,19.0,18M,Medium,Low
vijay2024_elife93243,M. tuberculosis,culture_age_15d,15.0,rifampicin,,,,vijay_062_age15d,5.361727836017593,5.0,2.361727836017593,False,1.3617278360175928,MPN/mL; RIF concentration not recorded in deposit,62,IR62,230.0,,,IR,19.0,18M,Medium,Low
vijay2024_elife93243,M. tuberculosis,culture_age_15d,15.0,rifampicin,,,,vijay_063_age15d,4.361727836017593,0.0,4.361727836017593,False,1.3617278360175928,MPN/mL; RIF concentration not recorded in deposit,63,IR63,23000.0,3.2,0.12,IR,28.0,1M,High,High
vijay2024_elife93243,M. tuberculosis,culture_age_15d,15.0,rifampicin,,,,vijay_063_age15d,4.361727836017593,2.0,4.361727836017593,False,1.3617278360175928,MPN/mL; RIF concentration not recorded in deposit,63,IR63,23000.0,3.2,0.12,IR,28.0,1M,High,High
vijay2024_elife93243,M. tuberculosis,culture_age_15d,15.0,rifampicin,,,,vijay_063_age15d,4.361727836017593,5.0,3.361727836017593,False,1.3617278360175928,MPN/mL; RIF concentration not recorded in deposit,63,IR63,2300.0,3.2,0.12,IR,28.0,1M,High,High
vijay2024_elife93243,M. tuberculosis,culture_age_15d,15.0,rifampicin,,,,vijay_064_age15d,4.361727836017593,0.0,4.361727836017593,False,1.3617278360175928,MPN/mL; RIF concentration not recorded in deposit,64,IR64,23000.0,3.2,0.12,IR,37.0,12M,Medium,Medium
vijay2024_elife93243,M. tuberculosis,culture_age_15d,15.0,rifampicin,,,,vijay_064_age15d,4.361727836017593,2.0,2.361727836017593,False,1.3617278360175928,MPN/mL; RIF concentration not recorded in deposit,64,IR64,230.0,3.2,0.12,IR,37.0,12M,Medium,Medium
vijay2024_elife93243,M. tuberculosis,culture_age_15d,15.0,rifampicin,,,,vijay_064_age15d,4.361727836017593,5.0,2.361727836017593,False,1.3617278360175928,MPN/mL; RIF concentration not recorded in deposit,64,IR64,230.0,3.2,0.12,IR,37.0,12M,Medium,Medium
vijay2024_elife93243,M. tuberculosis,culture_age_15d,15.0,rifampicin,,,,vijay_065_age15d,4.361727836017593,0.0,4.361727836017593,False,1.3617278360175928,MPN/mL; RIF concentration not recorded in deposit,65,IR65,23000.0,6.4,0.06,IR,19.0,1M,Medium,Low
vijay2024_elife93243,M. tuberculosis,culture_age_15d,15.0,rifampicin,,,,vijay_065_age15d,4.361727836017593,2.0,2.361727836017593,False,1.3617278360175928,MPN/mL; RIF concentration not recorded in deposit,65,IR65,230.0,6.4,0.06,IR,19.0,1M,Medium,Low
vijay2024_elife93243,M. tuberculosis,culture_age_15d,15.0,rifampicin,,,,vijay_065_age15d,4.361727836017593,5.0,2.361727836017593,False,1.3617278360175928,MPN/mL; RIF concentration not recorded in deposit,65,IR65,230.0,6.4,0.06,IR,19.0,1M,Medium,Low
vijay2024_elife93243,M. tuberculosis,culture_age_15d,15.0,rifampicin,,,,vijay_066_age15d,4.361727836017593,0.0,4.361727836017593,False,1.3617278360175928,MPN/mL; RIF concentration not recorded in deposit,66,IR66,23000.0,6.4,0.12,IR,22.0,12M,Medium,Low
vijay2024_elife93243,M. tuberculosis,culture_age_15d,15.0,rifampicin,,,,vijay_066_age15d,4.361727836017593,2.0,3.785329835010767,False,1.3617278360175928,MPN/mL; RIF concentration not recorded in deposit,66,IR66,6100.0,6.4,0.12,IR,22.0,12M,Medium,Low
vijay2024_elife93243,M. tuberculosis,culture_age_15d,15.0,rifampicin,,,,vijay_066_age15d,4.361727836017593,5.0,,True,1.3617278360175928,MPN/mL; RIF concentration not recorded in deposit; at assay floor 23 MPN/mL,66,IR66,23.0,6.4,0.12,IR,22.0,12M,Medium,Low
vijay2024_elife93243,M. tuberculosis,culture_age_15d,15.0,rifampicin,,,,vijay_067_age15d,4.361727836017593,0.0,4.361727836017593,False,1.3617278360175928,MPN/mL; RIF concentration not recorded in deposit,67,IR67,23000.0,,,IR,28.0,1M,High,Medium
vijay2024_elife93243,M. tuberculosis,culture_age_15d,15.0,rifampicin,,,,vijay_067_age15d,4.361727836017593,2.0,3.361727836017593,False,1.3617278360175928,MPN/mL; RIF concentration not recorded in deposit,67,IR67,2300.0,,,IR,28.0,1M,High,Medium
vijay2024_elife93243,M. tuberculosis,culture_age_15d,15.0,rifampicin,,,,vijay_067_age15d,4.361727836017593,5.0,3.361727836017593,False,1.3617278360175928,MPN/mL; RIF concentration not recorded in deposit,67,IR67,2300.0,,,IR,28.0,1M,High,Medium
vijay2024_elife93243,M. tuberculosis,culture_age_15d,15.0,rifampicin,,,,vijay_068_age15d,5.361727836017593,0.0,5.361727836017593,False,1.3617278360175928,MPN/mL; RIF concentration not recorded in deposit,68,IR68,230000.0,,,IR,37.0,2M,High,High
vijay2024_elife93243,M. tuberculosis,culture_age_15d,15.0,rifampicin,,,,vijay_068_age15d,5.361727836017593,2.0,4.785329835010767,False,1.3617278360175928,MPN/mL; RIF concentration not recorded in deposit,68,IR68,61000.0,,,IR,37.0,2M,High,High
vijay2024_elife93243,M. tuberculosis,culture_age_15d,15.0,rifampicin,,,,vijay_068_age15d,5.361727836017593,5.0,3.785329835010767,False,1.3617278360175928,MPN/mL; RIF concentration not recorded in deposit,68,IR68,6100.0,,,IR,37.0,2M,High,High
vijay2024_elife93243,M. tuberculosis,culture_age_15d,15.0,rifampicin,,,,vijay_069_age15d,5.785329835010767,0.0,5.785329835010767,False,1.3617278360175928,MPN/mL; RIF concentration not recorded in deposit,69,IR69,610000.0,,,IR,8.0,0M,Low,High
vijay2024_elife93243,M. tuberculosis,culture_age_15d,15.0,rifampicin,,,,vijay_069_age15d,5.785329835010767,2.0,4.361727836017593,False,1.3617278360175928,MPN/mL; RIF concentration not recorded in deposit,69,IR69,23000.0,,,IR,8.0,0M,Low,High
vijay2024_elife93243,M. tuberculosis,culture_age_15d,15.0,rifampicin,,,,vijay_069_age15d,5.785329835010767,5.0,2.361727836017593,False,1.3617278360175928,MPN/mL; RIF concentration not recorded in deposit,69,IR69,230.0,,,IR,8.0,0M,Low,High
vijay2024_elife93243,M. tuberculosis,culture_age_15d,15.0,rifampicin,,,,vijay_070_age15d,5.361727836017593,0.0,5.361727836017593,False,1.3617278360175928,MPN/mL; RIF concentration not recorded in deposit,70,IR70,230000.0,,,IR,19.0,0M,High,Medium
vijay2024_elife93243,M. tuberculosis,culture_age_15d,15.0,rifampicin,,,,vijay_070_age15d,5.361727836017593,2.0,3.361727836017593,False,1.3617278360175928,MPN/mL; RIF concentration not recorded in deposit,70,IR70,2300.0,,,IR,19.0,0M,High,Medium
vijay2024_elife93243,M. tuberculosis,culture_age_15d,15.0,rifampicin,,,,vijay_070_age15d,5.361727836017593,5.0,4.361727836017593,False,1.3617278360175928,MPN/mL; RIF concentration not recorded in deposit,70,IR70,23000.0,,,IR,19.0,0M,High,Medium
vijay2024_elife93243,M. tuberculosis,culture_age_15d,15.0,rifampicin,,,,vijay_071_age15d,5.361727836017593,0.0,5.361727836017593,False,1.3617278360175928,MPN/mL; RIF concentration not recorded in deposit,71,IR71,230000.0,,,IR,19.0,1M,High,Medium
vijay2024_elife93243,M. tuberculosis,culture_age_15d,15.0,rifampicin,,,,vijay_071_age15d,5.361727836017593,2.0,3.361727836017593,False,1.3617278360175928,MPN/mL; RIF concentration not recorded in deposit,71,IR71,2300.0,,,IR,19.0,1M,High,Medium
vijay2024_elife93243,M. tuberculosis,culture_age_15d,15.0,rifampicin,,,,vijay_071_age15d,5.361727836017593,5.0,4.785329835010767,False,1.3617278360175928,MPN/mL; RIF concentration not recorded in deposit,71,IR71,61000.0,,,IR,19.0,1M,High,Medium
vijay2024_elife93243,M. tuberculosis,culture_age_15d,15.0,rifampicin,,,,vijay_072_age15d,3.785329835010767,0.0,3.785329835010767,False,1.3617278360175928,MPN/mL; RIF concentration not recorded in deposit,72,IR72,6100.0,,,IR,36.0,0M,High,High
vijay2024_elife93243,M. tuberculosis,culture_age_15d,15.0,rifampicin,,,,vijay_072_age15d,3.785329835010767,2.0,3.361727836017593,False,1.3617278360175928,MPN/mL; RIF concentration not recorded in deposit,72,IR72,2300.0,,,IR,36.0,0M,High,High
vijay2024_elife93243,M. tuberculosis,culture_age_15d,15.0,rifampicin,,,,vijay_072_age15d,3.785329835010767,5.0,2.361727836017593,False,1.3617278360175928,MPN/mL; RIF concentration not recorded in deposit,72,IR72,230.0,,,IR,36.0,0M,High,High
vijay2024_elife93243,M. tuberculosis,culture_age_15d,15.0,rifampicin,,,,vijay_073_age15d,3.361727836017593,0.0,3.361727836017593,False,1.3617278360175928,MPN/mL; RIF concentration not recorded in deposit,73,IR73,2300.0,,,IR,37.0,0M,High,High
vijay2024_elife93243,M. tuberculosis,culture_age_15d,15.0,rifampicin,,,,vijay_073_age15d,3.361727836017593,2.0,3.361727836017593,False,1.3617278360175928,MPN/mL; RIF concentration not recorded in deposit,73,IR73,2300.0,,,IR,37.0,0M,High,High
vijay2024_elife93243,M. tuberculosis,culture_age_15d,15.0,rifampicin,,,,vijay_073_age15d,3.361727836017593,5.0,2.361727836017593,False,1.3617278360175928,MPN/mL; RIF concentration not recorded in deposit,73,IR73,230.0,,,IR,37.0,0M,High,High
vijay2024_elife93243,M. tuberculosis,culture_age_15d,15.0,rifampicin,,,,vijay_074_age15d,4.361727836017593,0.0,4.361727836017593,False,1.3617278360175928,MPN/mL; RIF concentration not recorded in deposit,74,IR74,23000.0,3.2,0.06,IR,19.0,0M,High,High
vijay2024_elife93243,M. tuberculosis,culture_age_15d,15.0,rifampicin,,,,vijay_074_age15d,4.361727836017593,2.0,3.361727836017593,False,1.3617278360175928,MPN/mL; RIF concentration not recorded in deposit,74,IR74,2300.0,3.2,0.06,IR,19.0,0M,High,High
vijay2024_elife93243,M. tuberculosis,culture_age_15d,15.0,rifampicin,,,,vijay_074_age15d,4.361727836017593,5.0,4.361727836017593,False,1.3617278360175928,MPN/mL; RIF concentration not recorded in deposit,74,IR74,23000.0,3.2,0.06,IR,19.0,0M,High,High
vijay2024_elife93243,M. tuberculosis,culture_age_15d,15.0,rifampicin,,,,vijay_075_age15d,5.361727836017593,0.0,5.361727836017593,False,1.3617278360175928,MPN/mL; RIF concentration not recorded in deposit,75,IR75,230000.0,,,IR,19.0,1M,Medium,Medium
vijay2024_elife93243,M. tuberculosis,culture_age_15d,15.0,rifampicin,,,,vijay_075_age15d,5.361727836017593,2.0,4.361727836017593,False,1.3617278360175928,MPN/mL; RIF concentration not recorded in deposit,75,IR75,23000.0,,,IR,19.0,1M,Medium,Medium
vijay2024_elife93243,M. tuberculosis,culture_age_15d,15.0,rifampicin,,,,vijay_075_age15d,5.361727836017593,5.0,3.113943352306837,False,1.3617278360175928,MPN/mL; RIF concentration not recorded in deposit,75,IR75,1300.0,,,IR,19.0,1M,Medium,Medium
vijay2024_elife93243,M. tuberculosis,culture_age_15d,15.0,rifampicin,,,,vijay_076_age15d,5.361727836017593,0.0,5.361727836017593,False,1.3617278360175928,MPN/mL; RIF concentration not recorded in deposit,76,IR76,230000.0,,,IR,19.0,18M,Low,Low
vijay2024_elife93243,M. tuberculosis,culture_age_15d,15.0,rifampicin,,,,vijay_076_age15d,5.361727836017593,2.0,4.361727836017593,False,1.3617278360175928,MPN/mL; RIF concentration not recorded in deposit,76,IR76,23000.0,,,IR,19.0,18M,Low,Low
vijay2024_elife93243,M. tuberculosis,culture_age_15d,15.0,rifampicin,,,,vijay_076_age15d,5.361727836017593,5.0,,True,1.3617278360175928,MPN/mL; RIF concentration not recorded in deposit; at assay floor 23 MPN/mL,76,IR76,23.0,,,IR,19.0,18M,Low,Low
vijay2024_elife93243,M. tuberculosis,culture_age_15d,15.0,rifampicin,,,,vijay_077_age15d,5.361727836017593,0.0,5.361727836017593,False,1.3617278360175928,MPN/mL; RIF concentration not recorded in deposit,77,IR77,230000.0,,,IR,19.0,0M,Medium,Medium
vijay2024_elife93243,M. tuberculosis,culture_age_15d,15.0,rifampicin,,,,vijay_077_age15d,5.361727836017593,2.0,4.361727836017593,False,1.3617278360175928,MPN/mL; RIF concentration not recorded in deposit,77,IR77,23000.0,,,IR,19.0,0M,Medium,Medium
vijay2024_elife93243,M. tuberculosis,culture_age_15d,15.0,rifampicin,,,,vijay_077_age15d,5.361727836017593,5.0,3.361727836017593,False,1.3617278360175928,MPN/mL; RIF concentration not recorded in deposit,77,IR77,2300.0,,,IR,19.0,0M,Medium,Medium
vijay2024_elife93243,M. tuberculosis,culture_age_15d,15.0,rifampicin,,,,vijay_078_age15d,7.361727836017593,0.0,7.361727836017593,False,1.3617278360175928,MPN/mL; RIF concentration not recorded in deposit,78,IR78,23000000.0,,,IR,8.0,0M,High,High
vijay2024_elife93243,M. tuberculosis,culture_age_15d,15.0,rifampicin,,,,vijay_078_age15d,7.361727836017593,2.0,6.785329835010767,False,1.3617278360175928,MPN/mL; RIF concentration not recorded in deposit,78,IR78,6100000.0,,,IR,8.0,0M,High,High
vijay2024_elife93243,M. tuberculosis,culture_age_15d,15.0,rifampicin,,,,vijay_078_age15d,7.361727836017593,5.0,6.785329835010767,False,1.3617278360175928,MPN/mL; RIF concentration not recorded in deposit,78,IR78,6100000.0,,,IR,8.0,0M,High,High
vijay2024_elife93243,M. tuberculosis,culture_age_15d,15.0,rifampicin,,,,vijay_079_age15d,4.785329835010767,0.0,4.785329835010767,False,1.3617278360175928,MPN/mL; RIF concentration not recorded in deposit,79,IR79,61000.0,,,IR,19.0,1M,High,Medium
vijay2024_elife93243,M. tuberculosis,culture_age_15d,15.0,rifampicin,,,,vijay_079_age15d,4.785329835010767,2.0,3.785329835010767,False,1.3617278360175928,MPN/mL; RIF concentration not recorded in deposit,79,IR79,6100.0,,,IR,19.0,1M,High,Medium
vijay2024_elife93243,M. tuberculosis,culture_age_15d,15.0,rifampicin,,,,vijay_079_age15d,4.785329835010767,5.0,4.361727836017593,False,1.3617278360175928,MPN/mL; RIF concentration not recorded in deposit,79,IR79,23000.0,,,IR,19.0,1M,High,Medium
vijay2024_elife93243,M. tuberculosis,culture_age_15d,15.0,rifampicin,,,,vijay_080_age15d,5.361727836017593,0.0,5.361727836017593,False,1.3617278360175928,MPN/mL; RIF concentration not recorded in deposit,80,IR80,230000.0,,,IR,19.0,8M,Medium,High
vijay2024_elife93243,M. tuberculosis,culture_age_15d,15.0,rifampicin,,,,vijay_080_age15d,5.361727836017593,2.0,3.361727836017593,False,1.3617278360175928,MPN/mL; RIF concentration not recorded in deposit,80,IR80,2300.0,,,IR,19.0,8M,Medium,High
vijay2024_elife93243,M. tuberculosis,culture_age_15d,15.0,rifampicin,,,,vijay_080_age15d,5.361727836017593,5.0,3.361727836017593,False,1.3617278360175928,MPN/mL; RIF concentration not recorded in deposit,80,IR80,2300.0,,,IR,19.0,8M,Medium,High
vijay2024_elife93243,M. tuberculosis,culture_age_15d,15.0,rifampicin,,,,vijay_081_age15d,5.361727836017593,0.0,5.361727836017593,False,1.3617278360175928,MPN/mL; RIF concentration not recorded in deposit,81,IR81,230000.0,6.4,0.12,IR,8.0,1M,High,Medium
vijay2024_elife93243,M. tuberculosis,culture_age_15d,15.0,rifampicin,,,,vijay_081_age15d,5.361727836017593,2.0,3.361727836017593,False,1.3617278360175928,MPN/mL; RIF concentration not recorded in deposit,81,IR81,2300.0,6.4,0.12,IR,8.0,1M,High,Medium
vijay2024_elife93243,M. tuberculosis,culture_age_15d,15.0,rifampicin,,,,vijay_081_age15d,5.361727836017593,5.0,4.361727836017593,False,1.3617278360175928,MPN/mL; RIF concentration not recorded in deposit,81,IR81,23000.0,6.4,0.12,IR,8.0,1M,High,Medium
vijay2024_elife93243,M. tuberculosis,culture_age_15d,15.0,rifampicin,,,,vijay_082_age15d,5.361727836017593,0.0,5.361727836017593,False,1.3617278360175928,MPN/mL; RIF concentration not recorded in deposit,82,IR82,230000.0,3.2,0.06,IR,19.0,0M,Medium,Medium
vijay2024_elife93243,M. tuberculosis,culture_age_15d,15.0,rifampicin,,,,vijay_082_age15d,5.361727836017593,2.0,2.361727836017593,False,1.3617278360175928,MPN/mL; RIF concentration not recorded in deposit,82,IR82,230.0,3.2,0.06,IR,19.0,0M,Medium,Medium
vijay2024_elife93243,M. tuberculosis,culture_age_15d,15.0,rifampicin,,,,vijay_082_age15d,5.361727836017593,5.0,3.361727836017593,False,1.3617278360175928,MPN/mL; RIF concentration not recorded in deposit,82,IR82,2300.0,3.2,0.06,IR,19.0,0M,Medium,Medium
vijay2024_elife93243,M. tuberculosis,culture_age_15d,15.0,rifampicin,,,,vijay_083_age15d,5.361727836017593,0.0,5.361727836017593,False,1.3617278360175928,MPN/mL; RIF concentration not recorded in deposit,83,IR83,230000.0,0.4,0.25,IR,19.0,12M,High,Low
vijay2024_elife93243,M. tuberculosis,culture_age_15d,15.0,rifampicin,,,,vijay_083_age15d,5.361727836017593,2.0,4.361727836017593,False,1.3617278360175928,MPN/mL; RIF concentration not recorded in deposit,83,IR83,23000.0,0.4,0.25,IR,19.0,12M,High,Low
vijay2024_elife93243,M. tuberculosis,culture_age_15d,15.0,rifampicin,,,,vijay_083_age15d,5.361727836017593,5.0,4.361727836017593,False,1.3617278360175928,MPN/mL; RIF concentration not recorded in deposit,83,IR83,23000.0,0.4,0.25,IR,19.0,12M,High,Low
vijay2024_elife93243,M. tuberculosis,culture_age_15d,15.0,rifampicin,,,,vijay_084_age15d,5.361727836017593,0.0,5.361727836017593,False,1.3617278360175928,MPN/mL; RIF concentration not recorded in deposit,84,IR84,230000.0,,,IR,19.0,0M,High,Low
vijay2024_elife93243,M. tuberculosis,culture_age_15d,15.0,rifampicin,,,,vijay_084_age15d,5.361727836017593,2.0,4.361727836017593,False,1.3617278360175928,MPN/mL; RIF concentration not recorded in deposit,84,IR84,23000.0,,,IR,19.0,0M,High,Low
vijay2024_elife93243,M. tuberculosis,culture_age_15d,15.0,rifampicin,,,,vijay_084_age15d,5.361727836017593,5.0,4.361727836017593,False,1.3617278360175928,MPN/mL; RIF concentration not recorded in deposit,84,IR84,23000.0,,,IR,19.0,0M,High,Low
vijay2024_elife93243,M. tuberculosis,culture_age_15d,15.0,rifampicin,,,,vijay_085_age15d,6.361727836017593,0.0,6.361727836017593,False,1.3617278360175928,MPN/mL; RIF concentration not recorded in deposit,85,IS1,2300000.0,0.05,0.06,IS,14.0,0M,Medium,
vijay2024_elife93243,M. tuberculosis,culture_age_15d,15.0,rifampicin,,,,vijay_085_age15d,6.361727836017593,2.0,5.361727836017593,False,1.3617278360175928,MPN/mL; RIF concentration not recorded in deposit,85,IS1,230000.0,0.05,0.06,IS,14.0,0M,Medium,
vijay2024_elife93243,M. tuberculosis,culture_age_15d,15.0,rifampicin,,,,vijay_085_age15d,6.361727836017593,5.0,4.361727836017593,False,1.3617278360175928,MPN/mL; RIF concentration not recorded in deposit,85,IS1,23000.0,0.05,0.06,IS,14.0,0M,Medium,
vijay2024_elife93243,M. tuberculosis,culture_age_15d,15.0,rifampicin,,,,vijay_086_age15d,5.361727836017593,0.0,5.361727836017593,False,1.3617278360175928,MPN/mL; RIF concentration not recorded in deposit,86,IS2,230000.0,0.05,0.06,IS,15.0,0M,High,Medium
vijay2024_elife93243,M. tuberculosis,culture_age_15d,15.0,rifampicin,,,,vijay_086_age15d,5.361727836017593,2.0,3.361727836017593,False,1.3617278360175928,MPN/mL; RIF concentration not recorded in deposit,86,IS2,2300.0,0.05,0.06,IS,15.0,0M,High,Medium
vijay2024_elife93243,M. tuberculosis,culture_age_15d,15.0,rifampicin,,,,vijay_086_age15d,5.361727836017593,5.0,4.361727836017593,False,1.3617278360175928,MPN/mL; RIF concentration not recorded in deposit,86,IS2,23000.0,0.05,0.06,IS,15.0,0M,High,Medium
vijay2024_elife93243,M. tuberculosis,culture_age_15d,15.0,rifampicin,,,,vijay_087_age15d,6.785329835010767,0.0,6.785329835010767,False,1.3617278360175928,MPN/mL; RIF concentration not recorded in deposit,87,IS3,6100000.0,0.025,0.06,IS,31.0,0M,Medium,Medium
vijay2024_elife93243,M. tuberculosis,culture_age_15d,15.0,rifampicin,,,,vijay_087_age15d,6.785329835010767,2.0,5.361727836017593,False,1.3617278360175928,MPN/mL; RIF concentration not recorded in deposit,87,IS3,230000.0,0.025,0.06,IS,31.0,0M,Medium,Medium
vijay2024_elife93243,M. tuberculosis,culture_age_15d,15.0,rifampicin,,,,vijay_087_age15d,6.785329835010767,5.0,4.361727836017593,False,1.3617278360175928,MPN/mL; RIF concentration not recorded in deposit,87,IS3,23000.0,0.025,0.06,IS,31.0,0M,Medium,Medium
vijay2024_elife93243,M. tuberculosis,culture_age_15d,15.0,rifampicin,,,,vijay_088_age15d,6.361727836017593,0.0,6.361727836017593,False,1.3617278360175928,MPN/mL; RIF concentration not recorded in deposit,88,IS4,2300000.0,0.025,0.12,IS,14.0,0M,Medium,
vijay2024_elife93243,M. tuberculosis,culture_age_15d,15.0,rifampicin,,,,vijay_088_age15d,6.361727836017593,2.0,5.361727836017593,False,1.3617278360175928,MPN/mL; RIF concentration not recorded in deposit,88,IS4,230000.0,0.025,0.12,IS,14.0,0M,Medium,
vijay2024_elife93243,M. tuberculosis,culture_age_15d,15.0,rifampicin,,,,vijay_088_age15d,6.361727836017593,5.0,4.361727836017593,False,1.3617278360175928,MPN/mL; RIF concentration not recorded in deposit,88,IS4,23000.0,0.025,0.12,IS,14.0,0M,Medium,
vijay2024_elife93243,M. tuberculosis,culture_age_15d,15.0,rifampicin,,,,vijay_089_age15d,4.361727836017593,0.0,4.361727836017593,False,1.3617278360175928,MPN/mL; RIF concentration not recorded in deposit,89,IS5,23000.0,0.025,0.5,IS,17.0,0M,Medium,Low
vijay2024_elife93243,M. tuberculosis,culture_age_15d,15.0,rifampicin,,,,vijay_089_age15d,4.361727836017593,2.0,2.361727836017593,False,1.3617278360175928,MPN/mL; RIF concentration not recorded in deposit,89,IS5,230.0,0.025,0.5,IS,17.0,0M,Medium,Low
vijay2024_elife93243,M. tuberculosis,culture_age_15d,15.0,rifampicin,,,,vijay_089_age15d,4.361727836017593,5.0,2.361727836017593,False,1.3617278360175928,MPN/mL; RIF concentration not recorded in deposit,89,IS5,230.0,0.025,0.5,IS,17.0,0M,Medium,Low
vijay2024_elife93243,M. tuberculosis,culture_age_15d,15.0,rifampicin,,,,vijay_090_age15d,5.361727836017593,0.0,5.361727836017593,False,1.3617278360175928,MPN/mL; RIF concentration not recorded in deposit,90,IS6,230000.0,0.025,0.06,IS,21.0,0M,High,High
vijay2024_elife93243,M. tuberculosis,culture_age_15d,15.0,rifampicin,,,,vijay_090_age15d,5.361727836017593,2.0,4.361727836017593,False,1.3617278360175928,MPN/mL; RIF concentration not recorded in deposit,90,IS6,23000.0,0.025,0.06,IS,21.0,0M,High,High
vijay2024_elife93243,M. tuberculosis,culture_age_15d,15.0,rifampicin,,,,vijay_090_age15d,5.361727836017593,5.0,4.361727836017593,False,1.3617278360175928,MPN/mL; RIF concentration not recorded in deposit,90,IS6,23000.0,0.025,0.06,IS,21.0,0M,High,High
vijay2024_elife93243,M. tuberculosis,culture_age_15d,15.0,rifampicin,,,,vijay_091_age15d,6.361727836017593,0.0,6.361727836017593,False,1.3617278360175928,MPN/mL; RIF concentration not recorded in deposit,91,IS7,2300000.0,0.025,0.06,IS,17.0,0M,Medium,Medium
vijay2024_elife93243,M. tuberculosis,culture_age_15d,15.0,rifampicin,,,,vijay_091_age15d,6.361727836017593,2.0,4.361727836017593,False,1.3617278360175928,MPN/mL; RIF concentration not recorded in deposit,91,IS7,23000.0,0.025,0.06,IS,17.0,0M,Medium,Medium
vijay2024_elife93243,M. tuberculosis,culture_age_15d,15.0,rifampicin,,,,vijay_091_age15d,6.361727836017593,5.0,4.361727836017593,False,1.3617278360175928,MPN/mL; RIF concentration not recorded in deposit,91,IS7,23000.0,0.025,0.06,IS,17.0,0M,Medium,Medium
vijay2024_elife93243,M. tuberculosis,culture_age_15d,15.0,rifampicin,,,,vijay_092_age15d,5.785329835010767,0.0,5.785329835010767,False,1.3617278360175928,MPN/mL; RIF concentration not recorded in deposit,92,IS8,610000.0,0.025,0.06,IS,21.0,0M,Medium,High
vijay2024_elife93243,M. tuberculosis,culture_age_15d,15.0,rifampicin,,,,vijay_092_age15d,5.785329835010767,2.0,4.361727836017593,False,1.3617278360175928,MPN/mL; RIF concentration not recorded in deposit,92,IS8,23000.0,0.025,0.06,IS,21.0,0M,Medium,High
vijay2024_elife93243,M. tuberculosis,culture_age_15d,15.0,rifampicin,,,,vijay_092_age15d,5.785329835010767,5.0,3.785329835010767,False,1.3617278360175928,MPN/mL; RIF concentration not recorded in deposit,92,IS8,6100.0,0.025,0.06,IS,21.0,0M,Medium,High
vijay2024_elife93243,M. tuberculosis,culture_age_15d,15.0,rifampicin,,,,vijay_093_age15d,6.361727836017593,0.0,6.361727836017593,False,1.3617278360175928,MPN/mL; RIF concentration not recorded in deposit,93,IS9,2300000.0,0.025,0.06,IS,21.0,0M,Medium,High
vijay2024_elife93243,M. tuberculosis,culture_age_15d,15.0,rifampicin,,,,vijay_093_age15d,6.361727836017593,2.0,4.785329835010767,False,1.3617278360175928,MPN/mL; RIF concentration not recorded in deposit,93,IS9,61000.0,0.025,0.06,IS,21.0,0M,Medium,High
vijay2024_elife93243,M. tuberculosis,culture_age_15d,15.0,rifampicin,,,,vijay_093_age15d,6.361727836017593,5.0,4.361727836017593,False,1.3617278360175928,MPN/mL; RIF concentration not recorded in deposit,93,IS9,23000.0,0.025,0.06,IS,21.0,0M,Medium,High
vijay2024_elife93243,M. tuberculosis,culture_age_15d,15.0,rifampicin,,,,vijay_094_age15d,5.361727836017593,0.0,5.361727836017593,False,1.3617278360175928,MPN/mL; RIF concentration not recorded in deposit,94,IS10,230000.0,0.025,0.06,IS,15.0,0M,Medium,High
vijay2024_elife93243,M. tuberculosis,culture_age_15d,15.0,rifampicin,,,,vijay_094_age15d,5.361727836017593,2.0,2.361727836017593,False,1.3617278360175928,MPN/mL; RIF concentration not recorded in deposit,94,IS10,230.0,0.025,0.06,IS,15.0,0M,Medium,High
vijay2024_elife93243,M. tuberculosis,culture_age_15d,15.0,rifampicin,,,,vijay_094_age15d,5.361727836017593,5.0,2.361727836017593,False,1.3617278360175928,MPN/mL; RIF concentration not recorded in deposit,94,IS10,230.0,0.025,0.06,IS,15.0,0M,Medium,High
vijay2024_elife93243,M. tuberculosis,culture_age_15d,15.0,rifampicin,,,,vijay_095_age15d,4.785329835010767,0.0,4.785329835010767,False,1.3617278360175928,MPN/mL; RIF concentration not recorded in deposit,95,IS11,61000.0,0.025,0.06,IS,21.0,0M,High,Medium
vijay2024_elife93243,M. tuberculosis,culture_age_15d,15.0,rifampicin,,,,vijay_095_age15d,4.785329835010767,2.0,4.361727836017593,False,1.3617278360175928,MPN/mL; RIF concentration not recorded in deposit,95,IS11,23000.0,0.025,0.06,IS,21.0,0M,High,Medium
vijay2024_elife93243,M. tuberculosis,culture_age_15d,15.0,rifampicin,,,,vijay_095_age15d,4.785329835010767,5.0,3.785329835010767,False,1.3617278360175928,MPN/mL; RIF concentration not recorded in deposit,95,IS11,6100.0,0.025,0.06,IS,21.0,0M,High,Medium
vijay2024_elife93243,M. tuberculosis,culture_age_15d,15.0,rifampicin,,,,vijay_096_age15d,6.361727836017593,0.0,6.361727836017593,False,1.3617278360175928,MPN/mL; RIF concentration not recorded in deposit,96,IS12,2300000.0,0.05,0.06,IS,17.0,0M,Medium,Medium
vijay2024_elife93243,M. tuberculosis,culture_age_15d,15.0,rifampicin,,,,vijay_096_age15d,6.361727836017593,2.0,4.361727836017593,False,1.3617278360175928,MPN/mL; RIF concentration not recorded in deposit,96,IS12,23000.0,0.05,0.06,IS,17.0,0M,Medium,Medium
vijay2024_elife93243,M. tuberculosis,culture_age_15d,15.0,rifampicin,,,,vijay_096_age15d,6.361727836017593,5.0,4.361727836017593,False,1.3617278360175928,MPN/mL; RIF concentration not recorded in deposit,96,IS12,23000.0,0.05,0.06,IS,17.0,0M,Medium,Medium
vijay2024_elife93243,M. tuberculosis,culture_age_15d,15.0,rifampicin,,,,vijay_097_age15d,5.361727836017593,0.0,5.361727836017593,False,1.3617278360175928,MPN/mL; RIF concentration not recorded in deposit,97,IS13,230000.0,0.025,0.06,IS,21.0,0M,Medium,Low
vijay2024_elife93243,M. tuberculosis,culture_age_15d,15.0,rifampicin,,,,vijay_097_age15d,5.361727836017593,2.0,4.361727836017593,False,1.3617278360175928,MPN/mL; RIF concentration not recorded in deposit,97,IS13,23000.0,0.025,0.06,IS,21.0,0M,Medium,Low
vijay2024_elife93243,M. tuberculosis,culture_age_15d,15.0,rifampicin,,,,vijay_097_age15d,5.361727836017593,5.0,3.361727836017593,False,1.3617278360175928,MPN/mL; RIF concentration not recorded in deposit,97,IS13,2300.0,0.025,0.06,IS,21.0,0M,Medium,Low
vijay2024_elife93243,M. tuberculosis,culture_age_15d,15.0,rifampicin,,,,vijay_098_age15d,7.361727836017593,0.0,7.361727836017593,False,1.3617278360175928,MPN/mL; RIF concentration not recorded in deposit,98,IS14,23000000.0,0.025,0.06,IS,17.0,0M,Medium,Medium
vijay2024_elife93243,M. tuberculosis,culture_age_15d,15.0,rifampicin,,,,vijay_098_age15d,7.361727836017593,2.0,5.361727836017593,False,1.3617278360175928,MPN/mL; RIF concentration not recorded in deposit,98,IS14,230000.0,0.025,0.06,IS,17.0,0M,Medium,Medium
vijay2024_elife93243,M. tuberculosis,culture_age_15d,15.0,rifampicin,,,,vijay_098_age15d,7.361727836017593,5.0,4.785329835010767,False,1.3617278360175928,MPN/mL; RIF concentration not recorded in deposit,98,IS14,61000.0,0.025,0.06,IS,17.0,0M,Medium,Medium
vijay2024_elife93243,M. tuberculosis,culture_age_15d,15.0,rifampicin,,,,vijay_099_age15d,5.785329835010767,0.0,5.785329835010767,False,1.3617278360175928,MPN/mL; RIF concentration not recorded in deposit,99,IS15,610000.0,0.025,0.06,IS,18.0,0M,Low,Medium
vijay2024_elife93243,M. tuberculosis,culture_age_15d,15.0,rifampicin,,,,vijay_099_age15d,5.785329835010767,2.0,4.361727836017593,False,1.3617278360175928,MPN/mL; RIF concentration not recorded in deposit,99,IS15,23000.0,0.025,0.06,IS,18.0,0M,Low,Medium
vijay2024_elife93243,M. tuberculosis,culture_age_15d,15.0,rifampicin,,,,vijay_099_age15d,5.785329835010767,5.0,2.361727836017593,False,1.3617278360175928,MPN/mL; RIF concentration not recorded in deposit,99,IS15,230.0,0.025,0.06,IS,18.0,0M,Low,Medium
vijay2024_elife93243,M. tuberculosis,culture_age_15d,15.0,rifampicin,,,,vijay_100_age15d,6.361727836017593,0.0,6.361727836017593,False,1.3617278360175928,MPN/mL; RIF concentration not recorded in deposit,100,IS16,2300000.0,0.025,0.06,IS,15.0,0M,Medium,Medium
vijay2024_elife93243,M. tuberculosis,culture_age_15d,15.0,rifampicin,,,,vijay_100_age15d,6.361727836017593,2.0,4.361727836017593,False,1.3617278360175928,MPN/mL; RIF concentration not recorded in deposit,100,IS16,23000.0,0.025,0.06,IS,15.0,0M,Medium,Medium
vijay2024_elife93243,M. tuberculosis,culture_age_15d,15.0,rifampicin,,,,vijay_100_age15d,6.361727836017593,5.0,4.361727836017593,False,1.3617278360175928,MPN/mL; RIF concentration not recorded in deposit,100,IS16,23000.0,0.025,0.06,IS,15.0,0M,Medium,Medium
vijay2024_elife93243,M. tuberculosis,culture_age_15d,15.0,rifampicin,,,,vijay_101_age15d,7.361727836017593,0.0,7.361727836017593,False,1.3617278360175928,MPN/mL; RIF concentration not recorded in deposit,101,IS17,23000000.0,0.05,0.12,IS,17.0,0M,Medium,High
vijay2024_elife93243,M. tuberculosis,culture_age_15d,15.0,rifampicin,,,,vijay_101_age15d,7.361727836017593,2.0,4.361727836017593,False,1.3617278360175928,MPN/mL; RIF concentration not recorded in deposit,101,IS17,23000.0,0.05,0.12,IS,17.0,0M,Medium,High
vijay2024_elife93243,M. tuberculosis,culture_age_15d,15.0,rifampicin,,,,vijay_101_age15d,7.361727836017593,5.0,4.361727836017593,False,1.3617278360175928,MPN/mL; RIF concentration not recorded in deposit,101,IS17,23000.0,0.05,0.12,IS,17.0,0M,Medium,High
vijay2024_elife93243,M. tuberculosis,culture_age_15d,15.0,rifampicin,,,,vijay_102_age15d,6.361727836017593,0.0,6.361727836017593,False,1.3617278360175928,MPN/mL; RIF concentration not recorded in deposit,102,IS18,2300000.0,0.05,0.06,IS,15.0,0M,Low,Low
vijay2024_elife93243,M. tuberculosis,culture_age_15d,15.0,rifampicin,,,,vijay_102_age15d,6.361727836017593,2.0,2.361727836017593,False,1.3617278360175928,MPN/mL; RIF concentration not recorded in deposit,102,IS18,230.0,0.05,0.06,IS,15.0,0M,Low,Low
vijay2024_elife93243,M. tuberculosis,culture_age_15d,15.0,rifampicin,,,,vijay_102_age15d,6.361727836017593,5.0,2.361727836017593,False,1.3617278360175928,MPN/mL; RIF concentration not recorded in deposit,102,IS18,230.0,0.05,0.06,IS,15.0,0M,Low,Low
vijay2024_elife93243,M. tuberculosis,culture_age_15d,15.0,rifampicin,,,,vijay_103_age15d,4.361727836017593,0.0,4.361727836017593,False,1.3617278360175928,MPN/mL; RIF concentration not recorded in deposit,103,IS19,23000.0,0.025,0.12,IS,18.0,0M,Medium,Low
vijay2024_elife93243,M. tuberculosis,culture_age_15d,15.0,rifampicin,,,,vijay_103_age15d,4.361727836017593,2.0,3.361727836017593,False,1.3617278360175928,MPN/mL; RIF concentration not recorded in deposit,103,IS19,2300.0,0.025,0.12,IS,18.0,0M,Medium,Low
vijay2024_elife93243,M. tuberculosis,culture_age_15d,15.0,rifampicin,,,,vijay_103_age15d,4.361727836017593,5.0,,True,1.3617278360175928,MPN/mL; RIF concentration not recorded in deposit; at assay floor 23 MPN/mL,103,IS19,23.0,0.025,0.12,IS,18.0,0M,Medium,Low
vijay2024_elife93243,M. tuberculosis,culture_age_15d,15.0,rifampicin,,,,vijay_104_age15d,5.361727836017593,0.0,5.361727836017593,False,1.3617278360175928,MPN/mL; RIF concentration not recorded in deposit,104,IS20,230000.0,0.025,0.12,IS,15.0,0M,Low,Medium
vijay2024_elife93243,M. tuberculosis,culture_age_15d,15.0,rifampicin,,,,vijay_104_age15d,5.361727836017593,2.0,4.361727836017593,False,1.3617278360175928,MPN/mL; RIF concentration not recorded in deposit,104,IS20,23000.0,0.025,0.12,IS,15.0,0M,Low,Medium
vijay2024_elife93243,M. tuberculosis,culture_age_15d,15.0,rifampicin,,,,vijay_104_age15d,5.361727836017593,5.0,,True,1.3617278360175928,MPN/mL; RIF concentration not recorded in deposit; at assay floor 23 MPN/mL,104,IS20,23.0,0.025,0.12,IS,15.0,0M,Low,Medium
vijay2024_elife93243,M. tuberculosis,culture_age_15d,15.0,rifampicin,,,,vijay_105_age15d,5.785329835010767,0.0,5.785329835010767,False,1.3617278360175928,MPN/mL; RIF concentration not recorded in deposit,105,IS21,610000.0,0.05,0.5,IS,19.0,0M,High,Low
vijay2024_elife93243,M. tuberculosis,culture_age_15d,15.0,rifampicin,,,,vijay_105_age15d,5.785329835010767,2.0,3.361727836017593,False,1.3617278360175928,MPN/mL; RIF concentration not recorded in deposit,105,IS21,2300.0,0.05,0.5,IS,19.0,0M,High,Low
vijay2024_elife93243,M. tuberculosis,culture_age_15d,15.0,rifampicin,,,,vijay_105_age15d,5.785329835010767,5.0,4.785329835010767,False,1.3617278360175928,MPN/mL; RIF concentration not recorded in deposit,105,IS21,61000.0,0.05,0.5,IS,19.0,0M,High,Low
vijay2024_elife93243,M. tuberculosis,culture_age_15d,15.0,rifampicin,,,,vijay_106_age15d,5.361727836017593,0.0,5.361727836017593,False,1.3617278360175928,MPN/mL; RIF concentration not recorded in deposit,106,IS22,230000.0,0.025,0.12,IS,19.0,0M,High,Low
vijay2024_elife93243,M. tuberculosis,culture_age_15d,15.0,rifampicin,,,,vijay_106_age15d,5.361727836017593,2.0,3.361727836017593,False,1.3617278360175928,MPN/mL; RIF concentration not recorded in deposit,106,IS22,2300.0,0.025,0.12,IS,19.0,0M,High,Low
vijay2024_elife93243,M. tuberculosis,culture_age_15d,15.0,rifampicin,,,,vijay_106_age15d,5.361727836017593,5.0,4.361727836017593,False,1.3617278360175928,MPN/mL; RIF concentration not recorded in deposit,106,IS22,23000.0,0.025,0.12,IS,19.0,0M,High,Low
vijay2024_elife93243,M. tuberculosis,culture_age_15d,15.0,rifampicin,,,,vijay_107_age15d,5.361727836017593,0.0,5.361727836017593,False,1.3617278360175928,MPN/mL; RIF concentration not recorded in deposit,107,IS23,230000.0,0.025,0.12,IS,15.0,0M,Medium,Medium
vijay2024_elife93243,M. tuberculosis,culture_age_15d,15.0,rifampicin,,,,vijay_107_age15d,5.361727836017593,2.0,4.361727836017593,False,1.3617278360175928,MPN/mL; RIF concentration not recorded in deposit,107,IS23,23000.0,0.025,0.12,IS,15.0,0M,Medium,Medium
vijay2024_elife93243,M. tuberculosis,culture_age_15d,15.0,rifampicin,,,,vijay_107_age15d,5.361727836017593,5.0,2.361727836017593,False,1.3617278360175928,MPN/mL; RIF concentration not recorded in deposit,107,IS23,230.0,0.025,0.12,IS,15.0,0M,Medium,Medium
vijay2024_elife93243,M. tuberculosis,culture_age_15d,15.0,rifampicin,,,,vijay_108_age15d,6.361727836017593,0.0,6.361727836017593,False,1.3617278360175928,MPN/mL; RIF concentration not recorded in deposit,108,IS24,2300000.0,0.05,0.12,IS,19.0,0M,High,Medium
vijay2024_elife93243,M. tuberculosis,culture_age_15d,15.0,rifampicin,,,,vijay_108_age15d,6.361727836017593,2.0,4.785329835010767,False,1.3617278360175928,MPN/mL; RIF concentration not recorded in deposit,108,IS24,61000.0,0.05,0.12,IS,19.0,0M,High,Medium
vijay2024_elife93243,M. tuberculosis,culture_age_15d,15.0,rifampicin,,,,vijay_108_age15d,6.361727836017593,5.0,4.785329835010767,False,1.3617278360175928,MPN/mL; RIF concentration not recorded in deposit,108,IS24,61000.0,0.05,0.12,IS,19.0,0M,High,Medium
vijay2024_elife93243,M. tuberculosis,culture_age_15d,15.0,rifampicin,,,,vijay_109_age15d,6.361727836017593,0.0,6.361727836017593,False,1.3617278360175928,MPN/mL; RIF concentration not recorded in deposit,109,IS25,2300000.0,0.05,0.06,IS,15.0,0M,High,Medium
vijay2024_elife93243,M. tuberculosis,culture_age_15d,15.0,rifampicin,,,,vijay_109_age15d,6.361727836017593,2.0,5.785329835010767,False,1.3617278360175928,MPN/mL; RIF concentration not recorded in deposit,109,IS25,610000.0,0.05,0.06,IS,15.0,0M,High,Medium
vijay2024_elife93243,M. tuberculosis,culture_age_15d,15.0,rifampicin,,,,vijay_109_age15d,6.361727836017593,5.0,4.785329835010767,False,1.3617278360175928,MPN/mL; RIF concentration not recorded in deposit,109,IS25,61000.0,0.05,0.06,IS,15.0,0M,High,Medium
vijay2024_elife93243,M. tuberculosis,culture_age_15d,15.0,rifampicin,,,,vijay_110_age15d,5.361727836017593,0.0,5.361727836017593,False,1.3617278360175928,MPN/mL; RIF concentration not recorded in deposit,110,IS26,230000.0,0.05,0.12,IS,19.0,0M,High,Medium
vijay2024_elife93243,M. tuberculosis,culture_age_15d,15.0,rifampicin,,,,vijay_110_age15d,5.361727836017593,2.0,4.361727836017593,False,1.3617278360175928,MPN/mL; RIF concentration not recorded in deposit,110,IS26,23000.0,0.05,0.12,IS,19.0,0M,High,Medium
vijay2024_elife93243,M. tuberculosis,culture_age_15d,15.0,rifampicin,,,,vijay_110_age15d,5.361727836017593,5.0,4.361727836017593,False,1.3617278360175928,MPN/mL; RIF concentration not recorded in deposit,110,IS26,23000.0,0.05,0.12,IS,19.0,0M,High,Medium
vijay2024_elife93243,M. tuberculosis,culture_age_15d,15.0,rifampicin,,,,vijay_111_age15d,5.785329835010767,0.0,5.785329835010767,False,1.3617278360175928,MPN/mL; RIF concentration not recorded in deposit,111,IS27,610000.0,0.025,0.12,IS,15.0,0M,Low,Medium
vijay2024_elife93243,M. tuberculosis,culture_age_15d,15.0,rifampicin,,,,vijay_111_age15d,5.785329835010767,2.0,4.361727836017593,False,1.3617278360175928,MPN/mL; RIF concentration not recorded in deposit,111,IS27,23000.0,0.025,0.12,IS,15.0,0M,Low,Medium
vijay2024_elife93243,M. tuberculosis,culture_age_15d,15.0,rifampicin,,,,vijay_111_age15d,5.785329835010767,5.0,2.361727836017593,False,1.3617278360175928,MPN/mL; RIF concentration not recorded in deposit,111,IS27,230.0,0.025,0.12,IS,15.0,0M,Low,Medium
vijay2024_elife93243,M. tuberculosis,culture_age_15d,15.0,rifampicin,,,,vijay_112_age15d,5.361727836017593,0.0,5.361727836017593,False,1.3617278360175928,MPN/mL; RIF concentration not recorded in deposit,112,IS28,230000.0,0.05,0.12,IS,15.0,0M,Medium,Low
vijay2024_elife93243,M. tuberculosis,culture_age_15d,15.0,rifampicin,,,,vijay_112_age15d,5.361727836017593,2.0,3.361727836017593,False,1.3617278360175928,MPN/mL; RIF concentration not recorded in deposit,112,IS28,2300.0,0.05,0.12,IS,15.0,0M,Medium,Low
vijay2024_elife93243,M. tuberculosis,culture_age_15d,15.0,rifampicin,,,,vijay_112_age15d,5.361727836017593,5.0,2.361727836017593,False,1.3617278360175928,MPN/mL; RIF concentration not recorded in deposit,112,IS28,230.0,0.05,0.12,IS,15.0,0M,Medium,Low
vijay2024_elife93243,M. tuberculosis,culture_age_15d,15.0,rifampicin,,,,vijay_113_age15d,4.785329835010767,0.0,4.785329835010767,False,1.3617278360175928,MPN/mL; RIF concentration not recorded in deposit,113,IS29,61000.0,0.025,0.06,IS,29.0,0M,High,Medium
vijay2024_elife93243,M. tuberculosis,culture_age_15d,15.0,rifampicin,,,,vijay_113_age15d,4.785329835010767,2.0,4.361727836017593,False,1.3617278360175928,MPN/mL; RIF concentration not recorded in deposit,113,IS29,23000.0,0.025,0.06,IS,29.0,0M,High,Medium
vijay2024_elife93243,M. tuberculosis,culture_age_15d,15.0,rifampicin,,,,vijay_113_age15d,4.785329835010767,5.0,3.361727836017593,False,1.3617278360175928,MPN/mL; RIF concentration not recorded in deposit,113,IS29,2300.0,0.025,0.06,IS,29.0,0M,High,Medium
vijay2024_elife93243,M. tuberculosis,culture_age_15d,15.0,rifampicin,,,,vijay_114_age15d,6.785329835010767,0.0,6.785329835010767,False,1.3617278360175928,MPN/mL; RIF concentration not recorded in deposit,114,IS30,6100000.0,0.025,0.06,IS,15.0,0M,Medium,Medium
vijay2024_elife93243,M. tuberculosis,culture_age_15d,15.0,rifampicin,,,,vijay_114_age15d,6.785329835010767,2.0,5.361727836017593,False,1.3617278360175928,MPN/mL; RIF concentration not recorded in deposit,114,IS30,230000.0,0.025,0.06,IS,15.0,0M,Medium,Medium
vijay2024_elife93243,M. tuberculosis,culture_age_15d,15.0,rifampicin,,,,vijay_114_age15d,6.785329835010767,5.0,3.785329835010767,False,1.3617278360175928,MPN/mL; RIF concentration not recorded in deposit,114,IS30,6100.0,0.025,0.06,IS,15.0,0M,Medium,Medium
vijay2024_elife93243,M. tuberculosis,culture_age_15d,15.0,rifampicin,,,,vijay_115_age15d,6.361727836017593,0.0,6.361727836017593,False,1.3617278360175928,MPN/mL; RIF concentration not recorded in deposit,115,IS31,2300000.0,0.025,0.12,IS,15.0,0M,Medium,Low
vijay2024_elife93243,M. tuberculosis,culture_age_15d,15.0,rifampicin,,,,vijay_115_age15d,6.361727836017593,2.0,5.361727836017593,False,1.3617278360175928,MPN/mL; RIF concentration not recorded in deposit,115,IS31,230000.0,0.025,0.12,IS,15.0,0M,Medium,Low
vijay2024_elife93243,M. tuberculosis,culture_age_15d,15.0,rifampicin,,,,vijay_115_age15d,6.361727836017593,5.0,3.361727836017593,False,1.3617278360175928,MPN/mL; RIF concentration not recorded in deposit,115,IS31,2300.0,0.025,0.12,IS,15.0,0M,Medium,Low
vijay2024_elife93243,M. tuberculosis,culture_age_15d,15.0,rifampicin,,,,vijay_116_age15d,6.361727836017593,0.0,6.361727836017593,False,1.3617278360175928,MPN/mL; RIF concentration not recorded in deposit,116,IS32,2300000.0,0.05,0.12,IS,15.0,0M,Medium,Medium
vijay2024_elife93243,M. tuberculosis,culture_age_15d,15.0,rifampicin,,,,vijay_116_age15d,6.361727836017593,2.0,5.361727836017593,False,1.3617278360175928,MPN/mL; RIF concentration not recorded in deposit,116,IS32,230000.0,0.05,0.12,IS,15.0,0M,Medium,Medium
vijay2024_elife93243,M. tuberculosis,culture_age_15d,15.0,rifampicin,,,,vijay_116_age15d,6.361727836017593,5.0,4.361727836017593,False,1.3617278360175928,MPN/mL; RIF concentration not recorded in deposit,116,IS32,23000.0,0.05,0.12,IS,15.0,0M,Medium,Medium
vijay2024_elife93243,M. tuberculosis,culture_age_15d,15.0,rifampicin,,,,vijay_117_age15d,6.361727836017593,0.0,6.361727836017593,False,1.3617278360175928,MPN/mL; RIF concentration not recorded in deposit,117,IS33,2300000.0,0.025,0.06,IS,19.0,0M,Medium,Medium
vijay2024_elife93243,M. tuberculosis,culture_age_15d,15.0,rifampicin,,,,vijay_117_age15d,6.361727836017593,2.0,4.361727836017593,False,1.3617278360175928,MPN/mL; RIF concentration not recorded in deposit,117,IS33,23000.0,0.025,0.06,IS,19.0,0M,Medium,Medium
vijay2024_elife93243,M. tuberculosis,culture_age_15d,15.0,rifampicin,,,,vijay_117_age15d,6.361727836017593,5.0,4.361727836017593,False,1.3617278360175928,MPN/mL; RIF concentration not recorded in deposit,117,IS33,23000.0,0.025,0.06,IS,19.0,0M,Medium,Medium
vijay2024_elife93243,M. tuberculosis,culture_age_15d,15.0,rifampicin,,,,vijay_118_age15d,5.361727836017593,0.0,5.361727836017593,False,1.3617278360175928,MPN/mL; RIF concentration not recorded in deposit,118,IS34,230000.0,0.025,0.06,IS,15.0,0M,Low,Medium
vijay2024_elife93243,M. tuberculosis,culture_age_15d,15.0,rifampicin,,,,vijay_118_age15d,5.361727836017593,2.0,4.361727836017593,False,1.3617278360175928,MPN/mL; RIF concentration not recorded in deposit,118,IS34,23000.0,0.025,0.06,IS,15.0,0M,Low,Medium
vijay2024_elife93243,M. tuberculosis,culture_age_15d,15.0,rifampicin,,,,vijay_118_age15d,5.361727836017593,5.0,,True,1.3617278360175928,MPN/mL; RIF concentration not recorded in deposit; at assay floor 23 MPN/mL,118,IS34,23.0,0.025,0.06,IS,15.0,0M,Low,Medium
vijay2024_elife93243,M. tuberculosis,culture_age_15d,15.0,rifampicin,,,,vijay_119_age15d,7.361727836017593,0.0,7.361727836017593,False,1.3617278360175928,MPN/mL; RIF concentration not recorded in deposit,119,IS35,23000000.0,0.025,0.06,IS,15.0,0M,Medium,High
vijay2024_elife93243,M. tuberculosis,culture_age_15d,15.0,rifampicin,,,,vijay_119_age15d,7.361727836017593,2.0,5.785329835010767,False,1.3617278360175928,MPN/mL; RIF concentration not recorded in deposit,119,IS35,610000.0,0.025,0.06,IS,15.0,0M,Medium,High
vijay2024_elife93243,M. tuberculosis,culture_age_15d,15.0,rifampicin,,,,vijay_119_age15d,7.361727836017593,5.0,4.361727836017593,False,1.3617278360175928,MPN/mL; RIF concentration not recorded in deposit,119,IS35,23000.0,0.025,0.06,IS,15.0,0M,Medium,High
vijay2024_elife93243,M. tuberculosis,culture_age_15d,15.0,rifampicin,,,,vijay_120_age15d,6.785329835010767,0.0,6.785329835010767,False,1.3617278360175928,MPN/mL; RIF concentration not recorded in deposit,120,IS36,6100000.0,0.025,0.06,IS,15.0,0M,Medium,Low
vijay2024_elife93243,M. tuberculosis,culture_age_15d,15.0,rifampicin,,,,vijay_120_age15d,6.785329835010767,2.0,5.785329835010767,False,1.3617278360175928,MPN/mL; RIF concentration not recorded in deposit,120,IS36,610000.0,0.025,0.06,IS,15.0,0M,Medium,Low
vijay2024_elife93243,M. tuberculosis,culture_age_15d,15.0,rifampicin,,,,vijay_120_age15d,6.785329835010767,5.0,3.785329835010767,False,1.3617278360175928,MPN/mL; RIF concentration not recorded in deposit,120,IS36,6100.0,0.025,0.06,IS,15.0,0M,Medium,Low
vijay2024_elife93243,M. tuberculosis,culture_age_15d,15.0,rifampicin,,,,vijay_121_age15d,5.785329835010767,0.0,5.785329835010767,False,1.3617278360175928,MPN/mL; RIF concentration not recorded in deposit,121,IS37,610000.0,0.025,0.06,IS,19.0,0M,High,High
vijay2024_elife93243,M. tuberculosis,culture_age_15d,15.0,rifampicin,,,,vijay_121_age15d,5.785329835010767,2.0,4.361727836017593,False,1.3617278360175928,MPN/mL; RIF concentration not recorded in deposit,121,IS37,23000.0,0.025,0.06,IS,19.0,0M,High,High
vijay2024_elife93243,M. tuberculosis,culture_age_15d,15.0,rifampicin,,,,vijay_121_age15d,5.785329835010767,5.0,4.361727836017593,False,1.3617278360175928,MPN/mL; RIF concentration not recorded in deposit,121,IS37,23000.0,0.025,0.06,IS,19.0,0M,High,High
vijay2024_elife93243,M. tuberculosis,culture_age_15d,15.0,rifampicin,,,,vijay_122_age15d,6.361727836017593,0.0,6.361727836017593,False,1.3617278360175928,MPN/mL; RIF concentration not recorded in deposit,122,IS38,2300000.0,0.025,0.25,IS,15.0,0M,Low,Medium
vijay2024_elife93243,M. tuberculosis,culture_age_15d,15.0,rifampicin,,,,vijay_122_age15d,6.361727836017593,2.0,4.785329835010767,False,1.3617278360175928,MPN/mL; RIF concentration not recorded in deposit,122,IS38,61000.0,0.025,0.25,IS,15.0,0M,Low,Medium
vijay2024_elife93243,M. tuberculosis,culture_age_15d,15.0,rifampicin,,,,vijay_122_age15d,6.361727836017593,5.0,2.361727836017593,False,1.3617278360175928,MPN/mL; RIF concentration not recorded in deposit,122,IS38,230.0,0.025,0.25,IS,15.0,0M,Low,Medium
vijay2024_elife93243,M. tuberculosis,culture_age_15d,15.0,rifampicin,,,,vijay_123_age15d,6.361727836017593,0.0,6.361727836017593,False,1.3617278360175928,MPN/mL; RIF concentration not recorded in deposit,123,IS39,2300000.0,0.05,0.25,IS,15.0,0M,Medium,Medium
vijay2024_elife93243,M. tuberculosis,culture_age_15d,15.0,rifampicin,,,,vijay_123_age15d,6.361727836017593,2.0,4.361727836017593,False,1.3617278360175928,MPN/mL; RIF concentration not recorded in deposit,123,IS39,23000.0,0.05,0.25,IS,15.0,0M,Medium,Medium
vijay2024_elife93243,M. tuberculosis,culture_age_15d,15.0,rifampicin,,,,vijay_123_age15d,6.361727836017593,5.0,4.361727836017593,False,1.3617278360175928,MPN/mL; RIF concentration not recorded in deposit,123,IS39,23000.0,0.05,0.25,IS,15.0,0M,Medium,Medium
vijay2024_elife93243,M. tuberculosis,culture_age_15d,15.0,rifampicin,,,,vijay_124_age15d,7.361727836017593,0.0,7.361727836017593,False,1.3617278360175928,MPN/mL; RIF concentration not recorded in deposit,124,IS40,23000000.0,0.025,0.06,IS,15.0,0M,Medium,Medium
vijay2024_elife93243,M. tuberculosis,culture_age_15d,15.0,rifampicin,,,,vijay_124_age15d,7.361727836017593,2.0,5.785329835010767,False,1.3617278360175928,MPN/mL; RIF concentration not recorded in deposit,124,IS40,610000.0,0.025,0.06,IS,15.0,0M,Medium,Medium
vijay2024_elife93243,M. tuberculosis,culture_age_15d,15.0,rifampicin,,,,vijay_124_age15d,7.361727836017593,5.0,4.361727836017593,False,1.3617278360175928,MPN/mL; RIF concentration not recorded in deposit,124,IS40,23000.0,0.025,0.06,IS,15.0,0M,Medium,Medium
vijay2024_elife93243,M. tuberculosis,culture_age_15d,15.0,rifampicin,,,,vijay_125_age15d,6.361727836017593,0.0,6.361727836017593,False,1.3617278360175928,MPN/mL; RIF concentration not recorded in deposit,125,IS41,2300000.0,0.025,0.06,IS,15.0,0M,Low,High
vijay2024_elife93243,M. tuberculosis,culture_age_15d,15.0,rifampicin,,,,vijay_125_age15d,6.361727836017593,2.0,4.785329835010767,False,1.3617278360175928,MPN/mL; RIF concentration not recorded in deposit,125,IS41,61000.0,0.025,0.06,IS,15.0,0M,Low,High
vijay2024_elife93243,M. tuberculosis,culture_age_15d,15.0,rifampicin,,,,vijay_125_age15d,6.361727836017593,5.0,2.361727836017593,False,1.3617278360175928,MPN/mL; RIF concentration not recorded in deposit,125,IS41,230.0,0.025,0.06,IS,15.0,0M,Low,High
vijay2024_elife93243,M. tuberculosis,culture_age_15d,15.0,rifampicin,,,,vijay_126_age15d,6.361727836017593,0.0,6.361727836017593,False,1.3617278360175928,MPN/mL; RIF concentration not recorded in deposit,126,IS42,2300000.0,0.05,0.06,IS,15.0,0M,Medium,Medium
vijay2024_elife93243,M. tuberculosis,culture_age_15d,15.0,rifampicin,,,,vijay_126_age15d,6.361727836017593,2.0,4.361727836017593,False,1.3617278360175928,MPN/mL; RIF concentration not recorded in deposit,126,IS42,23000.0,0.05,0.06,IS,15.0,0M,Medium,Medium
vijay2024_elife93243,M. tuberculosis,culture_age_15d,15.0,rifampicin,,,,vijay_126_age15d,6.361727836017593,5.0,3.361727836017593,False,1.3617278360175928,MPN/mL; RIF concentration not recorded in deposit,126,IS42,2300.0,0.05,0.06,IS,15.0,0M,Medium,Medium
vijay2024_elife93243,M. tuberculosis,culture_age_15d,15.0,rifampicin,,,,vijay_127_age15d,6.361727836017593,0.0,6.361727836017593,False,1.3617278360175928,MPN/mL; RIF concentration not recorded in deposit,127,IS43,2300000.0,0.05,0.12,IS,19.0,0M,High,High
vijay2024_elife93243,M. tuberculosis,culture_age_15d,15.0,rifampicin,,,,vijay_127_age15d,6.361727836017593,2.0,5.361727836017593,False,1.3617278360175928,MPN/mL; RIF concentration not recorded in deposit,127,IS43,230000.0,0.05,0.12,IS,19.0,0M,High,High
vijay2024_elife93243,M. tuberculosis,culture_age_15d,15.0,rifampicin,,,,vijay_127_age15d,6.361727836017593,5.0,4.785329835010767,False,1.3617278360175928,MPN/mL; RIF concentration not recorded in deposit,127,IS43,61000.0,0.05,0.12,IS,19.0,0M,High,High
vijay2024_elife93243,M. tuberculosis,culture_age_15d,15.0,rifampicin,,,,vijay_128_age15d,6.785329835010767,0.0,6.785329835010767,False,1.3617278360175928,MPN/mL; RIF concentration not recorded in deposit,128,IS44,6100000.0,0.05,0.25,IS,15.0,0M,Low,Medium
vijay2024_elife93243,M. tuberculosis,culture_age_15d,15.0,rifampicin,,,,vijay_128_age15d,6.785329835010767,2.0,4.785329835010767,False,1.3617278360175928,MPN/mL; RIF concentration not recorded in deposit,128,IS44,61000.0,0.05,0.25,IS,15.0,0M,Low,Medium
vijay2024_elife93243,M. tuberculosis,culture_age_15d,15.0,rifampicin,,,,vijay_128_age15d,6.785329835010767,5.0,,True,1.3617278360175928,MPN/mL; RIF concentration not recorded in deposit; at assay floor 23 MPN/mL,128,IS44,23.0,0.05,0.25,IS,15.0,0M,Low,Medium
vijay2024_elife93243,M. tuberculosis,culture_age_15d,15.0,rifampicin,,,,vijay_129_age15d,6.785329835010767,0.0,6.785329835010767,False,1.3617278360175928,MPN/mL; RIF concentration not recorded in deposit,129,IS45,6100000.0,0.05,0.06,IS,15.0,0M,Medium,Medium
vijay2024_elife93243,M. tuberculosis,culture_age_15d,15.0,rifampicin,,,,vijay_129_age15d,6.785329835010767,2.0,4.361727836017593,False,1.3617278360175928,MPN/mL; RIF concentration not recorded in deposit,129,IS45,23000.0,0.05,0.06,IS,15.0,0M,Medium,Medium
vijay2024_elife93243,M. tuberculosis,culture_age_15d,15.0,rifampicin,,,,vijay_129_age15d,6.785329835010767,5.0,3.785329835010767,False,1.3617278360175928,MPN/mL; RIF concentration not recorded in deposit,129,IS45,6100.0,0.05,0.06,IS,15.0,0M,Medium,Medium
vijay2024_elife93243,M. tuberculosis,culture_age_15d,15.0,rifampicin,,,,vijay_130_age15d,6.785329835010767,0.0,6.785329835010767,False,1.3617278360175928,MPN/mL; RIF concentration not recorded in deposit,130,IS46,6100000.0,0.05,0.06,IS,19.0,0M,Medium,Low
vijay2024_elife93243,M. tuberculosis,culture_age_15d,15.0,rifampicin,,,,vijay_130_age15d,6.785329835010767,2.0,4.361727836017593,False,1.3617278360175928,MPN/mL; RIF concentration not recorded in deposit,130,IS46,23000.0,0.05,0.06,IS,19.0,0M,Medium,Low
vijay2024_elife93243,M. tuberculosis,culture_age_15d,15.0,rifampicin,,,,vijay_130_age15d,6.785329835010767,5.0,4.361727836017593,False,1.3617278360175928,MPN/mL; RIF concentration not recorded in deposit,130,IS46,23000.0,0.05,0.06,IS,19.0,0M,Medium,Low
vijay2024_elife93243,M. tuberculosis,culture_age_15d,15.0,rifampicin,,,,vijay_131_age15d,6.361727836017593,0.0,6.361727836017593,False,1.3617278360175928,MPN/mL; RIF concentration not recorded in deposit,131,IS47,2300000.0,0.025,0.06,IS,19.0,0M,Medium,Medium
vijay2024_elife93243,M. tuberculosis,culture_age_15d,15.0,rifampicin,,,,vijay_131_age15d,6.361727836017593,2.0,4.361727836017593,False,1.3617278360175928,MPN/mL; RIF concentration not recorded in deposit,131,IS47,23000.0,0.025,0.06,IS,19.0,0M,Medium,Medium
vijay2024_elife93243,M. tuberculosis,culture_age_15d,15.0,rifampicin,,,,vijay_131_age15d,6.361727836017593,5.0,4.361727836017593,False,1.3617278360175928,MPN/mL; RIF concentration not recorded in deposit,131,IS47,23000.0,0.025,0.06,IS,19.0,0M,Medium,Medium
vijay2024_elife93243,M. tuberculosis,culture_age_15d,15.0,rifampicin,,,,vijay_132_age15d,5.361727836017593,0.0,5.361727836017593,False,1.3617278360175928,MPN/mL; RIF concentration not recorded in deposit,132,IS48,230000.0,0.05,0.12,IS,19.0,0M,Medium,Medium
vijay2024_elife93243,M. tuberculosis,culture_age_15d,15.0,rifampicin,,,,vijay_132_age15d,5.361727836017593,2.0,3.785329835010767,False,1.3617278360175928,MPN/mL; RIF concentration not recorded in deposit,132,IS48,6100.0,0.05,0.12,IS,19.0,0M,Medium,Medium
vijay2024_elife93243,M. tuberculosis,culture_age_15d,15.0,rifampicin,,,,vijay_132_age15d,5.361727836017593,5.0,3.361727836017593,False,1.3617278360175928,MPN/mL; RIF concentration not recorded in deposit,132,IS48,2300.0,0.05,0.12,IS,19.0,0M,Medium,Medium
vijay2024_elife93243,M. tuberculosis,culture_age_15d,15.0,rifampicin,,,,vijay_133_age15d,5.361727836017593,0.0,5.361727836017593,False,1.3617278360175928,MPN/mL; RIF concentration not recorded in deposit,133,IS49,230000.0,0.05,0.06,IS,19.0,0M,High,Medium
vijay2024_elife93243,M. tuberculosis,culture_age_15d,15.0,rifampicin,,,,vijay_133_age15d,5.361727836017593,2.0,5.361727836017593,False,1.3617278360175928,MPN/mL; RIF concentration not recorded in deposit,133,IS49,230000.0,0.05,0.06,IS,19.0,0M,High,Medium
vijay2024_elife93243,M. tuberculosis,culture_age_15d,15.0,rifampicin,,,,vijay_133_age15d,5.361727836017593,5.0,4.361727836017593,False,1.3617278360175928,MPN/mL; RIF concentration not recorded in deposit,133,IS49,23000.0,0.05,0.06,IS,19.0,0M,High,Medium
vijay2024_elife93243,M. tuberculosis,culture_age_15d,15.0,rifampicin,,,,vijay_134_age15d,6.361727836017593,0.0,6.361727836017593,False,1.3617278360175928,MPN/mL; RIF concentration not recorded in deposit,134,IS50,2300000.0,0.05,0.06,IS,15.0,0M,Medium,Medium
vijay2024_elife93243,M. tuberculosis,culture_age_15d,15.0,rifampicin,,,,vijay_134_age15d,6.361727836017593,2.0,5.361727836017593,False,1.3617278360175928,MPN/mL; RIF concentration not recorded in deposit,134,IS50,230000.0,0.05,0.06,IS,15.0,0M,Medium,Medium
vijay2024_elife93243,M. tuberculosis,culture_age_15d,15.0,rifampicin,,,,vijay_134_age15d,6.361727836017593,5.0,4.361727836017593,False,1.3617278360175928,MPN/mL; RIF concentration not recorded in deposit,134,IS50,23000.0,0.05,0.06,IS,15.0,0M,Medium,Medium
vijay2024_elife93243,M. tuberculosis,culture_age_15d,15.0,rifampicin,,,,vijay_135_age15d,5.361727836017593,0.0,5.361727836017593,False,1.3617278360175928,MPN/mL; RIF concentration not recorded in deposit,135,IS51,230000.0,0.05,0.25,IS,15.0,0M,Low,Low
vijay2024_elife93243,M. tuberculosis,culture_age_15d,15.0,rifampicin,,,,vijay_135_age15d,5.361727836017593,2.0,3.361727836017593,False,1.3617278360175928,MPN/mL; RIF concentration not recorded in deposit,135,IS51,2300.0,0.05,0.25,IS,15.0,0M,Low,Low
vijay2024_elife93243,M. tuberculosis,culture_age_15d,15.0,rifampicin,,,,vijay_135_age15d,5.361727836017593,5.0,,True,1.3617278360175928,MPN/mL; RIF concentration not recorded in deposit; at assay floor 23 MPN/mL,135,IS51,23.0,0.05,0.25,IS,15.0,0M,Low,Low
vijay2024_elife93243,M. tuberculosis,culture_age_15d,15.0,rifampicin,,,,vijay_136_age15d,6.361727836017593,0.0,6.361727836017593,False,1.3617278360175928,MPN/mL; RIF concentration not recorded in deposit,136,IS52,2300000.0,0.025,0.12,IS,19.0,0M,Medium,Medium
vijay2024_elife93243,M. tuberculosis,culture_age_15d,15.0,rifampicin,,,,vijay_136_age15d,6.361727836017593,2.0,4.361727836017593,False,1.3617278360175928,MPN/mL; RIF concentration not recorded in deposit,136,IS52,23000.0,0.025,0.12,IS,19.0,0M,Medium,Medium
vijay2024_elife93243,M. tuberculosis,culture_age_15d,15.0,rifampicin,,,,vijay_136_age15d,6.361727836017593,5.0,4.361727836017593,False,1.3617278360175928,MPN/mL; RIF concentration not recorded in deposit,136,IS52,23000.0,0.025,0.12,IS,19.0,0M,Medium,Medium
vijay2024_elife93243,M. tuberculosis,culture_age_15d,15.0,rifampicin,,,,vijay_137_age15d,6.361727836017593,0.0,6.361727836017593,False,1.3617278360175928,MPN/mL; RIF concentration not recorded in deposit,137,IS53,2300000.0,0.05,0.25,IS,15.0,0M,Low,Low
vijay2024_elife93243,M. tuberculosis,culture_age_15d,15.0,rifampicin,,,,vijay_137_age15d,6.361727836017593,2.0,5.361727836017593,False,1.3617278360175928,MPN/mL; RIF concentration not recorded in deposit,137,IS53,230000.0,0.05,0.25,IS,15.0,0M,Low,Low
vijay2024_elife93243,M. tuberculosis,culture_age_15d,15.0,rifampicin,,,,vijay_137_age15d,6.361727836017593,5.0,,True,1.3617278360175928,MPN/mL; RIF concentration not recorded in deposit; at assay floor 23 MPN/mL,137,IS53,23.0,0.05,0.25,IS,15.0,0M,Low,Low
vijay2024_elife93243,M. tuberculosis,culture_age_15d,15.0,rifampicin,,,,vijay_138_age15d,5.361727836017593,0.0,5.361727836017593,False,1.3617278360175928,MPN/mL; RIF concentration not recorded in deposit,138,IS54,230000.0,0.025,0.06,IS,15.0,0M,Low,Low
vijay2024_elife93243,M. tuberculosis,culture_age_15d,15.0,rifampicin,,,,vijay_138_age15d,5.361727836017593,2.0,3.361727836017593,False,1.3617278360175928,MPN/mL; RIF concentration not recorded in deposit,138,IS54,2300.0,0.025,0.06,IS,15.0,0M,Low,Low
vijay2024_elife93243,M. tuberculosis,culture_age_15d,15.0,rifampicin,,,,vijay_138_age15d,5.361727836017593,5.0,,True,1.3617278360175928,MPN/mL; RIF concentration not recorded in deposit; at assay floor 23 MPN/mL,138,IS54,23.0,0.025,0.06,IS,15.0,0M,Low,Low
vijay2024_elife93243,M. tuberculosis,culture_age_15d,15.0,rifampicin,,,,vijay_139_age15d,6.361727836017593,0.0,6.361727836017593,False,1.3617278360175928,MPN/mL; RIF concentration not recorded in deposit,139,IS55,2300000.0,0.05,0.06,IS,19.0,0M,Medium,Low
vijay2024_elife93243,M. tuberculosis,culture_age_15d,15.0,rifampicin,,,,vijay_139_age15d,6.361727836017593,2.0,4.361727836017593,False,1.3617278360175928,MPN/mL; RIF concentration not recorded in deposit,139,IS55,23000.0,0.05,0.06,IS,19.0,0M,Medium,Low
vijay2024_elife93243,M. tuberculosis,culture_age_15d,15.0,rifampicin,,,,vijay_139_age15d,6.361727836017593,5.0,3.361727836017593,False,1.3617278360175928,MPN/mL; RIF concentration not recorded in deposit,139,IS55,2300.0,0.05,0.06,IS,19.0,0M,Medium,Low
vijay2024_elife93243,M. tuberculosis,culture_age_15d,15.0,rifampicin,,,,vijay_140_age15d,6.361727836017593,0.0,6.361727836017593,False,1.3617278360175928,MPN/mL; RIF concentration not recorded in deposit,140,IS56,2300000.0,0.05,0.25,IS,19.0,0M,High,Medium
vijay2024_elife93243,M. tuberculosis,culture_age_15d,15.0,rifampicin,,,,vijay_140_age15d,6.361727836017593,2.0,5.361727836017593,False,1.3617278360175928,MPN/mL; RIF concentration not recorded in deposit,140,IS56,230000.0,0.05,0.25,IS,19.0,0M,High,Medium
vijay2024_elife93243,M. tuberculosis,culture_age_15d,15.0,rifampicin,,,,vijay_140_age15d,6.361727836017593,5.0,4.785329835010767,False,1.3617278360175928,MPN/mL; RIF concentration not recorded in deposit,140,IS56,61000.0,0.05,0.25,IS,19.0,0M,High,Medium
vijay2024_elife93243,M. tuberculosis,culture_age_15d,15.0,rifampicin,,,,vijay_141_age15d,5.785329835010767,0.0,5.785329835010767,False,1.3617278360175928,MPN/mL; RIF concentration not recorded in deposit,141,IS57,610000.0,0.025,0.06,IS,19.0,0M,Medium,Low
vijay2024_elife93243,M. tuberculosis,culture_age_15d,15.0,rifampicin,,,,vijay_141_age15d,5.785329835010767,2.0,4.361727836017593,False,1.3617278360175928,MPN/mL; RIF concentration not recorded in deposit,141,IS57,23000.0,0.025,0.06,IS,19.0,0M,Medium,Low
vijay2024_elife93243,M. tuberculosis,culture_age_15d,15.0,rifampicin,,,,vijay_141_age15d,5.785329835010767,5.0,3.361727836017593,False,1.3617278360175928,MPN/mL; RIF concentration not recorded in deposit,141,IS57,2300.0,0.025,0.06,IS,19.0,0M,Medium,Low
vijay2024_elife93243,M. tuberculosis,culture_age_15d,15.0,rifampicin,,,,vijay_142_age15d,6.361727836017593,0.0,6.361727836017593,False,1.3617278360175928,MPN/mL; RIF concentration not recorded in deposit,142,IS58,2300000.0,0.025,0.06,IS,15.0,0M,Low,Low
vijay2024_elife93243,M. tuberculosis,culture_age_15d,15.0,rifampicin,,,,vijay_142_age15d,6.361727836017593,2.0,4.361727836017593,False,1.3617278360175928,MPN/mL; RIF concentration not recorded in deposit,142,IS58,23000.0,0.025,0.06,IS,15.0,0M,Low,Low
vijay2024_elife93243,M. tuberculosis,culture_age_15d,15.0,rifampicin,,,,vijay_142_age15d,6.361727836017593,5.0,2.361727836017593,False,1.3617278360175928,MPN/mL; RIF concentration not recorded in deposit,142,IS58,230.0,0.025,0.06,IS,15.0,0M,Low,Low
vijay2024_elife93243,M. tuberculosis,culture_age_15d,15.0,rifampicin,,,,vijay_143_age15d,5.361727836017593,0.0,5.361727836017593,False,1.3617278360175928,MPN/mL; RIF concentration not recorded in deposit,143,IS59,230000.0,0.025,0.06,IS,19.0,0M,Medium,Medium
vijay2024_elife93243,M. tuberculosis,culture_age_15d,15.0,rifampicin,,,,vijay_143_age15d,5.361727836017593,2.0,3.361727836017593,False,1.3617278360175928,MPN/mL; RIF concentration not recorded in deposit,143,IS59,2300.0,0.025,0.06,IS,19.0,0M,Medium,Medium
vijay2024_elife93243,M. tuberculosis,culture_age_15d,15.0,rifampicin,,,,vijay_143_age15d,5.361727836017593,5.0,2.361727836017593,False,1.3617278360175928,MPN/mL; RIF concentration not recorded in deposit,143,IS59,230.0,0.025,0.06,IS,19.0,0M,Medium,Medium
vijay2024_elife93243,M. tuberculosis,culture_age_15d,15.0,rifampicin,,,,vijay_144_age15d,6.361727836017593,0.0,6.361727836017593,False,1.3617278360175928,MPN/mL; RIF concentration not recorded in deposit,144,IS60,2300000.0,0.025,0.06,IS,19.0,0M,High,Medium
vijay2024_elife93243,M. tuberculosis,culture_age_15d,15.0,rifampicin,,,,vijay_144_age15d,6.361727836017593,2.0,4.361727836017593,False,1.3617278360175928,MPN/mL; RIF concentration not recorded in deposit,144,IS60,23000.0,0.025,0.06,IS,19.0,0M,High,Medium
vijay2024_elife93243,M. tuberculosis,culture_age_15d,15.0,rifampicin,,,,vijay_144_age15d,6.361727836017593,5.0,4.785329835010767,False,1.3617278360175928,MPN/mL; RIF concentration not recorded in deposit,144,IS60,61000.0,0.025,0.06,IS,19.0,0M,High,Medium
vijay2024_elife93243,M. tuberculosis,culture_age_15d,15.0,rifampicin,,,,vijay_145_age15d,7.361727836017593,0.0,7.361727836017593,False,1.3617278360175928,MPN/mL; RIF concentration not recorded in deposit,145,IS61,23000000.0,0.05,0.12,IS,19.0,0M,Medium,Medium
vijay2024_elife93243,M. tuberculosis,culture_age_15d,15.0,rifampicin,,,,vijay_145_age15d,7.361727836017593,2.0,5.361727836017593,False,1.3617278360175928,MPN/mL; RIF concentration not recorded in deposit,145,IS61,230000.0,0.05,0.12,IS,19.0,0M,Medium,Medium
vijay2024_elife93243,M. tuberculosis,culture_age_15d,15.0,rifampicin,,,,vijay_145_age15d,7.361727836017593,5.0,5.361727836017593,False,1.3617278360175928,MPN/mL; RIF concentration not recorded in deposit,145,IS61,230000.0,0.05,0.12,IS,19.0,0M,Medium,Medium
vijay2024_elife93243,M. tuberculosis,culture_age_15d,15.0,rifampicin,,,,vijay_146_age15d,6.785329835010767,0.0,6.785329835010767,False,1.3617278360175928,MPN/mL; RIF concentration not recorded in deposit,146,IS62,6100000.0,0.05,0.12,IS,15.0,0M,Medium,Medium
vijay2024_elife93243,M. tuberculosis,culture_age_15d,15.0,rifampicin,,,,vijay_146_age15d,6.785329835010767,2.0,5.361727836017593,False,1.3617278360175928,MPN/mL; RIF concentration not recorded in deposit,146,IS62,230000.0,0.05,0.12,IS,15.0,0M,Medium,Medium
vijay2024_elife93243,M. tuberculosis,culture_age_15d,15.0,rifampicin,,,,vijay_146_age15d,6.785329835010767,5.0,4.785329835010767,False,1.3617278360175928,MPN/mL; RIF concentration not recorded in deposit,146,IS62,61000.0,0.05,0.12,IS,15.0,0M,Medium,Medium
vijay2024_elife93243,M. tuberculosis,culture_age_15d,15.0,rifampicin,,,,vijay_147_age15d,6.785329835010767,0.0,6.785329835010767,False,1.3617278360175928,MPN/mL; RIF concentration not recorded in deposit,147,IS63,6100000.0,0.025,0.06,IS,15.0,0M,Medium,Medium
vijay2024_elife93243,M. tuberculosis,culture_age_15d,15.0,rifampicin,,,,vijay_147_age15d,6.785329835010767,2.0,5.361727836017593,False,1.3617278360175928,MPN/mL; RIF concentration not recorded in deposit,147,IS63,230000.0,0.025,0.06,IS,15.0,0M,Medium,Medium
vijay2024_elife93243,M. tuberculosis,culture_age_15d,15.0,rifampicin,,,,vijay_147_age15d,6.785329835010767,5.0,4.785329835010767,False,1.3617278360175928,MPN/mL; RIF concentration not recorded in deposit,147,IS63,61000.0,0.025,0.06,IS,15.0,0M,Medium,Medium
vijay2024_elife93243,M. tuberculosis,culture_age_15d,15.0,rifampicin,,,,vijay_148_age15d,5.361727836017593,0.0,5.361727836017593,False,1.3617278360175928,MPN/mL; RIF concentration not recorded in deposit,148,IS64,230000.0,0.025,0.06,IS,22.0,0M,Low,Medium
vijay2024_elife93243,M. tuberculosis,culture_age_15d,15.0,rifampicin,,,,vijay_148_age15d,5.361727836017593,2.0,4.361727836017593,False,1.3617278360175928,MPN/mL; RIF concentration not recorded in deposit,148,IS64,23000.0,0.025,0.06,IS,22.0,0M,Low,Medium
vijay2024_elife93243,M. tuberculosis,culture_age_15d,15.0,rifampicin,,,,vijay_148_age15d,5.361727836017593,5.0,,True,1.3617278360175928,MPN/mL; RIF concentration not recorded in deposit; at assay floor 23 MPN/mL,148,IS64,23.0,0.025,0.06,IS,22.0,0M,Low,Medium
vijay2024_elife93243,M. tuberculosis,culture_age_15d,15.0,rifampicin,,,,vijay_149_age15d,6.361727836017593,0.0,6.361727836017593,False,1.3617278360175928,MPN/mL; RIF concentration not recorded in deposit,149,IS65,2300000.0,0.025,0.12,IS,19.0,0M,Medium,Low
vijay2024_elife93243,M. tuberculosis,culture_age_15d,15.0,rifampicin,,,,vijay_149_age15d,6.361727836017593,2.0,4.785329835010767,False,1.3617278360175928,MPN/mL; RIF concentration not recorded in deposit,149,IS65,61000.0,0.025,0.12,IS,19.0,0M,Medium,Low
vijay2024_elife93243,M. tuberculosis,culture_age_15d,15.0,rifampicin,,,,vijay_149_age15d,6.361727836017593,5.0,3.361727836017593,False,1.3617278360175928,MPN/mL; RIF concentration not recorded in deposit,149,IS65,2300.0,0.025,0.12,IS,19.0,0M,Medium,Low
vijay2024_elife93243,M. tuberculosis,culture_age_15d,15.0,rifampicin,,,,vijay_150_age15d,6.361727836017593,0.0,6.361727836017593,False,1.3617278360175928,MPN/mL; RIF concentration not recorded in deposit,150,IS66,2300000.0,0.025,0.06,IS,19.0,0M,Medium,Medium
vijay2024_elife93243,M. tuberculosis,culture_age_15d,15.0,rifampicin,,,,vijay_150_age15d,6.361727836017593,2.0,4.361727836017593,False,1.3617278360175928,MPN/mL; RIF concentration not recorded in deposit,150,IS66,23000.0,0.025,0.06,IS,19.0,0M,Medium,Medium
vijay2024_elife93243,M. tuberculosis,culture_age_15d,15.0,rifampicin,,,,vijay_150_age15d,6.361727836017593,5.0,4.361727836017593,False,1.3617278360175928,MPN/mL; RIF concentration not recorded in deposit,150,IS66,23000.0,0.025,0.06,IS,19.0,0M,Medium,Medium
vijay2024_elife93243,M. tuberculosis,culture_age_15d,15.0,rifampicin,,,,vijay_151_age15d,6.361727836017593,0.0,6.361727836017593,False,1.3617278360175928,MPN/mL; RIF concentration not recorded in deposit,151,IS67,2300000.0,0.025,0.06,IS,19.0,0M,High,Medium
vijay2024_elife93243,M. tuberculosis,culture_age_15d,15.0,rifampicin,,,,vijay_151_age15d,6.361727836017593,2.0,4.785329835010767,False,1.3617278360175928,MPN/mL; RIF concentration not recorded in deposit,151,IS67,61000.0,0.025,0.06,IS,19.0,0M,High,Medium
vijay2024_elife93243,M. tuberculosis,culture_age_15d,15.0,rifampicin,,,,vijay_151_age15d,6.361727836017593,5.0,4.785329835010767,False,1.3617278360175928,MPN/mL; RIF concentration not recorded in deposit,151,IS67,61000.0,0.025,0.06,IS,19.0,0M,High,Medium
vijay2024_elife93243,M. tuberculosis,culture_age_15d,15.0,rifampicin,,,,vijay_152_age15d,6.361727836017593,0.0,6.361727836017593,False,1.3617278360175928,MPN/mL; RIF concentration not recorded in deposit,152,IS68,2300000.0,0.05,0.12,IS,15.0,0M,Medium,Medium
vijay2024_elife93243,M. tuberculosis,culture_age_15d,15.0,rifampicin,,,,vijay_152_age15d,6.361727836017593,2.0,4.785329835010767,False,1.3617278360175928,MPN/mL; RIF concentration not recorded in deposit,152,IS68,61000.0,0.05,0.12,IS,15.0,0M,Medium,Medium
vijay2024_elife93243,M. tuberculosis,culture_age_15d,15.0,rifampicin,,,,vijay_152_age15d,6.361727836017593,5.0,3.785329835010767,False,1.3617278360175928,MPN/mL; RIF concentration not recorded in deposit,152,IS68,6100.0,0.05,0.12,IS,15.0,0M,Medium,Medium
vijay2024_elife93243,M. tuberculosis,culture_age_15d,15.0,rifampicin,,,,vijay_153_age15d,5.361727836017593,0.0,5.361727836017593,False,1.3617278360175928,MPN/mL; RIF concentration not recorded in deposit,153,IS69,230000.0,0.025,0.06,IS,15.0,0M,Medium,Medium
vijay2024_elife93243,M. tuberculosis,culture_age_15d,15.0,rifampicin,,,,vijay_153_age15d,5.361727836017593,2.0,4.361727836017593,False,1.3617278360175928,MPN/mL; RIF concentration not recorded in deposit,153,IS69,23000.0,0.025,0.06,IS,15.0,0M,Medium,Medium
vijay2024_elife93243,M. tuberculosis,culture_age_15d,15.0,rifampicin,,,,vijay_153_age15d,5.361727836017593,5.0,2.361727836017593,False,1.3617278360175928,MPN/mL; RIF concentration not recorded in deposit,153,IS69,230.0,0.025,0.06,IS,15.0,0M,Medium,Medium
vijay2024_elife93243,M. tuberculosis,culture_age_15d,15.0,rifampicin,,,,vijay_154_age15d,6.361727836017593,0.0,6.361727836017593,False,1.3617278360175928,MPN/mL; RIF concentration not recorded in deposit,154,IS70,2300000.0,0.025,0.06,IS,15.0,0M,Medium,Medium
vijay2024_elife93243,M. tuberculosis,culture_age_15d,15.0,rifampicin,,,,vijay_154_age15d,6.361727836017593,2.0,4.361727836017593,False,1.3617278360175928,MPN/mL; RIF concentration not recorded in deposit,154,IS70,23000.0,0.025,0.06,IS,15.0,0M,Medium,Medium
vijay2024_elife93243,M. tuberculosis,culture_age_15d,15.0,rifampicin,,,,vijay_154_age15d,6.361727836017593,5.0,4.361727836017593,False,1.3617278360175928,MPN/mL; RIF concentration not recorded in deposit,154,IS70,23000.0,0.025,0.06,IS,15.0,0M,Medium,Medium
vijay2024_elife93243,M. tuberculosis,culture_age_15d,15.0,rifampicin,,,,vijay_155_age15d,6.361727836017593,0.0,6.361727836017593,False,1.3617278360175928,MPN/mL; RIF concentration not recorded in deposit,155,IS71,2300000.0,0.025,0.06,IS,15.0,0M,Medium,High
vijay2024_elife93243,M. tuberculosis,culture_age_15d,15.0,rifampicin,,,,vijay_155_age15d,6.361727836017593,2.0,5.361727836017593,False,1.3617278360175928,MPN/mL; RIF concentration not recorded in deposit,155,IS71,230000.0,0.025,0.06,IS,15.0,0M,Medium,High
vijay2024_elife93243,M. tuberculosis,culture_age_15d,15.0,rifampicin,,,,vijay_155_age15d,6.361727836017593,5.0,4.361727836017593,False,1.3617278360175928,MPN/mL; RIF concentration not recorded in deposit,155,IS71,23000.0,0.025,0.06,IS,15.0,0M,Medium,High
vijay2024_elife93243,M. tuberculosis,culture_age_15d,15.0,rifampicin,,,,vijay_156_age15d,6.361727836017593,0.0,6.361727836017593,False,1.3617278360175928,MPN/mL; RIF concentration not recorded in deposit,156,IS72,2300000.0,0.025,0.06,IS,19.0,0M,Low,Low
vijay2024_elife93243,M. tuberculosis,culture_age_15d,15.0,rifampicin,,,,vijay_156_age15d,6.361727836017593,2.0,3.361727836017593,False,1.3617278360175928,MPN/mL; RIF concentration not recorded in deposit,156,IS72,2300.0,0.025,0.06,IS,19.0,0M,Low,Low
vijay2024_elife93243,M. tuberculosis,culture_age_15d,15.0,rifampicin,,,,vijay_156_age15d,6.361727836017593,5.0,2.361727836017593,False,1.3617278360175928,MPN/mL; RIF concentration not recorded in deposit,156,IS72,230.0,0.025,0.06,IS,19.0,0M,Low,Low
vijay2024_elife93243,M. tuberculosis,culture_age_15d,15.0,rifampicin,,,,vijay_157_age15d,5.361727836017593,0.0,5.361727836017593,False,1.3617278360175928,MPN/mL; RIF concentration not recorded in deposit,157,IS73,230000.0,0.025,0.06,IS,22.0,0M,Medium,Low
vijay2024_elife93243,M. tuberculosis,culture_age_15d,15.0,rifampicin,,,,vijay_157_age15d,5.361727836017593,2.0,4.361727836017593,False,1.3617278360175928,MPN/mL; RIF concentration not recorded in deposit,157,IS73,23000.0,0.025,0.06,IS,22.0,0M,Medium,Low
vijay2024_elife93243,M. tuberculosis,culture_age_15d,15.0,rifampicin,,,,vijay_157_age15d,5.361727836017593,5.0,3.361727836017593,False,1.3617278360175928,MPN/mL; RIF concentration not recorded in deposit,157,IS73,2300.0,0.025,0.06,IS,22.0,0M,Medium,Low
vijay2024_elife93243,M. tuberculosis,culture_age_15d,15.0,rifampicin,,,,vijay_158_age15d,6.361727836017593,0.0,6.361727836017593,False,1.3617278360175928,MPN/mL; RIF concentration not recorded in deposit,158,IS74,2300000.0,0.025,0.06,IS,19.0,0M,Medium,Medium
vijay2024_elife93243,M. tuberculosis,culture_age_15d,15.0,rifampicin,,,,vijay_158_age15d,6.361727836017593,2.0,4.785329835010767,False,1.3617278360175928,MPN/mL; RIF concentration not recorded in deposit,158,IS74,61000.0,0.025,0.06,IS,19.0,0M,Medium,Medium
vijay2024_elife93243,M. tuberculosis,culture_age_15d,15.0,rifampicin,,,,vijay_158_age15d,6.361727836017593,5.0,3.785329835010767,False,1.3617278360175928,MPN/mL; RIF concentration not recorded in deposit,158,IS74,6100.0,0.025,0.06,IS,19.0,0M,Medium,Medium
vijay2024_elife93243,M. tuberculosis,culture_age_15d,15.0,rifampicin,,,,vijay_159_age15d,7.785329835010767,0.0,7.785329835010767,False,1.3617278360175928,MPN/mL; RIF concentration not recorded in deposit,159,IS75,61000000.0,0.025,0.06,IS,15.0,0M,Low,Medium
vijay2024_elife93243,M. tuberculosis,culture_age_15d,15.0,rifampicin,,,,vijay_159_age15d,7.785329835010767,2.0,5.361727836017593,False,1.3617278360175928,MPN/mL; RIF concentration not recorded in deposit,159,IS75,230000.0,0.025,0.06,IS,15.0,0M,Low,Medium
vijay2024_elife93243,M. tuberculosis,culture_age_15d,15.0,rifampicin,,,,vijay_159_age15d,7.785329835010767,5.0,4.361727836017593,False,1.3617278360175928,MPN/mL; RIF concentration not recorded in deposit,159,IS75,23000.0,0.025,0.06,IS,15.0,0M,Low,Medium
vijay2024_elife93243,M. tuberculosis,culture_age_15d,15.0,rifampicin,,,,vijay_160_age15d,5.785329835010767,0.0,5.785329835010767,False,1.3617278360175928,MPN/mL; RIF concentration not recorded in deposit,160,IS76,610000.0,0.025,0.06,IS,19.0,0M,Medium,Medium
vijay2024_elife93243,M. tuberculosis,culture_age_15d,15.0,rifampicin,,,,vijay_160_age15d,5.785329835010767,2.0,3.361727836017593,False,1.3617278360175928,MPN/mL; RIF concentration not recorded in deposit,160,IS76,2300.0,0.025,0.06,IS,19.0,0M,Medium,Medium
vijay2024_elife93243,M. tuberculosis,culture_age_15d,15.0,rifampicin,,,,vijay_160_age15d,5.785329835010767,5.0,3.361727836017593,False,1.3617278360175928,MPN/mL; RIF concentration not recorded in deposit,160,IS76,2300.0,0.025,0.06,IS,19.0,0M,Medium,Medium
vijay2024_elife93243,M. tuberculosis,culture_age_15d,15.0,rifampicin,,,,vijay_161_age15d,5.361727836017593,0.0,5.361727836017593,False,1.3617278360175928,MPN/mL; RIF concentration not recorded in deposit,161,IS77,230000.0,0.025,0.25,IS,15.0,0M,Low,Medium
vijay2024_elife93243,M. tuberculosis,culture_age_15d,15.0,rifampicin,,,,vijay_161_age15d,5.361727836017593,2.0,4.785329835010767,False,1.3617278360175928,MPN/mL; RIF concentration not recorded in deposit,161,IS77,61000.0,0.025,0.25,IS,15.0,0M,Low,Medium
vijay2024_elife93243,M. tuberculosis,culture_age_15d,15.0,rifampicin,,,,vijay_161_age15d,5.361727836017593,5.0,,True,1.3617278360175928,MPN/mL; RIF concentration not recorded in deposit; at assay floor 23 MPN/mL,161,IS77,23.0,0.025,0.25,IS,15.0,0M,Low,Medium
vijay2024_elife93243,M. tuberculosis,culture_age_15d,15.0,rifampicin,,,,vijay_162_age15d,6.785329835010767,0.0,6.785329835010767,False,1.3617278360175928,MPN/mL; RIF concentration not recorded in deposit,162,IS78,6100000.0,0.025,0.06,IS,19.0,0M,Medium,Medium
vijay2024_elife93243,M. tuberculosis,culture_age_15d,15.0,rifampicin,,,,vijay_162_age15d,6.785329835010767,2.0,5.361727836017593,False,1.3617278360175928,MPN/mL; RIF concentration not recorded in deposit,162,IS78,230000.0,0.025,0.06,IS,19.0,0M,Medium,Medium
vijay2024_elife93243,M. tuberculosis,culture_age_15d,15.0,rifampicin,,,,vijay_162_age15d,6.785329835010767,5.0,4.361727836017593,False,1.3617278360175928,MPN/mL; RIF concentration not recorded in deposit,162,IS78,23000.0,0.025,0.06,IS,19.0,0M,Medium,Medium
vijay2024_elife93243,M. tuberculosis,culture_age_15d,15.0,rifampicin,,,,vijay_163_age15d,5.785329835010767,0.0,5.785329835010767,False,1.3617278360175928,MPN/mL; RIF concentration not recorded in deposit,163,IS79,610000.0,0.05,0.06,IS,19.0,0M,Medium,Medium
vijay2024_elife93243,M. tuberculosis,culture_age_15d,15.0,rifampicin,,,,vijay_163_age15d,5.785329835010767,2.0,4.361727836017593,False,1.3617278360175928,MPN/mL; RIF concentration not recorded in deposit,163,IS79,23000.0,0.05,0.06,IS,19.0,0M,Medium,Medium
vijay2024_elife93243,M. tuberculosis,culture_age_15d,15.0,rifampicin,,,,vijay_163_age15d,5.785329835010767,5.0,3.361727836017593,False,1.3617278360175928,MPN/mL; RIF concentration not recorded in deposit,163,IS79,2300.0,0.05,0.06,IS,19.0,0M,Medium,Medium
vijay2024_elife93243,M. tuberculosis,culture_age_15d,15.0,rifampicin,,,,vijay_164_age15d,6.361727836017593,0.0,6.361727836017593,False,1.3617278360175928,MPN/mL; RIF concentration not recorded in deposit,164,IS80,2300000.0,0.05,0.12,IS,12.0,0M,Medium,High
vijay2024_elife93243,M. tuberculosis,culture_age_15d,15.0,rifampicin,,,,vijay_164_age15d,6.361727836017593,2.0,4.361727836017593,False,1.3617278360175928,MPN/mL; RIF concentration not recorded in deposit,164,IS80,23000.0,0.05,0.12,IS,12.0,0M,Medium,High
vijay2024_elife93243,M. tuberculosis,culture_age_15d,15.0,rifampicin,,,,vijay_164_age15d,6.361727836017593,5.0,4.361727836017593,False,1.3617278360175928,MPN/mL; RIF concentration not recorded in deposit,164,IS80,23000.0,0.05,0.12,IS,12.0,0M,Medium,High
vijay2024_elife93243,M. tuberculosis,culture_age_15d,15.0,rifampicin,,,,vijay_165_age15d,5.785329835010767,0.0,5.785329835010767,False,1.3617278360175928,MPN/mL; RIF concentration not recorded in deposit,165,IS81,610000.0,0.05,0.12,IS,15.0,0M,Low,Medium
vijay2024_elife93243,M. tuberculosis,culture_age_15d,15.0,rifampicin,,,,vijay_165_age15d,5.785329835010767,2.0,4.361727836017593,False,1.3617278360175928,MPN/mL; RIF concentration not recorded in deposit,165,IS81,23000.0,0.05,0.12,IS,15.0,0M,Low,Medium
vijay2024_elife93243,M. tuberculosis,culture_age_15d,15.0,rifampicin,,,,vijay_165_age15d,5.785329835010767,5.0,2.361727836017593,False,1.3617278360175928,MPN/mL; RIF concentration not recorded in deposit,165,IS81,230.0,0.05,0.12,IS,15.0,0M,Low,Medium
vijay2024_elife93243,M. tuberculosis,culture_age_15d,15.0,rifampicin,,,,vijay_166_age15d,6.690196080028514,0.0,6.690196080028514,False,1.3617278360175928,MPN/mL; RIF concentration not recorded in deposit,166,IS82,4900000.0,0.025,0.12,IS,19.0,0M,Low,Medium
vijay2024_elife93243,M. tuberculosis,culture_age_15d,15.0,rifampicin,,,,vijay_166_age15d,6.690196080028514,2.0,4.361727836017593,False,1.3617278360175928,MPN/mL; RIF concentration not recorded in deposit,166,IS82,23000.0,0.025,0.12,IS,19.0,0M,Low,Medium
vijay2024_elife93243,M. tuberculosis,culture_age_15d,15.0,rifampicin,,,,vijay_166_age15d,6.690196080028514,5.0,3.361727836017593,False,1.3617278360175928,MPN/mL; RIF concentration not recorded in deposit,166,IS82,2300.0,0.025,0.12,IS,19.0,0M,Low,Medium
vijay2024_elife93243,M. tuberculosis,culture_age_15d,15.0,rifampicin,,,,vijay_167_age15d,4.361727836017593,0.0,4.361727836017593,False,1.3617278360175928,MPN/mL; RIF concentration not recorded in deposit,167,IS83,23000.0,0.025,0.12,IS,15.0,0M,Medium,Low
vijay2024_elife93243,M. tuberculosis,culture_age_15d,15.0,rifampicin,,,,vijay_167_age15d,4.361727836017593,2.0,3.785329835010767,False,1.3617278360175928,MPN/mL; RIF concentration not recorded in deposit,167,IS83,6100.0,0.025,0.12,IS,15.0,0M,Medium,Low
vijay2024_elife93243,M. tuberculosis,culture_age_15d,15.0,rifampicin,,,,vijay_167_age15d,4.361727836017593,5.0,,True,1.3617278360175928,MPN/mL; RIF concentration not recorded in deposit; at assay floor 23 MPN/mL,167,IS83,23.0,0.025,0.12,IS,15.0,0M,Medium,Low
vijay2024_elife93243,M. tuberculosis,culture_age_15d,15.0,rifampicin,,,,vijay_168_age15d,6.361727836017593,0.0,6.361727836017593,False,1.3617278360175928,MPN/mL; RIF concentration not recorded in deposit,168,IS84,2300000.0,0.05,0.25,IS,15.0,0M,Medium,Medium
vijay2024_elife93243,M. tuberculosis,culture_age_15d,15.0,rifampicin,,,,vijay_168_age15d,6.361727836017593,2.0,5.361727836017593,False,1.3617278360175928,MPN/mL; RIF concentration not recorded in deposit,168,IS84,230000.0,0.05,0.25,IS,15.0,0M,Medium,Medium
vijay2024_elife93243,M. tuberculosis,culture_age_15d,15.0,rifampicin,,,,vijay_168_age15d,6.361727836017593,5.0,4.361727836017593,False,1.3617278360175928,MPN/mL; RIF concentration not recorded in deposit,168,IS84,23000.0,0.05,0.25,IS,15.0,0M,Medium,Medium
vijay2024_elife93243,M. tuberculosis,culture_age_15d,15.0,rifampicin,,,,vijay_169_age15d,6.361727836017593,0.0,6.361727836017593,False,1.3617278360175928,MPN/mL; RIF concentration not recorded in deposit,169,IS85,2300000.0,0.025,0.06,IS,19.0,0M,Medium,Medium
vijay2024_elife93243,M. tuberculosis,culture_age_15d,15.0,rifampicin,,,,vijay_169_age15d,6.361727836017593,2.0,4.361727836017593,False,1.3617278360175928,MPN/mL; RIF concentration not recorded in deposit,169,IS85,23000.0,0.025,0.06,IS,19.0,0M,Medium,Medium
vijay2024_elife93243,M. tuberculosis,culture_age_15d,15.0,rifampicin,,,,vijay_169_age15d,6.361727836017593,5.0,3.361727836017593,False,1.3617278360175928,MPN/mL; RIF concentration not recorded in deposit,169,IS85,2300.0,0.025,0.06,IS,19.0,0M,Medium,Medium
vijay2024_elife93243,M. tuberculosis,culture_age_15d,15.0,rifampicin,,,,vijay_170_age15d,6.361727836017593,0.0,6.361727836017593,False,1.3617278360175928,MPN/mL; RIF concentration not recorded in deposit,170,IS86,2300000.0,0.05,0.12,IS,12.0,0M,Medium,Medium
vijay2024_elife93243,M. tuberculosis,culture_age_15d,15.0,rifampicin,,,,vijay_170_age15d,6.361727836017593,2.0,5.361727836017593,False,1.3617278360175928,MPN/mL; RIF concentration not recorded in deposit,170,IS86,230000.0,0.05,0.12,IS,12.0,0M,Medium,Medium
vijay2024_elife93243,M. tuberculosis,culture_age_15d,15.0,rifampicin,,,,vijay_170_age15d,6.361727836017593,5.0,4.361727836017593,False,1.3617278360175928,MPN/mL; RIF concentration not recorded in deposit,170,IS86,23000.0,0.05,0.12,IS,12.0,0M,Medium,Medium
vijay2024_elife93243,M. tuberculosis,culture_age_15d,15.0,rifampicin,,,,vijay_171_age15d,6.361727836017593,0.0,6.361727836017593,False,1.3617278360175928,MPN/mL; RIF concentration not recorded in deposit,171,IS87,2300000.0,0.025,0.12,IS,15.0,0M,Low,Medium
vijay2024_elife93243,M. tuberculosis,culture_age_15d,15.0,rifampicin,,,,vijay_171_age15d,6.361727836017593,2.0,5.361727836017593,False,1.3617278360175928,MPN/mL; RIF concentration not recorded in deposit,171,IS87,230000.0,0.025,0.12,IS,15.0,0M,Low,Medium
vijay2024_elife93243,M. tuberculosis,culture_age_15d,15.0,rifampicin,,,,vijay_171_age15d,6.361727836017593,5.0,2.361727836017593,False,1.3617278360175928,MPN/mL; RIF concentration not recorded in deposit,171,IS87,230.0,0.025,0.12,IS,15.0,0M,Low,Medium
vijay2024_elife93243,M. tuberculosis,culture_age_15d,15.0,rifampicin,,,,vijay_172_age15d,6.361727836017593,0.0,6.361727836017593,False,1.3617278360175928,MPN/mL; RIF concentration not recorded in deposit,172,IS88,2300000.0,0.025,0.06,IS,19.0,0M,Medium,Medium
vijay2024_elife93243,M. tuberculosis,culture_age_15d,15.0,rifampicin,,,,vijay_172_age15d,6.361727836017593,2.0,4.361727836017593,False,1.3617278360175928,MPN/mL; RIF concentration not recorded in deposit,172,IS88,23000.0,0.025,0.06,IS,19.0,0M,Medium,Medium
vijay2024_elife93243,M. tuberculosis,culture_age_15d,15.0,rifampicin,,,,vijay_172_age15d,6.361727836017593,5.0,4.361727836017593,False,1.3617278360175928,MPN/mL; RIF concentration not recorded in deposit,172,IS88,23000.0,0.025,0.06,IS,19.0,0M,Medium,Medium
vijay2024_elife93243,M. tuberculosis,culture_age_15d,15.0,rifampicin,,,,vijay_173_age15d,6.361727836017593,0.0,6.361727836017593,False,1.3617278360175928,MPN/mL; RIF concentration not recorded in deposit,173,IS89,2300000.0,0.05,0.06,IS,19.0,0M,Medium,Medium
vijay2024_elife93243,M. tuberculosis,culture_age_15d,15.0,rifampicin,,,,vijay_173_age15d,6.361727836017593,2.0,4.361727836017593,False,1.3617278360175928,MPN/mL; RIF concentration not recorded in deposit,173,IS89,23000.0,0.05,0.06,IS,19.0,0M,Medium,Medium
vijay2024_elife93243,M. tuberculosis,culture_age_15d,15.0,rifampicin,,,,vijay_173_age15d,6.361727836017593,5.0,4.361727836017593,False,1.3617278360175928,MPN/mL; RIF concentration not recorded in deposit,173,IS89,23000.0,0.05,0.06,IS,19.0,0M,Medium,Medium
vijay2024_elife93243,M. tuberculosis,culture_age_15d,15.0,rifampicin,,,,vijay_174_age15d,7.361727836017593,0.0,7.361727836017593,False,1.3617278360175928,MPN/mL; RIF concentration not recorded in deposit,174,IS90,23000000.0,0.025,0.06,IS,15.0,0M,Medium,Medium
vijay2024_elife93243,M. tuberculosis,culture_age_15d,15.0,rifampicin,,,,vijay_174_age15d,7.361727836017593,2.0,5.361727836017593,False,1.3617278360175928,MPN/mL; RIF concentration not recorded in deposit,174,IS90,230000.0,0.025,0.06,IS,15.0,0M,Medium,Medium
vijay2024_elife93243,M. tuberculosis,culture_age_15d,15.0,rifampicin,,,,vijay_174_age15d,7.361727836017593,5.0,4.361727836017593,False,1.3617278360175928,MPN/mL; RIF concentration not recorded in deposit,174,IS90,23000.0,0.025,0.06,IS,15.0,0M,Medium,Medium
vijay2024_elife93243,M. tuberculosis,culture_age_15d,15.0,rifampicin,,,,vijay_175_age15d,6.361727836017593,0.0,6.361727836017593,False,1.3617278360175928,MPN/mL; RIF concentration not recorded in deposit,175,IS91,2300000.0,0.025,0.25,IS,15.0,0M,Medium,Medium
vijay2024_elife93243,M. tuberculosis,culture_age_15d,15.0,rifampicin,,,,vijay_175_age15d,6.361727836017593,2.0,4.361727836017593,False,1.3617278360175928,MPN/mL; RIF concentration not recorded in deposit,175,IS91,23000.0,0.025,0.25,IS,15.0,0M,Medium,Medium
vijay2024_elife93243,M. tuberculosis,culture_age_15d,15.0,rifampicin,,,,vijay_175_age15d,6.361727836017593,5.0,3.361727836017593,False,1.3617278360175928,MPN/mL; RIF concentration not recorded in deposit,175,IS91,2300.0,0.025,0.25,IS,15.0,0M,Medium,Medium
vijay2024_elife93243,M. tuberculosis,culture_age_15d,15.0,rifampicin,,,,vijay_176_age15d,4.785329835010767,0.0,4.785329835010767,False,1.3617278360175928,MPN/mL; RIF concentration not recorded in deposit,176,IS92,61000.0,0.05,0.25,IS,37.0,0M,Medium,Low
vijay2024_elife93243,M. tuberculosis,culture_age_15d,15.0,rifampicin,,,,vijay_176_age15d,4.785329835010767,2.0,3.361727836017593,False,1.3617278360175928,MPN/mL; RIF concentration not recorded in deposit,176,IS92,2300.0,0.05,0.25,IS,37.0,0M,Medium,Low
vijay2024_elife93243,M. tuberculosis,culture_age_15d,15.0,rifampicin,,,,vijay_176_age15d,4.785329835010767,5.0,2.361727836017593,False,1.3617278360175928,MPN/mL; RIF concentration not recorded in deposit,176,IS92,230.0,0.05,0.25,IS,37.0,0M,Medium,Low
vijay2024_elife93243,M. tuberculosis,culture_age_15d,15.0,rifampicin,,,,vijay_177_age15d,7.785329835010767,0.0,7.785329835010767,False,1.3617278360175928,MPN/mL; RIF concentration not recorded in deposit,177,IS93,61000000.0,0.05,0.12,IS,15.0,0M,Low,Medium
vijay2024_elife93243,M. tuberculosis,culture_age_15d,15.0,rifampicin,,,,vijay_177_age15d,7.785329835010767,2.0,5.690196080028514,False,1.3617278360175928,MPN/mL; RIF concentration not recorded in deposit,177,IS93,490000.0,0.05,0.12,IS,15.0,0M,Low,Medium
vijay2024_elife93243,M. tuberculosis,culture_age_15d,15.0,rifampicin,,,,vijay_177_age15d,7.785329835010767,5.0,4.361727836017593,False,1.3617278360175928,MPN/mL; RIF concentration not recorded in deposit,177,IS93,23000.0,0.05,0.12,IS,15.0,0M,Low,Medium
vijay2024_elife93243,M. tuberculosis,culture_age_15d,15.0,rifampicin,,,,vijay_178_age15d,6.361727836017593,0.0,6.361727836017593,False,1.3617278360175928,MPN/mL; RIF concentration not recorded in deposit,178,IS94,2300000.0,0.025,0.12,IS,19.0,0M,Medium,Medium
vijay2024_elife93243,M. tuberculosis,culture_age_15d,15.0,rifampicin,,,,vijay_178_age15d,6.361727836017593,2.0,4.361727836017593,False,1.3617278360175928,MPN/mL; RIF concentration not recorded in deposit,178,IS94,23000.0,0.025,0.12,IS,19.0,0M,Medium,Medium
vijay2024_elife93243,M. tuberculosis,culture_age_15d,15.0,rifampicin,,,,vijay_178_age15d,6.361727836017593,5.0,4.361727836017593,False,1.3617278360175928,MPN/mL; RIF concentration not recorded in deposit,178,IS94,23000.0,0.025,0.12,IS,19.0,0M,Medium,Medium
vijay2024_elife93243,M. tuberculosis,culture_age_15d,15.0,rifampicin,,,,vijay_179_age15d,6.785329835010767,0.0,6.785329835010767,False,1.3617278360175928,MPN/mL; RIF concentration not recorded in deposit,179,IS95,6100000.0,0.05,0.12,IS,13.0,0M,Low,Low
vijay2024_elife93243,M. tuberculosis,culture_age_15d,15.0,rifampicin,,,,vijay_179_age15d,6.785329835010767,2.0,5.785329835010767,False,1.3617278360175928,MPN/mL; RIF concentration not recorded in deposit,179,IS95,610000.0,0.05,0.12,IS,13.0,0M,Low,Low
vijay2024_elife93243,M. tuberculosis,culture_age_15d,15.0,rifampicin,,,,vijay_179_age15d,6.785329835010767,5.0,2.361727836017593,False,1.3617278360175928,MPN/mL; RIF concentration not recorded in deposit,179,IS95,230.0,0.05,0.12,IS,13.0,0M,Low,Low
vijay2024_elife93243,M. tuberculosis,culture_age_15d,15.0,rifampicin,,,,vijay_180_age15d,6.361727836017593,0.0,6.361727836017593,False,1.3617278360175928,MPN/mL; RIF concentration not recorded in deposit,180,IS96,2300000.0,0.05,0.06,IS,13.0,0M,Low,Low
vijay2024_elife93243,M. tuberculosis,culture_age_15d,15.0,rifampicin,,,,vijay_180_age15d,6.361727836017593,2.0,4.361727836017593,False,1.3617278360175928,MPN/mL; RIF concentration not recorded in deposit,180,IS96,23000.0,0.05,0.06,IS,13.0,0M,Low,Low
vijay2024_elife93243,M. tuberculosis,culture_age_15d,15.0,rifampicin,,,,vijay_180_age15d,6.361727836017593,5.0,2.361727836017593,False,1.3617278360175928,MPN/mL; RIF concentration not recorded in deposit,180,IS96,230.0,0.05,0.06,IS,13.0,0M,Low,Low
vijay2024_elife93243,M. tuberculosis,culture_age_15d,15.0,rifampicin,,,,vijay_181_age15d,6.361727836017593,0.0,6.361727836017593,False,1.3617278360175928,MPN/mL; RIF concentration not recorded in deposit,181,IS97,2300000.0,0.05,0.06,IS,19.0,0M,Medium,Medium
vijay2024_elife93243,M. tuberculosis,culture_age_15d,15.0,rifampicin,,,,vijay_181_age15d,6.361727836017593,2.0,5.361727836017593,False,1.3617278360175928,MPN/mL; RIF concentration not recorded in deposit,181,IS97,230000.0,0.05,0.06,IS,19.0,0M,Medium,Medium
vijay2024_elife93243,M. tuberculosis,culture_age_15d,15.0,rifampicin,,,,vijay_181_age15d,6.361727836017593,5.0,4.361727836017593,False,1.3617278360175928,MPN/mL; RIF concentration not recorded in deposit,181,IS97,23000.0,0.05,0.06,IS,19.0,0M,Medium,Medium
vijay2024_elife93243,M. tuberculosis,culture_age_15d,15.0,rifampicin,,,,vijay_182_age15d,7.361727836017593,0.0,7.361727836017593,False,1.3617278360175928,MPN/mL; RIF concentration not recorded in deposit,182,IS98,23000000.0,0.05,0.25,IS,13.0,0M,Low,Low
vijay2024_elife93243,M. tuberculosis,culture_age_15d,15.0,rifampicin,,,,vijay_182_age15d,7.361727836017593,2.0,5.361727836017593,False,1.3617278360175928,MPN/mL; RIF concentration not recorded in deposit,182,IS98,230000.0,0.05,0.25,IS,13.0,0M,Low,Low
vijay2024_elife93243,M. tuberculosis,culture_age_15d,15.0,rifampicin,,,,vijay_182_age15d,7.361727836017593,5.0,2.361727836017593,False,1.3617278360175928,MPN/mL; RIF concentration not recorded in deposit,182,IS98,230.0,0.05,0.25,IS,13.0,0M,Low,Low
vijay2024_elife93243,M. tuberculosis,culture_age_15d,15.0,rifampicin,,,,vijay_183_age15d,5.361727836017593,0.0,5.361727836017593,False,1.3617278360175928,MPN/mL; RIF concentration not recorded in deposit,183,IS99,230000.0,0.025,0.12,IS,23.0,0M,Medium,Medium
vijay2024_elife93243,M. tuberculosis,culture_age_15d,15.0,rifampicin,,,,vijay_183_age15d,5.361727836017593,2.0,3.361727836017593,False,1.3617278360175928,MPN/mL; RIF concentration not recorded in deposit,183,IS99,2300.0,0.025,0.12,IS,23.0,0M,Medium,Medium
vijay2024_elife93243,M. tuberculosis,culture_age_15d,15.0,rifampicin,,,,vijay_183_age15d,5.361727836017593,5.0,3.361727836017593,False,1.3617278360175928,MPN/mL; RIF concentration not recorded in deposit,183,IS99,2300.0,0.025,0.12,IS,23.0,0M,Medium,Medium
vijay2024_elife93243,M. tuberculosis,culture_age_15d,15.0,rifampicin,,,,vijay_184_age15d,6.361727836017593,0.0,6.361727836017593,False,1.3617278360175928,MPN/mL; RIF concentration not recorded in deposit,184,IS100,2300000.0,0.05,0.12,IS,15.0,0M,Medium,Medium
vijay2024_elife93243,M. tuberculosis,culture_age_15d,15.0,rifampicin,,,,vijay_184_age15d,6.361727836017593,2.0,5.690196080028514,False,1.3617278360175928,MPN/mL; RIF concentration not recorded in deposit,184,IS100,490000.0,0.05,0.12,IS,15.0,0M,Medium,Medium
vijay2024_elife93243,M. tuberculosis,culture_age_15d,15.0,rifampicin,,,,vijay_184_age15d,6.361727836017593,5.0,4.361727836017593,False,1.3617278360175928,MPN/mL; RIF concentration not recorded in deposit,184,IS100,23000.0,0.05,0.12,IS,15.0,0M,Medium,Medium
vijay2024_elife93243,M. tuberculosis,culture_age_15d,15.0,rifampicin,,,,vijay_185_age15d,6.785329835010767,0.0,6.785329835010767,False,1.3617278360175928,MPN/mL; RIF concentration not recorded in deposit,185,IS101,6100000.0,0.025,0.06,IS,13.0,0M,Medium,Medium
vijay2024_elife93243,M. tuberculosis,culture_age_15d,15.0,rifampicin,,,,vijay_185_age15d,6.785329835010767,2.0,4.361727836017593,False,1.3617278360175928,MPN/mL; RIF concentration not recorded in deposit,185,IS101,23000.0,0.025,0.06,IS,13.0,0M,Medium,Medium
vijay2024_elife93243,M. tuberculosis,culture_age_15d,15.0,rifampicin,,,,vijay_185_age15d,6.785329835010767,5.0,4.361727836017593,False,1.3617278360175928,MPN/mL; RIF concentration not recorded in deposit,185,IS101,23000.0,0.025,0.06,IS,13.0,0M,Medium,Medium
vijay2024_elife93243,M. tuberculosis,culture_age_15d,15.0,rifampicin,,,,vijay_186_age15d,6.785329835010767,0.0,6.785329835010767,False,1.3617278360175928,MPN/mL; RIF concentration not recorded in deposit,186,IS102,6100000.0,0.025,0.12,IS,13.0,0M,Low,Low
vijay2024_elife93243,M. tuberculosis,culture_age_15d,15.0,rifampicin,,,,vijay_186_age15d,6.785329835010767,2.0,5.361727836017593,False,1.3617278360175928,MPN/mL; RIF concentration not recorded in deposit,186,IS102,230000.0,0.025,0.12,IS,13.0,0M,Low,Low
vijay2024_elife93243,M. tuberculosis,culture_age_15d,15.0,rifampicin,,,,vijay_186_age15d,6.785329835010767,5.0,,True,1.3617278360175928,MPN/mL; RIF concentration not recorded in deposit; at assay floor 23 MPN/mL,186,IS102,23.0,0.025,0.12,IS,13.0,0M,Low,Low
vijay2024_elife93243,M. tuberculosis,culture_age_15d,15.0,rifampicin,,,,vijay_187_age15d,6.785329835010767,0.0,6.785329835010767,False,1.3617278360175928,MPN/mL; RIF concentration not recorded in deposit,187,IS103,6100000.0,0.05,0.06,IS,19.0,0M,High,Medium
vijay2024_elife93243,M. tuberculosis,culture_age_15d,15.0,rifampicin,,,,vijay_187_age15d,6.785329835010767,2.0,4.361727836017593,False,1.3617278360175928,MPN/mL; RIF concentration not recorded in deposit,187,IS103,23000.0,0.05,0.06,IS,19.0,0M,High,Medium
vijay2024_elife93243,M. tuberculosis,culture_age_15d,15.0,rifampicin,,,,vijay_187_age15d,6.785329835010767,5.0,5.361727836017593,False,1.3617278360175928,MPN/mL; RIF concentration not recorded in deposit,187,IS103,230000.0,0.05,0.06,IS,19.0,0M,High,Medium
vijay2024_elife93243,M. tuberculosis,culture_age_15d,15.0,rifampicin,,,,vijay_188_age15d,4.785329835010767,0.0,4.785329835010767,False,1.3617278360175928,MPN/mL; RIF concentration not recorded in deposit,188,IS104,61000.0,0.025,0.06,IS,29.0,0M,Medium,Low
vijay2024_elife93243,M. tuberculosis,culture_age_15d,15.0,rifampicin,,,,vijay_188_age15d,4.785329835010767,2.0,3.785329835010767,False,1.3617278360175928,MPN/mL; RIF concentration not recorded in deposit,188,IS104,6100.0,0.025,0.06,IS,29.0,0M,Medium,Low
vijay2024_elife93243,M. tuberculosis,culture_age_15d,15.0,rifampicin,,,,vijay_188_age15d,4.785329835010767,5.0,2.361727836017593,False,1.3617278360175928,MPN/mL; RIF concentration not recorded in deposit,188,IS104,230.0,0.025,0.06,IS,29.0,0M,Medium,Low
vijay2024_elife93243,M. tuberculosis,culture_age_15d,15.0,rifampicin,,,,vijay_189_age15d,6.361727836017593,0.0,6.361727836017593,False,1.3617278360175928,MPN/mL; RIF concentration not recorded in deposit,189,IS105,2300000.0,0.025,0.06,IS,19.0,0M,High,Medium
vijay2024_elife93243,M. tuberculosis,culture_age_15d,15.0,rifampicin,,,,vijay_189_age15d,6.361727836017593,2.0,4.785329835010767,False,1.3617278360175928,MPN/mL; RIF concentration not recorded in deposit,189,IS105,61000.0,0.025,0.06,IS,19.0,0M,High,Medium
vijay2024_elife93243,M. tuberculosis,culture_age_15d,15.0,rifampicin,,,,vijay_189_age15d,6.361727836017593,5.0,4.785329835010767,False,1.3617278360175928,MPN/mL; RIF concentration not recorded in deposit,189,IS105,61000.0,0.025,0.06,IS,19.0,0M,High,Medium
vijay2024_elife93243,M. tuberculosis,culture_age_15d,15.0,rifampicin,,,,vijay_190_age15d,5.361727836017593,0.0,5.361727836017593,False,1.3617278360175928,MPN/mL; RIF concentration not recorded in deposit,190,IS106,230000.0,0.025,0.06,IS,29.0,0M,Medium,High
vijay2024_elife93243,M. tuberculosis,culture_age_15d,15.0,rifampicin,,,,vijay_190_age15d,5.361727836017593,2.0,4.361727836017593,False,1.3617278360175928,MPN/mL; RIF concentration not recorded in deposit,190,IS106,23000.0,0.025,0.06,IS,29.0,0M,Medium,High
vijay2024_elife93243,M. tuberculosis,culture_age_15d,15.0,rifampicin,,,,vijay_190_age15d,5.361727836017593,5.0,3.361727836017593,False,1.3617278360175928,MPN/mL; RIF concentration not recorded in deposit,190,IS106,2300.0,0.025,0.06,IS,29.0,0M,Medium,High
vijay2024_elife93243,M. tuberculosis,culture_age_15d,15.0,rifampicin,,,,vijay_191_age15d,4.361727836017593,0.0,4.361727836017593,False,1.3617278360175928,MPN/mL; RIF concentration not recorded in deposit,191,IS107,23000.0,0.025,0.06,IS,30.0,0M,High,High
vijay2024_elife93243,M. tuberculosis,culture_age_15d,15.0,rifampicin,,,,vijay_191_age15d,4.361727836017593,2.0,4.361727836017593,False,1.3617278360175928,MPN/mL; RIF concentration not recorded in deposit,191,IS107,23000.0,0.025,0.06,IS,30.0,0M,High,High
vijay2024_elife93243,M. tuberculosis,culture_age_15d,15.0,rifampicin,,,,vijay_191_age15d,4.361727836017593,5.0,3.785329835010767,False,1.3617278360175928,MPN/mL; RIF concentration not recorded in deposit,191,IS107,6100.0,0.025,0.06,IS,30.0,0M,High,High
vijay2024_elife93243,M. tuberculosis,culture_age_15d,15.0,rifampicin,,,,vijay_192_age15d,6.361727836017593,0.0,6.361727836017593,False,1.3617278360175928,MPN/mL; RIF concentration not recorded in deposit,192,IS108,2300000.0,0.025,0.06,IS,19.0,0M,Medium,Medium
vijay2024_elife93243,M. tuberculosis,culture_age_15d,15.0,rifampicin,,,,vijay_192_age15d,6.361727836017593,2.0,3.361727836017593,False,1.3617278360175928,MPN/mL; RIF concentration not recorded in deposit,192,IS108,2300.0,0.025,0.06,IS,19.0,0M,Medium,Medium
vijay2024_elife93243,M. tuberculosis,culture_age_15d,15.0,rifampicin,,,,vijay_192_age15d,6.361727836017593,5.0,4.361727836017593,False,1.3617278360175928,MPN/mL; RIF concentration not recorded in deposit,192,IS108,23000.0,0.025,0.06,IS,19.0,0M,Medium,Medium
vijay2024_elife93243,M. tuberculosis,culture_age_15d,15.0,rifampicin,,,,vijay_193_age15d,6.785329835010767,0.0,6.785329835010767,False,1.3617278360175928,MPN/mL; RIF concentration not recorded in deposit,193,IS109,6100000.0,0.025,0.06,IS,19.0,0M,Medium,High
vijay2024_elife93243,M. tuberculosis,culture_age_15d,15.0,rifampicin,,,,vijay_193_age15d,6.785329835010767,2.0,4.361727836017593,False,1.3617278360175928,MPN/mL; RIF concentration not recorded in deposit,193,IS109,23000.0,0.025,0.06,IS,19.0,0M,Medium,High
vijay2024_elife93243,M. tuberculosis,culture_age_15d,15.0,rifampicin,,,,vijay_193_age15d,6.785329835010767,5.0,4.361727836017593,False,1.3617278360175928,MPN/mL; RIF concentration not recorded in deposit,193,IS109,23000.0,0.025,0.06,IS,19.0,0M,Medium,High
vijay2024_elife93243,M. tuberculosis,culture_age_15d,15.0,rifampicin,,,,vijay_194_age15d,6.361727836017593,0.0,6.361727836017593,False,1.3617278360175928,MPN/mL; RIF concentration not recorded in deposit,194,IS110,2300000.0,0.025,0.06,IS,19.0,0M,High,Medium
vijay2024_elife93243,M. tuberculosis,culture_age_15d,15.0,rifampicin,,,,vijay_194_age15d,6.361727836017593,2.0,4.361727836017593,False,1.3617278360175928,MPN/mL; RIF concentration not recorded in deposit,194,IS110,23000.0,0.025,0.06,IS,19.0,0M,High,Medium
vijay2024_elife93243,M. tuberculosis,culture_age_15d,15.0,rifampicin,,,,vijay_194_age15d,6.361727836017593,5.0,5.361727836017593,False,1.3617278360175928,MPN/mL; RIF concentration not recorded in deposit,194,IS110,230000.0,0.025,0.06,IS,19.0,0M,High,Medium
vijay2024_elife93243,M. tuberculosis,culture_age_15d,15.0,rifampicin,,,,vijay_195_age15d,6.361727836017593,0.0,6.361727836017593,False,1.3617278360175928,MPN/mL; RIF concentration not recorded in deposit,195,IS111,2300000.0,0.05,0.06,IS,19.0,0M,Medium,Medium
vijay2024_elife93243,M. tuberculosis,culture_age_15d,15.0,rifampicin,,,,vijay_195_age15d,6.361727836017593,2.0,4.361727836017593,False,1.3617278360175928,MPN/mL; RIF concentration not recorded in deposit,195,IS111,23000.0,0.05,0.06,IS,19.0,0M,Medium,Medium
vijay2024_elife93243,M. tuberculosis,culture_age_15d,15.0,rifampicin,,,,vijay_195_age15d,6.361727836017593,5.0,4.361727836017593,False,1.3617278360175928,MPN/mL; RIF concentration not recorded in deposit,195,IS111,23000.0,0.05,0.06,IS,19.0,0M,Medium,Medium
vijay2024_elife93243,M. tuberculosis,culture_age_15d,15.0,rifampicin,,,,vijay_196_age15d,5.361727836017593,0.0,5.361727836017593,False,1.3617278360175928,MPN/mL; RIF concentration not recorded in deposit,196,IS112,230000.0,0.05,0.06,IS,15.0,0M,Medium,Medium
vijay2024_elife93243,M. tuberculosis,culture_age_15d,15.0,rifampicin,,,,vijay_196_age15d,5.361727836017593,2.0,4.361727836017593,False,1.3617278360175928,MPN/mL; RIF concentration not recorded in deposit,196,IS112,23000.0,0.05,0.06,IS,15.0,0M,Medium,Medium
vijay2024_elife93243,M. tuberculosis,culture_age_15d,15.0,rifampicin,,,,vijay_196_age15d,5.361727836017593,5.0,2.361727836017593,False,1.3617278360175928,MPN/mL; RIF concentration not recorded in deposit,196,IS112,230.0,0.05,0.06,IS,15.0,0M,Medium,Medium
vijay2024_elife93243,M. tuberculosis,culture_age_15d,15.0,rifampicin,,,,vijay_197_age15d,5.785329835010767,0.0,5.785329835010767,False,1.3617278360175928,MPN/mL; RIF concentration not recorded in deposit,197,IS113,610000.0,0.025,0.06,IS,8.0,0M,Medium,Medium
vijay2024_elife93243,M. tuberculosis,culture_age_15d,15.0,rifampicin,,,,vijay_197_age15d,5.785329835010767,2.0,4.785329835010767,False,1.3617278360175928,MPN/mL; RIF concentration not recorded in deposit,197,IS113,61000.0,0.025,0.06,IS,8.0,0M,Medium,Medium
vijay2024_elife93243,M. tuberculosis,culture_age_15d,15.0,rifampicin,,,,vijay_197_age15d,5.785329835010767,5.0,3.361727836017593,False,1.3617278360175928,MPN/mL; RIF concentration not recorded in deposit,197,IS113,2300.0,0.025,0.06,IS,8.0,0M,Medium,Medium
vijay2024_elife93243,M. tuberculosis,culture_age_15d,15.0,rifampicin,,,,vijay_198_age15d,6.361727836017593,0.0,6.361727836017593,False,1.3617278360175928,MPN/mL; RIF concentration not recorded in deposit,198,IS114,2300000.0,0.025,0.06,IS,8.0,0M,Medium,Medium
vijay2024_elife93243,M. tuberculosis,culture_age_15d,15.0,rifampicin,,,,vijay_198_age15d,6.361727836017593,2.0,4.361727836017593,False,1.3617278360175928,MPN/mL; RIF concentration not recorded in deposit,198,IS114,23000.0,0.025,0.06,IS,8.0,0M,Medium,Medium
vijay2024_elife93243,M. tuberculosis,culture_age_15d,15.0,rifampicin,,,,vijay_198_age15d,6.361727836017593,5.0,3.361727836017593,False,1.3617278360175928,MPN/mL; RIF concentration not recorded in deposit,198,IS114,2300.0,0.025,0.06,IS,8.0,0M,Medium,Medium
vijay2024_elife93243,M. tuberculosis,culture_age_15d,15.0,rifampicin,,,,vijay_199_age15d,5.785329835010767,0.0,5.785329835010767,False,1.3617278360175928,MPN/mL; RIF concentration not recorded in deposit,199,IS115,610000.0,0.05,0.06,IS,15.0,0M,Medium,High
vijay2024_elife93243,M. tuberculosis,culture_age_15d,15.0,rifampicin,,,,vijay_199_age15d,5.785329835010767,2.0,4.361727836017593,False,1.3617278360175928,MPN/mL; RIF concentration not recorded in deposit,199,IS115,23000.0,0.05,0.06,IS,15.0,0M,Medium,High
vijay2024_elife93243,M. tuberculosis,culture_age_15d,15.0,rifampicin,,,,vijay_199_age15d,5.785329835010767,5.0,3.361727836017593,False,1.3617278360175928,MPN/mL; RIF concentration not recorded in deposit,199,IS115,2300.0,0.05,0.06,IS,15.0,0M,Medium,High
vijay2024_elife93243,M. tuberculosis,culture_age_15d,15.0,rifampicin,,,,vijay_200_age15d,5.361727836017593,0.0,5.361727836017593,False,1.3617278360175928,MPN/mL; RIF concentration not recorded in deposit,200,IS116,230000.0,0.025,0.06,IS,19.0,0M,High,High
vijay2024_elife93243,M. tuberculosis,culture_age_15d,15.0,rifampicin,,,,vijay_200_age15d,5.361727836017593,2.0,4.361727836017593,False,1.3617278360175928,MPN/mL; RIF concentration not recorded in deposit,200,IS116,23000.0,0.025,0.06,IS,19.0,0M,High,High
vijay2024_elife93243,M. tuberculosis,culture_age_15d,15.0,rifampicin,,,,vijay_200_age15d,5.361727836017593,5.0,4.361727836017593,False,1.3617278360175928,MPN/mL; RIF concentration not recorded in deposit,200,IS116,23000.0,0.025,0.06,IS,19.0,0M,High,High
vijay2024_elife93243,M. tuberculosis,culture_age_15d,15.0,rifampicin,,,,vijay_201_age15d,6.361727836017593,0.0,6.361727836017593,False,1.3617278360175928,MPN/mL; RIF concentration not recorded in deposit,201,IS117,2300000.0,0.025,0.06,IS,15.0,0M,Low,Medium
vijay2024_elife93243,M. tuberculosis,culture_age_15d,15.0,rifampicin,,,,vijay_201_age15d,6.361727836017593,2.0,4.361727836017593,False,1.3617278360175928,MPN/mL; RIF concentration not recorded in deposit,201,IS117,23000.0,0.025,0.06,IS,15.0,0M,Low,Medium
vijay2024_elife93243,M. tuberculosis,culture_age_15d,15.0,rifampicin,,,,vijay_201_age15d,6.361727836017593,5.0,2.785329835010767,False,1.3617278360175928,MPN/mL; RIF concentration not recorded in deposit,201,IS117,610.0,0.025,0.06,IS,15.0,0M,Low,Medium
vijay2024_elife93243,M. tuberculosis,culture_age_15d,15.0,rifampicin,,,,vijay_202_age15d,5.785329835010767,0.0,5.785329835010767,False,1.3617278360175928,MPN/mL; RIF concentration not recorded in deposit,202,IS118,610000.0,0.025,0.06,IS,15.0,0M,Low,Medium
vijay2024_elife93243,M. tuberculosis,culture_age_15d,15.0,rifampicin,,,,vijay_202_age15d,5.785329835010767,2.0,3.361727836017593,False,1.3617278360175928,MPN/mL; RIF concentration not recorded in deposit,202,IS118,2300.0,0.025,0.06,IS,15.0,0M,Low,Medium
vijay2024_elife93243,M. tuberculosis,culture_age_15d,15.0,rifampicin,,,,vijay_202_age15d,5.785329835010767,5.0,2.361727836017593,False,1.3617278360175928,MPN/mL; RIF concentration not recorded in deposit,202,IS118,230.0,0.025,0.06,IS,15.0,0M,Low,Medium
vijay2024_elife93243,M. tuberculosis,culture_age_15d,15.0,rifampicin,,,,vijay_203_age15d,4.361727836017593,0.0,4.361727836017593,False,1.3617278360175928,MPN/mL; RIF concentration not recorded in deposit,203,IS119,23000.0,0.025,0.06,IS,19.0,0M,High,High
vijay2024_elife93243,M. tuberculosis,culture_age_15d,15.0,rifampicin,,,,vijay_203_age15d,4.361727836017593,2.0,3.361727836017593,False,1.3617278360175928,MPN/mL; RIF concentration not recorded in deposit,203,IS119,2300.0,0.025,0.06,IS,19.0,0M,High,High
vijay2024_elife93243,M. tuberculosis,culture_age_15d,15.0,rifampicin,,,,vijay_203_age15d,4.361727836017593,5.0,3.361727836017593,False,1.3617278360175928,MPN/mL; RIF concentration not recorded in deposit,203,IS119,2300.0,0.025,0.06,IS,19.0,0M,High,High
vijay2024_elife93243,M. tuberculosis,culture_age_15d,15.0,rifampicin,,,,vijay_204_age15d,5.361727836017593,0.0,5.361727836017593,False,1.3617278360175928,MPN/mL; RIF concentration not recorded in deposit,204,MDR1,230000.0,,,MDR,19.0,24M,MDR,MDR
vijay2024_elife93243,M. tuberculosis,culture_age_15d,15.0,rifampicin,,,,vijay_204_age15d,5.361727836017593,2.0,5.361727836017593,False,1.3617278360175928,MPN/mL; RIF concentration not recorded in deposit,204,MDR1,230000.0,,,MDR,19.0,24M,MDR,MDR
vijay2024_elife93243,M. tuberculosis,culture_age_15d,15.0,rifampicin,,,,vijay_204_age15d,5.361727836017593,5.0,5.361727836017593,False,1.3617278360175928,MPN/mL; RIF concentration not recorded in deposit,204,MDR1,230000.0,,,MDR,19.0,24M,MDR,MDR
vijay2024_elife93243,M. tuberculosis,culture_age_15d,15.0,rifampicin,,,,vijay_205_age15d,5.785329835010767,0.0,5.785329835010767,False,1.3617278360175928,MPN/mL; RIF concentration not recorded in deposit,205,MDR2,610000.0,,,MDR,15.0,0M,MDR,MDR
vijay2024_elife93243,M. tuberculosis,culture_age_15d,15.0,rifampicin,,,,vijay_205_age15d,5.785329835010767,2.0,5.785329835010767,False,1.3617278360175928,MPN/mL; RIF concentration not recorded in deposit,205,MDR2,610000.0,,,MDR,15.0,0M,MDR,MDR
vijay2024_elife93243,M. tuberculosis,culture_age_15d,15.0,rifampicin,,,,vijay_205_age15d,5.785329835010767,5.0,5.361727836017593,False,1.3617278360175928,MPN/mL; RIF concentration not recorded in deposit,205,MDR2,230000.0,,,MDR,15.0,0M,MDR,MDR
vijay2024_elife93243,M. tuberculosis,culture_age_15d,15.0,rifampicin,,,,vijay_206_age15d,5.361727836017593,0.0,5.361727836017593,False,1.3617278360175928,MPN/mL; RIF concentration not recorded in deposit,206,MDR3,230000.0,,,MDR,19.0,1M,MDR,MDR
vijay2024_elife93243,M. tuberculosis,culture_age_15d,15.0,rifampicin,,,,vijay_206_age15d,5.361727836017593,2.0,5.785329835010767,False,1.3617278360175928,MPN/mL; RIF concentration not recorded in deposit,206,MDR3,610000.0,,,MDR,19.0,1M,MDR,MDR
vijay2024_elife93243,M. tuberculosis,culture_age_15d,15.0,rifampicin,,,,vijay_206_age15d,5.361727836017593,5.0,6.361727836017593,False,1.3617278360175928,MPN/mL; RIF concentration not recorded in deposit,206,MDR3,2300000.0,,,MDR,19.0,1M,MDR,MDR
vijay2024_elife93243,M. tuberculosis,culture_age_15d,15.0,rifampicin,,,,vijay_207_age15d,5.361727836017593,0.0,5.361727836017593,False,1.3617278360175928,MPN/mL; RIF concentration not recorded in deposit,207,MDR4,230000.0,,,MDR,19.0,5M,MDR,MDR
vijay2024_elife93243,M. tuberculosis,culture_age_15d,15.0,rifampicin,,,,vijay_207_age15d,5.361727836017593,2.0,5.361727836017593,False,1.3617278360175928,MPN/mL; RIF concentration not recorded in deposit,207,MDR4,230000.0,,,MDR,19.0,5M,MDR,MDR
vijay2024_elife93243,M. tuberculosis,culture_age_15d,15.0,rifampicin,,,,vijay_207_age15d,5.361727836017593,5.0,6.361727836017593,False,1.3617278360175928,MPN/mL; RIF concentration not recorded in deposit,207,MDR4,2300000.0,,,MDR,19.0,5M,MDR,MDR
vijay2024_elife93243,M. tuberculosis,culture_age_15d,15.0,rifampicin,,,,vijay_208_age15d,5.785329835010767,0.0,5.785329835010767,False,1.3617278360175928,MPN/mL; RIF concentration not recorded in deposit,208,MDR5,610000.0,,,MDR,19.0,0M,MDR,MDR
vijay2024_elife93243,M. tuberculosis,culture_age_15d,15.0,rifampicin,,,,vijay_208_age15d,5.785329835010767,2.0,5.361727836017593,False,1.3617278360175928,MPN/mL; RIF concentration not recorded in deposit,208,MDR5,230000.0,,,MDR,19.0,0M,MDR,MDR
vijay2024_elife93243,M. tuberculosis,culture_age_15d,15.0,rifampicin,,,,vijay_208_age15d,5.785329835010767,5.0,6.361727836017593,False,1.3617278360175928,MPN/mL; RIF concentration not recorded in deposit,208,MDR5,2300000.0,,,MDR,19.0,0M,MDR,MDR
vijay2024_elife93243,M. tuberculosis,culture_age_15d,15.0,rifampicin,,,,vijay_209_age15d,6.690196080028514,0.0,6.690196080028514,False,1.3617278360175928,MPN/mL; RIF concentration not recorded in deposit,209,MDR6,4900000.0,,,MDR,19.0,2M,MDR,MDR
vijay2024_elife93243,M. tuberculosis,culture_age_15d,15.0,rifampicin,,,,vijay_209_age15d,6.690196080028514,2.0,4.361727836017593,False,1.3617278360175928,MPN/mL; RIF concentration not recorded in deposit,209,MDR6,23000.0,,,MDR,19.0,2M,MDR,MDR
vijay2024_elife93243,M. tuberculosis,culture_age_15d,15.0,rifampicin,,,,vijay_209_age15d,6.690196080028514,5.0,4.361727836017593,False,1.3617278360175928,MPN/mL; RIF concentration not recorded in deposit,209,MDR6,23000.0,,,MDR,19.0,2M,MDR,MDR
vijay2024_elife93243,M. tuberculosis,culture_age_15d,15.0,rifampicin,,,,vijay_210_age15d,5.361727836017593,0.0,5.361727836017593,False,1.3617278360175928,MPN/mL; RIF concentration not recorded in deposit,210,MDR-G1,230000.0,3.2,0.12,MDR-G,14.0,0M,MDR,MDR
vijay2024_elife93243,M. tuberculosis,culture_age_15d,15.0,rifampicin,,,,vijay_210_age15d,5.361727836017593,2.0,4.361727836017593,False,1.3617278360175928,MPN/mL; RIF concentration not recorded in deposit,210,MDR-G1,23000.0,3.2,0.12,MDR-G,14.0,0M,MDR,MDR
vijay2024_elife93243,M. tuberculosis,culture_age_15d,15.0,rifampicin,,,,vijay_210_age15d,5.361727836017593,5.0,4.361727836017593,False,1.3617278360175928,MPN/mL; RIF concentration not recorded in deposit,210,MDR-G1,23000.0,3.2,0.12,MDR-G,14.0,0M,MDR,MDR
vijay2024_elife93243,M. tuberculosis,culture_age_15d,15.0,rifampicin,,,,vijay_211_age15d,5.361727836017593,0.0,5.361727836017593,False,1.3617278360175928,MPN/mL; RIF concentration not recorded in deposit,211,MDR-G2,230000.0,1.6,0.12,MDR-G,39.0,0M,MDR,MDR
vijay2024_elife93243,M. tuberculosis,culture_age_15d,15.0,rifampicin,,,,vijay_211_age15d,5.361727836017593,2.0,4.361727836017593,False,1.3617278360175928,MPN/mL; RIF concentration not recorded in deposit,211,MDR-G2,23000.0,1.6,0.12,MDR-G,39.0,0M,MDR,MDR
vijay2024_elife93243,M. tuberculosis,culture_age_15d,15.0,rifampicin,,,,vijay_211_age15d,5.361727836017593,5.0,4.361727836017593,False,1.3617278360175928,MPN/mL; RIF concentration not recorded in deposit,211,MDR-G2,23000.0,1.6,0.12,MDR-G,39.0,0M,MDR,MDR
vijay2024_elife93243,M. tuberculosis,culture_age_15d,15.0,rifampicin,,,,vijay_212_age15d,4.361727836017593,0.0,4.361727836017593,False,1.3617278360175928,MPN/mL; RIF concentration not recorded in deposit,212,MDR-G3,23000.0,3.2,0.5,MDR-G,20.0,0M,MDR,MDR
vijay2024_elife93243,M. tuberculosis,culture_age_15d,15.0,rifampicin,,,,vijay_212_age15d,4.361727836017593,2.0,4.361727836017593,False,1.3617278360175928,MPN/mL; RIF concentration not recorded in deposit,212,MDR-G3,23000.0,3.2,0.5,MDR-G,20.0,0M,MDR,MDR
vijay2024_elife93243,M. tuberculosis,culture_age_15d,15.0,rifampicin,,,,vijay_212_age15d,4.361727836017593,5.0,4.361727836017593,False,1.3617278360175928,MPN/mL; RIF concentration not recorded in deposit,212,MDR-G3,23000.0,3.2,0.5,MDR-G,20.0,0M,MDR,MDR
vijay2024_elife93243,M. tuberculosis,culture_age_15d,15.0,rifampicin,,,,vijay_213_age15d,5.361727836017593,0.0,5.361727836017593,False,1.3617278360175928,MPN/mL; RIF concentration not recorded in deposit,213,MDR-G4,230000.0,3.2,0.5,MDR-G,15.0,5M,MDR,MDR
vijay2024_elife93243,M. tuberculosis,culture_age_15d,15.0,rifampicin,,,,vijay_213_age15d,5.361727836017593,2.0,4.361727836017593,False,1.3617278360175928,MPN/mL; RIF concentration not recorded in deposit,213,MDR-G4,23000.0,3.2,0.5,MDR-G,15.0,5M,MDR,MDR
vijay2024_elife93243,M. tuberculosis,culture_age_15d,15.0,rifampicin,,,,vijay_213_age15d,5.361727836017593,5.0,4.361727836017593,False,1.3617278360175928,MPN/mL; RIF concentration not recorded in deposit,213,MDR-G4,23000.0,3.2,0.5,MDR-G,15.0,5M,MDR,MDR
vijay2024_elife93243,M. tuberculosis,culture_age_15d,15.0,rifampicin,,,,vijay_214_age15d,5.785329835010767,0.0,5.785329835010767,False,1.3617278360175928,MPN/mL; RIF concentration not recorded in deposit,214,MDR-G5,610000.0,3.2,0.5,MDR-G,15.0,18M,MDR,MDR
vijay2024_elife93243,M. tuberculosis,culture_age_15d,15.0,rifampicin,,,,vijay_214_age15d,5.785329835010767,2.0,4.361727836017593,False,1.3617278360175928,MPN/mL; RIF concentration not recorded in deposit,214,MDR-G5,23000.0,3.2,0.5,MDR-G,15.0,18M,MDR,MDR
vijay2024_elife93243,M. tuberculosis,culture_age_15d,15.0,rifampicin,,,,vijay_214_age15d,5.785329835010767,5.0,4.361727836017593,False,1.3617278360175928,MPN/mL; RIF concentration not recorded in deposit,214,MDR-G5,23000.0,3.2,0.5,MDR-G,15.0,18M,MDR,MDR
vijay2024_elife93243,M. tuberculosis,culture_age_15d,15.0,rifampicin,,,,vijay_215_age15d,6.361727836017593,0.0,6.361727836017593,False,1.3617278360175928,MPN/mL; RIF concentration not recorded in deposit,215,MDR-G6,2300000.0,3.2,0.12,MDR-G,15.0,24M,MDR,MDR
vijay2024_elife93243,M. tuberculosis,culture_age_15d,15.0,rifampicin,,,,vijay_215_age15d,6.361727836017593,2.0,5.785329835010767,False,1.3617278360175928,MPN/mL; RIF concentration not recorded in deposit,215,MDR-G6,610000.0,3.2,0.12,MDR-G,15.0,24M,MDR,MDR
vijay2024_elife93243,M. tuberculosis,culture_age_15d,15.0,rifampicin,,,,vijay_215_age15d,6.361727836017593,5.0,4.361727836017593,False,1.3617278360175928,MPN/mL; RIF concentration not recorded in deposit,215,MDR-G6,23000.0,3.2,0.12,MDR-G,15.0,24M,MDR,MDR
vijay2024_elife93243,M. tuberculosis,culture_age_15d,15.0,rifampicin,,,,vijay_216_age15d,4.361727836017593,0.0,4.361727836017593,False,1.3617278360175928,MPN/mL; RIF concentration not recorded in deposit,216,MDR-G7,23000.0,6.4,0.5,MDR-G,19.0,2M,MDR,MDR
vijay2024_elife93243,M. tuberculosis,culture_age_15d,15.0,rifampicin,,,,vijay_216_age15d,4.361727836017593,2.0,4.361727836017593,False,1.3617278360175928,MPN/mL; RIF concentration not recorded in deposit,216,MDR-G7,23000.0,6.4,0.5,MDR-G,19.0,2M,MDR,MDR
vijay2024_elife93243,M. tuberculosis,culture_age_15d,15.0,rifampicin,,,,vijay_216_age15d,4.361727836017593,5.0,4.361727836017593,False,1.3617278360175928,MPN/mL; RIF concentration not recorded in deposit,216,MDR-G7,23000.0,6.4,0.5,MDR-G,19.0,2M,MDR,MDR
vijay2024_elife93243,M. tuberculosis,culture_age_15d,15.0,rifampicin,,,,vijay_217_age15d,5.361727836017593,0.0,5.361727836017593,False,1.3617278360175928,MPN/mL; RIF concentration not recorded in deposit,217,MDR-G8,230000.0,,,MDR-G,19.0,0M,MDR,MDR
vijay2024_elife93243,M. tuberculosis,culture_age_15d,15.0,rifampicin,,,,vijay_217_age15d,5.361727836017593,2.0,4.361727836017593,False,1.3617278360175928,MPN/mL; RIF concentration not recorded in deposit,217,MDR-G8,23000.0,,,MDR-G,19.0,0M,MDR,MDR
vijay2024_elife93243,M. tuberculosis,culture_age_15d,15.0,rifampicin,,,,vijay_217_age15d,5.361727836017593,5.0,5.361727836017593,False,1.3617278360175928,MPN/mL; RIF concentration not recorded in deposit,217,MDR-G8,230000.0,,,MDR-G,19.0,0M,MDR,MDR
vijay2024_elife93243,M. tuberculosis,culture_age_30d,30.0,rifampicin,,,,vijay_001_age30d,7.361727836017593,0.0,7.361727836017593,False,1.3617278360175928,MPN/mL; RIF concentration not recorded in deposit,1,IR1,23000000.0,3.2,0.12,IR,13.0,0M,Medium,Low
vijay2024_elife93243,M. tuberculosis,culture_age_30d,30.0,rifampicin,,,,vijay_001_age30d,7.361727836017593,2.0,5.361727836017593,False,1.3617278360175928,MPN/mL; RIF concentration not recorded in deposit,1,IR1,230000.0,3.2,0.12,IR,13.0,0M,Medium,Low
vijay2024_elife93243,M. tuberculosis,culture_age_30d,30.0,rifampicin,,,,vijay_001_age30d,7.361727836017593,5.0,3.361727836017593,False,1.3617278360175928,MPN/mL; RIF concentration not recorded in deposit,1,IR1,2300.0,3.2,0.12,IR,13.0,0M,Medium,Low
vijay2024_elife93243,M. tuberculosis,culture_age_30d,30.0,rifampicin,,,,vijay_002_age30d,7.361727836017593,0.0,7.361727836017593,False,1.3617278360175928,MPN/mL; RIF concentration not recorded in deposit,2,IR2,23000000.0,3.2,0.03,IR,14.0,0M,Medium,Low
vijay2024_elife93243,M. tuberculosis,culture_age_30d,30.0,rifampicin,,,,vijay_002_age30d,7.361727836017593,2.0,4.361727836017593,False,1.3617278360175928,MPN/mL; RIF concentration not recorded in deposit,2,IR2,23000.0,3.2,0.03,IR,14.0,0M,Medium,Low
vijay2024_elife93243,M. tuberculosis,culture_age_30d,30.0,rifampicin,,,,vijay_002_age30d,7.361727836017593,5.0,2.361727836017593,False,1.3617278360175928,MPN/mL; RIF concentration not recorded in deposit,2,IR2,230.0,3.2,0.03,IR,14.0,0M,Medium,Low
vijay2024_elife93243,M. tuberculosis,culture_age_30d,30.0,rifampicin,,,,vijay_003_age30d,6.690196080028514,0.0,6.690196080028514,False,1.3617278360175928,MPN/mL; RIF concentration not recorded in deposit,3,IR3,4900000.0,0.4,0.06,IR,11.0,0M,Medium,Medium
vijay2024_elife93243,M. tuberculosis,culture_age_30d,30.0,rifampicin,,,,vijay_003_age30d,6.690196080028514,2.0,5.361727836017593,False,1.3617278360175928,MPN/mL; RIF concentration not recorded in deposit,3,IR3,230000.0,0.4,0.06,IR,11.0,0M,Medium,Medium
vijay2024_elife93243,M. tuberculosis,culture_age_30d,30.0,rifampicin,,,,vijay_003_age30d,6.690196080028514,5.0,3.361727836017593,False,1.3617278360175928,MPN/mL; RIF concentration not recorded in deposit,3,IR3,2300.0,0.4,0.06,IR,11.0,0M,Medium,Medium
vijay2024_elife93243,M. tuberculosis,culture_age_30d,30.0,rifampicin,,,,vijay_004_age30d,7.361727836017593,0.0,7.361727836017593,False,1.3617278360175928,MPN/mL; RIF concentration not recorded in deposit,4,IR4,23000000.0,6.4,0.06,IR,35.0,0M,Medium,Medium
vijay2024_elife93243,M. tuberculosis,culture_age_30d,30.0,rifampicin,,,,vijay_004_age30d,7.361727836017593,2.0,6.361727836017593,False,1.3617278360175928,MPN/mL; RIF concentration not recorded in deposit,4,IR4,2300000.0,6.4,0.06,IR,35.0,0M,Medium,Medium
vijay2024_elife93243,M. tuberculosis,culture_age_30d,30.0,rifampicin,,,,vijay_004_age30d,7.361727836017593,5.0,5.361727836017593,False,1.3617278360175928,MPN/mL; RIF concentration not recorded in deposit,4,IR4,230000.0,6.4,0.06,IR,35.0,0M,Medium,Medium
vijay2024_elife93243,M. tuberculosis,culture_age_30d,30.0,rifampicin,,,,vijay_005_age30d,7.361727836017593,0.0,7.361727836017593,False,1.3617278360175928,MPN/mL; RIF concentration not recorded in deposit,5,IR5,23000000.0,3.2,0.12,IR,24.0,0M,High,Medium
vijay2024_elife93243,M. tuberculosis,culture_age_30d,30.0,rifampicin,,,,vijay_005_age30d,7.361727836017593,2.0,6.361727836017593,False,1.3617278360175928,MPN/mL; RIF concentration not recorded in deposit,5,IR5,2300000.0,3.2,0.12,IR,24.0,0M,High,Medium
vijay2024_elife93243,M. tuberculosis,culture_age_30d,30.0,rifampicin,,,,vijay_005_age30d,7.361727836017593,5.0,5.690196080028514,False,1.3617278360175928,MPN/mL; RIF concentration not recorded in deposit,5,IR5,490000.0,3.2,0.12,IR,24.0,0M,High,Medium
vijay2024_elife93243,M. tuberculosis,culture_age_30d,30.0,rifampicin,,,,vijay_006_age30d,6.361727836017593,0.0,6.361727836017593,False,1.3617278360175928,MPN/mL; RIF concentration not recorded in deposit,6,IR6,2300000.0,3.2,0.06,IR,15.0,0M,Medium,Medium
vijay2024_elife93243,M. tuberculosis,culture_age_30d,30.0,rifampicin,,,,vijay_006_age30d,6.361727836017593,2.0,3.361727836017593,False,1.3617278360175928,MPN/mL; RIF concentration not recorded in deposit,6,IR6,2300.0,3.2,0.06,IR,15.0,0M,Medium,Medium
vijay2024_elife93243,M. tuberculosis,culture_age_30d,30.0,rifampicin,,,,vijay_006_age30d,6.361727836017593,5.0,3.361727836017593,False,1.3617278360175928,MPN/mL; RIF concentration not recorded in deposit,6,IR6,2300.0,3.2,0.06,IR,15.0,0M,Medium,Medium
vijay2024_elife93243,M. tuberculosis,culture_age_30d,30.0,rifampicin,,,,vijay_007_age30d,6.785329835010767,0.0,6.785329835010767,False,1.3617278360175928,MPN/mL; RIF concentration not recorded in deposit,7,IR7,6100000.0,1.6,0.06,IR,11.0,0M,Medium,High
vijay2024_elife93243,M. tuberculosis,culture_age_30d,30.0,rifampicin,,,,vijay_007_age30d,6.785329835010767,2.0,5.785329835010767,False,1.3617278360175928,MPN/mL; RIF concentration not recorded in deposit,7,IR7,610000.0,1.6,0.06,IR,11.0,0M,Medium,High
vijay2024_elife93243,M. tuberculosis,culture_age_30d,30.0,rifampicin,,,,vijay_007_age30d,6.785329835010767,5.0,4.785329835010767,False,1.3617278360175928,MPN/mL; RIF concentration not recorded in deposit,7,IR7,61000.0,1.6,0.06,IR,11.0,0M,Medium,High
vijay2024_elife93243,M. tuberculosis,culture_age_30d,30.0,rifampicin,,,,vijay_008_age30d,5.785329835010767,0.0,5.785329835010767,False,1.3617278360175928,MPN/mL; RIF concentration not recorded in deposit,8,IR8,610000.0,3.2,0.12,IR,19.0,0M,Low,
vijay2024_elife93243,M. tuberculosis,culture_age_30d,30.0,rifampicin,,,,vijay_008_age30d,5.785329835010767,2.0,5.361727836017593,False,1.3617278360175928,MPN/mL; RIF concentration not recorded in deposit,8,IR8,230000.0,3.2,0.12,IR,19.0,0M,Low,
vijay2024_elife93243,M. tuberculosis,culture_age_30d,30.0,rifampicin,,,,vijay_008_age30d,5.785329835010767,5.0,,True,1.3617278360175928,MPN/mL; RIF concentration not recorded in deposit; at assay floor 23 MPN/mL,8,IR8,23.0,3.2,0.12,IR,19.0,0M,Low,
vijay2024_elife93243,M. tuberculosis,culture_age_30d,30.0,rifampicin,,,,vijay_009_age30d,6.785329835010767,0.0,6.785329835010767,False,1.3617278360175928,MPN/mL; RIF concentration not recorded in deposit,9,IR9,6100000.0,3.2,0.12,IR,19.0,0M,Low,
vijay2024_elife93243,M. tuberculosis,culture_age_30d,30.0,rifampicin,,,,vijay_009_age30d,6.785329835010767,2.0,5.361727836017593,False,1.3617278360175928,MPN/mL; RIF concentration not recorded in deposit,9,IR9,230000.0,3.2,0.12,IR,19.0,0M,Low,
vijay2024_elife93243,M. tuberculosis,culture_age_30d,30.0,rifampicin,,,,vijay_009_age30d,6.785329835010767,5.0,2.361727836017593,False,1.3617278360175928,MPN/mL; RIF concentration not recorded in deposit,9,IR9,230.0,3.2,0.12,IR,19.0,0M,Low,
vijay2024_elife93243,M. tuberculosis,culture_age_30d,30.0,rifampicin,,,,vijay_010_age30d,6.785329835010767,0.0,6.785329835010767,False,1.3617278360175928,MPN/mL; RIF concentration not recorded in deposit,10,IR10,6100000.0,3.2,0.25,IR,19.0,0M,High,High
vijay2024_elife93243,M. tuberculosis,culture_age_30d,30.0,rifampicin,,,,vijay_010_age30d,6.785329835010767,2.0,5.361727836017593,False,1.3617278360175928,MPN/mL; RIF concentration not recorded in deposit,10,IR10,230000.0,3.2,0.25,IR,19.0,0M,High,High
vijay2024_elife93243,M. tuberculosis,culture_age_30d,30.0,rifampicin,,,,vijay_010_age30d,6.785329835010767,5.0,6.785329835010767,False,1.3617278360175928,MPN/mL; RIF concentration not recorded in deposit,10,IR10,6100000.0,3.2,0.25,IR,19.0,0M,High,High
vijay2024_elife93243,M. tuberculosis,culture_age_30d,30.0,rifampicin,,,,vijay_011_age30d,5.785329835010767,0.0,5.785329835010767,False,1.3617278360175928,MPN/mL; RIF concentration not recorded in deposit,11,IR11,610000.0,0.4,0.25,IR,19.0,0M,High,High
vijay2024_elife93243,M. tuberculosis,culture_age_30d,30.0,rifampicin,,,,vijay_011_age30d,5.785329835010767,2.0,4.785329835010767,False,1.3617278360175928,MPN/mL; RIF concentration not recorded in deposit,11,IR11,61000.0,0.4,0.25,IR,19.0,0M,High,High
vijay2024_elife93243,M. tuberculosis,culture_age_30d,30.0,rifampicin,,,,vijay_011_age30d,5.785329835010767,5.0,6.361727836017593,False,1.3617278360175928,MPN/mL; RIF concentration not recorded in deposit,11,IR11,2300000.0,0.4,0.25,IR,19.0,0M,High,High
vijay2024_elife93243,M. tuberculosis,culture_age_30d,30.0,rifampicin,,,,vijay_012_age30d,7.361727836017593,0.0,7.361727836017593,False,1.3617278360175928,MPN/mL; RIF concentration not recorded in deposit,12,IR12,23000000.0,3.2,0.12,IR,14.0,0M,Medium,Medium
vijay2024_elife93243,M. tuberculosis,culture_age_30d,30.0,rifampicin,,,,vijay_012_age30d,7.361727836017593,2.0,5.361727836017593,False,1.3617278360175928,MPN/mL; RIF concentration not recorded in deposit,12,IR12,230000.0,3.2,0.12,IR,14.0,0M,Medium,Medium
vijay2024_elife93243,M. tuberculosis,culture_age_30d,30.0,rifampicin,,,,vijay_012_age30d,7.361727836017593,5.0,2.361727836017593,False,1.3617278360175928,MPN/mL; RIF concentration not recorded in deposit,12,IR12,230.0,3.2,0.12,IR,14.0,0M,Medium,Medium
vijay2024_elife93243,M. tuberculosis,culture_age_30d,30.0,rifampicin,,,,vijay_013_age30d,6.361727836017593,0.0,6.361727836017593,False,1.3617278360175928,MPN/mL; RIF concentration not recorded in deposit,13,IR13,2300000.0,1.6,0.12,IR,15.0,0M,High,Medium
vijay2024_elife93243,M. tuberculosis,culture_age_30d,30.0,rifampicin,,,,vijay_013_age30d,6.361727836017593,2.0,4.361727836017593,False,1.3617278360175928,MPN/mL; RIF concentration not recorded in deposit,13,IR13,23000.0,1.6,0.12,IR,15.0,0M,High,Medium
vijay2024_elife93243,M. tuberculosis,culture_age_30d,30.0,rifampicin,,,,vijay_013_age30d,6.361727836017593,5.0,4.361727836017593,False,1.3617278360175928,MPN/mL; RIF concentration not recorded in deposit,13,IR13,23000.0,1.6,0.12,IR,15.0,0M,High,Medium
vijay2024_elife93243,M. tuberculosis,culture_age_30d,30.0,rifampicin,,,,vijay_014_age30d,6.361727836017593,0.0,6.361727836017593,False,1.3617278360175928,MPN/mL; RIF concentration not recorded in deposit,14,IR14,2300000.0,1.6,0.06,IR,22.0,0M,Medium,Medium
vijay2024_elife93243,M. tuberculosis,culture_age_30d,30.0,rifampicin,,,,vijay_014_age30d,6.361727836017593,2.0,4.361727836017593,False,1.3617278360175928,MPN/mL; RIF concentration not recorded in deposit,14,IR14,23000.0,1.6,0.06,IR,22.0,0M,Medium,Medium
vijay2024_elife93243,M. tuberculosis,culture_age_30d,30.0,rifampicin,,,,vijay_014_age30d,6.361727836017593,5.0,5.361727836017593,False,1.3617278360175928,MPN/mL; RIF concentration not recorded in deposit,14,IR14,230000.0,1.6,0.06,IR,22.0,0M,Medium,Medium
vijay2024_elife93243,M. tuberculosis,culture_age_30d,30.0,rifampicin,,,,vijay_015_age30d,5.361727836017593,0.0,5.361727836017593,False,1.3617278360175928,MPN/mL; RIF concentration not recorded in deposit,15,IR15,230000.0,1.6,0.06,IR,24.0,0M,Medium,Medium
vijay2024_elife93243,M. tuberculosis,culture_age_30d,30.0,rifampicin,,,,vijay_015_age30d,5.361727836017593,2.0,5.785329835010767,False,1.3617278360175928,MPN/mL; RIF concentration not recorded in deposit,15,IR15,610000.0,1.6,0.06,IR,24.0,0M,Medium,Medium
vijay2024_elife93243,M. tuberculosis,culture_age_30d,30.0,rifampicin,,,,vijay_015_age30d,5.361727836017593,5.0,4.785329835010767,False,1.3617278360175928,MPN/mL; RIF concentration not recorded in deposit,15,IR15,61000.0,1.6,0.06,IR,24.0,0M,Medium,Medium
vijay2024_elife93243,M. tuberculosis,culture_age_30d,30.0,rifampicin,,,,vijay_016_age30d,6.361727836017593,0.0,6.361727836017593,False,1.3617278360175928,MPN/mL; RIF concentration not recorded in deposit,16,IR16,2300000.0,3.2,0.06,IR,19.0,0M,High,High
vijay2024_elife93243,M. tuberculosis,culture_age_30d,30.0,rifampicin,,,,vijay_016_age30d,6.361727836017593,2.0,5.361727836017593,False,1.3617278360175928,MPN/mL; RIF concentration not recorded in deposit,16,IR16,230000.0,3.2,0.06,IR,19.0,0M,High,High
vijay2024_elife93243,M. tuberculosis,culture_age_30d,30.0,rifampicin,,,,vijay_016_age30d,6.361727836017593,5.0,7.361727836017593,False,1.3617278360175928,MPN/mL; RIF concentration not recorded in deposit,16,IR16,23000000.0,3.2,0.06,IR,19.0,0M,High,High
vijay2024_elife93243,M. tuberculosis,culture_age_30d,30.0,rifampicin,,,,vijay_017_age30d,6.361727836017593,0.0,6.361727836017593,False,1.3617278360175928,MPN/mL; RIF concentration not recorded in deposit,17,IR17,2300000.0,6.4,0.06,IR,19.0,0M,Medium,Medium
vijay2024_elife93243,M. tuberculosis,culture_age_30d,30.0,rifampicin,,,,vijay_017_age30d,6.361727836017593,2.0,3.785329835010767,False,1.3617278360175928,MPN/mL; RIF concentration not recorded in deposit,17,IR17,6100.0,6.4,0.06,IR,19.0,0M,Medium,Medium
vijay2024_elife93243,M. tuberculosis,culture_age_30d,30.0,rifampicin,,,,vijay_017_age30d,6.361727836017593,5.0,5.361727836017593,False,1.3617278360175928,MPN/mL; RIF concentration not recorded in deposit,17,IR17,230000.0,6.4,0.06,IR,19.0,0M,Medium,Medium
vijay2024_elife93243,M. tuberculosis,culture_age_30d,30.0,rifampicin,,,,vijay_018_age30d,6.785329835010767,0.0,6.785329835010767,False,1.3617278360175928,MPN/mL; RIF concentration not recorded in deposit,18,IR18,6100000.0,3.2,0.12,IR,19.0,0M,High,Medium
vijay2024_elife93243,M. tuberculosis,culture_age_30d,30.0,rifampicin,,,,vijay_018_age30d,6.785329835010767,2.0,4.361727836017593,False,1.3617278360175928,MPN/mL; RIF concentration not recorded in deposit,18,IR18,23000.0,3.2,0.12,IR,19.0,0M,High,Medium
vijay2024_elife93243,M. tuberculosis,culture_age_30d,30.0,rifampicin,,,,vijay_018_age30d,6.785329835010767,5.0,6.785329835010767,False,1.3617278360175928,MPN/mL; RIF concentration not recorded in deposit,18,IR18,6100000.0,3.2,0.12,IR,19.0,0M,High,Medium
vijay2024_elife93243,M. tuberculosis,culture_age_30d,30.0,rifampicin,,,,vijay_019_age30d,6.361727836017593,0.0,6.361727836017593,False,1.3617278360175928,MPN/mL; RIF concentration not recorded in deposit,19,IR19,2300000.0,6.4,0.25,IR,19.0,0M,Medium,High
vijay2024_elife93243,M. tuberculosis,culture_age_30d,30.0,rifampicin,,,,vijay_019_age30d,6.361727836017593,2.0,3.361727836017593,False,1.3617278360175928,MPN/mL; RIF concentration not recorded in deposit,19,IR19,2300.0,6.4,0.25,IR,19.0,0M,Medium,High
vijay2024_elife93243,M. tuberculosis,culture_age_30d,30.0,rifampicin,,,,vijay_019_age30d,6.361727836017593,5.0,4.361727836017593,False,1.3617278360175928,MPN/mL; RIF concentration not recorded in deposit,19,IR19,23000.0,6.4,0.25,IR,19.0,0M,Medium,High
vijay2024_elife93243,M. tuberculosis,culture_age_30d,30.0,rifampicin,,,,vijay_020_age30d,7.361727836017593,0.0,7.361727836017593,False,1.3617278360175928,MPN/mL; RIF concentration not recorded in deposit,20,IR20,23000000.0,0.4,0.06,IR,19.0,0M,Medium,Medium
vijay2024_elife93243,M. tuberculosis,culture_age_30d,30.0,rifampicin,,,,vijay_020_age30d,7.361727836017593,2.0,4.785329835010767,False,1.3617278360175928,MPN/mL; RIF concentration not recorded in deposit,20,IR20,61000.0,0.4,0.06,IR,19.0,0M,Medium,Medium
vijay2024_elife93243,M. tuberculosis,culture_age_30d,30.0,rifampicin,,,,vijay_020_age30d,7.361727836017593,5.0,5.785329835010767,False,1.3617278360175928,MPN/mL; RIF concentration not recorded in deposit,20,IR20,610000.0,0.4,0.06,IR,19.0,0M,Medium,Medium
vijay2024_elife93243,M. tuberculosis,culture_age_30d,30.0,rifampicin,,,,vijay_021_age30d,7.361727836017593,0.0,7.361727836017593,False,1.3617278360175928,MPN/mL; RIF concentration not recorded in deposit,21,IR21,23000000.0,0.4,0.12,IR,15.0,0M,Medium,Medium
vijay2024_elife93243,M. tuberculosis,culture_age_30d,30.0,rifampicin,,,,vijay_021_age30d,7.361727836017593,2.0,7.361727836017593,False,1.3617278360175928,MPN/mL; RIF concentration not recorded in deposit,21,IR21,23000000.0,0.4,0.12,IR,15.0,0M,Medium,Medium
vijay2024_elife93243,M. tuberculosis,culture_age_30d,30.0,rifampicin,,,,vijay_021_age30d,7.361727836017593,5.0,5.361727836017593,False,1.3617278360175928,MPN/mL; RIF concentration not recorded in deposit,21,IR21,230000.0,0.4,0.12,IR,15.0,0M,Medium,Medium
vijay2024_elife93243,M. tuberculosis,culture_age_30d,30.0,rifampicin,,,,vijay_022_age30d,7.361727836017593,0.0,7.361727836017593,False,1.3617278360175928,MPN/mL; RIF concentration not recorded in deposit,22,IR22,23000000.0,,,IR,14.0,0M,Medium,
vijay2024_elife93243,M. tuberculosis,culture_age_30d,30.0,rifampicin,,,,vijay_022_age30d,7.361727836017593,2.0,6.361727836017593,False,1.3617278360175928,MPN/mL; RIF concentration not recorded in deposit,22,IR22,2300000.0,,,IR,14.0,0M,Medium,
vijay2024_elife93243,M. tuberculosis,culture_age_30d,30.0,rifampicin,,,,vijay_022_age30d,7.361727836017593,5.0,4.785329835010767,False,1.3617278360175928,MPN/mL; RIF concentration not recorded in deposit,22,IR22,61000.0,,,IR,14.0,0M,Medium,
vijay2024_elife93243,M. tuberculosis,culture_age_30d,30.0,rifampicin,,,,vijay_023_age30d,6.361727836017593,0.0,6.361727836017593,False,1.3617278360175928,MPN/mL; RIF concentration not recorded in deposit,23,IR23,2300000.0,3.2,0.06,IR,12.0,0M,Medium,Medium
vijay2024_elife93243,M. tuberculosis,culture_age_30d,30.0,rifampicin,,,,vijay_023_age30d,6.361727836017593,2.0,4.785329835010767,False,1.3617278360175928,MPN/mL; RIF concentration not recorded in deposit,23,IR23,61000.0,3.2,0.06,IR,12.0,0M,Medium,Medium
vijay2024_elife93243,M. tuberculosis,culture_age_30d,30.0,rifampicin,,,,vijay_023_age30d,6.361727836017593,5.0,3.361727836017593,False,1.3617278360175928,MPN/mL; RIF concentration not recorded in deposit,23,IR23,2300.0,3.2,0.06,IR,12.0,0M,Medium,Medium
vijay2024_elife93243,M. tuberculosis,culture_age_30d,30.0,rifampicin,,,,vijay_024_age30d,6.361727836017593,0.0,6.361727836017593,False,1.3617278360175928,MPN/mL; RIF concentration not recorded in deposit,24,IR24,2300000.0,3.2,0.06,IR,15.0,0M,Medium,Low
vijay2024_elife93243,M. tuberculosis,culture_age_30d,30.0,rifampicin,,,,vijay_024_age30d,6.361727836017593,2.0,4.361727836017593,False,1.3617278360175928,MPN/mL; RIF concentration not recorded in deposit,24,IR24,23000.0,3.2,0.06,IR,15.0,0M,Medium,Low
vijay2024_elife93243,M. tuberculosis,culture_age_30d,30.0,rifampicin,,,,vijay_024_age30d,6.361727836017593,5.0,2.361727836017593,False,1.3617278360175928,MPN/mL; RIF concentration not recorded in deposit,24,IR24,230.0,3.2,0.06,IR,15.0,0M,Medium,Low
vijay2024_elife93243,M. tuberculosis,culture_age_30d,30.0,rifampicin,,,,vijay_025_age30d,6.785329835010767,0.0,6.785329835010767,False,1.3617278360175928,MPN/mL; RIF concentration not recorded in deposit,25,IR25,6100000.0,3.2,0.06,IR,19.0,0M,Medium,Medium
vijay2024_elife93243,M. tuberculosis,culture_age_30d,30.0,rifampicin,,,,vijay_025_age30d,6.785329835010767,2.0,6.361727836017593,False,1.3617278360175928,MPN/mL; RIF concentration not recorded in deposit,25,IR25,2300000.0,3.2,0.06,IR,19.0,0M,Medium,Medium
vijay2024_elife93243,M. tuberculosis,culture_age_30d,30.0,rifampicin,,,,vijay_025_age30d,6.785329835010767,5.0,5.361727836017593,False,1.3617278360175928,MPN/mL; RIF concentration not recorded in deposit,25,IR25,230000.0,3.2,0.06,IR,19.0,0M,Medium,Medium
vijay2024_elife93243,M. tuberculosis,culture_age_30d,30.0,rifampicin,,,,vijay_026_age30d,6.361727836017593,0.0,6.361727836017593,False,1.3617278360175928,MPN/mL; RIF concentration not recorded in deposit,26,IR26,2300000.0,3.2,0.12,IR,15.0,0M,Medium,High
vijay2024_elife93243,M. tuberculosis,culture_age_30d,30.0,rifampicin,,,,vijay_026_age30d,6.361727836017593,2.0,5.361727836017593,False,1.3617278360175928,MPN/mL; RIF concentration not recorded in deposit,26,IR26,230000.0,3.2,0.12,IR,15.0,0M,Medium,High
vijay2024_elife93243,M. tuberculosis,culture_age_30d,30.0,rifampicin,,,,vijay_026_age30d,6.361727836017593,5.0,4.361727836017593,False,1.3617278360175928,MPN/mL; RIF concentration not recorded in deposit,26,IR26,23000.0,3.2,0.12,IR,15.0,0M,Medium,High
vijay2024_elife93243,M. tuberculosis,culture_age_30d,30.0,rifampicin,,,,vijay_027_age30d,6.361727836017593,0.0,6.361727836017593,False,1.3617278360175928,MPN/mL; RIF concentration not recorded in deposit,27,IR27,2300000.0,3.2,0.06,IR,15.0,0M,Medium,Medium
vijay2024_elife93243,M. tuberculosis,culture_age_30d,30.0,rifampicin,,,,vijay_027_age30d,6.361727836017593,2.0,5.361727836017593,False,1.3617278360175928,MPN/mL; RIF concentration not recorded in deposit,27,IR27,230000.0,3.2,0.06,IR,15.0,0M,Medium,Medium
vijay2024_elife93243,M. tuberculosis,culture_age_30d,30.0,rifampicin,,,,vijay_027_age30d,6.361727836017593,5.0,4.361727836017593,False,1.3617278360175928,MPN/mL; RIF concentration not recorded in deposit,27,IR27,23000.0,3.2,0.06,IR,15.0,0M,Medium,Medium
vijay2024_elife93243,M. tuberculosis,culture_age_30d,30.0,rifampicin,,,,vijay_028_age30d,6.361727836017593,0.0,6.361727836017593,False,1.3617278360175928,MPN/mL; RIF concentration not recorded in deposit,28,IR28,2300000.0,1.6,0.06,IR,15.0,0M,Medium,Medium
vijay2024_elife93243,M. tuberculosis,culture_age_30d,30.0,rifampicin,,,,vijay_028_age30d,6.361727836017593,2.0,6.361727836017593,False,1.3617278360175928,MPN/mL; RIF concentration not recorded in deposit,28,IR28,2300000.0,1.6,0.06,IR,15.0,0M,Medium,Medium
vijay2024_elife93243,M. tuberculosis,culture_age_30d,30.0,rifampicin,,,,vijay_028_age30d,6.361727836017593,5.0,4.799340549453582,False,1.3617278360175928,MPN/mL; RIF concentration not recorded in deposit,28,IR28,63000.0,1.6,0.06,IR,15.0,0M,Medium,Medium
vijay2024_elife93243,M. tuberculosis,culture_age_30d,30.0,rifampicin,,,,vijay_029_age30d,6.361727836017593,0.0,6.361727836017593,False,1.3617278360175928,MPN/mL; RIF concentration not recorded in deposit,29,IR29,2300000.0,1.6,0.03,IR,12.0,0M,Medium,Medium
vijay2024_elife93243,M. tuberculosis,culture_age_30d,30.0,rifampicin,,,,vijay_029_age30d,6.361727836017593,2.0,5.361727836017593,False,1.3617278360175928,MPN/mL; RIF concentration not recorded in deposit,29,IR29,230000.0,1.6,0.03,IR,12.0,0M,Medium,Medium
vijay2024_elife93243,M. tuberculosis,culture_age_30d,30.0,rifampicin,,,,vijay_029_age30d,6.361727836017593,5.0,4.361727836017593,False,1.3617278360175928,MPN/mL; RIF concentration not recorded in deposit,29,IR29,23000.0,1.6,0.03,IR,12.0,0M,Medium,Medium
vijay2024_elife93243,M. tuberculosis,culture_age_30d,30.0,rifampicin,,,,vijay_030_age30d,7.785329835010767,0.0,7.785329835010767,False,1.3617278360175928,MPN/mL; RIF concentration not recorded in deposit,30,IR30,61000000.0,3.2,0.06,IR,15.0,0M,Medium,Medium
vijay2024_elife93243,M. tuberculosis,culture_age_30d,30.0,rifampicin,,,,vijay_030_age30d,7.785329835010767,2.0,7.361727836017593,False,1.3617278360175928,MPN/mL; RIF concentration not recorded in deposit,30,IR30,23000000.0,3.2,0.06,IR,15.0,0M,Medium,Medium
vijay2024_elife93243,M. tuberculosis,culture_age_30d,30.0,rifampicin,,,,vijay_030_age30d,7.785329835010767,5.0,5.785329835010767,False,1.3617278360175928,MPN/mL; RIF concentration not recorded in deposit,30,IR30,610000.0,3.2,0.06,IR,15.0,0M,Medium,Medium
vijay2024_elife93243,M. tuberculosis,culture_age_30d,30.0,rifampicin,,,,vijay_031_age30d,7.785329835010767,0.0,7.785329835010767,False,1.3617278360175928,MPN/mL; RIF concentration not recorded in deposit,31,IR31,61000000.0,1.6,0.03,IR,15.0,0M,Medium,Medium
vijay2024_elife93243,M. tuberculosis,culture_age_30d,30.0,rifampicin,,,,vijay_031_age30d,7.785329835010767,2.0,6.785329835010767,False,1.3617278360175928,MPN/mL; RIF concentration not recorded in deposit,31,IR31,6100000.0,1.6,0.03,IR,15.0,0M,Medium,Medium
vijay2024_elife93243,M. tuberculosis,culture_age_30d,30.0,rifampicin,,,,vijay_031_age30d,7.785329835010767,5.0,4.785329835010767,False,1.3617278360175928,MPN/mL; RIF concentration not recorded in deposit,31,IR31,61000.0,1.6,0.03,IR,15.0,0M,Medium,Medium
vijay2024_elife93243,M. tuberculosis,culture_age_30d,30.0,rifampicin,,,,vijay_032_age30d,6.361727836017593,0.0,6.361727836017593,False,1.3617278360175928,MPN/mL; RIF concentration not recorded in deposit,32,IR32,2300000.0,3.2,0.06,IR,15.0,0M,Medium,Medium
vijay2024_elife93243,M. tuberculosis,culture_age_30d,30.0,rifampicin,,,,vijay_032_age30d,6.361727836017593,2.0,4.361727836017593,False,1.3617278360175928,MPN/mL; RIF concentration not recorded in deposit,32,IR32,23000.0,3.2,0.06,IR,15.0,0M,Medium,Medium
vijay2024_elife93243,M. tuberculosis,culture_age_30d,30.0,rifampicin,,,,vijay_032_age30d,6.361727836017593,5.0,3.361727836017593,False,1.3617278360175928,MPN/mL; RIF concentration not recorded in deposit,32,IR32,2300.0,3.2,0.06,IR,15.0,0M,Medium,Medium
vijay2024_elife93243,M. tuberculosis,culture_age_30d,30.0,rifampicin,,,,vijay_033_age30d,7.361727836017593,0.0,7.361727836017593,False,1.3617278360175928,MPN/mL; RIF concentration not recorded in deposit,33,IR33,23000000.0,3.2,0.06,IR,15.0,0M,Medium,Low
vijay2024_elife93243,M. tuberculosis,culture_age_30d,30.0,rifampicin,,,,vijay_033_age30d,7.361727836017593,2.0,4.361727836017593,False,1.3617278360175928,MPN/mL; RIF concentration not recorded in deposit,33,IR33,23000.0,3.2,0.06,IR,15.0,0M,Medium,Low
vijay2024_elife93243,M. tuberculosis,culture_age_30d,30.0,rifampicin,,,,vijay_033_age30d,7.361727836017593,5.0,3.361727836017593,False,1.3617278360175928,MPN/mL; RIF concentration not recorded in deposit,33,IR33,2300.0,3.2,0.06,IR,15.0,0M,Medium,Low
vijay2024_elife93243,M. tuberculosis,culture_age_30d,30.0,rifampicin,,,,vijay_034_age30d,6.361727836017593,0.0,6.361727836017593,False,1.3617278360175928,MPN/mL; RIF concentration not recorded in deposit,34,IR34,2300000.0,3.2,0.12,IR,15.0,0M,Medium,Low
vijay2024_elife93243,M. tuberculosis,culture_age_30d,30.0,rifampicin,,,,vijay_034_age30d,6.361727836017593,2.0,4.361727836017593,False,1.3617278360175928,MPN/mL; RIF concentration not recorded in deposit,34,IR34,23000.0,3.2,0.12,IR,15.0,0M,Medium,Low
vijay2024_elife93243,M. tuberculosis,culture_age_30d,30.0,rifampicin,,,,vijay_034_age30d,6.361727836017593,5.0,3.361727836017593,False,1.3617278360175928,MPN/mL; RIF concentration not recorded in deposit,34,IR34,2300.0,3.2,0.12,IR,15.0,0M,Medium,Low
vijay2024_elife93243,M. tuberculosis,culture_age_30d,30.0,rifampicin,,,,vijay_035_age30d,7.361727836017593,0.0,7.361727836017593,False,1.3617278360175928,MPN/mL; RIF concentration not recorded in deposit,35,IR35,23000000.0,1.6,0.06,IR,14.0,0M,Medium,
vijay2024_elife93243,M. tuberculosis,culture_age_30d,30.0,rifampicin,,,,vijay_035_age30d,7.361727836017593,2.0,7.361727836017593,False,1.3617278360175928,MPN/mL; RIF concentration not recorded in deposit,35,IR35,23000000.0,1.6,0.06,IR,14.0,0M,Medium,
vijay2024_elife93243,M. tuberculosis,culture_age_30d,30.0,rifampicin,,,,vijay_035_age30d,7.361727836017593,5.0,5.785329835010767,False,1.3617278360175928,MPN/mL; RIF concentration not recorded in deposit,35,IR35,610000.0,1.6,0.06,IR,14.0,0M,Medium,
vijay2024_elife93243,M. tuberculosis,culture_age_30d,30.0,rifampicin,,,,vijay_036_age30d,7.785329835010767,0.0,7.785329835010767,False,1.3617278360175928,MPN/mL; RIF concentration not recorded in deposit,36,IR36,61000000.0,3.2,0.06,IR,15.0,0M,Medium,Medium
vijay2024_elife93243,M. tuberculosis,culture_age_30d,30.0,rifampicin,,,,vijay_036_age30d,7.785329835010767,2.0,6.361727836017593,False,1.3617278360175928,MPN/mL; RIF concentration not recorded in deposit,36,IR36,2300000.0,3.2,0.06,IR,15.0,0M,Medium,Medium
vijay2024_elife93243,M. tuberculosis,culture_age_30d,30.0,rifampicin,,,,vijay_036_age30d,7.785329835010767,5.0,5.785329835010767,False,1.3617278360175928,MPN/mL; RIF concentration not recorded in deposit,36,IR36,610000.0,3.2,0.06,IR,15.0,0M,Medium,Medium
vijay2024_elife93243,M. tuberculosis,culture_age_30d,30.0,rifampicin,,,,vijay_037_age30d,5.361727836017593,0.0,5.361727836017593,False,1.3617278360175928,MPN/mL; RIF concentration not recorded in deposit,37,IR37,230000.0,3.2,0.03,IR,15.0,0M,Medium,Low
vijay2024_elife93243,M. tuberculosis,culture_age_30d,30.0,rifampicin,,,,vijay_037_age30d,5.361727836017593,2.0,3.361727836017593,False,1.3617278360175928,MPN/mL; RIF concentration not recorded in deposit,37,IR37,2300.0,3.2,0.03,IR,15.0,0M,Medium,Low
vijay2024_elife93243,M. tuberculosis,culture_age_30d,30.0,rifampicin,,,,vijay_037_age30d,5.361727836017593,5.0,2.361727836017593,False,1.3617278360175928,MPN/mL; RIF concentration not recorded in deposit,37,IR37,230.0,3.2,0.03,IR,15.0,0M,Medium,Low
vijay2024_elife93243,M. tuberculosis,culture_age_30d,30.0,rifampicin,,,,vijay_038_age30d,6.785329835010767,0.0,6.785329835010767,False,1.3617278360175928,MPN/mL; RIF concentration not recorded in deposit,38,IR38,6100000.0,3.2,0.25,IR,34.0,0M,Medium,Low
vijay2024_elife93243,M. tuberculosis,culture_age_30d,30.0,rifampicin,,,,vijay_038_age30d,6.785329835010767,2.0,5.361727836017593,False,1.3617278360175928,MPN/mL; RIF concentration not recorded in deposit,38,IR38,230000.0,3.2,0.25,IR,34.0,0M,Medium,Low
vijay2024_elife93243,M. tuberculosis,culture_age_30d,30.0,rifampicin,,,,vijay_038_age30d,6.785329835010767,5.0,2.361727836017593,False,1.3617278360175928,MPN/mL; RIF concentration not recorded in deposit,38,IR38,230.0,3.2,0.25,IR,34.0,0M,Medium,Low
vijay2024_elife93243,M. tuberculosis,culture_age_30d,30.0,rifampicin,,,,vijay_039_age30d,6.361727836017593,0.0,6.361727836017593,False,1.3617278360175928,MPN/mL; RIF concentration not recorded in deposit,39,IR39,2300000.0,6.4,0.12,IR,15.0,0M,Medium,Medium
vijay2024_elife93243,M. tuberculosis,culture_age_30d,30.0,rifampicin,,,,vijay_039_age30d,6.361727836017593,2.0,4.361727836017593,False,1.3617278360175928,MPN/mL; RIF concentration not recorded in deposit,39,IR39,23000.0,6.4,0.12,IR,15.0,0M,Medium,Medium
vijay2024_elife93243,M. tuberculosis,culture_age_30d,30.0,rifampicin,,,,vijay_039_age30d,6.361727836017593,5.0,3.361727836017593,False,1.3617278360175928,MPN/mL; RIF concentration not recorded in deposit,39,IR39,2300.0,6.4,0.12,IR,15.0,0M,Medium,Medium
vijay2024_elife93243,M. tuberculosis,culture_age_30d,30.0,rifampicin,,,,vijay_040_age30d,7.785329835010767,0.0,7.785329835010767,False,1.3617278360175928,MPN/mL; RIF concentration not recorded in deposit,40,IR40,61000000.0,12.8,0.25,IR,19.0,5M,Medium,High
vijay2024_elife93243,M. tuberculosis,culture_age_30d,30.0,rifampicin,,,,vijay_040_age30d,7.785329835010767,2.0,5.361727836017593,False,1.3617278360175928,MPN/mL; RIF concentration not recorded in deposit,40,IR40,230000.0,12.8,0.25,IR,19.0,5M,Medium,High
vijay2024_elife93243,M. tuberculosis,culture_age_30d,30.0,rifampicin,,,,vijay_040_age30d,7.785329835010767,5.0,7.361727836017593,False,1.3617278360175928,MPN/mL; RIF concentration not recorded in deposit,40,IR40,23000000.0,12.8,0.25,IR,19.0,5M,Medium,High
vijay2024_elife93243,M. tuberculosis,culture_age_30d,30.0,rifampicin,,,,vijay_041_age30d,7.785329835010767,0.0,7.785329835010767,False,1.3617278360175928,MPN/mL; RIF concentration not recorded in deposit,41,IR41,61000000.0,6.4,0.12,IR,19.0,8M,Medium,Medium
vijay2024_elife93243,M. tuberculosis,culture_age_30d,30.0,rifampicin,,,,vijay_041_age30d,7.785329835010767,2.0,6.361727836017593,False,1.3617278360175928,MPN/mL; RIF concentration not recorded in deposit,41,IR41,2300000.0,6.4,0.12,IR,19.0,8M,Medium,Medium
vijay2024_elife93243,M. tuberculosis,culture_age_30d,30.0,rifampicin,,,,vijay_041_age30d,7.785329835010767,5.0,7.361727836017593,False,1.3617278360175928,MPN/mL; RIF concentration not recorded in deposit,41,IR41,23000000.0,6.4,0.12,IR,19.0,8M,Medium,Medium
vijay2024_elife93243,M. tuberculosis,culture_age_30d,30.0,rifampicin,,,,vijay_042_age30d,7.361727836017593,0.0,7.361727836017593,False,1.3617278360175928,MPN/mL; RIF concentration not recorded in deposit,42,IR42,23000000.0,,,IR,,0M,Medium,Medium
vijay2024_elife93243,M. tuberculosis,culture_age_30d,30.0,rifampicin,,,,vijay_042_age30d,7.361727836017593,2.0,6.361727836017593,False,1.3617278360175928,MPN/mL; RIF concentration not recorded in deposit,42,IR42,2300000.0,,,IR,,0M,Medium,Medium
vijay2024_elife93243,M. tuberculosis,culture_age_30d,30.0,rifampicin,,,,vijay_042_age30d,7.361727836017593,5.0,5.361727836017593,False,1.3617278360175928,MPN/mL; RIF concentration not recorded in deposit,42,IR42,230000.0,,,IR,,0M,Medium,Medium
vijay2024_elife93243,M. tuberculosis,culture_age_30d,30.0,rifampicin,,,,vijay_043_age30d,5.361727836017593,0.0,5.361727836017593,False,1.3617278360175928,MPN/mL; RIF concentration not recorded in deposit,43,IR43,230000.0,3.2,0.06,IR,22.0,18M,Medium,Low
vijay2024_elife93243,M. tuberculosis,culture_age_30d,30.0,rifampicin,,,,vijay_043_age30d,5.361727836017593,2.0,3.785329835010767,False,1.3617278360175928,MPN/mL; RIF concentration not recorded in deposit,43,IR43,6100.0,3.2,0.06,IR,22.0,18M,Medium,Low
vijay2024_elife93243,M. tuberculosis,culture_age_30d,30.0,rifampicin,,,,vijay_043_age30d,5.361727836017593,5.0,,True,1.3617278360175928,MPN/mL; RIF concentration not recorded in deposit; at assay floor 23 MPN/mL,43,IR43,23.0,3.2,0.06,IR,22.0,18M,Medium,Low
vijay2024_elife93243,M. tuberculosis,culture_age_30d,30.0,rifampicin,,,,vijay_044_age30d,7.361727836017593,0.0,7.361727836017593,False,1.3617278360175928,MPN/mL; RIF concentration not recorded in deposit,44,IR44,23000000.0,3.2,0.25,IR,19.0,1M,High,Medium
vijay2024_elife93243,M. tuberculosis,culture_age_30d,30.0,rifampicin,,,,vijay_044_age30d,7.361727836017593,2.0,6.785329835010767,False,1.3617278360175928,MPN/mL; RIF concentration not recorded in deposit,44,IR44,6100000.0,3.2,0.25,IR,19.0,1M,High,Medium
vijay2024_elife93243,M. tuberculosis,culture_age_30d,30.0,rifampicin,,,,vijay_044_age30d,7.361727836017593,5.0,5.361727836017593,False,1.3617278360175928,MPN/mL; RIF concentration not recorded in deposit,44,IR44,230000.0,3.2,0.25,IR,19.0,1M,High,Medium
vijay2024_elife93243,M. tuberculosis,culture_age_30d,30.0,rifampicin,,,,vijay_045_age30d,7.361727836017593,0.0,7.361727836017593,False,1.3617278360175928,MPN/mL; RIF concentration not recorded in deposit,45,IR45,23000000.0,3.2,0.12,IR,28.0,8M,Medium,Low
vijay2024_elife93243,M. tuberculosis,culture_age_30d,30.0,rifampicin,,,,vijay_045_age30d,7.361727836017593,2.0,2.361727836017593,False,1.3617278360175928,MPN/mL; RIF concentration not recorded in deposit,45,IR45,230.0,3.2,0.12,IR,28.0,8M,Medium,Low
vijay2024_elife93243,M. tuberculosis,culture_age_30d,30.0,rifampicin,,,,vijay_045_age30d,7.361727836017593,5.0,2.361727836017593,False,1.3617278360175928,MPN/mL; RIF concentration not recorded in deposit,45,IR45,230.0,3.2,0.12,IR,28.0,8M,Medium,Low
vijay2024_elife93243,M. tuberculosis,culture_age_30d,30.0,rifampicin,,,,vijay_046_age30d,6.361727836017593,0.0,6.361727836017593,False,1.3617278360175928,MPN/mL; RIF concentration not recorded in deposit,46,IR46,2300000.0,3.2,0.25,IR,19.0,8M,High,High
vijay2024_elife93243,M. tuberculosis,culture_age_30d,30.0,rifampicin,,,,vijay_046_age30d,6.361727836017593,2.0,6.690196080028514,False,1.3617278360175928,MPN/mL; RIF concentration not recorded in deposit,46,IR46,4900000.0,3.2,0.25,IR,19.0,8M,High,High
vijay2024_elife93243,M. tuberculosis,culture_age_30d,30.0,rifampicin,,,,vijay_046_age30d,6.361727836017593,5.0,6.361727836017593,False,1.3617278360175928,MPN/mL; RIF concentration not recorded in deposit,46,IR46,2300000.0,3.2,0.25,IR,19.0,8M,High,High
vijay2024_elife93243,M. tuberculosis,culture_age_30d,30.0,rifampicin,,,,vijay_047_age30d,8.361727836017593,0.0,8.361727836017593,False,1.3617278360175928,MPN/mL; RIF concentration not recorded in deposit,47,IR47,230000000.0,3.2,0.12,IR,15.0,12M,Low,Low
vijay2024_elife93243,M. tuberculosis,culture_age_30d,30.0,rifampicin,,,,vijay_047_age30d,8.361727836017593,2.0,5.361727836017593,False,1.3617278360175928,MPN/mL; RIF concentration not recorded in deposit,47,IR47,230000.0,3.2,0.12,IR,15.0,12M,Low,Low
vijay2024_elife93243,M. tuberculosis,culture_age_30d,30.0,rifampicin,,,,vijay_047_age30d,8.361727836017593,5.0,4.785329835010767,False,1.3617278360175928,MPN/mL; RIF concentration not recorded in deposit,47,IR47,61000.0,3.2,0.12,IR,15.0,12M,Low,Low
vijay2024_elife93243,M. tuberculosis,culture_age_30d,30.0,rifampicin,,,,vijay_048_age30d,5.361727836017593,0.0,5.361727836017593,False,1.3617278360175928,MPN/mL; RIF concentration not recorded in deposit,48,IR48,230000.0,1.6,0.06,IR,22.0,1M,Medium,Medium
vijay2024_elife93243,M. tuberculosis,culture_age_30d,30.0,rifampicin,,,,vijay_048_age30d,5.361727836017593,2.0,4.361727836017593,False,1.3617278360175928,MPN/mL; RIF concentration not recorded in deposit,48,IR48,23000.0,1.6,0.06,IR,22.0,1M,Medium,Medium
vijay2024_elife93243,M. tuberculosis,culture_age_30d,30.0,rifampicin,,,,vijay_048_age30d,5.361727836017593,5.0,3.785329835010767,False,1.3617278360175928,MPN/mL; RIF concentration not recorded in deposit,48,IR48,6100.0,1.6,0.06,IR,22.0,1M,Medium,Medium
vijay2024_elife93243,M. tuberculosis,culture_age_30d,30.0,rifampicin,,,,vijay_049_age30d,5.361727836017593,0.0,5.361727836017593,False,1.3617278360175928,MPN/mL; RIF concentration not recorded in deposit,49,IR49,230000.0,6.4,0.25,IR,22.0,8M,Medium,Low
vijay2024_elife93243,M. tuberculosis,culture_age_30d,30.0,rifampicin,,,,vijay_049_age30d,5.361727836017593,2.0,2.361727836017593,False,1.3617278360175928,MPN/mL; RIF concentration not recorded in deposit,49,IR49,230.0,6.4,0.25,IR,22.0,8M,Medium,Low
vijay2024_elife93243,M. tuberculosis,culture_age_30d,30.0,rifampicin,,,,vijay_049_age30d,5.361727836017593,5.0,,True,1.3617278360175928,MPN/mL; RIF concentration not recorded in deposit; at assay floor 23 MPN/mL,49,IR49,23.0,6.4,0.25,IR,22.0,8M,Medium,Low
vijay2024_elife93243,M. tuberculosis,culture_age_30d,30.0,rifampicin,,,,vijay_050_age30d,5.361727836017593,0.0,5.361727836017593,False,1.3617278360175928,MPN/mL; RIF concentration not recorded in deposit,50,IR50,230000.0,6.4,0.12,IR,19.0,18M,Medium,Low
vijay2024_elife93243,M. tuberculosis,culture_age_30d,30.0,rifampicin,,,,vijay_050_age30d,5.361727836017593,2.0,3.361727836017593,False,1.3617278360175928,MPN/mL; RIF concentration not recorded in deposit,50,IR50,2300.0,6.4,0.12,IR,19.0,18M,Medium,Low
vijay2024_elife93243,M. tuberculosis,culture_age_30d,30.0,rifampicin,,,,vijay_050_age30d,5.361727836017593,5.0,,True,1.3617278360175928,MPN/mL; RIF concentration not recorded in deposit; at assay floor 23 MPN/mL,50,IR50,23.0,6.4,0.12,IR,19.0,18M,Medium,Low
vijay2024_elife93243,M. tuberculosis,culture_age_30d,30.0,rifampicin,,,,vijay_051_age30d,7.785329835010767,0.0,7.785329835010767,False,1.3617278360175928,MPN/mL; RIF concentration not recorded in deposit,51,IR51,61000000.0,6.4,0.5,IR,15.0,1M,Low,Medium
vijay2024_elife93243,M. tuberculosis,culture_age_30d,30.0,rifampicin,,,,vijay_051_age30d,7.785329835010767,2.0,6.361727836017593,False,1.3617278360175928,MPN/mL; RIF concentration not recorded in deposit,51,IR51,2300000.0,6.4,0.5,IR,15.0,1M,Low,Medium
vijay2024_elife93243,M. tuberculosis,culture_age_30d,30.0,rifampicin,,,,vijay_051_age30d,7.785329835010767,5.0,5.361727836017593,False,1.3617278360175928,MPN/mL; RIF concentration not recorded in deposit,51,IR51,230000.0,6.4,0.5,IR,15.0,1M,Low,Medium
vijay2024_elife93243,M. tuberculosis,culture_age_30d,30.0,rifampicin,,,,vijay_052_age30d,7.785329835010767,0.0,7.785329835010767,False,1.3617278360175928,MPN/mL; RIF concentration not recorded in deposit,52,IR52,61000000.0,3.2,0.06,IR,15.0,2M,Medium,Medium
vijay2024_elife93243,M. tuberculosis,culture_age_30d,30.0,rifampicin,,,,vijay_052_age30d,7.785329835010767,2.0,6.361727836017593,False,1.3617278360175928,MPN/mL; RIF concentration not recorded in deposit,52,IR52,2300000.0,3.2,0.06,IR,15.0,2M,Medium,Medium
vijay2024_elife93243,M. tuberculosis,culture_age_30d,30.0,rifampicin,,,,vijay_052_age30d,7.785329835010767,5.0,5.361727836017593,False,1.3617278360175928,MPN/mL; RIF concentration not recorded in deposit,52,IR52,230000.0,3.2,0.06,IR,15.0,2M,Medium,Medium
vijay2024_elife93243,M. tuberculosis,culture_age_30d,30.0,rifampicin,,,,vijay_053_age30d,7.361727836017593,0.0,7.361727836017593,False,1.3617278360175928,MPN/mL; RIF concentration not recorded in deposit,53,IR53,23000000.0,3.2,0.12,IR,15.0,12M,High,Medium
vijay2024_elife93243,M. tuberculosis,culture_age_30d,30.0,rifampicin,,,,vijay_053_age30d,7.361727836017593,2.0,6.361727836017593,False,1.3617278360175928,MPN/mL; RIF concentration not recorded in deposit,53,IR53,2300000.0,3.2,0.12,IR,15.0,12M,High,Medium
vijay2024_elife93243,M. tuberculosis,culture_age_30d,30.0,rifampicin,,,,vijay_053_age30d,7.361727836017593,5.0,6.361727836017593,False,1.3617278360175928,MPN/mL; RIF concentration not recorded in deposit,53,IR53,2300000.0,3.2,0.12,IR,15.0,12M,High,Medium
vijay2024_elife93243,M. tuberculosis,culture_age_30d,30.0,rifampicin,,,,vijay_054_age30d,7.361727836017593,0.0,7.361727836017593,False,1.3617278360175928,MPN/mL; RIF concentration not recorded in deposit,54,IR54,23000000.0,6.4,0.12,IR,15.0,8M,Medium,High
vijay2024_elife93243,M. tuberculosis,culture_age_30d,30.0,rifampicin,,,,vijay_054_age30d,7.361727836017593,2.0,5.785329835010767,False,1.3617278360175928,MPN/mL; RIF concentration not recorded in deposit,54,IR54,610000.0,6.4,0.12,IR,15.0,8M,Medium,High
vijay2024_elife93243,M. tuberculosis,culture_age_30d,30.0,rifampicin,,,,vijay_054_age30d,7.361727836017593,5.0,5.785329835010767,False,1.3617278360175928,MPN/mL; RIF concentration not recorded in deposit,54,IR54,610000.0,6.4,0.12,IR,15.0,8M,Medium,High
vijay2024_elife93243,M. tuberculosis,culture_age_30d,30.0,rifampicin,,,,vijay_055_age30d,7.361727836017593,0.0,7.361727836017593,False,1.3617278360175928,MPN/mL; RIF concentration not recorded in deposit,55,IR55,23000000.0,3.2,0.12,IR,19.0,5M,Medium,Medium
vijay2024_elife93243,M. tuberculosis,culture_age_30d,30.0,rifampicin,,,,vijay_055_age30d,7.361727836017593,2.0,5.785329835010767,False,1.3617278360175928,MPN/mL; RIF concentration not recorded in deposit,55,IR55,610000.0,3.2,0.12,IR,19.0,5M,Medium,Medium
vijay2024_elife93243,M. tuberculosis,culture_age_30d,30.0,rifampicin,,,,vijay_055_age30d,7.361727836017593,5.0,5.785329835010767,False,1.3617278360175928,MPN/mL; RIF concentration not recorded in deposit,55,IR55,610000.0,3.2,0.12,IR,19.0,5M,Medium,Medium
vijay2024_elife93243,M. tuberculosis,culture_age_30d,30.0,rifampicin,,,,vijay_056_age30d,5.785329835010767,0.0,5.785329835010767,False,1.3617278360175928,MPN/mL; RIF concentration not recorded in deposit,56,IR56,610000.0,3.2,0.12,IR,19.0,24M,Medium,Low
vijay2024_elife93243,M. tuberculosis,culture_age_30d,30.0,rifampicin,,,,vijay_056_age30d,5.785329835010767,2.0,4.361727836017593,False,1.3617278360175928,MPN/mL; RIF concentration not recorded in deposit,56,IR56,23000.0,3.2,0.12,IR,19.0,24M,Medium,Low
vijay2024_elife93243,M. tuberculosis,culture_age_30d,30.0,rifampicin,,,,vijay_056_age30d,5.785329835010767,5.0,3.785329835010767,False,1.3617278360175928,MPN/mL; RIF concentration not recorded in deposit,56,IR56,6100.0,3.2,0.12,IR,19.0,24M,Medium,Low
vijay2024_elife93243,M. tuberculosis,culture_age_30d,30.0,rifampicin,,,,vijay_057_age30d,7.361727836017593,0.0,7.361727836017593,False,1.3617278360175928,MPN/mL; RIF concentration not recorded in deposit,57,IR57,23000000.0,1.6,0.06,IR,19.0,1M,High,High
vijay2024_elife93243,M. tuberculosis,culture_age_30d,30.0,rifampicin,,,,vijay_057_age30d,7.361727836017593,2.0,6.361727836017593,False,1.3617278360175928,MPN/mL; RIF concentration not recorded in deposit,57,IR57,2300000.0,1.6,0.06,IR,19.0,1M,High,High
vijay2024_elife93243,M. tuberculosis,culture_age_30d,30.0,rifampicin,,,,vijay_057_age30d,7.361727836017593,5.0,5.785329835010767,False,1.3617278360175928,MPN/mL; RIF concentration not recorded in deposit,57,IR57,610000.0,1.6,0.06,IR,19.0,1M,High,High
vijay2024_elife93243,M. tuberculosis,culture_age_30d,30.0,rifampicin,,,,vijay_058_age30d,6.361727836017593,0.0,6.361727836017593,False,1.3617278360175928,MPN/mL; RIF concentration not recorded in deposit,58,IR58,2300000.0,3.2,0.06,IR,19.0,18M,High,Medium
vijay2024_elife93243,M. tuberculosis,culture_age_30d,30.0,rifampicin,,,,vijay_058_age30d,6.361727836017593,2.0,5.785329835010767,False,1.3617278360175928,MPN/mL; RIF concentration not recorded in deposit,58,IR58,610000.0,3.2,0.06,IR,19.0,18M,High,Medium
vijay2024_elife93243,M. tuberculosis,culture_age_30d,30.0,rifampicin,,,,vijay_058_age30d,6.361727836017593,5.0,5.361727836017593,False,1.3617278360175928,MPN/mL; RIF concentration not recorded in deposit,58,IR58,230000.0,3.2,0.06,IR,19.0,18M,High,Medium
vijay2024_elife93243,M. tuberculosis,culture_age_30d,30.0,rifampicin,,,,vijay_059_age30d,6.361727836017593,0.0,6.361727836017593,False,1.3617278360175928,MPN/mL; RIF concentration not recorded in deposit,59,IR59,2300000.0,3.2,0.12,IR,15.0,2M,High,Medium
vijay2024_elife93243,M. tuberculosis,culture_age_30d,30.0,rifampicin,,,,vijay_059_age30d,6.361727836017593,2.0,5.361727836017593,False,1.3617278360175928,MPN/mL; RIF concentration not recorded in deposit,59,IR59,230000.0,3.2,0.12,IR,15.0,2M,High,Medium
vijay2024_elife93243,M. tuberculosis,culture_age_30d,30.0,rifampicin,,,,vijay_059_age30d,6.361727836017593,5.0,5.785329835010767,False,1.3617278360175928,MPN/mL; RIF concentration not recorded in deposit,59,IR59,610000.0,3.2,0.12,IR,15.0,2M,High,Medium
vijay2024_elife93243,M. tuberculosis,culture_age_30d,30.0,rifampicin,,,,vijay_060_age30d,8.361727836017593,0.0,8.361727836017593,False,1.3617278360175928,MPN/mL; RIF concentration not recorded in deposit,60,IR60,230000000.0,3.2,0.06,IR,15.0,12M,Medium,Low
vijay2024_elife93243,M. tuberculosis,culture_age_30d,30.0,rifampicin,,,,vijay_060_age30d,8.361727836017593,2.0,5.361727836017593,False,1.3617278360175928,MPN/mL; RIF concentration not recorded in deposit,60,IR60,230000.0,3.2,0.06,IR,15.0,12M,Medium,Low
vijay2024_elife93243,M. tuberculosis,culture_age_30d,30.0,rifampicin,,,,vijay_060_age30d,8.361727836017593,5.0,4.361727836017593,False,1.3617278360175928,MPN/mL; RIF concentration not recorded in deposit,60,IR60,23000.0,3.2,0.06,IR,15.0,12M,Medium,Low
vijay2024_elife93243,M. tuberculosis,culture_age_30d,30.0,rifampicin,,,,vijay_061_age30d,6.785329835010767,0.0,6.785329835010767,False,1.3617278360175928,MPN/mL; RIF concentration not recorded in deposit,61,IR61,6100000.0,3.2,0.06,IR,15.0,12M,Low,Low
vijay2024_elife93243,M. tuberculosis,culture_age_30d,30.0,rifampicin,,,,vijay_061_age30d,6.785329835010767,2.0,4.361727836017593,False,1.3617278360175928,MPN/mL; RIF concentration not recorded in deposit,61,IR61,23000.0,3.2,0.06,IR,15.0,12M,Low,Low
vijay2024_elife93243,M. tuberculosis,culture_age_30d,30.0,rifampicin,,,,vijay_061_age30d,6.785329835010767,5.0,,True,1.3617278360175928,MPN/mL; RIF concentration not recorded in deposit; at assay floor 23 MPN/mL,61,IR61,23.0,3.2,0.06,IR,15.0,12M,Low,Low
vijay2024_elife93243,M. tuberculosis,culture_age_30d,30.0,rifampicin,,,,vijay_062_age30d,6.361727836017593,0.0,6.361727836017593,False,1.3617278360175928,MPN/mL; RIF concentration not recorded in deposit,62,IR62,2300000.0,,,IR,19.0,18M,Medium,Low
vijay2024_elife93243,M. tuberculosis,culture_age_30d,30.0,rifampicin,,,,vijay_062_age30d,6.361727836017593,2.0,2.361727836017593,False,1.3617278360175928,MPN/mL; RIF concentration not recorded in deposit,62,IR62,230.0,,,IR,19.0,18M,Medium,Low
vijay2024_elife93243,M. tuberculosis,culture_age_30d,30.0,rifampicin,,,,vijay_062_age30d,6.361727836017593,5.0,4.361727836017593,False,1.3617278360175928,MPN/mL; RIF concentration not recorded in deposit,62,IR62,23000.0,,,IR,19.0,18M,Medium,Low
vijay2024_elife93243,M. tuberculosis,culture_age_30d,30.0,rifampicin,,,,vijay_063_age30d,4.785329835010767,0.0,4.785329835010767,False,1.3617278360175928,MPN/mL; RIF concentration not recorded in deposit,63,IR63,61000.0,3.2,0.12,IR,28.0,1M,High,High
vijay2024_elife93243,M. tuberculosis,culture_age_30d,30.0,rifampicin,,,,vijay_063_age30d,4.785329835010767,2.0,4.361727836017593,False,1.3617278360175928,MPN/mL; RIF concentration not recorded in deposit,63,IR63,23000.0,3.2,0.12,IR,28.0,1M,High,High
vijay2024_elife93243,M. tuberculosis,culture_age_30d,30.0,rifampicin,,,,vijay_063_age30d,4.785329835010767,5.0,3.785329835010767,False,1.3617278360175928,MPN/mL; RIF concentration not recorded in deposit,63,IR63,6100.0,3.2,0.12,IR,28.0,1M,High,High
vijay2024_elife93243,M. tuberculosis,culture_age_30d,30.0,rifampicin,,,,vijay_064_age30d,4.361727836017593,0.0,4.361727836017593,False,1.3617278360175928,MPN/mL; RIF concentration not recorded in deposit,64,IR64,23000.0,3.2,0.12,IR,37.0,12M,Medium,Medium
vijay2024_elife93243,M. tuberculosis,culture_age_30d,30.0,rifampicin,,,,vijay_064_age30d,4.361727836017593,2.0,2.361727836017593,False,1.3617278360175928,MPN/mL; RIF concentration not recorded in deposit,64,IR64,230.0,3.2,0.12,IR,37.0,12M,Medium,Medium
vijay2024_elife93243,M. tuberculosis,culture_age_30d,30.0,rifampicin,,,,vijay_064_age30d,4.361727836017593,5.0,2.361727836017593,False,1.3617278360175928,MPN/mL; RIF concentration not recorded in deposit,64,IR64,230.0,3.2,0.12,IR,37.0,12M,Medium,Medium
vijay2024_elife93243,M. tuberculosis,culture_age_30d,30.0,rifampicin,,,,vijay_065_age30d,6.361727836017593,0.0,6.361727836017593,False,1.3617278360175928,MPN/mL; RIF concentration not recorded in deposit,65,IR65,2300000.0,6.4,0.06,IR,19.0,1M,Medium,Low
vijay2024_elife93243,M. tuberculosis,culture_age_30d,30.0,rifampicin,,,,vijay_065_age30d,6.361727836017593,2.0,3.361727836017593,False,1.3617278360175928,MPN/mL; RIF concentration not recorded in deposit,65,IR65,2300.0,6.4,0.06,IR,19.0,1M,Medium,Low
vijay2024_elife93243,M. tuberculosis,culture_age_30d,30.0,rifampicin,,,,vijay_065_age30d,6.361727836017593,5.0,4.361727836017593,False,1.3617278360175928,MPN/mL; RIF concentration not recorded in deposit,65,IR65,23000.0,6.4,0.06,IR,19.0,1M,Medium,Low
vijay2024_elife93243,M. tuberculosis,culture_age_30d,30.0,rifampicin,,,,vijay_066_age30d,6.785329835010767,0.0,6.785329835010767,False,1.3617278360175928,MPN/mL; RIF concentration not recorded in deposit,66,IR66,6100000.0,6.4,0.12,IR,22.0,12M,Medium,Low
vijay2024_elife93243,M. tuberculosis,culture_age_30d,30.0,rifampicin,,,,vijay_066_age30d,6.785329835010767,2.0,5.361727836017593,False,1.3617278360175928,MPN/mL; RIF concentration not recorded in deposit,66,IR66,230000.0,6.4,0.12,IR,22.0,12M,Medium,Low
vijay2024_elife93243,M. tuberculosis,culture_age_30d,30.0,rifampicin,,,,vijay_066_age30d,6.785329835010767,5.0,,True,1.3617278360175928,MPN/mL; RIF concentration not recorded in deposit; at assay floor 23 MPN/mL,66,IR66,23.0,6.4,0.12,IR,22.0,12M,Medium,Low
vijay2024_elife93243,M. tuberculosis,culture_age_30d,30.0,rifampicin,,,,vijay_067_age30d,4.785329835010767,0.0,4.785329835010767,False,1.3617278360175928,MPN/mL; RIF concentration not recorded in deposit,67,IR67,61000.0,,,IR,28.0,1M,High,Medium
vijay2024_elife93243,M. tuberculosis,culture_age_30d,30.0,rifampicin,,,,vijay_067_age30d,4.785329835010767,2.0,4.361727836017593,False,1.3617278360175928,MPN/mL; RIF concentration not recorded in deposit,67,IR67,23000.0,,,IR,28.0,1M,High,Medium
vijay2024_elife93243,M. tuberculosis,culture_age_30d,30.0,rifampicin,,,,vijay_067_age30d,4.785329835010767,5.0,3.785329835010767,False,1.3617278360175928,MPN/mL; RIF concentration not recorded in deposit,67,IR67,6100.0,,,IR,28.0,1M,High,Medium
vijay2024_elife93243,M. tuberculosis,culture_age_30d,30.0,rifampicin,,,,vijay_068_age30d,5.361727836017593,0.0,5.361727836017593,False,1.3617278360175928,MPN/mL; RIF concentration not recorded in deposit,68,IR68,230000.0,,,IR,37.0,2M,High,High
vijay2024_elife93243,M. tuberculosis,culture_age_30d,30.0,rifampicin,,,,vijay_068_age30d,5.361727836017593,2.0,5.361727836017593,False,1.3617278360175928,MPN/mL; RIF concentration not recorded in deposit,68,IR68,230000.0,,,IR,37.0,2M,High,High
vijay2024_elife93243,M. tuberculosis,culture_age_30d,30.0,rifampicin,,,,vijay_068_age30d,5.361727836017593,5.0,4.361727836017593,False,1.3617278360175928,MPN/mL; RIF concentration not recorded in deposit,68,IR68,23000.0,,,IR,37.0,2M,High,High
vijay2024_elife93243,M. tuberculosis,culture_age_30d,30.0,rifampicin,,,,vijay_069_age30d,7.361727836017593,0.0,7.361727836017593,False,1.3617278360175928,MPN/mL; RIF concentration not recorded in deposit,69,IR69,23000000.0,,,IR,8.0,0M,Low,High
vijay2024_elife93243,M. tuberculosis,culture_age_30d,30.0,rifampicin,,,,vijay_069_age30d,7.361727836017593,2.0,6.361727836017593,False,1.3617278360175928,MPN/mL; RIF concentration not recorded in deposit,69,IR69,2300000.0,,,IR,8.0,0M,Low,High
vijay2024_elife93243,M. tuberculosis,culture_age_30d,30.0,rifampicin,,,,vijay_069_age30d,7.361727836017593,5.0,5.361727836017593,False,1.3617278360175928,MPN/mL; RIF concentration not recorded in deposit,69,IR69,230000.0,,,IR,8.0,0M,Low,High
vijay2024_elife93243,M. tuberculosis,culture_age_30d,30.0,rifampicin,,,,vijay_070_age30d,6.361727836017593,0.0,6.361727836017593,False,1.3617278360175928,MPN/mL; RIF concentration not recorded in deposit,70,IR70,2300000.0,,,IR,19.0,0M,High,Medium
vijay2024_elife93243,M. tuberculosis,culture_age_30d,30.0,rifampicin,,,,vijay_070_age30d,6.361727836017593,2.0,4.785329835010767,False,1.3617278360175928,MPN/mL; RIF concentration not recorded in deposit,70,IR70,61000.0,,,IR,19.0,0M,High,Medium
vijay2024_elife93243,M. tuberculosis,culture_age_30d,30.0,rifampicin,,,,vijay_070_age30d,6.361727836017593,5.0,5.785329835010767,False,1.3617278360175928,MPN/mL; RIF concentration not recorded in deposit,70,IR70,610000.0,,,IR,19.0,0M,High,Medium
vijay2024_elife93243,M. tuberculosis,culture_age_30d,30.0,rifampicin,,,,vijay_071_age30d,6.113943352306837,0.0,6.113943352306837,False,1.3617278360175928,MPN/mL; RIF concentration not recorded in deposit,71,IR71,1300000.0,,,IR,19.0,1M,High,Medium
vijay2024_elife93243,M. tuberculosis,culture_age_30d,30.0,rifampicin,,,,vijay_071_age30d,6.113943352306837,2.0,5.361727836017593,False,1.3617278360175928,MPN/mL; RIF concentration not recorded in deposit,71,IR71,230000.0,,,IR,19.0,1M,High,Medium
vijay2024_elife93243,M. tuberculosis,culture_age_30d,30.0,rifampicin,,,,vijay_071_age30d,6.113943352306837,5.0,5.690196080028514,False,1.3617278360175928,MPN/mL; RIF concentration not recorded in deposit,71,IR71,490000.0,,,IR,19.0,1M,High,Medium
vijay2024_elife93243,M. tuberculosis,culture_age_30d,30.0,rifampicin,,,,vijay_072_age30d,3.785329835010767,0.0,3.785329835010767,False,1.3617278360175928,MPN/mL; RIF concentration not recorded in deposit,72,IR72,6100.0,,,IR,36.0,0M,High,High
vijay2024_elife93243,M. tuberculosis,culture_age_30d,30.0,rifampicin,,,,vijay_072_age30d,3.785329835010767,2.0,4.361727836017593,False,1.3617278360175928,MPN/mL; RIF concentration not recorded in deposit,72,IR72,23000.0,,,IR,36.0,0M,High,High
vijay2024_elife93243,M. tuberculosis,culture_age_30d,30.0,rifampicin,,,,vijay_072_age30d,3.785329835010767,5.0,4.785329835010767,False,1.3617278360175928,MPN/mL; RIF concentration not recorded in deposit,72,IR72,61000.0,,,IR,36.0,0M,High,High
vijay2024_elife93243,M. tuberculosis,culture_age_30d,30.0,rifampicin,,,,vijay_073_age30d,3.361727836017593,0.0,3.361727836017593,False,1.3617278360175928,MPN/mL; RIF concentration not recorded in deposit,73,IR73,2300.0,,,IR,37.0,0M,High,High
vijay2024_elife93243,M. tuberculosis,culture_age_30d,30.0,rifampicin,,,,vijay_073_age30d,3.361727836017593,2.0,3.361727836017593,False,1.3617278360175928,MPN/mL; RIF concentration not recorded in deposit,73,IR73,2300.0,,,IR,37.0,0M,High,High
vijay2024_elife93243,M. tuberculosis,culture_age_30d,30.0,rifampicin,,,,vijay_073_age30d,3.361727836017593,5.0,2.361727836017593,False,1.3617278360175928,MPN/mL; RIF concentration not recorded in deposit,73,IR73,230.0,,,IR,37.0,0M,High,High
vijay2024_elife93243,M. tuberculosis,culture_age_30d,30.0,rifampicin,,,,vijay_074_age30d,5.785329835010767,0.0,5.785329835010767,False,1.3617278360175928,MPN/mL; RIF concentration not recorded in deposit,74,IR74,610000.0,3.2,0.06,IR,19.0,0M,High,High
vijay2024_elife93243,M. tuberculosis,culture_age_30d,30.0,rifampicin,,,,vijay_074_age30d,5.785329835010767,2.0,5.361727836017593,False,1.3617278360175928,MPN/mL; RIF concentration not recorded in deposit,74,IR74,230000.0,3.2,0.06,IR,19.0,0M,High,High
vijay2024_elife93243,M. tuberculosis,culture_age_30d,30.0,rifampicin,,,,vijay_074_age30d,5.785329835010767,5.0,5.361727836017593,False,1.3617278360175928,MPN/mL; RIF concentration not recorded in deposit,74,IR74,230000.0,3.2,0.06,IR,19.0,0M,High,High
vijay2024_elife93243,M. tuberculosis,culture_age_30d,30.0,rifampicin,,,,vijay_075_age30d,6.361727836017593,0.0,6.361727836017593,False,1.3617278360175928,MPN/mL; RIF concentration not recorded in deposit,75,IR75,2300000.0,,,IR,19.0,1M,Medium,Medium
vijay2024_elife93243,M. tuberculosis,culture_age_30d,30.0,rifampicin,,,,vijay_075_age30d,6.361727836017593,2.0,6.361727836017593,False,1.3617278360175928,MPN/mL; RIF concentration not recorded in deposit,75,IR75,2300000.0,,,IR,19.0,1M,Medium,Medium
vijay2024_elife93243,M. tuberculosis,culture_age_30d,30.0,rifampicin,,,,vijay_075_age30d,6.361727836017593,5.0,5.785329835010767,False,1.3617278360175928,MPN/mL; RIF concentration not recorded in deposit,75,IR75,610000.0,,,IR,19.0,1M,Medium,Medium
vijay2024_elife93243,M. tuberculosis,culture_age_30d,30.0,rifampicin,,,,vijay_076_age30d,7.361727836017593,0.0,7.361727836017593,False,1.3617278360175928,MPN/mL; RIF concentration not recorded in deposit,76,IR76,23000000.0,,,IR,19.0,18M,Low,Low
vijay2024_elife93243,M. tuberculosis,culture_age_30d,30.0,rifampicin,,,,vijay_076_age30d,7.361727836017593,2.0,5.361727836017593,False,1.3617278360175928,MPN/mL; RIF concentration not recorded in deposit,76,IR76,230000.0,,,IR,19.0,18M,Low,Low
vijay2024_elife93243,M. tuberculosis,culture_age_30d,30.0,rifampicin,,,,vijay_076_age30d,7.361727836017593,5.0,,True,1.3617278360175928,MPN/mL; RIF concentration not recorded in deposit; at assay floor 23 MPN/mL,76,IR76,23.0,,,IR,19.0,18M,Low,Low
vijay2024_elife93243,M. tuberculosis,culture_age_30d,30.0,rifampicin,,,,vijay_077_age30d,6.361727836017593,0.0,6.361727836017593,False,1.3617278360175928,MPN/mL; RIF concentration not recorded in deposit,77,IR77,2300000.0,,,IR,19.0,0M,Medium,Medium
vijay2024_elife93243,M. tuberculosis,culture_age_30d,30.0,rifampicin,,,,vijay_077_age30d,6.361727836017593,2.0,5.361727836017593,False,1.3617278360175928,MPN/mL; RIF concentration not recorded in deposit,77,IR77,230000.0,,,IR,19.0,0M,Medium,Medium
vijay2024_elife93243,M. tuberculosis,culture_age_30d,30.0,rifampicin,,,,vijay_077_age30d,6.361727836017593,5.0,4.785329835010767,False,1.3617278360175928,MPN/mL; RIF concentration not recorded in deposit,77,IR77,61000.0,,,IR,19.0,0M,Medium,Medium
vijay2024_elife93243,M. tuberculosis,culture_age_30d,30.0,rifampicin,,,,vijay_078_age30d,7.361727836017593,0.0,7.361727836017593,False,1.3617278360175928,MPN/mL; RIF concentration not recorded in deposit,78,IR78,23000000.0,,,IR,8.0,0M,High,High
vijay2024_elife93243,M. tuberculosis,culture_age_30d,30.0,rifampicin,,,,vijay_078_age30d,7.361727836017593,2.0,6.785329835010767,False,1.3617278360175928,MPN/mL; RIF concentration not recorded in deposit,78,IR78,6100000.0,,,IR,8.0,0M,High,High
vijay2024_elife93243,M. tuberculosis,culture_age_30d,30.0,rifampicin,,,,vijay_078_age30d,7.361727836017593,5.0,6.785329835010767,False,1.3617278360175928,MPN/mL; RIF concentration not recorded in deposit,78,IR78,6100000.0,,,IR,8.0,0M,High,High
vijay2024_elife93243,M. tuberculosis,culture_age_30d,30.0,rifampicin,,,,vijay_079_age30d,6.361727836017593,0.0,6.361727836017593,False,1.3617278360175928,MPN/mL; RIF concentration not recorded in deposit,79,IR79,2300000.0,,,IR,19.0,1M,High,Medium
vijay2024_elife93243,M. tuberculosis,culture_age_30d,30.0,rifampicin,,,,vijay_079_age30d,6.361727836017593,2.0,5.361727836017593,False,1.3617278360175928,MPN/mL; RIF concentration not recorded in deposit,79,IR79,230000.0,,,IR,19.0,1M,High,Medium
vijay2024_elife93243,M. tuberculosis,culture_age_30d,30.0,rifampicin,,,,vijay_079_age30d,6.361727836017593,5.0,4.785329835010767,False,1.3617278360175928,MPN/mL; RIF concentration not recorded in deposit,79,IR79,61000.0,,,IR,19.0,1M,High,Medium
vijay2024_elife93243,M. tuberculosis,culture_age_30d,30.0,rifampicin,,,,vijay_080_age30d,6.785329835010767,0.0,6.785329835010767,False,1.3617278360175928,MPN/mL; RIF concentration not recorded in deposit,80,IR80,6100000.0,,,IR,19.0,8M,Medium,High
vijay2024_elife93243,M. tuberculosis,culture_age_30d,30.0,rifampicin,,,,vijay_080_age30d,6.785329835010767,2.0,5.361727836017593,False,1.3617278360175928,MPN/mL; RIF concentration not recorded in deposit,80,IR80,230000.0,,,IR,19.0,8M,Medium,High
vijay2024_elife93243,M. tuberculosis,culture_age_30d,30.0,rifampicin,,,,vijay_080_age30d,6.785329835010767,5.0,5.785329835010767,False,1.3617278360175928,MPN/mL; RIF concentration not recorded in deposit,80,IR80,610000.0,,,IR,19.0,8M,Medium,High
vijay2024_elife93243,M. tuberculosis,culture_age_30d,30.0,rifampicin,,,,vijay_081_age30d,7.361727836017593,0.0,7.361727836017593,False,1.3617278360175928,MPN/mL; RIF concentration not recorded in deposit,81,IR81,23000000.0,6.4,0.12,IR,8.0,1M,High,Medium
vijay2024_elife93243,M. tuberculosis,culture_age_30d,30.0,rifampicin,,,,vijay_081_age30d,7.361727836017593,2.0,5.361727836017593,False,1.3617278360175928,MPN/mL; RIF concentration not recorded in deposit,81,IR81,230000.0,6.4,0.12,IR,8.0,1M,High,Medium
vijay2024_elife93243,M. tuberculosis,culture_age_30d,30.0,rifampicin,,,,vijay_081_age30d,7.361727836017593,5.0,5.361727836017593,False,1.3617278360175928,MPN/mL; RIF concentration not recorded in deposit,81,IR81,230000.0,6.4,0.12,IR,8.0,1M,High,Medium
vijay2024_elife93243,M. tuberculosis,culture_age_30d,30.0,rifampicin,,,,vijay_082_age30d,7.361727836017593,0.0,7.361727836017593,False,1.3617278360175928,MPN/mL; RIF concentration not recorded in deposit,82,IR82,23000000.0,3.2,0.06,IR,19.0,0M,Medium,Medium
vijay2024_elife93243,M. tuberculosis,culture_age_30d,30.0,rifampicin,,,,vijay_082_age30d,7.361727836017593,2.0,4.785329835010767,False,1.3617278360175928,MPN/mL; RIF concentration not recorded in deposit,82,IR82,61000.0,3.2,0.06,IR,19.0,0M,Medium,Medium
vijay2024_elife93243,M. tuberculosis,culture_age_30d,30.0,rifampicin,,,,vijay_082_age30d,7.361727836017593,5.0,5.785329835010767,False,1.3617278360175928,MPN/mL; RIF concentration not recorded in deposit,82,IR82,610000.0,3.2,0.06,IR,19.0,0M,Medium,Medium
vijay2024_elife93243,M. tuberculosis,culture_age_30d,30.0,rifampicin,,,,vijay_083_age30d,6.361727836017593,0.0,6.361727836017593,False,1.3617278360175928,MPN/mL; RIF concentration not recorded in deposit,83,IR83,2300000.0,0.4,0.25,IR,19.0,12M,High,Low
vijay2024_elife93243,M. tuberculosis,culture_age_30d,30.0,rifampicin,,,,vijay_083_age30d,6.361727836017593,2.0,5.361727836017593,False,1.3617278360175928,MPN/mL; RIF concentration not recorded in deposit,83,IR83,230000.0,0.4,0.25,IR,19.0,12M,High,Low
vijay2024_elife93243,M. tuberculosis,culture_age_30d,30.0,rifampicin,,,,vijay_083_age30d,6.361727836017593,5.0,5.361727836017593,False,1.3617278360175928,MPN/mL; RIF concentration not recorded in deposit,83,IR83,230000.0,0.4,0.25,IR,19.0,12M,High,Low
vijay2024_elife93243,M. tuberculosis,culture_age_30d,30.0,rifampicin,,,,vijay_084_age30d,6.361727836017593,0.0,6.361727836017593,False,1.3617278360175928,MPN/mL; RIF concentration not recorded in deposit,84,IR84,2300000.0,,,IR,19.0,0M,High,Low
vijay2024_elife93243,M. tuberculosis,culture_age_30d,30.0,rifampicin,,,,vijay_084_age30d,6.361727836017593,2.0,5.361727836017593,False,1.3617278360175928,MPN/mL; RIF concentration not recorded in deposit,84,IR84,230000.0,,,IR,19.0,0M,High,Low
vijay2024_elife93243,M. tuberculosis,culture_age_30d,30.0,rifampicin,,,,vijay_084_age30d,6.361727836017593,5.0,4.785329835010767,False,1.3617278360175928,MPN/mL; RIF concentration not recorded in deposit,84,IR84,61000.0,,,IR,19.0,0M,High,Low
vijay2024_elife93243,M. tuberculosis,culture_age_30d,30.0,rifampicin,,,,vijay_085_age30d,8.361727836017593,0.0,8.361727836017593,False,1.3617278360175928,MPN/mL; RIF concentration not recorded in deposit,85,IS1,230000000.0,0.05,0.06,IS,14.0,0M,Medium,
vijay2024_elife93243,M. tuberculosis,culture_age_30d,30.0,rifampicin,,,,vijay_085_age30d,8.361727836017593,2.0,7.361727836017593,False,1.3617278360175928,MPN/mL; RIF concentration not recorded in deposit,85,IS1,23000000.0,0.05,0.06,IS,14.0,0M,Medium,
vijay2024_elife93243,M. tuberculosis,culture_age_30d,30.0,rifampicin,,,,vijay_085_age30d,8.361727836017593,5.0,7.361727836017593,False,1.3617278360175928,MPN/mL; RIF concentration not recorded in deposit,85,IS1,23000000.0,0.05,0.06,IS,14.0,0M,Medium,
vijay2024_elife93243,M. tuberculosis,culture_age_30d,30.0,rifampicin,,,,vijay_086_age30d,6.361727836017593,0.0,6.361727836017593,False,1.3617278360175928,MPN/mL; RIF concentration not recorded in deposit,86,IS2,2300000.0,0.05,0.06,IS,15.0,0M,High,Medium
vijay2024_elife93243,M. tuberculosis,culture_age_30d,30.0,rifampicin,,,,vijay_086_age30d,6.361727836017593,2.0,4.361727836017593,False,1.3617278360175928,MPN/mL; RIF concentration not recorded in deposit,86,IS2,23000.0,0.05,0.06,IS,15.0,0M,High,Medium
vijay2024_elife93243,M. tuberculosis,culture_age_30d,30.0,rifampicin,,,,vijay_086_age30d,6.361727836017593,5.0,6.361727836017593,False,1.3617278360175928,MPN/mL; RIF concentration not recorded in deposit,86,IS2,2300000.0,0.05,0.06,IS,15.0,0M,High,Medium
vijay2024_elife93243,M. tuberculosis,culture_age_30d,30.0,rifampicin,,,,vijay_087_age30d,7.361727836017593,0.0,7.361727836017593,False,1.3617278360175928,MPN/mL; RIF concentration not recorded in deposit,87,IS3,23000000.0,0.025,0.06,IS,31.0,0M,Medium,Medium
vijay2024_elife93243,M. tuberculosis,culture_age_30d,30.0,rifampicin,,,,vijay_087_age30d,7.361727836017593,2.0,6.361727836017593,False,1.3617278360175928,MPN/mL; RIF concentration not recorded in deposit,87,IS3,2300000.0,0.025,0.06,IS,31.0,0M,Medium,Medium
vijay2024_elife93243,M. tuberculosis,culture_age_30d,30.0,rifampicin,,,,vijay_087_age30d,7.361727836017593,5.0,5.785329835010767,False,1.3617278360175928,MPN/mL; RIF concentration not recorded in deposit,87,IS3,610000.0,0.025,0.06,IS,31.0,0M,Medium,Medium
vijay2024_elife93243,M. tuberculosis,culture_age_30d,30.0,rifampicin,,,,vijay_088_age30d,8.361727836017593,0.0,8.361727836017593,False,1.3617278360175928,MPN/mL; RIF concentration not recorded in deposit,88,IS4,230000000.0,0.025,0.12,IS,14.0,0M,Medium,
vijay2024_elife93243,M. tuberculosis,culture_age_30d,30.0,rifampicin,,,,vijay_088_age30d,8.361727836017593,2.0,7.361727836017593,False,1.3617278360175928,MPN/mL; RIF concentration not recorded in deposit,88,IS4,23000000.0,0.025,0.12,IS,14.0,0M,Medium,
vijay2024_elife93243,M. tuberculosis,culture_age_30d,30.0,rifampicin,,,,vijay_088_age30d,8.361727836017593,5.0,5.785329835010767,False,1.3617278360175928,MPN/mL; RIF concentration not recorded in deposit,88,IS4,610000.0,0.025,0.12,IS,14.0,0M,Medium,
vijay2024_elife93243,M. tuberculosis,culture_age_30d,30.0,rifampicin,,,,vijay_089_age30d,5.785329835010767,0.0,5.785329835010767,False,1.3617278360175928,MPN/mL; RIF concentration not recorded in deposit,89,IS5,610000.0,0.025,0.5,IS,17.0,0M,Medium,Low
vijay2024_elife93243,M. tuberculosis,culture_age_30d,30.0,rifampicin,,,,vijay_089_age30d,5.785329835010767,2.0,3.785329835010767,False,1.3617278360175928,MPN/mL; RIF concentration not recorded in deposit,89,IS5,6100.0,0.025,0.5,IS,17.0,0M,Medium,Low
vijay2024_elife93243,M. tuberculosis,culture_age_30d,30.0,rifampicin,,,,vijay_089_age30d,5.785329835010767,5.0,4.361727836017593,False,1.3617278360175928,MPN/mL; RIF concentration not recorded in deposit,89,IS5,23000.0,0.025,0.5,IS,17.0,0M,Medium,Low
vijay2024_elife93243,M. tuberculosis,culture_age_30d,30.0,rifampicin,,,,vijay_090_age30d,7.361727836017593,0.0,7.361727836017593,False,1.3617278360175928,MPN/mL; RIF concentration not recorded in deposit,90,IS6,23000000.0,0.025,0.06,IS,21.0,0M,High,High
vijay2024_elife93243,M. tuberculosis,culture_age_30d,30.0,rifampicin,,,,vijay_090_age30d,7.361727836017593,2.0,5.785329835010767,False,1.3617278360175928,MPN/mL; RIF concentration not recorded in deposit,90,IS6,610000.0,0.025,0.06,IS,21.0,0M,High,High
vijay2024_elife93243,M. tuberculosis,culture_age_30d,30.0,rifampicin,,,,vijay_090_age30d,7.361727836017593,5.0,5.361727836017593,False,1.3617278360175928,MPN/mL; RIF concentration not recorded in deposit,90,IS6,230000.0,0.025,0.06,IS,21.0,0M,High,High
vijay2024_elife93243,M. tuberculosis,culture_age_30d,30.0,rifampicin,,,,vijay_091_age30d,7.785329835010767,0.0,7.785329835010767,False,1.3617278360175928,MPN/mL; RIF concentration not recorded in deposit,91,IS7,61000000.0,0.025,0.06,IS,17.0,0M,Medium,Medium
vijay2024_elife93243,M. tuberculosis,culture_age_30d,30.0,rifampicin,,,,vijay_091_age30d,7.785329835010767,2.0,6.361727836017593,False,1.3617278360175928,MPN/mL; RIF concentration not recorded in deposit,91,IS7,2300000.0,0.025,0.06,IS,17.0,0M,Medium,Medium
vijay2024_elife93243,M. tuberculosis,culture_age_30d,30.0,rifampicin,,,,vijay_091_age30d,7.785329835010767,5.0,5.361727836017593,False,1.3617278360175928,MPN/mL; RIF concentration not recorded in deposit,91,IS7,230000.0,0.025,0.06,IS,17.0,0M,Medium,Medium
vijay2024_elife93243,M. tuberculosis,culture_age_30d,30.0,rifampicin,,,,vijay_092_age30d,6.785329835010767,0.0,6.785329835010767,False,1.3617278360175928,MPN/mL; RIF concentration not recorded in deposit,92,IS8,6100000.0,0.025,0.06,IS,21.0,0M,Medium,High
vijay2024_elife93243,M. tuberculosis,culture_age_30d,30.0,rifampicin,,,,vijay_092_age30d,6.785329835010767,2.0,6.361727836017593,False,1.3617278360175928,MPN/mL; RIF concentration not recorded in deposit,92,IS8,2300000.0,0.025,0.06,IS,21.0,0M,Medium,High
vijay2024_elife93243,M. tuberculosis,culture_age_30d,30.0,rifampicin,,,,vijay_092_age30d,6.785329835010767,5.0,5.361727836017593,False,1.3617278360175928,MPN/mL; RIF concentration not recorded in deposit,92,IS8,230000.0,0.025,0.06,IS,21.0,0M,Medium,High
vijay2024_elife93243,M. tuberculosis,culture_age_30d,30.0,rifampicin,,,,vijay_093_age30d,6.361727836017593,0.0,6.361727836017593,False,1.3617278360175928,MPN/mL; RIF concentration not recorded in deposit,93,IS9,2300000.0,0.025,0.06,IS,21.0,0M,Medium,High
vijay2024_elife93243,M. tuberculosis,culture_age_30d,30.0,rifampicin,,,,vijay_093_age30d,6.361727836017593,2.0,6.361727836017593,False,1.3617278360175928,MPN/mL; RIF concentration not recorded in deposit,93,IS9,2300000.0,0.025,0.06,IS,21.0,0M,Medium,High
vijay2024_elife93243,M. tuberculosis,culture_age_30d,30.0,rifampicin,,,,vijay_093_age30d,6.361727836017593,5.0,5.361727836017593,False,1.3617278360175928,MPN/mL; RIF concentration not recorded in deposit,93,IS9,230000.0,0.025,0.06,IS,21.0,0M,Medium,High
vijay2024_elife93243,M. tuberculosis,culture_age_30d,30.0,rifampicin,,,,vijay_094_age30d,6.361727836017593,0.0,6.361727836017593,False,1.3617278360175928,MPN/mL; RIF concentration not recorded in deposit,94,IS10,2300000.0,0.025,0.06,IS,15.0,0M,Medium,High
vijay2024_elife93243,M. tuberculosis,culture_age_30d,30.0,rifampicin,,,,vijay_094_age30d,6.361727836017593,2.0,4.361727836017593,False,1.3617278360175928,MPN/mL; RIF concentration not recorded in deposit,94,IS10,23000.0,0.025,0.06,IS,15.0,0M,Medium,High
vijay2024_elife93243,M. tuberculosis,culture_age_30d,30.0,rifampicin,,,,vijay_094_age30d,6.361727836017593,5.0,4.785329835010767,False,1.3617278360175928,MPN/mL; RIF concentration not recorded in deposit,94,IS10,61000.0,0.025,0.06,IS,15.0,0M,Medium,High
vijay2024_elife93243,M. tuberculosis,culture_age_30d,30.0,rifampicin,,,,vijay_095_age30d,6.361727836017593,0.0,6.361727836017593,False,1.3617278360175928,MPN/mL; RIF concentration not recorded in deposit,95,IS11,2300000.0,0.025,0.06,IS,21.0,0M,High,Medium
vijay2024_elife93243,M. tuberculosis,culture_age_30d,30.0,rifampicin,,,,vijay_095_age30d,6.361727836017593,2.0,6.361727836017593,False,1.3617278360175928,MPN/mL; RIF concentration not recorded in deposit,95,IS11,2300000.0,0.025,0.06,IS,21.0,0M,High,Medium
vijay2024_elife93243,M. tuberculosis,culture_age_30d,30.0,rifampicin,,,,vijay_095_age30d,6.361727836017593,5.0,4.361727836017593,False,1.3617278360175928,MPN/mL; RIF concentration not recorded in deposit,95,IS11,23000.0,0.025,0.06,IS,21.0,0M,High,Medium
vijay2024_elife93243,M. tuberculosis,culture_age_30d,30.0,rifampicin,,,,vijay_096_age30d,7.785329835010767,0.0,7.785329835010767,False,1.3617278360175928,MPN/mL; RIF concentration not recorded in deposit,96,IS12,61000000.0,0.05,0.06,IS,17.0,0M,Medium,Medium
vijay2024_elife93243,M. tuberculosis,culture_age_30d,30.0,rifampicin,,,,vijay_096_age30d,7.785329835010767,2.0,6.361727836017593,False,1.3617278360175928,MPN/mL; RIF concentration not recorded in deposit,96,IS12,2300000.0,0.05,0.06,IS,17.0,0M,Medium,Medium
vijay2024_elife93243,M. tuberculosis,culture_age_30d,30.0,rifampicin,,,,vijay_096_age30d,7.785329835010767,5.0,5.361727836017593,False,1.3617278360175928,MPN/mL; RIF concentration not recorded in deposit,96,IS12,230000.0,0.05,0.06,IS,17.0,0M,Medium,Medium
vijay2024_elife93243,M. tuberculosis,culture_age_30d,30.0,rifampicin,,,,vijay_097_age30d,6.361727836017593,0.0,6.361727836017593,False,1.3617278360175928,MPN/mL; RIF concentration not recorded in deposit,97,IS13,2300000.0,0.025,0.06,IS,21.0,0M,Medium,Low
vijay2024_elife93243,M. tuberculosis,culture_age_30d,30.0,rifampicin,,,,vijay_097_age30d,6.361727836017593,2.0,5.361727836017593,False,1.3617278360175928,MPN/mL; RIF concentration not recorded in deposit,97,IS13,230000.0,0.025,0.06,IS,21.0,0M,Medium,Low
vijay2024_elife93243,M. tuberculosis,culture_age_30d,30.0,rifampicin,,,,vijay_097_age30d,6.361727836017593,5.0,4.361727836017593,False,1.3617278360175928,MPN/mL; RIF concentration not recorded in deposit,97,IS13,23000.0,0.025,0.06,IS,21.0,0M,Medium,Low
vijay2024_elife93243,M. tuberculosis,culture_age_30d,30.0,rifampicin,,,,vijay_098_age30d,7.361727836017593,0.0,7.361727836017593,False,1.3617278360175928,MPN/mL; RIF concentration not recorded in deposit,98,IS14,23000000.0,0.025,0.06,IS,17.0,0M,Medium,Medium
vijay2024_elife93243,M. tuberculosis,culture_age_30d,30.0,rifampicin,,,,vijay_098_age30d,7.361727836017593,2.0,6.785329835010767,False,1.3617278360175928,MPN/mL; RIF concentration not recorded in deposit,98,IS14,6100000.0,0.025,0.06,IS,17.0,0M,Medium,Medium
vijay2024_elife93243,M. tuberculosis,culture_age_30d,30.0,rifampicin,,,,vijay_098_age30d,7.361727836017593,5.0,6.361727836017593,False,1.3617278360175928,MPN/mL; RIF concentration not recorded in deposit,98,IS14,2300000.0,0.025,0.06,IS,17.0,0M,Medium,Medium
vijay2024_elife93243,M. tuberculosis,culture_age_30d,30.0,rifampicin,,,,vijay_099_age30d,6.785329835010767,0.0,6.785329835010767,False,1.3617278360175928,MPN/mL; RIF concentration not recorded in deposit,99,IS15,6100000.0,0.025,0.06,IS,18.0,0M,Low,Medium
vijay2024_elife93243,M. tuberculosis,culture_age_30d,30.0,rifampicin,,,,vijay_099_age30d,6.785329835010767,2.0,6.361727836017593,False,1.3617278360175928,MPN/mL; RIF concentration not recorded in deposit,99,IS15,2300000.0,0.025,0.06,IS,18.0,0M,Low,Medium
vijay2024_elife93243,M. tuberculosis,culture_age_30d,30.0,rifampicin,,,,vijay_099_age30d,6.785329835010767,5.0,4.785329835010767,False,1.3617278360175928,MPN/mL; RIF concentration not recorded in deposit,99,IS15,61000.0,0.025,0.06,IS,18.0,0M,Low,Medium
vijay2024_elife93243,M. tuberculosis,culture_age_30d,30.0,rifampicin,,,,vijay_100_age30d,8.361727836017593,0.0,8.361727836017593,False,1.3617278360175928,MPN/mL; RIF concentration not recorded in deposit,100,IS16,230000000.0,0.025,0.06,IS,15.0,0M,Medium,Medium
vijay2024_elife93243,M. tuberculosis,culture_age_30d,30.0,rifampicin,,,,vijay_100_age30d,8.361727836017593,2.0,5.361727836017593,False,1.3617278360175928,MPN/mL; RIF concentration not recorded in deposit,100,IS16,230000.0,0.025,0.06,IS,15.0,0M,Medium,Medium
vijay2024_elife93243,M. tuberculosis,culture_age_30d,30.0,rifampicin,,,,vijay_100_age30d,8.361727836017593,5.0,6.361727836017593,False,1.3617278360175928,MPN/mL; RIF concentration not recorded in deposit,100,IS16,2300000.0,0.025,0.06,IS,15.0,0M,Medium,Medium
vijay2024_elife93243,M. tuberculosis,culture_age_30d,30.0,rifampicin,,,,vijay_101_age30d,7.361727836017593,0.0,7.361727836017593,False,1.3617278360175928,MPN/mL; RIF concentration not recorded in deposit,101,IS17,23000000.0,0.05,0.12,IS,17.0,0M,Medium,High
vijay2024_elife93243,M. tuberculosis,culture_age_30d,30.0,rifampicin,,,,vijay_101_age30d,7.361727836017593,2.0,6.361727836017593,False,1.3617278360175928,MPN/mL; RIF concentration not recorded in deposit,101,IS17,2300000.0,0.05,0.12,IS,17.0,0M,Medium,High
vijay2024_elife93243,M. tuberculosis,culture_age_30d,30.0,rifampicin,,,,vijay_101_age30d,7.361727836017593,5.0,6.785329835010767,False,1.3617278360175928,MPN/mL; RIF concentration not recorded in deposit,101,IS17,6100000.0,0.05,0.12,IS,17.0,0M,Medium,High
vijay2024_elife93243,M. tuberculosis,culture_age_30d,30.0,rifampicin,,,,vijay_102_age30d,7.361727836017593,0.0,7.361727836017593,False,1.3617278360175928,MPN/mL; RIF concentration not recorded in deposit,102,IS18,23000000.0,0.05,0.06,IS,15.0,0M,Low,Low
vijay2024_elife93243,M. tuberculosis,culture_age_30d,30.0,rifampicin,,,,vijay_102_age30d,7.361727836017593,2.0,4.361727836017593,False,1.3617278360175928,MPN/mL; RIF concentration not recorded in deposit,102,IS18,23000.0,0.05,0.06,IS,15.0,0M,Low,Low
vijay2024_elife93243,M. tuberculosis,culture_age_30d,30.0,rifampicin,,,,vijay_102_age30d,7.361727836017593,5.0,4.361727836017593,False,1.3617278360175928,MPN/mL; RIF concentration not recorded in deposit,102,IS18,23000.0,0.05,0.06,IS,15.0,0M,Low,Low
vijay2024_elife93243,M. tuberculosis,culture_age_30d,30.0,rifampicin,,,,vijay_103_age30d,4.361727836017593,0.0,4.361727836017593,False,1.3617278360175928,MPN/mL; RIF concentration not recorded in deposit,103,IS19,23000.0,0.025,0.12,IS,18.0,0M,Medium,Low
vijay2024_elife93243,M. tuberculosis,culture_age_30d,30.0,rifampicin,,,,vijay_103_age30d,4.361727836017593,2.0,3.361727836017593,False,1.3617278360175928,MPN/mL; RIF concentration not recorded in deposit,103,IS19,2300.0,0.025,0.12,IS,18.0,0M,Medium,Low
vijay2024_elife93243,M. tuberculosis,culture_age_30d,30.0,rifampicin,,,,vijay_103_age30d,4.361727836017593,5.0,,True,1.3617278360175928,MPN/mL; RIF concentration not recorded in deposit; at assay floor 23 MPN/mL,103,IS19,23.0,0.025,0.12,IS,18.0,0M,Medium,Low
vijay2024_elife93243,M. tuberculosis,culture_age_30d,30.0,rifampicin,,,,vijay_104_age30d,6.785329835010767,0.0,6.785329835010767,False,1.3617278360175928,MPN/mL; RIF concentration not recorded in deposit,104,IS20,6100000.0,0.025,0.12,IS,15.0,0M,Low,Medium
vijay2024_elife93243,M. tuberculosis,culture_age_30d,30.0,rifampicin,,,,vijay_104_age30d,6.785329835010767,2.0,6.361727836017593,False,1.3617278360175928,MPN/mL; RIF concentration not recorded in deposit,104,IS20,2300000.0,0.025,0.12,IS,15.0,0M,Low,Medium
vijay2024_elife93243,M. tuberculosis,culture_age_30d,30.0,rifampicin,,,,vijay_104_age30d,6.785329835010767,5.0,4.361727836017593,False,1.3617278360175928,MPN/mL; RIF concentration not recorded in deposit,104,IS20,23000.0,0.025,0.12,IS,15.0,0M,Low,Medium
vijay2024_elife93243,M. tuberculosis,culture_age_30d,30.0,rifampicin,,,,vijay_105_age30d,7.361727836017593,0.0,7.361727836017593,False,1.3617278360175928,MPN/mL; RIF concentration not recorded in deposit,105,IS21,23000000.0,0.05,0.5,IS,19.0,0M,High,Low
vijay2024_elife93243,M. tuberculosis,culture_age_30d,30.0,rifampicin,,,,vijay_105_age30d,7.361727836017593,2.0,5.361727836017593,False,1.3617278360175928,MPN/mL; RIF concentration not recorded in deposit,105,IS21,230000.0,0.05,0.5,IS,19.0,0M,High,Low
vijay2024_elife93243,M. tuberculosis,culture_age_30d,30.0,rifampicin,,,,vijay_105_age30d,7.361727836017593,5.0,5.361727836017593,False,1.3617278360175928,MPN/mL; RIF concentration not recorded in deposit,105,IS21,230000.0,0.05,0.5,IS,19.0,0M,High,Low
vijay2024_elife93243,M. tuberculosis,culture_age_30d,30.0,rifampicin,,,,vijay_106_age30d,6.361727836017593,0.0,6.361727836017593,False,1.3617278360175928,MPN/mL; RIF concentration not recorded in deposit,106,IS22,2300000.0,0.025,0.12,IS,19.0,0M,High,Low
vijay2024_elife93243,M. tuberculosis,culture_age_30d,30.0,rifampicin,,,,vijay_106_age30d,6.361727836017593,2.0,4.785329835010767,False,1.3617278360175928,MPN/mL; RIF concentration not recorded in deposit,106,IS22,61000.0,0.025,0.12,IS,19.0,0M,High,Low
vijay2024_elife93243,M. tuberculosis,culture_age_30d,30.0,rifampicin,,,,vijay_106_age30d,6.361727836017593,5.0,5.361727836017593,False,1.3617278360175928,MPN/mL; RIF concentration not recorded in deposit,106,IS22,230000.0,0.025,0.12,IS,19.0,0M,High,Low
vijay2024_elife93243,M. tuberculosis,culture_age_30d,30.0,rifampicin,,,,vijay_107_age30d,5.361727836017593,0.0,5.361727836017593,False,1.3617278360175928,MPN/mL; RIF concentration not recorded in deposit,107,IS23,230000.0,0.025,0.12,IS,15.0,0M,Medium,Medium
vijay2024_elife93243,M. tuberculosis,culture_age_30d,30.0,rifampicin,,,,vijay_107_age30d,5.361727836017593,2.0,4.785329835010767,False,1.3617278360175928,MPN/mL; RIF concentration not recorded in deposit,107,IS23,61000.0,0.025,0.12,IS,15.0,0M,Medium,Medium
vijay2024_elife93243,M. tuberculosis,culture_age_30d,30.0,rifampicin,,,,vijay_107_age30d,5.361727836017593,5.0,2.361727836017593,False,1.3617278360175928,MPN/mL; RIF concentration not recorded in deposit,107,IS23,230.0,0.025,0.12,IS,15.0,0M,Medium,Medium
vijay2024_elife93243,M. tuberculosis,culture_age_30d,30.0,rifampicin,,,,vijay_108_age30d,7.785329835010767,0.0,7.785329835010767,False,1.3617278360175928,MPN/mL; RIF concentration not recorded in deposit,108,IS24,61000000.0,0.05,0.12,IS,19.0,0M,High,Medium
vijay2024_elife93243,M. tuberculosis,culture_age_30d,30.0,rifampicin,,,,vijay_108_age30d,7.785329835010767,2.0,5.361727836017593,False,1.3617278360175928,MPN/mL; RIF concentration not recorded in deposit,108,IS24,230000.0,0.05,0.12,IS,19.0,0M,High,Medium
vijay2024_elife93243,M. tuberculosis,culture_age_30d,30.0,rifampicin,,,,vijay_108_age30d,7.785329835010767,5.0,5.785329835010767,False,1.3617278360175928,MPN/mL; RIF concentration not recorded in deposit,108,IS24,610000.0,0.05,0.12,IS,19.0,0M,High,Medium
vijay2024_elife93243,M. tuberculosis,culture_age_30d,30.0,rifampicin,,,,vijay_109_age30d,7.361727836017593,0.0,7.361727836017593,False,1.3617278360175928,MPN/mL; RIF concentration not recorded in deposit,109,IS25,23000000.0,0.05,0.06,IS,15.0,0M,High,Medium
vijay2024_elife93243,M. tuberculosis,culture_age_30d,30.0,rifampicin,,,,vijay_109_age30d,7.361727836017593,2.0,6.785329835010767,False,1.3617278360175928,MPN/mL; RIF concentration not recorded in deposit,109,IS25,6100000.0,0.05,0.06,IS,15.0,0M,High,Medium
vijay2024_elife93243,M. tuberculosis,culture_age_30d,30.0,rifampicin,,,,vijay_109_age30d,7.361727836017593,5.0,5.785329835010767,False,1.3617278360175928,MPN/mL; RIF concentration not recorded in deposit,109,IS25,610000.0,0.05,0.06,IS,15.0,0M,High,Medium
vijay2024_elife93243,M. tuberculosis,culture_age_30d,30.0,rifampicin,,,,vijay_110_age30d,7.361727836017593,0.0,7.361727836017593,False,1.3617278360175928,MPN/mL; RIF concentration not recorded in deposit,110,IS26,23000000.0,0.05,0.12,IS,19.0,0M,High,Medium
vijay2024_elife93243,M. tuberculosis,culture_age_30d,30.0,rifampicin,,,,vijay_110_age30d,7.361727836017593,2.0,5.361727836017593,False,1.3617278360175928,MPN/mL; RIF concentration not recorded in deposit,110,IS26,230000.0,0.05,0.12,IS,19.0,0M,High,Medium
vijay2024_elife93243,M. tuberculosis,culture_age_30d,30.0,rifampicin,,,,vijay_110_age30d,7.361727836017593,5.0,4.361727836017593,False,1.3617278360175928,MPN/mL; RIF concentration not recorded in deposit,110,IS26,23000.0,0.05,0.12,IS,19.0,0M,High,Medium
vijay2024_elife93243,M. tuberculosis,culture_age_30d,30.0,rifampicin,,,,vijay_111_age30d,7.361727836017593,0.0,7.361727836017593,False,1.3617278360175928,MPN/mL; RIF concentration not recorded in deposit,111,IS27,23000000.0,0.025,0.12,IS,15.0,0M,Low,Medium
vijay2024_elife93243,M. tuberculosis,culture_age_30d,30.0,rifampicin,,,,vijay_111_age30d,7.361727836017593,2.0,5.361727836017593,False,1.3617278360175928,MPN/mL; RIF concentration not recorded in deposit,111,IS27,230000.0,0.025,0.12,IS,15.0,0M,Low,Medium
vijay2024_elife93243,M. tuberculosis,culture_age_30d,30.0,rifampicin,,,,vijay_111_age30d,7.361727836017593,5.0,5.361727836017593,False,1.3617278360175928,MPN/mL; RIF concentration not recorded in deposit,111,IS27,230000.0,0.025,0.12,IS,15.0,0M,Low,Medium
vijay2024_elife93243,M. tuberculosis,culture_age_30d,30.0,rifampicin,,,,vijay_112_age30d,5.785329835010767,0.0,5.785329835010767,False,1.3617278360175928,MPN/mL; RIF concentration not recorded in deposit,112,IS28,610000.0,0.05,0.12,IS,15.0,0M,Medium,Low
vijay2024_elife93243,M. tuberculosis,culture_age_30d,30.0,rifampicin,,,,vijay_112_age30d,5.785329835010767,2.0,4.361727836017593,False,1.3617278360175928,MPN/mL; RIF concentration not recorded in deposit,112,IS28,23000.0,0.05,0.12,IS,15.0,0M,Medium,Low
vijay2024_elife93243,M. tuberculosis,culture_age_30d,30.0,rifampicin,,,,vijay_112_age30d,5.785329835010767,5.0,2.785329835010767,False,1.3617278360175928,MPN/mL; RIF concentration not recorded in deposit,112,IS28,610.0,0.05,0.12,IS,15.0,0M,Medium,Low
vijay2024_elife93243,M. tuberculosis,culture_age_30d,30.0,rifampicin,,,,vijay_113_age30d,5.361727836017593,0.0,5.361727836017593,False,1.3617278360175928,MPN/mL; RIF concentration not recorded in deposit,113,IS29,230000.0,0.025,0.06,IS,29.0,0M,High,Medium
vijay2024_elife93243,M. tuberculosis,culture_age_30d,30.0,rifampicin,,,,vijay_113_age30d,5.361727836017593,2.0,4.361727836017593,False,1.3617278360175928,MPN/mL; RIF concentration not recorded in deposit,113,IS29,23000.0,0.025,0.06,IS,29.0,0M,High,Medium
vijay2024_elife93243,M. tuberculosis,culture_age_30d,30.0,rifampicin,,,,vijay_113_age30d,5.361727836017593,5.0,3.361727836017593,False,1.3617278360175928,MPN/mL; RIF concentration not recorded in deposit,113,IS29,2300.0,0.025,0.06,IS,29.0,0M,High,Medium
vijay2024_elife93243,M. tuberculosis,culture_age_30d,30.0,rifampicin,,,,vijay_114_age30d,7.785329835010767,0.0,7.785329835010767,False,1.3617278360175928,MPN/mL; RIF concentration not recorded in deposit,114,IS30,61000000.0,0.025,0.06,IS,15.0,0M,Medium,Medium
vijay2024_elife93243,M. tuberculosis,culture_age_30d,30.0,rifampicin,,,,vijay_114_age30d,7.785329835010767,2.0,6.361727836017593,False,1.3617278360175928,MPN/mL; RIF concentration not recorded in deposit,114,IS30,2300000.0,0.025,0.06,IS,15.0,0M,Medium,Medium
vijay2024_elife93243,M. tuberculosis,culture_age_30d,30.0,rifampicin,,,,vijay_114_age30d,7.785329835010767,5.0,6.361727836017593,False,1.3617278360175928,MPN/mL; RIF concentration not recorded in deposit,114,IS30,2300000.0,0.025,0.06,IS,15.0,0M,Medium,Medium
vijay2024_elife93243,M. tuberculosis,culture_age_30d,30.0,rifampicin,,,,vijay_115_age30d,7.785329835010767,0.0,7.785329835010767,False,1.3617278360175928,MPN/mL; RIF concentration not recorded in deposit,115,IS31,61000000.0,0.025,0.12,IS,15.0,0M,Medium,Low
vijay2024_elife93243,M. tuberculosis,culture_age_30d,30.0,rifampicin,,,,vijay_115_age30d,7.785329835010767,2.0,6.361727836017593,False,1.3617278360175928,MPN/mL; RIF concentration not recorded in deposit,115,IS31,2300000.0,0.025,0.12,IS,15.0,0M,Medium,Low
vijay2024_elife93243,M. tuberculosis,culture_age_30d,30.0,rifampicin,,,,vijay_115_age30d,7.785329835010767,5.0,5.361727836017593,False,1.3617278360175928,MPN/mL; RIF concentration not recorded in deposit,115,IS31,230000.0,0.025,0.12,IS,15.0,0M,Medium,Low
vijay2024_elife93243,M. tuberculosis,culture_age_30d,30.0,rifampicin,,,,vijay_116_age30d,7.785329835010767,0.0,7.785329835010767,False,1.3617278360175928,MPN/mL; RIF concentration not recorded in deposit,116,IS32,61000000.0,0.05,0.12,IS,15.0,0M,Medium,Medium
vijay2024_elife93243,M. tuberculosis,culture_age_30d,30.0,rifampicin,,,,vijay_116_age30d,7.785329835010767,2.0,7.361727836017593,False,1.3617278360175928,MPN/mL; RIF concentration not recorded in deposit,116,IS32,23000000.0,0.05,0.12,IS,15.0,0M,Medium,Medium
vijay2024_elife93243,M. tuberculosis,culture_age_30d,30.0,rifampicin,,,,vijay_116_age30d,7.785329835010767,5.0,5.361727836017593,False,1.3617278360175928,MPN/mL; RIF concentration not recorded in deposit,116,IS32,230000.0,0.05,0.12,IS,15.0,0M,Medium,Medium
vijay2024_elife93243,M. tuberculosis,culture_age_30d,30.0,rifampicin,,,,vijay_117_age30d,7.785329835010767,0.0,7.785329835010767,False,1.3617278360175928,MPN/mL; RIF concentration not recorded in deposit,117,IS33,61000000.0,0.025,0.06,IS,19.0,0M,Medium,Medium
vijay2024_elife93243,M. tuberculosis,culture_age_30d,30.0,rifampicin,,,,vijay_117_age30d,7.785329835010767,2.0,5.785329835010767,False,1.3617278360175928,MPN/mL; RIF concentration not recorded in deposit,117,IS33,610000.0,0.025,0.06,IS,19.0,0M,Medium,Medium
vijay2024_elife93243,M. tuberculosis,culture_age_30d,30.0,rifampicin,,,,vijay_117_age30d,7.785329835010767,5.0,5.361727836017593,False,1.3617278360175928,MPN/mL; RIF concentration not recorded in deposit,117,IS33,230000.0,0.025,0.06,IS,19.0,0M,Medium,Medium
vijay2024_elife93243,M. tuberculosis,culture_age_30d,30.0,rifampicin,,,,vijay_118_age30d,5.361727836017593,0.0,5.361727836017593,False,1.3617278360175928,MPN/mL; RIF concentration not recorded in deposit,118,IS34,230000.0,0.025,0.06,IS,15.0,0M,Low,Medium
vijay2024_elife93243,M. tuberculosis,culture_age_30d,30.0,rifampicin,,,,vijay_118_age30d,5.361727836017593,2.0,4.785329835010767,False,1.3617278360175928,MPN/mL; RIF concentration not recorded in deposit,118,IS34,61000.0,0.025,0.06,IS,15.0,0M,Low,Medium
vijay2024_elife93243,M. tuberculosis,culture_age_30d,30.0,rifampicin,,,,vijay_118_age30d,5.361727836017593,5.0,4.361727836017593,False,1.3617278360175928,MPN/mL; RIF concentration not recorded in deposit,118,IS34,23000.0,0.025,0.06,IS,15.0,0M,Low,Medium
vijay2024_elife93243,M. tuberculosis,culture_age_30d,30.0,rifampicin,,,,vijay_119_age30d,7.361727836017593,0.0,7.361727836017593,False,1.3617278360175928,MPN/mL; RIF concentration not recorded in deposit,119,IS35,23000000.0,0.025,0.06,IS,15.0,0M,Medium,High
vijay2024_elife93243,M. tuberculosis,culture_age_30d,30.0,rifampicin,,,,vijay_119_age30d,7.361727836017593,2.0,7.361727836017593,False,1.3617278360175928,MPN/mL; RIF concentration not recorded in deposit,119,IS35,23000000.0,0.025,0.06,IS,15.0,0M,Medium,High
vijay2024_elife93243,M. tuberculosis,culture_age_30d,30.0,rifampicin,,,,vijay_119_age30d,7.361727836017593,5.0,6.361727836017593,False,1.3617278360175928,MPN/mL; RIF concentration not recorded in deposit,119,IS35,2300000.0,0.025,0.06,IS,15.0,0M,Medium,High
vijay2024_elife93243,M. tuberculosis,culture_age_30d,30.0,rifampicin,,,,vijay_120_age30d,8.361727836017593,0.0,8.361727836017593,False,1.3617278360175928,MPN/mL; RIF concentration not recorded in deposit,120,IS36,230000000.0,0.025,0.06,IS,15.0,0M,Medium,Low
vijay2024_elife93243,M. tuberculosis,culture_age_30d,30.0,rifampicin,,,,vijay_120_age30d,8.361727836017593,2.0,6.361727836017593,False,1.3617278360175928,MPN/mL; RIF concentration not recorded in deposit,120,IS36,2300000.0,0.025,0.06,IS,15.0,0M,Medium,Low
vijay2024_elife93243,M. tuberculosis,culture_age_30d,30.0,rifampicin,,,,vijay_120_age30d,8.361727836017593,5.0,5.785329835010767,False,1.3617278360175928,MPN/mL; RIF concentration not recorded in deposit,120,IS36,610000.0,0.025,0.06,IS,15.0,0M,Medium,Low
vijay2024_elife93243,M. tuberculosis,culture_age_30d,30.0,rifampicin,,,,vijay_121_age30d,7.361727836017593,0.0,7.361727836017593,False,1.3617278360175928,MPN/mL; RIF concentration not recorded in deposit,121,IS37,23000000.0,0.025,0.06,IS,19.0,0M,High,High
vijay2024_elife93243,M. tuberculosis,culture_age_30d,30.0,rifampicin,,,,vijay_121_age30d,7.361727836017593,2.0,5.361727836017593,False,1.3617278360175928,MPN/mL; RIF concentration not recorded in deposit,121,IS37,230000.0,0.025,0.06,IS,19.0,0M,High,High
vijay2024_elife93243,M. tuberculosis,culture_age_30d,30.0,rifampicin,,,,vijay_121_age30d,7.361727836017593,5.0,5.785329835010767,False,1.3617278360175928,MPN/mL; RIF concentration not recorded in deposit,121,IS37,610000.0,0.025,0.06,IS,19.0,0M,High,High
vijay2024_elife93243,M. tuberculosis,culture_age_30d,30.0,rifampicin,,,,vijay_122_age30d,7.361727836017593,0.0,7.361727836017593,False,1.3617278360175928,MPN/mL; RIF concentration not recorded in deposit,122,IS38,23000000.0,0.025,0.25,IS,15.0,0M,Low,Medium
vijay2024_elife93243,M. tuberculosis,culture_age_30d,30.0,rifampicin,,,,vijay_122_age30d,7.361727836017593,2.0,5.361727836017593,False,1.3617278360175928,MPN/mL; RIF concentration not recorded in deposit,122,IS38,230000.0,0.025,0.25,IS,15.0,0M,Low,Medium
vijay2024_elife93243,M. tuberculosis,culture_age_30d,30.0,rifampicin,,,,vijay_122_age30d,7.361727836017593,5.0,4.785329835010767,False,1.3617278360175928,MPN/mL; RIF concentration not recorded in deposit,122,IS38,61000.0,0.025,0.25,IS,15.0,0M,Low,Medium
vijay2024_elife93243,M. tuberculosis,culture_age_30d,30.0,rifampicin,,,,vijay_123_age30d,7.785329835010767,0.0,7.785329835010767,False,1.3617278360175928,MPN/mL; RIF concentration not recorded in deposit,123,IS39,61000000.0,0.05,0.25,IS,15.0,0M,Medium,Medium
vijay2024_elife93243,M. tuberculosis,culture_age_30d,30.0,rifampicin,,,,vijay_123_age30d,7.785329835010767,2.0,5.361727836017593,False,1.3617278360175928,MPN/mL; RIF concentration not recorded in deposit,123,IS39,230000.0,0.05,0.25,IS,15.0,0M,Medium,Medium
vijay2024_elife93243,M. tuberculosis,culture_age_30d,30.0,rifampicin,,,,vijay_123_age30d,7.785329835010767,5.0,5.361727836017593,False,1.3617278360175928,MPN/mL; RIF concentration not recorded in deposit,123,IS39,230000.0,0.05,0.25,IS,15.0,0M,Medium,Medium
vijay2024_elife93243,M. tuberculosis,culture_age_30d,30.0,rifampicin,,,,vijay_124_age30d,7.361727836017593,0.0,7.361727836017593,False,1.3617278360175928,MPN/mL; RIF concentration not recorded in deposit,124,IS40,23000000.0,0.025,0.06,IS,15.0,0M,Medium,Medium
vijay2024_elife93243,M. tuberculosis,culture_age_30d,30.0,rifampicin,,,,vijay_124_age30d,7.361727836017593,2.0,6.361727836017593,False,1.3617278360175928,MPN/mL; RIF concentration not recorded in deposit,124,IS40,2300000.0,0.025,0.06,IS,15.0,0M,Medium,Medium
vijay2024_elife93243,M. tuberculosis,culture_age_30d,30.0,rifampicin,,,,vijay_124_age30d,7.361727836017593,5.0,5.361727836017593,False,1.3617278360175928,MPN/mL; RIF concentration not recorded in deposit,124,IS40,230000.0,0.025,0.06,IS,15.0,0M,Medium,Medium
vijay2024_elife93243,M. tuberculosis,culture_age_30d,30.0,rifampicin,,,,vijay_125_age30d,6.361727836017593,0.0,6.361727836017593,False,1.3617278360175928,MPN/mL; RIF concentration not recorded in deposit,125,IS41,2300000.0,0.025,0.06,IS,15.0,0M,Low,High
vijay2024_elife93243,M. tuberculosis,culture_age_30d,30.0,rifampicin,,,,vijay_125_age30d,6.361727836017593,2.0,5.361727836017593,False,1.3617278360175928,MPN/mL; RIF concentration not recorded in deposit,125,IS41,230000.0,0.025,0.06,IS,15.0,0M,Low,High
vijay2024_elife93243,M. tuberculosis,culture_age_30d,30.0,rifampicin,,,,vijay_125_age30d,6.361727836017593,5.0,3.785329835010767,False,1.3617278360175928,MPN/mL; RIF concentration not recorded in deposit,125,IS41,6100.0,0.025,0.06,IS,15.0,0M,Low,High
vijay2024_elife93243,M. tuberculosis,culture_age_30d,30.0,rifampicin,,,,vijay_126_age30d,7.785329835010767,0.0,7.785329835010767,False,1.3617278360175928,MPN/mL; RIF concentration not recorded in deposit,126,IS42,61000000.0,0.05,0.06,IS,15.0,0M,Medium,Medium
vijay2024_elife93243,M. tuberculosis,culture_age_30d,30.0,rifampicin,,,,vijay_126_age30d,7.785329835010767,2.0,5.361727836017593,False,1.3617278360175928,MPN/mL; RIF concentration not recorded in deposit,126,IS42,230000.0,0.05,0.06,IS,15.0,0M,Medium,Medium
vijay2024_elife93243,M. tuberculosis,culture_age_30d,30.0,rifampicin,,,,vijay_126_age30d,7.785329835010767,5.0,4.361727836017593,False,1.3617278360175928,MPN/mL; RIF concentration not recorded in deposit,126,IS42,23000.0,0.05,0.06,IS,15.0,0M,Medium,Medium
vijay2024_elife93243,M. tuberculosis,culture_age_30d,30.0,rifampicin,,,,vijay_127_age30d,7.785329835010767,0.0,7.785329835010767,False,1.3617278360175928,MPN/mL; RIF concentration not recorded in deposit,127,IS43,61000000.0,0.05,0.12,IS,19.0,0M,High,High
vijay2024_elife93243,M. tuberculosis,culture_age_30d,30.0,rifampicin,,,,vijay_127_age30d,7.785329835010767,2.0,6.785329835010767,False,1.3617278360175928,MPN/mL; RIF concentration not recorded in deposit,127,IS43,6100000.0,0.05,0.12,IS,19.0,0M,High,High
vijay2024_elife93243,M. tuberculosis,culture_age_30d,30.0,rifampicin,,,,vijay_127_age30d,7.785329835010767,5.0,7.361727836017593,False,1.3617278360175928,MPN/mL; RIF concentration not recorded in deposit,127,IS43,23000000.0,0.05,0.12,IS,19.0,0M,High,High
vijay2024_elife93243,M. tuberculosis,culture_age_30d,30.0,rifampicin,,,,vijay_128_age30d,7.361727836017593,0.0,7.361727836017593,False,1.3617278360175928,MPN/mL; RIF concentration not recorded in deposit,128,IS44,23000000.0,0.05,0.25,IS,15.0,0M,Low,Medium
vijay2024_elife93243,M. tuberculosis,culture_age_30d,30.0,rifampicin,,,,vijay_128_age30d,7.361727836017593,2.0,6.361727836017593,False,1.3617278360175928,MPN/mL; RIF concentration not recorded in deposit,128,IS44,2300000.0,0.05,0.25,IS,15.0,0M,Low,Medium
vijay2024_elife93243,M. tuberculosis,culture_age_30d,30.0,rifampicin,,,,vijay_128_age30d,7.361727836017593,5.0,4.361727836017593,False,1.3617278360175928,MPN/mL; RIF concentration not recorded in deposit,128,IS44,23000.0,0.05,0.25,IS,15.0,0M,Low,Medium
vijay2024_elife93243,M. tuberculosis,culture_age_30d,30.0,rifampicin,,,,vijay_129_age30d,7.361727836017593,0.0,7.361727836017593,False,1.3617278360175928,MPN/mL; RIF concentration not recorded in deposit,129,IS45,23000000.0,0.05,0.06,IS,15.0,0M,Medium,Medium
vijay2024_elife93243,M. tuberculosis,culture_age_30d,30.0,rifampicin,,,,vijay_129_age30d,7.361727836017593,2.0,6.361727836017593,False,1.3617278360175928,MPN/mL; RIF concentration not recorded in deposit,129,IS45,2300000.0,0.05,0.06,IS,15.0,0M,Medium,Medium
vijay2024_elife93243,M. tuberculosis,culture_age_30d,30.0,rifampicin,,,,vijay_129_age30d,7.361727836017593,5.0,4.785329835010767,False,1.3617278360175928,MPN/mL; RIF concentration not recorded in deposit,129,IS45,61000.0,0.05,0.06,IS,15.0,0M,Medium,Medium
vijay2024_elife93243,M. tuberculosis,culture_age_30d,30.0,rifampicin,,,,vijay_130_age30d,8.792391689498254,0.0,8.792391689498254,False,1.3617278360175928,MPN/mL; RIF concentration not recorded in deposit,130,IS46,620000000.0,0.05,0.06,IS,19.0,0M,Medium,Low
vijay2024_elife93243,M. tuberculosis,culture_age_30d,30.0,rifampicin,,,,vijay_130_age30d,8.792391689498254,2.0,6.785329835010767,False,1.3617278360175928,MPN/mL; RIF concentration not recorded in deposit,130,IS46,6100000.0,0.05,0.06,IS,19.0,0M,Medium,Low
vijay2024_elife93243,M. tuberculosis,culture_age_30d,30.0,rifampicin,,,,vijay_130_age30d,8.792391689498254,5.0,6.361727836017593,False,1.3617278360175928,MPN/mL; RIF concentration not recorded in deposit,130,IS46,2300000.0,0.05,0.06,IS,19.0,0M,Medium,Low
vijay2024_elife93243,M. tuberculosis,culture_age_30d,30.0,rifampicin,,,,vijay_131_age30d,7.361727836017593,0.0,7.361727836017593,False,1.3617278360175928,MPN/mL; RIF concentration not recorded in deposit,131,IS47,23000000.0,0.025,0.06,IS,19.0,0M,Medium,Medium
vijay2024_elife93243,M. tuberculosis,culture_age_30d,30.0,rifampicin,,,,vijay_131_age30d,7.361727836017593,2.0,5.361727836017593,False,1.3617278360175928,MPN/mL; RIF concentration not recorded in deposit,131,IS47,230000.0,0.025,0.06,IS,19.0,0M,Medium,Medium
vijay2024_elife93243,M. tuberculosis,culture_age_30d,30.0,rifampicin,,,,vijay_131_age30d,7.361727836017593,5.0,6.361727836017593,False,1.3617278360175928,MPN/mL; RIF concentration not recorded in deposit,131,IS47,2300000.0,0.025,0.06,IS,19.0,0M,Medium,Medium
vijay2024_elife93243,M. tuberculosis,culture_age_30d,30.0,rifampicin,,,,vijay_132_age30d,6.361727836017593,0.0,6.361727836017593,False,1.3617278360175928,MPN/mL; RIF concentration not recorded in deposit,132,IS48,2300000.0,0.05,0.12,IS,19.0,0M,Medium,Medium
vijay2024_elife93243,M. tuberculosis,culture_age_30d,30.0,rifampicin,,,,vijay_132_age30d,6.361727836017593,2.0,4.361727836017593,False,1.3617278360175928,MPN/mL; RIF concentration not recorded in deposit,132,IS48,23000.0,0.05,0.12,IS,19.0,0M,Medium,Medium
vijay2024_elife93243,M. tuberculosis,culture_age_30d,30.0,rifampicin,,,,vijay_132_age30d,6.361727836017593,5.0,4.361727836017593,False,1.3617278360175928,MPN/mL; RIF concentration not recorded in deposit,132,IS48,23000.0,0.05,0.12,IS,19.0,0M,Medium,Medium
vijay2024_elife93243,M. tuberculosis,culture_age_30d,30.0,rifampicin,,,,vijay_133_age30d,6.785329835010767,0.0,6.785329835010767,False,1.3617278360175928,MPN/mL; RIF concentration not recorded in deposit,133,IS49,6100000.0,0.05,0.06,IS,19.0,0M,High,Medium
vijay2024_elife93243,M. tuberculosis,culture_age_30d,30.0,rifampicin,,,,vijay_133_age30d,6.785329835010767,2.0,5.785329835010767,False,1.3617278360175928,MPN/mL; RIF concentration not recorded in deposit,133,IS49,610000.0,0.05,0.06,IS,19.0,0M,High,Medium
vijay2024_elife93243,M. tuberculosis,culture_age_30d,30.0,rifampicin,,,,vijay_133_age30d,6.785329835010767,5.0,5.361727836017593,False,1.3617278360175928,MPN/mL; RIF concentration not recorded in deposit,133,IS49,230000.0,0.05,0.06,IS,19.0,0M,High,Medium
vijay2024_elife93243,M. tuberculosis,culture_age_30d,30.0,rifampicin,,,,vijay_134_age30d,7.3222192947339195,0.0,7.3222192947339195,False,1.3617278360175928,MPN/mL; RIF concentration not recorded in deposit,134,IS50,21000000.0,0.05,0.06,IS,15.0,0M,Medium,Medium
vijay2024_elife93243,M. tuberculosis,culture_age_30d,30.0,rifampicin,,,,vijay_134_age30d,7.3222192947339195,2.0,6.785329835010767,False,1.3617278360175928,MPN/mL; RIF concentration not recorded in deposit,134,IS50,6100000.0,0.05,0.06,IS,15.0,0M,Medium,Medium
vijay2024_elife93243,M. tuberculosis,culture_age_30d,30.0,rifampicin,,,,vijay_134_age30d,7.3222192947339195,5.0,5.361727836017593,False,1.3617278360175928,MPN/mL; RIF concentration not recorded in deposit,134,IS50,230000.0,0.05,0.06,IS,15.0,0M,Medium,Medium
vijay2024_elife93243,M. tuberculosis,culture_age_30d,30.0,rifampicin,,,,vijay_135_age30d,6.785329835010767,0.0,6.785329835010767,False,1.3617278360175928,MPN/mL; RIF concentration not recorded in deposit,135,IS51,6100000.0,0.05,0.25,IS,15.0,0M,Low,Low
vijay2024_elife93243,M. tuberculosis,culture_age_30d,30.0,rifampicin,,,,vijay_135_age30d,6.785329835010767,2.0,4.361727836017593,False,1.3617278360175928,MPN/mL; RIF concentration not recorded in deposit,135,IS51,23000.0,0.05,0.25,IS,15.0,0M,Low,Low
vijay2024_elife93243,M. tuberculosis,culture_age_30d,30.0,rifampicin,,,,vijay_135_age30d,6.785329835010767,5.0,2.361727836017593,False,1.3617278360175928,MPN/mL; RIF concentration not recorded in deposit,135,IS51,230.0,0.05,0.25,IS,15.0,0M,Low,Low
vijay2024_elife93243,M. tuberculosis,culture_age_30d,30.0,rifampicin,,,,vijay_136_age30d,7.361727836017593,0.0,7.361727836017593,False,1.3617278360175928,MPN/mL; RIF concentration not recorded in deposit,136,IS52,23000000.0,0.025,0.12,IS,19.0,0M,Medium,Medium
vijay2024_elife93243,M. tuberculosis,culture_age_30d,30.0,rifampicin,,,,vijay_136_age30d,7.361727836017593,2.0,5.785329835010767,False,1.3617278360175928,MPN/mL; RIF concentration not recorded in deposit,136,IS52,610000.0,0.025,0.12,IS,19.0,0M,Medium,Medium
vijay2024_elife93243,M. tuberculosis,culture_age_30d,30.0,rifampicin,,,,vijay_136_age30d,7.361727836017593,5.0,4.361727836017593,False,1.3617278360175928,MPN/mL; RIF concentration not recorded in deposit,136,IS52,23000.0,0.025,0.12,IS,19.0,0M,Medium,Medium
vijay2024_elife93243,M. tuberculosis,culture_age_30d,30.0,rifampicin,,,,vijay_137_age30d,7.785329835010767,0.0,7.785329835010767,False,1.3617278360175928,MPN/mL; RIF concentration not recorded in deposit,137,IS53,61000000.0,0.05,0.25,IS,15.0,0M,Low,Low
vijay2024_elife93243,M. tuberculosis,culture_age_30d,30.0,rifampicin,,,,vijay_137_age30d,7.785329835010767,2.0,6.361727836017593,False,1.3617278360175928,MPN/mL; RIF concentration not recorded in deposit,137,IS53,2300000.0,0.05,0.25,IS,15.0,0M,Low,Low
vijay2024_elife93243,M. tuberculosis,culture_age_30d,30.0,rifampicin,,,,vijay_137_age30d,7.785329835010767,5.0,4.361727836017593,False,1.3617278360175928,MPN/mL; RIF concentration not recorded in deposit,137,IS53,23000.0,0.05,0.25,IS,15.0,0M,Low,Low
vijay2024_elife93243,M. tuberculosis,culture_age_30d,30.0,rifampicin,,,,vijay_138_age30d,6.361727836017593,0.0,6.361727836017593,False,1.3617278360175928,MPN/mL; RIF concentration not recorded in deposit,138,IS54,2300000.0,0.025,0.06,IS,15.0,0M,Low,Low
vijay2024_elife93243,M. tuberculosis,culture_age_30d,30.0,rifampicin,,,,vijay_138_age30d,6.361727836017593,2.0,5.361727836017593,False,1.3617278360175928,MPN/mL; RIF concentration not recorded in deposit,138,IS54,230000.0,0.025,0.06,IS,15.0,0M,Low,Low
vijay2024_elife93243,M. tuberculosis,culture_age_30d,30.0,rifampicin,,,,vijay_138_age30d,6.361727836017593,5.0,,True,1.3617278360175928,MPN/mL; RIF concentration not recorded in deposit; at assay floor 23 MPN/mL,138,IS54,23.0,0.025,0.06,IS,15.0,0M,Low,Low
vijay2024_elife93243,M. tuberculosis,culture_age_30d,30.0,rifampicin,,,,vijay_139_age30d,7.361727836017593,0.0,7.361727836017593,False,1.3617278360175928,MPN/mL; RIF concentration not recorded in deposit,139,IS55,23000000.0,0.05,0.06,IS,19.0,0M,Medium,Low
vijay2024_elife93243,M. tuberculosis,culture_age_30d,30.0,rifampicin,,,,vijay_139_age30d,7.361727836017593,2.0,5.785329835010767,False,1.3617278360175928,MPN/mL; RIF concentration not recorded in deposit,139,IS55,610000.0,0.05,0.06,IS,19.0,0M,Medium,Low
vijay2024_elife93243,M. tuberculosis,culture_age_30d,30.0,rifampicin,,,,vijay_139_age30d,7.361727836017593,5.0,4.785329835010767,False,1.3617278360175928,MPN/mL; RIF concentration not recorded in deposit,139,IS55,61000.0,0.05,0.06,IS,19.0,0M,Medium,Low
vijay2024_elife93243,M. tuberculosis,culture_age_30d,30.0,rifampicin,,,,vijay_140_age30d,7.361727836017593,0.0,7.361727836017593,False,1.3617278360175928,MPN/mL; RIF concentration not recorded in deposit,140,IS56,23000000.0,0.05,0.25,IS,19.0,0M,High,Medium
vijay2024_elife93243,M. tuberculosis,culture_age_30d,30.0,rifampicin,,,,vijay_140_age30d,7.361727836017593,2.0,6.361727836017593,False,1.3617278360175928,MPN/mL; RIF concentration not recorded in deposit,140,IS56,2300000.0,0.05,0.25,IS,19.0,0M,High,Medium
vijay2024_elife93243,M. tuberculosis,culture_age_30d,30.0,rifampicin,,,,vijay_140_age30d,7.361727836017593,5.0,6.361727836017593,False,1.3617278360175928,MPN/mL; RIF concentration not recorded in deposit,140,IS56,2300000.0,0.05,0.25,IS,19.0,0M,High,Medium
vijay2024_elife93243,M. tuberculosis,culture_age_30d,30.0,rifampicin,,,,vijay_141_age30d,6.785329835010767,0.0,6.785329835010767,False,1.3617278360175928,MPN/mL; RIF concentration not recorded in deposit,141,IS57,6100000.0,0.025,0.06,IS,19.0,0M,Medium,Low
vijay2024_elife93243,M. tuberculosis,culture_age_30d,30.0,rifampicin,,,,vijay_141_age30d,6.785329835010767,2.0,5.785329835010767,False,1.3617278360175928,MPN/mL; RIF concentration not recorded in deposit,141,IS57,610000.0,0.025,0.06,IS,19.0,0M,Medium,Low
vijay2024_elife93243,M. tuberculosis,culture_age_30d,30.0,rifampicin,,,,vijay_141_age30d,6.785329835010767,5.0,4.785329835010767,False,1.3617278360175928,MPN/mL; RIF concentration not recorded in deposit,141,IS57,61000.0,0.025,0.06,IS,19.0,0M,Medium,Low
vijay2024_elife93243,M. tuberculosis,culture_age_30d,30.0,rifampicin,,,,vijay_142_age30d,7.785329835010767,0.0,7.785329835010767,False,1.3617278360175928,MPN/mL; RIF concentration not recorded in deposit,142,IS58,61000000.0,0.025,0.06,IS,15.0,0M,Low,Low
vijay2024_elife93243,M. tuberculosis,culture_age_30d,30.0,rifampicin,,,,vijay_142_age30d,7.785329835010767,2.0,5.785329835010767,False,1.3617278360175928,MPN/mL; RIF concentration not recorded in deposit,142,IS58,610000.0,0.025,0.06,IS,15.0,0M,Low,Low
vijay2024_elife93243,M. tuberculosis,culture_age_30d,30.0,rifampicin,,,,vijay_142_age30d,7.785329835010767,5.0,4.361727836017593,False,1.3617278360175928,MPN/mL; RIF concentration not recorded in deposit,142,IS58,23000.0,0.025,0.06,IS,15.0,0M,Low,Low
vijay2024_elife93243,M. tuberculosis,culture_age_30d,30.0,rifampicin,,,,vijay_143_age30d,5.785329835010767,0.0,5.785329835010767,False,1.3617278360175928,MPN/mL; RIF concentration not recorded in deposit,143,IS59,610000.0,0.025,0.06,IS,19.0,0M,Medium,Medium
vijay2024_elife93243,M. tuberculosis,culture_age_30d,30.0,rifampicin,,,,vijay_143_age30d,5.785329835010767,2.0,4.361727836017593,False,1.3617278360175928,MPN/mL; RIF concentration not recorded in deposit,143,IS59,23000.0,0.025,0.06,IS,19.0,0M,Medium,Medium
vijay2024_elife93243,M. tuberculosis,culture_age_30d,30.0,rifampicin,,,,vijay_143_age30d,5.785329835010767,5.0,4.361727836017593,False,1.3617278360175928,MPN/mL; RIF concentration not recorded in deposit,143,IS59,23000.0,0.025,0.06,IS,19.0,0M,Medium,Medium
vijay2024_elife93243,M. tuberculosis,culture_age_30d,30.0,rifampicin,,,,vijay_144_age30d,7.785329835010767,0.0,7.785329835010767,False,1.3617278360175928,MPN/mL; RIF concentration not recorded in deposit,144,IS60,61000000.0,0.025,0.06,IS,19.0,0M,High,Medium
vijay2024_elife93243,M. tuberculosis,culture_age_30d,30.0,rifampicin,,,,vijay_144_age30d,7.785329835010767,2.0,6.361727836017593,False,1.3617278360175928,MPN/mL; RIF concentration not recorded in deposit,144,IS60,2300000.0,0.025,0.06,IS,19.0,0M,High,Medium
vijay2024_elife93243,M. tuberculosis,culture_age_30d,30.0,rifampicin,,,,vijay_144_age30d,7.785329835010767,5.0,5.785329835010767,False,1.3617278360175928,MPN/mL; RIF concentration not recorded in deposit,144,IS60,610000.0,0.025,0.06,IS,19.0,0M,High,Medium
vijay2024_elife93243,M. tuberculosis,culture_age_30d,30.0,rifampicin,,,,vijay_145_age30d,7.785329835010767,0.0,7.785329835010767,False,1.3617278360175928,MPN/mL; RIF concentration not recorded in deposit,145,IS61,61000000.0,0.05,0.12,IS,19.0,0M,Medium,Medium
vijay2024_elife93243,M. tuberculosis,culture_age_30d,30.0,rifampicin,,,,vijay_145_age30d,7.785329835010767,2.0,6.785329835010767,False,1.3617278360175928,MPN/mL; RIF concentration not recorded in deposit,145,IS61,6100000.0,0.05,0.12,IS,19.0,0M,Medium,Medium
vijay2024_elife93243,M. tuberculosis,culture_age_30d,30.0,rifampicin,,,,vijay_145_age30d,7.785329835010767,5.0,5.361727836017593,False,1.3617278360175928,MPN/mL; RIF concentration not recorded in deposit,145,IS61,230000.0,0.05,0.12,IS,19.0,0M,Medium,Medium
vijay2024_elife93243,M. tuberculosis,culture_age_30d,30.0,rifampicin,,,,vijay_146_age30d,7.361727836017593,0.0,7.361727836017593,False,1.3617278360175928,MPN/mL; RIF concentration not recorded in deposit,146,IS62,23000000.0,0.05,0.12,IS,15.0,0M,Medium,Medium
vijay2024_elife93243,M. tuberculosis,culture_age_30d,30.0,rifampicin,,,,vijay_146_age30d,7.361727836017593,2.0,6.785329835010767,False,1.3617278360175928,MPN/mL; RIF concentration not recorded in deposit,146,IS62,6100000.0,0.05,0.12,IS,15.0,0M,Medium,Medium
vijay2024_elife93243,M. tuberculosis,culture_age_30d,30.0,rifampicin,,,,vijay_146_age30d,7.361727836017593,5.0,5.785329835010767,False,1.3617278360175928,MPN/mL; RIF concentration not recorded in deposit,146,IS62,610000.0,0.05,0.12,IS,15.0,0M,Medium,Medium
vijay2024_elife93243,M. tuberculosis,culture_age_30d,30.0,rifampicin,,,,vijay_147_age30d,7.361727836017593,0.0,7.361727836017593,False,1.3617278360175928,MPN/mL; RIF concentration not recorded in deposit,147,IS63,23000000.0,0.025,0.06,IS,15.0,0M,Medium,Medium
vijay2024_elife93243,M. tuberculosis,culture_age_30d,30.0,rifampicin,,,,vijay_147_age30d,7.361727836017593,2.0,6.361727836017593,False,1.3617278360175928,MPN/mL; RIF concentration not recorded in deposit,147,IS63,2300000.0,0.025,0.06,IS,15.0,0M,Medium,Medium
vijay2024_elife93243,M. tuberculosis,culture_age_30d,30.0,rifampicin,,,,vijay_147_age30d,7.361727836017593,5.0,5.361727836017593,False,1.3617278360175928,MPN/mL; RIF concentration not recorded in deposit,147,IS63,230000.0,0.025,0.06,IS,15.0,0M,Medium,Medium
vijay2024_elife93243,M. tuberculosis,culture_age_30d,30.0,rifampicin,,,,vijay_148_age30d,6.785329835010767,0.0,6.785329835010767,False,1.3617278360175928,MPN/mL; RIF concentration not recorded in deposit,148,IS64,6100000.0,0.025,0.06,IS,22.0,0M,Low,Medium
vijay2024_elife93243,M. tuberculosis,culture_age_30d,30.0,rifampicin,,,,vijay_148_age30d,6.785329835010767,2.0,6.361727836017593,False,1.3617278360175928,MPN/mL; RIF concentration not recorded in deposit,148,IS64,2300000.0,0.025,0.06,IS,22.0,0M,Low,Medium
vijay2024_elife93243,M. tuberculosis,culture_age_30d,30.0,rifampicin,,,,vijay_148_age30d,6.785329835010767,5.0,5.361727836017593,False,1.3617278360175928,MPN/mL; RIF concentration not recorded in deposit,148,IS64,230000.0,0.025,0.06,IS,22.0,0M,Low,Medium
vijay2024_elife93243,M. tuberculosis,culture_age_30d,30.0,rifampicin,,,,vijay_149_age30d,8.32221929473392,0.0,8.32221929473392,False,1.3617278360175928,MPN/mL; RIF concentration not recorded in deposit,149,IS65,210000000.0,0.025,0.12,IS,19.0,0M,Medium,Low
vijay2024_elife93243,M. tuberculosis,culture_age_30d,30.0,rifampicin,,,,vijay_149_age30d,8.32221929473392,2.0,6.361727836017593,False,1.3617278360175928,MPN/mL; RIF concentration not recorded in deposit,149,IS65,2300000.0,0.025,0.12,IS,19.0,0M,Medium,Low
vijay2024_elife93243,M. tuberculosis,culture_age_30d,30.0,rifampicin,,,,vijay_149_age30d,8.32221929473392,5.0,5.785329835010767,False,1.3617278360175928,MPN/mL; RIF concentration not recorded in deposit,149,IS65,610000.0,0.025,0.12,IS,19.0,0M,Medium,Low
vijay2024_elife93243,M. tuberculosis,culture_age_30d,30.0,rifampicin,,,,vijay_150_age30d,7.361727836017593,0.0,7.361727836017593,False,1.3617278360175928,MPN/mL; RIF concentration not recorded in deposit,150,IS66,23000000.0,0.025,0.06,IS,19.0,0M,Medium,Medium
vijay2024_elife93243,M. tuberculosis,culture_age_30d,30.0,rifampicin,,,,vijay_150_age30d,7.361727836017593,2.0,6.785329835010767,False,1.3617278360175928,MPN/mL; RIF concentration not recorded in deposit,150,IS66,6100000.0,0.025,0.06,IS,19.0,0M,Medium,Medium
vijay2024_elife93243,M. tuberculosis,culture_age_30d,30.0,rifampicin,,,,vijay_150_age30d,7.361727836017593,5.0,5.361727836017593,False,1.3617278360175928,MPN/mL; RIF concentration not recorded in deposit,150,IS66,230000.0,0.025,0.06,IS,19.0,0M,Medium,Medium
vijay2024_elife93243,M. tuberculosis,culture_age_30d,30.0,rifampicin,,,,vijay_151_age30d,7.785329835010767,0.0,7.785329835010767,False,1.3617278360175928,MPN/mL; RIF concentration not recorded in deposit,151,IS67,61000000.0,0.025,0.06,IS,19.0,0M,High,Medium
vijay2024_elife93243,M. tuberculosis,culture_age_30d,30.0,rifampicin,,,,vijay_151_age30d,7.785329835010767,2.0,6.361727836017593,False,1.3617278360175928,MPN/mL; RIF concentration not recorded in deposit,151,IS67,2300000.0,0.025,0.06,IS,19.0,0M,High,Medium
vijay2024_elife93243,M. tuberculosis,culture_age_30d,30.0,rifampicin,,,,vijay_151_age30d,7.785329835010767,5.0,6.785329835010767,False,1.3617278360175928,MPN/mL; RIF concentration not recorded in deposit,151,IS67,6100000.0,0.025,0.06,IS,19.0,0M,High,Medium
vijay2024_elife93243,M. tuberculosis,culture_age_30d,30.0,rifampicin,,,,vijay_152_age30d,7.785329835010767,0.0,7.785329835010767,False,1.3617278360175928,MPN/mL; RIF concentration not recorded in deposit,152,IS68,61000000.0,0.05,0.12,IS,15.0,0M,Medium,Medium
vijay2024_elife93243,M. tuberculosis,culture_age_30d,30.0,rifampicin,,,,vijay_152_age30d,7.785329835010767,2.0,6.361727836017593,False,1.3617278360175928,MPN/mL; RIF concentration not recorded in deposit,152,IS68,2300000.0,0.05,0.12,IS,15.0,0M,Medium,Medium
vijay2024_elife93243,M. tuberculosis,culture_age_30d,30.0,rifampicin,,,,vijay_152_age30d,7.785329835010767,5.0,4.361727836017593,False,1.3617278360175928,MPN/mL; RIF concentration not recorded in deposit,152,IS68,23000.0,0.05,0.12,IS,15.0,0M,Medium,Medium
vijay2024_elife93243,M. tuberculosis,culture_age_30d,30.0,rifampicin,,,,vijay_153_age30d,6.361727836017593,0.0,6.361727836017593,False,1.3617278360175928,MPN/mL; RIF concentration not recorded in deposit,153,IS69,2300000.0,0.025,0.06,IS,15.0,0M,Medium,Medium
vijay2024_elife93243,M. tuberculosis,culture_age_30d,30.0,rifampicin,,,,vijay_153_age30d,6.361727836017593,2.0,5.361727836017593,False,1.3617278360175928,MPN/mL; RIF concentration not recorded in deposit,153,IS69,230000.0,0.025,0.06,IS,15.0,0M,Medium,Medium
vijay2024_elife93243,M. tuberculosis,culture_age_30d,30.0,rifampicin,,,,vijay_153_age30d,6.361727836017593,5.0,4.785329835010767,False,1.3617278360175928,MPN/mL; RIF concentration not recorded in deposit,153,IS69,61000.0,0.025,0.06,IS,15.0,0M,Medium,Medium
vijay2024_elife93243,M. tuberculosis,culture_age_30d,30.0,rifampicin,,,,vijay_154_age30d,6.361727836017593,0.0,6.361727836017593,False,1.3617278360175928,MPN/mL; RIF concentration not recorded in deposit,154,IS70,2300000.0,0.025,0.06,IS,15.0,0M,Medium,Medium
vijay2024_elife93243,M. tuberculosis,culture_age_30d,30.0,rifampicin,,,,vijay_154_age30d,6.361727836017593,2.0,6.361727836017593,False,1.3617278360175928,MPN/mL; RIF concentration not recorded in deposit,154,IS70,2300000.0,0.025,0.06,IS,15.0,0M,Medium,Medium
vijay2024_elife93243,M. tuberculosis,culture_age_30d,30.0,rifampicin,,,,vijay_154_age30d,6.361727836017593,5.0,5.361727836017593,False,1.3617278360175928,MPN/mL; RIF concentration not recorded in deposit,154,IS70,230000.0,0.025,0.06,IS,15.0,0M,Medium,Medium
vijay2024_elife93243,M. tuberculosis,culture_age_30d,30.0,rifampicin,,,,vijay_155_age30d,7.361727836017593,0.0,7.361727836017593,False,1.3617278360175928,MPN/mL; RIF concentration not recorded in deposit,155,IS71,23000000.0,0.025,0.06,IS,15.0,0M,Medium,High
vijay2024_elife93243,M. tuberculosis,culture_age_30d,30.0,rifampicin,,,,vijay_155_age30d,7.361727836017593,2.0,7.361727836017593,False,1.3617278360175928,MPN/mL; RIF concentration not recorded in deposit,155,IS71,23000000.0,0.025,0.06,IS,15.0,0M,Medium,High
vijay2024_elife93243,M. tuberculosis,culture_age_30d,30.0,rifampicin,,,,vijay_155_age30d,7.361727836017593,5.0,5.361727836017593,False,1.3617278360175928,MPN/mL; RIF concentration not recorded in deposit,155,IS71,230000.0,0.025,0.06,IS,15.0,0M,Medium,High
vijay2024_elife93243,M. tuberculosis,culture_age_30d,30.0,rifampicin,,,,vijay_156_age30d,7.361727836017593,0.0,7.361727836017593,False,1.3617278360175928,MPN/mL; RIF concentration not recorded in deposit,156,IS72,23000000.0,0.025,0.06,IS,19.0,0M,Low,Low
vijay2024_elife93243,M. tuberculosis,culture_age_30d,30.0,rifampicin,,,,vijay_156_age30d,7.361727836017593,2.0,5.361727836017593,False,1.3617278360175928,MPN/mL; RIF concentration not recorded in deposit,156,IS72,230000.0,0.025,0.06,IS,19.0,0M,Low,Low
vijay2024_elife93243,M. tuberculosis,culture_age_30d,30.0,rifampicin,,,,vijay_156_age30d,7.361727836017593,5.0,3.361727836017593,False,1.3617278360175928,MPN/mL; RIF concentration not recorded in deposit,156,IS72,2300.0,0.025,0.06,IS,19.0,0M,Low,Low
vijay2024_elife93243,M. tuberculosis,culture_age_30d,30.0,rifampicin,,,,vijay_157_age30d,6.361727836017593,0.0,6.361727836017593,False,1.3617278360175928,MPN/mL; RIF concentration not recorded in deposit,157,IS73,2300000.0,0.025,0.06,IS,22.0,0M,Medium,Low
vijay2024_elife93243,M. tuberculosis,culture_age_30d,30.0,rifampicin,,,,vijay_157_age30d,6.361727836017593,2.0,5.785329835010767,False,1.3617278360175928,MPN/mL; RIF concentration not recorded in deposit,157,IS73,610000.0,0.025,0.06,IS,22.0,0M,Medium,Low
vijay2024_elife93243,M. tuberculosis,culture_age_30d,30.0,rifampicin,,,,vijay_157_age30d,6.361727836017593,5.0,5.361727836017593,False,1.3617278360175928,MPN/mL; RIF concentration not recorded in deposit,157,IS73,230000.0,0.025,0.06,IS,22.0,0M,Medium,Low
vijay2024_elife93243,M. tuberculosis,culture_age_30d,30.0,rifampicin,,,,vijay_158_age30d,7.361727836017593,0.0,7.361727836017593,False,1.3617278360175928,MPN/mL; RIF concentration not recorded in deposit,158,IS74,23000000.0,0.025,0.06,IS,19.0,0M,Medium,Medium
vijay2024_elife93243,M. tuberculosis,culture_age_30d,30.0,rifampicin,,,,vijay_158_age30d,7.361727836017593,2.0,6.785329835010767,False,1.3617278360175928,MPN/mL; RIF concentration not recorded in deposit,158,IS74,6100000.0,0.025,0.06,IS,19.0,0M,Medium,Medium
vijay2024_elife93243,M. tuberculosis,culture_age_30d,30.0,rifampicin,,,,vijay_158_age30d,7.361727836017593,5.0,5.361727836017593,False,1.3617278360175928,MPN/mL; RIF concentration not recorded in deposit,158,IS74,230000.0,0.025,0.06,IS,19.0,0M,Medium,Medium
vijay2024_elife93243,M. tuberculosis,culture_age_30d,30.0,rifampicin,,,,vijay_159_age30d,7.785329835010767,0.0,7.785329835010767,False,1.3617278360175928,MPN/mL; RIF concentration not recorded in deposit,159,IS75,61000000.0,0.025,0.06,IS,15.0,0M,Low,Medium
vijay2024_elife93243,M. tuberculosis,culture_age_30d,30.0,rifampicin,,,,vijay_159_age30d,7.785329835010767,2.0,6.785329835010767,False,1.3617278360175928,MPN/mL; RIF concentration not recorded in deposit,159,IS75,6100000.0,0.025,0.06,IS,15.0,0M,Low,Medium
vijay2024_elife93243,M. tuberculosis,culture_age_30d,30.0,rifampicin,,,,vijay_159_age30d,7.785329835010767,5.0,5.361727836017593,False,1.3617278360175928,MPN/mL; RIF concentration not recorded in deposit,159,IS75,230000.0,0.025,0.06,IS,15.0,0M,Low,Medium
vijay2024_elife93243,M. tuberculosis,culture_age_30d,30.0,rifampicin,,,,vijay_160_age30d,7.785329835010767,0.0,7.785329835010767,False,1.3617278360175928,MPN/mL; RIF concentration not recorded in deposit,160,IS76,61000000.0,0.025,0.06,IS,19.0,0M,Medium,Medium
vijay2024_elife93243,M. tuberculosis,culture_age_30d,30.0,rifampicin,,,,vijay_160_age30d,7.785329835010767,2.0,4.361727836017593,False,1.3617278360175928,MPN/mL; RIF concentration not recorded in deposit,160,IS76,23000.0,0.025,0.06,IS,19.0,0M,Medium,Medium
vijay2024_elife93243,M. tuberculosis,culture_age_30d,30.0,rifampicin,,,,vijay_160_age30d,7.785329835010767,5.0,3.785329835010767,False,1.3617278360175928,MPN/mL; RIF concentration not recorded in deposit,160,IS76,6100.0,0.025,0.06,IS,19.0,0M,Medium,Medium
vijay2024_elife93243,M. tuberculosis,culture_age_30d,30.0,rifampicin,,,,vijay_161_age30d,6.361727836017593,0.0,6.361727836017593,False,1.3617278360175928,MPN/mL; RIF concentration not recorded in deposit,161,IS77,2300000.0,0.025,0.25,IS,15.0,0M,Low,Medium
vijay2024_elife93243,M. tuberculosis,culture_age_30d,30.0,rifampicin,,,,vijay_161_age30d,6.361727836017593,2.0,5.785329835010767,False,1.3617278360175928,MPN/mL; RIF concentration not recorded in deposit,161,IS77,610000.0,0.025,0.25,IS,15.0,0M,Low,Medium
vijay2024_elife93243,M. tuberculosis,culture_age_30d,30.0,rifampicin,,,,vijay_161_age30d,6.361727836017593,5.0,4.361727836017593,False,1.3617278360175928,MPN/mL; RIF concentration not recorded in deposit,161,IS77,23000.0,0.025,0.25,IS,15.0,0M,Low,Medium
vijay2024_elife93243,M. tuberculosis,culture_age_30d,30.0,rifampicin,,,,vijay_162_age30d,7.785329835010767,0.0,7.785329835010767,False,1.3617278360175928,MPN/mL; RIF concentration not recorded in deposit,162,IS78,61000000.0,0.025,0.06,IS,19.0,0M,Medium,Medium
vijay2024_elife93243,M. tuberculosis,culture_age_30d,30.0,rifampicin,,,,vijay_162_age30d,7.785329835010767,2.0,5.785329835010767,False,1.3617278360175928,MPN/mL; RIF concentration not recorded in deposit,162,IS78,610000.0,0.025,0.06,IS,19.0,0M,Medium,Medium
vijay2024_elife93243,M. tuberculosis,culture_age_30d,30.0,rifampicin,,,,vijay_162_age30d,7.785329835010767,5.0,5.785329835010767,False,1.3617278360175928,MPN/mL; RIF concentration not recorded in deposit,162,IS78,610000.0,0.025,0.06,IS,19.0,0M,Medium,Medium
vijay2024_elife93243,M. tuberculosis,culture_age_30d,30.0,rifampicin,,,,vijay_163_age30d,6.361727836017593,0.0,6.361727836017593,False,1.3617278360175928,MPN/mL; RIF concentration not recorded in deposit,163,IS79,2300000.0,0.05,0.06,IS,19.0,0M,Medium,Medium
vijay2024_elife93243,M. tuberculosis,culture_age_30d,30.0,rifampicin,,,,vijay_163_age30d,6.361727836017593,2.0,5.361727836017593,False,1.3617278360175928,MPN/mL; RIF concentration not recorded in deposit,163,IS79,230000.0,0.05,0.06,IS,19.0,0M,Medium,Medium
vijay2024_elife93243,M. tuberculosis,culture_age_30d,30.0,rifampicin,,,,vijay_163_age30d,6.361727836017593,5.0,4.785329835010767,False,1.3617278360175928,MPN/mL; RIF concentration not recorded in deposit,163,IS79,61000.0,0.05,0.06,IS,19.0,0M,Medium,Medium
vijay2024_elife93243,M. tuberculosis,culture_age_30d,30.0,rifampicin,,,,vijay_164_age30d,7.361727836017593,0.0,7.361727836017593,False,1.3617278360175928,MPN/mL; RIF concentration not recorded in deposit,164,IS80,23000000.0,0.05,0.12,IS,12.0,0M,Medium,High
vijay2024_elife93243,M. tuberculosis,culture_age_30d,30.0,rifampicin,,,,vijay_164_age30d,7.361727836017593,2.0,6.361727836017593,False,1.3617278360175928,MPN/mL; RIF concentration not recorded in deposit,164,IS80,2300000.0,0.05,0.12,IS,12.0,0M,Medium,High
vijay2024_elife93243,M. tuberculosis,culture_age_30d,30.0,rifampicin,,,,vijay_164_age30d,7.361727836017593,5.0,6.785329835010767,False,1.3617278360175928,MPN/mL; RIF concentration not recorded in deposit,164,IS80,6100000.0,0.05,0.12,IS,12.0,0M,Medium,High
vijay2024_elife93243,M. tuberculosis,culture_age_30d,30.0,rifampicin,,,,vijay_165_age30d,6.361727836017593,0.0,6.361727836017593,False,1.3617278360175928,MPN/mL; RIF concentration not recorded in deposit,165,IS81,2300000.0,0.05,0.12,IS,15.0,0M,Low,Medium
vijay2024_elife93243,M. tuberculosis,culture_age_30d,30.0,rifampicin,,,,vijay_165_age30d,6.361727836017593,2.0,4.785329835010767,False,1.3617278360175928,MPN/mL; RIF concentration not recorded in deposit,165,IS81,61000.0,0.05,0.12,IS,15.0,0M,Low,Medium
vijay2024_elife93243,M. tuberculosis,culture_age_30d,30.0,rifampicin,,,,vijay_165_age30d,6.361727836017593,5.0,3.785329835010767,False,1.3617278360175928,MPN/mL; RIF concentration not recorded in deposit,165,IS81,6100.0,0.05,0.12,IS,15.0,0M,Low,Medium
vijay2024_elife93243,M. tuberculosis,culture_age_30d,30.0,rifampicin,,,,vijay_166_age30d,7.785329835010767,0.0,7.785329835010767,False,1.3617278360175928,MPN/mL; RIF concentration not recorded in deposit,166,IS82,61000000.0,0.025,0.12,IS,19.0,0M,Low,Medium
vijay2024_elife93243,M. tuberculosis,culture_age_30d,30.0,rifampicin,,,,vijay_166_age30d,7.785329835010767,2.0,6.361727836017593,False,1.3617278360175928,MPN/mL; RIF concentration not recorded in deposit,166,IS82,2300000.0,0.025,0.12,IS,19.0,0M,Low,Medium
vijay2024_elife93243,M. tuberculosis,culture_age_30d,30.0,rifampicin,,,,vijay_166_age30d,7.785329835010767,5.0,5.361727836017593,False,1.3617278360175928,MPN/mL; RIF concentration not recorded in deposit,166,IS82,230000.0,0.025,0.12,IS,19.0,0M,Low,Medium
vijay2024_elife93243,M. tuberculosis,culture_age_30d,30.0,rifampicin,,,,vijay_167_age30d,4.785329835010767,0.0,4.785329835010767,False,1.3617278360175928,MPN/mL; RIF concentration not recorded in deposit,167,IS83,61000.0,0.025,0.12,IS,15.0,0M,Medium,Low
vijay2024_elife93243,M. tuberculosis,culture_age_30d,30.0,rifampicin,,,,vijay_167_age30d,4.785329835010767,2.0,4.361727836017593,False,1.3617278360175928,MPN/mL; RIF concentration not recorded in deposit,167,IS83,23000.0,0.025,0.12,IS,15.0,0M,Medium,Low
vijay2024_elife93243,M. tuberculosis,culture_age_30d,30.0,rifampicin,,,,vijay_167_age30d,4.785329835010767,5.0,3.361727836017593,False,1.3617278360175928,MPN/mL; RIF concentration not recorded in deposit,167,IS83,2300.0,0.025,0.12,IS,15.0,0M,Medium,Low
vijay2024_elife93243,M. tuberculosis,culture_age_30d,30.0,rifampicin,,,,vijay_168_age30d,7.361727836017593,0.0,7.361727836017593,False,1.3617278360175928,MPN/mL; RIF concentration not recorded in deposit,168,IS84,23000000.0,0.05,0.25,IS,15.0,0M,Medium,Medium
vijay2024_elife93243,M. tuberculosis,culture_age_30d,30.0,rifampicin,,,,vijay_168_age30d,7.361727836017593,2.0,6.361727836017593,False,1.3617278360175928,MPN/mL; RIF concentration not recorded in deposit,168,IS84,2300000.0,0.05,0.25,IS,15.0,0M,Medium,Medium
vijay2024_elife93243,M. tuberculosis,culture_age_30d,30.0,rifampicin,,,,vijay_168_age30d,7.361727836017593,5.0,5.785329835010767,False,1.3617278360175928,MPN/mL; RIF concentration not recorded in deposit,168,IS84,610000.0,0.05,0.25,IS,15.0,0M,Medium,Medium
vijay2024_elife93243,M. tuberculosis,culture_age_30d,30.0,rifampicin,,,,vijay_169_age30d,7.361727836017593,0.0,7.361727836017593,False,1.3617278360175928,MPN/mL; RIF concentration not recorded in deposit,169,IS85,23000000.0,0.025,0.06,IS,19.0,0M,Medium,Medium
vijay2024_elife93243,M. tuberculosis,culture_age_30d,30.0,rifampicin,,,,vijay_169_age30d,7.361727836017593,2.0,5.361727836017593,False,1.3617278360175928,MPN/mL; RIF concentration not recorded in deposit,169,IS85,230000.0,0.025,0.06,IS,19.0,0M,Medium,Medium
vijay2024_elife93243,M. tuberculosis,culture_age_30d,30.0,rifampicin,,,,vijay_169_age30d,7.361727836017593,5.0,4.785329835010767,False,1.3617278360175928,MPN/mL; RIF concentration not recorded in deposit,169,IS85,61000.0,0.025,0.06,IS,19.0,0M,Medium,Medium
vijay2024_elife93243,M. tuberculosis,culture_age_30d,30.0,rifampicin,,,,vijay_170_age30d,8.361727836017593,0.0,8.361727836017593,False,1.3617278360175928,MPN/mL; RIF concentration not recorded in deposit,170,IS86,230000000.0,0.05,0.12,IS,12.0,0M,Medium,Medium
vijay2024_elife93243,M. tuberculosis,culture_age_30d,30.0,rifampicin,,,,vijay_170_age30d,8.361727836017593,2.0,6.785329835010767,False,1.3617278360175928,MPN/mL; RIF concentration not recorded in deposit,170,IS86,6100000.0,0.05,0.12,IS,12.0,0M,Medium,Medium
vijay2024_elife93243,M. tuberculosis,culture_age_30d,30.0,rifampicin,,,,vijay_170_age30d,8.361727836017593,5.0,6.361727836017593,False,1.3617278360175928,MPN/mL; RIF concentration not recorded in deposit,170,IS86,2300000.0,0.05,0.12,IS,12.0,0M,Medium,Medium
vijay2024_elife93243,M. tuberculosis,culture_age_30d,30.0,rifampicin,,,,vijay_171_age30d,7.361727836017593,0.0,7.361727836017593,False,1.3617278360175928,MPN/mL; RIF concentration not recorded in deposit,171,IS87,23000000.0,0.025,0.12,IS,15.0,0M,Low,Medium
vijay2024_elife93243,M. tuberculosis,culture_age_30d,30.0,rifampicin,,,,vijay_171_age30d,7.361727836017593,2.0,7.361727836017593,False,1.3617278360175928,MPN/mL; RIF concentration not recorded in deposit,171,IS87,23000000.0,0.025,0.12,IS,15.0,0M,Low,Medium
vijay2024_elife93243,M. tuberculosis,culture_age_30d,30.0,rifampicin,,,,vijay_171_age30d,7.361727836017593,5.0,5.785329835010767,False,1.3617278360175928,MPN/mL; RIF concentration not recorded in deposit,171,IS87,610000.0,0.025,0.12,IS,15.0,0M,Low,Medium
vijay2024_elife93243,M. tuberculosis,culture_age_30d,30.0,rifampicin,,,,vijay_172_age30d,7.361727836017593,0.0,7.361727836017593,False,1.3617278360175928,MPN/mL; RIF concentration not recorded in deposit,172,IS88,23000000.0,0.025,0.06,IS,19.0,0M,Medium,Medium
vijay2024_elife93243,M. tuberculosis,culture_age_30d,30.0,rifampicin,,,,vijay_172_age30d,7.361727836017593,2.0,5.361727836017593,False,1.3617278360175928,MPN/mL; RIF concentration not recorded in deposit,172,IS88,230000.0,0.025,0.06,IS,19.0,0M,Medium,Medium
vijay2024_elife93243,M. tuberculosis,culture_age_30d,30.0,rifampicin,,,,vijay_172_age30d,7.361727836017593,5.0,5.361727836017593,False,1.3617278360175928,MPN/mL; RIF concentration not recorded in deposit,172,IS88,230000.0,0.025,0.06,IS,19.0,0M,Medium,Medium
vijay2024_elife93243,M. tuberculosis,culture_age_30d,30.0,rifampicin,,,,vijay_173_age30d,8.361727836017593,0.0,8.361727836017593,False,1.3617278360175928,MPN/mL; RIF concentration not recorded in deposit,173,IS89,230000000.0,0.05,0.06,IS,19.0,0M,Medium,Medium
vijay2024_elife93243,M. tuberculosis,culture_age_30d,30.0,rifampicin,,,,vijay_173_age30d,8.361727836017593,2.0,5.361727836017593,False,1.3617278360175928,MPN/mL; RIF concentration not recorded in deposit,173,IS89,230000.0,0.05,0.06,IS,19.0,0M,Medium,Medium
vijay2024_elife93243,M. tuberculosis,culture_age_30d,30.0,rifampicin,,,,vijay_173_age30d,8.361727836017593,5.0,5.361727836017593,False,1.3617278360175928,MPN/mL; RIF concentration not recorded in deposit,173,IS89,230000.0,0.05,0.06,IS,19.0,0M,Medium,Medium
vijay2024_elife93243,M. tuberculosis,culture_age_30d,30.0,rifampicin,,,,vijay_174_age30d,7.785329835010767,0.0,7.785329835010767,False,1.3617278360175928,MPN/mL; RIF concentration not recorded in deposit,174,IS90,61000000.0,0.025,0.06,IS,15.0,0M,Medium,Medium
vijay2024_elife93243,M. tuberculosis,culture_age_30d,30.0,rifampicin,,,,vijay_174_age30d,7.785329835010767,2.0,6.785329835010767,False,1.3617278360175928,MPN/mL; RIF concentration not recorded in deposit,174,IS90,6100000.0,0.025,0.06,IS,15.0,0M,Medium,Medium
vijay2024_elife93243,M. tuberculosis,culture_age_30d,30.0,rifampicin,,,,vijay_174_age30d,7.785329835010767,5.0,5.785329835010767,False,1.3617278360175928,MPN/mL; RIF concentration not recorded in deposit,174,IS90,610000.0,0.025,0.06,IS,15.0,0M,Medium,Medium
vijay2024_elife93243,M. tuberculosis,culture_age_30d,30.0,rifampicin,,,,vijay_175_age30d,7.785329835010767,0.0,7.785329835010767,False,1.3617278360175928,MPN/mL; RIF concentration not recorded in deposit,175,IS91,61000000.0,0.025,0.25,IS,15.0,0M,Medium,Medium
vijay2024_elife93243,M. tuberculosis,culture_age_30d,30.0,rifampicin,,,,vijay_175_age30d,7.785329835010767,2.0,6.361727836017593,False,1.3617278360175928,MPN/mL; RIF concentration not recorded in deposit,175,IS91,2300000.0,0.025,0.25,IS,15.0,0M,Medium,Medium
vijay2024_elife93243,M. tuberculosis,culture_age_30d,30.0,rifampicin,,,,vijay_175_age30d,7.785329835010767,5.0,5.361727836017593,False,1.3617278360175928,MPN/mL; RIF concentration not recorded in deposit,175,IS91,230000.0,0.025,0.25,IS,15.0,0M,Medium,Medium
vijay2024_elife93243,M. tuberculosis,culture_age_30d,30.0,rifampicin,,,,vijay_176_age30d,4.785329835010767,0.0,4.785329835010767,False,1.3617278360175928,MPN/mL; RIF concentration not recorded in deposit,176,IS92,61000.0,0.05,0.25,IS,37.0,0M,Medium,Low
vijay2024_elife93243,M. tuberculosis,culture_age_30d,30.0,rifampicin,,,,vijay_176_age30d,4.785329835010767,2.0,3.361727836017593,False,1.3617278360175928,MPN/mL; RIF concentration not recorded in deposit,176,IS92,2300.0,0.05,0.25,IS,37.0,0M,Medium,Low
vijay2024_elife93243,M. tuberculosis,culture_age_30d,30.0,rifampicin,,,,vijay_176_age30d,4.785329835010767,5.0,2.361727836017593,False,1.3617278360175928,MPN/mL; RIF concentration not recorded in deposit,176,IS92,230.0,0.05,0.25,IS,37.0,0M,Medium,Low
vijay2024_elife93243,M. tuberculosis,culture_age_30d,30.0,rifampicin,,,,vijay_177_age30d,8.113943352306837,0.0,8.113943352306837,False,1.3617278360175928,MPN/mL; RIF concentration not recorded in deposit,177,IS93,130000000.0,0.05,0.12,IS,15.0,0M,Low,Medium
vijay2024_elife93243,M. tuberculosis,culture_age_30d,30.0,rifampicin,,,,vijay_177_age30d,8.113943352306837,2.0,6.785329835010767,False,1.3617278360175928,MPN/mL; RIF concentration not recorded in deposit,177,IS93,6100000.0,0.05,0.12,IS,15.0,0M,Low,Medium
vijay2024_elife93243,M. tuberculosis,culture_age_30d,30.0,rifampicin,,,,vijay_177_age30d,8.113943352306837,5.0,5.785329835010767,False,1.3617278360175928,MPN/mL; RIF concentration not recorded in deposit,177,IS93,610000.0,0.05,0.12,IS,15.0,0M,Low,Medium
vijay2024_elife93243,M. tuberculosis,culture_age_30d,30.0,rifampicin,,,,vijay_178_age30d,8.361727836017593,0.0,8.361727836017593,False,1.3617278360175928,MPN/mL; RIF concentration not recorded in deposit,178,IS94,230000000.0,0.025,0.12,IS,19.0,0M,Medium,Medium
vijay2024_elife93243,M. tuberculosis,culture_age_30d,30.0,rifampicin,,,,vijay_178_age30d,8.361727836017593,2.0,5.785329835010767,False,1.3617278360175928,MPN/mL; RIF concentration not recorded in deposit,178,IS94,610000.0,0.025,0.12,IS,19.0,0M,Medium,Medium
vijay2024_elife93243,M. tuberculosis,culture_age_30d,30.0,rifampicin,,,,vijay_178_age30d,8.361727836017593,5.0,6.785329835010767,False,1.3617278360175928,MPN/mL; RIF concentration not recorded in deposit,178,IS94,6100000.0,0.025,0.12,IS,19.0,0M,Medium,Medium
vijay2024_elife93243,M. tuberculosis,culture_age_30d,30.0,rifampicin,,,,vijay_179_age30d,7.361727836017593,0.0,7.361727836017593,False,1.3617278360175928,MPN/mL; RIF concentration not recorded in deposit,179,IS95,23000000.0,0.05,0.12,IS,13.0,0M,Low,Low
vijay2024_elife93243,M. tuberculosis,culture_age_30d,30.0,rifampicin,,,,vijay_179_age30d,7.361727836017593,2.0,6.785329835010767,False,1.3617278360175928,MPN/mL; RIF concentration not recorded in deposit,179,IS95,6100000.0,0.05,0.12,IS,13.0,0M,Low,Low
vijay2024_elife93243,M. tuberculosis,culture_age_30d,30.0,rifampicin,,,,vijay_179_age30d,7.361727836017593,5.0,2.361727836017593,False,1.3617278360175928,MPN/mL; RIF concentration not recorded in deposit,179,IS95,230.0,0.05,0.12,IS,13.0,0M,Low,Low
vijay2024_elife93243,M. tuberculosis,culture_age_30d,30.0,rifampicin,,,,vijay_180_age30d,7.361727836017593,0.0,7.361727836017593,False,1.3617278360175928,MPN/mL; RIF concentration not recorded in deposit,180,IS96,23000000.0,0.05,0.06,IS,13.0,0M,Low,Low
vijay2024_elife93243,M. tuberculosis,culture_age_30d,30.0,rifampicin,,,,vijay_180_age30d,7.361727836017593,2.0,5.361727836017593,False,1.3617278360175928,MPN/mL; RIF concentration not recorded in deposit,180,IS96,230000.0,0.05,0.06,IS,13.0,0M,Low,Low
vijay2024_elife93243,M. tuberculosis,culture_age_30d,30.0,rifampicin,,,,vijay_180_age30d,7.361727836017593,5.0,2.361727836017593,False,1.3617278360175928,MPN/mL; RIF concentration not recorded in deposit,180,IS96,230.0,0.05,0.06,IS,13.0,0M,Low,Low
vijay2024_elife93243,M. tuberculosis,culture_age_30d,30.0,rifampicin,,,,vijay_181_age30d,7.361727836017593,0.0,7.361727836017593,False,1.3617278360175928,MPN/mL; RIF concentration not recorded in deposit,181,IS97,23000000.0,0.05,0.06,IS,19.0,0M,Medium,Medium
vijay2024_elife93243,M. tuberculosis,culture_age_30d,30.0,rifampicin,,,,vijay_181_age30d,7.361727836017593,2.0,5.785329835010767,False,1.3617278360175928,MPN/mL; RIF concentration not recorded in deposit,181,IS97,610000.0,0.05,0.06,IS,19.0,0M,Medium,Medium
vijay2024_elife93243,M. tuberculosis,culture_age_30d,30.0,rifampicin,,,,vijay_181_age30d,7.361727836017593,5.0,5.785329835010767,False,1.3617278360175928,MPN/mL; RIF concentration not recorded in deposit,181,IS97,610000.0,0.05,0.06,IS,19.0,0M,Medium,Medium
vijay2024_elife93243,M. tuberculosis,culture_age_30d,30.0,rifampicin,,,,vijay_182_age30d,7.361727836017593,0.0,7.361727836017593,False,1.3617278360175928,MPN/mL; RIF concentration not recorded in deposit,182,IS98,23000000.0,0.05,0.25,IS,13.0,0M,Low,Low
vijay2024_elife93243,M. tuberculosis,culture_age_30d,30.0,rifampicin,,,,vijay_182_age30d,7.361727836017593,2.0,5.785329835010767,False,1.3617278360175928,MPN/mL; RIF concentration not recorded in deposit,182,IS98,610000.0,0.05,0.25,IS,13.0,0M,Low,Low
vijay2024_elife93243,M. tuberculosis,culture_age_30d,30.0,rifampicin,,,,vijay_182_age30d,7.361727836017593,5.0,2.361727836017593,False,1.3617278360175928,MPN/mL; RIF concentration not recorded in deposit,182,IS98,230.0,0.05,0.25,IS,13.0,0M,Low,Low
vijay2024_elife93243,M. tuberculosis,culture_age_30d,30.0,rifampicin,,,,vijay_183_age30d,5.361727836017593,0.0,5.361727836017593,False,1.3617278360175928,MPN/mL; RIF concentration not recorded in deposit,183,IS99,230000.0,0.025,0.12,IS,23.0,0M,Medium,Medium
vijay2024_elife93243,M. tuberculosis,culture_age_30d,30.0,rifampicin,,,,vijay_183_age30d,5.361727836017593,2.0,3.361727836017593,False,1.3617278360175928,MPN/mL; RIF concentration not recorded in deposit,183,IS99,2300.0,0.025,0.12,IS,23.0,0M,Medium,Medium
vijay2024_elife93243,M. tuberculosis,culture_age_30d,30.0,rifampicin,,,,vijay_183_age30d,5.361727836017593,5.0,3.785329835010767,False,1.3617278360175928,MPN/mL; RIF concentration not recorded in deposit,183,IS99,6100.0,0.025,0.12,IS,23.0,0M,Medium,Medium
vijay2024_elife93243,M. tuberculosis,culture_age_30d,30.0,rifampicin,,,,vijay_184_age30d,7.361727836017593,0.0,7.361727836017593,False,1.3617278360175928,MPN/mL; RIF concentration not recorded in deposit,184,IS100,23000000.0,0.05,0.12,IS,15.0,0M,Medium,Medium
vijay2024_elife93243,M. tuberculosis,culture_age_30d,30.0,rifampicin,,,,vijay_184_age30d,7.361727836017593,2.0,6.785329835010767,False,1.3617278360175928,MPN/mL; RIF concentration not recorded in deposit,184,IS100,6100000.0,0.05,0.12,IS,15.0,0M,Medium,Medium
vijay2024_elife93243,M. tuberculosis,culture_age_30d,30.0,rifampicin,,,,vijay_184_age30d,7.361727836017593,5.0,5.361727836017593,False,1.3617278360175928,MPN/mL; RIF concentration not recorded in deposit,184,IS100,230000.0,0.05,0.12,IS,15.0,0M,Medium,Medium
vijay2024_elife93243,M. tuberculosis,culture_age_30d,30.0,rifampicin,,,,vijay_185_age30d,7.785329835010767,0.0,7.785329835010767,False,1.3617278360175928,MPN/mL; RIF concentration not recorded in deposit,185,IS101,61000000.0,0.025,0.06,IS,13.0,0M,Medium,Medium
vijay2024_elife93243,M. tuberculosis,culture_age_30d,30.0,rifampicin,,,,vijay_185_age30d,7.785329835010767,2.0,7.361727836017593,False,1.3617278360175928,MPN/mL; RIF concentration not recorded in deposit,185,IS101,23000000.0,0.025,0.06,IS,13.0,0M,Medium,Medium
vijay2024_elife93243,M. tuberculosis,culture_age_30d,30.0,rifampicin,,,,vijay_185_age30d,7.785329835010767,5.0,6.361727836017593,False,1.3617278360175928,MPN/mL; RIF concentration not recorded in deposit,185,IS101,2300000.0,0.025,0.06,IS,13.0,0M,Medium,Medium
vijay2024_elife93243,M. tuberculosis,culture_age_30d,30.0,rifampicin,,,,vijay_186_age30d,8.361727836017593,0.0,8.361727836017593,False,1.3617278360175928,MPN/mL; RIF concentration not recorded in deposit,186,IS102,230000000.0,0.025,0.12,IS,13.0,0M,Low,Low
vijay2024_elife93243,M. tuberculosis,culture_age_30d,30.0,rifampicin,,,,vijay_186_age30d,8.361727836017593,2.0,7.361727836017593,False,1.3617278360175928,MPN/mL; RIF concentration not recorded in deposit,186,IS102,23000000.0,0.025,0.12,IS,13.0,0M,Low,Low
vijay2024_elife93243,M. tuberculosis,culture_age_30d,30.0,rifampicin,,,,vijay_186_age30d,8.361727836017593,5.0,3.361727836017593,False,1.3617278360175928,MPN/mL; RIF concentration not recorded in deposit,186,IS102,2300.0,0.025,0.12,IS,13.0,0M,Low,Low
vijay2024_elife93243,M. tuberculosis,culture_age_30d,30.0,rifampicin,,,,vijay_187_age30d,7.785329835010767,0.0,7.785329835010767,False,1.3617278360175928,MPN/mL; RIF concentration not recorded in deposit,187,IS103,61000000.0,0.05,0.06,IS,19.0,0M,High,Medium
vijay2024_elife93243,M. tuberculosis,culture_age_30d,30.0,rifampicin,,,,vijay_187_age30d,7.785329835010767,2.0,5.785329835010767,False,1.3617278360175928,MPN/mL; RIF concentration not recorded in deposit,187,IS103,610000.0,0.05,0.06,IS,19.0,0M,High,Medium
vijay2024_elife93243,M. tuberculosis,culture_age_30d,30.0,rifampicin,,,,vijay_187_age30d,7.785329835010767,5.0,6.361727836017593,False,1.3617278360175928,MPN/mL; RIF concentration not recorded in deposit,187,IS103,2300000.0,0.05,0.06,IS,19.0,0M,High,Medium
vijay2024_elife93243,M. tuberculosis,culture_age_30d,30.0,rifampicin,,,,vijay_188_age30d,4.785329835010767,0.0,4.785329835010767,False,1.3617278360175928,MPN/mL; RIF concentration not recorded in deposit,188,IS104,61000.0,0.025,0.06,IS,29.0,0M,Medium,Low
vijay2024_elife93243,M. tuberculosis,culture_age_30d,30.0,rifampicin,,,,vijay_188_age30d,4.785329835010767,2.0,3.785329835010767,False,1.3617278360175928,MPN/mL; RIF concentration not recorded in deposit,188,IS104,6100.0,0.025,0.06,IS,29.0,0M,Medium,Low
vijay2024_elife93243,M. tuberculosis,culture_age_30d,30.0,rifampicin,,,,vijay_188_age30d,4.785329835010767,5.0,2.361727836017593,False,1.3617278360175928,MPN/mL; RIF concentration not recorded in deposit,188,IS104,230.0,0.025,0.06,IS,29.0,0M,Medium,Low
vijay2024_elife93243,M. tuberculosis,culture_age_30d,30.0,rifampicin,,,,vijay_189_age30d,7.361727836017593,0.0,7.361727836017593,False,1.3617278360175928,MPN/mL; RIF concentration not recorded in deposit,189,IS105,23000000.0,0.025,0.06,IS,19.0,0M,High,Medium
vijay2024_elife93243,M. tuberculosis,culture_age_30d,30.0,rifampicin,,,,vijay_189_age30d,7.361727836017593,2.0,6.361727836017593,False,1.3617278360175928,MPN/mL; RIF concentration not recorded in deposit,189,IS105,2300000.0,0.025,0.06,IS,19.0,0M,High,Medium
vijay2024_elife93243,M. tuberculosis,culture_age_30d,30.0,rifampicin,,,,vijay_189_age30d,7.361727836017593,5.0,6.361727836017593,False,1.3617278360175928,MPN/mL; RIF concentration not recorded in deposit,189,IS105,2300000.0,0.025,0.06,IS,19.0,0M,High,Medium
vijay2024_elife93243,M. tuberculosis,culture_age_30d,30.0,rifampicin,,,,vijay_190_age30d,5.361727836017593,0.0,5.361727836017593,False,1.3617278360175928,MPN/mL; RIF concentration not recorded in deposit,190,IS106,230000.0,0.025,0.06,IS,29.0,0M,Medium,High
vijay2024_elife93243,M. tuberculosis,culture_age_30d,30.0,rifampicin,,,,vijay_190_age30d,5.361727836017593,2.0,4.361727836017593,False,1.3617278360175928,MPN/mL; RIF concentration not recorded in deposit,190,IS106,23000.0,0.025,0.06,IS,29.0,0M,Medium,High
vijay2024_elife93243,M. tuberculosis,culture_age_30d,30.0,rifampicin,,,,vijay_190_age30d,5.361727836017593,5.0,4.361727836017593,False,1.3617278360175928,MPN/mL; RIF concentration not recorded in deposit,190,IS106,23000.0,0.025,0.06,IS,29.0,0M,Medium,High
vijay2024_elife93243,M. tuberculosis,culture_age_30d,30.0,rifampicin,,,,vijay_191_age30d,4.785329835010767,0.0,4.785329835010767,False,1.3617278360175928,MPN/mL; RIF concentration not recorded in deposit,191,IS107,61000.0,0.025,0.06,IS,30.0,0M,High,High
vijay2024_elife93243,M. tuberculosis,culture_age_30d,30.0,rifampicin,,,,vijay_191_age30d,4.785329835010767,2.0,4.361727836017593,False,1.3617278360175928,MPN/mL; RIF concentration not recorded in deposit,191,IS107,23000.0,0.025,0.06,IS,30.0,0M,High,High
vijay2024_elife93243,M. tuberculosis,culture_age_30d,30.0,rifampicin,,,,vijay_191_age30d,4.785329835010767,5.0,4.361727836017593,False,1.3617278360175928,MPN/mL; RIF concentration not recorded in deposit,191,IS107,23000.0,0.025,0.06,IS,30.0,0M,High,High
vijay2024_elife93243,M. tuberculosis,culture_age_30d,30.0,rifampicin,,,,vijay_192_age30d,8.361727836017593,0.0,8.361727836017593,False,1.3617278360175928,MPN/mL; RIF concentration not recorded in deposit,192,IS108,230000000.0,0.025,0.06,IS,19.0,0M,Medium,Medium
vijay2024_elife93243,M. tuberculosis,culture_age_30d,30.0,rifampicin,,,,vijay_192_age30d,8.361727836017593,2.0,5.361727836017593,False,1.3617278360175928,MPN/mL; RIF concentration not recorded in deposit,192,IS108,230000.0,0.025,0.06,IS,19.0,0M,Medium,Medium
vijay2024_elife93243,M. tuberculosis,culture_age_30d,30.0,rifampicin,,,,vijay_192_age30d,8.361727836017593,5.0,6.361727836017593,False,1.3617278360175928,MPN/mL; RIF concentration not recorded in deposit,192,IS108,2300000.0,0.025,0.06,IS,19.0,0M,Medium,Medium
vijay2024_elife93243,M. tuberculosis,culture_age_30d,30.0,rifampicin,,,,vijay_193_age30d,7.361727836017593,0.0,7.361727836017593,False,1.3617278360175928,MPN/mL; RIF concentration not recorded in deposit,193,IS109,23000000.0,0.025,0.06,IS,19.0,0M,Medium,High
vijay2024_elife93243,M. tuberculosis,culture_age_30d,30.0,rifampicin,,,,vijay_193_age30d,7.361727836017593,2.0,5.361727836017593,False,1.3617278360175928,MPN/mL; RIF concentration not recorded in deposit,193,IS109,230000.0,0.025,0.06,IS,19.0,0M,Medium,High
vijay2024_elife93243,M. tuberculosis,culture_age_30d,30.0,rifampicin,,,,vijay_193_age30d,7.361727836017593,5.0,6.785329835010767,False,1.3617278360175928,MPN/mL; RIF concentration not recorded in deposit,193,IS109,6100000.0,0.025,0.06,IS,19.0,0M,Medium,High
vijay2024_elife93243,M. tuberculosis,culture_age_30d,30.0,rifampicin,,,,vijay_194_age30d,7.785329835010767,0.0,7.785329835010767,False,1.3617278360175928,MPN/mL; RIF concentration not recorded in deposit,194,IS110,61000000.0,0.025,0.06,IS,19.0,0M,High,Medium
vijay2024_elife93243,M. tuberculosis,culture_age_30d,30.0,rifampicin,,,,vijay_194_age30d,7.785329835010767,2.0,6.785329835010767,False,1.3617278360175928,MPN/mL; RIF concentration not recorded in deposit,194,IS110,6100000.0,0.025,0.06,IS,19.0,0M,High,Medium
vijay2024_elife93243,M. tuberculosis,culture_age_30d,30.0,rifampicin,,,,vijay_194_age30d,7.785329835010767,5.0,6.361727836017593,False,1.3617278360175928,MPN/mL; RIF concentration not recorded in deposit,194,IS110,2300000.0,0.025,0.06,IS,19.0,0M,High,Medium
vijay2024_elife93243,M. tuberculosis,culture_age_30d,30.0,rifampicin,,,,vijay_195_age30d,7.361727836017593,0.0,7.361727836017593,False,1.3617278360175928,MPN/mL; RIF concentration not recorded in deposit,195,IS111,23000000.0,0.05,0.06,IS,19.0,0M,Medium,Medium
vijay2024_elife93243,M. tuberculosis,culture_age_30d,30.0,rifampicin,,,,vijay_195_age30d,7.361727836017593,2.0,6.361727836017593,False,1.3617278360175928,MPN/mL; RIF concentration not recorded in deposit,195,IS111,2300000.0,0.05,0.06,IS,19.0,0M,Medium,Medium
vijay2024_elife93243,M. tuberculosis,culture_age_30d,30.0,rifampicin,,,,vijay_195_age30d,7.361727836017593,5.0,6.785329835010767,False,1.3617278360175928,MPN/mL; RIF concentration not recorded in deposit,195,IS111,6100000.0,0.05,0.06,IS,19.0,0M,Medium,Medium
vijay2024_elife93243,M. tuberculosis,culture_age_30d,30.0,rifampicin,,,,vijay_196_age30d,7.785329835010767,0.0,7.785329835010767,False,1.3617278360175928,MPN/mL; RIF concentration not recorded in deposit,196,IS112,61000000.0,0.05,0.06,IS,15.0,0M,Medium,Medium
vijay2024_elife93243,M. tuberculosis,culture_age_30d,30.0,rifampicin,,,,vijay_196_age30d,7.785329835010767,2.0,5.785329835010767,False,1.3617278360175928,MPN/mL; RIF concentration not recorded in deposit,196,IS112,610000.0,0.05,0.06,IS,15.0,0M,Medium,Medium
vijay2024_elife93243,M. tuberculosis,culture_age_30d,30.0,rifampicin,,,,vijay_196_age30d,7.785329835010767,5.0,5.361727836017593,False,1.3617278360175928,MPN/mL; RIF concentration not recorded in deposit,196,IS112,230000.0,0.05,0.06,IS,15.0,0M,Medium,Medium
vijay2024_elife93243,M. tuberculosis,culture_age_30d,30.0,rifampicin,,,,vijay_197_age30d,7.361727836017593,0.0,7.361727836017593,False,1.3617278360175928,MPN/mL; RIF concentration not recorded in deposit,197,IS113,23000000.0,0.025,0.06,IS,8.0,0M,Medium,Medium
vijay2024_elife93243,M. tuberculosis,culture_age_30d,30.0,rifampicin,,,,vijay_197_age30d,7.361727836017593,2.0,6.361727836017593,False,1.3617278360175928,MPN/mL; RIF concentration not recorded in deposit,197,IS113,2300000.0,0.025,0.06,IS,8.0,0M,Medium,Medium
vijay2024_elife93243,M. tuberculosis,culture_age_30d,30.0,rifampicin,,,,vijay_197_age30d,7.361727836017593,5.0,5.785329835010767,False,1.3617278360175928,MPN/mL; RIF concentration not recorded in deposit,197,IS113,610000.0,0.025,0.06,IS,8.0,0M,Medium,Medium
vijay2024_elife93243,M. tuberculosis,culture_age_30d,30.0,rifampicin,,,,vijay_198_age30d,7.785329835010767,0.0,7.785329835010767,False,1.3617278360175928,MPN/mL; RIF concentration not recorded in deposit,198,IS114,61000000.0,0.025,0.06,IS,8.0,0M,Medium,Medium
vijay2024_elife93243,M. tuberculosis,culture_age_30d,30.0,rifampicin,,,,vijay_198_age30d,7.785329835010767,2.0,6.361727836017593,False,1.3617278360175928,MPN/mL; RIF concentration not recorded in deposit,198,IS114,2300000.0,0.025,0.06,IS,8.0,0M,Medium,Medium
vijay2024_elife93243,M. tuberculosis,culture_age_30d,30.0,rifampicin,,,,vijay_198_age30d,7.785329835010767,5.0,5.361727836017593,False,1.3617278360175928,MPN/mL; RIF concentration not recorded in deposit,198,IS114,230000.0,0.025,0.06,IS,8.0,0M,Medium,Medium
vijay2024_elife93243,M. tuberculosis,culture_age_30d,30.0,rifampicin,,,,vijay_199_age30d,6.785329835010767,0.0,6.785329835010767,False,1.3617278360175928,MPN/mL; RIF concentration not recorded in deposit,199,IS115,6100000.0,0.05,0.06,IS,15.0,0M,Medium,High
vijay2024_elife93243,M. tuberculosis,culture_age_30d,30.0,rifampicin,,,,vijay_199_age30d,6.785329835010767,2.0,5.361727836017593,False,1.3617278360175928,MPN/mL; RIF concentration not recorded in deposit,199,IS115,230000.0,0.05,0.06,IS,15.0,0M,Medium,High
vijay2024_elife93243,M. tuberculosis,culture_age_30d,30.0,rifampicin,,,,vijay_199_age30d,6.785329835010767,5.0,4.690196080028514,False,1.3617278360175928,MPN/mL; RIF concentration not recorded in deposit,199,IS115,49000.0,0.05,0.06,IS,15.0,0M,Medium,High
vijay2024_elife93243,M. tuberculosis,culture_age_30d,30.0,rifampicin,,,,vijay_200_age30d,7.361727836017593,0.0,7.361727836017593,False,1.3617278360175928,MPN/mL; RIF concentration not recorded in deposit,200,IS116,23000000.0,0.025,0.06,IS,19.0,0M,High,High
vijay2024_elife93243,M. tuberculosis,culture_age_30d,30.0,rifampicin,,,,vijay_200_age30d,7.361727836017593,2.0,5.785329835010767,False,1.3617278360175928,MPN/mL; RIF concentration not recorded in deposit,200,IS116,610000.0,0.025,0.06,IS,19.0,0M,High,High
vijay2024_elife93243,M. tuberculosis,culture_age_30d,30.0,rifampicin,,,,vijay_200_age30d,7.361727836017593,5.0,5.361727836017593,False,1.3617278360175928,MPN/mL; RIF concentration not recorded in deposit,200,IS116,230000.0,0.025,0.06,IS,19.0,0M,High,High
vijay2024_elife93243,M. tuberculosis,culture_age_30d,30.0,rifampicin,,,,vijay_201_age30d,7.785329835010767,0.0,7.785329835010767,False,1.3617278360175928,MPN/mL; RIF concentration not recorded in deposit,201,IS117,61000000.0,0.025,0.06,IS,15.0,0M,Low,Medium
vijay2024_elife93243,M. tuberculosis,culture_age_30d,30.0,rifampicin,,,,vijay_201_age30d,7.785329835010767,2.0,6.785329835010767,False,1.3617278360175928,MPN/mL; RIF concentration not recorded in deposit,201,IS117,6100000.0,0.025,0.06,IS,15.0,0M,Low,Medium
vijay2024_elife93243,M. tuberculosis,culture_age_30d,30.0,rifampicin,,,,vijay_201_age30d,7.785329835010767,5.0,5.361727836017593,False,1.3617278360175928,MPN/mL; RIF concentration not recorded in deposit,201,IS117,230000.0,0.025,0.06,IS,15.0,0M,Low,Medium
vijay2024_elife93243,M. tuberculosis,culture_age_30d,30.0,rifampicin,,,,vijay_202_age30d,7.361727836017593,0.0,7.361727836017593,False,1.3617278360175928,MPN/mL; RIF concentration not recorded in deposit,202,IS118,23000000.0,0.025,0.06,IS,15.0,0M,Low,Medium
vijay2024_elife93243,M. tuberculosis,culture_age_30d,30.0,rifampicin,,,,vijay_202_age30d,7.361727836017593,2.0,5.785329835010767,False,1.3617278360175928,MPN/mL; RIF concentration not recorded in deposit,202,IS118,610000.0,0.025,0.06,IS,15.0,0M,Low,Medium
vijay2024_elife93243,M. tuberculosis,culture_age_30d,30.0,rifampicin,,,,vijay_202_age30d,7.361727836017593,5.0,5.361727836017593,False,1.3617278360175928,MPN/mL; RIF concentration not recorded in deposit,202,IS118,230000.0,0.025,0.06,IS,15.0,0M,Low,Medium
vijay2024_elife93243,M. tuberculosis,culture_age_30d,30.0,rifampicin,,,,vijay_203_age30d,6.361727836017593,0.0,6.361727836017593,False,1.3617278360175928,MPN/mL; RIF concentration not recorded in deposit,203,IS119,2300000.0,0.025,0.06,IS,19.0,0M,High,High
vijay2024_elife93243,M. tuberculosis,culture_age_30d,30.0,rifampicin,,,,vijay_203_age30d,6.361727836017593,2.0,5.361727836017593,False,1.3617278360175928,MPN/mL; RIF concentration not recorded in deposit,203,IS119,230000.0,0.025,0.06,IS,19.0,0M,High,High
vijay2024_elife93243,M. tuberculosis,culture_age_30d,30.0,rifampicin,,,,vijay_203_age30d,6.361727836017593,5.0,5.361727836017593,False,1.3617278360175928,MPN/mL; RIF concentration not recorded in deposit,203,IS119,230000.0,0.025,0.06,IS,19.0,0M,High,High
vijay2024_elife93243,M. tuberculosis,culture_age_30d,30.0,rifampicin,,,,vijay_204_age30d,7.361727836017593,0.0,7.361727836017593,False,1.3617278360175928,MPN/mL; RIF concentration not recorded in deposit,204,MDR1,23000000.0,,,MDR,19.0,24M,MDR,MDR
vijay2024_elife93243,M. tuberculosis,culture_age_30d,30.0,rifampicin,,,,vijay_204_age30d,7.361727836017593,2.0,6.361727836017593,False,1.3617278360175928,MPN/mL; RIF concentration not recorded in deposit,204,MDR1,2300000.0,,,MDR,19.0,24M,MDR,MDR
vijay2024_elife93243,M. tuberculosis,culture_age_30d,30.0,rifampicin,,,,vijay_204_age30d,7.361727836017593,5.0,7.785329835010767,False,1.3617278360175928,MPN/mL; RIF concentration not recorded in deposit,204,MDR1,61000000.0,,,MDR,19.0,24M,MDR,MDR
vijay2024_elife93243,M. tuberculosis,culture_age_30d,30.0,rifampicin,,,,vijay_205_age30d,7.361727836017593,0.0,7.361727836017593,False,1.3617278360175928,MPN/mL; RIF concentration not recorded in deposit,205,MDR2,23000000.0,,,MDR,15.0,0M,MDR,MDR
vijay2024_elife93243,M. tuberculosis,culture_age_30d,30.0,rifampicin,,,,vijay_205_age30d,7.361727836017593,2.0,7.361727836017593,False,1.3617278360175928,MPN/mL; RIF concentration not recorded in deposit,205,MDR2,23000000.0,,,MDR,15.0,0M,MDR,MDR
vijay2024_elife93243,M. tuberculosis,culture_age_30d,30.0,rifampicin,,,,vijay_205_age30d,7.361727836017593,5.0,7.361727836017593,False,1.3617278360175928,MPN/mL; RIF concentration not recorded in deposit,205,MDR2,23000000.0,,,MDR,15.0,0M,MDR,MDR
vijay2024_elife93243,M. tuberculosis,culture_age_30d,30.0,rifampicin,,,,vijay_206_age30d,7.361727836017593,0.0,7.361727836017593,False,1.3617278360175928,MPN/mL; RIF concentration not recorded in deposit,206,MDR3,23000000.0,,,MDR,19.0,1M,MDR,MDR
vijay2024_elife93243,M. tuberculosis,culture_age_30d,30.0,rifampicin,,,,vijay_206_age30d,7.361727836017593,2.0,7.361727836017593,False,1.3617278360175928,MPN/mL; RIF concentration not recorded in deposit,206,MDR3,23000000.0,,,MDR,19.0,1M,MDR,MDR
vijay2024_elife93243,M. tuberculosis,culture_age_30d,30.0,rifampicin,,,,vijay_206_age30d,7.361727836017593,5.0,7.785329835010767,False,1.3617278360175928,MPN/mL; RIF concentration not recorded in deposit,206,MDR3,61000000.0,,,MDR,19.0,1M,MDR,MDR
vijay2024_elife93243,M. tuberculosis,culture_age_30d,30.0,rifampicin,,,,vijay_207_age30d,7.785329835010767,0.0,7.785329835010767,False,1.3617278360175928,MPN/mL; RIF concentration not recorded in deposit,207,MDR4,61000000.0,,,MDR,19.0,5M,MDR,MDR
vijay2024_elife93243,M. tuberculosis,culture_age_30d,30.0,rifampicin,,,,vijay_207_age30d,7.785329835010767,2.0,7.361727836017593,False,1.3617278360175928,MPN/mL; RIF concentration not recorded in deposit,207,MDR4,23000000.0,,,MDR,19.0,5M,MDR,MDR
vijay2024_elife93243,M. tuberculosis,culture_age_30d,30.0,rifampicin,,,,vijay_207_age30d,7.785329835010767,5.0,7.785329835010767,False,1.3617278360175928,MPN/mL; RIF concentration not recorded in deposit,207,MDR4,61000000.0,,,MDR,19.0,5M,MDR,MDR
vijay2024_elife93243,M. tuberculosis,culture_age_30d,30.0,rifampicin,,,,vijay_208_age30d,7.361727836017593,0.0,7.361727836017593,False,1.3617278360175928,MPN/mL; RIF concentration not recorded in deposit,208,MDR5,23000000.0,,,MDR,19.0,0M,MDR,MDR
vijay2024_elife93243,M. tuberculosis,culture_age_30d,30.0,rifampicin,,,,vijay_208_age30d,7.361727836017593,2.0,7.361727836017593,False,1.3617278360175928,MPN/mL; RIF concentration not recorded in deposit,208,MDR5,23000000.0,,,MDR,19.0,0M,MDR,MDR
vijay2024_elife93243,M. tuberculosis,culture_age_30d,30.0,rifampicin,,,,vijay_208_age30d,7.361727836017593,5.0,7.361727836017593,False,1.3617278360175928,MPN/mL; RIF concentration not recorded in deposit,208,MDR5,23000000.0,,,MDR,19.0,0M,MDR,MDR
vijay2024_elife93243,M. tuberculosis,culture_age_30d,30.0,rifampicin,,,,vijay_209_age30d,8.361727836017593,0.0,8.361727836017593,False,1.3617278360175928,MPN/mL; RIF concentration not recorded in deposit,209,MDR6,230000000.0,,,MDR,19.0,2M,MDR,MDR
vijay2024_elife93243,M. tuberculosis,culture_age_30d,30.0,rifampicin,,,,vijay_209_age30d,8.361727836017593,2.0,5.785329835010767,False,1.3617278360175928,MPN/mL; RIF concentration not recorded in deposit,209,MDR6,610000.0,,,MDR,19.0,2M,MDR,MDR
vijay2024_elife93243,M. tuberculosis,culture_age_30d,30.0,rifampicin,,,,vijay_209_age30d,8.361727836017593,5.0,6.361727836017593,False,1.3617278360175928,MPN/mL; RIF concentration not recorded in deposit,209,MDR6,2300000.0,,,MDR,19.0,2M,MDR,MDR
vijay2024_elife93243,M. tuberculosis,culture_age_30d,30.0,rifampicin,,,,vijay_210_age30d,6.785329835010767,0.0,6.785329835010767,False,1.3617278360175928,MPN/mL; RIF concentration not recorded in deposit,210,MDR-G1,6100000.0,3.2,0.12,MDR-G,14.0,0M,MDR,MDR
vijay2024_elife93243,M. tuberculosis,culture_age_30d,30.0,rifampicin,,,,vijay_210_age30d,6.785329835010767,2.0,5.785329835010767,False,1.3617278360175928,MPN/mL; RIF concentration not recorded in deposit,210,MDR-G1,610000.0,3.2,0.12,MDR-G,14.0,0M,MDR,MDR
vijay2024_elife93243,M. tuberculosis,culture_age_30d,30.0,rifampicin,,,,vijay_210_age30d,6.785329835010767,5.0,5.361727836017593,False,1.3617278360175928,MPN/mL; RIF concentration not recorded in deposit,210,MDR-G1,230000.0,3.2,0.12,MDR-G,14.0,0M,MDR,MDR
vijay2024_elife93243,M. tuberculosis,culture_age_30d,30.0,rifampicin,,,,vijay_211_age30d,7.361727836017593,0.0,7.361727836017593,False,1.3617278360175928,MPN/mL; RIF concentration not recorded in deposit,211,MDR-G2,23000000.0,1.6,0.12,MDR-G,39.0,0M,MDR,MDR
vijay2024_elife93243,M. tuberculosis,culture_age_30d,30.0,rifampicin,,,,vijay_211_age30d,7.361727836017593,2.0,7.361727836017593,False,1.3617278360175928,MPN/mL; RIF concentration not recorded in deposit,211,MDR-G2,23000000.0,1.6,0.12,MDR-G,39.0,0M,MDR,MDR
vijay2024_elife93243,M. tuberculosis,culture_age_30d,30.0,rifampicin,,,,vijay_211_age30d,7.361727836017593,5.0,6.361727836017593,False,1.3617278360175928,MPN/mL; RIF concentration not recorded in deposit,211,MDR-G2,2300000.0,1.6,0.12,MDR-G,39.0,0M,MDR,MDR
vijay2024_elife93243,M. tuberculosis,culture_age_30d,30.0,rifampicin,,,,vijay_212_age30d,6.361727836017593,0.0,6.361727836017593,False,1.3617278360175928,MPN/mL; RIF concentration not recorded in deposit,212,MDR-G3,2300000.0,3.2,0.5,MDR-G,20.0,0M,MDR,MDR
vijay2024_elife93243,M. tuberculosis,culture_age_30d,30.0,rifampicin,,,,vijay_212_age30d,6.361727836017593,2.0,5.361727836017593,False,1.3617278360175928,MPN/mL; RIF concentration not recorded in deposit,212,MDR-G3,230000.0,3.2,0.5,MDR-G,20.0,0M,MDR,MDR
vijay2024_elife93243,M. tuberculosis,culture_age_30d,30.0,rifampicin,,,,vijay_212_age30d,6.361727836017593,5.0,5.361727836017593,False,1.3617278360175928,MPN/mL; RIF concentration not recorded in deposit,212,MDR-G3,230000.0,3.2,0.5,MDR-G,20.0,0M,MDR,MDR
vijay2024_elife93243,M. tuberculosis,culture_age_30d,30.0,rifampicin,,,,vijay_213_age30d,6.785329835010767,0.0,6.785329835010767,False,1.3617278360175928,MPN/mL; RIF concentration not recorded in deposit,213,MDR-G4,6100000.0,3.2,0.5,MDR-G,15.0,5M,MDR,MDR
vijay2024_elife93243,M. tuberculosis,culture_age_30d,30.0,rifampicin,,,,vijay_213_age30d,6.785329835010767,2.0,5.361727836017593,False,1.3617278360175928,MPN/mL; RIF concentration not recorded in deposit,213,MDR-G4,230000.0,3.2,0.5,MDR-G,15.0,5M,MDR,MDR
vijay2024_elife93243,M. tuberculosis,culture_age_30d,30.0,rifampicin,,,,vijay_213_age30d,6.785329835010767,5.0,5.361727836017593,False,1.3617278360175928,MPN/mL; RIF concentration not recorded in deposit,213,MDR-G4,230000.0,3.2,0.5,MDR-G,15.0,5M,MDR,MDR
vijay2024_elife93243,M. tuberculosis,culture_age_30d,30.0,rifampicin,,,,vijay_214_age30d,7.785329835010767,0.0,7.785329835010767,False,1.3617278360175928,MPN/mL; RIF concentration not recorded in deposit,214,MDR-G5,61000000.0,3.2,0.5,MDR-G,15.0,18M,MDR,MDR
vijay2024_elife93243,M. tuberculosis,culture_age_30d,30.0,rifampicin,,,,vijay_214_age30d,7.785329835010767,2.0,5.361727836017593,False,1.3617278360175928,MPN/mL; RIF concentration not recorded in deposit,214,MDR-G5,230000.0,3.2,0.5,MDR-G,15.0,18M,MDR,MDR
vijay2024_elife93243,M. tuberculosis,culture_age_30d,30.0,rifampicin,,,,vijay_214_age30d,7.785329835010767,5.0,5.361727836017593,False,1.3617278360175928,MPN/mL; RIF concentration not recorded in deposit,214,MDR-G5,230000.0,3.2,0.5,MDR-G,15.0,18M,MDR,MDR
vijay2024_elife93243,M. tuberculosis,culture_age_30d,30.0,rifampicin,,,,vijay_215_age30d,8.361727836017593,0.0,8.361727836017593,False,1.3617278360175928,MPN/mL; RIF concentration not recorded in deposit,215,MDR-G6,230000000.0,3.2,0.12,MDR-G,15.0,24M,MDR,MDR
vijay2024_elife93243,M. tuberculosis,culture_age_30d,30.0,rifampicin,,,,vijay_215_age30d,8.361727836017593,2.0,6.361727836017593,False,1.3617278360175928,MPN/mL; RIF concentration not recorded in deposit,215,MDR-G6,2300000.0,3.2,0.12,MDR-G,15.0,24M,MDR,MDR
vijay2024_elife93243,M. tuberculosis,culture_age_30d,30.0,rifampicin,,,,vijay_215_age30d,8.361727836017593,5.0,6.361727836017593,False,1.3617278360175928,MPN/mL; RIF concentration not recorded in deposit,215,MDR-G6,2300000.0,3.2,0.12,MDR-G,15.0,24M,MDR,MDR
vijay2024_elife93243,M. tuberculosis,culture_age_30d,30.0,rifampicin,,,,vijay_216_age30d,6.361727836017593,0.0,6.361727836017593,False,1.3617278360175928,MPN/mL; RIF concentration not recorded in deposit,216,MDR-G7,2300000.0,6.4,0.5,MDR-G,19.0,2M,MDR,MDR
vijay2024_elife93243,M. tuberculosis,culture_age_30d,30.0,rifampicin,,,,vijay_216_age30d,6.361727836017593,2.0,6.361727836017593,False,1.3617278360175928,MPN/mL; RIF concentration not recorded in deposit,216,MDR-G7,2300000.0,6.4,0.5,MDR-G,19.0,2M,MDR,MDR
vijay2024_elife93243,M. tuberculosis,culture_age_30d,30.0,rifampicin,,,,vijay_216_age30d,6.361727836017593,5.0,5.785329835010767,False,1.3617278360175928,MPN/mL; RIF concentration not recorded in deposit,216,MDR-G7,610000.0,6.4,0.5,MDR-G,19.0,2M,MDR,MDR
vijay2024_elife93243,M. tuberculosis,culture_age_30d,30.0,rifampicin,,,,vijay_217_age30d,7.361727836017593,0.0,7.361727836017593,False,1.3617278360175928,MPN/mL; RIF concentration not recorded in deposit,217,MDR-G8,23000000.0,,,MDR-G,19.0,0M,MDR,MDR
vijay2024_elife93243,M. tuberculosis,culture_age_30d,30.0,rifampicin,,,,vijay_217_age30d,7.361727836017593,2.0,6.361727836017593,False,1.3617278360175928,MPN/mL; RIF concentration not recorded in deposit,217,MDR-G8,2300000.0,,,MDR-G,19.0,0M,MDR,MDR
vijay2024_elife93243,M. tuberculosis,culture_age_30d,30.0,rifampicin,,,,vijay_217_age30d,7.361727836017593,5.0,6.361727836017593,False,1.3617278360175928,MPN/mL; RIF concentration not recorded in deposit,217,MDR-G8,2300000.0,,,MDR-G,19.0,0M,MDR,MDR
vijay2024_elife93243,M. tuberculosis,culture_age_60d,60.0,rifampicin,,,,vijay_001_age60d,7.361727836017593,0.0,7.361727836017593,False,1.3617278360175928,MPN/mL; RIF concentration not recorded in deposit,1,IR1,23000000.0,3.2,0.12,IR,13.0,0M,Medium,Low
vijay2024_elife93243,M. tuberculosis,culture_age_60d,60.0,rifampicin,,,,vijay_001_age60d,7.361727836017593,2.0,6.785329835010767,False,1.3617278360175928,MPN/mL; RIF concentration not recorded in deposit,1,IR1,6100000.0,3.2,0.12,IR,13.0,0M,Medium,Low
vijay2024_elife93243,M. tuberculosis,culture_age_60d,60.0,rifampicin,,,,vijay_001_age60d,7.361727836017593,5.0,5.113943352306837,False,1.3617278360175928,MPN/mL; RIF concentration not recorded in deposit,1,IR1,130000.0,3.2,0.12,IR,13.0,0M,Medium,Low
vijay2024_elife93243,M. tuberculosis,culture_age_60d,60.0,rifampicin,,,,vijay_002_age60d,7.361727836017593,0.0,7.361727836017593,False,1.3617278360175928,MPN/mL; RIF concentration not recorded in deposit,2,IR2,23000000.0,3.2,0.03,IR,14.0,0M,Medium,Low
vijay2024_elife93243,M. tuberculosis,culture_age_60d,60.0,rifampicin,,,,vijay_002_age60d,7.361727836017593,2.0,6.785329835010767,False,1.3617278360175928,MPN/mL; RIF concentration not recorded in deposit,2,IR2,6100000.0,3.2,0.03,IR,14.0,0M,Medium,Low
vijay2024_elife93243,M. tuberculosis,culture_age_60d,60.0,rifampicin,,,,vijay_002_age60d,7.361727836017593,5.0,4.785329835010767,False,1.3617278360175928,MPN/mL; RIF concentration not recorded in deposit,2,IR2,61000.0,3.2,0.03,IR,14.0,0M,Medium,Low
vijay2024_elife93243,M. tuberculosis,culture_age_60d,60.0,rifampicin,,,,vijay_003_age60d,6.690196080028514,0.0,6.690196080028514,False,1.3617278360175928,MPN/mL; RIF concentration not recorded in deposit,3,IR3,4900000.0,0.4,0.06,IR,11.0,0M,Medium,Medium
vijay2024_elife93243,M. tuberculosis,culture_age_60d,60.0,rifampicin,,,,vijay_003_age60d,6.690196080028514,2.0,6.361727836017593,False,1.3617278360175928,MPN/mL; RIF concentration not recorded in deposit,3,IR3,2300000.0,0.4,0.06,IR,11.0,0M,Medium,Medium
vijay2024_elife93243,M. tuberculosis,culture_age_60d,60.0,rifampicin,,,,vijay_003_age60d,6.690196080028514,5.0,5.690196080028514,False,1.3617278360175928,MPN/mL; RIF concentration not recorded in deposit,3,IR3,490000.0,0.4,0.06,IR,11.0,0M,Medium,Medium
vijay2024_elife93243,M. tuberculosis,culture_age_60d,60.0,rifampicin,,,,vijay_004_age60d,7.361727836017593,0.0,7.361727836017593,False,1.3617278360175928,MPN/mL; RIF concentration not recorded in deposit,4,IR4,23000000.0,6.4,0.06,IR,35.0,0M,Medium,Medium
vijay2024_elife93243,M. tuberculosis,culture_age_60d,60.0,rifampicin,,,,vijay_004_age60d,7.361727836017593,2.0,7.361727836017593,False,1.3617278360175928,MPN/mL; RIF concentration not recorded in deposit,4,IR4,23000000.0,6.4,0.06,IR,35.0,0M,Medium,Medium
vijay2024_elife93243,M. tuberculosis,culture_age_60d,60.0,rifampicin,,,,vijay_004_age60d,7.361727836017593,5.0,6.361727836017593,False,1.3617278360175928,MPN/mL; RIF concentration not recorded in deposit,4,IR4,2300000.0,6.4,0.06,IR,35.0,0M,Medium,Medium
vijay2024_elife93243,M. tuberculosis,culture_age_60d,60.0,rifampicin,,,,vijay_005_age60d,7.361727836017593,0.0,7.361727836017593,False,1.3617278360175928,MPN/mL; RIF concentration not recorded in deposit,5,IR5,23000000.0,3.2,0.12,IR,24.0,0M,High,Medium
vijay2024_elife93243,M. tuberculosis,culture_age_60d,60.0,rifampicin,,,,vijay_005_age60d,7.361727836017593,2.0,6.785329835010767,False,1.3617278360175928,MPN/mL; RIF concentration not recorded in deposit,5,IR5,6100000.0,3.2,0.12,IR,24.0,0M,High,Medium
vijay2024_elife93243,M. tuberculosis,culture_age_60d,60.0,rifampicin,,,,vijay_005_age60d,7.361727836017593,5.0,6.113943352306837,False,1.3617278360175928,MPN/mL; RIF concentration not recorded in deposit,5,IR5,1300000.0,3.2,0.12,IR,24.0,0M,High,Medium
vijay2024_elife93243,M. tuberculosis,culture_age_60d,60.0,rifampicin,,,,vijay_006_age60d,7.361727836017593,0.0,7.361727836017593,False,1.3617278360175928,MPN/mL; RIF concentration not recorded in deposit,6,IR6,23000000.0,3.2,0.06,IR,15.0,0M,Medium,Medium
vijay2024_elife93243,M. tuberculosis,culture_age_60d,60.0,rifampicin,,,,vijay_006_age60d,7.361727836017593,2.0,5.361727836017593,False,1.3617278360175928,MPN/mL; RIF concentration not recorded in deposit,6,IR6,230000.0,3.2,0.06,IR,15.0,0M,Medium,Medium
vijay2024_elife93243,M. tuberculosis,culture_age_60d,60.0,rifampicin,,,,vijay_006_age60d,7.361727836017593,5.0,5.361727836017593,False,1.3617278360175928,MPN/mL; RIF concentration not recorded in deposit,6,IR6,230000.0,3.2,0.06,IR,15.0,0M,Medium,Medium
vijay2024_elife93243,M. tuberculosis,culture_age_60d,60.0,rifampicin,,,,vijay_007_age60d,6.785329835010767,0.0,6.785329835010767,False,1.3617278360175928,MPN/mL; RIF concentration not recorded in deposit,7,IR7,6100000.0,1.6,0.06,IR,11.0,0M,Medium,High
vijay2024_elife93243,M. tuberculosis,culture_age_60d,60.0,rifampicin,,,,vijay_007_age60d,6.785329835010767,2.0,6.361727836017593,False,1.3617278360175928,MPN/mL; RIF concentration not recorded in deposit,7,IR7,2300000.0,1.6,0.06,IR,11.0,0M,Medium,High
vijay2024_elife93243,M. tuberculosis,culture_age_60d,60.0,rifampicin,,,,vijay_007_age60d,6.785329835010767,5.0,6.361727836017593,False,1.3617278360175928,MPN/mL; RIF concentration not recorded in deposit,7,IR7,2300000.0,1.6,0.06,IR,11.0,0M,Medium,High
vijay2024_elife93243,M. tuberculosis,culture_age_60d,60.0,rifampicin,,,,vijay_010_age60d,7.361727836017593,0.0,7.361727836017593,False,1.3617278360175928,MPN/mL; RIF concentration not recorded in deposit,10,IR10,23000000.0,3.2,0.25,IR,19.0,0M,High,High
vijay2024_elife93243,M. tuberculosis,culture_age_60d,60.0,rifampicin,,,,vijay_010_age60d,7.361727836017593,2.0,6.785329835010767,False,1.3617278360175928,MPN/mL; RIF concentration not recorded in deposit,10,IR10,6100000.0,3.2,0.25,IR,19.0,0M,High,High
vijay2024_elife93243,M. tuberculosis,culture_age_60d,60.0,rifampicin,,,,vijay_010_age60d,7.361727836017593,5.0,6.785329835010767,False,1.3617278360175928,MPN/mL; RIF concentration not recorded in deposit,10,IR10,6100000.0,3.2,0.25,IR,19.0,0M,High,High
vijay2024_elife93243,M. tuberculosis,culture_age_60d,60.0,rifampicin,,,,vijay_011_age60d,7.361727836017593,0.0,7.361727836017593,False,1.3617278360175928,MPN/mL; RIF concentration not recorded in deposit,11,IR11,23000000.0,0.4,0.25,IR,19.0,0M,High,High
vijay2024_elife93243,M. tuberculosis,culture_age_60d,60.0,rifampicin,,,,vijay_011_age60d,7.361727836017593,2.0,6.785329835010767,False,1.3617278360175928,MPN/mL; RIF concentration not recorded in deposit,11,IR11,6100000.0,0.4,0.25,IR,19.0,0M,High,High
vijay2024_elife93243,M. tuberculosis,culture_age_60d,60.0,rifampicin,,,,vijay_011_age60d,7.361727836017593,5.0,6.785329835010767,False,1.3617278360175928,MPN/mL; RIF concentration not recorded in deposit,11,IR11,6100000.0,0.4,0.25,IR,19.0,0M,High,High
vijay2024_elife93243,M. tuberculosis,culture_age_60d,60.0,rifampicin,,,,vijay_012_age60d,7.361727836017593,0.0,7.361727836017593,False,1.3617278360175928,MPN/mL; RIF concentration not recorded in deposit,12,IR12,23000000.0,3.2,0.12,IR,14.0,0M,Medium,Medium
vijay2024_elife93243,M. tuberculosis,culture_age_60d,60.0,rifampicin,,,,vijay_012_age60d,7.361727836017593,2.0,7.361727836017593,False,1.3617278360175928,MPN/mL; RIF concentration not recorded in deposit,12,IR12,23000000.0,3.2,0.12,IR,14.0,0M,Medium,Medium
vijay2024_elife93243,M. tuberculosis,culture_age_60d,60.0,rifampicin,,,,vijay_012_age60d,7.361727836017593,5.0,5.361727836017593,False,1.3617278360175928,MPN/mL; RIF concentration not recorded in deposit,12,IR12,230000.0,3.2,0.12,IR,14.0,0M,Medium,Medium
vijay2024_elife93243,M. tuberculosis,culture_age_60d,60.0,rifampicin,,,,vijay_013_age60d,7.361727836017593,0.0,7.361727836017593,False,1.3617278360175928,MPN/mL; RIF concentration not recorded in deposit,13,IR13,23000000.0,1.6,0.12,IR,15.0,0M,High,Medium
vijay2024_elife93243,M. tuberculosis,culture_age_60d,60.0,rifampicin,,,,vijay_013_age60d,7.361727836017593,2.0,6.361727836017593,False,1.3617278360175928,MPN/mL; RIF concentration not recorded in deposit,13,IR13,2300000.0,1.6,0.12,IR,15.0,0M,High,Medium
vijay2024_elife93243,M. tuberculosis,culture_age_60d,60.0,rifampicin,,,,vijay_013_age60d,7.361727836017593,5.0,6.361727836017593,False,1.3617278360175928,MPN/mL; RIF concentration not recorded in deposit,13,IR13,2300000.0,1.6,0.12,IR,15.0,0M,High,Medium
vijay2024_elife93243,M. tuberculosis,culture_age_60d,60.0,rifampicin,,,,vijay_014_age60d,8.361727836017593,0.0,8.361727836017593,False,1.3617278360175928,MPN/mL; RIF concentration not recorded in deposit,14,IR14,230000000.0,1.6,0.06,IR,22.0,0M,Medium,Medium
vijay2024_elife93243,M. tuberculosis,culture_age_60d,60.0,rifampicin,,,,vijay_014_age60d,8.361727836017593,2.0,5.361727836017593,False,1.3617278360175928,MPN/mL; RIF concentration not recorded in deposit,14,IR14,230000.0,1.6,0.06,IR,22.0,0M,Medium,Medium
vijay2024_elife93243,M. tuberculosis,culture_age_60d,60.0,rifampicin,,,,vijay_014_age60d,8.361727836017593,5.0,6.785329835010767,False,1.3617278360175928,MPN/mL; RIF concentration not recorded in deposit,14,IR14,6100000.0,1.6,0.06,IR,22.0,0M,Medium,Medium
vijay2024_elife93243,M. tuberculosis,culture_age_60d,60.0,rifampicin,,,,vijay_015_age60d,7.361727836017593,0.0,7.361727836017593,False,1.3617278360175928,MPN/mL; RIF concentration not recorded in deposit,15,IR15,23000000.0,1.6,0.06,IR,24.0,0M,Medium,Medium
vijay2024_elife93243,M. tuberculosis,culture_age_60d,60.0,rifampicin,,,,vijay_015_age60d,7.361727836017593,2.0,6.785329835010767,False,1.3617278360175928,MPN/mL; RIF concentration not recorded in deposit,15,IR15,6100000.0,1.6,0.06,IR,24.0,0M,Medium,Medium
vijay2024_elife93243,M. tuberculosis,culture_age_60d,60.0,rifampicin,,,,vijay_015_age60d,7.361727836017593,5.0,5.361727836017593,False,1.3617278360175928,MPN/mL; RIF concentration not recorded in deposit,15,IR15,230000.0,1.6,0.06,IR,24.0,0M,Medium,Medium
vijay2024_elife93243,M. tuberculosis,culture_age_60d,60.0,rifampicin,,,,vijay_016_age60d,7.361727836017593,0.0,7.361727836017593,False,1.3617278360175928,MPN/mL; RIF concentration not recorded in deposit,16,IR16,23000000.0,3.2,0.06,IR,19.0,0M,High,High
vijay2024_elife93243,M. tuberculosis,culture_age_60d,60.0,rifampicin,,,,vijay_016_age60d,7.361727836017593,2.0,7.361727836017593,False,1.3617278360175928,MPN/mL; RIF concentration not recorded in deposit,16,IR16,23000000.0,3.2,0.06,IR,19.0,0M,High,High
vijay2024_elife93243,M. tuberculosis,culture_age_60d,60.0,rifampicin,,,,vijay_016_age60d,7.361727836017593,5.0,7.361727836017593,False,1.3617278360175928,MPN/mL; RIF concentration not recorded in deposit,16,IR16,23000000.0,3.2,0.06,IR,19.0,0M,High,High
vijay2024_elife93243,M. tuberculosis,culture_age_60d,60.0,rifampicin,,,,vijay_017_age60d,7.785329835010767,0.0,7.785329835010767,False,1.3617278360175928,MPN/mL; RIF concentration not recorded in deposit,17,IR17,61000000.0,6.4,0.06,IR,19.0,0M,Medium,Medium
vijay2024_elife93243,M. tuberculosis,culture_age_60d,60.0,rifampicin,,,,vijay_017_age60d,7.785329835010767,2.0,6.361727836017593,False,1.3617278360175928,MPN/mL; RIF concentration not recorded in deposit,17,IR17,2300000.0,6.4,0.06,IR,19.0,0M,Medium,Medium
vijay2024_elife93243,M. tuberculosis,culture_age_60d,60.0,rifampicin,,,,vijay_017_age60d,7.785329835010767,5.0,6.785329835010767,False,1.3617278360175928,MPN/mL; RIF concentration not recorded in deposit,17,IR17,6100000.0,6.4,0.06,IR,19.0,0M,Medium,Medium
vijay2024_elife93243,M. tuberculosis,culture_age_60d,60.0,rifampicin,,,,vijay_018_age60d,7.785329835010767,0.0,7.785329835010767,False,1.3617278360175928,MPN/mL; RIF concentration not recorded in deposit,18,IR18,61000000.0,3.2,0.12,IR,19.0,0M,High,Medium
vijay2024_elife93243,M. tuberculosis,culture_age_60d,60.0,rifampicin,,,,vijay_018_age60d,7.785329835010767,2.0,5.785329835010767,False,1.3617278360175928,MPN/mL; RIF concentration not recorded in deposit,18,IR18,610000.0,3.2,0.12,IR,19.0,0M,High,Medium
vijay2024_elife93243,M. tuberculosis,culture_age_60d,60.0,rifampicin,,,,vijay_018_age60d,7.785329835010767,5.0,6.785329835010767,False,1.3617278360175928,MPN/mL; RIF concentration not recorded in deposit,18,IR18,6100000.0,3.2,0.12,IR,19.0,0M,High,Medium
vijay2024_elife93243,M. tuberculosis,culture_age_60d,60.0,rifampicin,,,,vijay_019_age60d,6.785329835010767,0.0,6.785329835010767,False,1.3617278360175928,MPN/mL; RIF concentration not recorded in deposit,19,IR19,6100000.0,6.4,0.25,IR,19.0,0M,Medium,High
vijay2024_elife93243,M. tuberculosis,culture_age_60d,60.0,rifampicin,,,,vijay_019_age60d,6.785329835010767,2.0,4.361727836017593,False,1.3617278360175928,MPN/mL; RIF concentration not recorded in deposit,19,IR19,23000.0,6.4,0.25,IR,19.0,0M,Medium,High
vijay2024_elife93243,M. tuberculosis,culture_age_60d,60.0,rifampicin,,,,vijay_019_age60d,6.785329835010767,5.0,6.361727836017593,False,1.3617278360175928,MPN/mL; RIF concentration not recorded in deposit,19,IR19,2300000.0,6.4,0.25,IR,19.0,0M,Medium,High
vijay2024_elife93243,M. tuberculosis,culture_age_60d,60.0,rifampicin,,,,vijay_020_age60d,8.361727836017593,0.0,8.361727836017593,False,1.3617278360175928,MPN/mL; RIF concentration not recorded in deposit,20,IR20,230000000.0,0.4,0.06,IR,19.0,0M,Medium,Medium
vijay2024_elife93243,M. tuberculosis,culture_age_60d,60.0,rifampicin,,,,vijay_020_age60d,8.361727836017593,2.0,6.785329835010767,False,1.3617278360175928,MPN/mL; RIF concentration not recorded in deposit,20,IR20,6100000.0,0.4,0.06,IR,19.0,0M,Medium,Medium
vijay2024_elife93243,M. tuberculosis,culture_age_60d,60.0,rifampicin,,,,vijay_020_age60d,8.361727836017593,5.0,6.361727836017593,False,1.3617278360175928,MPN/mL; RIF concentration not recorded in deposit,20,IR20,2300000.0,0.4,0.06,IR,19.0,0M,Medium,Medium
vijay2024_elife93243,M. tuberculosis,culture_age_60d,60.0,rifampicin,,,,vijay_021_age60d,7.361727836017593,0.0,7.361727836017593,False,1.3617278360175928,MPN/mL; RIF concentration not recorded in deposit,21,IR21,23000000.0,0.4,0.12,IR,15.0,0M,Medium,Medium
vijay2024_elife93243,M. tuberculosis,culture_age_60d,60.0,rifampicin,,,,vijay_021_age60d,7.361727836017593,2.0,7.361727836017593,False,1.3617278360175928,MPN/mL; RIF concentration not recorded in deposit,21,IR21,23000000.0,0.4,0.12,IR,15.0,0M,Medium,Medium
vijay2024_elife93243,M. tuberculosis,culture_age_60d,60.0,rifampicin,,,,vijay_021_age60d,7.361727836017593,5.0,6.361727836017593,False,1.3617278360175928,MPN/mL; RIF concentration not recorded in deposit,21,IR21,2300000.0,0.4,0.12,IR,15.0,0M,Medium,Medium
vijay2024_elife93243,M. tuberculosis,culture_age_60d,60.0,rifampicin,,,,vijay_023_age60d,6.361727836017593,0.0,6.361727836017593,False,1.3617278360175928,MPN/mL; RIF concentration not recorded in deposit,23,IR23,2300000.0,3.2,0.06,IR,12.0,0M,Medium,Medium
vijay2024_elife93243,M. tuberculosis,culture_age_60d,60.0,rifampicin,,,,vijay_023_age60d,6.361727836017593,2.0,6.361727836017593,False,1.3617278360175928,MPN/mL; RIF concentration not recorded in deposit,23,IR23,2300000.0,3.2,0.06,IR,12.0,0M,Medium,Medium
vijay2024_elife93243,M. tuberculosis,culture_age_60d,60.0,rifampicin,,,,vijay_023_age60d,6.361727836017593,5.0,5.361727836017593,False,1.3617278360175928,MPN/mL; RIF concentration not recorded in deposit,23,IR23,230000.0,3.2,0.06,IR,12.0,0M,Medium,Medium
vijay2024_elife93243,M. tuberculosis,culture_age_60d,60.0,rifampicin,,,,vijay_024_age60d,7.361727836017593,0.0,7.361727836017593,False,1.3617278360175928,MPN/mL; RIF concentration not recorded in deposit,24,IR24,23000000.0,3.2,0.06,IR,15.0,0M,Medium,Low
vijay2024_elife93243,M. tuberculosis,culture_age_60d,60.0,rifampicin,,,,vijay_024_age60d,7.361727836017593,2.0,5.361727836017593,False,1.3617278360175928,MPN/mL; RIF concentration not recorded in deposit,24,IR24,230000.0,3.2,0.06,IR,15.0,0M,Medium,Low
vijay2024_elife93243,M. tuberculosis,culture_age_60d,60.0,rifampicin,,,,vijay_024_age60d,7.361727836017593,5.0,3.785329835010767,False,1.3617278360175928,MPN/mL; RIF concentration not recorded in deposit,24,IR24,6100.0,3.2,0.06,IR,15.0,0M,Medium,Low
vijay2024_elife93243,M. tuberculosis,culture_age_60d,60.0,rifampicin,,,,vijay_025_age60d,6.785329835010767,0.0,6.785329835010767,False,1.3617278360175928,MPN/mL; RIF concentration not recorded in deposit,25,IR25,6100000.0,3.2,0.06,IR,19.0,0M,Medium,Medium
vijay2024_elife93243,M. tuberculosis,culture_age_60d,60.0,rifampicin,,,,vijay_025_age60d,6.785329835010767,2.0,6.361727836017593,False,1.3617278360175928,MPN/mL; RIF concentration not recorded in deposit,25,IR25,2300000.0,3.2,0.06,IR,19.0,0M,Medium,Medium
vijay2024_elife93243,M. tuberculosis,culture_age_60d,60.0,rifampicin,,,,vijay_025_age60d,6.785329835010767,5.0,5.361727836017593,False,1.3617278360175928,MPN/mL; RIF concentration not recorded in deposit,25,IR25,230000.0,3.2,0.06,IR,19.0,0M,Medium,Medium
vijay2024_elife93243,M. tuberculosis,culture_age_60d,60.0,rifampicin,,,,vijay_026_age60d,7.361727836017593,0.0,7.361727836017593,False,1.3617278360175928,MPN/mL; RIF concentration not recorded in deposit,26,IR26,23000000.0,3.2,0.12,IR,15.0,0M,Medium,High
vijay2024_elife93243,M. tuberculosis,culture_age_60d,60.0,rifampicin,,,,vijay_026_age60d,7.361727836017593,2.0,6.361727836017593,False,1.3617278360175928,MPN/mL; RIF concentration not recorded in deposit,26,IR26,2300000.0,3.2,0.12,IR,15.0,0M,Medium,High
vijay2024_elife93243,M. tuberculosis,culture_age_60d,60.0,rifampicin,,,,vijay_026_age60d,7.361727836017593,5.0,7.361727836017593,False,1.3617278360175928,MPN/mL; RIF concentration not recorded in deposit,26,IR26,23000000.0,3.2,0.12,IR,15.0,0M,Medium,High
vijay2024_elife93243,M. tuberculosis,culture_age_60d,60.0,rifampicin,,,,vijay_027_age60d,7.361727836017593,0.0,7.361727836017593,False,1.3617278360175928,MPN/mL; RIF concentration not recorded in deposit,27,IR27,23000000.0,3.2,0.06,IR,15.0,0M,Medium,Medium
vijay2024_elife93243,M. tuberculosis,culture_age_60d,60.0,rifampicin,,,,vijay_027_age60d,7.361727836017593,2.0,7.361727836017593,False,1.3617278360175928,MPN/mL; RIF concentration not recorded in deposit,27,IR27,23000000.0,3.2,0.06,IR,15.0,0M,Medium,Medium
vijay2024_elife93243,M. tuberculosis,culture_age_60d,60.0,rifampicin,,,,vijay_027_age60d,7.361727836017593,5.0,6.361727836017593,False,1.3617278360175928,MPN/mL; RIF concentration not recorded in deposit,27,IR27,2300000.0,3.2,0.06,IR,15.0,0M,Medium,Medium
vijay2024_elife93243,M. tuberculosis,culture_age_60d,60.0,rifampicin,,,,vijay_028_age60d,7.785329835010767,0.0,7.785329835010767,False,1.3617278360175928,MPN/mL; RIF concentration not recorded in deposit,28,IR28,61000000.0,1.6,0.06,IR,15.0,0M,Medium,Medium
vijay2024_elife93243,M. tuberculosis,culture_age_60d,60.0,rifampicin,,,,vijay_028_age60d,7.785329835010767,2.0,7.079181246047625,False,1.3617278360175928,MPN/mL; RIF concentration not recorded in deposit,28,IR28,12000000.0,1.6,0.06,IR,15.0,0M,Medium,Medium
vijay2024_elife93243,M. tuberculosis,culture_age_60d,60.0,rifampicin,,,,vijay_028_age60d,7.785329835010767,5.0,5.785329835010767,False,1.3617278360175928,MPN/mL; RIF concentration not recorded in deposit,28,IR28,610000.0,1.6,0.06,IR,15.0,0M,Medium,Medium
vijay2024_elife93243,M. tuberculosis,culture_age_60d,60.0,rifampicin,,,,vijay_029_age60d,6.361727836017593,0.0,6.361727836017593,False,1.3617278360175928,MPN/mL; RIF concentration not recorded in deposit,29,IR29,2300000.0,1.6,0.03,IR,12.0,0M,Medium,Medium
vijay2024_elife93243,M. tuberculosis,culture_age_60d,60.0,rifampicin,,,,vijay_029_age60d,6.361727836017593,2.0,5.785329835010767,False,1.3617278360175928,MPN/mL; RIF concentration not recorded in deposit,29,IR29,610000.0,1.6,0.03,IR,12.0,0M,Medium,Medium
vijay2024_elife93243,M. tuberculosis,culture_age_60d,60.0,rifampicin,,,,vijay_029_age60d,6.361727836017593,5.0,5.361727836017593,False,1.3617278360175928,MPN/mL; RIF concentration not recorded in deposit,29,IR29,230000.0,1.6,0.03,IR,12.0,0M,Medium,Medium
vijay2024_elife93243,M. tuberculosis,culture_age_60d,60.0,rifampicin,,,,vijay_030_age60d,7.785329835010767,0.0,7.785329835010767,False,1.3617278360175928,MPN/mL; RIF concentration not recorded in deposit,30,IR30,61000000.0,3.2,0.06,IR,15.0,0M,Medium,Medium
vijay2024_elife93243,M. tuberculosis,culture_age_60d,60.0,rifampicin,,,,vijay_030_age60d,7.785329835010767,2.0,7.361727836017593,False,1.3617278360175928,MPN/mL; RIF concentration not recorded in deposit,30,IR30,23000000.0,3.2,0.06,IR,15.0,0M,Medium,Medium
vijay2024_elife93243,M. tuberculosis,culture_age_60d,60.0,rifampicin,,,,vijay_030_age60d,7.785329835010767,5.0,6.361727836017593,False,1.3617278360175928,MPN/mL; RIF concentration not recorded in deposit,30,IR30,2300000.0,3.2,0.06,IR,15.0,0M,Medium,Medium
vijay2024_elife93243,M. tuberculosis,culture_age_60d,60.0,rifampicin,,,,vijay_031_age60d,7.785329835010767,0.0,7.785329835010767,False,1.3617278360175928,MPN/mL; RIF concentration not recorded in deposit,31,IR31,61000000.0,1.6,0.03,IR,15.0,0M,Medium,Medium
vijay2024_elife93243,M. tuberculosis,culture_age_60d,60.0,rifampicin,,,,vijay_031_age60d,7.785329835010767,2.0,7.785329835010767,False,1.3617278360175928,MPN/mL; RIF concentration not recorded in deposit,31,IR31,61000000.0,1.6,0.03,IR,15.0,0M,Medium,Medium
vijay2024_elife93243,M. tuberculosis,culture_age_60d,60.0,rifampicin,,,,vijay_031_age60d,7.785329835010767,5.0,5.785329835010767,False,1.3617278360175928,MPN/mL; RIF concentration not recorded in deposit,31,IR31,610000.0,1.6,0.03,IR,15.0,0M,Medium,Medium
vijay2024_elife93243,M. tuberculosis,culture_age_60d,60.0,rifampicin,,,,vijay_032_age60d,7.361727836017593,0.0,7.361727836017593,False,1.3617278360175928,MPN/mL; RIF concentration not recorded in deposit,32,IR32,23000000.0,3.2,0.06,IR,15.0,0M,Medium,Medium
vijay2024_elife93243,M. tuberculosis,culture_age_60d,60.0,rifampicin,,,,vijay_032_age60d,7.361727836017593,2.0,6.361727836017593,False,1.3617278360175928,MPN/mL; RIF concentration not recorded in deposit,32,IR32,2300000.0,3.2,0.06,IR,15.0,0M,Medium,Medium
vijay2024_elife93243,M. tuberculosis,culture_age_60d,60.0,rifampicin,,,,vijay_032_age60d,7.361727836017593,5.0,5.361727836017593,False,1.3617278360175928,MPN/mL; RIF concentration not recorded in deposit,32,IR32,230000.0,3.2,0.06,IR,15.0,0M,Medium,Medium
vijay2024_elife93243,M. tuberculosis,culture_age_60d,60.0,rifampicin,,,,vijay_033_age60d,7.361727836017593,0.0,7.361727836017593,False,1.3617278360175928,MPN/mL; RIF concentration not recorded in deposit,33,IR33,23000000.0,3.2,0.06,IR,15.0,0M,Medium,Low
vijay2024_elife93243,M. tuberculosis,culture_age_60d,60.0,rifampicin,,,,vijay_033_age60d,7.361727836017593,2.0,4.361727836017593,False,1.3617278360175928,MPN/mL; RIF concentration not recorded in deposit,33,IR33,23000.0,3.2,0.06,IR,15.0,0M,Medium,Low
vijay2024_elife93243,M. tuberculosis,culture_age_60d,60.0,rifampicin,,,,vijay_033_age60d,7.361727836017593,5.0,3.785329835010767,False,1.3617278360175928,MPN/mL; RIF concentration not recorded in deposit,33,IR33,6100.0,3.2,0.06,IR,15.0,0M,Medium,Low
vijay2024_elife93243,M. tuberculosis,culture_age_60d,60.0,rifampicin,,,,vijay_034_age60d,7.113943352306837,0.0,7.113943352306837,False,1.3617278360175928,MPN/mL; RIF concentration not recorded in deposit,34,IR34,13000000.0,3.2,0.12,IR,15.0,0M,Medium,Low
vijay2024_elife93243,M. tuberculosis,culture_age_60d,60.0,rifampicin,,,,vijay_034_age60d,7.113943352306837,2.0,5.785329835010767,False,1.3617278360175928,MPN/mL; RIF concentration not recorded in deposit,34,IR34,610000.0,3.2,0.12,IR,15.0,0M,Medium,Low
vijay2024_elife93243,M. tuberculosis,culture_age_60d,60.0,rifampicin,,,,vijay_034_age60d,7.113943352306837,5.0,4.785329835010767,False,1.3617278360175928,MPN/mL; RIF concentration not recorded in deposit,34,IR34,61000.0,3.2,0.12,IR,15.0,0M,Medium,Low
vijay2024_elife93243,M. tuberculosis,culture_age_60d,60.0,rifampicin,,,,vijay_036_age60d,7.785329835010767,0.0,7.785329835010767,False,1.3617278360175928,MPN/mL; RIF concentration not recorded in deposit,36,IR36,61000000.0,3.2,0.06,IR,15.0,0M,Medium,Medium
vijay2024_elife93243,M. tuberculosis,culture_age_60d,60.0,rifampicin,,,,vijay_036_age60d,7.785329835010767,2.0,7.113943352306837,False,1.3617278360175928,MPN/mL; RIF concentration not recorded in deposit,36,IR36,13000000.0,3.2,0.06,IR,15.0,0M,Medium,Medium
vijay2024_elife93243,M. tuberculosis,culture_age_60d,60.0,rifampicin,,,,vijay_036_age60d,7.785329835010767,5.0,6.361727836017593,False,1.3617278360175928,MPN/mL; RIF concentration not recorded in deposit,36,IR36,2300000.0,3.2,0.06,IR,15.0,0M,Medium,Medium
vijay2024_elife93243,M. tuberculosis,culture_age_60d,60.0,rifampicin,,,,vijay_037_age60d,6.361727836017593,0.0,6.361727836017593,False,1.3617278360175928,MPN/mL; RIF concentration not recorded in deposit,37,IR37,2300000.0,3.2,0.03,IR,15.0,0M,Medium,Low
vijay2024_elife93243,M. tuberculosis,culture_age_60d,60.0,rifampicin,,,,vijay_037_age60d,6.361727836017593,2.0,4.785329835010767,False,1.3617278360175928,MPN/mL; RIF concentration not recorded in deposit,37,IR37,61000.0,3.2,0.03,IR,15.0,0M,Medium,Low
vijay2024_elife93243,M. tuberculosis,culture_age_60d,60.0,rifampicin,,,,vijay_037_age60d,6.361727836017593,5.0,3.361727836017593,False,1.3617278360175928,MPN/mL; RIF concentration not recorded in deposit,37,IR37,2300.0,3.2,0.03,IR,15.0,0M,Medium,Low
vijay2024_elife93243,M. tuberculosis,culture_age_60d,60.0,rifampicin,,,,vijay_038_age60d,6.785329835010767,0.0,6.785329835010767,False,1.3617278360175928,MPN/mL; RIF concentration not recorded in deposit,38,IR38,6100000.0,3.2,0.25,IR,34.0,0M,Medium,Low
vijay2024_elife93243,M. tuberculosis,culture_age_60d,60.0,rifampicin,,,,vijay_038_age60d,6.785329835010767,2.0,5.361727836017593,False,1.3617278360175928,MPN/mL; RIF concentration not recorded in deposit,38,IR38,230000.0,3.2,0.25,IR,34.0,0M,Medium,Low
vijay2024_elife93243,M. tuberculosis,culture_age_60d,60.0,rifampicin,,,,vijay_038_age60d,6.785329835010767,5.0,3.785329835010767,False,1.3617278360175928,MPN/mL; RIF concentration not recorded in deposit,38,IR38,6100.0,3.2,0.25,IR,34.0,0M,Medium,Low
vijay2024_elife93243,M. tuberculosis,culture_age_60d,60.0,rifampicin,,,,vijay_039_age60d,7.361727836017593,0.0,7.361727836017593,False,1.3617278360175928,MPN/mL; RIF concentration not recorded in deposit,39,IR39,23000000.0,6.4,0.12,IR,15.0,0M,Medium,Medium
vijay2024_elife93243,M. tuberculosis,culture_age_60d,60.0,rifampicin,,,,vijay_039_age60d,7.361727836017593,2.0,6.361727836017593,False,1.3617278360175928,MPN/mL; RIF concentration not recorded in deposit,39,IR39,2300000.0,6.4,0.12,IR,15.0,0M,Medium,Medium
vijay2024_elife93243,M. tuberculosis,culture_age_60d,60.0,rifampicin,,,,vijay_039_age60d,7.361727836017593,5.0,5.361727836017593,False,1.3617278360175928,MPN/mL; RIF concentration not recorded in deposit,39,IR39,230000.0,6.4,0.12,IR,15.0,0M,Medium,Medium
vijay2024_elife93243,M. tuberculosis,culture_age_60d,60.0,rifampicin,,,,vijay_040_age60d,7.785329835010767,0.0,7.785329835010767,False,1.3617278360175928,MPN/mL; RIF concentration not recorded in deposit,40,IR40,61000000.0,12.8,0.25,IR,19.0,5M,Medium,High
vijay2024_elife93243,M. tuberculosis,culture_age_60d,60.0,rifampicin,,,,vijay_040_age60d,7.785329835010767,2.0,6.785329835010767,False,1.3617278360175928,MPN/mL; RIF concentration not recorded in deposit,40,IR40,6100000.0,12.8,0.25,IR,19.0,5M,Medium,High
vijay2024_elife93243,M. tuberculosis,culture_age_60d,60.0,rifampicin,,,,vijay_040_age60d,7.785329835010767,5.0,7.361727836017593,False,1.3617278360175928,MPN/mL; RIF concentration not recorded in deposit,40,IR40,23000000.0,12.8,0.25,IR,19.0,5M,Medium,High
vijay2024_elife93243,M. tuberculosis,culture_age_60d,60.0,rifampicin,,,,vijay_041_age60d,8.361727836017593,0.0,8.361727836017593,False,1.3617278360175928,MPN/mL; RIF concentration not recorded in deposit,41,IR41,230000000.0,6.4,0.12,IR,19.0,8M,Medium,Medium
vijay2024_elife93243,M. tuberculosis,culture_age_60d,60.0,rifampicin,,,,vijay_041_age60d,8.361727836017593,2.0,7.785329835010767,False,1.3617278360175928,MPN/mL; RIF concentration not recorded in deposit,41,IR41,61000000.0,6.4,0.12,IR,19.0,8M,Medium,Medium
vijay2024_elife93243,M. tuberculosis,culture_age_60d,60.0,rifampicin,,,,vijay_041_age60d,8.361727836017593,5.0,7.361727836017593,False,1.3617278360175928,MPN/mL; RIF concentration not recorded in deposit,41,IR41,23000000.0,6.4,0.12,IR,19.0,8M,Medium,Medium
vijay2024_elife93243,M. tuberculosis,culture_age_60d,60.0,rifampicin,,,,vijay_042_age60d,7.361727836017593,0.0,7.361727836017593,False,1.3617278360175928,MPN/mL; RIF concentration not recorded in deposit,42,IR42,23000000.0,,,IR,,0M,Medium,Medium
vijay2024_elife93243,M. tuberculosis,culture_age_60d,60.0,rifampicin,,,,vijay_042_age60d,7.361727836017593,2.0,6.785329835010767,False,1.3617278360175928,MPN/mL; RIF concentration not recorded in deposit,42,IR42,6100000.0,,,IR,,0M,Medium,Medium
vijay2024_elife93243,M. tuberculosis,culture_age_60d,60.0,rifampicin,,,,vijay_042_age60d,7.361727836017593,5.0,6.361727836017593,False,1.3617278360175928,MPN/mL; RIF concentration not recorded in deposit,42,IR42,2300000.0,,,IR,,0M,Medium,Medium
vijay2024_elife93243,M. tuberculosis,culture_age_60d,60.0,rifampicin,,,,vijay_043_age60d,5.785329835010767,0.0,5.785329835010767,False,1.3617278360175928,MPN/mL; RIF concentration not recorded in deposit,43,IR43,610000.0,3.2,0.06,IR,22.0,18M,Medium,Low
vijay2024_elife93243,M. tuberculosis,culture_age_60d,60.0,rifampicin,,,,vijay_043_age60d,5.785329835010767,2.0,5.361727836017593,False,1.3617278360175928,MPN/mL; RIF concentration not recorded in deposit,43,IR43,230000.0,3.2,0.06,IR,22.0,18M,Medium,Low
vijay2024_elife93243,M. tuberculosis,culture_age_60d,60.0,rifampicin,,,,vijay_043_age60d,5.785329835010767,5.0,,True,1.3617278360175928,MPN/mL; RIF concentration not recorded in deposit; at assay floor 23 MPN/mL,43,IR43,23.0,3.2,0.06,IR,22.0,18M,Medium,Low
vijay2024_elife93243,M. tuberculosis,culture_age_60d,60.0,rifampicin,,,,vijay_044_age60d,7.361727836017593,0.0,7.361727836017593,False,1.3617278360175928,MPN/mL; RIF concentration not recorded in deposit,44,IR44,23000000.0,3.2,0.25,IR,19.0,1M,High,Medium
vijay2024_elife93243,M. tuberculosis,culture_age_60d,60.0,rifampicin,,,,vijay_044_age60d,7.361727836017593,2.0,7.361727836017593,False,1.3617278360175928,MPN/mL; RIF concentration not recorded in deposit,44,IR44,23000000.0,3.2,0.25,IR,19.0,1M,High,Medium
vijay2024_elife93243,M. tuberculosis,culture_age_60d,60.0,rifampicin,,,,vijay_044_age60d,7.361727836017593,5.0,6.361727836017593,False,1.3617278360175928,MPN/mL; RIF concentration not recorded in deposit,44,IR44,2300000.0,3.2,0.25,IR,19.0,1M,High,Medium
vijay2024_elife93243,M. tuberculosis,culture_age_60d,60.0,rifampicin,,,,vijay_045_age60d,7.785329835010767,0.0,7.785329835010767,False,1.3617278360175928,MPN/mL; RIF concentration not recorded in deposit,45,IR45,61000000.0,3.2,0.12,IR,28.0,8M,Medium,Low
vijay2024_elife93243,M. tuberculosis,culture_age_60d,60.0,rifampicin,,,,vijay_045_age60d,7.785329835010767,2.0,2.361727836017593,False,1.3617278360175928,MPN/mL; RIF concentration not recorded in deposit,45,IR45,230.0,3.2,0.12,IR,28.0,8M,Medium,Low
vijay2024_elife93243,M. tuberculosis,culture_age_60d,60.0,rifampicin,,,,vijay_045_age60d,7.785329835010767,5.0,2.361727836017593,False,1.3617278360175928,MPN/mL; RIF concentration not recorded in deposit,45,IR45,230.0,3.2,0.12,IR,28.0,8M,Medium,Low
vijay2024_elife93243,M. tuberculosis,culture_age_60d,60.0,rifampicin,,,,vijay_046_age60d,7.361727836017593,0.0,7.361727836017593,False,1.3617278360175928,MPN/mL; RIF concentration not recorded in deposit,46,IR46,23000000.0,3.2,0.25,IR,19.0,8M,High,High
vijay2024_elife93243,M. tuberculosis,culture_age_60d,60.0,rifampicin,,,,vijay_046_age60d,7.361727836017593,2.0,8.361727836017593,False,1.3617278360175928,MPN/mL; RIF concentration not recorded in deposit,46,IR46,230000000.0,3.2,0.25,IR,19.0,8M,High,High
vijay2024_elife93243,M. tuberculosis,culture_age_60d,60.0,rifampicin,,,,vijay_046_age60d,7.361727836017593,5.0,7.785329835010767,False,1.3617278360175928,MPN/mL; RIF concentration not recorded in deposit,46,IR46,61000000.0,3.2,0.25,IR,19.0,8M,High,High
vijay2024_elife93243,M. tuberculosis,culture_age_60d,60.0,rifampicin,,,,vijay_047_age60d,8.361727836017593,0.0,8.361727836017593,False,1.3617278360175928,MPN/mL; RIF concentration not recorded in deposit,47,IR47,230000000.0,3.2,0.12,IR,15.0,12M,Low,Low
vijay2024_elife93243,M. tuberculosis,culture_age_60d,60.0,rifampicin,,,,vijay_047_age60d,8.361727836017593,2.0,5.785329835010767,False,1.3617278360175928,MPN/mL; RIF concentration not recorded in deposit,47,IR47,610000.0,3.2,0.12,IR,15.0,12M,Low,Low
vijay2024_elife93243,M. tuberculosis,culture_age_60d,60.0,rifampicin,,,,vijay_047_age60d,8.361727836017593,5.0,5.361727836017593,False,1.3617278360175928,MPN/mL; RIF concentration not recorded in deposit,47,IR47,230000.0,3.2,0.12,IR,15.0,12M,Low,Low
vijay2024_elife93243,M. tuberculosis,culture_age_60d,60.0,rifampicin,,,,vijay_048_age60d,5.785329835010767,0.0,5.785329835010767,False,1.3617278360175928,MPN/mL; RIF concentration not recorded in deposit,48,IR48,610000.0,1.6,0.06,IR,22.0,1M,Medium,Medium
vijay2024_elife93243,M. tuberculosis,culture_age_60d,60.0,rifampicin,,,,vijay_048_age60d,5.785329835010767,2.0,4.361727836017593,False,1.3617278360175928,MPN/mL; RIF concentration not recorded in deposit,48,IR48,23000.0,1.6,0.06,IR,22.0,1M,Medium,Medium
vijay2024_elife93243,M. tuberculosis,culture_age_60d,60.0,rifampicin,,,,vijay_048_age60d,5.785329835010767,5.0,3.785329835010767,False,1.3617278360175928,MPN/mL; RIF concentration not recorded in deposit,48,IR48,6100.0,1.6,0.06,IR,22.0,1M,Medium,Medium
vijay2024_elife93243,M. tuberculosis,culture_age_60d,60.0,rifampicin,,,,vijay_049_age60d,5.361727836017593,0.0,5.361727836017593,False,1.3617278360175928,MPN/mL; RIF concentration not recorded in deposit,49,IR49,230000.0,6.4,0.25,IR,22.0,8M,Medium,Low
vijay2024_elife93243,M. tuberculosis,culture_age_60d,60.0,rifampicin,,,,vijay_049_age60d,5.361727836017593,2.0,2.361727836017593,False,1.3617278360175928,MPN/mL; RIF concentration not recorded in deposit,49,IR49,230.0,6.4,0.25,IR,22.0,8M,Medium,Low
vijay2024_elife93243,M. tuberculosis,culture_age_60d,60.0,rifampicin,,,,vijay_049_age60d,5.361727836017593,5.0,,True,1.3617278360175928,MPN/mL; RIF concentration not recorded in deposit; at assay floor 23 MPN/mL,49,IR49,23.0,6.4,0.25,IR,22.0,8M,Medium,Low
vijay2024_elife93243,M. tuberculosis,culture_age_60d,60.0,rifampicin,,,,vijay_050_age60d,5.361727836017593,0.0,5.361727836017593,False,1.3617278360175928,MPN/mL; RIF concentration not recorded in deposit,50,IR50,230000.0,6.4,0.12,IR,19.0,18M,Medium,Low
vijay2024_elife93243,M. tuberculosis,culture_age_60d,60.0,rifampicin,,,,vijay_050_age60d,5.361727836017593,2.0,3.361727836017593,False,1.3617278360175928,MPN/mL; RIF concentration not recorded in deposit,50,IR50,2300.0,6.4,0.12,IR,19.0,18M,Medium,Low
vijay2024_elife93243,M. tuberculosis,culture_age_60d,60.0,rifampicin,,,,vijay_050_age60d,5.361727836017593,5.0,,True,1.3617278360175928,MPN/mL; RIF concentration not recorded in deposit; at assay floor 23 MPN/mL,50,IR50,23.0,6.4,0.12,IR,19.0,18M,Medium,Low
vijay2024_elife93243,M. tuberculosis,culture_age_60d,60.0,rifampicin,,,,vijay_051_age60d,7.785329835010767,0.0,7.785329835010767,False,1.3617278360175928,MPN/mL; RIF concentration not recorded in deposit,51,IR51,61000000.0,6.4,0.5,IR,15.0,1M,Low,Medium
vijay2024_elife93243,M. tuberculosis,culture_age_60d,60.0,rifampicin,,,,vijay_051_age60d,7.785329835010767,2.0,6.785329835010767,False,1.3617278360175928,MPN/mL; RIF concentration not recorded in deposit,51,IR51,6100000.0,6.4,0.5,IR,15.0,1M,Low,Medium
vijay2024_elife93243,M. tuberculosis,culture_age_60d,60.0,rifampicin,,,,vijay_051_age60d,7.785329835010767,5.0,6.113943352306837,False,1.3617278360175928,MPN/mL; RIF concentration not recorded in deposit,51,IR51,1300000.0,6.4,0.5,IR,15.0,1M,Low,Medium
vijay2024_elife93243,M. tuberculosis,culture_age_60d,60.0,rifampicin,,,,vijay_052_age60d,7.785329835010767,0.0,7.785329835010767,False,1.3617278360175928,MPN/mL; RIF concentration not recorded in deposit,52,IR52,61000000.0,3.2,0.06,IR,15.0,2M,Medium,Medium
vijay2024_elife93243,M. tuberculosis,culture_age_60d,60.0,rifampicin,,,,vijay_052_age60d,7.785329835010767,2.0,6.785329835010767,False,1.3617278360175928,MPN/mL; RIF concentration not recorded in deposit,52,IR52,6100000.0,3.2,0.06,IR,15.0,2M,Medium,Medium
vijay2024_elife93243,M. tuberculosis,culture_age_60d,60.0,rifampicin,,,,vijay_052_age60d,7.785329835010767,5.0,5.785329835010767,False,1.3617278360175928,MPN/mL; RIF concentration not recorded in deposit,52,IR52,610000.0,3.2,0.06,IR,15.0,2M,Medium,Medium
vijay2024_elife93243,M. tuberculosis,culture_age_60d,60.0,rifampicin,,,,vijay_053_age60d,7.361727836017593,0.0,7.361727836017593,False,1.3617278360175928,MPN/mL; RIF concentration not recorded in deposit,53,IR53,23000000.0,3.2,0.12,IR,15.0,12M,High,Medium
vijay2024_elife93243,M. tuberculosis,culture_age_60d,60.0,rifampicin,,,,vijay_053_age60d,7.361727836017593,2.0,6.361727836017593,False,1.3617278360175928,MPN/mL; RIF concentration not recorded in deposit,53,IR53,2300000.0,3.2,0.12,IR,15.0,12M,High,Medium
vijay2024_elife93243,M. tuberculosis,culture_age_60d,60.0,rifampicin,,,,vijay_053_age60d,7.361727836017593,5.0,6.361727836017593,False,1.3617278360175928,MPN/mL; RIF concentration not recorded in deposit,53,IR53,2300000.0,3.2,0.12,IR,15.0,12M,High,Medium
vijay2024_elife93243,M. tuberculosis,culture_age_60d,60.0,rifampicin,,,,vijay_054_age60d,7.361727836017593,0.0,7.361727836017593,False,1.3617278360175928,MPN/mL; RIF concentration not recorded in deposit,54,IR54,23000000.0,6.4,0.12,IR,15.0,8M,Medium,High
vijay2024_elife93243,M. tuberculosis,culture_age_60d,60.0,rifampicin,,,,vijay_054_age60d,7.361727836017593,2.0,6.785329835010767,False,1.3617278360175928,MPN/mL; RIF concentration not recorded in deposit,54,IR54,6100000.0,6.4,0.12,IR,15.0,8M,Medium,High
vijay2024_elife93243,M. tuberculosis,culture_age_60d,60.0,rifampicin,,,,vijay_054_age60d,7.361727836017593,5.0,6.785329835010767,False,1.3617278360175928,MPN/mL; RIF concentration not recorded in deposit,54,IR54,6100000.0,6.4,0.12,IR,15.0,8M,Medium,High
vijay2024_elife93243,M. tuberculosis,culture_age_60d,60.0,rifampicin,,,,vijay_055_age60d,7.361727836017593,0.0,7.361727836017593,False,1.3617278360175928,MPN/mL; RIF concentration not recorded in deposit,55,IR55,23000000.0,3.2,0.12,IR,19.0,5M,Medium,Medium
vijay2024_elife93243,M. tuberculosis,culture_age_60d,60.0,rifampicin,,,,vijay_055_age60d,7.361727836017593,2.0,6.361727836017593,False,1.3617278360175928,MPN/mL; RIF concentration not recorded in deposit,55,IR55,2300000.0,3.2,0.12,IR,19.0,5M,Medium,Medium
vijay2024_elife93243,M. tuberculosis,culture_age_60d,60.0,rifampicin,,,,vijay_055_age60d,7.361727836017593,5.0,5.785329835010767,False,1.3617278360175928,MPN/mL; RIF concentration not recorded in deposit,55,IR55,610000.0,3.2,0.12,IR,19.0,5M,Medium,Medium
vijay2024_elife93243,M. tuberculosis,culture_age_60d,60.0,rifampicin,,,,vijay_056_age60d,6.785329835010767,0.0,6.785329835010767,False,1.3617278360175928,MPN/mL; RIF concentration not recorded in deposit,56,IR56,6100000.0,3.2,0.12,IR,19.0,24M,Medium,Low
vijay2024_elife93243,M. tuberculosis,culture_age_60d,60.0,rifampicin,,,,vijay_056_age60d,6.785329835010767,2.0,4.361727836017593,False,1.3617278360175928,MPN/mL; RIF concentration not recorded in deposit,56,IR56,23000.0,3.2,0.12,IR,19.0,24M,Medium,Low
vijay2024_elife93243,M. tuberculosis,culture_age_60d,60.0,rifampicin,,,,vijay_056_age60d,6.785329835010767,5.0,4.361727836017593,False,1.3617278360175928,MPN/mL; RIF concentration not recorded in deposit,56,IR56,23000.0,3.2,0.12,IR,19.0,24M,Medium,Low
vijay2024_elife93243,M. tuberculosis,culture_age_60d,60.0,rifampicin,,,,vijay_057_age60d,7.361727836017593,0.0,7.361727836017593,False,1.3617278360175928,MPN/mL; RIF concentration not recorded in deposit,57,IR57,23000000.0,1.6,0.06,IR,19.0,1M,High,High
vijay2024_elife93243,M. tuberculosis,culture_age_60d,60.0,rifampicin,,,,vijay_057_age60d,7.361727836017593,2.0,7.361727836017593,False,1.3617278360175928,MPN/mL; RIF concentration not recorded in deposit,57,IR57,23000000.0,1.6,0.06,IR,19.0,1M,High,High
vijay2024_elife93243,M. tuberculosis,culture_age_60d,60.0,rifampicin,,,,vijay_057_age60d,7.361727836017593,5.0,6.785329835010767,False,1.3617278360175928,MPN/mL; RIF concentration not recorded in deposit,57,IR57,6100000.0,1.6,0.06,IR,19.0,1M,High,High
vijay2024_elife93243,M. tuberculosis,culture_age_60d,60.0,rifampicin,,,,vijay_058_age60d,8.361727836017593,0.0,8.361727836017593,False,1.3617278360175928,MPN/mL; RIF concentration not recorded in deposit,58,IR58,230000000.0,3.2,0.06,IR,19.0,18M,High,Medium
vijay2024_elife93243,M. tuberculosis,culture_age_60d,60.0,rifampicin,,,,vijay_058_age60d,8.361727836017593,2.0,6.690196080028514,False,1.3617278360175928,MPN/mL; RIF concentration not recorded in deposit,58,IR58,4900000.0,3.2,0.06,IR,19.0,18M,High,Medium
vijay2024_elife93243,M. tuberculosis,culture_age_60d,60.0,rifampicin,,,,vijay_058_age60d,8.361727836017593,5.0,6.785329835010767,False,1.3617278360175928,MPN/mL; RIF concentration not recorded in deposit,58,IR58,6100000.0,3.2,0.06,IR,19.0,18M,High,Medium
vijay2024_elife93243,M. tuberculosis,culture_age_60d,60.0,rifampicin,,,,vijay_059_age60d,7.785329835010767,0.0,7.785329835010767,False,1.3617278360175928,MPN/mL; RIF concentration not recorded in deposit,59,IR59,61000000.0,3.2,0.12,IR,15.0,2M,High,Medium
vijay2024_elife93243,M. tuberculosis,culture_age_60d,60.0,rifampicin,,,,vijay_059_age60d,7.785329835010767,2.0,6.690196080028514,False,1.3617278360175928,MPN/mL; RIF concentration not recorded in deposit,59,IR59,4900000.0,3.2,0.12,IR,15.0,2M,High,Medium
vijay2024_elife93243,M. tuberculosis,culture_age_60d,60.0,rifampicin,,,,vijay_059_age60d,7.785329835010767,5.0,6.785329835010767,False,1.3617278360175928,MPN/mL; RIF concentration not recorded in deposit,59,IR59,6100000.0,3.2,0.12,IR,15.0,2M,High,Medium
vijay2024_elife93243,M. tuberculosis,culture_age_60d,60.0,rifampicin,,,,vijay_060_age60d,8.361727836017593,0.0,8.361727836017593,False,1.3617278360175928,MPN/mL; RIF concentration not recorded in deposit,60,IR60,230000000.0,3.2,0.06,IR,15.0,12M,Medium,Low
vijay2024_elife93243,M. tuberculosis,culture_age_60d,60.0,rifampicin,,,,vijay_060_age60d,8.361727836017593,2.0,6.785329835010767,False,1.3617278360175928,MPN/mL; RIF concentration not recorded in deposit,60,IR60,6100000.0,3.2,0.06,IR,15.0,12M,Medium,Low
vijay2024_elife93243,M. tuberculosis,culture_age_60d,60.0,rifampicin,,,,vijay_060_age60d,8.361727836017593,5.0,5.785329835010767,False,1.3617278360175928,MPN/mL; RIF concentration not recorded in deposit,60,IR60,610000.0,3.2,0.06,IR,15.0,12M,Medium,Low
vijay2024_elife93243,M. tuberculosis,culture_age_60d,60.0,rifampicin,,,,vijay_061_age60d,7.785329835010767,0.0,7.785329835010767,False,1.3617278360175928,MPN/mL; RIF concentration not recorded in deposit,61,IR61,61000000.0,3.2,0.06,IR,15.0,12M,Low,Low
vijay2024_elife93243,M. tuberculosis,culture_age_60d,60.0,rifampicin,,,,vijay_061_age60d,7.785329835010767,2.0,5.785329835010767,False,1.3617278360175928,MPN/mL; RIF concentration not recorded in deposit,61,IR61,610000.0,3.2,0.06,IR,15.0,12M,Low,Low
vijay2024_elife93243,M. tuberculosis,culture_age_60d,60.0,rifampicin,,,,vijay_061_age60d,7.785329835010767,5.0,4.079181246047625,False,1.3617278360175928,MPN/mL; RIF concentration not recorded in deposit,61,IR61,12000.0,3.2,0.06,IR,15.0,12M,Low,Low
vijay2024_elife93243,M. tuberculosis,culture_age_60d,60.0,rifampicin,,,,vijay_062_age60d,7.361727836017593,0.0,7.361727836017593,False,1.3617278360175928,MPN/mL; RIF concentration not recorded in deposit,62,IR62,23000000.0,,,IR,19.0,18M,Medium,Low
vijay2024_elife93243,M. tuberculosis,culture_age_60d,60.0,rifampicin,,,,vijay_062_age60d,7.361727836017593,2.0,5.785329835010767,False,1.3617278360175928,MPN/mL; RIF concentration not recorded in deposit,62,IR62,610000.0,,,IR,19.0,18M,Medium,Low
vijay2024_elife93243,M. tuberculosis,culture_age_60d,60.0,rifampicin,,,,vijay_062_age60d,7.361727836017593,5.0,4.785329835010767,False,1.3617278360175928,MPN/mL; RIF concentration not recorded in deposit,62,IR62,61000.0,,,IR,19.0,18M,Medium,Low
vijay2024_elife93243,M. tuberculosis,culture_age_60d,60.0,rifampicin,,,,vijay_063_age60d,4.785329835010767,0.0,4.785329835010767,False,1.3617278360175928,MPN/mL; RIF concentration not recorded in deposit,63,IR63,61000.0,3.2,0.12,IR,28.0,1M,High,High
vijay2024_elife93243,M. tuberculosis,culture_age_60d,60.0,rifampicin,,,,vijay_063_age60d,4.785329835010767,2.0,4.361727836017593,False,1.3617278360175928,MPN/mL; RIF concentration not recorded in deposit,63,IR63,23000.0,3.2,0.12,IR,28.0,1M,High,High
vijay2024_elife93243,M. tuberculosis,culture_age_60d,60.0,rifampicin,,,,vijay_063_age60d,4.785329835010767,5.0,4.785329835010767,False,1.3617278360175928,MPN/mL; RIF concentration not recorded in deposit,63,IR63,61000.0,3.2,0.12,IR,28.0,1M,High,High
vijay2024_elife93243,M. tuberculosis,culture_age_60d,60.0,rifampicin,,,,vijay_064_age60d,4.361727836017593,0.0,4.361727836017593,False,1.3617278360175928,MPN/mL; RIF concentration not recorded in deposit,64,IR64,23000.0,3.2,0.12,IR,37.0,12M,Medium,Medium
vijay2024_elife93243,M. tuberculosis,culture_age_60d,60.0,rifampicin,,,,vijay_064_age60d,4.361727836017593,2.0,2.361727836017593,False,1.3617278360175928,MPN/mL; RIF concentration not recorded in deposit,64,IR64,230.0,3.2,0.12,IR,37.0,12M,Medium,Medium
vijay2024_elife93243,M. tuberculosis,culture_age_60d,60.0,rifampicin,,,,vijay_064_age60d,4.361727836017593,5.0,2.361727836017593,False,1.3617278360175928,MPN/mL; RIF concentration not recorded in deposit,64,IR64,230.0,3.2,0.12,IR,37.0,12M,Medium,Medium
vijay2024_elife93243,M. tuberculosis,culture_age_60d,60.0,rifampicin,,,,vijay_065_age60d,7.361727836017593,0.0,7.361727836017593,False,1.3617278360175928,MPN/mL; RIF concentration not recorded in deposit,65,IR65,23000000.0,6.4,0.06,IR,19.0,1M,Medium,Low
vijay2024_elife93243,M. tuberculosis,culture_age_60d,60.0,rifampicin,,,,vijay_065_age60d,7.361727836017593,2.0,6.361727836017593,False,1.3617278360175928,MPN/mL; RIF concentration not recorded in deposit,65,IR65,2300000.0,6.4,0.06,IR,19.0,1M,Medium,Low
vijay2024_elife93243,M. tuberculosis,culture_age_60d,60.0,rifampicin,,,,vijay_065_age60d,7.361727836017593,5.0,5.113943352306837,False,1.3617278360175928,MPN/mL; RIF concentration not recorded in deposit,65,IR65,130000.0,6.4,0.06,IR,19.0,1M,Medium,Low
vijay2024_elife93243,M. tuberculosis,culture_age_60d,60.0,rifampicin,,,,vijay_066_age60d,6.785329835010767,0.0,6.785329835010767,False,1.3617278360175928,MPN/mL; RIF concentration not recorded in deposit,66,IR66,6100000.0,6.4,0.12,IR,22.0,12M,Medium,Low
vijay2024_elife93243,M. tuberculosis,culture_age_60d,60.0,rifampicin,,,,vijay_066_age60d,6.785329835010767,2.0,6.361727836017593,False,1.3617278360175928,MPN/mL; RIF concentration not recorded in deposit,66,IR66,2300000.0,6.4,0.12,IR,22.0,12M,Medium,Low
vijay2024_elife93243,M. tuberculosis,culture_age_60d,60.0,rifampicin,,,,vijay_066_age60d,6.785329835010767,5.0,,True,1.3617278360175928,MPN/mL; RIF concentration not recorded in deposit; at assay floor 23 MPN/mL,66,IR66,23.0,6.4,0.12,IR,22.0,12M,Medium,Low
vijay2024_elife93243,M. tuberculosis,culture_age_60d,60.0,rifampicin,,,,vijay_067_age60d,5.361727836017593,0.0,5.361727836017593,False,1.3617278360175928,MPN/mL; RIF concentration not recorded in deposit,67,IR67,230000.0,,,IR,28.0,1M,High,Medium
vijay2024_elife93243,M. tuberculosis,culture_age_60d,60.0,rifampicin,,,,vijay_067_age60d,5.361727836017593,2.0,5.361727836017593,False,1.3617278360175928,MPN/mL; RIF concentration not recorded in deposit,67,IR67,230000.0,,,IR,28.0,1M,High,Medium
vijay2024_elife93243,M. tuberculosis,culture_age_60d,60.0,rifampicin,,,,vijay_067_age60d,5.361727836017593,5.0,4.361727836017593,False,1.3617278360175928,MPN/mL; RIF concentration not recorded in deposit,67,IR67,23000.0,,,IR,28.0,1M,High,Medium
vijay2024_elife93243,M. tuberculosis,culture_age_60d,60.0,rifampicin,,,,vijay_068_age60d,5.361727836017593,0.0,5.361727836017593,False,1.3617278360175928,MPN/mL; RIF concentration not recorded in deposit,68,IR68,230000.0,,,IR,37.0,2M,High,High
vijay2024_elife93243,M. tuberculosis,culture_age_60d,60.0,rifampicin,,,,vijay_068_age60d,5.361727836017593,2.0,5.785329835010767,False,1.3617278360175928,MPN/mL; RIF concentration not recorded in deposit,68,IR68,610000.0,,,IR,37.0,2M,High,High
vijay2024_elife93243,M. tuberculosis,culture_age_60d,60.0,rifampicin,,,,vijay_068_age60d,5.361727836017593,5.0,4.785329835010767,False,1.3617278360175928,MPN/mL; RIF concentration not recorded in deposit,68,IR68,61000.0,,,IR,37.0,2M,High,High
vijay2024_elife93243,M. tuberculosis,culture_age_60d,60.0,rifampicin,,,,vijay_069_age60d,7.361727836017593,0.0,7.361727836017593,False,1.3617278360175928,MPN/mL; RIF concentration not recorded in deposit,69,IR69,23000000.0,,,IR,8.0,0M,Low,High
vijay2024_elife93243,M. tuberculosis,culture_age_60d,60.0,rifampicin,,,,vijay_069_age60d,7.361727836017593,2.0,6.690196080028514,False,1.3617278360175928,MPN/mL; RIF concentration not recorded in deposit,69,IR69,4900000.0,,,IR,8.0,0M,Low,High
vijay2024_elife93243,M. tuberculosis,culture_age_60d,60.0,rifampicin,,,,vijay_069_age60d,7.361727836017593,5.0,6.690196080028514,False,1.3617278360175928,MPN/mL; RIF concentration not recorded in deposit,69,IR69,4900000.0,,,IR,8.0,0M,Low,High
vijay2024_elife93243,M. tuberculosis,culture_age_60d,60.0,rifampicin,,,,vijay_070_age60d,7.361727836017593,0.0,7.361727836017593,False,1.3617278360175928,MPN/mL; RIF concentration not recorded in deposit,70,IR70,23000000.0,,,IR,19.0,0M,High,Medium
vijay2024_elife93243,M. tuberculosis,culture_age_60d,60.0,rifampicin,,,,vijay_070_age60d,7.361727836017593,2.0,7.361727836017593,False,1.3617278360175928,MPN/mL; RIF concentration not recorded in deposit,70,IR70,23000000.0,,,IR,19.0,0M,High,Medium
vijay2024_elife93243,M. tuberculosis,culture_age_60d,60.0,rifampicin,,,,vijay_070_age60d,7.361727836017593,5.0,6.113943352306837,False,1.3617278360175928,MPN/mL; RIF concentration not recorded in deposit,70,IR70,1300000.0,,,IR,19.0,0M,High,Medium
vijay2024_elife93243,M. tuberculosis,culture_age_60d,60.0,rifampicin,,,,vijay_071_age60d,7.785329835010767,0.0,7.785329835010767,False,1.3617278360175928,MPN/mL; RIF concentration not recorded in deposit,71,IR71,61000000.0,,,IR,19.0,1M,High,Medium
vijay2024_elife93243,M. tuberculosis,culture_age_60d,60.0,rifampicin,,,,vijay_071_age60d,7.785329835010767,2.0,6.690196080028514,False,1.3617278360175928,MPN/mL; RIF concentration not recorded in deposit,71,IR71,4900000.0,,,IR,19.0,1M,High,Medium
vijay2024_elife93243,M. tuberculosis,culture_age_60d,60.0,rifampicin,,,,vijay_071_age60d,7.785329835010767,5.0,6.785329835010767,False,1.3617278360175928,MPN/mL; RIF concentration not recorded in deposit,71,IR71,6100000.0,,,IR,19.0,1M,High,Medium
vijay2024_elife93243,M. tuberculosis,culture_age_60d,60.0,rifampicin,,,,vijay_072_age60d,3.785329835010767,0.0,3.785329835010767,False,1.3617278360175928,MPN/mL; RIF concentration not recorded in deposit,72,IR72,6100.0,,,IR,36.0,0M,High,High
vijay2024_elife93243,M. tuberculosis,culture_age_60d,60.0,rifampicin,,,,vijay_072_age60d,3.785329835010767,2.0,4.785329835010767,False,1.3617278360175928,MPN/mL; RIF concentration not recorded in deposit,72,IR72,61000.0,,,IR,36.0,0M,High,High
vijay2024_elife93243,M. tuberculosis,culture_age_60d,60.0,rifampicin,,,,vijay_072_age60d,3.785329835010767,5.0,4.785329835010767,False,1.3617278360175928,MPN/mL; RIF concentration not recorded in deposit,72,IR72,61000.0,,,IR,36.0,0M,High,High
vijay2024_elife93243,M. tuberculosis,culture_age_60d,60.0,rifampicin,,,,vijay_073_age60d,3.361727836017593,0.0,3.361727836017593,False,1.3617278360175928,MPN/mL; RIF concentration not recorded in deposit,73,IR73,2300.0,,,IR,37.0,0M,High,High
vijay2024_elife93243,M. tuberculosis,culture_age_60d,60.0,rifampicin,,,,vijay_073_age60d,3.361727836017593,2.0,3.361727836017593,False,1.3617278360175928,MPN/mL; RIF concentration not recorded in deposit,73,IR73,2300.0,,,IR,37.0,0M,High,High
vijay2024_elife93243,M. tuberculosis,culture_age_60d,60.0,rifampicin,,,,vijay_073_age60d,3.361727836017593,5.0,3.785329835010767,False,1.3617278360175928,MPN/mL; RIF concentration not recorded in deposit,73,IR73,6100.0,,,IR,37.0,0M,High,High
vijay2024_elife93243,M. tuberculosis,culture_age_60d,60.0,rifampicin,,,,vijay_074_age60d,7.361727836017593,0.0,7.361727836017593,False,1.3617278360175928,MPN/mL; RIF concentration not recorded in deposit,74,IR74,23000000.0,3.2,0.06,IR,19.0,0M,High,High
vijay2024_elife93243,M. tuberculosis,culture_age_60d,60.0,rifampicin,,,,vijay_074_age60d,7.361727836017593,2.0,5.361727836017593,False,1.3617278360175928,MPN/mL; RIF concentration not recorded in deposit,74,IR74,230000.0,3.2,0.06,IR,19.0,0M,High,High
vijay2024_elife93243,M. tuberculosis,culture_age_60d,60.0,rifampicin,,,,vijay_074_age60d,7.361727836017593,5.0,6.785329835010767,False,1.3617278360175928,MPN/mL; RIF concentration not recorded in deposit,74,IR74,6100000.0,3.2,0.06,IR,19.0,0M,High,High
vijay2024_elife93243,M. tuberculosis,culture_age_60d,60.0,rifampicin,,,,vijay_075_age60d,7.785329835010767,0.0,7.785329835010767,False,1.3617278360175928,MPN/mL; RIF concentration not recorded in deposit,75,IR75,61000000.0,,,IR,19.0,1M,Medium,Medium
vijay2024_elife93243,M. tuberculosis,culture_age_60d,60.0,rifampicin,,,,vijay_075_age60d,7.785329835010767,2.0,6.785329835010767,False,1.3617278360175928,MPN/mL; RIF concentration not recorded in deposit,75,IR75,6100000.0,,,IR,19.0,1M,Medium,Medium
vijay2024_elife93243,M. tuberculosis,culture_age_60d,60.0,rifampicin,,,,vijay_075_age60d,7.785329835010767,5.0,5.785329835010767,False,1.3617278360175928,MPN/mL; RIF concentration not recorded in deposit,75,IR75,610000.0,,,IR,19.0,1M,Medium,Medium
vijay2024_elife93243,M. tuberculosis,culture_age_60d,60.0,rifampicin,,,,vijay_076_age60d,7.361727836017593,0.0,7.361727836017593,False,1.3617278360175928,MPN/mL; RIF concentration not recorded in deposit,76,IR76,23000000.0,,,IR,19.0,18M,Low,Low
vijay2024_elife93243,M. tuberculosis,culture_age_60d,60.0,rifampicin,,,,vijay_076_age60d,7.361727836017593,2.0,6.361727836017593,False,1.3617278360175928,MPN/mL; RIF concentration not recorded in deposit,76,IR76,2300000.0,,,IR,19.0,18M,Low,Low
vijay2024_elife93243,M. tuberculosis,culture_age_60d,60.0,rifampicin,,,,vijay_076_age60d,7.361727836017593,5.0,,True,1.3617278360175928,MPN/mL; RIF concentration not recorded in deposit; at assay floor 23 MPN/mL,76,IR76,23.0,,,IR,19.0,18M,Low,Low
vijay2024_elife93243,M. tuberculosis,culture_age_60d,60.0,rifampicin,,,,vijay_077_age60d,7.113943352306837,0.0,7.113943352306837,False,1.3617278360175928,MPN/mL; RIF concentration not recorded in deposit,77,IR77,13000000.0,,,IR,19.0,0M,Medium,Medium
vijay2024_elife93243,M. tuberculosis,culture_age_60d,60.0,rifampicin,,,,vijay_077_age60d,7.113943352306837,2.0,6.361727836017593,False,1.3617278360175928,MPN/mL; RIF concentration not recorded in deposit,77,IR77,2300000.0,,,IR,19.0,0M,Medium,Medium
vijay2024_elife93243,M. tuberculosis,culture_age_60d,60.0,rifampicin,,,,vijay_077_age60d,7.113943352306837,5.0,5.361727836017593,False,1.3617278360175928,MPN/mL; RIF concentration not recorded in deposit,77,IR77,230000.0,,,IR,19.0,0M,Medium,Medium
vijay2024_elife93243,M. tuberculosis,culture_age_60d,60.0,rifampicin,,,,vijay_078_age60d,7.361727836017593,0.0,7.361727836017593,False,1.3617278360175928,MPN/mL; RIF concentration not recorded in deposit,78,IR78,23000000.0,,,IR,8.0,0M,High,High
vijay2024_elife93243,M. tuberculosis,culture_age_60d,60.0,rifampicin,,,,vijay_078_age60d,7.361727836017593,2.0,7.785329835010767,False,1.3617278360175928,MPN/mL; RIF concentration not recorded in deposit,78,IR78,61000000.0,,,IR,8.0,0M,High,High
vijay2024_elife93243,M. tuberculosis,culture_age_60d,60.0,rifampicin,,,,vijay_078_age60d,7.361727836017593,5.0,6.785329835010767,False,1.3617278360175928,MPN/mL; RIF concentration not recorded in deposit,78,IR78,6100000.0,,,IR,8.0,0M,High,High
vijay2024_elife93243,M. tuberculosis,culture_age_60d,60.0,rifampicin,,,,vijay_079_age60d,7.361727836017593,0.0,7.361727836017593,False,1.3617278360175928,MPN/mL; RIF concentration not recorded in deposit,79,IR79,23000000.0,,,IR,19.0,1M,High,Medium
vijay2024_elife93243,M. tuberculosis,culture_age_60d,60.0,rifampicin,,,,vijay_079_age60d,7.361727836017593,2.0,6.361727836017593,False,1.3617278360175928,MPN/mL; RIF concentration not recorded in deposit,79,IR79,2300000.0,,,IR,19.0,1M,High,Medium
vijay2024_elife93243,M. tuberculosis,culture_age_60d,60.0,rifampicin,,,,vijay_079_age60d,7.361727836017593,5.0,5.361727836017593,False,1.3617278360175928,MPN/mL; RIF concentration not recorded in deposit,79,IR79,230000.0,,,IR,19.0,1M,High,Medium
vijay2024_elife93243,M. tuberculosis,culture_age_60d,60.0,rifampicin,,,,vijay_080_age60d,6.785329835010767,0.0,6.785329835010767,False,1.3617278360175928,MPN/mL; RIF concentration not recorded in deposit,80,IR80,6100000.0,,,IR,19.0,8M,Medium,High
vijay2024_elife93243,M. tuberculosis,culture_age_60d,60.0,rifampicin,,,,vijay_080_age60d,6.785329835010767,2.0,5.785329835010767,False,1.3617278360175928,MPN/mL; RIF concentration not recorded in deposit,80,IR80,610000.0,,,IR,19.0,8M,Medium,High
vijay2024_elife93243,M. tuberculosis,culture_age_60d,60.0,rifampicin,,,,vijay_080_age60d,6.785329835010767,5.0,6.113943352306837,False,1.3617278360175928,MPN/mL; RIF concentration not recorded in deposit,80,IR80,1300000.0,,,IR,19.0,8M,Medium,High
vijay2024_elife93243,M. tuberculosis,culture_age_60d,60.0,rifampicin,,,,vijay_081_age60d,7.785329835010767,0.0,7.785329835010767,False,1.3617278360175928,MPN/mL; RIF concentration not recorded in deposit,81,IR81,61000000.0,6.4,0.12,IR,8.0,1M,High,Medium
vijay2024_elife93243,M. tuberculosis,culture_age_60d,60.0,rifampicin,,,,vijay_081_age60d,7.785329835010767,2.0,6.361727836017593,False,1.3617278360175928,MPN/mL; RIF concentration not recorded in deposit,81,IR81,2300000.0,6.4,0.12,IR,8.0,1M,High,Medium
vijay2024_elife93243,M. tuberculosis,culture_age_60d,60.0,rifampicin,,,,vijay_081_age60d,7.785329835010767,5.0,6.785329835010767,False,1.3617278360175928,MPN/mL; RIF concentration not recorded in deposit,81,IR81,6100000.0,6.4,0.12,IR,8.0,1M,High,Medium
vijay2024_elife93243,M. tuberculosis,culture_age_60d,60.0,rifampicin,,,,vijay_082_age60d,7.361727836017593,0.0,7.361727836017593,False,1.3617278360175928,MPN/mL; RIF concentration not recorded in deposit,82,IR82,23000000.0,3.2,0.06,IR,19.0,0M,Medium,Medium
vijay2024_elife93243,M. tuberculosis,culture_age_60d,60.0,rifampicin,,,,vijay_082_age60d,7.361727836017593,2.0,6.785329835010767,False,1.3617278360175928,MPN/mL; RIF concentration not recorded in deposit,82,IR82,6100000.0,3.2,0.06,IR,19.0,0M,Medium,Medium
vijay2024_elife93243,M. tuberculosis,culture_age_60d,60.0,rifampicin,,,,vijay_082_age60d,7.361727836017593,5.0,5.785329835010767,False,1.3617278360175928,MPN/mL; RIF concentration not recorded in deposit,82,IR82,610000.0,3.2,0.06,IR,19.0,0M,Medium,Medium
vijay2024_elife93243,M. tuberculosis,culture_age_60d,60.0,rifampicin,,,,vijay_083_age60d,7.785329835010767,0.0,7.785329835010767,False,1.3617278360175928,MPN/mL; RIF concentration not recorded in deposit,83,IR83,61000000.0,0.4,0.25,IR,19.0,12M,High,Low
vijay2024_elife93243,M. tuberculosis,culture_age_60d,60.0,rifampicin,,,,vijay_083_age60d,7.785329835010767,2.0,6.361727836017593,False,1.3617278360175928,MPN/mL; RIF concentration not recorded in deposit,83,IR83,2300000.0,0.4,0.25,IR,19.0,12M,High,Low
vijay2024_elife93243,M. tuberculosis,culture_age_60d,60.0,rifampicin,,,,vijay_083_age60d,7.785329835010767,5.0,5.361727836017593,False,1.3617278360175928,MPN/mL; RIF concentration not recorded in deposit,83,IR83,230000.0,0.4,0.25,IR,19.0,12M,High,Low
vijay2024_elife93243,M. tuberculosis,culture_age_60d,60.0,rifampicin,,,,vijay_084_age60d,7.785329835010767,0.0,7.785329835010767,False,1.3617278360175928,MPN/mL; RIF concentration not recorded in deposit,84,IR84,61000000.0,,,IR,19.0,0M,High,Low
vijay2024_elife93243,M. tuberculosis,culture_age_60d,60.0,rifampicin,,,,vijay_084_age60d,7.785329835010767,2.0,5.785329835010767,False,1.3617278360175928,MPN/mL; RIF concentration not recorded in deposit,84,IR84,610000.0,,,IR,19.0,0M,High,Low
vijay2024_elife93243,M. tuberculosis,culture_age_60d,60.0,rifampicin,,,,vijay_084_age60d,7.785329835010767,5.0,5.361727836017593,False,1.3617278360175928,MPN/mL; RIF concentration not recorded in deposit,84,IR84,230000.0,,,IR,19.0,0M,High,Low
vijay2024_elife93243,M. tuberculosis,culture_age_60d,60.0,rifampicin,,,,vijay_086_age60d,7.361727836017593,0.0,7.361727836017593,False,1.3617278360175928,MPN/mL; RIF concentration not recorded in deposit,86,IS2,23000000.0,0.05,0.06,IS,15.0,0M,High,Medium
vijay2024_elife93243,M. tuberculosis,culture_age_60d,60.0,rifampicin,,,,vijay_086_age60d,7.361727836017593,2.0,5.361727836017593,False,1.3617278360175928,MPN/mL; RIF concentration not recorded in deposit,86,IS2,230000.0,0.05,0.06,IS,15.0,0M,High,Medium
vijay2024_elife93243,M. tuberculosis,culture_age_60d,60.0,rifampicin,,,,vijay_086_age60d,7.361727836017593,5.0,6.361727836017593,False,1.3617278360175928,MPN/mL; RIF concentration not recorded in deposit,86,IS2,2300000.0,0.05,0.06,IS,15.0,0M,High,Medium
vijay2024_elife93243,M. tuberculosis,culture_age_60d,60.0,rifampicin,,,,vijay_087_age60d,7.361727836017593,0.0,7.361727836017593,False,1.3617278360175928,MPN/mL; RIF concentration not recorded in deposit,87,IS3,23000000.0,0.025,0.06,IS,31.0,0M,Medium,Medium
vijay2024_elife93243,M. tuberculosis,culture_age_60d,60.0,rifampicin,,,,vijay_087_age60d,7.361727836017593,2.0,6.785329835010767,False,1.3617278360175928,MPN/mL; RIF concentration not recorded in deposit,87,IS3,6100000.0,0.025,0.06,IS,31.0,0M,Medium,Medium
vijay2024_elife93243,M. tuberculosis,culture_age_60d,60.0,rifampicin,,,,vijay_087_age60d,7.361727836017593,5.0,5.785329835010767,False,1.3617278360175928,MPN/mL; RIF concentration not recorded in deposit,87,IS3,610000.0,0.025,0.06,IS,31.0,0M,Medium,Medium
vijay2024_elife93243,M. tuberculosis,culture_age_60d,60.0,rifampicin,,,,vijay_089_age60d,7.361727836017593,0.0,7.361727836017593,False,1.3617278360175928,MPN/mL; RIF concentration not recorded in deposit,89,IS5,23000000.0,0.025,0.5,IS,17.0,0M,Medium,Low
vijay2024_elife93243,M. tuberculosis,culture_age_60d,60.0,rifampicin,,,,vijay_089_age60d,7.361727836017593,2.0,5.785329835010767,False,1.3617278360175928,MPN/mL; RIF concentration not recorded in deposit,89,IS5,610000.0,0.025,0.5,IS,17.0,0M,Medium,Low
vijay2024_elife93243,M. tuberculosis,culture_age_60d,60.0,rifampicin,,,,vijay_089_age60d,7.361727836017593,5.0,4.361727836017593,False,1.3617278360175928,MPN/mL; RIF concentration not recorded in deposit,89,IS5,23000.0,0.025,0.5,IS,17.0,0M,Medium,Low
vijay2024_elife93243,M. tuberculosis,culture_age_60d,60.0,rifampicin,,,,vijay_090_age60d,7.785329835010767,0.0,7.785329835010767,False,1.3617278360175928,MPN/mL; RIF concentration not recorded in deposit,90,IS6,61000000.0,0.025,0.06,IS,21.0,0M,High,High
vijay2024_elife93243,M. tuberculosis,culture_age_60d,60.0,rifampicin,,,,vijay_090_age60d,7.785329835010767,2.0,7.113943352306837,False,1.3617278360175928,MPN/mL; RIF concentration not recorded in deposit,90,IS6,13000000.0,0.025,0.06,IS,21.0,0M,High,High
vijay2024_elife93243,M. tuberculosis,culture_age_60d,60.0,rifampicin,,,,vijay_090_age60d,7.785329835010767,5.0,7.361727836017593,False,1.3617278360175928,MPN/mL; RIF concentration not recorded in deposit,90,IS6,23000000.0,0.025,0.06,IS,21.0,0M,High,High
vijay2024_elife93243,M. tuberculosis,culture_age_60d,60.0,rifampicin,,,,vijay_091_age60d,8.113943352306837,0.0,8.113943352306837,False,1.3617278360175928,MPN/mL; RIF concentration not recorded in deposit,91,IS7,130000000.0,0.025,0.06,IS,17.0,0M,Medium,Medium
vijay2024_elife93243,M. tuberculosis,culture_age_60d,60.0,rifampicin,,,,vijay_091_age60d,8.113943352306837,2.0,7.785329835010767,False,1.3617278360175928,MPN/mL; RIF concentration not recorded in deposit,91,IS7,61000000.0,0.025,0.06,IS,17.0,0M,Medium,Medium
vijay2024_elife93243,M. tuberculosis,culture_age_60d,60.0,rifampicin,,,,vijay_091_age60d,8.113943352306837,5.0,6.785329835010767,False,1.3617278360175928,MPN/mL; RIF concentration not recorded in deposit,91,IS7,6100000.0,0.025,0.06,IS,17.0,0M,Medium,Medium
vijay2024_elife93243,M. tuberculosis,culture_age_60d,60.0,rifampicin,,,,vijay_092_age60d,7.113943352306837,0.0,7.113943352306837,False,1.3617278360175928,MPN/mL; RIF concentration not recorded in deposit,92,IS8,13000000.0,0.025,0.06,IS,21.0,0M,Medium,High
vijay2024_elife93243,M. tuberculosis,culture_age_60d,60.0,rifampicin,,,,vijay_092_age60d,7.113943352306837,2.0,6.361727836017593,False,1.3617278360175928,MPN/mL; RIF concentration not recorded in deposit,92,IS8,2300000.0,0.025,0.06,IS,21.0,0M,Medium,High
vijay2024_elife93243,M. tuberculosis,culture_age_60d,60.0,rifampicin,,,,vijay_092_age60d,7.113943352306837,5.0,6.361727836017593,False,1.3617278360175928,MPN/mL; RIF concentration not recorded in deposit,92,IS8,2300000.0,0.025,0.06,IS,21.0,0M,Medium,High
vijay2024_elife93243,M. tuberculosis,culture_age_60d,60.0,rifampicin,,,,vijay_093_age60d,6.361727836017593,0.0,6.361727836017593,False,1.3617278360175928,MPN/mL; RIF concentration not recorded in deposit,93,IS9,2300000.0,0.025,0.06,IS,21.0,0M,Medium,High
vijay2024_elife93243,M. tuberculosis,culture_age_60d,60.0,rifampicin,,,,vijay_093_age60d,6.361727836017593,2.0,7.361727836017593,False,1.3617278360175928,MPN/mL; RIF concentration not recorded in deposit,93,IS9,23000000.0,0.025,0.06,IS,21.0,0M,Medium,High
vijay2024_elife93243,M. tuberculosis,culture_age_60d,60.0,rifampicin,,,,vijay_093_age60d,6.361727836017593,5.0,6.113943352306837,False,1.3617278360175928,MPN/mL; RIF concentration not recorded in deposit,93,IS9,1300000.0,0.025,0.06,IS,21.0,0M,Medium,High
vijay2024_elife93243,M. tuberculosis,culture_age_60d,60.0,rifampicin,,,,vijay_094_age60d,6.361727836017593,0.0,6.361727836017593,False,1.3617278360175928,MPN/mL; RIF concentration not recorded in deposit,94,IS10,2300000.0,0.025,0.06,IS,15.0,0M,Medium,High
vijay2024_elife93243,M. tuberculosis,culture_age_60d,60.0,rifampicin,,,,vijay_094_age60d,6.361727836017593,2.0,4.785329835010767,False,1.3617278360175928,MPN/mL; RIF concentration not recorded in deposit,94,IS10,61000.0,0.025,0.06,IS,15.0,0M,Medium,High
vijay2024_elife93243,M. tuberculosis,culture_age_60d,60.0,rifampicin,,,,vijay_094_age60d,6.361727836017593,5.0,5.785329835010767,False,1.3617278360175928,MPN/mL; RIF concentration not recorded in deposit,94,IS10,610000.0,0.025,0.06,IS,15.0,0M,Medium,High
vijay2024_elife93243,M. tuberculosis,culture_age_60d,60.0,rifampicin,,,,vijay_095_age60d,7.361727836017593,0.0,7.361727836017593,False,1.3617278360175928,MPN/mL; RIF concentration not recorded in deposit,95,IS11,23000000.0,0.025,0.06,IS,21.0,0M,High,Medium
vijay2024_elife93243,M. tuberculosis,culture_age_60d,60.0,rifampicin,,,,vijay_095_age60d,7.361727836017593,2.0,6.785329835010767,False,1.3617278360175928,MPN/mL; RIF concentration not recorded in deposit,95,IS11,6100000.0,0.025,0.06,IS,21.0,0M,High,Medium
vijay2024_elife93243,M. tuberculosis,culture_age_60d,60.0,rifampicin,,,,vijay_095_age60d,7.361727836017593,5.0,6.361727836017593,False,1.3617278360175928,MPN/mL; RIF concentration not recorded in deposit,95,IS11,2300000.0,0.025,0.06,IS,21.0,0M,High,Medium
vijay2024_elife93243,M. tuberculosis,culture_age_60d,60.0,rifampicin,,,,vijay_096_age60d,7.785329835010767,0.0,7.785329835010767,False,1.3617278360175928,MPN/mL; RIF concentration not recorded in deposit,96,IS12,61000000.0,0.05,0.06,IS,17.0,0M,Medium,Medium
vijay2024_elife93243,M. tuberculosis,culture_age_60d,60.0,rifampicin,,,,vijay_096_age60d,7.785329835010767,2.0,6.785329835010767,False,1.3617278360175928,MPN/mL; RIF concentration not recorded in deposit,96,IS12,6100000.0,0.05,0.06,IS,17.0,0M,Medium,Medium
vijay2024_elife93243,M. tuberculosis,culture_age_60d,60.0,rifampicin,,,,vijay_096_age60d,7.785329835010767,5.0,6.361727836017593,False,1.3617278360175928,MPN/mL; RIF concentration not recorded in deposit,96,IS12,2300000.0,0.05,0.06,IS,17.0,0M,Medium,Medium
vijay2024_elife93243,M. tuberculosis,culture_age_60d,60.0,rifampicin,,,,vijay_097_age60d,8.698970004336019,0.0,8.698970004336019,False,1.3617278360175928,MPN/mL; RIF concentration not recorded in deposit,97,IS13,500000000.0,0.025,0.06,IS,21.0,0M,Medium,Low
vijay2024_elife93243,M. tuberculosis,culture_age_60d,60.0,rifampicin,,,,vijay_097_age60d,8.698970004336019,2.0,7.785329835010767,False,1.3617278360175928,MPN/mL; RIF concentration not recorded in deposit,97,IS13,61000000.0,0.025,0.06,IS,21.0,0M,Medium,Low
vijay2024_elife93243,M. tuberculosis,culture_age_60d,60.0,rifampicin,,,,vijay_097_age60d,8.698970004336019,5.0,6.361727836017593,False,1.3617278360175928,MPN/mL; RIF concentration not recorded in deposit,97,IS13,2300000.0,0.025,0.06,IS,21.0,0M,Medium,Low
vijay2024_elife93243,M. tuberculosis,culture_age_60d,60.0,rifampicin,,,,vijay_098_age60d,7.361727836017593,0.0,7.361727836017593,False,1.3617278360175928,MPN/mL; RIF concentration not recorded in deposit,98,IS14,23000000.0,0.025,0.06,IS,17.0,0M,Medium,Medium
vijay2024_elife93243,M. tuberculosis,culture_age_60d,60.0,rifampicin,,,,vijay_098_age60d,7.361727836017593,2.0,7.361727836017593,False,1.3617278360175928,MPN/mL; RIF concentration not recorded in deposit,98,IS14,23000000.0,0.025,0.06,IS,17.0,0M,Medium,Medium
vijay2024_elife93243,M. tuberculosis,culture_age_60d,60.0,rifampicin,,,,vijay_098_age60d,7.361727836017593,5.0,6.361727836017593,False,1.3617278360175928,MPN/mL; RIF concentration not recorded in deposit,98,IS14,2300000.0,0.025,0.06,IS,17.0,0M,Medium,Medium
vijay2024_elife93243,M. tuberculosis,culture_age_60d,60.0,rifampicin,,,,vijay_099_age60d,6.785329835010767,0.0,6.785329835010767,False,1.3617278360175928,MPN/mL; RIF concentration not recorded in deposit,99,IS15,6100000.0,0.025,0.06,IS,18.0,0M,Low,Medium
vijay2024_elife93243,M. tuberculosis,culture_age_60d,60.0,rifampicin,,,,vijay_099_age60d,6.785329835010767,2.0,6.361727836017593,False,1.3617278360175928,MPN/mL; RIF concentration not recorded in deposit,99,IS15,2300000.0,0.025,0.06,IS,18.0,0M,Low,Medium
vijay2024_elife93243,M. tuberculosis,culture_age_60d,60.0,rifampicin,,,,vijay_099_age60d,6.785329835010767,5.0,5.361727836017593,False,1.3617278360175928,MPN/mL; RIF concentration not recorded in deposit,99,IS15,230000.0,0.025,0.06,IS,18.0,0M,Low,Medium
vijay2024_elife93243,M. tuberculosis,culture_age_60d,60.0,rifampicin,,,,vijay_100_age60d,8.361727836017593,0.0,8.361727836017593,False,1.3617278360175928,MPN/mL; RIF concentration not recorded in deposit,100,IS16,230000000.0,0.025,0.06,IS,15.0,0M,Medium,Medium
vijay2024_elife93243,M. tuberculosis,culture_age_60d,60.0,rifampicin,,,,vijay_100_age60d,8.361727836017593,2.0,7.361727836017593,False,1.3617278360175928,MPN/mL; RIF concentration not recorded in deposit,100,IS16,23000000.0,0.025,0.06,IS,15.0,0M,Medium,Medium
vijay2024_elife93243,M. tuberculosis,culture_age_60d,60.0,rifampicin,,,,vijay_100_age60d,8.361727836017593,5.0,6.361727836017593,False,1.3617278360175928,MPN/mL; RIF concentration not recorded in deposit,100,IS16,2300000.0,0.025,0.06,IS,15.0,0M,Medium,Medium
vijay2024_elife93243,M. tuberculosis,culture_age_60d,60.0,rifampicin,,,,vijay_101_age60d,7.361727836017593,0.0,7.361727836017593,False,1.3617278360175928,MPN/mL; RIF concentration not recorded in deposit,101,IS17,23000000.0,0.05,0.12,IS,17.0,0M,Medium,High
vijay2024_elife93243,M. tuberculosis,culture_age_60d,60.0,rifampicin,,,,vijay_101_age60d,7.361727836017593,2.0,6.785329835010767,False,1.3617278360175928,MPN/mL; RIF concentration not recorded in deposit,101,IS17,6100000.0,0.05,0.12,IS,17.0,0M,Medium,High
vijay2024_elife93243,M. tuberculosis,culture_age_60d,60.0,rifampicin,,,,vijay_101_age60d,7.361727836017593,5.0,6.785329835010767,False,1.3617278360175928,MPN/mL; RIF concentration not recorded in deposit,101,IS17,6100000.0,0.05,0.12,IS,17.0,0M,Medium,High
vijay2024_elife93243,M. tuberculosis,culture_age_60d,60.0,rifampicin,,,,vijay_102_age60d,8.361727836017593,0.0,8.361727836017593,False,1.3617278360175928,MPN/mL; RIF concentration not recorded in deposit,102,IS18,230000000.0,0.05,0.06,IS,15.0,0M,Low,Low
vijay2024_elife93243,M. tuberculosis,culture_age_60d,60.0,rifampicin,,,,vijay_102_age60d,8.361727836017593,2.0,6.785329835010767,False,1.3617278360175928,MPN/mL; RIF concentration not recorded in deposit,102,IS18,6100000.0,0.05,0.06,IS,15.0,0M,Low,Low
vijay2024_elife93243,M. tuberculosis,culture_age_60d,60.0,rifampicin,,,,vijay_102_age60d,8.361727836017593,5.0,5.361727836017593,False,1.3617278360175928,MPN/mL; RIF concentration not recorded in deposit,102,IS18,230000.0,0.05,0.06,IS,15.0,0M,Low,Low
vijay2024_elife93243,M. tuberculosis,culture_age_60d,60.0,rifampicin,,,,vijay_103_age60d,5.361727836017593,0.0,5.361727836017593,False,1.3617278360175928,MPN/mL; RIF concentration not recorded in deposit,103,IS19,230000.0,0.025,0.12,IS,18.0,0M,Medium,Low
vijay2024_elife93243,M. tuberculosis,culture_age_60d,60.0,rifampicin,,,,vijay_103_age60d,5.361727836017593,2.0,4.361727836017593,False,1.3617278360175928,MPN/mL; RIF concentration not recorded in deposit,103,IS19,23000.0,0.025,0.12,IS,18.0,0M,Medium,Low
vijay2024_elife93243,M. tuberculosis,culture_age_60d,60.0,rifampicin,,,,vijay_103_age60d,5.361727836017593,5.0,,True,1.3617278360175928,MPN/mL; RIF concentration not recorded in deposit; at assay floor 23 MPN/mL,103,IS19,23.0,0.025,0.12,IS,18.0,0M,Medium,Low
vijay2024_elife93243,M. tuberculosis,culture_age_60d,60.0,rifampicin,,,,vijay_104_age60d,6.785329835010767,0.0,6.785329835010767,False,1.3617278360175928,MPN/mL; RIF concentration not recorded in deposit,104,IS20,6100000.0,0.025,0.12,IS,15.0,0M,Low,Medium
vijay2024_elife93243,M. tuberculosis,culture_age_60d,60.0,rifampicin,,,,vijay_104_age60d,6.785329835010767,2.0,6.785329835010767,False,1.3617278360175928,MPN/mL; RIF concentration not recorded in deposit,104,IS20,6100000.0,0.025,0.12,IS,15.0,0M,Low,Medium
vijay2024_elife93243,M. tuberculosis,culture_age_60d,60.0,rifampicin,,,,vijay_104_age60d,6.785329835010767,5.0,5.785329835010767,False,1.3617278360175928,MPN/mL; RIF concentration not recorded in deposit,104,IS20,610000.0,0.025,0.12,IS,15.0,0M,Low,Medium
vijay2024_elife93243,M. tuberculosis,culture_age_60d,60.0,rifampicin,,,,vijay_105_age60d,7.690196080028514,0.0,7.690196080028514,False,1.3617278360175928,MPN/mL; RIF concentration not recorded in deposit,105,IS21,49000000.0,0.05,0.5,IS,19.0,0M,High,Low
vijay2024_elife93243,M. tuberculosis,culture_age_60d,60.0,rifampicin,,,,vijay_105_age60d,7.690196080028514,2.0,6.113943352306837,False,1.3617278360175928,MPN/mL; RIF concentration not recorded in deposit,105,IS21,1300000.0,0.05,0.5,IS,19.0,0M,High,Low
vijay2024_elife93243,M. tuberculosis,culture_age_60d,60.0,rifampicin,,,,vijay_105_age60d,7.690196080028514,5.0,5.361727836017593,False,1.3617278360175928,MPN/mL; RIF concentration not recorded in deposit,105,IS21,230000.0,0.05,0.5,IS,19.0,0M,High,Low
vijay2024_elife93243,M. tuberculosis,culture_age_60d,60.0,rifampicin,,,,vijay_106_age60d,8.361727836017593,0.0,8.361727836017593,False,1.3617278360175928,MPN/mL; RIF concentration not recorded in deposit,106,IS22,230000000.0,0.025,0.12,IS,19.0,0M,High,Low
vijay2024_elife93243,M. tuberculosis,culture_age_60d,60.0,rifampicin,,,,vijay_106_age60d,8.361727836017593,2.0,5.785329835010767,False,1.3617278360175928,MPN/mL; RIF concentration not recorded in deposit,106,IS22,610000.0,0.025,0.12,IS,19.0,0M,High,Low
vijay2024_elife93243,M. tuberculosis,culture_age_60d,60.0,rifampicin,,,,vijay_106_age60d,8.361727836017593,5.0,5.785329835010767,False,1.3617278360175928,MPN/mL; RIF concentration not recorded in deposit,106,IS22,610000.0,0.025,0.12,IS,19.0,0M,High,Low
vijay2024_elife93243,M. tuberculosis,culture_age_60d,60.0,rifampicin,,,,vijay_107_age60d,6.361727836017593,0.0,6.361727836017593,False,1.3617278360175928,MPN/mL; RIF concentration not recorded in deposit,107,IS23,2300000.0,0.025,0.12,IS,15.0,0M,Medium,Medium
vijay2024_elife93243,M. tuberculosis,culture_age_60d,60.0,rifampicin,,,,vijay_107_age60d,6.361727836017593,2.0,6.361727836017593,False,1.3617278360175928,MPN/mL; RIF concentration not recorded in deposit,107,IS23,2300000.0,0.025,0.12,IS,15.0,0M,Medium,Medium
vijay2024_elife93243,M. tuberculosis,culture_age_60d,60.0,rifampicin,,,,vijay_107_age60d,6.361727836017593,5.0,4.785329835010767,False,1.3617278360175928,MPN/mL; RIF concentration not recorded in deposit,107,IS23,61000.0,0.025,0.12,IS,15.0,0M,Medium,Medium
vijay2024_elife93243,M. tuberculosis,culture_age_60d,60.0,rifampicin,,,,vijay_108_age60d,7.785329835010767,0.0,7.785329835010767,False,1.3617278360175928,MPN/mL; RIF concentration not recorded in deposit,108,IS24,61000000.0,0.05,0.12,IS,19.0,0M,High,Medium
vijay2024_elife93243,M. tuberculosis,culture_age_60d,60.0,rifampicin,,,,vijay_108_age60d,7.785329835010767,2.0,6.361727836017593,False,1.3617278360175928,MPN/mL; RIF concentration not recorded in deposit,108,IS24,2300000.0,0.05,0.12,IS,19.0,0M,High,Medium
vijay2024_elife93243,M. tuberculosis,culture_age_60d,60.0,rifampicin,,,,vijay_108_age60d,7.785329835010767,5.0,6.361727836017593,False,1.3617278360175928,MPN/mL; RIF concentration not recorded in deposit,108,IS24,2300000.0,0.05,0.12,IS,19.0,0M,High,Medium
vijay2024_elife93243,M. tuberculosis,culture_age_60d,60.0,rifampicin,,,,vijay_109_age60d,7.361727836017593,0.0,7.361727836017593,False,1.3617278360175928,MPN/mL; RIF concentration not recorded in deposit,109,IS25,23000000.0,0.05,0.06,IS,15.0,0M,High,Medium
vijay2024_elife93243,M. tuberculosis,culture_age_60d,60.0,rifampicin,,,,vijay_109_age60d,7.361727836017593,2.0,7.361727836017593,False,1.3617278360175928,MPN/mL; RIF concentration not recorded in deposit,109,IS25,23000000.0,0.05,0.06,IS,15.0,0M,High,Medium
vijay2024_elife93243,M. tuberculosis,culture_age_60d,60.0,rifampicin,,,,vijay_109_age60d,7.361727836017593,5.0,5.785329835010767,False,1.3617278360175928,MPN/mL; RIF concentration not recorded in deposit,109,IS25,610000.0,0.05,0.06,IS,15.0,0M,High,Medium
vijay2024_elife93243,M. tuberculosis,culture_age_60d,60.0,rifampicin,,,,vijay_110_age60d,7.361727836017593,0.0,7.361727836017593,False,1.3617278360175928,MPN/mL; RIF concentration not recorded in deposit,110,IS26,23000000.0,0.05,0.12,IS,19.0,0M,High,Medium
vijay2024_elife93243,M. tuberculosis,culture_age_60d,60.0,rifampicin,,,,vijay_110_age60d,7.361727836017593,2.0,7.113943352306837,False,1.3617278360175928,MPN/mL; RIF concentration not recorded in deposit,110,IS26,13000000.0,0.05,0.12,IS,19.0,0M,High,Medium
vijay2024_elife93243,M. tuberculosis,culture_age_60d,60.0,rifampicin,,,,vijay_110_age60d,7.361727836017593,5.0,6.361727836017593,False,1.3617278360175928,MPN/mL; RIF concentration not recorded in deposit,110,IS26,2300000.0,0.05,0.12,IS,19.0,0M,High,Medium
vijay2024_elife93243,M. tuberculosis,culture_age_60d,60.0,rifampicin,,,,vijay_111_age60d,7.361727836017593,0.0,7.361727836017593,False,1.3617278360175928,MPN/mL; RIF concentration not recorded in deposit,111,IS27,23000000.0,0.025,0.12,IS,15.0,0M,Low,Medium
vijay2024_elife93243,M. tuberculosis,culture_age_60d,60.0,rifampicin,,,,vijay_111_age60d,7.361727836017593,2.0,6.113943352306837,False,1.3617278360175928,MPN/mL; RIF concentration not recorded in deposit,111,IS27,1300000.0,0.025,0.12,IS,15.0,0M,Low,Medium
vijay2024_elife93243,M. tuberculosis,culture_age_60d,60.0,rifampicin,,,,vijay_111_age60d,7.361727836017593,5.0,5.785329835010767,False,1.3617278360175928,MPN/mL; RIF concentration not recorded in deposit,111,IS27,610000.0,0.025,0.12,IS,15.0,0M,Low,Medium
vijay2024_elife93243,M. tuberculosis,culture_age_60d,60.0,rifampicin,,,,vijay_112_age60d,7.361727836017593,0.0,7.361727836017593,False,1.3617278360175928,MPN/mL; RIF concentration not recorded in deposit,112,IS28,23000000.0,0.05,0.12,IS,15.0,0M,Medium,Low
vijay2024_elife93243,M. tuberculosis,culture_age_60d,60.0,rifampicin,,,,vijay_112_age60d,7.361727836017593,2.0,5.785329835010767,False,1.3617278360175928,MPN/mL; RIF concentration not recorded in deposit,112,IS28,610000.0,0.05,0.12,IS,15.0,0M,Medium,Low
vijay2024_elife93243,M. tuberculosis,culture_age_60d,60.0,rifampicin,,,,vijay_112_age60d,7.361727836017593,5.0,4.361727836017593,False,1.3617278360175928,MPN/mL; RIF concentration not recorded in deposit,112,IS28,23000.0,0.05,0.12,IS,15.0,0M,Medium,Low
vijay2024_elife93243,M. tuberculosis,culture_age_60d,60.0,rifampicin,,,,vijay_113_age60d,5.361727836017593,0.0,5.361727836017593,False,1.3617278360175928,MPN/mL; RIF concentration not recorded in deposit,113,IS29,230000.0,0.025,0.06,IS,29.0,0M,High,Medium
vijay2024_elife93243,M. tuberculosis,culture_age_60d,60.0,rifampicin,,,,vijay_113_age60d,5.361727836017593,2.0,4.361727836017593,False,1.3617278360175928,MPN/mL; RIF concentration not recorded in deposit,113,IS29,23000.0,0.025,0.06,IS,29.0,0M,High,Medium
vijay2024_elife93243,M. tuberculosis,culture_age_60d,60.0,rifampicin,,,,vijay_113_age60d,5.361727836017593,5.0,3.785329835010767,False,1.3617278360175928,MPN/mL; RIF concentration not recorded in deposit,113,IS29,6100.0,0.025,0.06,IS,29.0,0M,High,Medium
vijay2024_elife93243,M. tuberculosis,culture_age_60d,60.0,rifampicin,,,,vijay_114_age60d,7.785329835010767,0.0,7.785329835010767,False,1.3617278360175928,MPN/mL; RIF concentration not recorded in deposit,114,IS30,61000000.0,0.025,0.06,IS,15.0,0M,Medium,Medium
vijay2024_elife93243,M. tuberculosis,culture_age_60d,60.0,rifampicin,,,,vijay_114_age60d,7.785329835010767,2.0,6.785329835010767,False,1.3617278360175928,MPN/mL; RIF concentration not recorded in deposit,114,IS30,6100000.0,0.025,0.06,IS,15.0,0M,Medium,Medium
vijay2024_elife93243,M. tuberculosis,culture_age_60d,60.0,rifampicin,,,,vijay_114_age60d,7.785329835010767,5.0,6.361727836017593,False,1.3617278360175928,MPN/mL; RIF concentration not recorded in deposit,114,IS30,2300000.0,0.025,0.06,IS,15.0,0M,Medium,Medium
vijay2024_elife93243,M. tuberculosis,culture_age_60d,60.0,rifampicin,,,,vijay_115_age60d,8.113943352306837,0.0,8.113943352306837,False,1.3617278360175928,MPN/mL; RIF concentration not recorded in deposit,115,IS31,130000000.0,0.025,0.12,IS,15.0,0M,Medium,Low
vijay2024_elife93243,M. tuberculosis,culture_age_60d,60.0,rifampicin,,,,vijay_115_age60d,8.113943352306837,2.0,7.361727836017593,False,1.3617278360175928,MPN/mL; RIF concentration not recorded in deposit,115,IS31,23000000.0,0.025,0.12,IS,15.0,0M,Medium,Low
vijay2024_elife93243,M. tuberculosis,culture_age_60d,60.0,rifampicin,,,,vijay_115_age60d,8.113943352306837,5.0,5.785329835010767,False,1.3617278360175928,MPN/mL; RIF concentration not recorded in deposit,115,IS31,610000.0,0.025,0.12,IS,15.0,0M,Medium,Low
vijay2024_elife93243,M. tuberculosis,culture_age_60d,60.0,rifampicin,,,,vijay_116_age60d,7.785329835010767,0.0,7.785329835010767,False,1.3617278360175928,MPN/mL; RIF concentration not recorded in deposit,116,IS32,61000000.0,0.05,0.12,IS,15.0,0M,Medium,Medium
vijay2024_elife93243,M. tuberculosis,culture_age_60d,60.0,rifampicin,,,,vijay_116_age60d,7.785329835010767,2.0,7.361727836017593,False,1.3617278360175928,MPN/mL; RIF concentration not recorded in deposit,116,IS32,23000000.0,0.05,0.12,IS,15.0,0M,Medium,Medium
vijay2024_elife93243,M. tuberculosis,culture_age_60d,60.0,rifampicin,,,,vijay_116_age60d,7.785329835010767,5.0,6.785329835010767,False,1.3617278360175928,MPN/mL; RIF concentration not recorded in deposit,116,IS32,6100000.0,0.05,0.12,IS,15.0,0M,Medium,Medium
vijay2024_elife93243,M. tuberculosis,culture_age_60d,60.0,rifampicin,,,,vijay_117_age60d,8.361727836017593,0.0,8.361727836017593,False,1.3617278360175928,MPN/mL; RIF concentration not recorded in deposit,117,IS33,230000000.0,0.025,0.06,IS,19.0,0M,Medium,Medium
vijay2024_elife93243,M. tuberculosis,culture_age_60d,60.0,rifampicin,,,,vijay_117_age60d,8.361727836017593,2.0,7.361727836017593,False,1.3617278360175928,MPN/mL; RIF concentration not recorded in deposit,117,IS33,23000000.0,0.025,0.06,IS,19.0,0M,Medium,Medium
vijay2024_elife93243,M. tuberculosis,culture_age_60d,60.0,rifampicin,,,,vijay_117_age60d,8.361727836017593,5.0,6.785329835010767,False,1.3617278360175928,MPN/mL; RIF concentration not recorded in deposit,117,IS33,6100000.0,0.025,0.06,IS,19.0,0M,Medium,Medium
vijay2024_elife93243,M. tuberculosis,culture_age_60d,60.0,rifampicin,,,,vijay_118_age60d,7.361727836017593,0.0,7.361727836017593,False,1.3617278360175928,MPN/mL; RIF concentration not recorded in deposit,118,IS34,23000000.0,0.025,0.06,IS,15.0,0M,Low,Medium
vijay2024_elife93243,M. tuberculosis,culture_age_60d,60.0,rifampicin,,,,vijay_118_age60d,7.361727836017593,2.0,6.785329835010767,False,1.3617278360175928,MPN/mL; RIF concentration not recorded in deposit,118,IS34,6100000.0,0.025,0.06,IS,15.0,0M,Low,Medium
vijay2024_elife93243,M. tuberculosis,culture_age_60d,60.0,rifampicin,,,,vijay_118_age60d,7.361727836017593,5.0,5.785329835010767,False,1.3617278360175928,MPN/mL; RIF concentration not recorded in deposit,118,IS34,610000.0,0.025,0.06,IS,15.0,0M,Low,Medium
vijay2024_elife93243,M. tuberculosis,culture_age_60d,60.0,rifampicin,,,,vijay_119_age60d,7.361727836017593,0.0,7.361727836017593,False,1.3617278360175928,MPN/mL; RIF concentration not recorded in deposit,119,IS35,23000000.0,0.025,0.06,IS,15.0,0M,Medium,High
vijay2024_elife93243,M. tuberculosis,culture_age_60d,60.0,rifampicin,,,,vijay_119_age60d,7.361727836017593,2.0,7.361727836017593,False,1.3617278360175928,MPN/mL; RIF concentration not recorded in deposit,119,IS35,23000000.0,0.025,0.06,IS,15.0,0M,Medium,High
vijay2024_elife93243,M. tuberculosis,culture_age_60d,60.0,rifampicin,,,,vijay_119_age60d,7.361727836017593,5.0,7.361727836017593,False,1.3617278360175928,MPN/mL; RIF concentration not recorded in deposit,119,IS35,23000000.0,0.025,0.06,IS,15.0,0M,Medium,High
vijay2024_elife93243,M. tuberculosis,culture_age_60d,60.0,rifampicin,,,,vijay_120_age60d,8.361727836017593,0.0,8.361727836017593,False,1.3617278360175928,MPN/mL; RIF concentration not recorded in deposit,120,IS36,230000000.0,0.025,0.06,IS,15.0,0M,Medium,Low
vijay2024_elife93243,M. tuberculosis,culture_age_60d,60.0,rifampicin,,,,vijay_120_age60d,8.361727836017593,2.0,6.361727836017593,False,1.3617278360175928,MPN/mL; RIF concentration not recorded in deposit,120,IS36,2300000.0,0.025,0.06,IS,15.0,0M,Medium,Low
vijay2024_elife93243,M. tuberculosis,culture_age_60d,60.0,rifampicin,,,,vijay_120_age60d,8.361727836017593,5.0,5.785329835010767,False,1.3617278360175928,MPN/mL; RIF concentration not recorded in deposit,120,IS36,610000.0,0.025,0.06,IS,15.0,0M,Medium,Low
vijay2024_elife93243,M. tuberculosis,culture_age_60d,60.0,rifampicin,,,,vijay_121_age60d,7.361727836017593,0.0,7.361727836017593,False,1.3617278360175928,MPN/mL; RIF concentration not recorded in deposit,121,IS37,23000000.0,0.025,0.06,IS,19.0,0M,High,High
vijay2024_elife93243,M. tuberculosis,culture_age_60d,60.0,rifampicin,,,,vijay_121_age60d,7.361727836017593,2.0,6.785329835010767,False,1.3617278360175928,MPN/mL; RIF concentration not recorded in deposit,121,IS37,6100000.0,0.025,0.06,IS,19.0,0M,High,High
vijay2024_elife93243,M. tuberculosis,culture_age_60d,60.0,rifampicin,,,,vijay_121_age60d,7.361727836017593,5.0,6.785329835010767,False,1.3617278360175928,MPN/mL; RIF concentration not recorded in deposit,121,IS37,6100000.0,0.025,0.06,IS,19.0,0M,High,High
vijay2024_elife93243,M. tuberculosis,culture_age_60d,60.0,rifampicin,,,,vijay_122_age60d,7.361727836017593,0.0,7.361727836017593,False,1.3617278360175928,MPN/mL; RIF concentration not recorded in deposit,122,IS38,23000000.0,0.025,0.25,IS,15.0,0M,Low,Medium
vijay2024_elife93243,M. tuberculosis,culture_age_60d,60.0,rifampicin,,,,vijay_122_age60d,7.361727836017593,2.0,6.361727836017593,False,1.3617278360175928,MPN/mL; RIF concentration not recorded in deposit,122,IS38,2300000.0,0.025,0.25,IS,15.0,0M,Low,Medium
vijay2024_elife93243,M. tuberculosis,culture_age_60d,60.0,rifampicin,,,,vijay_122_age60d,7.361727836017593,5.0,5.785329835010767,False,1.3617278360175928,MPN/mL; RIF concentration not recorded in deposit,122,IS38,610000.0,0.025,0.25,IS,15.0,0M,Low,Medium
vijay2024_elife93243,M. tuberculosis,culture_age_60d,60.0,rifampicin,,,,vijay_123_age60d,7.785329835010767,0.0,7.785329835010767,False,1.3617278360175928,MPN/mL; RIF concentration not recorded in deposit,123,IS39,61000000.0,0.05,0.25,IS,15.0,0M,Medium,Medium
vijay2024_elife93243,M. tuberculosis,culture_age_60d,60.0,rifampicin,,,,vijay_123_age60d,7.785329835010767,2.0,6.785329835010767,False,1.3617278360175928,MPN/mL; RIF concentration not recorded in deposit,123,IS39,6100000.0,0.05,0.25,IS,15.0,0M,Medium,Medium
vijay2024_elife93243,M. tuberculosis,culture_age_60d,60.0,rifampicin,,,,vijay_123_age60d,7.785329835010767,5.0,5.785329835010767,False,1.3617278360175928,MPN/mL; RIF concentration not recorded in deposit,123,IS39,610000.0,0.05,0.25,IS,15.0,0M,Medium,Medium
vijay2024_elife93243,M. tuberculosis,culture_age_60d,60.0,rifampicin,,,,vijay_124_age60d,7.361727836017593,0.0,7.361727836017593,False,1.3617278360175928,MPN/mL; RIF concentration not recorded in deposit,124,IS40,23000000.0,0.025,0.06,IS,15.0,0M,Medium,Medium
vijay2024_elife93243,M. tuberculosis,culture_age_60d,60.0,rifampicin,,,,vijay_124_age60d,7.361727836017593,2.0,6.361727836017593,False,1.3617278360175928,MPN/mL; RIF concentration not recorded in deposit,124,IS40,2300000.0,0.025,0.06,IS,15.0,0M,Medium,Medium
vijay2024_elife93243,M. tuberculosis,culture_age_60d,60.0,rifampicin,,,,vijay_124_age60d,7.361727836017593,5.0,6.361727836017593,False,1.3617278360175928,MPN/mL; RIF concentration not recorded in deposit,124,IS40,2300000.0,0.025,0.06,IS,15.0,0M,Medium,Medium
vijay2024_elife93243,M. tuberculosis,culture_age_60d,60.0,rifampicin,,,,vijay_125_age60d,7.690196080028514,0.0,7.690196080028514,False,1.3617278360175928,MPN/mL; RIF concentration not recorded in deposit,125,IS41,49000000.0,0.025,0.06,IS,15.0,0M,Low,High
vijay2024_elife93243,M. tuberculosis,culture_age_60d,60.0,rifampicin,,,,vijay_125_age60d,7.690196080028514,2.0,6.785329835010767,False,1.3617278360175928,MPN/mL; RIF concentration not recorded in deposit,125,IS41,6100000.0,0.025,0.06,IS,15.0,0M,Low,High
vijay2024_elife93243,M. tuberculosis,culture_age_60d,60.0,rifampicin,,,,vijay_125_age60d,7.690196080028514,5.0,6.785329835010767,False,1.3617278360175928,MPN/mL; RIF concentration not recorded in deposit,125,IS41,6100000.0,0.025,0.06,IS,15.0,0M,Low,High
vijay2024_elife93243,M. tuberculosis,culture_age_60d,60.0,rifampicin,,,,vijay_126_age60d,7.785329835010767,0.0,7.785329835010767,False,1.3617278360175928,MPN/mL; RIF concentration not recorded in deposit,126,IS42,61000000.0,0.05,0.06,IS,15.0,0M,Medium,Medium
vijay2024_elife93243,M. tuberculosis,culture_age_60d,60.0,rifampicin,,,,vijay_126_age60d,7.785329835010767,2.0,6.785329835010767,False,1.3617278360175928,MPN/mL; RIF concentration not recorded in deposit,126,IS42,6100000.0,0.05,0.06,IS,15.0,0M,Medium,Medium
vijay2024_elife93243,M. tuberculosis,culture_age_60d,60.0,rifampicin,,,,vijay_126_age60d,7.785329835010767,5.0,5.785329835010767,False,1.3617278360175928,MPN/mL; RIF concentration not recorded in deposit,126,IS42,610000.0,0.05,0.06,IS,15.0,0M,Medium,Medium
vijay2024_elife93243,M. tuberculosis,culture_age_60d,60.0,rifampicin,,,,vijay_127_age60d,7.785329835010767,0.0,7.785329835010767,False,1.3617278360175928,MPN/mL; RIF concentration not recorded in deposit,127,IS43,61000000.0,0.05,0.12,IS,19.0,0M,High,High
vijay2024_elife93243,M. tuberculosis,culture_age_60d,60.0,rifampicin,,,,vijay_127_age60d,7.785329835010767,2.0,6.785329835010767,False,1.3617278360175928,MPN/mL; RIF concentration not recorded in deposit,127,IS43,6100000.0,0.05,0.12,IS,19.0,0M,High,High
vijay2024_elife93243,M. tuberculosis,culture_age_60d,60.0,rifampicin,,,,vijay_127_age60d,7.785329835010767,5.0,7.361727836017593,False,1.3617278360175928,MPN/mL; RIF concentration not recorded in deposit,127,IS43,23000000.0,0.05,0.12,IS,19.0,0M,High,High
vijay2024_elife93243,M. tuberculosis,culture_age_60d,60.0,rifampicin,,,,vijay_128_age60d,7.785329835010767,0.0,7.785329835010767,False,1.3617278360175928,MPN/mL; RIF concentration not recorded in deposit,128,IS44,61000000.0,0.05,0.25,IS,15.0,0M,Low,Medium
vijay2024_elife93243,M. tuberculosis,culture_age_60d,60.0,rifampicin,,,,vijay_128_age60d,7.785329835010767,2.0,7.361727836017593,False,1.3617278360175928,MPN/mL; RIF concentration not recorded in deposit,128,IS44,23000000.0,0.05,0.25,IS,15.0,0M,Low,Medium
vijay2024_elife93243,M. tuberculosis,culture_age_60d,60.0,rifampicin,,,,vijay_128_age60d,7.785329835010767,5.0,6.361727836017593,False,1.3617278360175928,MPN/mL; RIF concentration not recorded in deposit,128,IS44,2300000.0,0.05,0.25,IS,15.0,0M,Low,Medium
vijay2024_elife93243,M. tuberculosis,culture_age_60d,60.0,rifampicin,,,,vijay_129_age60d,7.361727836017593,0.0,7.361727836017593,False,1.3617278360175928,MPN/mL; RIF concentration not recorded in deposit,129,IS45,23000000.0,0.05,0.06,IS,15.0,0M,Medium,Medium
vijay2024_elife93243,M. tuberculosis,culture_age_60d,60.0,rifampicin,,,,vijay_129_age60d,7.361727836017593,2.0,6.785329835010767,False,1.3617278360175928,MPN/mL; RIF concentration not recorded in deposit,129,IS45,6100000.0,0.05,0.06,IS,15.0,0M,Medium,Medium
vijay2024_elife93243,M. tuberculosis,culture_age_60d,60.0,rifampicin,,,,vijay_129_age60d,7.361727836017593,5.0,6.361727836017593,False,1.3617278360175928,MPN/mL; RIF concentration not recorded in deposit,129,IS45,2300000.0,0.05,0.06,IS,15.0,0M,Medium,Medium
vijay2024_elife93243,M. tuberculosis,culture_age_60d,60.0,rifampicin,,,,vijay_130_age60d,8.792391689498254,0.0,8.792391689498254,False,1.3617278360175928,MPN/mL; RIF concentration not recorded in deposit,130,IS46,620000000.0,0.05,0.06,IS,19.0,0M,Medium,Low
vijay2024_elife93243,M. tuberculosis,culture_age_60d,60.0,rifampicin,,,,vijay_130_age60d,8.792391689498254,2.0,7.361727836017593,False,1.3617278360175928,MPN/mL; RIF concentration not recorded in deposit,130,IS46,23000000.0,0.05,0.06,IS,19.0,0M,Medium,Low
vijay2024_elife93243,M. tuberculosis,culture_age_60d,60.0,rifampicin,,,,vijay_130_age60d,8.792391689498254,5.0,6.361727836017593,False,1.3617278360175928,MPN/mL; RIF concentration not recorded in deposit,130,IS46,2300000.0,0.05,0.06,IS,19.0,0M,Medium,Low
vijay2024_elife93243,M. tuberculosis,culture_age_60d,60.0,rifampicin,,,,vijay_131_age60d,7.361727836017593,0.0,7.361727836017593,False,1.3617278360175928,MPN/mL; RIF concentration not recorded in deposit,131,IS47,23000000.0,0.025,0.06,IS,19.0,0M,Medium,Medium
vijay2024_elife93243,M. tuberculosis,culture_age_60d,60.0,rifampicin,,,,vijay_131_age60d,7.361727836017593,2.0,6.785329835010767,False,1.3617278360175928,MPN/mL; RIF concentration not recorded in deposit,131,IS47,6100000.0,0.025,0.06,IS,19.0,0M,Medium,Medium
vijay2024_elife93243,M. tuberculosis,culture_age_60d,60.0,rifampicin,,,,vijay_131_age60d,7.361727836017593,5.0,6.361727836017593,False,1.3617278360175928,MPN/mL; RIF concentration not recorded in deposit,131,IS47,2300000.0,0.025,0.06,IS,19.0,0M,Medium,Medium
vijay2024_elife93243,M. tuberculosis,culture_age_60d,60.0,rifampicin,,,,vijay_132_age60d,7.361727836017593,0.0,7.361727836017593,False,1.3617278360175928,MPN/mL; RIF concentration not recorded in deposit,132,IS48,23000000.0,0.05,0.12,IS,19.0,0M,Medium,Medium
vijay2024_elife93243,M. tuberculosis,culture_age_60d,60.0,rifampicin,,,,vijay_132_age60d,7.361727836017593,2.0,6.361727836017593,False,1.3617278360175928,MPN/mL; RIF concentration not recorded in deposit,132,IS48,2300000.0,0.05,0.12,IS,19.0,0M,Medium,Medium
vijay2024_elife93243,M. tuberculosis,culture_age_60d,60.0,rifampicin,,,,vijay_132_age60d,7.361727836017593,5.0,6.361727836017593,False,1.3617278360175928,MPN/mL; RIF concentration not recorded in deposit,132,IS48,2300000.0,0.05,0.12,IS,19.0,0M,Medium,Medium
vijay2024_elife93243,M. tuberculosis,culture_age_60d,60.0,rifampicin,,,,vijay_133_age60d,7.361727836017593,0.0,7.361727836017593,False,1.3617278360175928,MPN/mL; RIF concentration not recorded in deposit,133,IS49,23000000.0,0.05,0.06,IS,19.0,0M,High,Medium
vijay2024_elife93243,M. tuberculosis,culture_age_60d,60.0,rifampicin,,,,vijay_133_age60d,7.361727836017593,2.0,5.785329835010767,False,1.3617278360175928,MPN/mL; RIF concentration not recorded in deposit,133,IS49,610000.0,0.05,0.06,IS,19.0,0M,High,Medium
vijay2024_elife93243,M. tuberculosis,culture_age_60d,60.0,rifampicin,,,,vijay_133_age60d,7.361727836017593,5.0,5.785329835010767,False,1.3617278360175928,MPN/mL; RIF concentration not recorded in deposit,133,IS49,610000.0,0.05,0.06,IS,19.0,0M,High,Medium
vijay2024_elife93243,M. tuberculosis,culture_age_60d,60.0,rifampicin,,,,vijay_134_age60d,7.3222192947339195,0.0,7.3222192947339195,False,1.3617278360175928,MPN/mL; RIF concentration not recorded in deposit,134,IS50,21000000.0,0.05,0.06,IS,15.0,0M,Medium,Medium
vijay2024_elife93243,M. tuberculosis,culture_age_60d,60.0,rifampicin,,,,vijay_134_age60d,7.3222192947339195,2.0,6.785329835010767,False,1.3617278360175928,MPN/mL; RIF concentration not recorded in deposit,134,IS50,6100000.0,0.05,0.06,IS,15.0,0M,Medium,Medium
vijay2024_elife93243,M. tuberculosis,culture_age_60d,60.0,rifampicin,,,,vijay_134_age60d,7.3222192947339195,5.0,5.785329835010767,False,1.3617278360175928,MPN/mL; RIF concentration not recorded in deposit,134,IS50,610000.0,0.05,0.06,IS,15.0,0M,Medium,Medium
vijay2024_elife93243,M. tuberculosis,culture_age_60d,60.0,rifampicin,,,,vijay_135_age60d,7.361727836017593,0.0,7.361727836017593,False,1.3617278360175928,MPN/mL; RIF concentration not recorded in deposit,135,IS51,23000000.0,0.05,0.25,IS,15.0,0M,Low,Low
vijay2024_elife93243,M. tuberculosis,culture_age_60d,60.0,rifampicin,,,,vijay_135_age60d,7.361727836017593,2.0,6.361727836017593,False,1.3617278360175928,MPN/mL; RIF concentration not recorded in deposit,135,IS51,2300000.0,0.05,0.25,IS,15.0,0M,Low,Low
vijay2024_elife93243,M. tuberculosis,culture_age_60d,60.0,rifampicin,,,,vijay_135_age60d,7.361727836017593,5.0,5.113943352306837,False,1.3617278360175928,MPN/mL; RIF concentration not recorded in deposit,135,IS51,130000.0,0.05,0.25,IS,15.0,0M,Low,Low
vijay2024_elife93243,M. tuberculosis,culture_age_60d,60.0,rifampicin,,,,vijay_136_age60d,7.785329835010767,0.0,7.785329835010767,False,1.3617278360175928,MPN/mL; RIF concentration not recorded in deposit,136,IS52,61000000.0,0.025,0.12,IS,19.0,0M,Medium,Medium
vijay2024_elife93243,M. tuberculosis,culture_age_60d,60.0,rifampicin,,,,vijay_136_age60d,7.785329835010767,2.0,7.361727836017593,False,1.3617278360175928,MPN/mL; RIF concentration not recorded in deposit,136,IS52,23000000.0,0.025,0.12,IS,19.0,0M,Medium,Medium
vijay2024_elife93243,M. tuberculosis,culture_age_60d,60.0,rifampicin,,,,vijay_136_age60d,7.785329835010767,5.0,5.785329835010767,False,1.3617278360175928,MPN/mL; RIF concentration not recorded in deposit,136,IS52,610000.0,0.025,0.12,IS,19.0,0M,Medium,Medium
vijay2024_elife93243,M. tuberculosis,culture_age_60d,60.0,rifampicin,,,,vijay_137_age60d,7.785329835010767,0.0,7.785329835010767,False,1.3617278360175928,MPN/mL; RIF concentration not recorded in deposit,137,IS53,61000000.0,0.05,0.25,IS,15.0,0M,Low,Low
vijay2024_elife93243,M. tuberculosis,culture_age_60d,60.0,rifampicin,,,,vijay_137_age60d,7.785329835010767,2.0,6.361727836017593,False,1.3617278360175928,MPN/mL; RIF concentration not recorded in deposit,137,IS53,2300000.0,0.05,0.25,IS,15.0,0M,Low,Low
vijay2024_elife93243,M. tuberculosis,culture_age_60d,60.0,rifampicin,,,,vijay_137_age60d,7.785329835010767,5.0,5.361727836017593,False,1.3617278360175928,MPN/mL; RIF concentration not recorded in deposit,137,IS53,230000.0,0.05,0.25,IS,15.0,0M,Low,Low
vijay2024_elife93243,M. tuberculosis,culture_age_60d,60.0,rifampicin,,,,vijay_138_age60d,7.361727836017593,0.0,7.361727836017593,False,1.3617278360175928,MPN/mL; RIF concentration not recorded in deposit,138,IS54,23000000.0,0.025,0.06,IS,15.0,0M,Low,Low
vijay2024_elife93243,M. tuberculosis,culture_age_60d,60.0,rifampicin,,,,vijay_138_age60d,7.361727836017593,2.0,7.113943352306837,False,1.3617278360175928,MPN/mL; RIF concentration not recorded in deposit,138,IS54,13000000.0,0.025,0.06,IS,15.0,0M,Low,Low
vijay2024_elife93243,M. tuberculosis,culture_age_60d,60.0,rifampicin,,,,vijay_138_age60d,7.361727836017593,5.0,4.785329835010767,False,1.3617278360175928,MPN/mL; RIF concentration not recorded in deposit,138,IS54,61000.0,0.025,0.06,IS,15.0,0M,Low,Low
vijay2024_elife93243,M. tuberculosis,culture_age_60d,60.0,rifampicin,,,,vijay_139_age60d,7.785329835010767,0.0,7.785329835010767,False,1.3617278360175928,MPN/mL; RIF concentration not recorded in deposit,139,IS55,61000000.0,0.05,0.06,IS,19.0,0M,Medium,Low
vijay2024_elife93243,M. tuberculosis,culture_age_60d,60.0,rifampicin,,,,vijay_139_age60d,7.785329835010767,2.0,5.785329835010767,False,1.3617278360175928,MPN/mL; RIF concentration not recorded in deposit,139,IS55,610000.0,0.05,0.06,IS,19.0,0M,Medium,Low
vijay2024_elife93243,M. tuberculosis,culture_age_60d,60.0,rifampicin,,,,vijay_139_age60d,7.785329835010767,5.0,5.690196080028514,False,1.3617278360175928,MPN/mL; RIF concentration not recorded in deposit,139,IS55,490000.0,0.05,0.06,IS,19.0,0M,Medium,Low
vijay2024_elife93243,M. tuberculosis,culture_age_60d,60.0,rifampicin,,,,vijay_140_age60d,7.361727836017593,0.0,7.361727836017593,False,1.3617278360175928,MPN/mL; RIF concentration not recorded in deposit,140,IS56,23000000.0,0.05,0.25,IS,19.0,0M,High,Medium
vijay2024_elife93243,M. tuberculosis,culture_age_60d,60.0,rifampicin,,,,vijay_140_age60d,7.361727836017593,2.0,7.361727836017593,False,1.3617278360175928,MPN/mL; RIF concentration not recorded in deposit,140,IS56,23000000.0,0.05,0.25,IS,19.0,0M,High,Medium
vijay2024_elife93243,M. tuberculosis,culture_age_60d,60.0,rifampicin,,,,vijay_140_age60d,7.361727836017593,5.0,6.361727836017593,False,1.3617278360175928,MPN/mL; RIF concentration not recorded in deposit,140,IS56,2300000.0,0.05,0.25,IS,19.0,0M,High,Medium
vijay2024_elife93243,M. tuberculosis,culture_age_60d,60.0,rifampicin,,,,vijay_141_age60d,8.361727836017593,0.0,8.361727836017593,False,1.3617278360175928,MPN/mL; RIF concentration not recorded in deposit,141,IS57,230000000.0,0.025,0.06,IS,19.0,0M,Medium,Low
vijay2024_elife93243,M. tuberculosis,culture_age_60d,60.0,rifampicin,,,,vijay_141_age60d,8.361727836017593,2.0,6.361727836017593,False,1.3617278360175928,MPN/mL; RIF concentration not recorded in deposit,141,IS57,2300000.0,0.025,0.06,IS,19.0,0M,Medium,Low
vijay2024_elife93243,M. tuberculosis,culture_age_60d,60.0,rifampicin,,,,vijay_141_age60d,8.361727836017593,5.0,5.785329835010767,False,1.3617278360175928,MPN/mL; RIF concentration not recorded in deposit,141,IS57,610000.0,0.025,0.06,IS,19.0,0M,Medium,Low
vijay2024_elife93243,M. tuberculosis,culture_age_60d,60.0,rifampicin,,,,vijay_142_age60d,7.785329835010767,0.0,7.785329835010767,False,1.3617278360175928,MPN/mL; RIF concentration not recorded in deposit,142,IS58,61000000.0,0.025,0.06,IS,15.0,0M,Low,Low
vijay2024_elife93243,M. tuberculosis,culture_age_60d,60.0,rifampicin,,,,vijay_142_age60d,7.785329835010767,2.0,7.785329835010767,False,1.3617278360175928,MPN/mL; RIF concentration not recorded in deposit,142,IS58,61000000.0,0.025,0.06,IS,15.0,0M,Low,Low
vijay2024_elife93243,M. tuberculosis,culture_age_60d,60.0,rifampicin,,,,vijay_142_age60d,7.785329835010767,5.0,5.361727836017593,False,1.3617278360175928,MPN/mL; RIF concentration not recorded in deposit,142,IS58,230000.0,0.025,0.06,IS,15.0,0M,Low,Low
vijay2024_elife93243,M. tuberculosis,culture_age_60d,60.0,rifampicin,,,,vijay_143_age60d,6.785329835010767,0.0,6.785329835010767,False,1.3617278360175928,MPN/mL; RIF concentration not recorded in deposit,143,IS59,6100000.0,0.025,0.06,IS,19.0,0M,Medium,Medium
vijay2024_elife93243,M. tuberculosis,culture_age_60d,60.0,rifampicin,,,,vijay_143_age60d,6.785329835010767,2.0,6.785329835010767,False,1.3617278360175928,MPN/mL; RIF concentration not recorded in deposit,143,IS59,6100000.0,0.025,0.06,IS,19.0,0M,Medium,Medium
vijay2024_elife93243,M. tuberculosis,culture_age_60d,60.0,rifampicin,,,,vijay_143_age60d,6.785329835010767,5.0,5.361727836017593,False,1.3617278360175928,MPN/mL; RIF concentration not recorded in deposit,143,IS59,230000.0,0.025,0.06,IS,19.0,0M,Medium,Medium
vijay2024_elife93243,M. tuberculosis,culture_age_60d,60.0,rifampicin,,,,vijay_144_age60d,7.785329835010767,0.0,7.785329835010767,False,1.3617278360175928,MPN/mL; RIF concentration not recorded in deposit,144,IS60,61000000.0,0.025,0.06,IS,19.0,0M,High,Medium
vijay2024_elife93243,M. tuberculosis,culture_age_60d,60.0,rifampicin,,,,vijay_144_age60d,7.785329835010767,2.0,7.361727836017593,False,1.3617278360175928,MPN/mL; RIF concentration not recorded in deposit,144,IS60,23000000.0,0.025,0.06,IS,19.0,0M,High,Medium
vijay2024_elife93243,M. tuberculosis,culture_age_60d,60.0,rifampicin,,,,vijay_144_age60d,7.785329835010767,5.0,6.361727836017593,False,1.3617278360175928,MPN/mL; RIF concentration not recorded in deposit,144,IS60,2300000.0,0.025,0.06,IS,19.0,0M,High,Medium
vijay2024_elife93243,M. tuberculosis,culture_age_60d,60.0,rifampicin,,,,vijay_145_age60d,7.785329835010767,0.0,7.785329835010767,False,1.3617278360175928,MPN/mL; RIF concentration not recorded in deposit,145,IS61,61000000.0,0.05,0.12,IS,19.0,0M,Medium,Medium
vijay2024_elife93243,M. tuberculosis,culture_age_60d,60.0,rifampicin,,,,vijay_145_age60d,7.785329835010767,2.0,7.113943352306837,False,1.3617278360175928,MPN/mL; RIF concentration not recorded in deposit,145,IS61,13000000.0,0.05,0.12,IS,19.0,0M,Medium,Medium
vijay2024_elife93243,M. tuberculosis,culture_age_60d,60.0,rifampicin,,,,vijay_145_age60d,7.785329835010767,5.0,5.785329835010767,False,1.3617278360175928,MPN/mL; RIF concentration not recorded in deposit,145,IS61,610000.0,0.05,0.12,IS,19.0,0M,Medium,Medium
vijay2024_elife93243,M. tuberculosis,culture_age_60d,60.0,rifampicin,,,,vijay_146_age60d,7.361727836017593,0.0,7.361727836017593,False,1.3617278360175928,MPN/mL; RIF concentration not recorded in deposit,146,IS62,23000000.0,0.05,0.12,IS,15.0,0M,Medium,Medium
vijay2024_elife93243,M. tuberculosis,culture_age_60d,60.0,rifampicin,,,,vijay_146_age60d,7.361727836017593,2.0,6.785329835010767,False,1.3617278360175928,MPN/mL; RIF concentration not recorded in deposit,146,IS62,6100000.0,0.05,0.12,IS,15.0,0M,Medium,Medium
vijay2024_elife93243,M. tuberculosis,culture_age_60d,60.0,rifampicin,,,,vijay_146_age60d,7.361727836017593,5.0,6.361727836017593,False,1.3617278360175928,MPN/mL; RIF concentration not recorded in deposit,146,IS62,2300000.0,0.05,0.12,IS,15.0,0M,Medium,Medium
vijay2024_elife93243,M. tuberculosis,culture_age_60d,60.0,rifampicin,,,,vijay_147_age60d,7.361727836017593,0.0,7.361727836017593,False,1.3617278360175928,MPN/mL; RIF concentration not recorded in deposit,147,IS63,23000000.0,0.025,0.06,IS,15.0,0M,Medium,Medium
vijay2024_elife93243,M. tuberculosis,culture_age_60d,60.0,rifampicin,,,,vijay_147_age60d,7.361727836017593,2.0,6.361727836017593,False,1.3617278360175928,MPN/mL; RIF concentration not recorded in deposit,147,IS63,2300000.0,0.025,0.06,IS,15.0,0M,Medium,Medium
vijay2024_elife93243,M. tuberculosis,culture_age_60d,60.0,rifampicin,,,,vijay_147_age60d,7.361727836017593,5.0,6.113943352306837,False,1.3617278360175928,MPN/mL; RIF concentration not recorded in deposit,147,IS63,1300000.0,0.025,0.06,IS,15.0,0M,Medium,Medium
vijay2024_elife93243,M. tuberculosis,culture_age_60d,60.0,rifampicin,,,,vijay_148_age60d,6.785329835010767,0.0,6.785329835010767,False,1.3617278360175928,MPN/mL; RIF concentration not recorded in deposit,148,IS64,6100000.0,0.025,0.06,IS,22.0,0M,Low,Medium
vijay2024_elife93243,M. tuberculosis,culture_age_60d,60.0,rifampicin,,,,vijay_148_age60d,6.785329835010767,2.0,6.361727836017593,False,1.3617278360175928,MPN/mL; RIF concentration not recorded in deposit,148,IS64,2300000.0,0.025,0.06,IS,22.0,0M,Low,Medium
vijay2024_elife93243,M. tuberculosis,culture_age_60d,60.0,rifampicin,,,,vijay_148_age60d,6.785329835010767,5.0,5.361727836017593,False,1.3617278360175928,MPN/mL; RIF concentration not recorded in deposit,148,IS64,230000.0,0.025,0.06,IS,22.0,0M,Low,Medium
vijay2024_elife93243,M. tuberculosis,culture_age_60d,60.0,rifampicin,,,,vijay_149_age60d,8.32221929473392,0.0,8.32221929473392,False,1.3617278360175928,MPN/mL; RIF concentration not recorded in deposit,149,IS65,210000000.0,0.025,0.12,IS,19.0,0M,Medium,Low
vijay2024_elife93243,M. tuberculosis,culture_age_60d,60.0,rifampicin,,,,vijay_149_age60d,8.32221929473392,2.0,6.361727836017593,False,1.3617278360175928,MPN/mL; RIF concentration not recorded in deposit,149,IS65,2300000.0,0.025,0.12,IS,19.0,0M,Medium,Low
vijay2024_elife93243,M. tuberculosis,culture_age_60d,60.0,rifampicin,,,,vijay_149_age60d,8.32221929473392,5.0,5.785329835010767,False,1.3617278360175928,MPN/mL; RIF concentration not recorded in deposit,149,IS65,610000.0,0.025,0.12,IS,19.0,0M,Medium,Low
vijay2024_elife93243,M. tuberculosis,culture_age_60d,60.0,rifampicin,,,,vijay_150_age60d,7.785329835010767,0.0,7.785329835010767,False,1.3617278360175928,MPN/mL; RIF concentration not recorded in deposit,150,IS66,61000000.0,0.025,0.06,IS,19.0,0M,Medium,Medium
vijay2024_elife93243,M. tuberculosis,culture_age_60d,60.0,rifampicin,,,,vijay_150_age60d,7.785329835010767,2.0,7.361727836017593,False,1.3617278360175928,MPN/mL; RIF concentration not recorded in deposit,150,IS66,23000000.0,0.025,0.06,IS,19.0,0M,Medium,Medium
vijay2024_elife93243,M. tuberculosis,culture_age_60d,60.0,rifampicin,,,,vijay_150_age60d,7.785329835010767,5.0,6.113943352306837,False,1.3617278360175928,MPN/mL; RIF concentration not recorded in deposit,150,IS66,1300000.0,0.025,0.06,IS,19.0,0M,Medium,Medium
vijay2024_elife93243,M. tuberculosis,culture_age_60d,60.0,rifampicin,,,,vijay_151_age60d,7.785329835010767,0.0,7.785329835010767,False,1.3617278360175928,MPN/mL; RIF concentration not recorded in deposit,151,IS67,61000000.0,0.025,0.06,IS,19.0,0M,High,Medium
vijay2024_elife93243,M. tuberculosis,culture_age_60d,60.0,rifampicin,,,,vijay_151_age60d,7.785329835010767,2.0,6.785329835010767,False,1.3617278360175928,MPN/mL; RIF concentration not recorded in deposit,151,IS67,6100000.0,0.025,0.06,IS,19.0,0M,High,Medium
vijay2024_elife93243,M. tuberculosis,culture_age_60d,60.0,rifampicin,,,,vijay_151_age60d,7.785329835010767,5.0,6.785329835010767,False,1.3617278360175928,MPN/mL; RIF concentration not recorded in deposit,151,IS67,6100000.0,0.025,0.06,IS,19.0,0M,High,Medium
vijay2024_elife93243,M. tuberculosis,culture_age_60d,60.0,rifampicin,,,,vijay_152_age60d,7.785329835010767,0.0,7.785329835010767,False,1.3617278360175928,MPN/mL; RIF concentration not recorded in deposit,152,IS68,61000000.0,0.05,0.12,IS,15.0,0M,Medium,Medium
vijay2024_elife93243,M. tuberculosis,culture_age_60d,60.0,rifampicin,,,,vijay_152_age60d,7.785329835010767,2.0,6.361727836017593,False,1.3617278360175928,MPN/mL; RIF concentration not recorded in deposit,152,IS68,2300000.0,0.05,0.12,IS,15.0,0M,Medium,Medium
vijay2024_elife93243,M. tuberculosis,culture_age_60d,60.0,rifampicin,,,,vijay_152_age60d,7.785329835010767,5.0,6.361727836017593,False,1.3617278360175928,MPN/mL; RIF concentration not recorded in deposit,152,IS68,2300000.0,0.05,0.12,IS,15.0,0M,Medium,Medium
vijay2024_elife93243,M. tuberculosis,culture_age_60d,60.0,rifampicin,,,,vijay_153_age60d,7.785329835010767,0.0,7.785329835010767,False,1.3617278360175928,MPN/mL; RIF concentration not recorded in deposit,153,IS69,61000000.0,0.025,0.06,IS,15.0,0M,Medium,Medium
vijay2024_elife93243,M. tuberculosis,culture_age_60d,60.0,rifampicin,,,,vijay_153_age60d,7.785329835010767,2.0,6.785329835010767,False,1.3617278360175928,MPN/mL; RIF concentration not recorded in deposit,153,IS69,6100000.0,0.025,0.06,IS,15.0,0M,Medium,Medium
vijay2024_elife93243,M. tuberculosis,culture_age_60d,60.0,rifampicin,,,,vijay_153_age60d,7.785329835010767,5.0,6.361727836017593,False,1.3617278360175928,MPN/mL; RIF concentration not recorded in deposit,153,IS69,2300000.0,0.025,0.06,IS,15.0,0M,Medium,Medium
vijay2024_elife93243,M. tuberculosis,culture_age_60d,60.0,rifampicin,,,,vijay_154_age60d,7.361727836017593,0.0,7.361727836017593,False,1.3617278360175928,MPN/mL; RIF concentration not recorded in deposit,154,IS70,23000000.0,0.025,0.06,IS,15.0,0M,Medium,Medium
vijay2024_elife93243,M. tuberculosis,culture_age_60d,60.0,rifampicin,,,,vijay_154_age60d,7.361727836017593,2.0,6.785329835010767,False,1.3617278360175928,MPN/mL; RIF concentration not recorded in deposit,154,IS70,6100000.0,0.025,0.06,IS,15.0,0M,Medium,Medium
vijay2024_elife93243,M. tuberculosis,culture_age_60d,60.0,rifampicin,,,,vijay_154_age60d,7.361727836017593,5.0,5.785329835010767,False,1.3617278360175928,MPN/mL; RIF concentration not recorded in deposit,154,IS70,610000.0,0.025,0.06,IS,15.0,0M,Medium,Medium
vijay2024_elife93243,M. tuberculosis,culture_age_60d,60.0,rifampicin,,,,vijay_155_age60d,7.361727836017593,0.0,7.361727836017593,False,1.3617278360175928,MPN/mL; RIF concentration not recorded in deposit,155,IS71,23000000.0,0.025,0.06,IS,15.0,0M,Medium,High
vijay2024_elife93243,M. tuberculosis,culture_age_60d,60.0,rifampicin,,,,vijay_155_age60d,7.361727836017593,2.0,7.361727836017593,False,1.3617278360175928,MPN/mL; RIF concentration not recorded in deposit,155,IS71,23000000.0,0.025,0.06,IS,15.0,0M,Medium,High
vijay2024_elife93243,M. tuberculosis,culture_age_60d,60.0,rifampicin,,,,vijay_155_age60d,7.361727836017593,5.0,6.785329835010767,False,1.3617278360175928,MPN/mL; RIF concentration not recorded in deposit,155,IS71,6100000.0,0.025,0.06,IS,15.0,0M,Medium,High
vijay2024_elife93243,M. tuberculosis,culture_age_60d,60.0,rifampicin,,,,vijay_156_age60d,7.785329835010767,0.0,7.785329835010767,False,1.3617278360175928,MPN/mL; RIF concentration not recorded in deposit,156,IS72,61000000.0,0.025,0.06,IS,19.0,0M,Low,Low
vijay2024_elife93243,M. tuberculosis,culture_age_60d,60.0,rifampicin,,,,vijay_156_age60d,7.785329835010767,2.0,6.361727836017593,False,1.3617278360175928,MPN/mL; RIF concentration not recorded in deposit,156,IS72,2300000.0,0.025,0.06,IS,19.0,0M,Low,Low
vijay2024_elife93243,M. tuberculosis,culture_age_60d,60.0,rifampicin,,,,vijay_156_age60d,7.785329835010767,5.0,4.785329835010767,False,1.3617278360175928,MPN/mL; RIF concentration not recorded in deposit,156,IS72,61000.0,0.025,0.06,IS,19.0,0M,Low,Low
vijay2024_elife93243,M. tuberculosis,culture_age_60d,60.0,rifampicin,,,,vijay_157_age60d,7.785329835010767,0.0,7.785329835010767,False,1.3617278360175928,MPN/mL; RIF concentration not recorded in deposit,157,IS73,61000000.0,0.025,0.06,IS,22.0,0M,Medium,Low
vijay2024_elife93243,M. tuberculosis,culture_age_60d,60.0,rifampicin,,,,vijay_157_age60d,7.785329835010767,2.0,6.361727836017593,False,1.3617278360175928,MPN/mL; RIF concentration not recorded in deposit,157,IS73,2300000.0,0.025,0.06,IS,22.0,0M,Medium,Low
vijay2024_elife93243,M. tuberculosis,culture_age_60d,60.0,rifampicin,,,,vijay_157_age60d,7.785329835010767,5.0,5.361727836017593,False,1.3617278360175928,MPN/mL; RIF concentration not recorded in deposit,157,IS73,230000.0,0.025,0.06,IS,22.0,0M,Medium,Low
vijay2024_elife93243,M. tuberculosis,culture_age_60d,60.0,rifampicin,,,,vijay_158_age60d,7.361727836017593,0.0,7.361727836017593,False,1.3617278360175928,MPN/mL; RIF concentration not recorded in deposit,158,IS74,23000000.0,0.025,0.06,IS,19.0,0M,Medium,Medium
vijay2024_elife93243,M. tuberculosis,culture_age_60d,60.0,rifampicin,,,,vijay_158_age60d,7.361727836017593,2.0,6.785329835010767,False,1.3617278360175928,MPN/mL; RIF concentration not recorded in deposit,158,IS74,6100000.0,0.025,0.06,IS,19.0,0M,Medium,Medium
vijay2024_elife93243,M. tuberculosis,culture_age_60d,60.0,rifampicin,,,,vijay_158_age60d,7.361727836017593,5.0,5.785329835010767,False,1.3617278360175928,MPN/mL; RIF concentration not recorded in deposit,158,IS74,610000.0,0.025,0.06,IS,19.0,0M,Medium,Medium
vijay2024_elife93243,M. tuberculosis,culture_age_60d,60.0,rifampicin,,,,vijay_159_age60d,7.785329835010767,0.0,7.785329835010767,False,1.3617278360175928,MPN/mL; RIF concentration not recorded in deposit,159,IS75,61000000.0,0.025,0.06,IS,15.0,0M,Low,Medium
vijay2024_elife93243,M. tuberculosis,culture_age_60d,60.0,rifampicin,,,,vijay_159_age60d,7.785329835010767,2.0,6.785329835010767,False,1.3617278360175928,MPN/mL; RIF concentration not recorded in deposit,159,IS75,6100000.0,0.025,0.06,IS,15.0,0M,Low,Medium
vijay2024_elife93243,M. tuberculosis,culture_age_60d,60.0,rifampicin,,,,vijay_159_age60d,7.785329835010767,5.0,6.113943352306837,False,1.3617278360175928,MPN/mL; RIF concentration not recorded in deposit,159,IS75,1300000.0,0.025,0.06,IS,15.0,0M,Low,Medium
vijay2024_elife93243,M. tuberculosis,culture_age_60d,60.0,rifampicin,,,,vijay_160_age60d,7.785329835010767,0.0,7.785329835010767,False,1.3617278360175928,MPN/mL; RIF concentration not recorded in deposit,160,IS76,61000000.0,0.025,0.06,IS,19.0,0M,Medium,Medium
vijay2024_elife93243,M. tuberculosis,culture_age_60d,60.0,rifampicin,,,,vijay_160_age60d,7.785329835010767,2.0,6.361727836017593,False,1.3617278360175928,MPN/mL; RIF concentration not recorded in deposit,160,IS76,2300000.0,0.025,0.06,IS,19.0,0M,Medium,Medium
vijay2024_elife93243,M. tuberculosis,culture_age_60d,60.0,rifampicin,,,,vijay_160_age60d,7.785329835010767,5.0,5.785329835010767,False,1.3617278360175928,MPN/mL; RIF concentration not recorded in deposit,160,IS76,610000.0,0.025,0.06,IS,19.0,0M,Medium,Medium
vijay2024_elife93243,M. tuberculosis,culture_age_60d,60.0,rifampicin,,,,vijay_161_age60d,6.785329835010767,0.0,6.785329835010767,False,1.3617278360175928,MPN/mL; RIF concentration not recorded in deposit,161,IS77,6100000.0,0.025,0.25,IS,15.0,0M,Low,Medium
vijay2024_elife93243,M. tuberculosis,culture_age_60d,60.0,rifampicin,,,,vijay_161_age60d,6.785329835010767,2.0,6.785329835010767,False,1.3617278360175928,MPN/mL; RIF concentration not recorded in deposit,161,IS77,6100000.0,0.025,0.25,IS,15.0,0M,Low,Medium
vijay2024_elife93243,M. tuberculosis,culture_age_60d,60.0,rifampicin,,,,vijay_161_age60d,6.785329835010767,5.0,5.785329835010767,False,1.3617278360175928,MPN/mL; RIF concentration not recorded in deposit,161,IS77,610000.0,0.025,0.25,IS,15.0,0M,Low,Medium
vijay2024_elife93243,M. tuberculosis,culture_age_60d,60.0,rifampicin,,,,vijay_162_age60d,7.785329835010767,0.0,7.785329835010767,False,1.3617278360175928,MPN/mL; RIF concentration not recorded in deposit,162,IS78,61000000.0,0.025,0.06,IS,19.0,0M,Medium,Medium
vijay2024_elife93243,M. tuberculosis,culture_age_60d,60.0,rifampicin,,,,vijay_162_age60d,7.785329835010767,2.0,5.785329835010767,False,1.3617278360175928,MPN/mL; RIF concentration not recorded in deposit,162,IS78,610000.0,0.025,0.06,IS,19.0,0M,Medium,Medium
vijay2024_elife93243,M. tuberculosis,culture_age_60d,60.0,rifampicin,,,,vijay_162_age60d,7.785329835010767,5.0,5.785329835010767,False,1.3617278360175928,MPN/mL; RIF concentration not recorded in deposit,162,IS78,610000.0,0.025,0.06,IS,19.0,0M,Medium,Medium
vijay2024_elife93243,M. tuberculosis,culture_age_60d,60.0,rifampicin,,,,vijay_163_age60d,7.361727836017593,0.0,7.361727836017593,False,1.3617278360175928,MPN/mL; RIF concentration not recorded in deposit,163,IS79,23000000.0,0.05,0.06,IS,19.0,0M,Medium,Medium
vijay2024_elife93243,M. tuberculosis,culture_age_60d,60.0,rifampicin,,,,vijay_163_age60d,7.361727836017593,2.0,6.361727836017593,False,1.3617278360175928,MPN/mL; RIF concentration not recorded in deposit,163,IS79,2300000.0,0.05,0.06,IS,19.0,0M,Medium,Medium
vijay2024_elife93243,M. tuberculosis,culture_age_60d,60.0,rifampicin,,,,vijay_163_age60d,7.361727836017593,5.0,6.361727836017593,False,1.3617278360175928,MPN/mL; RIF concentration not recorded in deposit,163,IS79,2300000.0,0.05,0.06,IS,19.0,0M,Medium,Medium
vijay2024_elife93243,M. tuberculosis,culture_age_60d,60.0,rifampicin,,,,vijay_164_age60d,7.361727836017593,0.0,7.361727836017593,False,1.3617278360175928,MPN/mL; RIF concentration not recorded in deposit,164,IS80,23000000.0,0.05,0.12,IS,12.0,0M,Medium,High
vijay2024_elife93243,M. tuberculosis,culture_age_60d,60.0,rifampicin,,,,vijay_164_age60d,7.361727836017593,2.0,7.3222192947339195,False,1.3617278360175928,MPN/mL; RIF concentration not recorded in deposit,164,IS80,21000000.0,0.05,0.12,IS,12.0,0M,Medium,High
vijay2024_elife93243,M. tuberculosis,culture_age_60d,60.0,rifampicin,,,,vijay_164_age60d,7.361727836017593,5.0,7.361727836017593,False,1.3617278360175928,MPN/mL; RIF concentration not recorded in deposit,164,IS80,23000000.0,0.05,0.12,IS,12.0,0M,Medium,High
vijay2024_elife93243,M. tuberculosis,culture_age_60d,60.0,rifampicin,,,,vijay_165_age60d,7.3222192947339195,0.0,7.3222192947339195,False,1.3617278360175928,MPN/mL; RIF concentration not recorded in deposit,165,IS81,21000000.0,0.05,0.12,IS,15.0,0M,Low,Medium
vijay2024_elife93243,M. tuberculosis,culture_age_60d,60.0,rifampicin,,,,vijay_165_age60d,7.3222192947339195,2.0,6.361727836017593,False,1.3617278360175928,MPN/mL; RIF concentration not recorded in deposit,165,IS81,2300000.0,0.05,0.12,IS,15.0,0M,Low,Medium
vijay2024_elife93243,M. tuberculosis,culture_age_60d,60.0,rifampicin,,,,vijay_165_age60d,7.3222192947339195,5.0,5.785329835010767,False,1.3617278360175928,MPN/mL; RIF concentration not recorded in deposit,165,IS81,610000.0,0.05,0.12,IS,15.0,0M,Low,Medium
vijay2024_elife93243,M. tuberculosis,culture_age_60d,60.0,rifampicin,,,,vijay_166_age60d,7.785329835010767,0.0,7.785329835010767,False,1.3617278360175928,MPN/mL; RIF concentration not recorded in deposit,166,IS82,61000000.0,0.025,0.12,IS,19.0,0M,Low,Medium
vijay2024_elife93243,M. tuberculosis,culture_age_60d,60.0,rifampicin,,,,vijay_166_age60d,7.785329835010767,2.0,7.113943352306837,False,1.3617278360175928,MPN/mL; RIF concentration not recorded in deposit,166,IS82,13000000.0,0.025,0.12,IS,19.0,0M,Low,Medium
vijay2024_elife93243,M. tuberculosis,culture_age_60d,60.0,rifampicin,,,,vijay_166_age60d,7.785329835010767,5.0,6.113943352306837,False,1.3617278360175928,MPN/mL; RIF concentration not recorded in deposit,166,IS82,1300000.0,0.025,0.12,IS,19.0,0M,Low,Medium
vijay2024_elife93243,M. tuberculosis,culture_age_60d,60.0,rifampicin,,,,vijay_167_age60d,6.785329835010767,0.0,6.785329835010767,False,1.3617278360175928,MPN/mL; RIF concentration not recorded in deposit,167,IS83,6100000.0,0.025,0.12,IS,15.0,0M,Medium,Low
vijay2024_elife93243,M. tuberculosis,culture_age_60d,60.0,rifampicin,,,,vijay_167_age60d,6.785329835010767,2.0,6.361727836017593,False,1.3617278360175928,MPN/mL; RIF concentration not recorded in deposit,167,IS83,2300000.0,0.025,0.12,IS,15.0,0M,Medium,Low
vijay2024_elife93243,M. tuberculosis,culture_age_60d,60.0,rifampicin,,,,vijay_167_age60d,6.785329835010767,5.0,4.361727836017593,False,1.3617278360175928,MPN/mL; RIF concentration not recorded in deposit,167,IS83,23000.0,0.025,0.12,IS,15.0,0M,Medium,Low
vijay2024_elife93243,M. tuberculosis,culture_age_60d,60.0,rifampicin,,,,vijay_168_age60d,7.361727836017593,0.0,7.361727836017593,False,1.3617278360175928,MPN/mL; RIF concentration not recorded in deposit,168,IS84,23000000.0,0.05,0.25,IS,15.0,0M,Medium,Medium
vijay2024_elife93243,M. tuberculosis,culture_age_60d,60.0,rifampicin,,,,vijay_168_age60d,7.361727836017593,2.0,6.361727836017593,False,1.3617278360175928,MPN/mL; RIF concentration not recorded in deposit,168,IS84,2300000.0,0.05,0.25,IS,15.0,0M,Medium,Medium
vijay2024_elife93243,M. tuberculosis,culture_age_60d,60.0,rifampicin,,,,vijay_168_age60d,7.361727836017593,5.0,5.785329835010767,False,1.3617278360175928,MPN/mL; RIF concentration not recorded in deposit,168,IS84,610000.0,0.05,0.25,IS,15.0,0M,Medium,Medium
vijay2024_elife93243,M. tuberculosis,culture_age_60d,60.0,rifampicin,,,,vijay_169_age60d,7.785329835010767,0.0,7.785329835010767,False,1.3617278360175928,MPN/mL; RIF concentration not recorded in deposit,169,IS85,61000000.0,0.025,0.06,IS,19.0,0M,Medium,Medium
vijay2024_elife93243,M. tuberculosis,culture_age_60d,60.0,rifampicin,,,,vijay_169_age60d,7.785329835010767,2.0,6.361727836017593,False,1.3617278360175928,MPN/mL; RIF concentration not recorded in deposit,169,IS85,2300000.0,0.025,0.06,IS,19.0,0M,Medium,Medium
vijay2024_elife93243,M. tuberculosis,culture_age_60d,60.0,rifampicin,,,,vijay_169_age60d,7.785329835010767,5.0,5.785329835010767,False,1.3617278360175928,MPN/mL; RIF concentration not recorded in deposit,169,IS85,610000.0,0.025,0.06,IS,19.0,0M,Medium,Medium
vijay2024_elife93243,M. tuberculosis,culture_age_60d,60.0,rifampicin,,,,vijay_170_age60d,8.361727836017593,0.0,8.361727836017593,False,1.3617278360175928,MPN/mL; RIF concentration not recorded in deposit,170,IS86,230000000.0,0.05,0.12,IS,12.0,0M,Medium,Medium
vijay2024_elife93243,M. tuberculosis,culture_age_60d,60.0,rifampicin,,,,vijay_170_age60d,8.361727836017593,2.0,6.785329835010767,False,1.3617278360175928,MPN/mL; RIF concentration not recorded in deposit,170,IS86,6100000.0,0.05,0.12,IS,12.0,0M,Medium,Medium
vijay2024_elife93243,M. tuberculosis,culture_age_60d,60.0,rifampicin,,,,vijay_170_age60d,8.361727836017593,5.0,6.361727836017593,False,1.3617278360175928,MPN/mL; RIF concentration not recorded in deposit,170,IS86,2300000.0,0.05,0.12,IS,12.0,0M,Medium,Medium
vijay2024_elife93243,M. tuberculosis,culture_age_60d,60.0,rifampicin,,,,vijay_171_age60d,7.361727836017593,0.0,7.361727836017593,False,1.3617278360175928,MPN/mL; RIF concentration not recorded in deposit,171,IS87,23000000.0,0.025,0.12,IS,15.0,0M,Low,Medium
vijay2024_elife93243,M. tuberculosis,culture_age_60d,60.0,rifampicin,,,,vijay_171_age60d,7.361727836017593,2.0,7.361727836017593,False,1.3617278360175928,MPN/mL; RIF concentration not recorded in deposit,171,IS87,23000000.0,0.025,0.12,IS,15.0,0M,Low,Medium
vijay2024_elife93243,M. tuberculosis,culture_age_60d,60.0,rifampicin,,,,vijay_171_age60d,7.361727836017593,5.0,6.361727836017593,False,1.3617278360175928,MPN/mL; RIF concentration not recorded in deposit,171,IS87,2300000.0,0.025,0.12,IS,15.0,0M,Low,Medium
vijay2024_elife93243,M. tuberculosis,culture_age_60d,60.0,rifampicin,,,,vijay_172_age60d,7.361727836017593,0.0,7.361727836017593,False,1.3617278360175928,MPN/mL; RIF concentration not recorded in deposit,172,IS88,23000000.0,0.025,0.06,IS,19.0,0M,Medium,Medium
vijay2024_elife93243,M. tuberculosis,culture_age_60d,60.0,rifampicin,,,,vijay_172_age60d,7.361727836017593,2.0,6.361727836017593,False,1.3617278360175928,MPN/mL; RIF concentration not recorded in deposit,172,IS88,2300000.0,0.025,0.06,IS,19.0,0M,Medium,Medium
vijay2024_elife93243,M. tuberculosis,culture_age_60d,60.0,rifampicin,,,,vijay_172_age60d,7.361727836017593,5.0,5.785329835010767,False,1.3617278360175928,MPN/mL; RIF concentration not recorded in deposit,172,IS88,610000.0,0.025,0.06,IS,19.0,0M,Medium,Medium
vijay2024_elife93243,M. tuberculosis,culture_age_60d,60.0,rifampicin,,,,vijay_173_age60d,8.361727836017593,0.0,8.361727836017593,False,1.3617278360175928,MPN/mL; RIF concentration not recorded in deposit,173,IS89,230000000.0,0.05,0.06,IS,19.0,0M,Medium,Medium
vijay2024_elife93243,M. tuberculosis,culture_age_60d,60.0,rifampicin,,,,vijay_173_age60d,8.361727836017593,2.0,6.785329835010767,False,1.3617278360175928,MPN/mL; RIF concentration not recorded in deposit,173,IS89,6100000.0,0.05,0.06,IS,19.0,0M,Medium,Medium
vijay2024_elife93243,M. tuberculosis,culture_age_60d,60.0,rifampicin,,,,vijay_173_age60d,8.361727836017593,5.0,6.361727836017593,False,1.3617278360175928,MPN/mL; RIF concentration not recorded in deposit,173,IS89,2300000.0,0.05,0.06,IS,19.0,0M,Medium,Medium
vijay2024_elife93243,M. tuberculosis,culture_age_60d,60.0,rifampicin,,,,vijay_174_age60d,7.785329835010767,0.0,7.785329835010767,False,1.3617278360175928,MPN/mL; RIF concentration not recorded in deposit,174,IS90,61000000.0,0.025,0.06,IS,15.0,0M,Medium,Medium
vijay2024_elife93243,M. tuberculosis,culture_age_60d,60.0,rifampicin,,,,vijay_174_age60d,7.785329835010767,2.0,6.785329835010767,False,1.3617278360175928,MPN/mL; RIF concentration not recorded in deposit,174,IS90,6100000.0,0.025,0.06,IS,15.0,0M,Medium,Medium
vijay2024_elife93243,M. tuberculosis,culture_age_60d,60.0,rifampicin,,,,vijay_174_age60d,7.785329835010767,5.0,6.361727836017593,False,1.3617278360175928,MPN/mL; RIF concentration not recorded in deposit,174,IS90,2300000.0,0.025,0.06,IS,15.0,0M,Medium,Medium
vijay2024_elife93243,M. tuberculosis,culture_age_60d,60.0,rifampicin,,,,vijay_175_age60d,7.785329835010767,0.0,7.785329835010767,False,1.3617278360175928,MPN/mL; RIF concentration not recorded in deposit,175,IS91,61000000.0,0.025,0.25,IS,15.0,0M,Medium,Medium
vijay2024_elife93243,M. tuberculosis,culture_age_60d,60.0,rifampicin,,,,vijay_175_age60d,7.785329835010767,2.0,7.361727836017593,False,1.3617278360175928,MPN/mL; RIF concentration not recorded in deposit,175,IS91,23000000.0,0.025,0.25,IS,15.0,0M,Medium,Medium
vijay2024_elife93243,M. tuberculosis,culture_age_60d,60.0,rifampicin,,,,vijay_175_age60d,7.785329835010767,5.0,5.785329835010767,False,1.3617278360175928,MPN/mL; RIF concentration not recorded in deposit,175,IS91,610000.0,0.025,0.25,IS,15.0,0M,Medium,Medium
vijay2024_elife93243,M. tuberculosis,culture_age_60d,60.0,rifampicin,,,,vijay_176_age60d,4.785329835010767,0.0,4.785329835010767,False,1.3617278360175928,MPN/mL; RIF concentration not recorded in deposit,176,IS92,61000.0,0.05,0.25,IS,37.0,0M,Medium,Low
vijay2024_elife93243,M. tuberculosis,culture_age_60d,60.0,rifampicin,,,,vijay_176_age60d,4.785329835010767,2.0,3.361727836017593,False,1.3617278360175928,MPN/mL; RIF concentration not recorded in deposit,176,IS92,2300.0,0.05,0.25,IS,37.0,0M,Medium,Low
vijay2024_elife93243,M. tuberculosis,culture_age_60d,60.0,rifampicin,,,,vijay_176_age60d,4.785329835010767,5.0,2.361727836017593,False,1.3617278360175928,MPN/mL; RIF concentration not recorded in deposit,176,IS92,230.0,0.05,0.25,IS,37.0,0M,Medium,Low
vijay2024_elife93243,M. tuberculosis,culture_age_60d,60.0,rifampicin,,,,vijay_177_age60d,8.113943352306837,0.0,8.113943352306837,False,1.3617278360175928,MPN/mL; RIF concentration not recorded in deposit,177,IS93,130000000.0,0.05,0.12,IS,15.0,0M,Low,Medium
vijay2024_elife93243,M. tuberculosis,culture_age_60d,60.0,rifampicin,,,,vijay_177_age60d,8.113943352306837,2.0,7.361727836017593,False,1.3617278360175928,MPN/mL; RIF concentration not recorded in deposit,177,IS93,23000000.0,0.05,0.12,IS,15.0,0M,Low,Medium
vijay2024_elife93243,M. tuberculosis,culture_age_60d,60.0,rifampicin,,,,vijay_177_age60d,8.113943352306837,5.0,6.361727836017593,False,1.3617278360175928,MPN/mL; RIF concentration not recorded in deposit,177,IS93,2300000.0,0.05,0.12,IS,15.0,0M,Low,Medium
vijay2024_elife93243,M. tuberculosis,culture_age_60d,60.0,rifampicin,,,,vijay_178_age60d,8.361727836017593,0.0,8.361727836017593,False,1.3617278360175928,MPN/mL; RIF concentration not recorded in deposit,178,IS94,230000000.0,0.025,0.12,IS,19.0,0M,Medium,Medium
vijay2024_elife93243,M. tuberculosis,culture_age_60d,60.0,rifampicin,,,,vijay_178_age60d,8.361727836017593,2.0,7.361727836017593,False,1.3617278360175928,MPN/mL; RIF concentration not recorded in deposit,178,IS94,23000000.0,0.025,0.12,IS,19.0,0M,Medium,Medium
vijay2024_elife93243,M. tuberculosis,culture_age_60d,60.0,rifampicin,,,,vijay_178_age60d,8.361727836017593,5.0,6.785329835010767,False,1.3617278360175928,MPN/mL; RIF concentration not recorded in deposit,178,IS94,6100000.0,0.025,0.12,IS,19.0,0M,Medium,Medium
vijay2024_elife93243,M. tuberculosis,culture_age_60d,60.0,rifampicin,,,,vijay_179_age60d,7.361727836017593,0.0,7.361727836017593,False,1.3617278360175928,MPN/mL; RIF concentration not recorded in deposit,179,IS95,23000000.0,0.05,0.12,IS,13.0,0M,Low,Low
vijay2024_elife93243,M. tuberculosis,culture_age_60d,60.0,rifampicin,,,,vijay_179_age60d,7.361727836017593,2.0,6.785329835010767,False,1.3617278360175928,MPN/mL; RIF concentration not recorded in deposit,179,IS95,6100000.0,0.05,0.12,IS,13.0,0M,Low,Low
vijay2024_elife93243,M. tuberculosis,culture_age_60d,60.0,rifampicin,,,,vijay_179_age60d,7.361727836017593,5.0,2.361727836017593,False,1.3617278360175928,MPN/mL; RIF concentration not recorded in deposit,179,IS95,230.0,0.05,0.12,IS,13.0,0M,Low,Low
vijay2024_elife93243,M. tuberculosis,culture_age_60d,60.0,rifampicin,,,,vijay_180_age60d,7.361727836017593,0.0,7.361727836017593,False,1.3617278360175928,MPN/mL; RIF concentration not recorded in deposit,180,IS96,23000000.0,0.05,0.06,IS,13.0,0M,Low,Low
vijay2024_elife93243,M. tuberculosis,culture_age_60d,60.0,rifampicin,,,,vijay_180_age60d,7.361727836017593,2.0,6.785329835010767,False,1.3617278360175928,MPN/mL; RIF concentration not recorded in deposit,180,IS96,6100000.0,0.05,0.06,IS,13.0,0M,Low,Low
vijay2024_elife93243,M. tuberculosis,culture_age_60d,60.0,rifampicin,,,,vijay_180_age60d,7.361727836017593,5.0,2.361727836017593,False,1.3617278360175928,MPN/mL; RIF concentration not recorded in deposit,180,IS96,230.0,0.05,0.06,IS,13.0,0M,Low,Low
vijay2024_elife93243,M. tuberculosis,culture_age_60d,60.0,rifampicin,,,,vijay_181_age60d,7.361727836017593,0.0,7.361727836017593,False,1.3617278360175928,MPN/mL; RIF concentration not recorded in deposit,181,IS97,23000000.0,0.05,0.06,IS,19.0,0M,Medium,Medium
vijay2024_elife93243,M. tuberculosis,culture_age_60d,60.0,rifampicin,,,,vijay_181_age60d,7.361727836017593,2.0,6.785329835010767,False,1.3617278360175928,MPN/mL; RIF concentration not recorded in deposit,181,IS97,6100000.0,0.05,0.06,IS,19.0,0M,Medium,Medium
vijay2024_elife93243,M. tuberculosis,culture_age_60d,60.0,rifampicin,,,,vijay_181_age60d,7.361727836017593,5.0,5.785329835010767,False,1.3617278360175928,MPN/mL; RIF concentration not recorded in deposit,181,IS97,610000.0,0.05,0.06,IS,19.0,0M,Medium,Medium
vijay2024_elife93243,M. tuberculosis,culture_age_60d,60.0,rifampicin,,,,vijay_182_age60d,7.361727836017593,0.0,7.361727836017593,False,1.3617278360175928,MPN/mL; RIF concentration not recorded in deposit,182,IS98,23000000.0,0.05,0.25,IS,13.0,0M,Low,Low
vijay2024_elife93243,M. tuberculosis,culture_age_60d,60.0,rifampicin,,,,vijay_182_age60d,7.361727836017593,2.0,6.361727836017593,False,1.3617278360175928,MPN/mL; RIF concentration not recorded in deposit,182,IS98,2300000.0,0.05,0.25,IS,13.0,0M,Low,Low
vijay2024_elife93243,M. tuberculosis,culture_age_60d,60.0,rifampicin,,,,vijay_182_age60d,7.361727836017593,5.0,2.361727836017593,False,1.3617278360175928,MPN/mL; RIF concentration not recorded in deposit,182,IS98,230.0,0.05,0.25,IS,13.0,0M,Low,Low
vijay2024_elife93243,M. tuberculosis,culture_age_60d,60.0,rifampicin,,,,vijay_183_age60d,5.361727836017593,0.0,5.361727836017593,False,1.3617278360175928,MPN/mL; RIF concentration not recorded in deposit,183,IS99,230000.0,0.025,0.12,IS,23.0,0M,Medium,Medium
vijay2024_elife93243,M. tuberculosis,culture_age_60d,60.0,rifampicin,,,,vijay_183_age60d,5.361727836017593,2.0,3.361727836017593,False,1.3617278360175928,MPN/mL; RIF concentration not recorded in deposit,183,IS99,2300.0,0.025,0.12,IS,23.0,0M,Medium,Medium
vijay2024_elife93243,M. tuberculosis,culture_age_60d,60.0,rifampicin,,,,vijay_183_age60d,5.361727836017593,5.0,3.785329835010767,False,1.3617278360175928,MPN/mL; RIF concentration not recorded in deposit,183,IS99,6100.0,0.025,0.12,IS,23.0,0M,Medium,Medium
vijay2024_elife93243,M. tuberculosis,culture_age_60d,60.0,rifampicin,,,,vijay_184_age60d,7.361727836017593,0.0,7.361727836017593,False,1.3617278360175928,MPN/mL; RIF concentration not recorded in deposit,184,IS100,23000000.0,0.05,0.12,IS,15.0,0M,Medium,Medium
vijay2024_elife93243,M. tuberculosis,culture_age_60d,60.0,rifampicin,,,,vijay_184_age60d,7.361727836017593,2.0,7.361727836017593,False,1.3617278360175928,MPN/mL; RIF concentration not recorded in deposit,184,IS100,23000000.0,0.05,0.12,IS,15.0,0M,Medium,Medium
vijay2024_elife93243,M. tuberculosis,culture_age_60d,60.0,rifampicin,,,,vijay_184_age60d,7.361727836017593,5.0,5.785329835010767,False,1.3617278360175928,MPN/mL; RIF concentration not recorded in deposit,184,IS100,610000.0,0.05,0.12,IS,15.0,0M,Medium,Medium
vijay2024_elife93243,M. tuberculosis,culture_age_60d,60.0,rifampicin,,,,vijay_185_age60d,7.785329835010767,0.0,7.785329835010767,False,1.3617278360175928,MPN/mL; RIF concentration not recorded in deposit,185,IS101,61000000.0,0.025,0.06,IS,13.0,0M,Medium,Medium
vijay2024_elife93243,M. tuberculosis,culture_age_60d,60.0,rifampicin,,,,vijay_185_age60d,7.785329835010767,2.0,7.785329835010767,False,1.3617278360175928,MPN/mL; RIF concentration not recorded in deposit,185,IS101,61000000.0,0.025,0.06,IS,13.0,0M,Medium,Medium
vijay2024_elife93243,M. tuberculosis,culture_age_60d,60.0,rifampicin,,,,vijay_185_age60d,7.785329835010767,5.0,6.785329835010767,False,1.3617278360175928,MPN/mL; RIF concentration not recorded in deposit,185,IS101,6100000.0,0.025,0.06,IS,13.0,0M,Medium,Medium
vijay2024_elife93243,M. tuberculosis,culture_age_60d,60.0,rifampicin,,,,vijay_186_age60d,8.361727836017593,0.0,8.361727836017593,False,1.3617278360175928,MPN/mL; RIF concentration not recorded in deposit,186,IS102,230000000.0,0.025,0.12,IS,13.0,0M,Low,Low
vijay2024_elife93243,M. tuberculosis,culture_age_60d,60.0,rifampicin,,,,vijay_186_age60d,8.361727836017593,2.0,7.361727836017593,False,1.3617278360175928,MPN/mL; RIF concentration not recorded in deposit,186,IS102,23000000.0,0.025,0.12,IS,13.0,0M,Low,Low
vijay2024_elife93243,M. tuberculosis,culture_age_60d,60.0,rifampicin,,,,vijay_186_age60d,8.361727836017593,5.0,3.361727836017593,False,1.3617278360175928,MPN/mL; RIF concentration not recorded in deposit,186,IS102,2300.0,0.025,0.12,IS,13.0,0M,Low,Low
vijay2024_elife93243,M. tuberculosis,culture_age_60d,60.0,rifampicin,,,,vijay_187_age60d,8.361727836017593,0.0,8.361727836017593,False,1.3617278360175928,MPN/mL; RIF concentration not recorded in deposit,187,IS103,230000000.0,0.05,0.06,IS,19.0,0M,High,Medium
vijay2024_elife93243,M. tuberculosis,culture_age_60d,60.0,rifampicin,,,,vijay_187_age60d,8.361727836017593,2.0,6.361727836017593,False,1.3617278360175928,MPN/mL; RIF concentration not recorded in deposit,187,IS103,2300000.0,0.05,0.06,IS,19.0,0M,High,Medium
vijay2024_elife93243,M. tuberculosis,culture_age_60d,60.0,rifampicin,,,,vijay_187_age60d,8.361727836017593,5.0,6.361727836017593,False,1.3617278360175928,MPN/mL; RIF concentration not recorded in deposit,187,IS103,2300000.0,0.05,0.06,IS,19.0,0M,High,Medium
vijay2024_elife93243,M. tuberculosis,culture_age_60d,60.0,rifampicin,,,,vijay_188_age60d,4.785329835010767,0.0,4.785329835010767,False,1.3617278360175928,MPN/mL; RIF concentration not recorded in deposit,188,IS104,61000.0,0.025,0.06,IS,29.0,0M,Medium,Low
vijay2024_elife93243,M. tuberculosis,culture_age_60d,60.0,rifampicin,,,,vijay_188_age60d,4.785329835010767,2.0,3.785329835010767,False,1.3617278360175928,MPN/mL; RIF concentration not recorded in deposit,188,IS104,6100.0,0.025,0.06,IS,29.0,0M,Medium,Low
vijay2024_elife93243,M. tuberculosis,culture_age_60d,60.0,rifampicin,,,,vijay_188_age60d,4.785329835010767,5.0,2.361727836017593,False,1.3617278360175928,MPN/mL; RIF concentration not recorded in deposit,188,IS104,230.0,0.025,0.06,IS,29.0,0M,Medium,Low
vijay2024_elife93243,M. tuberculosis,culture_age_60d,60.0,rifampicin,,,,vijay_189_age60d,7.361727836017593,0.0,7.361727836017593,False,1.3617278360175928,MPN/mL; RIF concentration not recorded in deposit,189,IS105,23000000.0,0.025,0.06,IS,19.0,0M,High,Medium
vijay2024_elife93243,M. tuberculosis,culture_age_60d,60.0,rifampicin,,,,vijay_189_age60d,7.361727836017593,2.0,7.113943352306837,False,1.3617278360175928,MPN/mL; RIF concentration not recorded in deposit,189,IS105,13000000.0,0.025,0.06,IS,19.0,0M,High,Medium
vijay2024_elife93243,M. tuberculosis,culture_age_60d,60.0,rifampicin,,,,vijay_189_age60d,7.361727836017593,5.0,6.361727836017593,False,1.3617278360175928,MPN/mL; RIF concentration not recorded in deposit,189,IS105,2300000.0,0.025,0.06,IS,19.0,0M,High,Medium
vijay2024_elife93243,M. tuberculosis,culture_age_60d,60.0,rifampicin,,,,vijay_190_age60d,5.361727836017593,0.0,5.361727836017593,False,1.3617278360175928,MPN/mL; RIF concentration not recorded in deposit,190,IS106,230000.0,0.025,0.06,IS,29.0,0M,Medium,High
vijay2024_elife93243,M. tuberculosis,culture_age_60d,60.0,rifampicin,,,,vijay_190_age60d,5.361727836017593,2.0,4.361727836017593,False,1.3617278360175928,MPN/mL; RIF concentration not recorded in deposit,190,IS106,23000.0,0.025,0.06,IS,29.0,0M,Medium,High
vijay2024_elife93243,M. tuberculosis,culture_age_60d,60.0,rifampicin,,,,vijay_190_age60d,5.361727836017593,5.0,4.785329835010767,False,1.3617278360175928,MPN/mL; RIF concentration not recorded in deposit,190,IS106,61000.0,0.025,0.06,IS,29.0,0M,Medium,High
vijay2024_elife93243,M. tuberculosis,culture_age_60d,60.0,rifampicin,,,,vijay_191_age60d,4.785329835010767,0.0,4.785329835010767,False,1.3617278360175928,MPN/mL; RIF concentration not recorded in deposit,191,IS107,61000.0,0.025,0.06,IS,30.0,0M,High,High
vijay2024_elife93243,M. tuberculosis,culture_age_60d,60.0,rifampicin,,,,vijay_191_age60d,4.785329835010767,2.0,4.361727836017593,False,1.3617278360175928,MPN/mL; RIF concentration not recorded in deposit,191,IS107,23000.0,0.025,0.06,IS,30.0,0M,High,High
vijay2024_elife93243,M. tuberculosis,culture_age_60d,60.0,rifampicin,,,,vijay_191_age60d,4.785329835010767,5.0,5.361727836017593,False,1.3617278360175928,MPN/mL; RIF concentration not recorded in deposit,191,IS107,230000.0,0.025,0.06,IS,30.0,0M,High,High
vijay2024_elife93243,M. tuberculosis,culture_age_60d,60.0,rifampicin,,,,vijay_192_age60d,8.361727836017593,0.0,8.361727836017593,False,1.3617278360175928,MPN/mL; RIF concentration not recorded in deposit,192,IS108,230000000.0,0.025,0.06,IS,19.0,0M,Medium,Medium
vijay2024_elife93243,M. tuberculosis,culture_age_60d,60.0,rifampicin,,,,vijay_192_age60d,8.361727836017593,2.0,6.785329835010767,False,1.3617278360175928,MPN/mL; RIF concentration not recorded in deposit,192,IS108,6100000.0,0.025,0.06,IS,19.0,0M,Medium,Medium
vijay2024_elife93243,M. tuberculosis,culture_age_60d,60.0,rifampicin,,,,vijay_192_age60d,8.361727836017593,5.0,6.361727836017593,False,1.3617278360175928,MPN/mL; RIF concentration not recorded in deposit,192,IS108,2300000.0,0.025,0.06,IS,19.0,0M,Medium,Medium
vijay2024_elife93243,M. tuberculosis,culture_age_60d,60.0,rifampicin,,,,vijay_193_age60d,7.785329835010767,0.0,7.785329835010767,False,1.3617278360175928,MPN/mL; RIF concentration not recorded in deposit,193,IS109,61000000.0,0.025,0.06,IS,19.0,0M,Medium,High
vijay2024_elife93243,M. tuberculosis,culture_age_60d,60.0,rifampicin,,,,vijay_193_age60d,7.785329835010767,2.0,7.361727836017593,False,1.3617278360175928,MPN/mL; RIF concentration not recorded in deposit,193,IS109,23000000.0,0.025,0.06,IS,19.0,0M,Medium,High
vijay2024_elife93243,M. tuberculosis,culture_age_60d,60.0,rifampicin,,,,vijay_193_age60d,7.785329835010767,5.0,7.361727836017593,False,1.3617278360175928,MPN/mL; RIF concentration not recorded in deposit,193,IS109,23000000.0,0.025,0.06,IS,19.0,0M,Medium,High
vijay2024_elife93243,M. tuberculosis,culture_age_60d,60.0,rifampicin,,,,vijay_194_age60d,7.785329835010767,0.0,7.785329835010767,False,1.3617278360175928,MPN/mL; RIF concentration not recorded in deposit,194,IS110,61000000.0,0.025,0.06,IS,19.0,0M,High,Medium
vijay2024_elife93243,M. tuberculosis,culture_age_60d,60.0,rifampicin,,,,vijay_194_age60d,7.785329835010767,2.0,6.785329835010767,False,1.3617278360175928,MPN/mL; RIF concentration not recorded in deposit,194,IS110,6100000.0,0.025,0.06,IS,19.0,0M,High,Medium
vijay2024_elife93243,M. tuberculosis,culture_age_60d,60.0,rifampicin,,,,vijay_194_age60d,7.785329835010767,5.0,6.361727836017593,False,1.3617278360175928,MPN/mL; RIF concentration not recorded in deposit,194,IS110,2300000.0,0.025,0.06,IS,19.0,0M,High,Medium
vijay2024_elife93243,M. tuberculosis,culture_age_60d,60.0,rifampicin,,,,vijay_195_age60d,7.785329835010767,0.0,7.785329835010767,False,1.3617278360175928,MPN/mL; RIF concentration not recorded in deposit,195,IS111,61000000.0,0.05,0.06,IS,19.0,0M,Medium,Medium
vijay2024_elife93243,M. tuberculosis,culture_age_60d,60.0,rifampicin,,,,vijay_195_age60d,7.785329835010767,2.0,6.361727836017593,False,1.3617278360175928,MPN/mL; RIF concentration not recorded in deposit,195,IS111,2300000.0,0.05,0.06,IS,19.0,0M,Medium,Medium
vijay2024_elife93243,M. tuberculosis,culture_age_60d,60.0,rifampicin,,,,vijay_195_age60d,7.785329835010767,5.0,6.785329835010767,False,1.3617278360175928,MPN/mL; RIF concentration not recorded in deposit,195,IS111,6100000.0,0.05,0.06,IS,19.0,0M,Medium,Medium
vijay2024_elife93243,M. tuberculosis,culture_age_60d,60.0,rifampicin,,,,vijay_196_age60d,7.785329835010767,0.0,7.785329835010767,False,1.3617278360175928,MPN/mL; RIF concentration not recorded in deposit,196,IS112,61000000.0,0.05,0.06,IS,15.0,0M,Medium,Medium
vijay2024_elife93243,M. tuberculosis,culture_age_60d,60.0,rifampicin,,,,vijay_196_age60d,7.785329835010767,2.0,6.785329835010767,False,1.3617278360175928,MPN/mL; RIF concentration not recorded in deposit,196,IS112,6100000.0,0.05,0.06,IS,15.0,0M,Medium,Medium
vijay2024_elife93243,M. tuberculosis,culture_age_60d,60.0,rifampicin,,,,vijay_196_age60d,7.785329835010767,5.0,6.361727836017593,False,1.3617278360175928,MPN/mL; RIF concentration not recorded in deposit,196,IS112,2300000.0,0.05,0.06,IS,15.0,0M,Medium,Medium
vijay2024_elife93243,M. tuberculosis,culture_age_60d,60.0,rifampicin,,,,vijay_197_age60d,7.361727836017593,0.0,7.361727836017593,False,1.3617278360175928,MPN/mL; RIF concentration not recorded in deposit,197,IS113,23000000.0,0.025,0.06,IS,8.0,0M,Medium,Medium
vijay2024_elife93243,M. tuberculosis,culture_age_60d,60.0,rifampicin,,,,vijay_197_age60d,7.361727836017593,2.0,6.785329835010767,False,1.3617278360175928,MPN/mL; RIF concentration not recorded in deposit,197,IS113,6100000.0,0.025,0.06,IS,8.0,0M,Medium,Medium
vijay2024_elife93243,M. tuberculosis,culture_age_60d,60.0,rifampicin,,,,vijay_197_age60d,7.361727836017593,5.0,6.361727836017593,False,1.3617278360175928,MPN/mL; RIF concentration not recorded in deposit,197,IS113,2300000.0,0.025,0.06,IS,8.0,0M,Medium,Medium
vijay2024_elife93243,M. tuberculosis,culture_age_60d,60.0,rifampicin,,,,vijay_198_age60d,7.785329835010767,0.0,7.785329835010767,False,1.3617278360175928,MPN/mL; RIF concentration not recorded in deposit,198,IS114,61000000.0,0.025,0.06,IS,8.0,0M,Medium,Medium
vijay2024_elife93243,M. tuberculosis,culture_age_60d,60.0,rifampicin,,,,vijay_198_age60d,7.785329835010767,2.0,6.361727836017593,False,1.3617278360175928,MPN/mL; RIF concentration not recorded in deposit,198,IS114,2300000.0,0.025,0.06,IS,8.0,0M,Medium,Medium
vijay2024_elife93243,M. tuberculosis,culture_age_60d,60.0,rifampicin,,,,vijay_198_age60d,7.785329835010767,5.0,6.361727836017593,False,1.3617278360175928,MPN/mL; RIF concentration not recorded in deposit,198,IS114,2300000.0,0.025,0.06,IS,8.0,0M,Medium,Medium
vijay2024_elife93243,M. tuberculosis,culture_age_60d,60.0,rifampicin,,,,vijay_199_age60d,7.113943352306837,0.0,7.113943352306837,False,1.3617278360175928,MPN/mL; RIF concentration not recorded in deposit,199,IS115,13000000.0,0.05,0.06,IS,15.0,0M,Medium,High
vijay2024_elife93243,M. tuberculosis,culture_age_60d,60.0,rifampicin,,,,vijay_199_age60d,7.113943352306837,2.0,6.690196080028514,False,1.3617278360175928,MPN/mL; RIF concentration not recorded in deposit,199,IS115,4900000.0,0.05,0.06,IS,15.0,0M,Medium,High
vijay2024_elife93243,M. tuberculosis,culture_age_60d,60.0,rifampicin,,,,vijay_199_age60d,7.113943352306837,5.0,6.361727836017593,False,1.3617278360175928,MPN/mL; RIF concentration not recorded in deposit,199,IS115,2300000.0,0.05,0.06,IS,15.0,0M,Medium,High
vijay2024_elife93243,M. tuberculosis,culture_age_60d,60.0,rifampicin,,,,vijay_200_age60d,7.361727836017593,0.0,7.361727836017593,False,1.3617278360175928,MPN/mL; RIF concentration not recorded in deposit,200,IS116,23000000.0,0.025,0.06,IS,19.0,0M,High,High
vijay2024_elife93243,M. tuberculosis,culture_age_60d,60.0,rifampicin,,,,vijay_200_age60d,7.361727836017593,2.0,7.361727836017593,False,1.3617278360175928,MPN/mL; RIF concentration not recorded in deposit,200,IS116,23000000.0,0.025,0.06,IS,19.0,0M,High,High
vijay2024_elife93243,M. tuberculosis,culture_age_60d,60.0,rifampicin,,,,vijay_200_age60d,7.361727836017593,5.0,7.361727836017593,False,1.3617278360175928,MPN/mL; RIF concentration not recorded in deposit,200,IS116,23000000.0,0.025,0.06,IS,19.0,0M,High,High
vijay2024_elife93243,M. tuberculosis,culture_age_60d,60.0,rifampicin,,,,vijay_201_age60d,7.785329835010767,0.0,7.785329835010767,False,1.3617278360175928,MPN/mL; RIF concentration not recorded in deposit,201,IS117,61000000.0,0.025,0.06,IS,15.0,0M,Low,Medium
vijay2024_elife93243,M. tuberculosis,culture_age_60d,60.0,rifampicin,,,,vijay_201_age60d,7.785329835010767,2.0,6.785329835010767,False,1.3617278360175928,MPN/mL; RIF concentration not recorded in deposit,201,IS117,6100000.0,0.025,0.06,IS,15.0,0M,Low,Medium
vijay2024_elife93243,M. tuberculosis,culture_age_60d,60.0,rifampicin,,,,vijay_201_age60d,7.785329835010767,5.0,6.785329835010767,False,1.3617278360175928,MPN/mL; RIF concentration not recorded in deposit,201,IS117,6100000.0,0.025,0.06,IS,15.0,0M,Low,Medium
vijay2024_elife93243,M. tuberculosis,culture_age_60d,60.0,rifampicin,,,,vijay_202_age60d,7.361727836017593,0.0,7.361727836017593,False,1.3617278360175928,MPN/mL; RIF concentration not recorded in deposit,202,IS118,23000000.0,0.025,0.06,IS,15.0,0M,Low,Medium
vijay2024_elife93243,M. tuberculosis,culture_age_60d,60.0,rifampicin,,,,vijay_202_age60d,7.361727836017593,2.0,6.361727836017593,False,1.3617278360175928,MPN/mL; RIF concentration not recorded in deposit,202,IS118,2300000.0,0.025,0.06,IS,15.0,0M,Low,Medium
vijay2024_elife93243,M. tuberculosis,culture_age_60d,60.0,rifampicin,,,,vijay_202_age60d,7.361727836017593,5.0,6.361727836017593,False,1.3617278360175928,MPN/mL; RIF concentration not recorded in deposit,202,IS118,2300000.0,0.025,0.06,IS,15.0,0M,Low,Medium
vijay2024_elife93243,M. tuberculosis,culture_age_60d,60.0,rifampicin,,,,vijay_203_age60d,7.690196080028514,0.0,7.690196080028514,False,1.3617278360175928,MPN/mL; RIF concentration not recorded in deposit,203,IS119,49000000.0,0.025,0.06,IS,19.0,0M,High,High
vijay2024_elife93243,M. tuberculosis,culture_age_60d,60.0,rifampicin,,,,vijay_203_age60d,7.690196080028514,2.0,7.361727836017593,False,1.3617278360175928,MPN/mL; RIF concentration not recorded in deposit,203,IS119,23000000.0,0.025,0.06,IS,19.0,0M,High,High
vijay2024_elife93243,M. tuberculosis,culture_age_60d,60.0,rifampicin,,,,vijay_203_age60d,7.690196080028514,5.0,7.361727836017593,False,1.3617278360175928,MPN/mL; RIF concentration not recorded in deposit,203,IS119,23000000.0,0.025,0.06,IS,19.0,0M,High,High
vijay2024_elife93243,M. tuberculosis,culture_age_60d,60.0,rifampicin,,,,vijay_204_age60d,7.785329835010767,0.0,7.785329835010767,False,1.3617278360175928,MPN/mL; RIF concentration not recorded in deposit,204,MDR1,61000000.0,,,MDR,19.0,24M,MDR,MDR
vijay2024_elife93243,M. tuberculosis,culture_age_60d,60.0,rifampicin,,,,vijay_204_age60d,7.785329835010767,2.0,8.361727836017593,False,1.3617278360175928,MPN/mL; RIF concentration not recorded in deposit,204,MDR1,230000000.0,,,MDR,19.0,24M,MDR,MDR
vijay2024_elife93243,M. tuberculosis,culture_age_60d,60.0,rifampicin,,,,vijay_204_age60d,7.785329835010767,5.0,7.785329835010767,False,1.3617278360175928,MPN/mL; RIF concentration not recorded in deposit,204,MDR1,61000000.0,,,MDR,19.0,24M,MDR,MDR
vijay2024_elife93243,M. tuberculosis,culture_age_60d,60.0,rifampicin,,,,vijay_205_age60d,7.785329835010767,0.0,7.785329835010767,False,1.3617278360175928,MPN/mL; RIF concentration not recorded in deposit,205,MDR2,61000000.0,,,MDR,15.0,0M,MDR,MDR
vijay2024_elife93243,M. tuberculosis,culture_age_60d,60.0,rifampicin,,,,vijay_205_age60d,7.785329835010767,2.0,7.361727836017593,False,1.3617278360175928,MPN/mL; RIF concentration not recorded in deposit,205,MDR2,23000000.0,,,MDR,15.0,0M,MDR,MDR
vijay2024_elife93243,M. tuberculosis,culture_age_60d,60.0,rifampicin,,,,vijay_205_age60d,7.785329835010767,5.0,7.785329835010767,False,1.3617278360175928,MPN/mL; RIF concentration not recorded in deposit,205,MDR2,61000000.0,,,MDR,15.0,0M,MDR,MDR
vijay2024_elife93243,M. tuberculosis,culture_age_60d,60.0,rifampicin,,,,vijay_206_age60d,8.361727836017593,0.0,8.361727836017593,False,1.3617278360175928,MPN/mL; RIF concentration not recorded in deposit,206,MDR3,230000000.0,,,MDR,19.0,1M,MDR,MDR
vijay2024_elife93243,M. tuberculosis,culture_age_60d,60.0,rifampicin,,,,vijay_206_age60d,8.361727836017593,2.0,7.361727836017593,False,1.3617278360175928,MPN/mL; RIF concentration not recorded in deposit,206,MDR3,23000000.0,,,MDR,19.0,1M,MDR,MDR
vijay2024_elife93243,M. tuberculosis,culture_age_60d,60.0,rifampicin,,,,vijay_206_age60d,8.361727836017593,5.0,7.785329835010767,False,1.3617278360175928,MPN/mL; RIF concentration not recorded in deposit,206,MDR3,61000000.0,,,MDR,19.0,1M,MDR,MDR
vijay2024_elife93243,M. tuberculosis,culture_age_60d,60.0,rifampicin,,,,vijay_207_age60d,8.361727836017593,0.0,8.361727836017593,False,1.3617278360175928,MPN/mL; RIF concentration not recorded in deposit,207,MDR4,230000000.0,,,MDR,19.0,5M,MDR,MDR
vijay2024_elife93243,M. tuberculosis,culture_age_60d,60.0,rifampicin,,,,vijay_207_age60d,8.361727836017593,2.0,8.361727836017593,False,1.3617278360175928,MPN/mL; RIF concentration not recorded in deposit,207,MDR4,230000000.0,,,MDR,19.0,5M,MDR,MDR
vijay2024_elife93243,M. tuberculosis,culture_age_60d,60.0,rifampicin,,,,vijay_207_age60d,8.361727836017593,5.0,7.785329835010767,False,1.3617278360175928,MPN/mL; RIF concentration not recorded in deposit,207,MDR4,61000000.0,,,MDR,19.0,5M,MDR,MDR
vijay2024_elife93243,M. tuberculosis,culture_age_60d,60.0,rifampicin,,,,vijay_208_age60d,7.785329835010767,0.0,7.785329835010767,False,1.3617278360175928,MPN/mL; RIF concentration not recorded in deposit,208,MDR5,61000000.0,,,MDR,19.0,0M,MDR,MDR
vijay2024_elife93243,M. tuberculosis,culture_age_60d,60.0,rifampicin,,,,vijay_208_age60d,7.785329835010767,2.0,7.785329835010767,False,1.3617278360175928,MPN/mL; RIF concentration not recorded in deposit,208,MDR5,61000000.0,,,MDR,19.0,0M,MDR,MDR
vijay2024_elife93243,M. tuberculosis,culture_age_60d,60.0,rifampicin,,,,vijay_208_age60d,7.785329835010767,5.0,7.361727836017593,False,1.3617278360175928,MPN/mL; RIF concentration not recorded in deposit,208,MDR5,23000000.0,,,MDR,19.0,0M,MDR,MDR
vijay2024_elife93243,M. tuberculosis,culture_age_60d,60.0,rifampicin,,,,vijay_209_age60d,8.361727836017593,0.0,8.361727836017593,False,1.3617278360175928,MPN/mL; RIF concentration not recorded in deposit,209,MDR6,230000000.0,,,MDR,19.0,2M,MDR,MDR
vijay2024_elife93243,M. tuberculosis,culture_age_60d,60.0,rifampicin,,,,vijay_209_age60d,8.361727836017593,2.0,6.785329835010767,False,1.3617278360175928,MPN/mL; RIF concentration not recorded in deposit,209,MDR6,6100000.0,,,MDR,19.0,2M,MDR,MDR
vijay2024_elife93243,M. tuberculosis,culture_age_60d,60.0,rifampicin,,,,vijay_209_age60d,8.361727836017593,5.0,6.361727836017593,False,1.3617278360175928,MPN/mL; RIF concentration not recorded in deposit,209,MDR6,2300000.0,,,MDR,19.0,2M,MDR,MDR
vijay2024_elife93243,M. tuberculosis,culture_age_60d,60.0,rifampicin,,,,vijay_210_age60d,7.361727836017593,0.0,7.361727836017593,False,1.3617278360175928,MPN/mL; RIF concentration not recorded in deposit,210,MDR-G1,23000000.0,3.2,0.12,MDR-G,14.0,0M,MDR,MDR
vijay2024_elife93243,M. tuberculosis,culture_age_60d,60.0,rifampicin,,,,vijay_210_age60d,7.361727836017593,2.0,7.361727836017593,False,1.3617278360175928,MPN/mL; RIF concentration not recorded in deposit,210,MDR-G1,23000000.0,3.2,0.12,MDR-G,14.0,0M,MDR,MDR
vijay2024_elife93243,M. tuberculosis,culture_age_60d,60.0,rifampicin,,,,vijay_210_age60d,7.361727836017593,5.0,6.785329835010767,False,1.3617278360175928,MPN/mL; RIF concentration not recorded in deposit,210,MDR-G1,6100000.0,3.2,0.12,MDR-G,14.0,0M,MDR,MDR
vijay2024_elife93243,M. tuberculosis,culture_age_60d,60.0,rifampicin,,,,vijay_212_age60d,7.361727836017593,0.0,7.361727836017593,False,1.3617278360175928,MPN/mL; RIF concentration not recorded in deposit,212,MDR-G3,23000000.0,3.2,0.5,MDR-G,20.0,0M,MDR,MDR
vijay2024_elife93243,M. tuberculosis,culture_age_60d,60.0,rifampicin,,,,vijay_212_age60d,7.361727836017593,2.0,7.113943352306837,False,1.3617278360175928,MPN/mL; RIF concentration not recorded in deposit,212,MDR-G3,13000000.0,3.2,0.5,MDR-G,20.0,0M,MDR,MDR
vijay2024_elife93243,M. tuberculosis,culture_age_60d,60.0,rifampicin,,,,vijay_212_age60d,7.361727836017593,5.0,7.361727836017593,False,1.3617278360175928,MPN/mL; RIF concentration not recorded in deposit,212,MDR-G3,23000000.0,3.2,0.5,MDR-G,20.0,0M,MDR,MDR
vijay2024_elife93243,M. tuberculosis,culture_age_60d,60.0,rifampicin,,,,vijay_213_age60d,7.361727836017593,0.0,7.361727836017593,False,1.3617278360175928,MPN/mL; RIF concentration not recorded in deposit,213,MDR-G4,23000000.0,3.2,0.5,MDR-G,15.0,5M,MDR,MDR
vijay2024_elife93243,M. tuberculosis,culture_age_60d,60.0,rifampicin,,,,vijay_213_age60d,7.361727836017593,2.0,6.361727836017593,False,1.3617278360175928,MPN/mL; RIF concentration not recorded in deposit,213,MDR-G4,2300000.0,3.2,0.5,MDR-G,15.0,5M,MDR,MDR
vijay2024_elife93243,M. tuberculosis,culture_age_60d,60.0,rifampicin,,,,vijay_213_age60d,7.361727836017593,5.0,6.785329835010767,False,1.3617278360175928,MPN/mL; RIF concentration not recorded in deposit,213,MDR-G4,6100000.0,3.2,0.5,MDR-G,15.0,5M,MDR,MDR
vijay2024_elife93243,M. tuberculosis,culture_age_60d,60.0,rifampicin,,,,vijay_214_age60d,7.785329835010767,0.0,7.785329835010767,False,1.3617278360175928,MPN/mL; RIF concentration not recorded in deposit,214,MDR-G5,61000000.0,3.2,0.5,MDR-G,15.0,18M,MDR,MDR
vijay2024_elife93243,M. tuberculosis,culture_age_60d,60.0,rifampicin,,,,vijay_214_age60d,7.785329835010767,2.0,7.361727836017593,False,1.3617278360175928,MPN/mL; RIF concentration not recorded in deposit,214,MDR-G5,23000000.0,3.2,0.5,MDR-G,15.0,18M,MDR,MDR
vijay2024_elife93243,M. tuberculosis,culture_age_60d,60.0,rifampicin,,,,vijay_214_age60d,7.785329835010767,5.0,6.785329835010767,False,1.3617278360175928,MPN/mL; RIF concentration not recorded in deposit,214,MDR-G5,6100000.0,3.2,0.5,MDR-G,15.0,18M,MDR,MDR
vijay2024_elife93243,M. tuberculosis,culture_age_60d,60.0,rifampicin,,,,vijay_215_age60d,8.361727836017593,0.0,8.361727836017593,False,1.3617278360175928,MPN/mL; RIF concentration not recorded in deposit,215,MDR-G6,230000000.0,3.2,0.12,MDR-G,15.0,24M,MDR,MDR
vijay2024_elife93243,M. tuberculosis,culture_age_60d,60.0,rifampicin,,,,vijay_215_age60d,8.361727836017593,2.0,7.361727836017593,False,1.3617278360175928,MPN/mL; RIF concentration not recorded in deposit,215,MDR-G6,23000000.0,3.2,0.12,MDR-G,15.0,24M,MDR,MDR
vijay2024_elife93243,M. tuberculosis,culture_age_60d,60.0,rifampicin,,,,vijay_215_age60d,8.361727836017593,5.0,6.785329835010767,False,1.3617278360175928,MPN/mL; RIF concentration not recorded in deposit,215,MDR-G6,6100000.0,3.2,0.12,MDR-G,15.0,24M,MDR,MDR
vijay2024_elife93243,M. tuberculosis,culture_age_60d,60.0,rifampicin,,,,vijay_216_age60d,7.361727836017593,0.0,7.361727836017593,False,1.3617278360175928,MPN/mL; RIF concentration not recorded in deposit,216,MDR-G7,23000000.0,6.4,0.5,MDR-G,19.0,2M,MDR,MDR
vijay2024_elife93243,M. tuberculosis,culture_age_60d,60.0,rifampicin,,,,vijay_216_age60d,7.361727836017593,2.0,7.785329835010767,False,1.3617278360175928,MPN/mL; RIF concentration not recorded in deposit,216,MDR-G7,61000000.0,6.4,0.5,MDR-G,19.0,2M,MDR,MDR
vijay2024_elife93243,M. tuberculosis,culture_age_60d,60.0,rifampicin,,,,vijay_216_age60d,7.361727836017593,5.0,6.785329835010767,False,1.3617278360175928,MPN/mL; RIF concentration not recorded in deposit,216,MDR-G7,6100000.0,6.4,0.5,MDR-G,19.0,2M,MDR,MDR
vijay2024_elife93243,M. tuberculosis,culture_age_60d,60.0,rifampicin,,,,vijay_217_age60d,7.361727836017593,0.0,7.361727836017593,False,1.3617278360175928,MPN/mL; RIF concentration not recorded in deposit,217,MDR-G8,23000000.0,,,MDR-G,19.0,0M,MDR,MDR
vijay2024_elife93243,M. tuberculosis,culture_age_60d,60.0,rifampicin,,,,vijay_217_age60d,7.361727836017593,2.0,6.785329835010767,False,1.3617278360175928,MPN/mL; RIF concentration not recorded in deposit,217,MDR-G8,6100000.0,,,MDR-G,19.0,0M,MDR,MDR
vijay2024_elife93243,M. tuberculosis,culture_age_60d,60.0,rifampicin,,,,vijay_217_age60d,7.361727836017593,5.0,6.785329835010767,False,1.3617278360175928,MPN/mL; RIF concentration not recorded in deposit,217,MDR-G8,6100000.0,,,MDR-G,19.0,0M,MDR,MDR
