dataset,organism,state,state_numeric,drug,dose_value,dose_unit,dose_xmic,unit_group,n0_log10,time_days,y_log10,censored,limit_log10,notes
windels2024,E. coli,nutrient_0,0.0,amikacin,12.5,ug/mL,6.25,windels_nut0_ab12.5_r1,,0.0,0.0,False,,"t=0h; y_log10 = log10(surviving fraction) RELATIVE to t=0, NOT absolute log10 CFU/mL; surv_frac == 1.0 at t=0 by construction; no absolute density exists anywhere in this deposit so n0_log10 is absent; deposit names no drug and no units; amikacin, ug/mL and ancestral MIC 2 ug/mL are from Windels 2024 ISME J wrae070, not from these files; nutrient_conc is dimensionless and unresolved; time read as hours"
windels2024,E. coli,nutrient_0.25,0.25,amikacin,12.5,ug/mL,6.25,windels_nut0.25_ab12.5_r1,,0.0,0.0,False,,"t=0h; y_log10 = log10(surviving fraction) RELATIVE to t=0, NOT absolute log10 CFU/mL; surv_frac == 1.0 at t=0 by construction; no absolute density exists anywhere in this deposit so n0_log10 is absent; deposit names no drug and no units; amikacin, ug/mL and ancestral MIC 2 ug/mL are from Windels 2024 ISME J wrae070, not from these files; nutrient_conc is dimensionless and unresolved; time read as hours"
windels2024,E. coli,nutrient_0.5,0.5,amikacin,12.5,ug/mL,6.25,windels_nut0.5_ab12.5_r1,,0.0,0.0,False,,"t=0h; y_log10 = log10(surviving fraction) RELATIVE to t=0, NOT absolute log10 CFU/mL; surv_frac == 1.0 at t=0 by construction; no absolute density exists anywhere in this deposit so n0_log10 is absent; deposit names no drug and no units; amikacin, ug/mL and ancestral MIC 2 ug/mL are from Windels 2024 ISME J wrae070, not from these files; nutrient_conc is dimensionless and unresolved; time read as hours"
windels2024,E. coli,nutrient_0.8,0.8,amikacin,12.5,ug/mL,6.25,windels_nut0.8_ab12.5_r1,,0.0,0.0,False,,"t=0h; y_log10 = log10(surviving fraction) RELATIVE to t=0, NOT absolute log10 CFU/mL; surv_frac == 1.0 at t=0 by construction; no absolute density exists anywhere in this deposit so n0_log10 is absent; deposit names no drug and no units; amikacin, ug/mL and ancestral MIC 2 ug/mL are from Windels 2024 ISME J wrae070, not from these files; nutrient_conc is dimensionless and unresolved; time read as hours"
windels2024,E. coli,nutrient_0.9,0.9,amikacin,12.5,ug/mL,6.25,windels_nut0.9_ab12.5_r1,,0.0,0.0,False,,"t=0h; y_log10 = log10(surviving fraction) RELATIVE to t=0, NOT absolute log10 CFU/mL; surv_frac == 1.0 at t=0 by construction; no absolute density exists anywhere in this deposit so n0_log10 is absent; deposit names no drug and no units; amikacin, ug/mL and ancestral MIC 2 ug/mL are from Windels 2024 ISME J wrae070, not from these files; nutrient_conc is dimensionless and unresolved; time read as hours"
windels2024,E. coli,nutrient_0.95,0.95,amikacin,12.5,ug/mL,6.25,windels_nut0.95_ab12.5_r1,,0.0,0.0,False,,"t=0h; y_log10 = log10(surviving fraction) RELATIVE to t=0, NOT absolute log10 CFU/mL; surv_frac == 1.0 at t=0 by construction; no absolute density exists anywhere in this deposit so n0_log10 is absent; deposit names no drug and no units; amikacin, ug/mL and ancestral MIC 2 ug/mL are from Windels 2024 ISME J wrae070, not from these files; nutrient_conc is dimensionless and unresolved; time read as hours"
windels2024,E. coli,nutrient_0,0.0,amikacin,12.5,ug/mL,6.25,windels_nut0_ab12.5_r2,,0.0,0.0,False,,"t=0h; y_log10 = log10(surviving fraction) RELATIVE to t=0, NOT absolute log10 CFU/mL; surv_frac == 1.0 at t=0 by construction; no absolute density exists anywhere in this deposit so n0_log10 is absent; deposit names no drug and no units; amikacin, ug/mL and ancestral MIC 2 ug/mL are from Windels 2024 ISME J wrae070, not from these files; nutrient_conc is dimensionless and unresolved; time read as hours"
windels2024,E. coli,nutrient_0.25,0.25,amikacin,12.5,ug/mL,6.25,windels_nut0.25_ab12.5_r2,,0.0,0.0,False,,"t=0h; y_log10 = log10(surviving fraction) RELATIVE to t=0, NOT absolute log10 CFU/mL; surv_frac == 1.0 at t=0 by construction; no absolute density exists anywhere in this deposit so n0_log10 is absent; deposit names no drug and no units; amikacin, ug/mL and ancestral MIC 2 ug/mL are from Windels 2024 ISME J wrae070, not from these files; nutrient_conc is dimensionless and unresolved; time read as hours"
windels2024,E. coli,nutrient_0.5,0.5,amikacin,12.5,ug/mL,6.25,windels_nut0.5_ab12.5_r2,,0.0,0.0,False,,"t=0h; y_log10 = log10(surviving fraction) RELATIVE to t=0, NOT absolute log10 CFU/mL; surv_frac == 1.0 at t=0 by construction; no absolute density exists anywhere in this deposit so n0_log10 is absent; deposit names no drug and no units; amikacin, ug/mL and ancestral MIC 2 ug/mL are from Windels 2024 ISME J wrae070, not from these files; nutrient_conc is dimensionless and unresolved; time read as hours"
windels2024,E. coli,nutrient_0.8,0.8,amikacin,12.5,ug/mL,6.25,windels_nut0.8_ab12.5_r2,,0.0,0.0,False,,"t=0h; y_log10 = log10(surviving fraction) RELATIVE to t=0, NOT absolute log10 CFU/mL; surv_frac == 1.0 at t=0 by construction; no absolute density exists anywhere in this deposit so n0_log10 is absent; deposit names no drug and no units; amikacin, ug/mL and ancestral MIC 2 ug/mL are from Windels 2024 ISME J wrae070, not from these files; nutrient_conc is dimensionless and unresolved; time read as hours"
windels2024,E. coli,nutrient_0.9,0.9,amikacin,12.5,ug/mL,6.25,windels_nut0.9_ab12.5_r2,,0.0,0.0,False,,"t=0h; y_log10 = log10(surviving fraction) RELATIVE to t=0, NOT absolute log10 CFU/mL; surv_frac == 1.0 at t=0 by construction; no absolute density exists anywhere in this deposit so n0_log10 is absent; deposit names no drug and no units; amikacin, ug/mL and ancestral MIC 2 ug/mL are from Windels 2024 ISME J wrae070, not from these files; nutrient_conc is dimensionless and unresolved; time read as hours"
windels2024,E. coli,nutrient_0.95,0.95,amikacin,12.5,ug/mL,6.25,windels_nut0.95_ab12.5_r2,,0.0,0.0,False,,"t=0h; y_log10 = log10(surviving fraction) RELATIVE to t=0, NOT absolute log10 CFU/mL; surv_frac == 1.0 at t=0 by construction; no absolute density exists anywhere in this deposit so n0_log10 is absent; deposit names no drug and no units; amikacin, ug/mL and ancestral MIC 2 ug/mL are from Windels 2024 ISME J wrae070, not from these files; nutrient_conc is dimensionless and unresolved; time read as hours"
windels2024,E. coli,nutrient_0,0.0,amikacin,12.5,ug/mL,6.25,windels_nut0_ab12.5_r3,,0.0,0.0,False,,"t=0h; y_log10 = log10(surviving fraction) RELATIVE to t=0, NOT absolute log10 CFU/mL; surv_frac == 1.0 at t=0 by construction; no absolute density exists anywhere in this deposit so n0_log10 is absent; deposit names no drug and no units; amikacin, ug/mL and ancestral MIC 2 ug/mL are from Windels 2024 ISME J wrae070, not from these files; nutrient_conc is dimensionless and unresolved; time read as hours"
windels2024,E. coli,nutrient_0.25,0.25,amikacin,12.5,ug/mL,6.25,windels_nut0.25_ab12.5_r3,,0.0,0.0,False,,"t=0h; y_log10 = log10(surviving fraction) RELATIVE to t=0, NOT absolute log10 CFU/mL; surv_frac == 1.0 at t=0 by construction; no absolute density exists anywhere in this deposit so n0_log10 is absent; deposit names no drug and no units; amikacin, ug/mL and ancestral MIC 2 ug/mL are from Windels 2024 ISME J wrae070, not from these files; nutrient_conc is dimensionless and unresolved; time read as hours"
windels2024,E. coli,nutrient_0.5,0.5,amikacin,12.5,ug/mL,6.25,windels_nut0.5_ab12.5_r3,,0.0,0.0,False,,"t=0h; y_log10 = log10(surviving fraction) RELATIVE to t=0, NOT absolute log10 CFU/mL; surv_frac == 1.0 at t=0 by construction; no absolute density exists anywhere in this deposit so n0_log10 is absent; deposit names no drug and no units; amikacin, ug/mL and ancestral MIC 2 ug/mL are from Windels 2024 ISME J wrae070, not from these files; nutrient_conc is dimensionless and unresolved; time read as hours"
windels2024,E. coli,nutrient_0.9,0.9,amikacin,12.5,ug/mL,6.25,windels_nut0.9_ab12.5_r3,,0.0,0.0,False,,"t=0h; y_log10 = log10(surviving fraction) RELATIVE to t=0, NOT absolute log10 CFU/mL; surv_frac == 1.0 at t=0 by construction; no absolute density exists anywhere in this deposit so n0_log10 is absent; deposit names no drug and no units; amikacin, ug/mL and ancestral MIC 2 ug/mL are from Windels 2024 ISME J wrae070, not from these files; nutrient_conc is dimensionless and unresolved; time read as hours"
windels2024,E. coli,nutrient_0.95,0.95,amikacin,12.5,ug/mL,6.25,windels_nut0.95_ab12.5_r3,,0.0,0.0,False,,"t=0h; y_log10 = log10(surviving fraction) RELATIVE to t=0, NOT absolute log10 CFU/mL; surv_frac == 1.0 at t=0 by construction; no absolute density exists anywhere in this deposit so n0_log10 is absent; deposit names no drug and no units; amikacin, ug/mL and ancestral MIC 2 ug/mL are from Windels 2024 ISME J wrae070, not from these files; nutrient_conc is dimensionless and unresolved; time read as hours"
windels2024,E. coli,nutrient_0,0.0,amikacin,12.5,ug/mL,6.25,windels_nut0_ab12.5_r1,,0.041666666666666664,-0.06198090252378971,False,,"t=1h; y_log10 = log10(surviving fraction) RELATIVE to t=0, NOT absolute log10 CFU/mL; surv_frac == 1.0 at t=0 by construction; no absolute density exists anywhere in this deposit so n0_log10 is absent; deposit names no drug and no units; amikacin, ug/mL and ancestral MIC 2 ug/mL are from Windels 2024 ISME J wrae070, not from these files; nutrient_conc is dimensionless and unresolved; time read as hours"
windels2024,E. coli,nutrient_0.25,0.25,amikacin,12.5,ug/mL,6.25,windels_nut0.25_ab12.5_r1,,0.041666666666666664,-0.1290111862394247,False,,"t=1h; y_log10 = log10(surviving fraction) RELATIVE to t=0, NOT absolute log10 CFU/mL; surv_frac == 1.0 at t=0 by construction; no absolute density exists anywhere in this deposit so n0_log10 is absent; deposit names no drug and no units; amikacin, ug/mL and ancestral MIC 2 ug/mL are from Windels 2024 ISME J wrae070, not from these files; nutrient_conc is dimensionless and unresolved; time read as hours"
windels2024,E. coli,nutrient_0.5,0.5,amikacin,12.5,ug/mL,6.25,windels_nut0.5_ab12.5_r1,,0.041666666666666664,-2.5272435506827877,False,,"t=1h; y_log10 = log10(surviving fraction) RELATIVE to t=0, NOT absolute log10 CFU/mL; surv_frac == 1.0 at t=0 by construction; no absolute density exists anywhere in this deposit so n0_log10 is absent; deposit names no drug and no units; amikacin, ug/mL and ancestral MIC 2 ug/mL are from Windels 2024 ISME J wrae070, not from these files; nutrient_conc is dimensionless and unresolved; time read as hours"
windels2024,E. coli,nutrient_0.8,0.8,amikacin,12.5,ug/mL,6.25,windels_nut0.8_ab12.5_r1,,0.041666666666666664,-4.517126416391246,False,,"t=1h; y_log10 = log10(surviving fraction) RELATIVE to t=0, NOT absolute log10 CFU/mL; surv_frac == 1.0 at t=0 by construction; no absolute density exists anywhere in this deposit so n0_log10 is absent; deposit names no drug and no units; amikacin, ug/mL and ancestral MIC 2 ug/mL are from Windels 2024 ISME J wrae070, not from these files; nutrient_conc is dimensionless and unresolved; time read as hours"
windels2024,E. coli,nutrient_0.9,0.9,amikacin,12.5,ug/mL,6.25,windels_nut0.9_ab12.5_r1,,0.041666666666666664,-4.756961951313706,False,,"t=1h; y_log10 = log10(surviving fraction) RELATIVE to t=0, NOT absolute log10 CFU/mL; surv_frac == 1.0 at t=0 by construction; no absolute density exists anywhere in this deposit so n0_log10 is absent; deposit names no drug and no units; amikacin, ug/mL and ancestral MIC 2 ug/mL are from Windels 2024 ISME J wrae070, not from these files; nutrient_conc is dimensionless and unresolved; time read as hours"
windels2024,E. coli,nutrient_0.95,0.95,amikacin,12.5,ug/mL,6.25,windels_nut0.95_ab12.5_r1,,0.041666666666666664,-5.048662481204082,False,,"t=1h; y_log10 = log10(surviving fraction) RELATIVE to t=0, NOT absolute log10 CFU/mL; surv_frac == 1.0 at t=0 by construction; no absolute density exists anywhere in this deposit so n0_log10 is absent; deposit names no drug and no units; amikacin, ug/mL and ancestral MIC 2 ug/mL are from Windels 2024 ISME J wrae070, not from these files; nutrient_conc is dimensionless and unresolved; time read as hours"
windels2024,E. coli,nutrient_0,0.0,amikacin,12.5,ug/mL,6.25,windels_nut0_ab12.5_r2,,0.041666666666666664,-0.028724151261894745,False,,"t=1h; y_log10 = log10(surviving fraction) RELATIVE to t=0, NOT absolute log10 CFU/mL; surv_frac == 1.0 at t=0 by construction; no absolute density exists anywhere in this deposit so n0_log10 is absent; deposit names no drug and no units; amikacin, ug/mL and ancestral MIC 2 ug/mL are from Windels 2024 ISME J wrae070, not from these files; nutrient_conc is dimensionless and unresolved; time read as hours"
windels2024,E. coli,nutrient_0.25,0.25,amikacin,12.5,ug/mL,6.25,windels_nut0.25_ab12.5_r2,,0.041666666666666664,-0.6020599913279624,False,,"t=1h; y_log10 = log10(surviving fraction) RELATIVE to t=0, NOT absolute log10 CFU/mL; surv_frac == 1.0 at t=0 by construction; no absolute density exists anywhere in this deposit so n0_log10 is absent; deposit names no drug and no units; amikacin, ug/mL and ancestral MIC 2 ug/mL are from Windels 2024 ISME J wrae070, not from these files; nutrient_conc is dimensionless and unresolved; time read as hours"
windels2024,E. coli,nutrient_0.5,0.5,amikacin,12.5,ug/mL,6.25,windels_nut0.5_ab12.5_r2,,0.041666666666666664,-3.1290111862394245,False,,"t=1h; y_log10 = log10(surviving fraction) RELATIVE to t=0, NOT absolute log10 CFU/mL; surv_frac == 1.0 at t=0 by construction; no absolute density exists anywhere in this deposit so n0_log10 is absent; deposit names no drug and no units; amikacin, ug/mL and ancestral MIC 2 ug/mL are from Windels 2024 ISME J wrae070, not from these files; nutrient_conc is dimensionless and unresolved; time read as hours"
windels2024,E. coli,nutrient_0.8,0.8,amikacin,12.5,ug/mL,6.25,windels_nut0.8_ab12.5_r2,,0.041666666666666664,-4.181774106386045,False,,"t=1h; y_log10 = log10(surviving fraction) RELATIVE to t=0, NOT absolute log10 CFU/mL; surv_frac == 1.0 at t=0 by construction; no absolute density exists anywhere in this deposit so n0_log10 is absent; deposit names no drug and no units; amikacin, ug/mL and ancestral MIC 2 ug/mL are from Windels 2024 ISME J wrae070, not from these files; nutrient_conc is dimensionless and unresolved; time read as hours"
windels2024,E. coli,nutrient_0.9,0.9,amikacin,12.5,ug/mL,6.25,windels_nut0.9_ab12.5_r2,,0.041666666666666664,-4.528708288941061,False,,"t=1h; y_log10 = log10(surviving fraction) RELATIVE to t=0, NOT absolute log10 CFU/mL; surv_frac == 1.0 at t=0 by construction; no absolute density exists anywhere in this deposit so n0_log10 is absent; deposit names no drug and no units; amikacin, ug/mL and ancestral MIC 2 ug/mL are from Windels 2024 ISME J wrae070, not from these files; nutrient_conc is dimensionless and unresolved; time read as hours"
windels2024,E. coli,nutrient_0.95,0.95,amikacin,12.5,ug/mL,6.25,windels_nut0.95_ab12.5_r2,,0.041666666666666664,-4.94692155651658,False,,"t=1h; y_log10 = log10(surviving fraction) RELATIVE to t=0, NOT absolute log10 CFU/mL; surv_frac == 1.0 at t=0 by construction; no absolute density exists anywhere in this deposit so n0_log10 is absent; deposit names no drug and no units; amikacin, ug/mL and ancestral MIC 2 ug/mL are from Windels 2024 ISME J wrae070, not from these files; nutrient_conc is dimensionless and unresolved; time read as hours"
windels2024,E. coli,nutrient_0,0.0,amikacin,12.5,ug/mL,6.25,windels_nut0_ab12.5_r3,,0.041666666666666664,-0.007004901568658489,False,,"t=1h; y_log10 = log10(surviving fraction) RELATIVE to t=0, NOT absolute log10 CFU/mL; surv_frac == 1.0 at t=0 by construction; no absolute density exists anywhere in this deposit so n0_log10 is absent; deposit names no drug and no units; amikacin, ug/mL and ancestral MIC 2 ug/mL are from Windels 2024 ISME J wrae070, not from these files; nutrient_conc is dimensionless and unresolved; time read as hours"
windels2024,E. coli,nutrient_0.25,0.25,amikacin,12.5,ug/mL,6.25,windels_nut0.25_ab12.5_r3,,0.041666666666666664,-0.06905096883247698,False,,"t=1h; y_log10 = log10(surviving fraction) RELATIVE to t=0, NOT absolute log10 CFU/mL; surv_frac == 1.0 at t=0 by construction; no absolute density exists anywhere in this deposit so n0_log10 is absent; deposit names no drug and no units; amikacin, ug/mL and ancestral MIC 2 ug/mL are from Windels 2024 ISME J wrae070, not from these files; nutrient_conc is dimensionless and unresolved; time read as hours"
windels2024,E. coli,nutrient_0.5,0.5,amikacin,12.5,ug/mL,6.25,windels_nut0.5_ab12.5_r3,,0.041666666666666664,-2.6108339156354674,False,,"t=1h; y_log10 = log10(surviving fraction) RELATIVE to t=0, NOT absolute log10 CFU/mL; surv_frac == 1.0 at t=0 by construction; no absolute density exists anywhere in this deposit so n0_log10 is absent; deposit names no drug and no units; amikacin, ug/mL and ancestral MIC 2 ug/mL are from Windels 2024 ISME J wrae070, not from these files; nutrient_conc is dimensionless and unresolved; time read as hours"
windels2024,E. coli,nutrient_0.8,0.8,amikacin,12.5,ug/mL,6.25,windels_nut0.8_ab12.5_r3,,0.041666666666666664,-4.147520006363144,False,,"t=1h; y_log10 = log10(surviving fraction) RELATIVE to t=0, NOT absolute log10 CFU/mL; surv_frac == 1.0 at t=0 by construction; no absolute density exists anywhere in this deposit so n0_log10 is absent; deposit names no drug and no units; amikacin, ug/mL and ancestral MIC 2 ug/mL are from Windels 2024 ISME J wrae070, not from these files; nutrient_conc is dimensionless and unresolved; time read as hours"
windels2024,E. coli,nutrient_0.9,0.9,amikacin,12.5,ug/mL,6.25,windels_nut0.9_ab12.5_r3,,0.041666666666666664,-4.621602099051862,False,,"t=1h; y_log10 = log10(surviving fraction) RELATIVE to t=0, NOT absolute log10 CFU/mL; surv_frac == 1.0 at t=0 by construction; no absolute density exists anywhere in this deposit so n0_log10 is absent; deposit names no drug and no units; amikacin, ug/mL and ancestral MIC 2 ug/mL are from Windels 2024 ISME J wrae070, not from these files; nutrient_conc is dimensionless and unresolved; time read as hours"
windels2024,E. coli,nutrient_0.95,0.95,amikacin,12.5,ug/mL,6.25,windels_nut0.95_ab12.5_r3,,0.041666666666666664,-4.869666231504994,False,,"t=1h; y_log10 = log10(surviving fraction) RELATIVE to t=0, NOT absolute log10 CFU/mL; surv_frac == 1.0 at t=0 by construction; no absolute density exists anywhere in this deposit so n0_log10 is absent; deposit names no drug and no units; amikacin, ug/mL and ancestral MIC 2 ug/mL are from Windels 2024 ISME J wrae070, not from these files; nutrient_conc is dimensionless and unresolved; time read as hours"
windels2024,E. coli,nutrient_0,0.0,amikacin,12.5,ug/mL,6.25,windels_nut0_ab12.5_r1,,0.08333333333333333,-0.15428198203334137,False,,"t=2h; y_log10 = log10(surviving fraction) RELATIVE to t=0, NOT absolute log10 CFU/mL; surv_frac == 1.0 at t=0 by construction; no absolute density exists anywhere in this deposit so n0_log10 is absent; deposit names no drug and no units; amikacin, ug/mL and ancestral MIC 2 ug/mL are from Windels 2024 ISME J wrae070, not from these files; nutrient_conc is dimensionless and unresolved; time read as hours"
windels2024,E. coli,nutrient_0.25,0.25,amikacin,12.5,ug/mL,6.25,windels_nut0.25_ab12.5_r1,,0.08333333333333333,-0.2572748686953017,False,,"t=2h; y_log10 = log10(surviving fraction) RELATIVE to t=0, NOT absolute log10 CFU/mL; surv_frac == 1.0 at t=0 by construction; no absolute density exists anywhere in this deposit so n0_log10 is absent; deposit names no drug and no units; amikacin, ug/mL and ancestral MIC 2 ug/mL are from Windels 2024 ISME J wrae070, not from these files; nutrient_conc is dimensionless and unresolved; time read as hours"
windels2024,E. coli,nutrient_0.5,0.5,amikacin,12.5,ug/mL,6.25,windels_nut0.5_ab12.5_r1,,0.08333333333333333,-2.844663962534938,False,,"t=2h; y_log10 = log10(surviving fraction) RELATIVE to t=0, NOT absolute log10 CFU/mL; surv_frac == 1.0 at t=0 by construction; no absolute density exists anywhere in this deposit so n0_log10 is absent; deposit names no drug and no units; amikacin, ug/mL and ancestral MIC 2 ug/mL are from Windels 2024 ISME J wrae070, not from these files; nutrient_conc is dimensionless and unresolved; time read as hours"
windels2024,E. coli,nutrient_0.8,0.8,amikacin,12.5,ug/mL,6.25,windels_nut0.8_ab12.5_r1,,0.08333333333333333,-4.374687549038326,False,,"t=2h; y_log10 = log10(surviving fraction) RELATIVE to t=0, NOT absolute log10 CFU/mL; surv_frac == 1.0 at t=0 by construction; no absolute density exists anywhere in this deposit so n0_log10 is absent; deposit names no drug and no units; amikacin, ug/mL and ancestral MIC 2 ug/mL are from Windels 2024 ISME J wrae070, not from these files; nutrient_conc is dimensionless and unresolved; time read as hours"
windels2024,E. coli,nutrient_0.9,0.9,amikacin,12.5,ug/mL,6.25,windels_nut0.9_ab12.5_r1,,0.08333333333333333,-4.578396073130169,False,,"t=2h; y_log10 = log10(surviving fraction) RELATIVE to t=0, NOT absolute log10 CFU/mL; surv_frac == 1.0 at t=0 by construction; no absolute density exists anywhere in this deposit so n0_log10 is absent; deposit names no drug and no units; amikacin, ug/mL and ancestral MIC 2 ug/mL are from Windels 2024 ISME J wrae070, not from these files; nutrient_conc is dimensionless and unresolved; time read as hours"
windels2024,E. coli,nutrient_0.95,0.95,amikacin,12.5,ug/mL,6.25,windels_nut0.95_ab12.5_r1,,0.08333333333333333,-5.048662481204082,False,,"t=2h; y_log10 = log10(surviving fraction) RELATIVE to t=0, NOT absolute log10 CFU/mL; surv_frac == 1.0 at t=0 by construction; no absolute density exists anywhere in this deposit so n0_log10 is absent; deposit names no drug and no units; amikacin, ug/mL and ancestral MIC 2 ug/mL are from Windels 2024 ISME J wrae070, not from these files; nutrient_conc is dimensionless and unresolved; time read as hours"
windels2024,E. coli,nutrient_0,0.0,amikacin,12.5,ug/mL,6.25,windels_nut0_ab12.5_r2,,0.08333333333333333,-0.040481623027001735,False,,"t=2h; y_log10 = log10(surviving fraction) RELATIVE to t=0, NOT absolute log10 CFU/mL; surv_frac == 1.0 at t=0 by construction; no absolute density exists anywhere in this deposit so n0_log10 is absent; deposit names no drug and no units; amikacin, ug/mL and ancestral MIC 2 ug/mL are from Windels 2024 ISME J wrae070, not from these files; nutrient_conc is dimensionless and unresolved; time read as hours"
windels2024,E. coli,nutrient_0.25,0.25,amikacin,12.5,ug/mL,6.25,windels_nut0.25_ab12.5_r2,,0.08333333333333333,-1.1931419704811825,False,,"t=2h; y_log10 = log10(surviving fraction) RELATIVE to t=0, NOT absolute log10 CFU/mL; surv_frac == 1.0 at t=0 by construction; no absolute density exists anywhere in this deposit so n0_log10 is absent; deposit names no drug and no units; amikacin, ug/mL and ancestral MIC 2 ug/mL are from Windels 2024 ISME J wrae070, not from these files; nutrient_conc is dimensionless and unresolved; time read as hours"
windels2024,E. coli,nutrient_0.5,0.5,amikacin,12.5,ug/mL,6.25,windels_nut0.5_ab12.5_r2,,0.08333333333333333,-3.048176964684088,False,,"t=2h; y_log10 = log10(surviving fraction) RELATIVE to t=0, NOT absolute log10 CFU/mL; surv_frac == 1.0 at t=0 by construction; no absolute density exists anywhere in this deposit so n0_log10 is absent; deposit names no drug and no units; amikacin, ug/mL and ancestral MIC 2 ug/mL are from Windels 2024 ISME J wrae070, not from these files; nutrient_conc is dimensionless and unresolved; time read as hours"
windels2024,E. coli,nutrient_0.8,0.8,amikacin,12.5,ug/mL,6.25,windels_nut0.8_ab12.5_r2,,0.08333333333333333,-4.0746879085003505,False,,"t=2h; y_log10 = log10(surviving fraction) RELATIVE to t=0, NOT absolute log10 CFU/mL; surv_frac == 1.0 at t=0 by construction; no absolute density exists anywhere in this deposit so n0_log10 is absent; deposit names no drug and no units; amikacin, ug/mL and ancestral MIC 2 ug/mL are from Windels 2024 ISME J wrae070, not from these files; nutrient_conc is dimensionless and unresolved; time read as hours"
windels2024,E. coli,nutrient_0.9,0.9,amikacin,12.5,ug/mL,6.25,windels_nut0.9_ab12.5_r2,,0.08333333333333333,-4.567030709125595,False,,"t=2h; y_log10 = log10(surviving fraction) RELATIVE to t=0, NOT absolute log10 CFU/mL; surv_frac == 1.0 at t=0 by construction; no absolute density exists anywhere in this deposit so n0_log10 is absent; deposit names no drug and no units; amikacin, ug/mL and ancestral MIC 2 ug/mL are from Windels 2024 ISME J wrae070, not from these files; nutrient_conc is dimensionless and unresolved; time read as hours"
windels2024,E. coli,nutrient_0.95,0.95,amikacin,12.5,ug/mL,6.25,windels_nut0.95_ab12.5_r2,,0.08333333333333333,-5.0675262353228465,False,,"t=2h; y_log10 = log10(surviving fraction) RELATIVE to t=0, NOT absolute log10 CFU/mL; surv_frac == 1.0 at t=0 by construction; no absolute density exists anywhere in this deposit so n0_log10 is absent; deposit names no drug and no units; amikacin, ug/mL and ancestral MIC 2 ug/mL are from Windels 2024 ISME J wrae070, not from these files; nutrient_conc is dimensionless and unresolved; time read as hours"
windels2024,E. coli,nutrient_0,0.0,amikacin,12.5,ug/mL,6.25,windels_nut0_ab12.5_r3,,0.08333333333333333,-0.13194363817695845,False,,"t=2h; y_log10 = log10(surviving fraction) RELATIVE to t=0, NOT absolute log10 CFU/mL; surv_frac == 1.0 at t=0 by construction; no absolute density exists anywhere in this deposit so n0_log10 is absent; deposit names no drug and no units; amikacin, ug/mL and ancestral MIC 2 ug/mL are from Windels 2024 ISME J wrae070, not from these files; nutrient_conc is dimensionless and unresolved; time read as hours"
windels2024,E. coli,nutrient_0.25,0.25,amikacin,12.5,ug/mL,6.25,windels_nut0.25_ab12.5_r3,,0.08333333333333333,-0.30277065724028246,False,,"t=2h; y_log10 = log10(surviving fraction) RELATIVE to t=0, NOT absolute log10 CFU/mL; surv_frac == 1.0 at t=0 by construction; no absolute density exists anywhere in this deposit so n0_log10 is absent; deposit names no drug and no units; amikacin, ug/mL and ancestral MIC 2 ug/mL are from Windels 2024 ISME J wrae070, not from these files; nutrient_conc is dimensionless and unresolved; time read as hours"
windels2024,E. coli,nutrient_0.5,0.5,amikacin,12.5,ug/mL,6.25,windels_nut0.5_ab12.5_r3,,0.08333333333333333,-3.0856568428805593,False,,"t=2h; y_log10 = log10(surviving fraction) RELATIVE to t=0, NOT absolute log10 CFU/mL; surv_frac == 1.0 at t=0 by construction; no absolute density exists anywhere in this deposit so n0_log10 is absent; deposit names no drug and no units; amikacin, ug/mL and ancestral MIC 2 ug/mL are from Windels 2024 ISME J wrae070, not from these files; nutrient_conc is dimensionless and unresolved; time read as hours"
windels2024,E. coli,nutrient_0.8,0.8,amikacin,12.5,ug/mL,6.25,windels_nut0.8_ab12.5_r3,,0.08333333333333333,-4.043351420794797,False,,"t=2h; y_log10 = log10(surviving fraction) RELATIVE to t=0, NOT absolute log10 CFU/mL; surv_frac == 1.0 at t=0 by construction; no absolute density exists anywhere in this deposit so n0_log10 is absent; deposit names no drug and no units; amikacin, ug/mL and ancestral MIC 2 ug/mL are from Windels 2024 ISME J wrae070, not from these files; nutrient_conc is dimensionless and unresolved; time read as hours"
windels2024,E. coli,nutrient_0.9,0.9,amikacin,12.5,ug/mL,6.25,windels_nut0.9_ab12.5_r3,,0.08333333333333333,-5.4179366370882915,False,,"t=2h; y_log10 = log10(surviving fraction) RELATIVE to t=0, NOT absolute log10 CFU/mL; surv_frac == 1.0 at t=0 by construction; no absolute density exists anywhere in this deposit so n0_log10 is absent; deposit names no drug and no units; amikacin, ug/mL and ancestral MIC 2 ug/mL are from Windels 2024 ISME J wrae070, not from these files; nutrient_conc is dimensionless and unresolved; time read as hours"
windels2024,E. coli,nutrient_0.95,0.95,amikacin,12.5,ug/mL,6.25,windels_nut0.95_ab12.5_r3,,0.08333333333333333,-6.306273051076353,False,,"t=2h; y_log10 = log10(surviving fraction) RELATIVE to t=0, NOT absolute log10 CFU/mL; surv_frac == 1.0 at t=0 by construction; no absolute density exists anywhere in this deposit so n0_log10 is absent; deposit names no drug and no units; amikacin, ug/mL and ancestral MIC 2 ug/mL are from Windels 2024 ISME J wrae070, not from these files; nutrient_conc is dimensionless and unresolved; time read as hours"
windels2024,E. coli,nutrient_0,0.0,amikacin,12.5,ug/mL,6.25,windels_nut0_ab12.5_r1,,0.125,-0.05256627811294924,False,,"t=3h; y_log10 = log10(surviving fraction) RELATIVE to t=0, NOT absolute log10 CFU/mL; surv_frac == 1.0 at t=0 by construction; no absolute density exists anywhere in this deposit so n0_log10 is absent; deposit names no drug and no units; amikacin, ug/mL and ancestral MIC 2 ug/mL are from Windels 2024 ISME J wrae070, not from these files; nutrient_conc is dimensionless and unresolved; time read as hours"
windels2024,E. coli,nutrient_0.25,0.25,amikacin,12.5,ug/mL,6.25,windels_nut0.25_ab12.5_r1,,0.125,-0.266000713461613,False,,"t=3h; y_log10 = log10(surviving fraction) RELATIVE to t=0, NOT absolute log10 CFU/mL; surv_frac == 1.0 at t=0 by construction; no absolute density exists anywhere in this deposit so n0_log10 is absent; deposit names no drug and no units; amikacin, ug/mL and ancestral MIC 2 ug/mL are from Windels 2024 ISME J wrae070, not from these files; nutrient_conc is dimensionless and unresolved; time read as hours"
windels2024,E. coli,nutrient_0.5,0.5,amikacin,12.5,ug/mL,6.25,windels_nut0.5_ab12.5_r1,,0.125,-3.0462403082667713,False,,"t=3h; y_log10 = log10(surviving fraction) RELATIVE to t=0, NOT absolute log10 CFU/mL; surv_frac == 1.0 at t=0 by construction; no absolute density exists anywhere in this deposit so n0_log10 is absent; deposit names no drug and no units; amikacin, ug/mL and ancestral MIC 2 ug/mL are from Windels 2024 ISME J wrae070, not from these files; nutrient_conc is dimensionless and unresolved; time read as hours"
windels2024,E. coli,nutrient_0.8,0.8,amikacin,12.5,ug/mL,6.25,windels_nut0.8_ab12.5_r1,,0.125,-4.886056647693163,False,,"t=3h; y_log10 = log10(surviving fraction) RELATIVE to t=0, NOT absolute log10 CFU/mL; surv_frac == 1.0 at t=0 by construction; no absolute density exists anywhere in this deposit so n0_log10 is absent; deposit names no drug and no units; amikacin, ug/mL and ancestral MIC 2 ug/mL are from Windels 2024 ISME J wrae070, not from these files; nutrient_conc is dimensionless and unresolved; time read as hours"
windels2024,E. coli,nutrient_0.9,0.9,amikacin,12.5,ug/mL,6.25,windels_nut0.9_ab12.5_r1,,0.125,-5.1605219526258015,False,,"t=3h; y_log10 = log10(surviving fraction) RELATIVE to t=0, NOT absolute log10 CFU/mL; surv_frac == 1.0 at t=0 by construction; no absolute density exists anywhere in this deposit so n0_log10 is absent; deposit names no drug and no units; amikacin, ug/mL and ancestral MIC 2 ug/mL are from Windels 2024 ISME J wrae070, not from these files; nutrient_conc is dimensionless and unresolved; time read as hours"
windels2024,E. coli,nutrient_0.95,0.95,amikacin,12.5,ug/mL,6.25,windels_nut0.95_ab12.5_r1,,0.125,-6.679853713888946,False,,"t=3h; y_log10 = log10(surviving fraction) RELATIVE to t=0, NOT absolute log10 CFU/mL; surv_frac == 1.0 at t=0 by construction; no absolute density exists anywhere in this deposit so n0_log10 is absent; deposit names no drug and no units; amikacin, ug/mL and ancestral MIC 2 ug/mL are from Windels 2024 ISME J wrae070, not from these files; nutrient_conc is dimensionless and unresolved; time read as hours"
windels2024,E. coli,nutrient_0,0.0,amikacin,12.5,ug/mL,6.25,windels_nut0_ab12.5_r2,,0.125,0.021189299069938092,False,,"t=3h; y_log10 = log10(surviving fraction) RELATIVE to t=0, NOT absolute log10 CFU/mL; surv_frac == 1.0 at t=0 by construction; no absolute density exists anywhere in this deposit so n0_log10 is absent; deposit names no drug and no units; amikacin, ug/mL and ancestral MIC 2 ug/mL are from Windels 2024 ISME J wrae070, not from these files; nutrient_conc is dimensionless and unresolved; time read as hours; surv_frac 1.05 exceeds 1 (net growth or assay noise); y_log10 is positive, as reported"
windels2024,E. coli,nutrient_0.25,0.25,amikacin,12.5,ug/mL,6.25,windels_nut0.25_ab12.5_r2,,0.125,-1.274088367704952,False,,"t=3h; y_log10 = log10(surviving fraction) RELATIVE to t=0, NOT absolute log10 CFU/mL; surv_frac == 1.0 at t=0 by construction; no absolute density exists anywhere in this deposit so n0_log10 is absent; deposit names no drug and no units; amikacin, ug/mL and ancestral MIC 2 ug/mL are from Windels 2024 ISME J wrae070, not from these files; nutrient_conc is dimensionless and unresolved; time read as hours"
windels2024,E. coli,nutrient_0.5,0.5,amikacin,12.5,ug/mL,6.25,windels_nut0.5_ab12.5_r2,,0.125,-3.1112590393171073,False,,"t=3h; y_log10 = log10(surviving fraction) RELATIVE to t=0, NOT absolute log10 CFU/mL; surv_frac == 1.0 at t=0 by construction; no absolute density exists anywhere in this deposit so n0_log10 is absent; deposit names no drug and no units; amikacin, ug/mL and ancestral MIC 2 ug/mL are from Windels 2024 ISME J wrae070, not from these files; nutrient_conc is dimensionless and unresolved; time read as hours"
windels2024,E. coli,nutrient_0.8,0.8,amikacin,12.5,ug/mL,6.25,windels_nut0.8_ab12.5_r2,,0.125,-4.018634490921456,False,,"t=3h; y_log10 = log10(surviving fraction) RELATIVE to t=0, NOT absolute log10 CFU/mL; surv_frac == 1.0 at t=0 by construction; no absolute density exists anywhere in this deposit so n0_log10 is absent; deposit names no drug and no units; amikacin, ug/mL and ancestral MIC 2 ug/mL are from Windels 2024 ISME J wrae070, not from these files; nutrient_conc is dimensionless and unresolved; time read as hours"
windels2024,E. coli,nutrient_0.9,0.9,amikacin,12.5,ug/mL,6.25,windels_nut0.9_ab12.5_r2,,0.125,-4.856985199745905,False,,"t=3h; y_log10 = log10(surviving fraction) RELATIVE to t=0, NOT absolute log10 CFU/mL; surv_frac == 1.0 at t=0 by construction; no absolute density exists anywhere in this deposit so n0_log10 is absent; deposit names no drug and no units; amikacin, ug/mL and ancestral MIC 2 ug/mL are from Windels 2024 ISME J wrae070, not from these files; nutrient_conc is dimensionless and unresolved; time read as hours"
windels2024,E. coli,nutrient_0.95,0.95,amikacin,12.5,ug/mL,6.25,windels_nut0.95_ab12.5_r2,,0.125,-5.856985199745905,False,,"t=3h; y_log10 = log10(surviving fraction) RELATIVE to t=0, NOT absolute log10 CFU/mL; surv_frac == 1.0 at t=0 by construction; no absolute density exists anywhere in this deposit so n0_log10 is absent; deposit names no drug and no units; amikacin, ug/mL and ancestral MIC 2 ug/mL are from Windels 2024 ISME J wrae070, not from these files; nutrient_conc is dimensionless and unresolved; time read as hours"
windels2024,E. coli,nutrient_0,0.0,amikacin,12.5,ug/mL,6.25,windels_nut0_ab12.5_r3,,0.125,-0.00261361560268669,False,,"t=3h; y_log10 = log10(surviving fraction) RELATIVE to t=0, NOT absolute log10 CFU/mL; surv_frac == 1.0 at t=0 by construction; no absolute density exists anywhere in this deposit so n0_log10 is absent; deposit names no drug and no units; amikacin, ug/mL and ancestral MIC 2 ug/mL are from Windels 2024 ISME J wrae070, not from these files; nutrient_conc is dimensionless and unresolved; time read as hours"
windels2024,E. coli,nutrient_0.25,0.25,amikacin,12.5,ug/mL,6.25,windels_nut0.25_ab12.5_r3,,0.125,-0.2628073572952627,False,,"t=3h; y_log10 = log10(surviving fraction) RELATIVE to t=0, NOT absolute log10 CFU/mL; surv_frac == 1.0 at t=0 by construction; no absolute density exists anywhere in this deposit so n0_log10 is absent; deposit names no drug and no units; amikacin, ug/mL and ancestral MIC 2 ug/mL are from Windels 2024 ISME J wrae070, not from these files; nutrient_conc is dimensionless and unresolved; time read as hours"
windels2024,E. coli,nutrient_0.5,0.5,amikacin,12.5,ug/mL,6.25,windels_nut0.5_ab12.5_r3,,0.125,-3.041914151478915,False,,"t=3h; y_log10 = log10(surviving fraction) RELATIVE to t=0, NOT absolute log10 CFU/mL; surv_frac == 1.0 at t=0 by construction; no absolute density exists anywhere in this deposit so n0_log10 is absent; deposit names no drug and no units; amikacin, ug/mL and ancestral MIC 2 ug/mL are from Windels 2024 ISME J wrae070, not from these files; nutrient_conc is dimensionless and unresolved; time read as hours"
windels2024,E. coli,nutrient_0.8,0.8,amikacin,12.5,ug/mL,6.25,windels_nut0.8_ab12.5_r3,,0.125,-4.140261433802853,False,,"t=3h; y_log10 = log10(surviving fraction) RELATIVE to t=0, NOT absolute log10 CFU/mL; surv_frac == 1.0 at t=0 by construction; no absolute density exists anywhere in this deposit so n0_log10 is absent; deposit names no drug and no units; amikacin, ug/mL and ancestral MIC 2 ug/mL are from Windels 2024 ISME J wrae070, not from these files; nutrient_conc is dimensionless and unresolved; time read as hours"
windels2024,E. coli,nutrient_0.9,0.9,amikacin,12.5,ug/mL,6.25,windels_nut0.9_ab12.5_r3,,0.125,-4.716698771296451,False,,"t=3h; y_log10 = log10(surviving fraction) RELATIVE to t=0, NOT absolute log10 CFU/mL; surv_frac == 1.0 at t=0 by construction; no absolute density exists anywhere in this deposit so n0_log10 is absent; deposit names no drug and no units; amikacin, ug/mL and ancestral MIC 2 ug/mL are from Windels 2024 ISME J wrae070, not from these files; nutrient_conc is dimensionless and unresolved; time read as hours"
windels2024,E. coli,nutrient_0.95,0.95,amikacin,12.5,ug/mL,6.25,windels_nut0.95_ab12.5_r3,,0.125,-5.528708288941061,False,,"t=3h; y_log10 = log10(surviving fraction) RELATIVE to t=0, NOT absolute log10 CFU/mL; surv_frac == 1.0 at t=0 by construction; no absolute density exists anywhere in this deposit so n0_log10 is absent; deposit names no drug and no units; amikacin, ug/mL and ancestral MIC 2 ug/mL are from Windels 2024 ISME J wrae070, not from these files; nutrient_conc is dimensionless and unresolved; time read as hours"
windels2024,E. coli,nutrient_0,0.0,amikacin,12.5,ug/mL,6.25,windels_nut0_ab12.5_r1,,0.20833333333333334,-0.10182351650232342,False,,"t=5h; y_log10 = log10(surviving fraction) RELATIVE to t=0, NOT absolute log10 CFU/mL; surv_frac == 1.0 at t=0 by construction; no absolute density exists anywhere in this deposit so n0_log10 is absent; deposit names no drug and no units; amikacin, ug/mL and ancestral MIC 2 ug/mL are from Windels 2024 ISME J wrae070, not from these files; nutrient_conc is dimensionless and unresolved; time read as hours"
windels2024,E. coli,nutrient_0.25,0.25,amikacin,12.5,ug/mL,6.25,windels_nut0.25_ab12.5_r1,,0.20833333333333334,-0.3142582613977364,False,,"t=5h; y_log10 = log10(surviving fraction) RELATIVE to t=0, NOT absolute log10 CFU/mL; surv_frac == 1.0 at t=0 by construction; no absolute density exists anywhere in this deposit so n0_log10 is absent; deposit names no drug and no units; amikacin, ug/mL and ancestral MIC 2 ug/mL are from Windels 2024 ISME J wrae070, not from these files; nutrient_conc is dimensionless and unresolved; time read as hours"
windels2024,E. coli,nutrient_0.5,0.5,amikacin,12.5,ug/mL,6.25,windels_nut0.5_ab12.5_r1,,0.20833333333333334,-3.661543506395395,False,,"t=5h; y_log10 = log10(surviving fraction) RELATIVE to t=0, NOT absolute log10 CFU/mL; surv_frac == 1.0 at t=0 by construction; no absolute density exists anywhere in this deposit so n0_log10 is absent; deposit names no drug and no units; amikacin, ug/mL and ancestral MIC 2 ug/mL are from Windels 2024 ISME J wrae070, not from these files; nutrient_conc is dimensionless and unresolved; time read as hours"
windels2024,E. coli,nutrient_0.8,0.8,amikacin,12.5,ug/mL,6.25,windels_nut0.8_ab12.5_r1,,0.20833333333333334,-4.5718652059712115,False,,"t=5h; y_log10 = log10(surviving fraction) RELATIVE to t=0, NOT absolute log10 CFU/mL; surv_frac == 1.0 at t=0 by construction; no absolute density exists anywhere in this deposit so n0_log10 is absent; deposit names no drug and no units; amikacin, ug/mL and ancestral MIC 2 ug/mL are from Windels 2024 ISME J wrae070, not from these files; nutrient_conc is dimensionless and unresolved; time read as hours"
windels2024,E. coli,nutrient_0.9,0.9,amikacin,12.5,ug/mL,6.25,windels_nut0.9_ab12.5_r1,,0.20833333333333334,-5.8297382846050425,False,,"t=5h; y_log10 = log10(surviving fraction) RELATIVE to t=0, NOT absolute log10 CFU/mL; surv_frac == 1.0 at t=0 by construction; no absolute density exists anywhere in this deposit so n0_log10 is absent; deposit names no drug and no units; amikacin, ug/mL and ancestral MIC 2 ug/mL are from Windels 2024 ISME J wrae070, not from these files; nutrient_conc is dimensionless and unresolved; time read as hours"
windels2024,E. coli,nutrient_0.95,0.95,amikacin,12.5,ug/mL,6.25,windels_nut0.95_ab12.5_r1,,0.20833333333333334,-6.3223930472795065,False,,"t=5h; y_log10 = log10(surviving fraction) RELATIVE to t=0, NOT absolute log10 CFU/mL; surv_frac == 1.0 at t=0 by construction; no absolute density exists anywhere in this deposit so n0_log10 is absent; deposit names no drug and no units; amikacin, ug/mL and ancestral MIC 2 ug/mL are from Windels 2024 ISME J wrae070, not from these files; nutrient_conc is dimensionless and unresolved; time read as hours"
windels2024,E. coli,nutrient_0,0.0,amikacin,12.5,ug/mL,6.25,windels_nut0_ab12.5_r2,,0.20833333333333334,-0.06398920428479041,False,,"t=5h; y_log10 = log10(surviving fraction) RELATIVE to t=0, NOT absolute log10 CFU/mL; surv_frac == 1.0 at t=0 by construction; no absolute density exists anywhere in this deposit so n0_log10 is absent; deposit names no drug and no units; amikacin, ug/mL and ancestral MIC 2 ug/mL are from Windels 2024 ISME J wrae070, not from these files; nutrient_conc is dimensionless and unresolved; time read as hours"
windels2024,E. coli,nutrient_0.25,0.25,amikacin,12.5,ug/mL,6.25,windels_nut0.25_ab12.5_r2,,0.20833333333333334,-2.2806687130162735,False,,"t=5h; y_log10 = log10(surviving fraction) RELATIVE to t=0, NOT absolute log10 CFU/mL; surv_frac == 1.0 at t=0 by construction; no absolute density exists anywhere in this deposit so n0_log10 is absent; deposit names no drug and no units; amikacin, ug/mL and ancestral MIC 2 ug/mL are from Windels 2024 ISME J wrae070, not from these files; nutrient_conc is dimensionless and unresolved; time read as hours"
windels2024,E. coli,nutrient_0.5,0.5,amikacin,12.5,ug/mL,6.25,windels_nut0.5_ab12.5_r2,,0.20833333333333334,-3.543633966870957,False,,"t=5h; y_log10 = log10(surviving fraction) RELATIVE to t=0, NOT absolute log10 CFU/mL; surv_frac == 1.0 at t=0 by construction; no absolute density exists anywhere in this deposit so n0_log10 is absent; deposit names no drug and no units; amikacin, ug/mL and ancestral MIC 2 ug/mL are from Windels 2024 ISME J wrae070, not from these files; nutrient_conc is dimensionless and unresolved; time read as hours"
windels2024,E. coli,nutrient_0.8,0.8,amikacin,12.5,ug/mL,6.25,windels_nut0.8_ab12.5_r2,,0.20833333333333334,-4.06398920428479,False,,"t=5h; y_log10 = log10(surviving fraction) RELATIVE to t=0, NOT absolute log10 CFU/mL; surv_frac == 1.0 at t=0 by construction; no absolute density exists anywhere in this deposit so n0_log10 is absent; deposit names no drug and no units; amikacin, ug/mL and ancestral MIC 2 ug/mL are from Windels 2024 ISME J wrae070, not from these files; nutrient_conc is dimensionless and unresolved; time read as hours"
windels2024,E. coli,nutrient_0.9,0.9,amikacin,12.5,ug/mL,6.25,windels_nut0.9_ab12.5_r2,,0.20833333333333334,-2.728158393463501,False,,"t=5h; y_log10 = log10(surviving fraction) RELATIVE to t=0, NOT absolute log10 CFU/mL; surv_frac == 1.0 at t=0 by construction; no absolute density exists anywhere in this deposit so n0_log10 is absent; deposit names no drug and no units; amikacin, ug/mL and ancestral MIC 2 ug/mL are from Windels 2024 ISME J wrae070, not from these files; nutrient_conc is dimensionless and unresolved; time read as hours"
windels2024,E. coli,nutrient_0.95,0.95,amikacin,12.5,ug/mL,6.25,windels_nut0.95_ab12.5_r2,,0.20833333333333334,-4.0762380391713,False,,"t=5h; y_log10 = log10(surviving fraction) RELATIVE to t=0, NOT absolute log10 CFU/mL; surv_frac == 1.0 at t=0 by construction; no absolute density exists anywhere in this deposit so n0_log10 is absent; deposit names no drug and no units; amikacin, ug/mL and ancestral MIC 2 ug/mL are from Windels 2024 ISME J wrae070, not from these files; nutrient_conc is dimensionless and unresolved; time read as hours"
windels2024,E. coli,nutrient_0,0.0,amikacin,12.5,ug/mL,6.25,windels_nut0_ab12.5_r3,,0.20833333333333334,-0.20273245916928356,False,,"t=5h; y_log10 = log10(surviving fraction) RELATIVE to t=0, NOT absolute log10 CFU/mL; surv_frac == 1.0 at t=0 by construction; no absolute density exists anywhere in this deposit so n0_log10 is absent; deposit names no drug and no units; amikacin, ug/mL and ancestral MIC 2 ug/mL are from Windels 2024 ISME J wrae070, not from these files; nutrient_conc is dimensionless and unresolved; time read as hours"
windels2024,E. coli,nutrient_0.25,0.25,amikacin,12.5,ug/mL,6.25,windels_nut0.25_ab12.5_r3,,0.20833333333333334,-0.2502636844309389,False,,"t=5h; y_log10 = log10(surviving fraction) RELATIVE to t=0, NOT absolute log10 CFU/mL; surv_frac == 1.0 at t=0 by construction; no absolute density exists anywhere in this deposit so n0_log10 is absent; deposit names no drug and no units; amikacin, ug/mL and ancestral MIC 2 ug/mL are from Windels 2024 ISME J wrae070, not from these files; nutrient_conc is dimensionless and unresolved; time read as hours"
windels2024,E. coli,nutrient_0.5,0.5,amikacin,12.5,ug/mL,6.25,windels_nut0.5_ab12.5_r3,,0.20833333333333334,-3.709965388637482,False,,"t=5h; y_log10 = log10(surviving fraction) RELATIVE to t=0, NOT absolute log10 CFU/mL; surv_frac == 1.0 at t=0 by construction; no absolute density exists anywhere in this deposit so n0_log10 is absent; deposit names no drug and no units; amikacin, ug/mL and ancestral MIC 2 ug/mL are from Windels 2024 ISME J wrae070, not from these files; nutrient_conc is dimensionless and unresolved; time read as hours"
windels2024,E. coli,nutrient_0.8,0.8,amikacin,12.5,ug/mL,6.25,windels_nut0.8_ab12.5_r3,,0.20833333333333334,-4.185752404268079,False,,"t=5h; y_log10 = log10(surviving fraction) RELATIVE to t=0, NOT absolute log10 CFU/mL; surv_frac == 1.0 at t=0 by construction; no absolute density exists anywhere in this deposit so n0_log10 is absent; deposit names no drug and no units; amikacin, ug/mL and ancestral MIC 2 ug/mL are from Windels 2024 ISME J wrae070, not from these files; nutrient_conc is dimensionless and unresolved; time read as hours"
windels2024,E. coli,nutrient_0.9,0.9,amikacin,12.5,ug/mL,6.25,windels_nut0.9_ab12.5_r3,,0.20833333333333334,-4.889410289700751,False,,"t=5h; y_log10 = log10(surviving fraction) RELATIVE to t=0, NOT absolute log10 CFU/mL; surv_frac == 1.0 at t=0 by construction; no absolute density exists anywhere in this deposit so n0_log10 is absent; deposit names no drug and no units; amikacin, ug/mL and ancestral MIC 2 ug/mL are from Windels 2024 ISME J wrae070, not from these files; nutrient_conc is dimensionless and unresolved; time read as hours"
windels2024,E. coli,nutrient_0.95,0.95,amikacin,12.5,ug/mL,6.25,windels_nut0.95_ab12.5_r3,,0.20833333333333334,-5.221848749616356,False,,"t=5h; y_log10 = log10(surviving fraction) RELATIVE to t=0, NOT absolute log10 CFU/mL; surv_frac == 1.0 at t=0 by construction; no absolute density exists anywhere in this deposit so n0_log10 is absent; deposit names no drug and no units; amikacin, ug/mL and ancestral MIC 2 ug/mL are from Windels 2024 ISME J wrae070, not from these files; nutrient_conc is dimensionless and unresolved; time read as hours"
windels2024,E. coli,nutrient_0,0.0,amikacin,12.5,ug/mL,6.25,windels_nut0_ab12.5_r1,,0.3333333333333333,-0.16749108729376366,False,,"t=8h; y_log10 = log10(surviving fraction) RELATIVE to t=0, NOT absolute log10 CFU/mL; surv_frac == 1.0 at t=0 by construction; no absolute density exists anywhere in this deposit so n0_log10 is absent; deposit names no drug and no units; amikacin, ug/mL and ancestral MIC 2 ug/mL are from Windels 2024 ISME J wrae070, not from these files; nutrient_conc is dimensionless and unresolved; time read as hours"
windels2024,E. coli,nutrient_0.25,0.25,amikacin,12.5,ug/mL,6.25,windels_nut0.25_ab12.5_r1,,0.3333333333333333,-0.958607314841775,False,,"t=8h; y_log10 = log10(surviving fraction) RELATIVE to t=0, NOT absolute log10 CFU/mL; surv_frac == 1.0 at t=0 by construction; no absolute density exists anywhere in this deposit so n0_log10 is absent; deposit names no drug and no units; amikacin, ug/mL and ancestral MIC 2 ug/mL are from Windels 2024 ISME J wrae070, not from these files; nutrient_conc is dimensionless and unresolved; time read as hours"
windels2024,E. coli,nutrient_0.5,0.5,amikacin,12.5,ug/mL,6.25,windels_nut0.5_ab12.5_r1,,0.3333333333333333,-4.226945306635737,False,,"t=8h; y_log10 = log10(surviving fraction) RELATIVE to t=0, NOT absolute log10 CFU/mL; surv_frac == 1.0 at t=0 by construction; no absolute density exists anywhere in this deposit so n0_log10 is absent; deposit names no drug and no units; amikacin, ug/mL and ancestral MIC 2 ug/mL are from Windels 2024 ISME J wrae070, not from these files; nutrient_conc is dimensionless and unresolved; time read as hours"
windels2024,E. coli,nutrient_0.8,0.8,amikacin,12.5,ug/mL,6.25,windels_nut0.8_ab12.5_r1,,0.3333333333333333,-5.080398976215889,False,,"t=8h; y_log10 = log10(surviving fraction) RELATIVE to t=0, NOT absolute log10 CFU/mL; surv_frac == 1.0 at t=0 by construction; no absolute density exists anywhere in this deposit so n0_log10 is absent; deposit names no drug and no units; amikacin, ug/mL and ancestral MIC 2 ug/mL are from Windels 2024 ISME J wrae070, not from these files; nutrient_conc is dimensionless and unresolved; time read as hours"
windels2024,E. coli,nutrient_0.9,0.9,amikacin,12.5,ug/mL,6.25,windels_nut0.9_ab12.5_r1,,0.3333333333333333,-6.309803919971486,False,,"t=8h; y_log10 = log10(surviving fraction) RELATIVE to t=0, NOT absolute log10 CFU/mL; surv_frac == 1.0 at t=0 by construction; no absolute density exists anywhere in this deposit so n0_log10 is absent; deposit names no drug and no units; amikacin, ug/mL and ancestral MIC 2 ug/mL are from Windels 2024 ISME J wrae070, not from these files; nutrient_conc is dimensionless and unresolved; time read as hours"
windels2024,E. coli,nutrient_0.95,0.95,amikacin,12.5,ug/mL,6.25,windels_nut0.95_ab12.5_r1,,0.3333333333333333,-6.507239610973162,False,,"t=8h; y_log10 = log10(surviving fraction) RELATIVE to t=0, NOT absolute log10 CFU/mL; surv_frac == 1.0 at t=0 by construction; no absolute density exists anywhere in this deposit so n0_log10 is absent; deposit names no drug and no units; amikacin, ug/mL and ancestral MIC 2 ug/mL are from Windels 2024 ISME J wrae070, not from these files; nutrient_conc is dimensionless and unresolved; time read as hours"
windels2024,E. coli,nutrient_0,0.0,amikacin,12.5,ug/mL,6.25,windels_nut0_ab12.5_r2,,0.3333333333333333,-0.010995384301463193,False,,"t=8h; y_log10 = log10(surviving fraction) RELATIVE to t=0, NOT absolute log10 CFU/mL; surv_frac == 1.0 at t=0 by construction; no absolute density exists anywhere in this deposit so n0_log10 is absent; deposit names no drug and no units; amikacin, ug/mL and ancestral MIC 2 ug/mL are from Windels 2024 ISME J wrae070, not from these files; nutrient_conc is dimensionless and unresolved; time read as hours"
windels2024,E. coli,nutrient_0.25,0.25,amikacin,12.5,ug/mL,6.25,windels_nut0.25_ab12.5_r2,,0.3333333333333333,-2.5044556624535517,False,,"t=8h; y_log10 = log10(surviving fraction) RELATIVE to t=0, NOT absolute log10 CFU/mL; surv_frac == 1.0 at t=0 by construction; no absolute density exists anywhere in this deposit so n0_log10 is absent; deposit names no drug and no units; amikacin, ug/mL and ancestral MIC 2 ug/mL are from Windels 2024 ISME J wrae070, not from these files; nutrient_conc is dimensionless and unresolved; time read as hours"
windels2024,E. coli,nutrient_0.5,0.5,amikacin,12.5,ug/mL,6.25,windels_nut0.5_ab12.5_r2,,0.3333333333333333,-3.9430951486635273,False,,"t=8h; y_log10 = log10(surviving fraction) RELATIVE to t=0, NOT absolute log10 CFU/mL; surv_frac == 1.0 at t=0 by construction; no absolute density exists anywhere in this deposit so n0_log10 is absent; deposit names no drug and no units; amikacin, ug/mL and ancestral MIC 2 ug/mL are from Windels 2024 ISME J wrae070, not from these files; nutrient_conc is dimensionless and unresolved; time read as hours"
windels2024,E. coli,nutrient_0.8,0.8,amikacin,12.5,ug/mL,6.25,windels_nut0.8_ab12.5_r2,,0.3333333333333333,-4.543633966870957,False,,"t=8h; y_log10 = log10(surviving fraction) RELATIVE to t=0, NOT absolute log10 CFU/mL; surv_frac == 1.0 at t=0 by construction; no absolute density exists anywhere in this deposit so n0_log10 is absent; deposit names no drug and no units; amikacin, ug/mL and ancestral MIC 2 ug/mL are from Windels 2024 ISME J wrae070, not from these files; nutrient_conc is dimensionless and unresolved; time read as hours"
windels2024,E. coli,nutrient_0.9,0.9,amikacin,12.5,ug/mL,6.25,windels_nut0.9_ab12.5_r2,,0.3333333333333333,-5.221848749616356,False,,"t=8h; y_log10 = log10(surviving fraction) RELATIVE to t=0, NOT absolute log10 CFU/mL; surv_frac == 1.0 at t=0 by construction; no absolute density exists anywhere in this deposit so n0_log10 is absent; deposit names no drug and no units; amikacin, ug/mL and ancestral MIC 2 ug/mL are from Windels 2024 ISME J wrae070, not from these files; nutrient_conc is dimensionless and unresolved; time read as hours"
windels2024,E. coli,nutrient_0.95,0.95,amikacin,12.5,ug/mL,6.25,windels_nut0.95_ab12.5_r2,,0.3333333333333333,-6.087777943467585,False,,"t=8h; y_log10 = log10(surviving fraction) RELATIVE to t=0, NOT absolute log10 CFU/mL; surv_frac == 1.0 at t=0 by construction; no absolute density exists anywhere in this deposit so n0_log10 is absent; deposit names no drug and no units; amikacin, ug/mL and ancestral MIC 2 ug/mL are from Windels 2024 ISME J wrae070, not from these files; nutrient_conc is dimensionless and unresolved; time read as hours"
windels2024,E. coli,nutrient_0,0.0,amikacin,12.5,ug/mL,6.25,windels_nut0_ab12.5_r3,,0.3333333333333333,-0.35556141053216145,False,,"t=8h; y_log10 = log10(surviving fraction) RELATIVE to t=0, NOT absolute log10 CFU/mL; surv_frac == 1.0 at t=0 by construction; no absolute density exists anywhere in this deposit so n0_log10 is absent; deposit names no drug and no units; amikacin, ug/mL and ancestral MIC 2 ug/mL are from Windels 2024 ISME J wrae070, not from these files; nutrient_conc is dimensionless and unresolved; time read as hours"
windels2024,E. coli,nutrient_0.25,0.25,amikacin,12.5,ug/mL,6.25,windels_nut0.25_ab12.5_r3,,0.3333333333333333,-0.8181564120552275,False,,"t=8h; y_log10 = log10(surviving fraction) RELATIVE to t=0, NOT absolute log10 CFU/mL; surv_frac == 1.0 at t=0 by construction; no absolute density exists anywhere in this deposit so n0_log10 is absent; deposit names no drug and no units; amikacin, ug/mL and ancestral MIC 2 ug/mL are from Windels 2024 ISME J wrae070, not from these files; nutrient_conc is dimensionless and unresolved; time read as hours"
windels2024,E. coli,nutrient_0.5,0.5,amikacin,12.5,ug/mL,6.25,windels_nut0.5_ab12.5_r3,,0.3333333333333333,-3.869666231504994,False,,"t=8h; y_log10 = log10(surviving fraction) RELATIVE to t=0, NOT absolute log10 CFU/mL; surv_frac == 1.0 at t=0 by construction; no absolute density exists anywhere in this deposit so n0_log10 is absent; deposit names no drug and no units; amikacin, ug/mL and ancestral MIC 2 ug/mL are from Windels 2024 ISME J wrae070, not from these files; nutrient_conc is dimensionless and unresolved; time read as hours"
windels2024,E. coli,nutrient_0.8,0.8,amikacin,12.5,ug/mL,6.25,windels_nut0.8_ab12.5_r3,,0.3333333333333333,-4.485452247339714,False,,"t=8h; y_log10 = log10(surviving fraction) RELATIVE to t=0, NOT absolute log10 CFU/mL; surv_frac == 1.0 at t=0 by construction; no absolute density exists anywhere in this deposit so n0_log10 is absent; deposit names no drug and no units; amikacin, ug/mL and ancestral MIC 2 ug/mL are from Windels 2024 ISME J wrae070, not from these files; nutrient_conc is dimensionless and unresolved; time read as hours"
windels2024,E. coli,nutrient_0.9,0.9,amikacin,12.5,ug/mL,6.25,windels_nut0.9_ab12.5_r3,,0.3333333333333333,-5.920818753952375,False,,"t=8h; y_log10 = log10(surviving fraction) RELATIVE to t=0, NOT absolute log10 CFU/mL; surv_frac == 1.0 at t=0 by construction; no absolute density exists anywhere in this deposit so n0_log10 is absent; deposit names no drug and no units; amikacin, ug/mL and ancestral MIC 2 ug/mL are from Windels 2024 ISME J wrae070, not from these files; nutrient_conc is dimensionless and unresolved; time read as hours"
windels2024,E. coli,nutrient_0.95,0.95,amikacin,12.5,ug/mL,6.25,windels_nut0.95_ab12.5_r3,,0.3333333333333333,-6.139063379299906,False,,"t=8h; y_log10 = log10(surviving fraction) RELATIVE to t=0, NOT absolute log10 CFU/mL; surv_frac == 1.0 at t=0 by construction; no absolute density exists anywhere in this deposit so n0_log10 is absent; deposit names no drug and no units; amikacin, ug/mL and ancestral MIC 2 ug/mL are from Windels 2024 ISME J wrae070, not from these files; nutrient_conc is dimensionless and unresolved; time read as hours"
windels2024,E. coli,nutrient_0,0.0,amikacin,25.0,ug/mL,12.5,windels_nut0_ab25_r1,,0.0,0.0,False,,"t=0h; y_log10 = log10(surviving fraction) RELATIVE to t=0, NOT absolute log10 CFU/mL; surv_frac == 1.0 at t=0 by construction; no absolute density exists anywhere in this deposit so n0_log10 is absent; deposit names no drug and no units; amikacin, ug/mL and ancestral MIC 2 ug/mL are from Windels 2024 ISME J wrae070, not from these files; nutrient_conc is dimensionless and unresolved; time read as hours"
windels2024,E. coli,nutrient_0,0.0,amikacin,25.0,ug/mL,12.5,windels_nut0_ab25_r1,,0.041666666666666664,0.02371326703960589,False,,"t=1h; y_log10 = log10(surviving fraction) RELATIVE to t=0, NOT absolute log10 CFU/mL; surv_frac == 1.0 at t=0 by construction; no absolute density exists anywhere in this deposit so n0_log10 is absent; deposit names no drug and no units; amikacin, ug/mL and ancestral MIC 2 ug/mL are from Windels 2024 ISME J wrae070, not from these files; nutrient_conc is dimensionless and unresolved; time read as hours; surv_frac 1.05612 exceeds 1 (net growth or assay noise); y_log10 is positive, as reported"
windels2024,E. coli,nutrient_0,0.0,amikacin,25.0,ug/mL,12.5,windels_nut0_ab25_r1,,0.08333333333333333,0.09708300147263221,False,,"t=2h; y_log10 = log10(surviving fraction) RELATIVE to t=0, NOT absolute log10 CFU/mL; surv_frac == 1.0 at t=0 by construction; no absolute density exists anywhere in this deposit so n0_log10 is absent; deposit names no drug and no units; amikacin, ug/mL and ancestral MIC 2 ug/mL are from Windels 2024 ISME J wrae070, not from these files; nutrient_conc is dimensionless and unresolved; time read as hours; surv_frac 1.2505 exceeds 1 (net growth or assay noise); y_log10 is positive, as reported"
windels2024,E. coli,nutrient_0,0.0,amikacin,25.0,ug/mL,12.5,windels_nut0_ab25_r1,,0.125,0.08103894290172299,False,,"t=3h; y_log10 = log10(surviving fraction) RELATIVE to t=0, NOT absolute log10 CFU/mL; surv_frac == 1.0 at t=0 by construction; no absolute density exists anywhere in this deposit so n0_log10 is absent; deposit names no drug and no units; amikacin, ug/mL and ancestral MIC 2 ug/mL are from Windels 2024 ISME J wrae070, not from these files; nutrient_conc is dimensionless and unresolved; time read as hours; surv_frac 1.20514 exceeds 1 (net growth or assay noise); y_log10 is positive, as reported"
windels2024,E. coli,nutrient_0,0.0,amikacin,25.0,ug/mL,12.5,windels_nut0_ab25_r1,,0.20833333333333334,-0.9833903043809461,False,,"t=5h; y_log10 = log10(surviving fraction) RELATIVE to t=0, NOT absolute log10 CFU/mL; surv_frac == 1.0 at t=0 by construction; no absolute density exists anywhere in this deposit so n0_log10 is absent; deposit names no drug and no units; amikacin, ug/mL and ancestral MIC 2 ug/mL are from Windels 2024 ISME J wrae070, not from these files; nutrient_conc is dimensionless and unresolved; time read as hours"
windels2024,E. coli,nutrient_0,0.0,amikacin,25.0,ug/mL,12.5,windels_nut0_ab25_r1,,0.3333333333333333,-1.1190527684415703,False,,"t=8h; y_log10 = log10(surviving fraction) RELATIVE to t=0, NOT absolute log10 CFU/mL; surv_frac == 1.0 at t=0 by construction; no absolute density exists anywhere in this deposit so n0_log10 is absent; deposit names no drug and no units; amikacin, ug/mL and ancestral MIC 2 ug/mL are from Windels 2024 ISME J wrae070, not from these files; nutrient_conc is dimensionless and unresolved; time read as hours"
windels2024,E. coli,nutrient_0,0.0,amikacin,25.0,ug/mL,12.5,windels_nut0_ab25_r2,,0.0,0.0,False,,"t=0h; y_log10 = log10(surviving fraction) RELATIVE to t=0, NOT absolute log10 CFU/mL; surv_frac == 1.0 at t=0 by construction; no absolute density exists anywhere in this deposit so n0_log10 is absent; deposit names no drug and no units; amikacin, ug/mL and ancestral MIC 2 ug/mL are from Windels 2024 ISME J wrae070, not from these files; nutrient_conc is dimensionless and unresolved; time read as hours"
windels2024,E. coli,nutrient_0,0.0,amikacin,25.0,ug/mL,12.5,windels_nut0_ab25_r2,,0.041666666666666664,-0.05147079775263734,False,,"t=1h; y_log10 = log10(surviving fraction) RELATIVE to t=0, NOT absolute log10 CFU/mL; surv_frac == 1.0 at t=0 by construction; no absolute density exists anywhere in this deposit so n0_log10 is absent; deposit names no drug and no units; amikacin, ug/mL and ancestral MIC 2 ug/mL are from Windels 2024 ISME J wrae070, not from these files; nutrient_conc is dimensionless and unresolved; time read as hours"
windels2024,E. coli,nutrient_0,0.0,amikacin,25.0,ug/mL,12.5,windels_nut0_ab25_r2,,0.08333333333333333,0.08715009675625988,False,,"t=2h; y_log10 = log10(surviving fraction) RELATIVE to t=0, NOT absolute log10 CFU/mL; surv_frac == 1.0 at t=0 by construction; no absolute density exists anywhere in this deposit so n0_log10 is absent; deposit names no drug and no units; amikacin, ug/mL and ancestral MIC 2 ug/mL are from Windels 2024 ISME J wrae070, not from these files; nutrient_conc is dimensionless and unresolved; time read as hours; surv_frac 1.22222 exceeds 1 (net growth or assay noise); y_log10 is positive, as reported"
windels2024,E. coli,nutrient_0,0.0,amikacin,25.0,ug/mL,12.5,windels_nut0_ab25_r2,,0.125,0.07378614630240055,False,,"t=3h; y_log10 = log10(surviving fraction) RELATIVE to t=0, NOT absolute log10 CFU/mL; surv_frac == 1.0 at t=0 by construction; no absolute density exists anywhere in this deposit so n0_log10 is absent; deposit names no drug and no units; amikacin, ug/mL and ancestral MIC 2 ug/mL are from Windels 2024 ISME J wrae070, not from these files; nutrient_conc is dimensionless and unresolved; time read as hours; surv_frac 1.18518 exceeds 1 (net growth or assay noise); y_log10 is positive, as reported"
windels2024,E. coli,nutrient_0,0.0,amikacin,25.0,ug/mL,12.5,windels_nut0_ab25_r2,,0.20833333333333334,-1.0374312756404989,False,,"t=5h; y_log10 = log10(surviving fraction) RELATIVE to t=0, NOT absolute log10 CFU/mL; surv_frac == 1.0 at t=0 by construction; no absolute density exists anywhere in this deposit so n0_log10 is absent; deposit names no drug and no units; amikacin, ug/mL and ancestral MIC 2 ug/mL are from Windels 2024 ISME J wrae070, not from these files; nutrient_conc is dimensionless and unresolved; time read as hours"
windels2024,E. coli,nutrient_0,0.0,amikacin,25.0,ug/mL,12.5,windels_nut0_ab25_r2,,0.3333333333333333,-1.0731468373747572,False,,"t=8h; y_log10 = log10(surviving fraction) RELATIVE to t=0, NOT absolute log10 CFU/mL; surv_frac == 1.0 at t=0 by construction; no absolute density exists anywhere in this deposit so n0_log10 is absent; deposit names no drug and no units; amikacin, ug/mL and ancestral MIC 2 ug/mL are from Windels 2024 ISME J wrae070, not from these files; nutrient_conc is dimensionless and unresolved; time read as hours"
windels2024,E. coli,nutrient_0,0.0,amikacin,25.0,ug/mL,12.5,windels_nut0_ab25_r3,,0.0,0.0,False,,"t=0h; y_log10 = log10(surviving fraction) RELATIVE to t=0, NOT absolute log10 CFU/mL; surv_frac == 1.0 at t=0 by construction; no absolute density exists anywhere in this deposit so n0_log10 is absent; deposit names no drug and no units; amikacin, ug/mL and ancestral MIC 2 ug/mL are from Windels 2024 ISME J wrae070, not from these files; nutrient_conc is dimensionless and unresolved; time read as hours"
windels2024,E. coli,nutrient_0,0.0,amikacin,25.0,ug/mL,12.5,windels_nut0_ab25_r3,,0.041666666666666664,-0.09353802912738998,False,,"t=1h; y_log10 = log10(surviving fraction) RELATIVE to t=0, NOT absolute log10 CFU/mL; surv_frac == 1.0 at t=0 by construction; no absolute density exists anywhere in this deposit so n0_log10 is absent; deposit names no drug and no units; amikacin, ug/mL and ancestral MIC 2 ug/mL are from Windels 2024 ISME J wrae070, not from these files; nutrient_conc is dimensionless and unresolved; time read as hours"
windels2024,E. coli,nutrient_0,0.0,amikacin,25.0,ug/mL,12.5,windels_nut0_ab25_r3,,0.08333333333333333,0.0,False,,"t=2h; y_log10 = log10(surviving fraction) RELATIVE to t=0, NOT absolute log10 CFU/mL; surv_frac == 1.0 at t=0 by construction; no absolute density exists anywhere in this deposit so n0_log10 is absent; deposit names no drug and no units; amikacin, ug/mL and ancestral MIC 2 ug/mL are from Windels 2024 ISME J wrae070, not from these files; nutrient_conc is dimensionless and unresolved; time read as hours"
windels2024,E. coli,nutrient_0,0.0,amikacin,25.0,ug/mL,12.5,windels_nut0_ab25_r3,,0.125,0.005020841310173728,False,,"t=3h; y_log10 = log10(surviving fraction) RELATIVE to t=0, NOT absolute log10 CFU/mL; surv_frac == 1.0 at t=0 by construction; no absolute density exists anywhere in this deposit so n0_log10 is absent; deposit names no drug and no units; amikacin, ug/mL and ancestral MIC 2 ug/mL are from Windels 2024 ISME J wrae070, not from these files; nutrient_conc is dimensionless and unresolved; time read as hours; surv_frac 1.01163 exceeds 1 (net growth or assay noise); y_log10 is positive, as reported"
windels2024,E. coli,nutrient_0,0.0,amikacin,25.0,ug/mL,12.5,windels_nut0_ab25_r3,,0.20833333333333334,-1.2518520695317028,False,,"t=5h; y_log10 = log10(surviving fraction) RELATIVE to t=0, NOT absolute log10 CFU/mL; surv_frac == 1.0 at t=0 by construction; no absolute density exists anywhere in this deposit so n0_log10 is absent; deposit names no drug and no units; amikacin, ug/mL and ancestral MIC 2 ug/mL are from Windels 2024 ISME J wrae070, not from these files; nutrient_conc is dimensionless and unresolved; time read as hours"
windels2024,E. coli,nutrient_0,0.0,amikacin,25.0,ug/mL,12.5,windels_nut0_ab25_r3,,0.3333333333333333,-1.0869257661918423,False,,"t=8h; y_log10 = log10(surviving fraction) RELATIVE to t=0, NOT absolute log10 CFU/mL; surv_frac == 1.0 at t=0 by construction; no absolute density exists anywhere in this deposit so n0_log10 is absent; deposit names no drug and no units; amikacin, ug/mL and ancestral MIC 2 ug/mL are from Windels 2024 ISME J wrae070, not from these files; nutrient_conc is dimensionless and unresolved; time read as hours"
windels2024,E. coli,nutrient_0.25,0.25,amikacin,25.0,ug/mL,12.5,windels_nut0.25_ab25_r1,,0.0,0.0,False,,"t=0h; y_log10 = log10(surviving fraction) RELATIVE to t=0, NOT absolute log10 CFU/mL; surv_frac == 1.0 at t=0 by construction; no absolute density exists anywhere in this deposit so n0_log10 is absent; deposit names no drug and no units; amikacin, ug/mL and ancestral MIC 2 ug/mL are from Windels 2024 ISME J wrae070, not from these files; nutrient_conc is dimensionless and unresolved; time read as hours"
windels2024,E. coli,nutrient_0.25,0.25,amikacin,25.0,ug/mL,12.5,windels_nut0.25_ab25_r1,,0.041666666666666664,-0.1990527791448914,False,,"t=1h; y_log10 = log10(surviving fraction) RELATIVE to t=0, NOT absolute log10 CFU/mL; surv_frac == 1.0 at t=0 by construction; no absolute density exists anywhere in this deposit so n0_log10 is absent; deposit names no drug and no units; amikacin, ug/mL and ancestral MIC 2 ug/mL are from Windels 2024 ISME J wrae070, not from these files; nutrient_conc is dimensionless and unresolved; time read as hours"
windels2024,E. coli,nutrient_0.25,0.25,amikacin,25.0,ug/mL,12.5,windels_nut0.25_ab25_r1,,0.08333333333333333,-1.3858624091410225,False,,"t=2h; y_log10 = log10(surviving fraction) RELATIVE to t=0, NOT absolute log10 CFU/mL; surv_frac == 1.0 at t=0 by construction; no absolute density exists anywhere in this deposit so n0_log10 is absent; deposit names no drug and no units; amikacin, ug/mL and ancestral MIC 2 ug/mL are from Windels 2024 ISME J wrae070, not from these files; nutrient_conc is dimensionless and unresolved; time read as hours"
windels2024,E. coli,nutrient_0.25,0.25,amikacin,25.0,ug/mL,12.5,windels_nut0.25_ab25_r1,,0.125,-2.6623411089738576,False,,"t=3h; y_log10 = log10(surviving fraction) RELATIVE to t=0, NOT absolute log10 CFU/mL; surv_frac == 1.0 at t=0 by construction; no absolute density exists anywhere in this deposit so n0_log10 is absent; deposit names no drug and no units; amikacin, ug/mL and ancestral MIC 2 ug/mL are from Windels 2024 ISME J wrae070, not from these files; nutrient_conc is dimensionless and unresolved; time read as hours"
windels2024,E. coli,nutrient_0.25,0.25,amikacin,25.0,ug/mL,12.5,windels_nut0.25_ab25_r1,,0.20833333333333334,-2.6587633767613075,False,,"t=5h; y_log10 = log10(surviving fraction) RELATIVE to t=0, NOT absolute log10 CFU/mL; surv_frac == 1.0 at t=0 by construction; no absolute density exists anywhere in this deposit so n0_log10 is absent; deposit names no drug and no units; amikacin, ug/mL and ancestral MIC 2 ug/mL are from Windels 2024 ISME J wrae070, not from these files; nutrient_conc is dimensionless and unresolved; time read as hours"
windels2024,E. coli,nutrient_0.25,0.25,amikacin,25.0,ug/mL,12.5,windels_nut0.25_ab25_r1,,0.3333333333333333,-3.042871802323187,False,,"t=8h; y_log10 = log10(surviving fraction) RELATIVE to t=0, NOT absolute log10 CFU/mL; surv_frac == 1.0 at t=0 by construction; no absolute density exists anywhere in this deposit so n0_log10 is absent; deposit names no drug and no units; amikacin, ug/mL and ancestral MIC 2 ug/mL are from Windels 2024 ISME J wrae070, not from these files; nutrient_conc is dimensionless and unresolved; time read as hours"
windels2024,E. coli,nutrient_0.25,0.25,amikacin,25.0,ug/mL,12.5,windels_nut0.25_ab25_r2,,0.0,0.0,False,,"t=0h; y_log10 = log10(surviving fraction) RELATIVE to t=0, NOT absolute log10 CFU/mL; surv_frac == 1.0 at t=0 by construction; no absolute density exists anywhere in this deposit so n0_log10 is absent; deposit names no drug and no units; amikacin, ug/mL and ancestral MIC 2 ug/mL are from Windels 2024 ISME J wrae070, not from these files; nutrient_conc is dimensionless and unresolved; time read as hours"
windels2024,E. coli,nutrient_0.25,0.25,amikacin,25.0,ug/mL,12.5,windels_nut0.25_ab25_r2,,0.041666666666666664,-0.25923084321633866,False,,"t=1h; y_log10 = log10(surviving fraction) RELATIVE to t=0, NOT absolute log10 CFU/mL; surv_frac == 1.0 at t=0 by construction; no absolute density exists anywhere in this deposit so n0_log10 is absent; deposit names no drug and no units; amikacin, ug/mL and ancestral MIC 2 ug/mL are from Windels 2024 ISME J wrae070, not from these files; nutrient_conc is dimensionless and unresolved; time read as hours"
windels2024,E. coli,nutrient_0.25,0.25,amikacin,25.0,ug/mL,12.5,windels_nut0.25_ab25_r2,,0.08333333333333333,-1.9654517529015312,False,,"t=2h; y_log10 = log10(surviving fraction) RELATIVE to t=0, NOT absolute log10 CFU/mL; surv_frac == 1.0 at t=0 by construction; no absolute density exists anywhere in this deposit so n0_log10 is absent; deposit names no drug and no units; amikacin, ug/mL and ancestral MIC 2 ug/mL are from Windels 2024 ISME J wrae070, not from these files; nutrient_conc is dimensionless and unresolved; time read as hours"
windels2024,E. coli,nutrient_0.25,0.25,amikacin,25.0,ug/mL,12.5,windels_nut0.25_ab25_r2,,0.125,-2.7066374452885547,False,,"t=3h; y_log10 = log10(surviving fraction) RELATIVE to t=0, NOT absolute log10 CFU/mL; surv_frac == 1.0 at t=0 by construction; no absolute density exists anywhere in this deposit so n0_log10 is absent; deposit names no drug and no units; amikacin, ug/mL and ancestral MIC 2 ug/mL are from Windels 2024 ISME J wrae070, not from these files; nutrient_conc is dimensionless and unresolved; time read as hours"
windels2024,E. coli,nutrient_0.25,0.25,amikacin,25.0,ug/mL,12.5,windels_nut0.25_ab25_r2,,0.20833333333333334,-3.013676222949235,False,,"t=5h; y_log10 = log10(surviving fraction) RELATIVE to t=0, NOT absolute log10 CFU/mL; surv_frac == 1.0 at t=0 by construction; no absolute density exists anywhere in this deposit so n0_log10 is absent; deposit names no drug and no units; amikacin, ug/mL and ancestral MIC 2 ug/mL are from Windels 2024 ISME J wrae070, not from these files; nutrient_conc is dimensionless and unresolved; time read as hours"
windels2024,E. coli,nutrient_0.25,0.25,amikacin,25.0,ug/mL,12.5,windels_nut0.25_ab25_r2,,0.3333333333333333,-3.214670164989233,False,,"t=8h; y_log10 = log10(surviving fraction) RELATIVE to t=0, NOT absolute log10 CFU/mL; surv_frac == 1.0 at t=0 by construction; no absolute density exists anywhere in this deposit so n0_log10 is absent; deposit names no drug and no units; amikacin, ug/mL and ancestral MIC 2 ug/mL are from Windels 2024 ISME J wrae070, not from these files; nutrient_conc is dimensionless and unresolved; time read as hours"
windels2024,E. coli,nutrient_0.25,0.25,amikacin,25.0,ug/mL,12.5,windels_nut0.25_ab25_r3,,0.0,0.0,False,,"t=0h; y_log10 = log10(surviving fraction) RELATIVE to t=0, NOT absolute log10 CFU/mL; surv_frac == 1.0 at t=0 by construction; no absolute density exists anywhere in this deposit so n0_log10 is absent; deposit names no drug and no units; amikacin, ug/mL and ancestral MIC 2 ug/mL are from Windels 2024 ISME J wrae070, not from these files; nutrient_conc is dimensionless and unresolved; time read as hours"
windels2024,E. coli,nutrient_0.25,0.25,amikacin,25.0,ug/mL,12.5,windels_nut0.25_ab25_r3,,0.041666666666666664,-0.17412488902351458,False,,"t=1h; y_log10 = log10(surviving fraction) RELATIVE to t=0, NOT absolute log10 CFU/mL; surv_frac == 1.0 at t=0 by construction; no absolute density exists anywhere in this deposit so n0_log10 is absent; deposit names no drug and no units; amikacin, ug/mL and ancestral MIC 2 ug/mL are from Windels 2024 ISME J wrae070, not from these files; nutrient_conc is dimensionless and unresolved; time read as hours"
windels2024,E. coli,nutrient_0.25,0.25,amikacin,25.0,ug/mL,12.5,windels_nut0.25_ab25_r3,,0.08333333333333333,-1.3961522287005765,False,,"t=2h; y_log10 = log10(surviving fraction) RELATIVE to t=0, NOT absolute log10 CFU/mL; surv_frac == 1.0 at t=0 by construction; no absolute density exists anywhere in this deposit so n0_log10 is absent; deposit names no drug and no units; amikacin, ug/mL and ancestral MIC 2 ug/mL are from Windels 2024 ISME J wrae070, not from these files; nutrient_conc is dimensionless and unresolved; time read as hours"
windels2024,E. coli,nutrient_0.25,0.25,amikacin,25.0,ug/mL,12.5,windels_nut0.25_ab25_r3,,0.125,-1.7118626051179335,False,,"t=3h; y_log10 = log10(surviving fraction) RELATIVE to t=0, NOT absolute log10 CFU/mL; surv_frac == 1.0 at t=0 by construction; no absolute density exists anywhere in this deposit so n0_log10 is absent; deposit names no drug and no units; amikacin, ug/mL and ancestral MIC 2 ug/mL are from Windels 2024 ISME J wrae070, not from these files; nutrient_conc is dimensionless and unresolved; time read as hours"
windels2024,E. coli,nutrient_0.25,0.25,amikacin,25.0,ug/mL,12.5,windels_nut0.25_ab25_r3,,0.20833333333333334,-3.4400933749638876,False,,"t=5h; y_log10 = log10(surviving fraction) RELATIVE to t=0, NOT absolute log10 CFU/mL; surv_frac == 1.0 at t=0 by construction; no absolute density exists anywhere in this deposit so n0_log10 is absent; deposit names no drug and no units; amikacin, ug/mL and ancestral MIC 2 ug/mL are from Windels 2024 ISME J wrae070, not from these files; nutrient_conc is dimensionless and unresolved; time read as hours"
windels2024,E. coli,nutrient_0.25,0.25,amikacin,25.0,ug/mL,12.5,windels_nut0.25_ab25_r3,,0.3333333333333333,-2.984221243610959,False,,"t=8h; y_log10 = log10(surviving fraction) RELATIVE to t=0, NOT absolute log10 CFU/mL; surv_frac == 1.0 at t=0 by construction; no absolute density exists anywhere in this deposit so n0_log10 is absent; deposit names no drug and no units; amikacin, ug/mL and ancestral MIC 2 ug/mL are from Windels 2024 ISME J wrae070, not from these files; nutrient_conc is dimensionless and unresolved; time read as hours"
windels2024,E. coli,nutrient_0.5,0.5,amikacin,25.0,ug/mL,12.5,windels_nut0.5_ab25_r1,,0.0,0.0,False,,"t=0h; y_log10 = log10(surviving fraction) RELATIVE to t=0, NOT absolute log10 CFU/mL; surv_frac == 1.0 at t=0 by construction; no absolute density exists anywhere in this deposit so n0_log10 is absent; deposit names no drug and no units; amikacin, ug/mL and ancestral MIC 2 ug/mL are from Windels 2024 ISME J wrae070, not from these files; nutrient_conc is dimensionless and unresolved; time read as hours"
windels2024,E. coli,nutrient_0.5,0.5,amikacin,25.0,ug/mL,12.5,windels_nut0.5_ab25_r1,,0.041666666666666664,-2.6079849141821354,False,,"t=1h; y_log10 = log10(surviving fraction) RELATIVE to t=0, NOT absolute log10 CFU/mL; surv_frac == 1.0 at t=0 by construction; no absolute density exists anywhere in this deposit so n0_log10 is absent; deposit names no drug and no units; amikacin, ug/mL and ancestral MIC 2 ug/mL are from Windels 2024 ISME J wrae070, not from these files; nutrient_conc is dimensionless and unresolved; time read as hours"
windels2024,E. coli,nutrient_0.5,0.5,amikacin,25.0,ug/mL,12.5,windels_nut0.5_ab25_r1,,0.08333333333333333,-3.0538485045220236,False,,"t=2h; y_log10 = log10(surviving fraction) RELATIVE to t=0, NOT absolute log10 CFU/mL; surv_frac == 1.0 at t=0 by construction; no absolute density exists anywhere in this deposit so n0_log10 is absent; deposit names no drug and no units; amikacin, ug/mL and ancestral MIC 2 ug/mL are from Windels 2024 ISME J wrae070, not from these files; nutrient_conc is dimensionless and unresolved; time read as hours"
windels2024,E. coli,nutrient_0.5,0.5,amikacin,25.0,ug/mL,12.5,windels_nut0.5_ab25_r1,,0.125,-2.588961762404943,False,,"t=3h; y_log10 = log10(surviving fraction) RELATIVE to t=0, NOT absolute log10 CFU/mL; surv_frac == 1.0 at t=0 by construction; no absolute density exists anywhere in this deposit so n0_log10 is absent; deposit names no drug and no units; amikacin, ug/mL and ancestral MIC 2 ug/mL are from Windels 2024 ISME J wrae070, not from these files; nutrient_conc is dimensionless and unresolved; time read as hours"
windels2024,E. coli,nutrient_0.5,0.5,amikacin,25.0,ug/mL,12.5,windels_nut0.5_ab25_r1,,0.20833333333333334,-3.3018655128476664,False,,"t=5h; y_log10 = log10(surviving fraction) RELATIVE to t=0, NOT absolute log10 CFU/mL; surv_frac == 1.0 at t=0 by construction; no absolute density exists anywhere in this deposit so n0_log10 is absent; deposit names no drug and no units; amikacin, ug/mL and ancestral MIC 2 ug/mL are from Windels 2024 ISME J wrae070, not from these files; nutrient_conc is dimensionless and unresolved; time read as hours"
windels2024,E. coli,nutrient_0.5,0.5,amikacin,25.0,ug/mL,12.5,windels_nut0.5_ab25_r1,,0.3333333333333333,-3.4916009256839944,False,,"t=8h; y_log10 = log10(surviving fraction) RELATIVE to t=0, NOT absolute log10 CFU/mL; surv_frac == 1.0 at t=0 by construction; no absolute density exists anywhere in this deposit so n0_log10 is absent; deposit names no drug and no units; amikacin, ug/mL and ancestral MIC 2 ug/mL are from Windels 2024 ISME J wrae070, not from these files; nutrient_conc is dimensionless and unresolved; time read as hours"
windels2024,E. coli,nutrient_0.5,0.5,amikacin,25.0,ug/mL,12.5,windels_nut0.5_ab25_r2,,0.0,0.0,False,,"t=0h; y_log10 = log10(surviving fraction) RELATIVE to t=0, NOT absolute log10 CFU/mL; surv_frac == 1.0 at t=0 by construction; no absolute density exists anywhere in this deposit so n0_log10 is absent; deposit names no drug and no units; amikacin, ug/mL and ancestral MIC 2 ug/mL are from Windels 2024 ISME J wrae070, not from these files; nutrient_conc is dimensionless and unresolved; time read as hours"
windels2024,E. coli,nutrient_0.5,0.5,amikacin,25.0,ug/mL,12.5,windels_nut0.5_ab25_r2,,0.041666666666666664,-2.5822142004674555,False,,"t=1h; y_log10 = log10(surviving fraction) RELATIVE to t=0, NOT absolute log10 CFU/mL; surv_frac == 1.0 at t=0 by construction; no absolute density exists anywhere in this deposit so n0_log10 is absent; deposit names no drug and no units; amikacin, ug/mL and ancestral MIC 2 ug/mL are from Windels 2024 ISME J wrae070, not from these files; nutrient_conc is dimensionless and unresolved; time read as hours"
windels2024,E. coli,nutrient_0.5,0.5,amikacin,25.0,ug/mL,12.5,windels_nut0.5_ab25_r2,,0.08333333333333333,-2.9855491891642894,False,,"t=2h; y_log10 = log10(surviving fraction) RELATIVE to t=0, NOT absolute log10 CFU/mL; surv_frac == 1.0 at t=0 by construction; no absolute density exists anywhere in this deposit so n0_log10 is absent; deposit names no drug and no units; amikacin, ug/mL and ancestral MIC 2 ug/mL are from Windels 2024 ISME J wrae070, not from these files; nutrient_conc is dimensionless and unresolved; time read as hours"
windels2024,E. coli,nutrient_0.5,0.5,amikacin,25.0,ug/mL,12.5,windels_nut0.5_ab25_r2,,0.125,-2.587609180492252,False,,"t=3h; y_log10 = log10(surviving fraction) RELATIVE to t=0, NOT absolute log10 CFU/mL; surv_frac == 1.0 at t=0 by construction; no absolute density exists anywhere in this deposit so n0_log10 is absent; deposit names no drug and no units; amikacin, ug/mL and ancestral MIC 2 ug/mL are from Windels 2024 ISME J wrae070, not from these files; nutrient_conc is dimensionless and unresolved; time read as hours"
windels2024,E. coli,nutrient_0.5,0.5,amikacin,25.0,ug/mL,12.5,windels_nut0.5_ab25_r2,,0.20833333333333334,-3.295599792710093,False,,"t=5h; y_log10 = log10(surviving fraction) RELATIVE to t=0, NOT absolute log10 CFU/mL; surv_frac == 1.0 at t=0 by construction; no absolute density exists anywhere in this deposit so n0_log10 is absent; deposit names no drug and no units; amikacin, ug/mL and ancestral MIC 2 ug/mL are from Windels 2024 ISME J wrae070, not from these files; nutrient_conc is dimensionless and unresolved; time read as hours"
windels2024,E. coli,nutrient_0.5,0.5,amikacin,25.0,ug/mL,12.5,windels_nut0.5_ab25_r2,,0.3333333333333333,-3.6767891649223534,False,,"t=8h; y_log10 = log10(surviving fraction) RELATIVE to t=0, NOT absolute log10 CFU/mL; surv_frac == 1.0 at t=0 by construction; no absolute density exists anywhere in this deposit so n0_log10 is absent; deposit names no drug and no units; amikacin, ug/mL and ancestral MIC 2 ug/mL are from Windels 2024 ISME J wrae070, not from these files; nutrient_conc is dimensionless and unresolved; time read as hours"
windels2024,E. coli,nutrient_0.5,0.5,amikacin,25.0,ug/mL,12.5,windels_nut0.5_ab25_r3,,0.0,0.0,False,,"t=0h; y_log10 = log10(surviving fraction) RELATIVE to t=0, NOT absolute log10 CFU/mL; surv_frac == 1.0 at t=0 by construction; no absolute density exists anywhere in this deposit so n0_log10 is absent; deposit names no drug and no units; amikacin, ug/mL and ancestral MIC 2 ug/mL are from Windels 2024 ISME J wrae070, not from these files; nutrient_conc is dimensionless and unresolved; time read as hours"
windels2024,E. coli,nutrient_0.5,0.5,amikacin,25.0,ug/mL,12.5,windels_nut0.5_ab25_r3,,0.041666666666666664,-2.5118054663921447,False,,"t=1h; y_log10 = log10(surviving fraction) RELATIVE to t=0, NOT absolute log10 CFU/mL; surv_frac == 1.0 at t=0 by construction; no absolute density exists anywhere in this deposit so n0_log10 is absent; deposit names no drug and no units; amikacin, ug/mL and ancestral MIC 2 ug/mL are from Windels 2024 ISME J wrae070, not from these files; nutrient_conc is dimensionless and unresolved; time read as hours"
windels2024,E. coli,nutrient_0.5,0.5,amikacin,25.0,ug/mL,12.5,windels_nut0.5_ab25_r3,,0.08333333333333333,-3.0450424587095277,False,,"t=2h; y_log10 = log10(surviving fraction) RELATIVE to t=0, NOT absolute log10 CFU/mL; surv_frac == 1.0 at t=0 by construction; no absolute density exists anywhere in this deposit so n0_log10 is absent; deposit names no drug and no units; amikacin, ug/mL and ancestral MIC 2 ug/mL are from Windels 2024 ISME J wrae070, not from these files; nutrient_conc is dimensionless and unresolved; time read as hours"
windels2024,E. coli,nutrient_0.5,0.5,amikacin,25.0,ug/mL,12.5,windels_nut0.5_ab25_r3,,0.125,-2.548399291930205,False,,"t=3h; y_log10 = log10(surviving fraction) RELATIVE to t=0, NOT absolute log10 CFU/mL; surv_frac == 1.0 at t=0 by construction; no absolute density exists anywhere in this deposit so n0_log10 is absent; deposit names no drug and no units; amikacin, ug/mL and ancestral MIC 2 ug/mL are from Windels 2024 ISME J wrae070, not from these files; nutrient_conc is dimensionless and unresolved; time read as hours"
windels2024,E. coli,nutrient_0.5,0.5,amikacin,25.0,ug/mL,12.5,windels_nut0.5_ab25_r3,,0.20833333333333334,-3.4986955744629804,False,,"t=5h; y_log10 = log10(surviving fraction) RELATIVE to t=0, NOT absolute log10 CFU/mL; surv_frac == 1.0 at t=0 by construction; no absolute density exists anywhere in this deposit so n0_log10 is absent; deposit names no drug and no units; amikacin, ug/mL and ancestral MIC 2 ug/mL are from Windels 2024 ISME J wrae070, not from these files; nutrient_conc is dimensionless and unresolved; time read as hours"
windels2024,E. coli,nutrient_0.5,0.5,amikacin,25.0,ug/mL,12.5,windels_nut0.5_ab25_r3,,0.3333333333333333,-3.5402864339976237,False,,"t=8h; y_log10 = log10(surviving fraction) RELATIVE to t=0, NOT absolute log10 CFU/mL; surv_frac == 1.0 at t=0 by construction; no absolute density exists anywhere in this deposit so n0_log10 is absent; deposit names no drug and no units; amikacin, ug/mL and ancestral MIC 2 ug/mL are from Windels 2024 ISME J wrae070, not from these files; nutrient_conc is dimensionless and unresolved; time read as hours"
windels2024,E. coli,nutrient_0.8,0.8,amikacin,25.0,ug/mL,12.5,windels_nut0.8_ab25_r1,,0.0,0.0,False,,"t=0h; y_log10 = log10(surviving fraction) RELATIVE to t=0, NOT absolute log10 CFU/mL; surv_frac == 1.0 at t=0 by construction; no absolute density exists anywhere in this deposit so n0_log10 is absent; deposit names no drug and no units; amikacin, ug/mL and ancestral MIC 2 ug/mL are from Windels 2024 ISME J wrae070, not from these files; nutrient_conc is dimensionless and unresolved; time read as hours"
windels2024,E. coli,nutrient_0.8,0.8,amikacin,25.0,ug/mL,12.5,windels_nut0.8_ab25_r1,,0.041666666666666664,-2.7663473569682675,False,,"t=1h; y_log10 = log10(surviving fraction) RELATIVE to t=0, NOT absolute log10 CFU/mL; surv_frac == 1.0 at t=0 by construction; no absolute density exists anywhere in this deposit so n0_log10 is absent; deposit names no drug and no units; amikacin, ug/mL and ancestral MIC 2 ug/mL are from Windels 2024 ISME J wrae070, not from these files; nutrient_conc is dimensionless and unresolved; time read as hours"
windels2024,E. coli,nutrient_0.8,0.8,amikacin,25.0,ug/mL,12.5,windels_nut0.8_ab25_r1,,0.08333333333333333,-4.022276394711152,False,,"t=2h; y_log10 = log10(surviving fraction) RELATIVE to t=0, NOT absolute log10 CFU/mL; surv_frac == 1.0 at t=0 by construction; no absolute density exists anywhere in this deposit so n0_log10 is absent; deposit names no drug and no units; amikacin, ug/mL and ancestral MIC 2 ug/mL are from Windels 2024 ISME J wrae070, not from these files; nutrient_conc is dimensionless and unresolved; time read as hours"
windels2024,E. coli,nutrient_0.8,0.8,amikacin,25.0,ug/mL,12.5,windels_nut0.8_ab25_r1,,0.125,-3.9435258470401546,False,,"t=3h; y_log10 = log10(surviving fraction) RELATIVE to t=0, NOT absolute log10 CFU/mL; surv_frac == 1.0 at t=0 by construction; no absolute density exists anywhere in this deposit so n0_log10 is absent; deposit names no drug and no units; amikacin, ug/mL and ancestral MIC 2 ug/mL are from Windels 2024 ISME J wrae070, not from these files; nutrient_conc is dimensionless and unresolved; time read as hours"
windels2024,E. coli,nutrient_0.8,0.8,amikacin,25.0,ug/mL,12.5,windels_nut0.8_ab25_r1,,0.20833333333333334,-3.6350495999178998,False,,"t=5h; y_log10 = log10(surviving fraction) RELATIVE to t=0, NOT absolute log10 CFU/mL; surv_frac == 1.0 at t=0 by construction; no absolute density exists anywhere in this deposit so n0_log10 is absent; deposit names no drug and no units; amikacin, ug/mL and ancestral MIC 2 ug/mL are from Windels 2024 ISME J wrae070, not from these files; nutrient_conc is dimensionless and unresolved; time read as hours"
windels2024,E. coli,nutrient_0.8,0.8,amikacin,25.0,ug/mL,12.5,windels_nut0.8_ab25_r1,,0.3333333333333333,-3.9774726555957844,False,,"t=8h; y_log10 = log10(surviving fraction) RELATIVE to t=0, NOT absolute log10 CFU/mL; surv_frac == 1.0 at t=0 by construction; no absolute density exists anywhere in this deposit so n0_log10 is absent; deposit names no drug and no units; amikacin, ug/mL and ancestral MIC 2 ug/mL are from Windels 2024 ISME J wrae070, not from these files; nutrient_conc is dimensionless and unresolved; time read as hours"
windels2024,E. coli,nutrient_0.8,0.8,amikacin,25.0,ug/mL,12.5,windels_nut0.8_ab25_r2,,0.0,0.0,False,,"t=0h; y_log10 = log10(surviving fraction) RELATIVE to t=0, NOT absolute log10 CFU/mL; surv_frac == 1.0 at t=0 by construction; no absolute density exists anywhere in this deposit so n0_log10 is absent; deposit names no drug and no units; amikacin, ug/mL and ancestral MIC 2 ug/mL are from Windels 2024 ISME J wrae070, not from these files; nutrient_conc is dimensionless and unresolved; time read as hours"
windels2024,E. coli,nutrient_0.8,0.8,amikacin,25.0,ug/mL,12.5,windels_nut0.8_ab25_r2,,0.041666666666666664,-2.7397274991106957,False,,"t=1h; y_log10 = log10(surviving fraction) RELATIVE to t=0, NOT absolute log10 CFU/mL; surv_frac == 1.0 at t=0 by construction; no absolute density exists anywhere in this deposit so n0_log10 is absent; deposit names no drug and no units; amikacin, ug/mL and ancestral MIC 2 ug/mL are from Windels 2024 ISME J wrae070, not from these files; nutrient_conc is dimensionless and unresolved; time read as hours"
windels2024,E. coli,nutrient_0.8,0.8,amikacin,25.0,ug/mL,12.5,windels_nut0.8_ab25_r2,,0.08333333333333333,-3.973156344252215,False,,"t=2h; y_log10 = log10(surviving fraction) RELATIVE to t=0, NOT absolute log10 CFU/mL; surv_frac == 1.0 at t=0 by construction; no absolute density exists anywhere in this deposit so n0_log10 is absent; deposit names no drug and no units; amikacin, ug/mL and ancestral MIC 2 ug/mL are from Windels 2024 ISME J wrae070, not from these files; nutrient_conc is dimensionless and unresolved; time read as hours"
windels2024,E. coli,nutrient_0.8,0.8,amikacin,25.0,ug/mL,12.5,windels_nut0.8_ab25_r2,,0.125,-3.9112722558996995,False,,"t=3h; y_log10 = log10(surviving fraction) RELATIVE to t=0, NOT absolute log10 CFU/mL; surv_frac == 1.0 at t=0 by construction; no absolute density exists anywhere in this deposit so n0_log10 is absent; deposit names no drug and no units; amikacin, ug/mL and ancestral MIC 2 ug/mL are from Windels 2024 ISME J wrae070, not from these files; nutrient_conc is dimensionless and unresolved; time read as hours"
windels2024,E. coli,nutrient_0.8,0.8,amikacin,25.0,ug/mL,12.5,windels_nut0.8_ab25_r2,,0.20833333333333334,-3.7284464703538633,False,,"t=5h; y_log10 = log10(surviving fraction) RELATIVE to t=0, NOT absolute log10 CFU/mL; surv_frac == 1.0 at t=0 by construction; no absolute density exists anywhere in this deposit so n0_log10 is absent; deposit names no drug and no units; amikacin, ug/mL and ancestral MIC 2 ug/mL are from Windels 2024 ISME J wrae070, not from these files; nutrient_conc is dimensionless and unresolved; time read as hours"
windels2024,E. coli,nutrient_0.8,0.8,amikacin,25.0,ug/mL,12.5,windels_nut0.8_ab25_r2,,0.3333333333333333,-3.935695538542588,False,,"t=8h; y_log10 = log10(surviving fraction) RELATIVE to t=0, NOT absolute log10 CFU/mL; surv_frac == 1.0 at t=0 by construction; no absolute density exists anywhere in this deposit so n0_log10 is absent; deposit names no drug and no units; amikacin, ug/mL and ancestral MIC 2 ug/mL are from Windels 2024 ISME J wrae070, not from these files; nutrient_conc is dimensionless and unresolved; time read as hours"
windels2024,E. coli,nutrient_0.8,0.8,amikacin,25.0,ug/mL,12.5,windels_nut0.8_ab25_r3,,0.0,0.0,False,,"t=0h; y_log10 = log10(surviving fraction) RELATIVE to t=0, NOT absolute log10 CFU/mL; surv_frac == 1.0 at t=0 by construction; no absolute density exists anywhere in this deposit so n0_log10 is absent; deposit names no drug and no units; amikacin, ug/mL and ancestral MIC 2 ug/mL are from Windels 2024 ISME J wrae070, not from these files; nutrient_conc is dimensionless and unresolved; time read as hours"
windels2024,E. coli,nutrient_0.8,0.8,amikacin,25.0,ug/mL,12.5,windels_nut0.8_ab25_r3,,0.041666666666666664,-1.5698428363516876,False,,"t=1h; y_log10 = log10(surviving fraction) RELATIVE to t=0, NOT absolute log10 CFU/mL; surv_frac == 1.0 at t=0 by construction; no absolute density exists anywhere in this deposit so n0_log10 is absent; deposit names no drug and no units; amikacin, ug/mL and ancestral MIC 2 ug/mL are from Windels 2024 ISME J wrae070, not from these files; nutrient_conc is dimensionless and unresolved; time read as hours"
windels2024,E. coli,nutrient_0.8,0.8,amikacin,25.0,ug/mL,12.5,windels_nut0.8_ab25_r3,,0.08333333333333333,-4.000869458712629,False,,"t=2h; y_log10 = log10(surviving fraction) RELATIVE to t=0, NOT absolute log10 CFU/mL; surv_frac == 1.0 at t=0 by construction; no absolute density exists anywhere in this deposit so n0_log10 is absent; deposit names no drug and no units; amikacin, ug/mL and ancestral MIC 2 ug/mL are from Windels 2024 ISME J wrae070, not from these files; nutrient_conc is dimensionless and unresolved; time read as hours"
windels2024,E. coli,nutrient_0.8,0.8,amikacin,25.0,ug/mL,12.5,windels_nut0.8_ab25_r3,,0.125,-3.8290199455794083,False,,"t=3h; y_log10 = log10(surviving fraction) RELATIVE to t=0, NOT absolute log10 CFU/mL; surv_frac == 1.0 at t=0 by construction; no absolute density exists anywhere in this deposit so n0_log10 is absent; deposit names no drug and no units; amikacin, ug/mL and ancestral MIC 2 ug/mL are from Windels 2024 ISME J wrae070, not from these files; nutrient_conc is dimensionless and unresolved; time read as hours"
windels2024,E. coli,nutrient_0.8,0.8,amikacin,25.0,ug/mL,12.5,windels_nut0.8_ab25_r3,,0.20833333333333334,-3.882974100314975,False,,"t=5h; y_log10 = log10(surviving fraction) RELATIVE to t=0, NOT absolute log10 CFU/mL; surv_frac == 1.0 at t=0 by construction; no absolute density exists anywhere in this deposit so n0_log10 is absent; deposit names no drug and no units; amikacin, ug/mL and ancestral MIC 2 ug/mL are from Windels 2024 ISME J wrae070, not from these files; nutrient_conc is dimensionless and unresolved; time read as hours"
windels2024,E. coli,nutrient_0.8,0.8,amikacin,25.0,ug/mL,12.5,windels_nut0.8_ab25_r3,,0.3333333333333333,-4.195860567664649,False,,"t=8h; y_log10 = log10(surviving fraction) RELATIVE to t=0, NOT absolute log10 CFU/mL; surv_frac == 1.0 at t=0 by construction; no absolute density exists anywhere in this deposit so n0_log10 is absent; deposit names no drug and no units; amikacin, ug/mL and ancestral MIC 2 ug/mL are from Windels 2024 ISME J wrae070, not from these files; nutrient_conc is dimensionless and unresolved; time read as hours"
windels2024,E. coli,nutrient_0.9,0.9,amikacin,25.0,ug/mL,12.5,windels_nut0.9_ab25_r1,,0.0,0.0,False,,"t=0h; y_log10 = log10(surviving fraction) RELATIVE to t=0, NOT absolute log10 CFU/mL; surv_frac == 1.0 at t=0 by construction; no absolute density exists anywhere in this deposit so n0_log10 is absent; deposit names no drug and no units; amikacin, ug/mL and ancestral MIC 2 ug/mL are from Windels 2024 ISME J wrae070, not from these files; nutrient_conc is dimensionless and unresolved; time read as hours"
windels2024,E. coli,nutrient_0.9,0.9,amikacin,25.0,ug/mL,12.5,windels_nut0.9_ab25_r1,,0.041666666666666664,-3.8477116556169433,False,,"t=1h; y_log10 = log10(surviving fraction) RELATIVE to t=0, NOT absolute log10 CFU/mL; surv_frac == 1.0 at t=0 by construction; no absolute density exists anywhere in this deposit so n0_log10 is absent; deposit names no drug and no units; amikacin, ug/mL and ancestral MIC 2 ug/mL are from Windels 2024 ISME J wrae070, not from these files; nutrient_conc is dimensionless and unresolved; time read as hours"
windels2024,E. coli,nutrient_0.9,0.9,amikacin,25.0,ug/mL,12.5,windels_nut0.9_ab25_r1,,0.08333333333333333,-4.30189945437661,False,,"t=2h; y_log10 = log10(surviving fraction) RELATIVE to t=0, NOT absolute log10 CFU/mL; surv_frac == 1.0 at t=0 by construction; no absolute density exists anywhere in this deposit so n0_log10 is absent; deposit names no drug and no units; amikacin, ug/mL and ancestral MIC 2 ug/mL are from Windels 2024 ISME J wrae070, not from these files; nutrient_conc is dimensionless and unresolved; time read as hours"
windels2024,E. coli,nutrient_0.9,0.9,amikacin,25.0,ug/mL,12.5,windels_nut0.9_ab25_r1,,0.125,-4.280668713016273,False,,"t=3h; y_log10 = log10(surviving fraction) RELATIVE to t=0, NOT absolute log10 CFU/mL; surv_frac == 1.0 at t=0 by construction; no absolute density exists anywhere in this deposit so n0_log10 is absent; deposit names no drug and no units; amikacin, ug/mL and ancestral MIC 2 ug/mL are from Windels 2024 ISME J wrae070, not from these files; nutrient_conc is dimensionless and unresolved; time read as hours"
windels2024,E. coli,nutrient_0.9,0.9,amikacin,25.0,ug/mL,12.5,windels_nut0.9_ab25_r1,,0.20833333333333334,-5.835647144215563,False,,"t=5h; y_log10 = log10(surviving fraction) RELATIVE to t=0, NOT absolute log10 CFU/mL; surv_frac == 1.0 at t=0 by construction; no absolute density exists anywhere in this deposit so n0_log10 is absent; deposit names no drug and no units; amikacin, ug/mL and ancestral MIC 2 ug/mL are from Windels 2024 ISME J wrae070, not from these files; nutrient_conc is dimensionless and unresolved; time read as hours"
windels2024,E. coli,nutrient_0.9,0.9,amikacin,25.0,ug/mL,12.5,windels_nut0.9_ab25_r1,,0.3333333333333333,-4.467245621007502,False,,"t=8h; y_log10 = log10(surviving fraction) RELATIVE to t=0, NOT absolute log10 CFU/mL; surv_frac == 1.0 at t=0 by construction; no absolute density exists anywhere in this deposit so n0_log10 is absent; deposit names no drug and no units; amikacin, ug/mL and ancestral MIC 2 ug/mL are from Windels 2024 ISME J wrae070, not from these files; nutrient_conc is dimensionless and unresolved; time read as hours"
windels2024,E. coli,nutrient_0.9,0.9,amikacin,25.0,ug/mL,12.5,windels_nut0.9_ab25_r2,,0.0,0.0,False,,"t=0h; y_log10 = log10(surviving fraction) RELATIVE to t=0, NOT absolute log10 CFU/mL; surv_frac == 1.0 at t=0 by construction; no absolute density exists anywhere in this deposit so n0_log10 is absent; deposit names no drug and no units; amikacin, ug/mL and ancestral MIC 2 ug/mL are from Windels 2024 ISME J wrae070, not from these files; nutrient_conc is dimensionless and unresolved; time read as hours"
windels2024,E. coli,nutrient_0.9,0.9,amikacin,25.0,ug/mL,12.5,windels_nut0.9_ab25_r2,,0.041666666666666664,-3.835647144215563,False,,"t=1h; y_log10 = log10(surviving fraction) RELATIVE to t=0, NOT absolute log10 CFU/mL; surv_frac == 1.0 at t=0 by construction; no absolute density exists anywhere in this deposit so n0_log10 is absent; deposit names no drug and no units; amikacin, ug/mL and ancestral MIC 2 ug/mL are from Windels 2024 ISME J wrae070, not from these files; nutrient_conc is dimensionless and unresolved; time read as hours"
windels2024,E. coli,nutrient_0.9,0.9,amikacin,25.0,ug/mL,12.5,windels_nut0.9_ab25_r2,,0.08333333333333333,-4.187755303199631,False,,"t=2h; y_log10 = log10(surviving fraction) RELATIVE to t=0, NOT absolute log10 CFU/mL; surv_frac == 1.0 at t=0 by construction; no absolute density exists anywhere in this deposit so n0_log10 is absent; deposit names no drug and no units; amikacin, ug/mL and ancestral MIC 2 ug/mL are from Windels 2024 ISME J wrae070, not from these files; nutrient_conc is dimensionless and unresolved; time read as hours"
windels2024,E. coli,nutrient_0.9,0.9,amikacin,25.0,ug/mL,12.5,windels_nut0.9_ab25_r2,,0.125,-4.002176919254275,False,,"t=3h; y_log10 = log10(surviving fraction) RELATIVE to t=0, NOT absolute log10 CFU/mL; surv_frac == 1.0 at t=0 by construction; no absolute density exists anywhere in this deposit so n0_log10 is absent; deposit names no drug and no units; amikacin, ug/mL and ancestral MIC 2 ug/mL are from Windels 2024 ISME J wrae070, not from these files; nutrient_conc is dimensionless and unresolved; time read as hours"
windels2024,E. coli,nutrient_0.9,0.9,amikacin,25.0,ug/mL,12.5,windels_nut0.9_ab25_r2,,0.20833333333333334,-5.818156412055227,False,,"t=5h; y_log10 = log10(surviving fraction) RELATIVE to t=0, NOT absolute log10 CFU/mL; surv_frac == 1.0 at t=0 by construction; no absolute density exists anywhere in this deposit so n0_log10 is absent; deposit names no drug and no units; amikacin, ug/mL and ancestral MIC 2 ug/mL are from Windels 2024 ISME J wrae070, not from these files; nutrient_conc is dimensionless and unresolved; time read as hours"
windels2024,E. coli,nutrient_0.9,0.9,amikacin,25.0,ug/mL,12.5,windels_nut0.9_ab25_r2,,0.3333333333333333,-4.795880017344075,False,,"t=8h; y_log10 = log10(surviving fraction) RELATIVE to t=0, NOT absolute log10 CFU/mL; surv_frac == 1.0 at t=0 by construction; no absolute density exists anywhere in this deposit so n0_log10 is absent; deposit names no drug and no units; amikacin, ug/mL and ancestral MIC 2 ug/mL are from Windels 2024 ISME J wrae070, not from these files; nutrient_conc is dimensionless and unresolved; time read as hours"
windels2024,E. coli,nutrient_0.9,0.9,amikacin,25.0,ug/mL,12.5,windels_nut0.9_ab25_r3,,0.0,0.0,False,,"t=0h; y_log10 = log10(surviving fraction) RELATIVE to t=0, NOT absolute log10 CFU/mL; surv_frac == 1.0 at t=0 by construction; no absolute density exists anywhere in this deposit so n0_log10 is absent; deposit names no drug and no units; amikacin, ug/mL and ancestral MIC 2 ug/mL are from Windels 2024 ISME J wrae070, not from these files; nutrient_conc is dimensionless and unresolved; time read as hours"
windels2024,E. coli,nutrient_0.9,0.9,amikacin,25.0,ug/mL,12.5,windels_nut0.9_ab25_r3,,0.041666666666666664,-3.7721132953863266,False,,"t=1h; y_log10 = log10(surviving fraction) RELATIVE to t=0, NOT absolute log10 CFU/mL; surv_frac == 1.0 at t=0 by construction; no absolute density exists anywhere in this deposit so n0_log10 is absent; deposit names no drug and no units; amikacin, ug/mL and ancestral MIC 2 ug/mL are from Windels 2024 ISME J wrae070, not from these files; nutrient_conc is dimensionless and unresolved; time read as hours"
windels2024,E. coli,nutrient_0.9,0.9,amikacin,25.0,ug/mL,12.5,windels_nut0.9_ab25_r3,,0.08333333333333333,-3.96657624451305,False,,"t=2h; y_log10 = log10(surviving fraction) RELATIVE to t=0, NOT absolute log10 CFU/mL; surv_frac == 1.0 at t=0 by construction; no absolute density exists anywhere in this deposit so n0_log10 is absent; deposit names no drug and no units; amikacin, ug/mL and ancestral MIC 2 ug/mL are from Windels 2024 ISME J wrae070, not from these files; nutrient_conc is dimensionless and unresolved; time read as hours"
windels2024,E. coli,nutrient_0.9,0.9,amikacin,25.0,ug/mL,12.5,windels_nut0.9_ab25_r3,,0.125,-4.229884705212898,False,,"t=3h; y_log10 = log10(surviving fraction) RELATIVE to t=0, NOT absolute log10 CFU/mL; surv_frac == 1.0 at t=0 by construction; no absolute density exists anywhere in this deposit so n0_log10 is absent; deposit names no drug and no units; amikacin, ug/mL and ancestral MIC 2 ug/mL are from Windels 2024 ISME J wrae070, not from these files; nutrient_conc is dimensionless and unresolved; time read as hours"
windels2024,E. coli,nutrient_0.9,0.9,amikacin,25.0,ug/mL,12.5,windels_nut0.9_ab25_r3,,0.20833333333333334,-5.476253533188435,False,,"t=5h; y_log10 = log10(surviving fraction) RELATIVE to t=0, NOT absolute log10 CFU/mL; surv_frac == 1.0 at t=0 by construction; no absolute density exists anywhere in this deposit so n0_log10 is absent; deposit names no drug and no units; amikacin, ug/mL and ancestral MIC 2 ug/mL are from Windels 2024 ISME J wrae070, not from these files; nutrient_conc is dimensionless and unresolved; time read as hours"
windels2024,E. coli,nutrient_0.9,0.9,amikacin,25.0,ug/mL,12.5,windels_nut0.9_ab25_r3,,0.3333333333333333,-5.209714835966758,False,,"t=8h; y_log10 = log10(surviving fraction) RELATIVE to t=0, NOT absolute log10 CFU/mL; surv_frac == 1.0 at t=0 by construction; no absolute density exists anywhere in this deposit so n0_log10 is absent; deposit names no drug and no units; amikacin, ug/mL and ancestral MIC 2 ug/mL are from Windels 2024 ISME J wrae070, not from these files; nutrient_conc is dimensionless and unresolved; time read as hours"
windels2024,E. coli,nutrient_0.95,0.95,amikacin,25.0,ug/mL,12.5,windels_nut0.95_ab25_r1,,0.0,0.0,False,,"t=0h; y_log10 = log10(surviving fraction) RELATIVE to t=0, NOT absolute log10 CFU/mL; surv_frac == 1.0 at t=0 by construction; no absolute density exists anywhere in this deposit so n0_log10 is absent; deposit names no drug and no units; amikacin, ug/mL and ancestral MIC 2 ug/mL are from Windels 2024 ISME J wrae070, not from these files; nutrient_conc is dimensionless and unresolved; time read as hours"
windels2024,E. coli,nutrient_0.95,0.95,amikacin,25.0,ug/mL,12.5,windels_nut0.95_ab25_r1,,0.041666666666666664,-3.6819366650372385,False,,"t=1h; y_log10 = log10(surviving fraction) RELATIVE to t=0, NOT absolute log10 CFU/mL; surv_frac == 1.0 at t=0 by construction; no absolute density exists anywhere in this deposit so n0_log10 is absent; deposit names no drug and no units; amikacin, ug/mL and ancestral MIC 2 ug/mL are from Windels 2024 ISME J wrae070, not from these files; nutrient_conc is dimensionless and unresolved; time read as hours"
windels2024,E. coli,nutrient_0.95,0.95,amikacin,25.0,ug/mL,12.5,windels_nut0.95_ab25_r1,,0.08333333333333333,-3.721246399047171,False,,"t=2h; y_log10 = log10(surviving fraction) RELATIVE to t=0, NOT absolute log10 CFU/mL; surv_frac == 1.0 at t=0 by construction; no absolute density exists anywhere in this deposit so n0_log10 is absent; deposit names no drug and no units; amikacin, ug/mL and ancestral MIC 2 ug/mL are from Windels 2024 ISME J wrae070, not from these files; nutrient_conc is dimensionless and unresolved; time read as hours"
windels2024,E. coli,nutrient_0.95,0.95,amikacin,25.0,ug/mL,12.5,windels_nut0.95_ab25_r1,,0.125,-4.863279432843593,False,,"t=3h; y_log10 = log10(surviving fraction) RELATIVE to t=0, NOT absolute log10 CFU/mL; surv_frac == 1.0 at t=0 by construction; no absolute density exists anywhere in this deposit so n0_log10 is absent; deposit names no drug and no units; amikacin, ug/mL and ancestral MIC 2 ug/mL are from Windels 2024 ISME J wrae070, not from these files; nutrient_conc is dimensionless and unresolved; time read as hours"
windels2024,E. coli,nutrient_0.95,0.95,amikacin,25.0,ug/mL,12.5,windels_nut0.95_ab25_r1,,0.20833333333333334,-6.295849483160201,False,,"t=5h; y_log10 = log10(surviving fraction) RELATIVE to t=0, NOT absolute log10 CFU/mL; surv_frac == 1.0 at t=0 by construction; no absolute density exists anywhere in this deposit so n0_log10 is absent; deposit names no drug and no units; amikacin, ug/mL and ancestral MIC 2 ug/mL are from Windels 2024 ISME J wrae070, not from these files; nutrient_conc is dimensionless and unresolved; time read as hours"
windels2024,E. coli,nutrient_0.95,0.95,amikacin,25.0,ug/mL,12.5,windels_nut0.95_ab25_r1,,0.3333333333333333,-6.272458742971444,False,,"t=8h; y_log10 = log10(surviving fraction) RELATIVE to t=0, NOT absolute log10 CFU/mL; surv_frac == 1.0 at t=0 by construction; no absolute density exists anywhere in this deposit so n0_log10 is absent; deposit names no drug and no units; amikacin, ug/mL and ancestral MIC 2 ug/mL are from Windels 2024 ISME J wrae070, not from these files; nutrient_conc is dimensionless and unresolved; time read as hours"
windels2024,E. coli,nutrient_0.95,0.95,amikacin,25.0,ug/mL,12.5,windels_nut0.95_ab25_r2,,0.0,0.0,False,,"t=0h; y_log10 = log10(surviving fraction) RELATIVE to t=0, NOT absolute log10 CFU/mL; surv_frac == 1.0 at t=0 by construction; no absolute density exists anywhere in this deposit so n0_log10 is absent; deposit names no drug and no units; amikacin, ug/mL and ancestral MIC 2 ug/mL are from Windels 2024 ISME J wrae070, not from these files; nutrient_conc is dimensionless and unresolved; time read as hours"
windels2024,E. coli,nutrient_0.95,0.95,amikacin,25.0,ug/mL,12.5,windels_nut0.95_ab25_r2,,0.041666666666666664,-3.899629454882437,False,,"t=1h; y_log10 = log10(surviving fraction) RELATIVE to t=0, NOT absolute log10 CFU/mL; surv_frac == 1.0 at t=0 by construction; no absolute density exists anywhere in this deposit so n0_log10 is absent; deposit names no drug and no units; amikacin, ug/mL and ancestral MIC 2 ug/mL are from Windels 2024 ISME J wrae070, not from these files; nutrient_conc is dimensionless and unresolved; time read as hours"
windels2024,E. coli,nutrient_0.95,0.95,amikacin,25.0,ug/mL,12.5,windels_nut0.95_ab25_r2,,0.08333333333333333,-4.394694953858891,False,,"t=2h; y_log10 = log10(surviving fraction) RELATIVE to t=0, NOT absolute log10 CFU/mL; surv_frac == 1.0 at t=0 by construction; no absolute density exists anywhere in this deposit so n0_log10 is absent; deposit names no drug and no units; amikacin, ug/mL and ancestral MIC 2 ug/mL are from Windels 2024 ISME J wrae070, not from these files; nutrient_conc is dimensionless and unresolved; time read as hours"
windels2024,E. coli,nutrient_0.95,0.95,amikacin,25.0,ug/mL,12.5,windels_nut0.95_ab25_r2,,0.125,-5.58838029403677,False,,"t=3h; y_log10 = log10(surviving fraction) RELATIVE to t=0, NOT absolute log10 CFU/mL; surv_frac == 1.0 at t=0 by construction; no absolute density exists anywhere in this deposit so n0_log10 is absent; deposit names no drug and no units; amikacin, ug/mL and ancestral MIC 2 ug/mL are from Windels 2024 ISME J wrae070, not from these files; nutrient_conc is dimensionless and unresolved; time read as hours"
windels2024,E. coli,nutrient_0.95,0.95,amikacin,25.0,ug/mL,12.5,windels_nut0.95_ab25_r2,,0.20833333333333334,-4.928117992693875,False,,"t=5h; y_log10 = log10(surviving fraction) RELATIVE to t=0, NOT absolute log10 CFU/mL; surv_frac == 1.0 at t=0 by construction; no absolute density exists anywhere in this deposit so n0_log10 is absent; deposit names no drug and no units; amikacin, ug/mL and ancestral MIC 2 ug/mL are from Windels 2024 ISME J wrae070, not from these files; nutrient_conc is dimensionless and unresolved; time read as hours"
windels2024,E. coli,nutrient_0.95,0.95,amikacin,25.0,ug/mL,12.5,windels_nut0.95_ab25_r2,,0.3333333333333333,-6.4089353929735005,False,,"t=8h; y_log10 = log10(surviving fraction) RELATIVE to t=0, NOT absolute log10 CFU/mL; surv_frac == 1.0 at t=0 by construction; no absolute density exists anywhere in this deposit so n0_log10 is absent; deposit names no drug and no units; amikacin, ug/mL and ancestral MIC 2 ug/mL are from Windels 2024 ISME J wrae070, not from these files; nutrient_conc is dimensionless and unresolved; time read as hours"
windels2024,E. coli,nutrient_0.95,0.95,amikacin,25.0,ug/mL,12.5,windels_nut0.95_ab25_r3,,0.0,0.0,False,,"t=0h; y_log10 = log10(surviving fraction) RELATIVE to t=0, NOT absolute log10 CFU/mL; surv_frac == 1.0 at t=0 by construction; no absolute density exists anywhere in this deposit so n0_log10 is absent; deposit names no drug and no units; amikacin, ug/mL and ancestral MIC 2 ug/mL are from Windels 2024 ISME J wrae070, not from these files; nutrient_conc is dimensionless and unresolved; time read as hours"
windels2024,E. coli,nutrient_0.95,0.95,amikacin,25.0,ug/mL,12.5,windels_nut0.95_ab25_r3,,0.041666666666666664,-3.6819366650372385,False,,"t=1h; y_log10 = log10(surviving fraction) RELATIVE to t=0, NOT absolute log10 CFU/mL; surv_frac == 1.0 at t=0 by construction; no absolute density exists anywhere in this deposit so n0_log10 is absent; deposit names no drug and no units; amikacin, ug/mL and ancestral MIC 2 ug/mL are from Windels 2024 ISME J wrae070, not from these files; nutrient_conc is dimensionless and unresolved; time read as hours"
windels2024,E. coli,nutrient_0.95,0.95,amikacin,25.0,ug/mL,12.5,windels_nut0.95_ab25_r3,,0.08333333333333333,-4.015472686656207,False,,"t=2h; y_log10 = log10(surviving fraction) RELATIVE to t=0, NOT absolute log10 CFU/mL; surv_frac == 1.0 at t=0 by construction; no absolute density exists anywhere in this deposit so n0_log10 is absent; deposit names no drug and no units; amikacin, ug/mL and ancestral MIC 2 ug/mL are from Windels 2024 ISME J wrae070, not from these files; nutrient_conc is dimensionless and unresolved; time read as hours"
windels2024,E. coli,nutrient_0.95,0.95,amikacin,25.0,ug/mL,12.5,windels_nut0.95_ab25_r3,,0.125,-5.217527375833714,False,,"t=3h; y_log10 = log10(surviving fraction) RELATIVE to t=0, NOT absolute log10 CFU/mL; surv_frac == 1.0 at t=0 by construction; no absolute density exists anywhere in this deposit so n0_log10 is absent; deposit names no drug and no units; amikacin, ug/mL and ancestral MIC 2 ug/mL are from Windels 2024 ISME J wrae070, not from these files; nutrient_conc is dimensionless and unresolved; time read as hours"
windels2024,E. coli,nutrient_0.95,0.95,amikacin,25.0,ug/mL,12.5,windels_nut0.95_ab25_r3,,0.20833333333333334,-5.376750709602099,False,,"t=5h; y_log10 = log10(surviving fraction) RELATIVE to t=0, NOT absolute log10 CFU/mL; surv_frac == 1.0 at t=0 by construction; no absolute density exists anywhere in this deposit so n0_log10 is absent; deposit names no drug and no units; amikacin, ug/mL and ancestral MIC 2 ug/mL are from Windels 2024 ISME J wrae070, not from these files; nutrient_conc is dimensionless and unresolved; time read as hours"
windels2024,E. coli,nutrient_0,0.0,amikacin,50.0,ug/mL,25.0,windels_nut0_ab50_r1,,0.0,0.0,False,,"t=0h; y_log10 = log10(surviving fraction) RELATIVE to t=0, NOT absolute log10 CFU/mL; surv_frac == 1.0 at t=0 by construction; no absolute density exists anywhere in this deposit so n0_log10 is absent; deposit names no drug and no units; amikacin, ug/mL and ancestral MIC 2 ug/mL are from Windels 2024 ISME J wrae070, not from these files; nutrient_conc is dimensionless and unresolved; time read as hours"
windels2024,E. coli,nutrient_0,0.0,amikacin,50.0,ug/mL,25.0,windels_nut0_ab50_r1,,0.041666666666666664,-0.20788774980102787,False,,"t=1h; y_log10 = log10(surviving fraction) RELATIVE to t=0, NOT absolute log10 CFU/mL; surv_frac == 1.0 at t=0 by construction; no absolute density exists anywhere in this deposit so n0_log10 is absent; deposit names no drug and no units; amikacin, ug/mL and ancestral MIC 2 ug/mL are from Windels 2024 ISME J wrae070, not from these files; nutrient_conc is dimensionless and unresolved; time read as hours"
windels2024,E. coli,nutrient_0,0.0,amikacin,50.0,ug/mL,25.0,windels_nut0_ab50_r1,,0.08333333333333333,-0.19163364094175417,False,,"t=2h; y_log10 = log10(surviving fraction) RELATIVE to t=0, NOT absolute log10 CFU/mL; surv_frac == 1.0 at t=0 by construction; no absolute density exists anywhere in this deposit so n0_log10 is absent; deposit names no drug and no units; amikacin, ug/mL and ancestral MIC 2 ug/mL are from Windels 2024 ISME J wrae070, not from these files; nutrient_conc is dimensionless and unresolved; time read as hours"
windels2024,E. coli,nutrient_0,0.0,amikacin,50.0,ug/mL,25.0,windels_nut0_ab50_r1,,0.125,-0.30664191842077027,False,,"t=3h; y_log10 = log10(surviving fraction) RELATIVE to t=0, NOT absolute log10 CFU/mL; surv_frac == 1.0 at t=0 by construction; no absolute density exists anywhere in this deposit so n0_log10 is absent; deposit names no drug and no units; amikacin, ug/mL and ancestral MIC 2 ug/mL are from Windels 2024 ISME J wrae070, not from these files; nutrient_conc is dimensionless and unresolved; time read as hours"
windels2024,E. coli,nutrient_0,0.0,amikacin,50.0,ug/mL,25.0,windels_nut0_ab50_r1,,0.20833333333333334,-0.2889491015559286,False,,"t=5h; y_log10 = log10(surviving fraction) RELATIVE to t=0, NOT absolute log10 CFU/mL; surv_frac == 1.0 at t=0 by construction; no absolute density exists anywhere in this deposit so n0_log10 is absent; deposit names no drug and no units; amikacin, ug/mL and ancestral MIC 2 ug/mL are from Windels 2024 ISME J wrae070, not from these files; nutrient_conc is dimensionless and unresolved; time read as hours"
windels2024,E. coli,nutrient_0,0.0,amikacin,50.0,ug/mL,25.0,windels_nut0_ab50_r1,,0.3333333333333333,-0.5377781517195597,False,,"t=8h; y_log10 = log10(surviving fraction) RELATIVE to t=0, NOT absolute log10 CFU/mL; surv_frac == 1.0 at t=0 by construction; no absolute density exists anywhere in this deposit so n0_log10 is absent; deposit names no drug and no units; amikacin, ug/mL and ancestral MIC 2 ug/mL are from Windels 2024 ISME J wrae070, not from these files; nutrient_conc is dimensionless and unresolved; time read as hours"
windels2024,E. coli,nutrient_0,0.0,amikacin,50.0,ug/mL,25.0,windels_nut0_ab50_r2,,0.0,0.0,False,,"t=0h; y_log10 = log10(surviving fraction) RELATIVE to t=0, NOT absolute log10 CFU/mL; surv_frac == 1.0 at t=0 by construction; no absolute density exists anywhere in this deposit so n0_log10 is absent; deposit names no drug and no units; amikacin, ug/mL and ancestral MIC 2 ug/mL are from Windels 2024 ISME J wrae070, not from these files; nutrient_conc is dimensionless and unresolved; time read as hours"
windels2024,E. coli,nutrient_0,0.0,amikacin,50.0,ug/mL,25.0,windels_nut0_ab50_r2,,0.041666666666666664,-0.339280385989331,False,,"t=1h; y_log10 = log10(surviving fraction) RELATIVE to t=0, NOT absolute log10 CFU/mL; surv_frac == 1.0 at t=0 by construction; no absolute density exists anywhere in this deposit so n0_log10 is absent; deposit names no drug and no units; amikacin, ug/mL and ancestral MIC 2 ug/mL are from Windels 2024 ISME J wrae070, not from these files; nutrient_conc is dimensionless and unresolved; time read as hours"
windels2024,E. coli,nutrient_0,0.0,amikacin,50.0,ug/mL,25.0,windels_nut0_ab50_r2,,0.08333333333333333,-0.3725441185758885,False,,"t=2h; y_log10 = log10(surviving fraction) RELATIVE to t=0, NOT absolute log10 CFU/mL; surv_frac == 1.0 at t=0 by construction; no absolute density exists anywhere in this deposit so n0_log10 is absent; deposit names no drug and no units; amikacin, ug/mL and ancestral MIC 2 ug/mL are from Windels 2024 ISME J wrae070, not from these files; nutrient_conc is dimensionless and unresolved; time read as hours"
windels2024,E. coli,nutrient_0,0.0,amikacin,50.0,ug/mL,25.0,windels_nut0_ab50_r2,,0.125,-0.38793841386610334,False,,"t=3h; y_log10 = log10(surviving fraction) RELATIVE to t=0, NOT absolute log10 CFU/mL; surv_frac == 1.0 at t=0 by construction; no absolute density exists anywhere in this deposit so n0_log10 is absent; deposit names no drug and no units; amikacin, ug/mL and ancestral MIC 2 ug/mL are from Windels 2024 ISME J wrae070, not from these files; nutrient_conc is dimensionless and unresolved; time read as hours"
windels2024,E. coli,nutrient_0,0.0,amikacin,50.0,ug/mL,25.0,windels_nut0_ab50_r2,,0.20833333333333334,-0.3514577211840246,False,,"t=5h; y_log10 = log10(surviving fraction) RELATIVE to t=0, NOT absolute log10 CFU/mL; surv_frac == 1.0 at t=0 by construction; no absolute density exists anywhere in this deposit so n0_log10 is absent; deposit names no drug and no units; amikacin, ug/mL and ancestral MIC 2 ug/mL are from Windels 2024 ISME J wrae070, not from these files; nutrient_conc is dimensionless and unresolved; time read as hours"
windels2024,E. coli,nutrient_0,0.0,amikacin,50.0,ug/mL,25.0,windels_nut0_ab50_r2,,0.3333333333333333,-0.8153778347407066,False,,"t=8h; y_log10 = log10(surviving fraction) RELATIVE to t=0, NOT absolute log10 CFU/mL; surv_frac == 1.0 at t=0 by construction; no absolute density exists anywhere in this deposit so n0_log10 is absent; deposit names no drug and no units; amikacin, ug/mL and ancestral MIC 2 ug/mL are from Windels 2024 ISME J wrae070, not from these files; nutrient_conc is dimensionless and unresolved; time read as hours"
windels2024,E. coli,nutrient_0,0.0,amikacin,50.0,ug/mL,25.0,windels_nut0_ab50_r3,,0.0,0.0,False,,"t=0h; y_log10 = log10(surviving fraction) RELATIVE to t=0, NOT absolute log10 CFU/mL; surv_frac == 1.0 at t=0 by construction; no absolute density exists anywhere in this deposit so n0_log10 is absent; deposit names no drug and no units; amikacin, ug/mL and ancestral MIC 2 ug/mL are from Windels 2024 ISME J wrae070, not from these files; nutrient_conc is dimensionless and unresolved; time read as hours"
windels2024,E. coli,nutrient_0,0.0,amikacin,50.0,ug/mL,25.0,windels_nut0_ab50_r3,,0.041666666666666664,-0.36449102060446303,False,,"t=1h; y_log10 = log10(surviving fraction) RELATIVE to t=0, NOT absolute log10 CFU/mL; surv_frac == 1.0 at t=0 by construction; no absolute density exists anywhere in this deposit so n0_log10 is absent; deposit names no drug and no units; amikacin, ug/mL and ancestral MIC 2 ug/mL are from Windels 2024 ISME J wrae070, not from these files; nutrient_conc is dimensionless and unresolved; time read as hours"
windels2024,E. coli,nutrient_0,0.0,amikacin,50.0,ug/mL,25.0,windels_nut0_ab50_r3,,0.08333333333333333,-0.035232386852006976,False,,"t=2h; y_log10 = log10(surviving fraction) RELATIVE to t=0, NOT absolute log10 CFU/mL; surv_frac == 1.0 at t=0 by construction; no absolute density exists anywhere in this deposit so n0_log10 is absent; deposit names no drug and no units; amikacin, ug/mL and ancestral MIC 2 ug/mL are from Windels 2024 ISME J wrae070, not from these files; nutrient_conc is dimensionless and unresolved; time read as hours"
windels2024,E. coli,nutrient_0,0.0,amikacin,50.0,ug/mL,25.0,windels_nut0_ab50_r3,,0.125,-0.3189861028958365,False,,"t=3h; y_log10 = log10(surviving fraction) RELATIVE to t=0, NOT absolute log10 CFU/mL; surv_frac == 1.0 at t=0 by construction; no absolute density exists anywhere in this deposit so n0_log10 is absent; deposit names no drug and no units; amikacin, ug/mL and ancestral MIC 2 ug/mL are from Windels 2024 ISME J wrae070, not from these files; nutrient_conc is dimensionless and unresolved; time read as hours"
windels2024,E. coli,nutrient_0,0.0,amikacin,50.0,ug/mL,25.0,windels_nut0_ab50_r3,,0.20833333333333334,-0.22344249102624283,False,,"t=5h; y_log10 = log10(surviving fraction) RELATIVE to t=0, NOT absolute log10 CFU/mL; surv_frac == 1.0 at t=0 by construction; no absolute density exists anywhere in this deposit so n0_log10 is absent; deposit names no drug and no units; amikacin, ug/mL and ancestral MIC 2 ug/mL are from Windels 2024 ISME J wrae070, not from these files; nutrient_conc is dimensionless and unresolved; time read as hours"
windels2024,E. coli,nutrient_0,0.0,amikacin,50.0,ug/mL,25.0,windels_nut0_ab50_r3,,0.3333333333333333,-0.47861279168165144,False,,"t=8h; y_log10 = log10(surviving fraction) RELATIVE to t=0, NOT absolute log10 CFU/mL; surv_frac == 1.0 at t=0 by construction; no absolute density exists anywhere in this deposit so n0_log10 is absent; deposit names no drug and no units; amikacin, ug/mL and ancestral MIC 2 ug/mL are from Windels 2024 ISME J wrae070, not from these files; nutrient_conc is dimensionless and unresolved; time read as hours"
windels2024,E. coli,nutrient_0.25,0.25,amikacin,50.0,ug/mL,25.0,windels_nut0.25_ab50_r1,,0.0,0.0,False,,"t=0h; y_log10 = log10(surviving fraction) RELATIVE to t=0, NOT absolute log10 CFU/mL; surv_frac == 1.0 at t=0 by construction; no absolute density exists anywhere in this deposit so n0_log10 is absent; deposit names no drug and no units; amikacin, ug/mL and ancestral MIC 2 ug/mL are from Windels 2024 ISME J wrae070, not from these files; nutrient_conc is dimensionless and unresolved; time read as hours"
windels2024,E. coli,nutrient_0.25,0.25,amikacin,50.0,ug/mL,25.0,windels_nut0.25_ab50_r1,,0.041666666666666664,-0.20539318341951376,False,,"t=1h; y_log10 = log10(surviving fraction) RELATIVE to t=0, NOT absolute log10 CFU/mL; surv_frac == 1.0 at t=0 by construction; no absolute density exists anywhere in this deposit so n0_log10 is absent; deposit names no drug and no units; amikacin, ug/mL and ancestral MIC 2 ug/mL are from Windels 2024 ISME J wrae070, not from these files; nutrient_conc is dimensionless and unresolved; time read as hours"
windels2024,E. coli,nutrient_0.25,0.25,amikacin,50.0,ug/mL,25.0,windels_nut0.25_ab50_r1,,0.125,-2.8074088534516384,False,,"t=3h; y_log10 = log10(surviving fraction) RELATIVE to t=0, NOT absolute log10 CFU/mL; surv_frac == 1.0 at t=0 by construction; no absolute density exists anywhere in this deposit so n0_log10 is absent; deposit names no drug and no units; amikacin, ug/mL and ancestral MIC 2 ug/mL are from Windels 2024 ISME J wrae070, not from these files; nutrient_conc is dimensionless and unresolved; time read as hours"
windels2024,E. coli,nutrient_0.25,0.25,amikacin,50.0,ug/mL,25.0,windels_nut0.25_ab50_r1,,0.20833333333333334,-3.496641103150398,False,,"t=5h; y_log10 = log10(surviving fraction) RELATIVE to t=0, NOT absolute log10 CFU/mL; surv_frac == 1.0 at t=0 by construction; no absolute density exists anywhere in this deposit so n0_log10 is absent; deposit names no drug and no units; amikacin, ug/mL and ancestral MIC 2 ug/mL are from Windels 2024 ISME J wrae070, not from these files; nutrient_conc is dimensionless and unresolved; time read as hours"
windels2024,E. coli,nutrient_0.25,0.25,amikacin,50.0,ug/mL,25.0,windels_nut0.25_ab50_r1,,0.3333333333333333,-3.9847240933181247,False,,"t=8h; y_log10 = log10(surviving fraction) RELATIVE to t=0, NOT absolute log10 CFU/mL; surv_frac == 1.0 at t=0 by construction; no absolute density exists anywhere in this deposit so n0_log10 is absent; deposit names no drug and no units; amikacin, ug/mL and ancestral MIC 2 ug/mL are from Windels 2024 ISME J wrae070, not from these files; nutrient_conc is dimensionless and unresolved; time read as hours"
windels2024,E. coli,nutrient_0.25,0.25,amikacin,50.0,ug/mL,25.0,windels_nut0.25_ab50_r2,,0.0,0.0,False,,"t=0h; y_log10 = log10(surviving fraction) RELATIVE to t=0, NOT absolute log10 CFU/mL; surv_frac == 1.0 at t=0 by construction; no absolute density exists anywhere in this deposit so n0_log10 is absent; deposit names no drug and no units; amikacin, ug/mL and ancestral MIC 2 ug/mL are from Windels 2024 ISME J wrae070, not from these files; nutrient_conc is dimensionless and unresolved; time read as hours"
windels2024,E. coli,nutrient_0.25,0.25,amikacin,50.0,ug/mL,25.0,windels_nut0.25_ab50_r2,,0.041666666666666664,-1.059092776057896,False,,"t=1h; y_log10 = log10(surviving fraction) RELATIVE to t=0, NOT absolute log10 CFU/mL; surv_frac == 1.0 at t=0 by construction; no absolute density exists anywhere in this deposit so n0_log10 is absent; deposit names no drug and no units; amikacin, ug/mL and ancestral MIC 2 ug/mL are from Windels 2024 ISME J wrae070, not from these files; nutrient_conc is dimensionless and unresolved; time read as hours"
windels2024,E. coli,nutrient_0.25,0.25,amikacin,50.0,ug/mL,25.0,windels_nut0.25_ab50_r2,,0.20833333333333334,-3.4705388456981123,False,,"t=5h; y_log10 = log10(surviving fraction) RELATIVE to t=0, NOT absolute log10 CFU/mL; surv_frac == 1.0 at t=0 by construction; no absolute density exists anywhere in this deposit so n0_log10 is absent; deposit names no drug and no units; amikacin, ug/mL and ancestral MIC 2 ug/mL are from Windels 2024 ISME J wrae070, not from these files; nutrient_conc is dimensionless and unresolved; time read as hours"
windels2024,E. coli,nutrient_0.25,0.25,amikacin,50.0,ug/mL,25.0,windels_nut0.25_ab50_r2,,0.3333333333333333,-3.6513486186480235,False,,"t=8h; y_log10 = log10(surviving fraction) RELATIVE to t=0, NOT absolute log10 CFU/mL; surv_frac == 1.0 at t=0 by construction; no absolute density exists anywhere in this deposit so n0_log10 is absent; deposit names no drug and no units; amikacin, ug/mL and ancestral MIC 2 ug/mL are from Windels 2024 ISME J wrae070, not from these files; nutrient_conc is dimensionless and unresolved; time read as hours"
windels2024,E. coli,nutrient_0.25,0.25,amikacin,50.0,ug/mL,25.0,windels_nut0.25_ab50_r3,,0.0,0.0,False,,"t=0h; y_log10 = log10(surviving fraction) RELATIVE to t=0, NOT absolute log10 CFU/mL; surv_frac == 1.0 at t=0 by construction; no absolute density exists anywhere in this deposit so n0_log10 is absent; deposit names no drug and no units; amikacin, ug/mL and ancestral MIC 2 ug/mL are from Windels 2024 ISME J wrae070, not from these files; nutrient_conc is dimensionless and unresolved; time read as hours"
windels2024,E. coli,nutrient_0.25,0.25,amikacin,50.0,ug/mL,25.0,windels_nut0.25_ab50_r3,,0.041666666666666664,-1.1243595425367112,False,,"t=1h; y_log10 = log10(surviving fraction) RELATIVE to t=0, NOT absolute log10 CFU/mL; surv_frac == 1.0 at t=0 by construction; no absolute density exists anywhere in this deposit so n0_log10 is absent; deposit names no drug and no units; amikacin, ug/mL and ancestral MIC 2 ug/mL are from Windels 2024 ISME J wrae070, not from these files; nutrient_conc is dimensionless and unresolved; time read as hours"
windels2024,E. coli,nutrient_0.25,0.25,amikacin,50.0,ug/mL,25.0,windels_nut0.25_ab50_r3,,0.08333333333333333,-2.5311932105281683,False,,"t=2h; y_log10 = log10(surviving fraction) RELATIVE to t=0, NOT absolute log10 CFU/mL; surv_frac == 1.0 at t=0 by construction; no absolute density exists anywhere in this deposit so n0_log10 is absent; deposit names no drug and no units; amikacin, ug/mL and ancestral MIC 2 ug/mL are from Windels 2024 ISME J wrae070, not from these files; nutrient_conc is dimensionless and unresolved; time read as hours"
windels2024,E. coli,nutrient_0.25,0.25,amikacin,50.0,ug/mL,25.0,windels_nut0.25_ab50_r3,,0.125,-2.789471207325823,False,,"t=3h; y_log10 = log10(surviving fraction) RELATIVE to t=0, NOT absolute log10 CFU/mL; surv_frac == 1.0 at t=0 by construction; no absolute density exists anywhere in this deposit so n0_log10 is absent; deposit names no drug and no units; amikacin, ug/mL and ancestral MIC 2 ug/mL are from Windels 2024 ISME J wrae070, not from these files; nutrient_conc is dimensionless and unresolved; time read as hours"
windels2024,E. coli,nutrient_0.25,0.25,amikacin,50.0,ug/mL,25.0,windels_nut0.25_ab50_r3,,0.20833333333333334,-3.0046359950955335,False,,"t=5h; y_log10 = log10(surviving fraction) RELATIVE to t=0, NOT absolute log10 CFU/mL; surv_frac == 1.0 at t=0 by construction; no absolute density exists anywhere in this deposit so n0_log10 is absent; deposit names no drug and no units; amikacin, ug/mL and ancestral MIC 2 ug/mL are from Windels 2024 ISME J wrae070, not from these files; nutrient_conc is dimensionless and unresolved; time read as hours"
windels2024,E. coli,nutrient_0.25,0.25,amikacin,50.0,ug/mL,25.0,windels_nut0.25_ab50_r3,,0.3333333333333333,-3.702040437305413,False,,"t=8h; y_log10 = log10(surviving fraction) RELATIVE to t=0, NOT absolute log10 CFU/mL; surv_frac == 1.0 at t=0 by construction; no absolute density exists anywhere in this deposit so n0_log10 is absent; deposit names no drug and no units; amikacin, ug/mL and ancestral MIC 2 ug/mL are from Windels 2024 ISME J wrae070, not from these files; nutrient_conc is dimensionless and unresolved; time read as hours"
windels2024,E. coli,nutrient_0.5,0.5,amikacin,50.0,ug/mL,25.0,windels_nut0.5_ab50_r1,,0.0,0.0,False,,"t=0h; y_log10 = log10(surviving fraction) RELATIVE to t=0, NOT absolute log10 CFU/mL; surv_frac == 1.0 at t=0 by construction; no absolute density exists anywhere in this deposit so n0_log10 is absent; deposit names no drug and no units; amikacin, ug/mL and ancestral MIC 2 ug/mL are from Windels 2024 ISME J wrae070, not from these files; nutrient_conc is dimensionless and unresolved; time read as hours"
windels2024,E. coli,nutrient_0.5,0.5,amikacin,50.0,ug/mL,25.0,windels_nut0.5_ab50_r1,,0.041666666666666664,-4.351639989019068,False,,"t=1h; y_log10 = log10(surviving fraction) RELATIVE to t=0, NOT absolute log10 CFU/mL; surv_frac == 1.0 at t=0 by construction; no absolute density exists anywhere in this deposit so n0_log10 is absent; deposit names no drug and no units; amikacin, ug/mL and ancestral MIC 2 ug/mL are from Windels 2024 ISME J wrae070, not from these files; nutrient_conc is dimensionless and unresolved; time read as hours"
windels2024,E. coli,nutrient_0.5,0.5,amikacin,50.0,ug/mL,25.0,windels_nut0.5_ab50_r1,,0.08333333333333333,-3.884476023049978,False,,"t=2h; y_log10 = log10(surviving fraction) RELATIVE to t=0, NOT absolute log10 CFU/mL; surv_frac == 1.0 at t=0 by construction; no absolute density exists anywhere in this deposit so n0_log10 is absent; deposit names no drug and no units; amikacin, ug/mL and ancestral MIC 2 ug/mL are from Windels 2024 ISME J wrae070, not from these files; nutrient_conc is dimensionless and unresolved; time read as hours"
windels2024,E. coli,nutrient_0.5,0.5,amikacin,50.0,ug/mL,25.0,windels_nut0.5_ab50_r1,,0.125,-4.15676722190199,False,,"t=3h; y_log10 = log10(surviving fraction) RELATIVE to t=0, NOT absolute log10 CFU/mL; surv_frac == 1.0 at t=0 by construction; no absolute density exists anywhere in this deposit so n0_log10 is absent; deposit names no drug and no units; amikacin, ug/mL and ancestral MIC 2 ug/mL are from Windels 2024 ISME J wrae070, not from these files; nutrient_conc is dimensionless and unresolved; time read as hours"
windels2024,E. coli,nutrient_0.5,0.5,amikacin,50.0,ug/mL,25.0,windels_nut0.5_ab50_r1,,0.20833333333333334,-4.435333935747911,False,,"t=5h; y_log10 = log10(surviving fraction) RELATIVE to t=0, NOT absolute log10 CFU/mL; surv_frac == 1.0 at t=0 by construction; no absolute density exists anywhere in this deposit so n0_log10 is absent; deposit names no drug and no units; amikacin, ug/mL and ancestral MIC 2 ug/mL are from Windels 2024 ISME J wrae070, not from these files; nutrient_conc is dimensionless and unresolved; time read as hours"
windels2024,E. coli,nutrient_0.5,0.5,amikacin,50.0,ug/mL,25.0,windels_nut0.5_ab50_r1,,0.3333333333333333,-4.772113295386326,False,,"t=8h; y_log10 = log10(surviving fraction) RELATIVE to t=0, NOT absolute log10 CFU/mL; surv_frac == 1.0 at t=0 by construction; no absolute density exists anywhere in this deposit so n0_log10 is absent; deposit names no drug and no units; amikacin, ug/mL and ancestral MIC 2 ug/mL are from Windels 2024 ISME J wrae070, not from these files; nutrient_conc is dimensionless and unresolved; time read as hours"
windels2024,E. coli,nutrient_0.5,0.5,amikacin,50.0,ug/mL,25.0,windels_nut0.5_ab50_r2,,0.0,0.0,False,,"t=0h; y_log10 = log10(surviving fraction) RELATIVE to t=0, NOT absolute log10 CFU/mL; surv_frac == 1.0 at t=0 by construction; no absolute density exists anywhere in this deposit so n0_log10 is absent; deposit names no drug and no units; amikacin, ug/mL and ancestral MIC 2 ug/mL are from Windels 2024 ISME J wrae070, not from these files; nutrient_conc is dimensionless and unresolved; time read as hours"
windels2024,E. coli,nutrient_0.5,0.5,amikacin,50.0,ug/mL,25.0,windels_nut0.5_ab50_r2,,0.041666666666666664,-3.5611808668121756,False,,"t=1h; y_log10 = log10(surviving fraction) RELATIVE to t=0, NOT absolute log10 CFU/mL; surv_frac == 1.0 at t=0 by construction; no absolute density exists anywhere in this deposit so n0_log10 is absent; deposit names no drug and no units; amikacin, ug/mL and ancestral MIC 2 ug/mL are from Windels 2024 ISME J wrae070, not from these files; nutrient_conc is dimensionless and unresolved; time read as hours"
windels2024,E. coli,nutrient_0.5,0.5,amikacin,50.0,ug/mL,25.0,windels_nut0.5_ab50_r2,,0.08333333333333333,-3.867375349030544,False,,"t=2h; y_log10 = log10(surviving fraction) RELATIVE to t=0, NOT absolute log10 CFU/mL; surv_frac == 1.0 at t=0 by construction; no absolute density exists anywhere in this deposit so n0_log10 is absent; deposit names no drug and no units; amikacin, ug/mL and ancestral MIC 2 ug/mL are from Windels 2024 ISME J wrae070, not from these files; nutrient_conc is dimensionless and unresolved; time read as hours"
windels2024,E. coli,nutrient_0.5,0.5,amikacin,50.0,ug/mL,25.0,windels_nut0.5_ab50_r2,,0.125,-4.0385789059335515,False,,"t=3h; y_log10 = log10(surviving fraction) RELATIVE to t=0, NOT absolute log10 CFU/mL; surv_frac == 1.0 at t=0 by construction; no absolute density exists anywhere in this deposit so n0_log10 is absent; deposit names no drug and no units; amikacin, ug/mL and ancestral MIC 2 ug/mL are from Windels 2024 ISME J wrae070, not from these files; nutrient_conc is dimensionless and unresolved; time read as hours"
windels2024,E. coli,nutrient_0.5,0.5,amikacin,50.0,ug/mL,25.0,windels_nut0.5_ab50_r2,,0.20833333333333334,-4.3124710387853655,False,,"t=5h; y_log10 = log10(surviving fraction) RELATIVE to t=0, NOT absolute log10 CFU/mL; surv_frac == 1.0 at t=0 by construction; no absolute density exists anywhere in this deposit so n0_log10 is absent; deposit names no drug and no units; amikacin, ug/mL and ancestral MIC 2 ug/mL are from Windels 2024 ISME J wrae070, not from these files; nutrient_conc is dimensionless and unresolved; time read as hours"
windels2024,E. coli,nutrient_0.5,0.5,amikacin,50.0,ug/mL,25.0,windels_nut0.5_ab50_r2,,0.3333333333333333,-4.519993057042849,False,,"t=8h; y_log10 = log10(surviving fraction) RELATIVE to t=0, NOT absolute log10 CFU/mL; surv_frac == 1.0 at t=0 by construction; no absolute density exists anywhere in this deposit so n0_log10 is absent; deposit names no drug and no units; amikacin, ug/mL and ancestral MIC 2 ug/mL are from Windels 2024 ISME J wrae070, not from these files; nutrient_conc is dimensionless and unresolved; time read as hours"
windels2024,E. coli,nutrient_0.5,0.5,amikacin,50.0,ug/mL,25.0,windels_nut0.5_ab50_r3,,0.0,0.0,False,,"t=0h; y_log10 = log10(surviving fraction) RELATIVE to t=0, NOT absolute log10 CFU/mL; surv_frac == 1.0 at t=0 by construction; no absolute density exists anywhere in this deposit so n0_log10 is absent; deposit names no drug and no units; amikacin, ug/mL and ancestral MIC 2 ug/mL are from Windels 2024 ISME J wrae070, not from these files; nutrient_conc is dimensionless and unresolved; time read as hours"
windels2024,E. coli,nutrient_0.5,0.5,amikacin,50.0,ug/mL,25.0,windels_nut0.5_ab50_r3,,0.041666666666666664,-3.9330817506588174,False,,"t=1h; y_log10 = log10(surviving fraction) RELATIVE to t=0, NOT absolute log10 CFU/mL; surv_frac == 1.0 at t=0 by construction; no absolute density exists anywhere in this deposit so n0_log10 is absent; deposit names no drug and no units; amikacin, ug/mL and ancestral MIC 2 ug/mL are from Windels 2024 ISME J wrae070, not from these files; nutrient_conc is dimensionless and unresolved; time read as hours"
windels2024,E. coli,nutrient_0.5,0.5,amikacin,50.0,ug/mL,25.0,windels_nut0.5_ab50_r3,,0.08333333333333333,-4.112945621949043,False,,"t=2h; y_log10 = log10(surviving fraction) RELATIVE to t=0, NOT absolute log10 CFU/mL; surv_frac == 1.0 at t=0 by construction; no absolute density exists anywhere in this deposit so n0_log10 is absent; deposit names no drug and no units; amikacin, ug/mL and ancestral MIC 2 ug/mL are from Windels 2024 ISME J wrae070, not from these files; nutrient_conc is dimensionless and unresolved; time read as hours"
windels2024,E. coli,nutrient_0.5,0.5,amikacin,50.0,ug/mL,25.0,windels_nut0.5_ab50_r3,,0.125,-4.484126156288321,False,,"t=3h; y_log10 = log10(surviving fraction) RELATIVE to t=0, NOT absolute log10 CFU/mL; surv_frac == 1.0 at t=0 by construction; no absolute density exists anywhere in this deposit so n0_log10 is absent; deposit names no drug and no units; amikacin, ug/mL and ancestral MIC 2 ug/mL are from Windels 2024 ISME J wrae070, not from these files; nutrient_conc is dimensionless and unresolved; time read as hours"
windels2024,E. coli,nutrient_0.5,0.5,amikacin,50.0,ug/mL,25.0,windels_nut0.5_ab50_r3,,0.20833333333333334,-4.645891560852599,False,,"t=5h; y_log10 = log10(surviving fraction) RELATIVE to t=0, NOT absolute log10 CFU/mL; surv_frac == 1.0 at t=0 by construction; no absolute density exists anywhere in this deposit so n0_log10 is absent; deposit names no drug and no units; amikacin, ug/mL and ancestral MIC 2 ug/mL are from Windels 2024 ISME J wrae070, not from these files; nutrient_conc is dimensionless and unresolved; time read as hours"
windels2024,E. coli,nutrient_0.5,0.5,amikacin,50.0,ug/mL,25.0,windels_nut0.5_ab50_r3,,0.3333333333333333,-4.782516055786093,False,,"t=8h; y_log10 = log10(surviving fraction) RELATIVE to t=0, NOT absolute log10 CFU/mL; surv_frac == 1.0 at t=0 by construction; no absolute density exists anywhere in this deposit so n0_log10 is absent; deposit names no drug and no units; amikacin, ug/mL and ancestral MIC 2 ug/mL are from Windels 2024 ISME J wrae070, not from these files; nutrient_conc is dimensionless and unresolved; time read as hours"
windels2024,E. coli,nutrient_0.8,0.8,amikacin,50.0,ug/mL,25.0,windels_nut0.8_ab50_r1,,0.0,0.0,False,,"t=0h; y_log10 = log10(surviving fraction) RELATIVE to t=0, NOT absolute log10 CFU/mL; surv_frac == 1.0 at t=0 by construction; no absolute density exists anywhere in this deposit so n0_log10 is absent; deposit names no drug and no units; amikacin, ug/mL and ancestral MIC 2 ug/mL are from Windels 2024 ISME J wrae070, not from these files; nutrient_conc is dimensionless and unresolved; time read as hours"
windels2024,E. coli,nutrient_0.8,0.8,amikacin,50.0,ug/mL,25.0,windels_nut0.8_ab50_r1,,0.041666666666666664,-4.458420756053419,False,,"t=1h; y_log10 = log10(surviving fraction) RELATIVE to t=0, NOT absolute log10 CFU/mL; surv_frac == 1.0 at t=0 by construction; no absolute density exists anywhere in this deposit so n0_log10 is absent; deposit names no drug and no units; amikacin, ug/mL and ancestral MIC 2 ug/mL are from Windels 2024 ISME J wrae070, not from these files; nutrient_conc is dimensionless and unresolved; time read as hours"
windels2024,E. coli,nutrient_0.8,0.8,amikacin,50.0,ug/mL,25.0,windels_nut0.8_ab50_r1,,0.08333333333333333,-4.298432014944073,False,,"t=2h; y_log10 = log10(surviving fraction) RELATIVE to t=0, NOT absolute log10 CFU/mL; surv_frac == 1.0 at t=0 by construction; no absolute density exists anywhere in this deposit so n0_log10 is absent; deposit names no drug and no units; amikacin, ug/mL and ancestral MIC 2 ug/mL are from Windels 2024 ISME J wrae070, not from these files; nutrient_conc is dimensionless and unresolved; time read as hours"
windels2024,E. coli,nutrient_0.8,0.8,amikacin,50.0,ug/mL,25.0,windels_nut0.8_ab50_r1,,0.125,-5.350665141287858,False,,"t=3h; y_log10 = log10(surviving fraction) RELATIVE to t=0, NOT absolute log10 CFU/mL; surv_frac == 1.0 at t=0 by construction; no absolute density exists anywhere in this deposit so n0_log10 is absent; deposit names no drug and no units; amikacin, ug/mL and ancestral MIC 2 ug/mL are from Windels 2024 ISME J wrae070, not from these files; nutrient_conc is dimensionless and unresolved; time read as hours"
windels2024,E. coli,nutrient_0.8,0.8,amikacin,50.0,ug/mL,25.0,windels_nut0.8_ab50_r1,,0.20833333333333334,-5.484126156288321,False,,"t=5h; y_log10 = log10(surviving fraction) RELATIVE to t=0, NOT absolute log10 CFU/mL; surv_frac == 1.0 at t=0 by construction; no absolute density exists anywhere in this deposit so n0_log10 is absent; deposit names no drug and no units; amikacin, ug/mL and ancestral MIC 2 ug/mL are from Windels 2024 ISME J wrae070, not from these files; nutrient_conc is dimensionless and unresolved; time read as hours"
windels2024,E. coli,nutrient_0.8,0.8,amikacin,50.0,ug/mL,25.0,windels_nut0.8_ab50_r1,,0.3333333333333333,-6.013676222949234,False,,"t=8h; y_log10 = log10(surviving fraction) RELATIVE to t=0, NOT absolute log10 CFU/mL; surv_frac == 1.0 at t=0 by construction; no absolute density exists anywhere in this deposit so n0_log10 is absent; deposit names no drug and no units; amikacin, ug/mL and ancestral MIC 2 ug/mL are from Windels 2024 ISME J wrae070, not from these files; nutrient_conc is dimensionless and unresolved; time read as hours"
windels2024,E. coli,nutrient_0.8,0.8,amikacin,50.0,ug/mL,25.0,windels_nut0.8_ab50_r2,,0.0,0.0,False,,"t=0h; y_log10 = log10(surviving fraction) RELATIVE to t=0, NOT absolute log10 CFU/mL; surv_frac == 1.0 at t=0 by construction; no absolute density exists anywhere in this deposit so n0_log10 is absent; deposit names no drug and no units; amikacin, ug/mL and ancestral MIC 2 ug/mL are from Windels 2024 ISME J wrae070, not from these files; nutrient_conc is dimensionless and unresolved; time read as hours"
windels2024,E. coli,nutrient_0.8,0.8,amikacin,50.0,ug/mL,25.0,windels_nut0.8_ab50_r2,,0.041666666666666664,-4.545094190657041,False,,"t=1h; y_log10 = log10(surviving fraction) RELATIVE to t=0, NOT absolute log10 CFU/mL; surv_frac == 1.0 at t=0 by construction; no absolute density exists anywhere in this deposit so n0_log10 is absent; deposit names no drug and no units; amikacin, ug/mL and ancestral MIC 2 ug/mL are from Windels 2024 ISME J wrae070, not from these files; nutrient_conc is dimensionless and unresolved; time read as hours"
windels2024,E. coli,nutrient_0.8,0.8,amikacin,50.0,ug/mL,25.0,windels_nut0.8_ab50_r2,,0.08333333333333333,-4.189767482004916,False,,"t=2h; y_log10 = log10(surviving fraction) RELATIVE to t=0, NOT absolute log10 CFU/mL; surv_frac == 1.0 at t=0 by construction; no absolute density exists anywhere in this deposit so n0_log10 is absent; deposit names no drug and no units; amikacin, ug/mL and ancestral MIC 2 ug/mL are from Windels 2024 ISME J wrae070, not from these files; nutrient_conc is dimensionless and unresolved; time read as hours"
windels2024,E. coli,nutrient_0.8,0.8,amikacin,50.0,ug/mL,25.0,windels_nut0.8_ab50_r2,,0.125,-5.399027104313252,False,,"t=3h; y_log10 = log10(surviving fraction) RELATIVE to t=0, NOT absolute log10 CFU/mL; surv_frac == 1.0 at t=0 by construction; no absolute density exists anywhere in this deposit so n0_log10 is absent; deposit names no drug and no units; amikacin, ug/mL and ancestral MIC 2 ug/mL are from Windels 2024 ISME J wrae070, not from these files; nutrient_conc is dimensionless and unresolved; time read as hours"
windels2024,E. coli,nutrient_0.8,0.8,amikacin,50.0,ug/mL,25.0,windels_nut0.8_ab50_r2,,0.20833333333333334,-5.739928612014925,False,,"t=5h; y_log10 = log10(surviving fraction) RELATIVE to t=0, NOT absolute log10 CFU/mL; surv_frac == 1.0 at t=0 by construction; no absolute density exists anywhere in this deposit so n0_log10 is absent; deposit names no drug and no units; amikacin, ug/mL and ancestral MIC 2 ug/mL are from Windels 2024 ISME J wrae070, not from these files; nutrient_conc is dimensionless and unresolved; time read as hours"
windels2024,E. coli,nutrient_0.8,0.8,amikacin,50.0,ug/mL,25.0,windels_nut0.8_ab50_r2,,0.3333333333333333,-6.323306390375134,False,,"t=8h; y_log10 = log10(surviving fraction) RELATIVE to t=0, NOT absolute log10 CFU/mL; surv_frac == 1.0 at t=0 by construction; no absolute density exists anywhere in this deposit so n0_log10 is absent; deposit names no drug and no units; amikacin, ug/mL and ancestral MIC 2 ug/mL are from Windels 2024 ISME J wrae070, not from these files; nutrient_conc is dimensionless and unresolved; time read as hours"
windels2024,E. coli,nutrient_0.8,0.8,amikacin,50.0,ug/mL,25.0,windels_nut0.8_ab50_r3,,0.0,0.0,False,,"t=0h; y_log10 = log10(surviving fraction) RELATIVE to t=0, NOT absolute log10 CFU/mL; surv_frac == 1.0 at t=0 by construction; no absolute density exists anywhere in this deposit so n0_log10 is absent; deposit names no drug and no units; amikacin, ug/mL and ancestral MIC 2 ug/mL are from Windels 2024 ISME J wrae070, not from these files; nutrient_conc is dimensionless and unresolved; time read as hours"
windels2024,E. coli,nutrient_0.8,0.8,amikacin,50.0,ug/mL,25.0,windels_nut0.8_ab50_r3,,0.08333333333333333,-3.5979244149228222,False,,"t=2h; y_log10 = log10(surviving fraction) RELATIVE to t=0, NOT absolute log10 CFU/mL; surv_frac == 1.0 at t=0 by construction; no absolute density exists anywhere in this deposit so n0_log10 is absent; deposit names no drug and no units; amikacin, ug/mL and ancestral MIC 2 ug/mL are from Windels 2024 ISME J wrae070, not from these files; nutrient_conc is dimensionless and unresolved; time read as hours"
windels2024,E. coli,nutrient_0.8,0.8,amikacin,50.0,ug/mL,25.0,windels_nut0.8_ab50_r3,,0.125,-3.941710663146617,False,,"t=3h; y_log10 = log10(surviving fraction) RELATIVE to t=0, NOT absolute log10 CFU/mL; surv_frac == 1.0 at t=0 by construction; no absolute density exists anywhere in this deposit so n0_log10 is absent; deposit names no drug and no units; amikacin, ug/mL and ancestral MIC 2 ug/mL are from Windels 2024 ISME J wrae070, not from these files; nutrient_conc is dimensionless and unresolved; time read as hours"
windels2024,E. coli,nutrient_0.8,0.8,amikacin,50.0,ug/mL,25.0,windels_nut0.8_ab50_r3,,0.20833333333333334,-4.505845405981558,False,,"t=5h; y_log10 = log10(surviving fraction) RELATIVE to t=0, NOT absolute log10 CFU/mL; surv_frac == 1.0 at t=0 by construction; no absolute density exists anywhere in this deposit so n0_log10 is absent; deposit names no drug and no units; amikacin, ug/mL and ancestral MIC 2 ug/mL are from Windels 2024 ISME J wrae070, not from these files; nutrient_conc is dimensionless and unresolved; time read as hours"
windels2024,E. coli,nutrient_0.8,0.8,amikacin,50.0,ug/mL,25.0,windels_nut0.8_ab50_r3,,0.3333333333333333,-4.083019952679618,False,,"t=8h; y_log10 = log10(surviving fraction) RELATIVE to t=0, NOT absolute log10 CFU/mL; surv_frac == 1.0 at t=0 by construction; no absolute density exists anywhere in this deposit so n0_log10 is absent; deposit names no drug and no units; amikacin, ug/mL and ancestral MIC 2 ug/mL are from Windels 2024 ISME J wrae070, not from these files; nutrient_conc is dimensionless and unresolved; time read as hours"
windels2024,E. coli,nutrient_0.9,0.9,amikacin,50.0,ug/mL,25.0,windels_nut0.9_ab50_r1,,0.0,0.0,False,,"t=0h; y_log10 = log10(surviving fraction) RELATIVE to t=0, NOT absolute log10 CFU/mL; surv_frac == 1.0 at t=0 by construction; no absolute density exists anywhere in this deposit so n0_log10 is absent; deposit names no drug and no units; amikacin, ug/mL and ancestral MIC 2 ug/mL are from Windels 2024 ISME J wrae070, not from these files; nutrient_conc is dimensionless and unresolved; time read as hours"
windels2024,E. coli,nutrient_0.9,0.9,amikacin,50.0,ug/mL,25.0,windels_nut0.9_ab50_r1,,0.041666666666666664,-4.374687549038326,False,,"t=1h; y_log10 = log10(surviving fraction) RELATIVE to t=0, NOT absolute log10 CFU/mL; surv_frac == 1.0 at t=0 by construction; no absolute density exists anywhere in this deposit so n0_log10 is absent; deposit names no drug and no units; amikacin, ug/mL and ancestral MIC 2 ug/mL are from Windels 2024 ISME J wrae070, not from these files; nutrient_conc is dimensionless and unresolved; time read as hours"
windels2024,E. coli,nutrient_0.9,0.9,amikacin,50.0,ug/mL,25.0,windels_nut0.9_ab50_r1,,0.08333333333333333,-4.443697499232712,False,,"t=2h; y_log10 = log10(surviving fraction) RELATIVE to t=0, NOT absolute log10 CFU/mL; surv_frac == 1.0 at t=0 by construction; no absolute density exists anywhere in this deposit so n0_log10 is absent; deposit names no drug and no units; amikacin, ug/mL and ancestral MIC 2 ug/mL are from Windels 2024 ISME J wrae070, not from these files; nutrient_conc is dimensionless and unresolved; time read as hours"
windels2024,E. coli,nutrient_0.9,0.9,amikacin,50.0,ug/mL,25.0,windels_nut0.9_ab50_r1,,0.125,-5.294992040666664,False,,"t=3h; y_log10 = log10(surviving fraction) RELATIVE to t=0, NOT absolute log10 CFU/mL; surv_frac == 1.0 at t=0 by construction; no absolute density exists anywhere in this deposit so n0_log10 is absent; deposit names no drug and no units; amikacin, ug/mL and ancestral MIC 2 ug/mL are from Windels 2024 ISME J wrae070, not from these files; nutrient_conc is dimensionless and unresolved; time read as hours"
windels2024,E. coli,nutrient_0.9,0.9,amikacin,50.0,ug/mL,25.0,windels_nut0.9_ab50_r1,,0.20833333333333334,-6.253365801062421,False,,"t=5h; y_log10 = log10(surviving fraction) RELATIVE to t=0, NOT absolute log10 CFU/mL; surv_frac == 1.0 at t=0 by construction; no absolute density exists anywhere in this deposit so n0_log10 is absent; deposit names no drug and no units; amikacin, ug/mL and ancestral MIC 2 ug/mL are from Windels 2024 ISME J wrae070, not from these files; nutrient_conc is dimensionless and unresolved; time read as hours"
windels2024,E. coli,nutrient_0.9,0.9,amikacin,50.0,ug/mL,25.0,windels_nut0.9_ab50_r1,,0.3333333333333333,-6.701146923590294,False,,"t=8h; y_log10 = log10(surviving fraction) RELATIVE to t=0, NOT absolute log10 CFU/mL; surv_frac == 1.0 at t=0 by construction; no absolute density exists anywhere in this deposit so n0_log10 is absent; deposit names no drug and no units; amikacin, ug/mL and ancestral MIC 2 ug/mL are from Windels 2024 ISME J wrae070, not from these files; nutrient_conc is dimensionless and unresolved; time read as hours"
windels2024,E. coli,nutrient_0.9,0.9,amikacin,50.0,ug/mL,25.0,windels_nut0.9_ab50_r2,,0.0,0.0,False,,"t=0h; y_log10 = log10(surviving fraction) RELATIVE to t=0, NOT absolute log10 CFU/mL; surv_frac == 1.0 at t=0 by construction; no absolute density exists anywhere in this deposit so n0_log10 is absent; deposit names no drug and no units; amikacin, ug/mL and ancestral MIC 2 ug/mL are from Windels 2024 ISME J wrae070, not from these files; nutrient_conc is dimensionless and unresolved; time read as hours"
windels2024,E. coli,nutrient_0.9,0.9,amikacin,50.0,ug/mL,25.0,windels_nut0.9_ab50_r2,,0.041666666666666664,-4.213958789757446,False,,"t=1h; y_log10 = log10(surviving fraction) RELATIVE to t=0, NOT absolute log10 CFU/mL; surv_frac == 1.0 at t=0 by construction; no absolute density exists anywhere in this deposit so n0_log10 is absent; deposit names no drug and no units; amikacin, ug/mL and ancestral MIC 2 ug/mL are from Windels 2024 ISME J wrae070, not from these files; nutrient_conc is dimensionless and unresolved; time read as hours"
windels2024,E. coli,nutrient_0.9,0.9,amikacin,50.0,ug/mL,25.0,windels_nut0.9_ab50_r2,,0.08333333333333333,-4.005682847330363,False,,"t=2h; y_log10 = log10(surviving fraction) RELATIVE to t=0, NOT absolute log10 CFU/mL; surv_frac == 1.0 at t=0 by construction; no absolute density exists anywhere in this deposit so n0_log10 is absent; deposit names no drug and no units; amikacin, ug/mL and ancestral MIC 2 ug/mL are from Windels 2024 ISME J wrae070, not from these files; nutrient_conc is dimensionless and unresolved; time read as hours"
windels2024,E. coli,nutrient_0.9,0.9,amikacin,50.0,ug/mL,25.0,windels_nut0.9_ab50_r2,,0.125,-5.306273051076353,False,,"t=3h; y_log10 = log10(surviving fraction) RELATIVE to t=0, NOT absolute log10 CFU/mL; surv_frac == 1.0 at t=0 by construction; no absolute density exists anywhere in this deposit so n0_log10 is absent; deposit names no drug and no units; amikacin, ug/mL and ancestral MIC 2 ug/mL are from Windels 2024 ISME J wrae070, not from these files; nutrient_conc is dimensionless and unresolved; time read as hours"
windels2024,E. coli,nutrient_0.9,0.9,amikacin,50.0,ug/mL,25.0,windels_nut0.9_ab50_r2,,0.20833333333333334,-6.097453220686009,False,,"t=5h; y_log10 = log10(surviving fraction) RELATIVE to t=0, NOT absolute log10 CFU/mL; surv_frac == 1.0 at t=0 by construction; no absolute density exists anywhere in this deposit so n0_log10 is absent; deposit names no drug and no units; amikacin, ug/mL and ancestral MIC 2 ug/mL are from Windels 2024 ISME J wrae070, not from these files; nutrient_conc is dimensionless and unresolved; time read as hours"
windels2024,E. coli,nutrient_0.9,0.9,amikacin,50.0,ug/mL,25.0,windels_nut0.9_ab50_r2,,0.3333333333333333,-6.442492798094342,False,,"t=8h; y_log10 = log10(surviving fraction) RELATIVE to t=0, NOT absolute log10 CFU/mL; surv_frac == 1.0 at t=0 by construction; no absolute density exists anywhere in this deposit so n0_log10 is absent; deposit names no drug and no units; amikacin, ug/mL and ancestral MIC 2 ug/mL are from Windels 2024 ISME J wrae070, not from these files; nutrient_conc is dimensionless and unresolved; time read as hours"
windels2024,E. coli,nutrient_0.9,0.9,amikacin,50.0,ug/mL,25.0,windels_nut0.9_ab50_r3,,0.0,0.0,False,,"t=0h; y_log10 = log10(surviving fraction) RELATIVE to t=0, NOT absolute log10 CFU/mL; surv_frac == 1.0 at t=0 by construction; no absolute density exists anywhere in this deposit so n0_log10 is absent; deposit names no drug and no units; amikacin, ug/mL and ancestral MIC 2 ug/mL are from Windels 2024 ISME J wrae070, not from these files; nutrient_conc is dimensionless and unresolved; time read as hours"
windels2024,E. coli,nutrient_0.9,0.9,amikacin,50.0,ug/mL,25.0,windels_nut0.9_ab50_r3,,0.08333333333333333,-3.8043050951571105,False,,"t=2h; y_log10 = log10(surviving fraction) RELATIVE to t=0, NOT absolute log10 CFU/mL; surv_frac == 1.0 at t=0 by construction; no absolute density exists anywhere in this deposit so n0_log10 is absent; deposit names no drug and no units; amikacin, ug/mL and ancestral MIC 2 ug/mL are from Windels 2024 ISME J wrae070, not from these files; nutrient_conc is dimensionless and unresolved; time read as hours"
windels2024,E. coli,nutrient_0.9,0.9,amikacin,50.0,ug/mL,25.0,windels_nut0.9_ab50_r3,,0.125,-3.922755677254651,False,,"t=3h; y_log10 = log10(surviving fraction) RELATIVE to t=0, NOT absolute log10 CFU/mL; surv_frac == 1.0 at t=0 by construction; no absolute density exists anywhere in this deposit so n0_log10 is absent; deposit names no drug and no units; amikacin, ug/mL and ancestral MIC 2 ug/mL are from Windels 2024 ISME J wrae070, not from these files; nutrient_conc is dimensionless and unresolved; time read as hours"
windels2024,E. coli,nutrient_0.9,0.9,amikacin,50.0,ug/mL,25.0,windels_nut0.9_ab50_r3,,0.20833333333333334,-4.735182176990463,False,,"t=5h; y_log10 = log10(surviving fraction) RELATIVE to t=0, NOT absolute log10 CFU/mL; surv_frac == 1.0 at t=0 by construction; no absolute density exists anywhere in this deposit so n0_log10 is absent; deposit names no drug and no units; amikacin, ug/mL and ancestral MIC 2 ug/mL are from Windels 2024 ISME J wrae070, not from these files; nutrient_conc is dimensionless and unresolved; time read as hours"
windels2024,E. coli,nutrient_0.9,0.9,amikacin,50.0,ug/mL,25.0,windels_nut0.9_ab50_r3,,0.3333333333333333,-5.756961951313706,False,,"t=8h; y_log10 = log10(surviving fraction) RELATIVE to t=0, NOT absolute log10 CFU/mL; surv_frac == 1.0 at t=0 by construction; no absolute density exists anywhere in this deposit so n0_log10 is absent; deposit names no drug and no units; amikacin, ug/mL and ancestral MIC 2 ug/mL are from Windels 2024 ISME J wrae070, not from these files; nutrient_conc is dimensionless and unresolved; time read as hours"
windels2024,E. coli,nutrient_0.95,0.95,amikacin,50.0,ug/mL,25.0,windels_nut0.95_ab50_r1,,0.0,0.0,False,,"t=0h; y_log10 = log10(surviving fraction) RELATIVE to t=0, NOT absolute log10 CFU/mL; surv_frac == 1.0 at t=0 by construction; no absolute density exists anywhere in this deposit so n0_log10 is absent; deposit names no drug and no units; amikacin, ug/mL and ancestral MIC 2 ug/mL are from Windels 2024 ISME J wrae070, not from these files; nutrient_conc is dimensionless and unresolved; time read as hours"
windels2024,E. coli,nutrient_0.95,0.95,amikacin,50.0,ug/mL,25.0,windels_nut0.95_ab50_r1,,0.041666666666666664,-4.30715308072277,False,,"t=1h; y_log10 = log10(surviving fraction) RELATIVE to t=0, NOT absolute log10 CFU/mL; surv_frac == 1.0 at t=0 by construction; no absolute density exists anywhere in this deposit so n0_log10 is absent; deposit names no drug and no units; amikacin, ug/mL and ancestral MIC 2 ug/mL are from Windels 2024 ISME J wrae070, not from these files; nutrient_conc is dimensionless and unresolved; time read as hours"
windels2024,E. coli,nutrient_0.95,0.95,amikacin,50.0,ug/mL,25.0,windels_nut0.95_ab50_r1,,0.08333333333333333,-5.055024091587952,False,,"t=2h; y_log10 = log10(surviving fraction) RELATIVE to t=0, NOT absolute log10 CFU/mL; surv_frac == 1.0 at t=0 by construction; no absolute density exists anywhere in this deposit so n0_log10 is absent; deposit names no drug and no units; amikacin, ug/mL and ancestral MIC 2 ug/mL are from Windels 2024 ISME J wrae070, not from these files; nutrient_conc is dimensionless and unresolved; time read as hours"
windels2024,E. coli,nutrient_0.95,0.95,amikacin,50.0,ug/mL,25.0,windels_nut0.95_ab50_r1,,0.125,-5.539102157243452,False,,"t=3h; y_log10 = log10(surviving fraction) RELATIVE to t=0, NOT absolute log10 CFU/mL; surv_frac == 1.0 at t=0 by construction; no absolute density exists anywhere in this deposit so n0_log10 is absent; deposit names no drug and no units; amikacin, ug/mL and ancestral MIC 2 ug/mL are from Windels 2024 ISME J wrae070, not from these files; nutrient_conc is dimensionless and unresolved; time read as hours"
windels2024,E. coli,nutrient_0.95,0.95,amikacin,50.0,ug/mL,25.0,windels_nut0.95_ab50_r1,,0.20833333333333334,-6.073657553374345,False,,"t=5h; y_log10 = log10(surviving fraction) RELATIVE to t=0, NOT absolute log10 CFU/mL; surv_frac == 1.0 at t=0 by construction; no absolute density exists anywhere in this deposit so n0_log10 is absent; deposit names no drug and no units; amikacin, ug/mL and ancestral MIC 2 ug/mL are from Windels 2024 ISME J wrae070, not from these files; nutrient_conc is dimensionless and unresolved; time read as hours"
windels2024,E. coli,nutrient_0.95,0.95,amikacin,50.0,ug/mL,25.0,windels_nut0.95_ab50_r1,,0.3333333333333333,-6.58838029403677,False,,"t=8h; y_log10 = log10(surviving fraction) RELATIVE to t=0, NOT absolute log10 CFU/mL; surv_frac == 1.0 at t=0 by construction; no absolute density exists anywhere in this deposit so n0_log10 is absent; deposit names no drug and no units; amikacin, ug/mL and ancestral MIC 2 ug/mL are from Windels 2024 ISME J wrae070, not from these files; nutrient_conc is dimensionless and unresolved; time read as hours"
windels2024,E. coli,nutrient_0.95,0.95,amikacin,50.0,ug/mL,25.0,windels_nut0.95_ab50_r2,,0.0,0.0,False,,"t=0h; y_log10 = log10(surviving fraction) RELATIVE to t=0, NOT absolute log10 CFU/mL; surv_frac == 1.0 at t=0 by construction; no absolute density exists anywhere in this deposit so n0_log10 is absent; deposit names no drug and no units; amikacin, ug/mL and ancestral MIC 2 ug/mL are from Windels 2024 ISME J wrae070, not from these files; nutrient_conc is dimensionless and unresolved; time read as hours"
windels2024,E. coli,nutrient_0.95,0.95,amikacin,50.0,ug/mL,25.0,windels_nut0.95_ab50_r2,,0.041666666666666664,-4.051098239029787,False,,"t=1h; y_log10 = log10(surviving fraction) RELATIVE to t=0, NOT absolute log10 CFU/mL; surv_frac == 1.0 at t=0 by construction; no absolute density exists anywhere in this deposit so n0_log10 is absent; deposit names no drug and no units; amikacin, ug/mL and ancestral MIC 2 ug/mL are from Windels 2024 ISME J wrae070, not from these files; nutrient_conc is dimensionless and unresolved; time read as hours"
windels2024,E. coli,nutrient_0.95,0.95,amikacin,50.0,ug/mL,25.0,windels_nut0.95_ab50_r2,,0.08333333333333333,-5.045757490560675,False,,"t=2h; y_log10 = log10(surviving fraction) RELATIVE to t=0, NOT absolute log10 CFU/mL; surv_frac == 1.0 at t=0 by construction; no absolute density exists anywhere in this deposit so n0_log10 is absent; deposit names no drug and no units; amikacin, ug/mL and ancestral MIC 2 ug/mL are from Windels 2024 ISME J wrae070, not from these files; nutrient_conc is dimensionless and unresolved; time read as hours"
windels2024,E. coli,nutrient_0.95,0.95,amikacin,50.0,ug/mL,25.0,windels_nut0.95_ab50_r2,,0.125,-5.152427340857888,False,,"t=3h; y_log10 = log10(surviving fraction) RELATIVE to t=0, NOT absolute log10 CFU/mL; surv_frac == 1.0 at t=0 by construction; no absolute density exists anywhere in this deposit so n0_log10 is absent; deposit names no drug and no units; amikacin, ug/mL and ancestral MIC 2 ug/mL are from Windels 2024 ISME J wrae070, not from these files; nutrient_conc is dimensionless and unresolved; time read as hours"
windels2024,E. coli,nutrient_0.95,0.95,amikacin,50.0,ug/mL,25.0,windels_nut0.95_ab50_r2,,0.20833333333333334,-5.565431095965802,False,,"t=5h; y_log10 = log10(surviving fraction) RELATIVE to t=0, NOT absolute log10 CFU/mL; surv_frac == 1.0 at t=0 by construction; no absolute density exists anywhere in this deposit so n0_log10 is absent; deposit names no drug and no units; amikacin, ug/mL and ancestral MIC 2 ug/mL are from Windels 2024 ISME J wrae070, not from these files; nutrient_conc is dimensionless and unresolved; time read as hours"
windels2024,E. coli,nutrient_0.95,0.95,amikacin,50.0,ug/mL,25.0,windels_nut0.95_ab50_r2,,0.3333333333333333,-6.640164517660112,False,,"t=8h; y_log10 = log10(surviving fraction) RELATIVE to t=0, NOT absolute log10 CFU/mL; surv_frac == 1.0 at t=0 by construction; no absolute density exists anywhere in this deposit so n0_log10 is absent; deposit names no drug and no units; amikacin, ug/mL and ancestral MIC 2 ug/mL are from Windels 2024 ISME J wrae070, not from these files; nutrient_conc is dimensionless and unresolved; time read as hours"
windels2024,E. coli,nutrient_0.95,0.95,amikacin,50.0,ug/mL,25.0,windels_nut0.95_ab50_r3,,0.0,0.0,False,,"t=0h; y_log10 = log10(surviving fraction) RELATIVE to t=0, NOT absolute log10 CFU/mL; surv_frac == 1.0 at t=0 by construction; no absolute density exists anywhere in this deposit so n0_log10 is absent; deposit names no drug and no units; amikacin, ug/mL and ancestral MIC 2 ug/mL are from Windels 2024 ISME J wrae070, not from these files; nutrient_conc is dimensionless and unresolved; time read as hours"
windels2024,E. coli,nutrient_0.95,0.95,amikacin,50.0,ug/mL,25.0,windels_nut0.95_ab50_r3,,0.041666666666666664,-3.5466159090758014,False,,"t=1h; y_log10 = log10(surviving fraction) RELATIVE to t=0, NOT absolute log10 CFU/mL; surv_frac == 1.0 at t=0 by construction; no absolute density exists anywhere in this deposit so n0_log10 is absent; deposit names no drug and no units; amikacin, ug/mL and ancestral MIC 2 ug/mL are from Windels 2024 ISME J wrae070, not from these files; nutrient_conc is dimensionless and unresolved; time read as hours"
windels2024,E. coli,nutrient_0.95,0.95,amikacin,50.0,ug/mL,25.0,windels_nut0.95_ab50_r3,,0.08333333333333333,-4.11975822410452,False,,"t=2h; y_log10 = log10(surviving fraction) RELATIVE to t=0, NOT absolute log10 CFU/mL; surv_frac == 1.0 at t=0 by construction; no absolute density exists anywhere in this deposit so n0_log10 is absent; deposit names no drug and no units; amikacin, ug/mL and ancestral MIC 2 ug/mL are from Windels 2024 ISME J wrae070, not from these files; nutrient_conc is dimensionless and unresolved; time read as hours"
windels2024,E. coli,nutrient_0.95,0.95,amikacin,50.0,ug/mL,25.0,windels_nut0.95_ab50_r3,,0.125,-4.274905478918531,False,,"t=3h; y_log10 = log10(surviving fraction) RELATIVE to t=0, NOT absolute log10 CFU/mL; surv_frac == 1.0 at t=0 by construction; no absolute density exists anywhere in this deposit so n0_log10 is absent; deposit names no drug and no units; amikacin, ug/mL and ancestral MIC 2 ug/mL are from Windels 2024 ISME J wrae070, not from these files; nutrient_conc is dimensionless and unresolved; time read as hours"
windels2024,E. coli,nutrient_0.95,0.95,amikacin,50.0,ug/mL,25.0,windels_nut0.95_ab50_r3,,0.20833333333333334,-4.458420756053419,False,,"t=5h; y_log10 = log10(surviving fraction) RELATIVE to t=0, NOT absolute log10 CFU/mL; surv_frac == 1.0 at t=0 by construction; no absolute density exists anywhere in this deposit so n0_log10 is absent; deposit names no drug and no units; amikacin, ug/mL and ancestral MIC 2 ug/mL are from Windels 2024 ISME J wrae070, not from these files; nutrient_conc is dimensionless and unresolved; time read as hours"
windels2024,E. coli,nutrient_0.95,0.95,amikacin,50.0,ug/mL,25.0,windels_nut0.95_ab50_r3,,0.3333333333333333,-5.440093374963888,False,,"t=8h; y_log10 = log10(surviving fraction) RELATIVE to t=0, NOT absolute log10 CFU/mL; surv_frac == 1.0 at t=0 by construction; no absolute density exists anywhere in this deposit so n0_log10 is absent; deposit names no drug and no units; amikacin, ug/mL and ancestral MIC 2 ug/mL are from Windels 2024 ISME J wrae070, not from these files; nutrient_conc is dimensionless and unresolved; time read as hours"
windels2024,E. coli,nutrient_0,0.0,amikacin,100.0,ug/mL,50.0,windels_nut0_ab100_r1,,0.0,0.0,False,,"t=0h; y_log10 = log10(surviving fraction) RELATIVE to t=0, NOT absolute log10 CFU/mL; surv_frac == 1.0 at t=0 by construction; no absolute density exists anywhere in this deposit so n0_log10 is absent; deposit names no drug and no units; amikacin, ug/mL and ancestral MIC 2 ug/mL are from Windels 2024 ISME J wrae070, not from these files; nutrient_conc is dimensionless and unresolved; time read as hours"
windels2024,E. coli,nutrient_0,0.0,amikacin,100.0,ug/mL,50.0,windels_nut0_ab100_r1,,0.041666666666666664,-0.22500812477086243,False,,"t=1h; y_log10 = log10(surviving fraction) RELATIVE to t=0, NOT absolute log10 CFU/mL; surv_frac == 1.0 at t=0 by construction; no absolute density exists anywhere in this deposit so n0_log10 is absent; deposit names no drug and no units; amikacin, ug/mL and ancestral MIC 2 ug/mL are from Windels 2024 ISME J wrae070, not from these files; nutrient_conc is dimensionless and unresolved; time read as hours"
windels2024,E. coli,nutrient_0,0.0,amikacin,100.0,ug/mL,50.0,windels_nut0_ab100_r1,,0.08333333333333333,-0.13035413738386156,False,,"t=2h; y_log10 = log10(surviving fraction) RELATIVE to t=0, NOT absolute log10 CFU/mL; surv_frac == 1.0 at t=0 by construction; no absolute density exists anywhere in this deposit so n0_log10 is absent; deposit names no drug and no units; amikacin, ug/mL and ancestral MIC 2 ug/mL are from Windels 2024 ISME J wrae070, not from these files; nutrient_conc is dimensionless and unresolved; time read as hours"
windels2024,E. coli,nutrient_0,0.0,amikacin,100.0,ug/mL,50.0,windels_nut0_ab100_r1,,0.125,-0.33491831244758385,False,,"t=3h; y_log10 = log10(surviving fraction) RELATIVE to t=0, NOT absolute log10 CFU/mL; surv_frac == 1.0 at t=0 by construction; no absolute density exists anywhere in this deposit so n0_log10 is absent; deposit names no drug and no units; amikacin, ug/mL and ancestral MIC 2 ug/mL are from Windels 2024 ISME J wrae070, not from these files; nutrient_conc is dimensionless and unresolved; time read as hours"
windels2024,E. coli,nutrient_0,0.0,amikacin,100.0,ug/mL,50.0,windels_nut0_ab100_r1,,0.20833333333333334,-0.38915891856469875,False,,"t=5h; y_log10 = log10(surviving fraction) RELATIVE to t=0, NOT absolute log10 CFU/mL; surv_frac == 1.0 at t=0 by construction; no absolute density exists anywhere in this deposit so n0_log10 is absent; deposit names no drug and no units; amikacin, ug/mL and ancestral MIC 2 ug/mL are from Windels 2024 ISME J wrae070, not from these files; nutrient_conc is dimensionless and unresolved; time read as hours"
windels2024,E. coli,nutrient_0,0.0,amikacin,100.0,ug/mL,50.0,windels_nut0_ab100_r1,,0.3333333333333333,-0.8352487279774224,False,,"t=8h; y_log10 = log10(surviving fraction) RELATIVE to t=0, NOT absolute log10 CFU/mL; surv_frac == 1.0 at t=0 by construction; no absolute density exists anywhere in this deposit so n0_log10 is absent; deposit names no drug and no units; amikacin, ug/mL and ancestral MIC 2 ug/mL are from Windels 2024 ISME J wrae070, not from these files; nutrient_conc is dimensionless and unresolved; time read as hours"
windels2024,E. coli,nutrient_0,0.0,amikacin,100.0,ug/mL,50.0,windels_nut0_ab100_r2,,0.0,0.0,False,,"t=0h; y_log10 = log10(surviving fraction) RELATIVE to t=0, NOT absolute log10 CFU/mL; surv_frac == 1.0 at t=0 by construction; no absolute density exists anywhere in this deposit so n0_log10 is absent; deposit names no drug and no units; amikacin, ug/mL and ancestral MIC 2 ug/mL are from Windels 2024 ISME J wrae070, not from these files; nutrient_conc is dimensionless and unresolved; time read as hours"
windels2024,E. coli,nutrient_0,0.0,amikacin,100.0,ug/mL,50.0,windels_nut0_ab100_r2,,0.041666666666666664,-0.13684136993732718,False,,"t=1h; y_log10 = log10(surviving fraction) RELATIVE to t=0, NOT absolute log10 CFU/mL; surv_frac == 1.0 at t=0 by construction; no absolute density exists anywhere in this deposit so n0_log10 is absent; deposit names no drug and no units; amikacin, ug/mL and ancestral MIC 2 ug/mL are from Windels 2024 ISME J wrae070, not from these files; nutrient_conc is dimensionless and unresolved; time read as hours"
windels2024,E. coli,nutrient_0,0.0,amikacin,100.0,ug/mL,50.0,windels_nut0_ab100_r2,,0.08333333333333333,-0.13684136993732718,False,,"t=2h; y_log10 = log10(surviving fraction) RELATIVE to t=0, NOT absolute log10 CFU/mL; surv_frac == 1.0 at t=0 by construction; no absolute density exists anywhere in this deposit so n0_log10 is absent; deposit names no drug and no units; amikacin, ug/mL and ancestral MIC 2 ug/mL are from Windels 2024 ISME J wrae070, not from these files; nutrient_conc is dimensionless and unresolved; time read as hours"
windels2024,E. coli,nutrient_0,0.0,amikacin,100.0,ug/mL,50.0,windels_nut0_ab100_r2,,0.125,-0.280038449002388,False,,"t=3h; y_log10 = log10(surviving fraction) RELATIVE to t=0, NOT absolute log10 CFU/mL; surv_frac == 1.0 at t=0 by construction; no absolute density exists anywhere in this deposit so n0_log10 is absent; deposit names no drug and no units; amikacin, ug/mL and ancestral MIC 2 ug/mL are from Windels 2024 ISME J wrae070, not from these files; nutrient_conc is dimensionless and unresolved; time read as hours"
windels2024,E. coli,nutrient_0,0.0,amikacin,100.0,ug/mL,50.0,windels_nut0_ab100_r2,,0.20833333333333334,-0.13472779105446323,False,,"t=5h; y_log10 = log10(surviving fraction) RELATIVE to t=0, NOT absolute log10 CFU/mL; surv_frac == 1.0 at t=0 by construction; no absolute density exists anywhere in this deposit so n0_log10 is absent; deposit names no drug and no units; amikacin, ug/mL and ancestral MIC 2 ug/mL are from Windels 2024 ISME J wrae070, not from these files; nutrient_conc is dimensionless and unresolved; time read as hours"
windels2024,E. coli,nutrient_0,0.0,amikacin,100.0,ug/mL,50.0,windels_nut0_ab100_r2,,0.3333333333333333,-0.6374515567052217,False,,"t=8h; y_log10 = log10(surviving fraction) RELATIVE to t=0, NOT absolute log10 CFU/mL; surv_frac == 1.0 at t=0 by construction; no absolute density exists anywhere in this deposit so n0_log10 is absent; deposit names no drug and no units; amikacin, ug/mL and ancestral MIC 2 ug/mL are from Windels 2024 ISME J wrae070, not from these files; nutrient_conc is dimensionless and unresolved; time read as hours"
windels2024,E. coli,nutrient_0,0.0,amikacin,100.0,ug/mL,50.0,windels_nut0_ab100_r3,,0.0,0.0,False,,"t=0h; y_log10 = log10(surviving fraction) RELATIVE to t=0, NOT absolute log10 CFU/mL; surv_frac == 1.0 at t=0 by construction; no absolute density exists anywhere in this deposit so n0_log10 is absent; deposit names no drug and no units; amikacin, ug/mL and ancestral MIC 2 ug/mL are from Windels 2024 ISME J wrae070, not from these files; nutrient_conc is dimensionless and unresolved; time read as hours"
windels2024,E. coli,nutrient_0,0.0,amikacin,100.0,ug/mL,50.0,windels_nut0_ab100_r3,,0.041666666666666664,-0.1837010189229438,False,,"t=1h; y_log10 = log10(surviving fraction) RELATIVE to t=0, NOT absolute log10 CFU/mL; surv_frac == 1.0 at t=0 by construction; no absolute density exists anywhere in this deposit so n0_log10 is absent; deposit names no drug and no units; amikacin, ug/mL and ancestral MIC 2 ug/mL are from Windels 2024 ISME J wrae070, not from these files; nutrient_conc is dimensionless and unresolved; time read as hours"
windels2024,E. coli,nutrient_0,0.0,amikacin,100.0,ug/mL,50.0,windels_nut0_ab100_r3,,0.08333333333333333,-0.18995038134722889,False,,"t=2h; y_log10 = log10(surviving fraction) RELATIVE to t=0, NOT absolute log10 CFU/mL; surv_frac == 1.0 at t=0 by construction; no absolute density exists anywhere in this deposit so n0_log10 is absent; deposit names no drug and no units; amikacin, ug/mL and ancestral MIC 2 ug/mL are from Windels 2024 ISME J wrae070, not from these files; nutrient_conc is dimensionless and unresolved; time read as hours"
windels2024,E. coli,nutrient_0,0.0,amikacin,100.0,ug/mL,50.0,windels_nut0_ab100_r3,,0.125,-0.2990947546914982,False,,"t=3h; y_log10 = log10(surviving fraction) RELATIVE to t=0, NOT absolute log10 CFU/mL; surv_frac == 1.0 at t=0 by construction; no absolute density exists anywhere in this deposit so n0_log10 is absent; deposit names no drug and no units; amikacin, ug/mL and ancestral MIC 2 ug/mL are from Windels 2024 ISME J wrae070, not from these files; nutrient_conc is dimensionless and unresolved; time read as hours"
windels2024,E. coli,nutrient_0,0.0,amikacin,100.0,ug/mL,50.0,windels_nut0_ab100_r3,,0.20833333333333334,-0.2340789871931781,False,,"t=5h; y_log10 = log10(surviving fraction) RELATIVE to t=0, NOT absolute log10 CFU/mL; surv_frac == 1.0 at t=0 by construction; no absolute density exists anywhere in this deposit so n0_log10 is absent; deposit names no drug and no units; amikacin, ug/mL and ancestral MIC 2 ug/mL are from Windels 2024 ISME J wrae070, not from these files; nutrient_conc is dimensionless and unresolved; time read as hours"
windels2024,E. coli,nutrient_0,0.0,amikacin,100.0,ug/mL,50.0,windels_nut0_ab100_r3,,0.3333333333333333,-0.4307138946407851,False,,"t=8h; y_log10 = log10(surviving fraction) RELATIVE to t=0, NOT absolute log10 CFU/mL; surv_frac == 1.0 at t=0 by construction; no absolute density exists anywhere in this deposit so n0_log10 is absent; deposit names no drug and no units; amikacin, ug/mL and ancestral MIC 2 ug/mL are from Windels 2024 ISME J wrae070, not from these files; nutrient_conc is dimensionless and unresolved; time read as hours"
windels2024,E. coli,nutrient_0.25,0.25,amikacin,100.0,ug/mL,50.0,windels_nut0.25_ab100_r1,,0.0,0.0,False,,"t=0h; y_log10 = log10(surviving fraction) RELATIVE to t=0, NOT absolute log10 CFU/mL; surv_frac == 1.0 at t=0 by construction; no absolute density exists anywhere in this deposit so n0_log10 is absent; deposit names no drug and no units; amikacin, ug/mL and ancestral MIC 2 ug/mL are from Windels 2024 ISME J wrae070, not from these files; nutrient_conc is dimensionless and unresolved; time read as hours"
windels2024,E. coli,nutrient_0.25,0.25,amikacin,100.0,ug/mL,50.0,windels_nut0.25_ab100_r1,,0.041666666666666664,-2.7504479895585328,False,,"t=1h; y_log10 = log10(surviving fraction) RELATIVE to t=0, NOT absolute log10 CFU/mL; surv_frac == 1.0 at t=0 by construction; no absolute density exists anywhere in this deposit so n0_log10 is absent; deposit names no drug and no units; amikacin, ug/mL and ancestral MIC 2 ug/mL are from Windels 2024 ISME J wrae070, not from these files; nutrient_conc is dimensionless and unresolved; time read as hours"
windels2024,E. coli,nutrient_0.25,0.25,amikacin,100.0,ug/mL,50.0,windels_nut0.25_ab100_r1,,0.08333333333333333,-2.9164389765057406,False,,"t=2h; y_log10 = log10(surviving fraction) RELATIVE to t=0, NOT absolute log10 CFU/mL; surv_frac == 1.0 at t=0 by construction; no absolute density exists anywhere in this deposit so n0_log10 is absent; deposit names no drug and no units; amikacin, ug/mL and ancestral MIC 2 ug/mL are from Windels 2024 ISME J wrae070, not from these files; nutrient_conc is dimensionless and unresolved; time read as hours"
windels2024,E. coli,nutrient_0.25,0.25,amikacin,100.0,ug/mL,50.0,windels_nut0.25_ab100_r1,,0.125,-3.2174693304504656,False,,"t=3h; y_log10 = log10(surviving fraction) RELATIVE to t=0, NOT absolute log10 CFU/mL; surv_frac == 1.0 at t=0 by construction; no absolute density exists anywhere in this deposit so n0_log10 is absent; deposit names no drug and no units; amikacin, ug/mL and ancestral MIC 2 ug/mL are from Windels 2024 ISME J wrae070, not from these files; nutrient_conc is dimensionless and unresolved; time read as hours"
windels2024,E. coli,nutrient_0.25,0.25,amikacin,100.0,ug/mL,50.0,windels_nut0.25_ab100_r1,,0.20833333333333334,-4.019996628416254,False,,"t=5h; y_log10 = log10(surviving fraction) RELATIVE to t=0, NOT absolute log10 CFU/mL; surv_frac == 1.0 at t=0 by construction; no absolute density exists anywhere in this deposit so n0_log10 is absent; deposit names no drug and no units; amikacin, ug/mL and ancestral MIC 2 ug/mL are from Windels 2024 ISME J wrae070, not from these files; nutrient_conc is dimensionless and unresolved; time read as hours"
windels2024,E. coli,nutrient_0.25,0.25,amikacin,100.0,ug/mL,50.0,windels_nut0.25_ab100_r1,,0.3333333333333333,-3.8957895322275973,False,,"t=8h; y_log10 = log10(surviving fraction) RELATIVE to t=0, NOT absolute log10 CFU/mL; surv_frac == 1.0 at t=0 by construction; no absolute density exists anywhere in this deposit so n0_log10 is absent; deposit names no drug and no units; amikacin, ug/mL and ancestral MIC 2 ug/mL are from Windels 2024 ISME J wrae070, not from these files; nutrient_conc is dimensionless and unresolved; time read as hours"
windels2024,E. coli,nutrient_0.25,0.25,amikacin,100.0,ug/mL,50.0,windels_nut0.25_ab100_r2,,0.0,0.0,False,,"t=0h; y_log10 = log10(surviving fraction) RELATIVE to t=0, NOT absolute log10 CFU/mL; surv_frac == 1.0 at t=0 by construction; no absolute density exists anywhere in this deposit so n0_log10 is absent; deposit names no drug and no units; amikacin, ug/mL and ancestral MIC 2 ug/mL are from Windels 2024 ISME J wrae070, not from these files; nutrient_conc is dimensionless and unresolved; time read as hours"
windels2024,E. coli,nutrient_0.25,0.25,amikacin,100.0,ug/mL,50.0,windels_nut0.25_ab100_r2,,0.041666666666666664,-2.863257560168666,False,,"t=1h; y_log10 = log10(surviving fraction) RELATIVE to t=0, NOT absolute log10 CFU/mL; surv_frac == 1.0 at t=0 by construction; no absolute density exists anywhere in this deposit so n0_log10 is absent; deposit names no drug and no units; amikacin, ug/mL and ancestral MIC 2 ug/mL are from Windels 2024 ISME J wrae070, not from these files; nutrient_conc is dimensionless and unresolved; time read as hours"
windels2024,E. coli,nutrient_0.25,0.25,amikacin,100.0,ug/mL,50.0,windels_nut0.25_ab100_r2,,0.08333333333333333,-2.9171328033910133,False,,"t=2h; y_log10 = log10(surviving fraction) RELATIVE to t=0, NOT absolute log10 CFU/mL; surv_frac == 1.0 at t=0 by construction; no absolute density exists anywhere in this deposit so n0_log10 is absent; deposit names no drug and no units; amikacin, ug/mL and ancestral MIC 2 ug/mL are from Windels 2024 ISME J wrae070, not from these files; nutrient_conc is dimensionless and unresolved; time read as hours"
windels2024,E. coli,nutrient_0.25,0.25,amikacin,100.0,ug/mL,50.0,windels_nut0.25_ab100_r2,,0.125,-2.978651075345144,False,,"t=3h; y_log10 = log10(surviving fraction) RELATIVE to t=0, NOT absolute log10 CFU/mL; surv_frac == 1.0 at t=0 by construction; no absolute density exists anywhere in this deposit so n0_log10 is absent; deposit names no drug and no units; amikacin, ug/mL and ancestral MIC 2 ug/mL are from Windels 2024 ISME J wrae070, not from these files; nutrient_conc is dimensionless and unresolved; time read as hours"
windels2024,E. coli,nutrient_0.25,0.25,amikacin,100.0,ug/mL,50.0,windels_nut0.25_ab100_r2,,0.20833333333333334,-3.6592406898739074,False,,"t=5h; y_log10 = log10(surviving fraction) RELATIVE to t=0, NOT absolute log10 CFU/mL; surv_frac == 1.0 at t=0 by construction; no absolute density exists anywhere in this deposit so n0_log10 is absent; deposit names no drug and no units; amikacin, ug/mL and ancestral MIC 2 ug/mL are from Windels 2024 ISME J wrae070, not from these files; nutrient_conc is dimensionless and unresolved; time read as hours"
windels2024,E. coli,nutrient_0.25,0.25,amikacin,100.0,ug/mL,50.0,windels_nut0.25_ab100_r2,,0.3333333333333333,-3.7300693066976125,False,,"t=8h; y_log10 = log10(surviving fraction) RELATIVE to t=0, NOT absolute log10 CFU/mL; surv_frac == 1.0 at t=0 by construction; no absolute density exists anywhere in this deposit so n0_log10 is absent; deposit names no drug and no units; amikacin, ug/mL and ancestral MIC 2 ug/mL are from Windels 2024 ISME J wrae070, not from these files; nutrient_conc is dimensionless and unresolved; time read as hours"
windels2024,E. coli,nutrient_0.25,0.25,amikacin,100.0,ug/mL,50.0,windels_nut0.25_ab100_r3,,0.0,0.0,False,,"t=0h; y_log10 = log10(surviving fraction) RELATIVE to t=0, NOT absolute log10 CFU/mL; surv_frac == 1.0 at t=0 by construction; no absolute density exists anywhere in this deposit so n0_log10 is absent; deposit names no drug and no units; amikacin, ug/mL and ancestral MIC 2 ug/mL are from Windels 2024 ISME J wrae070, not from these files; nutrient_conc is dimensionless and unresolved; time read as hours"
windels2024,E. coli,nutrient_0.25,0.25,amikacin,100.0,ug/mL,50.0,windels_nut0.25_ab100_r3,,0.041666666666666664,-2.952026150219695,False,,"t=1h; y_log10 = log10(surviving fraction) RELATIVE to t=0, NOT absolute log10 CFU/mL; surv_frac == 1.0 at t=0 by construction; no absolute density exists anywhere in this deposit so n0_log10 is absent; deposit names no drug and no units; amikacin, ug/mL and ancestral MIC 2 ug/mL are from Windels 2024 ISME J wrae070, not from these files; nutrient_conc is dimensionless and unresolved; time read as hours"
windels2024,E. coli,nutrient_0.25,0.25,amikacin,100.0,ug/mL,50.0,windels_nut0.25_ab100_r3,,0.08333333333333333,-3.1247378494963085,False,,"t=2h; y_log10 = log10(surviving fraction) RELATIVE to t=0, NOT absolute log10 CFU/mL; surv_frac == 1.0 at t=0 by construction; no absolute density exists anywhere in this deposit so n0_log10 is absent; deposit names no drug and no units; amikacin, ug/mL and ancestral MIC 2 ug/mL are from Windels 2024 ISME J wrae070, not from these files; nutrient_conc is dimensionless and unresolved; time read as hours"
windels2024,E. coli,nutrient_0.25,0.25,amikacin,100.0,ug/mL,50.0,windels_nut0.25_ab100_r3,,0.125,-2.9800549775200555,False,,"t=3h; y_log10 = log10(surviving fraction) RELATIVE to t=0, NOT absolute log10 CFU/mL; surv_frac == 1.0 at t=0 by construction; no absolute density exists anywhere in this deposit so n0_log10 is absent; deposit names no drug and no units; amikacin, ug/mL and ancestral MIC 2 ug/mL are from Windels 2024 ISME J wrae070, not from these files; nutrient_conc is dimensionless and unresolved; time read as hours"
windels2024,E. coli,nutrient_0.25,0.25,amikacin,100.0,ug/mL,50.0,windels_nut0.25_ab100_r3,,0.20833333333333334,-3.709693761154185,False,,"t=5h; y_log10 = log10(surviving fraction) RELATIVE to t=0, NOT absolute log10 CFU/mL; surv_frac == 1.0 at t=0 by construction; no absolute density exists anywhere in this deposit so n0_log10 is absent; deposit names no drug and no units; amikacin, ug/mL and ancestral MIC 2 ug/mL are from Windels 2024 ISME J wrae070, not from these files; nutrient_conc is dimensionless and unresolved; time read as hours"
windels2024,E. coli,nutrient_0.25,0.25,amikacin,100.0,ug/mL,50.0,windels_nut0.25_ab100_r3,,0.3333333333333333,-4.016824927962187,False,,"t=8h; y_log10 = log10(surviving fraction) RELATIVE to t=0, NOT absolute log10 CFU/mL; surv_frac == 1.0 at t=0 by construction; no absolute density exists anywhere in this deposit so n0_log10 is absent; deposit names no drug and no units; amikacin, ug/mL and ancestral MIC 2 ug/mL are from Windels 2024 ISME J wrae070, not from these files; nutrient_conc is dimensionless and unresolved; time read as hours"
windels2024,E. coli,nutrient_0.5,0.5,amikacin,100.0,ug/mL,50.0,windels_nut0.5_ab100_r1,,0.0,0.0,False,,"t=0h; y_log10 = log10(surviving fraction) RELATIVE to t=0, NOT absolute log10 CFU/mL; surv_frac == 1.0 at t=0 by construction; no absolute density exists anywhere in this deposit so n0_log10 is absent; deposit names no drug and no units; amikacin, ug/mL and ancestral MIC 2 ug/mL are from Windels 2024 ISME J wrae070, not from these files; nutrient_conc is dimensionless and unresolved; time read as hours"
windels2024,E. coli,nutrient_0.5,0.5,amikacin,100.0,ug/mL,50.0,windels_nut0.5_ab100_r1,,0.041666666666666664,-3.0567479256654737,False,,"t=1h; y_log10 = log10(surviving fraction) RELATIVE to t=0, NOT absolute log10 CFU/mL; surv_frac == 1.0 at t=0 by construction; no absolute density exists anywhere in this deposit so n0_log10 is absent; deposit names no drug and no units; amikacin, ug/mL and ancestral MIC 2 ug/mL are from Windels 2024 ISME J wrae070, not from these files; nutrient_conc is dimensionless and unresolved; time read as hours"
windels2024,E. coli,nutrient_0.5,0.5,amikacin,100.0,ug/mL,50.0,windels_nut0.5_ab100_r1,,0.08333333333333333,-3.6122561188324593,False,,"t=2h; y_log10 = log10(surviving fraction) RELATIVE to t=0, NOT absolute log10 CFU/mL; surv_frac == 1.0 at t=0 by construction; no absolute density exists anywhere in this deposit so n0_log10 is absent; deposit names no drug and no units; amikacin, ug/mL and ancestral MIC 2 ug/mL are from Windels 2024 ISME J wrae070, not from these files; nutrient_conc is dimensionless and unresolved; time read as hours"
windels2024,E. coli,nutrient_0.5,0.5,amikacin,100.0,ug/mL,50.0,windels_nut0.5_ab100_r1,,0.125,-3.59492013895223,False,,"t=3h; y_log10 = log10(surviving fraction) RELATIVE to t=0, NOT absolute log10 CFU/mL; surv_frac == 1.0 at t=0 by construction; no absolute density exists anywhere in this deposit so n0_log10 is absent; deposit names no drug and no units; amikacin, ug/mL and ancestral MIC 2 ug/mL are from Windels 2024 ISME J wrae070, not from these files; nutrient_conc is dimensionless and unresolved; time read as hours"
windels2024,E. coli,nutrient_0.5,0.5,amikacin,100.0,ug/mL,50.0,windels_nut0.5_ab100_r1,,0.20833333333333334,-3.935377309617846,False,,"t=5h; y_log10 = log10(surviving fraction) RELATIVE to t=0, NOT absolute log10 CFU/mL; surv_frac == 1.0 at t=0 by construction; no absolute density exists anywhere in this deposit so n0_log10 is absent; deposit names no drug and no units; amikacin, ug/mL and ancestral MIC 2 ug/mL are from Windels 2024 ISME J wrae070, not from these files; nutrient_conc is dimensionless and unresolved; time read as hours"
windels2024,E. coli,nutrient_0.5,0.5,amikacin,100.0,ug/mL,50.0,windels_nut0.5_ab100_r1,,0.3333333333333333,-4.124360062995832,False,,"t=8h; y_log10 = log10(surviving fraction) RELATIVE to t=0, NOT absolute log10 CFU/mL; surv_frac == 1.0 at t=0 by construction; no absolute density exists anywhere in this deposit so n0_log10 is absent; deposit names no drug and no units; amikacin, ug/mL and ancestral MIC 2 ug/mL are from Windels 2024 ISME J wrae070, not from these files; nutrient_conc is dimensionless and unresolved; time read as hours"
windels2024,E. coli,nutrient_0.5,0.5,amikacin,100.0,ug/mL,50.0,windels_nut0.5_ab100_r2,,0.0,0.0,False,,"t=0h; y_log10 = log10(surviving fraction) RELATIVE to t=0, NOT absolute log10 CFU/mL; surv_frac == 1.0 at t=0 by construction; no absolute density exists anywhere in this deposit so n0_log10 is absent; deposit names no drug and no units; amikacin, ug/mL and ancestral MIC 2 ug/mL are from Windels 2024 ISME J wrae070, not from these files; nutrient_conc is dimensionless and unresolved; time read as hours"
windels2024,E. coli,nutrient_0.5,0.5,amikacin,100.0,ug/mL,50.0,windels_nut0.5_ab100_r2,,0.041666666666666664,-2.8934647284940898,False,,"t=1h; y_log10 = log10(surviving fraction) RELATIVE to t=0, NOT absolute log10 CFU/mL; surv_frac == 1.0 at t=0 by construction; no absolute density exists anywhere in this deposit so n0_log10 is absent; deposit names no drug and no units; amikacin, ug/mL and ancestral MIC 2 ug/mL are from Windels 2024 ISME J wrae070, not from these files; nutrient_conc is dimensionless and unresolved; time read as hours"
windels2024,E. coli,nutrient_0.5,0.5,amikacin,100.0,ug/mL,50.0,windels_nut0.5_ab100_r2,,0.08333333333333333,-3.5450972379206216,False,,"t=2h; y_log10 = log10(surviving fraction) RELATIVE to t=0, NOT absolute log10 CFU/mL; surv_frac == 1.0 at t=0 by construction; no absolute density exists anywhere in this deposit so n0_log10 is absent; deposit names no drug and no units; amikacin, ug/mL and ancestral MIC 2 ug/mL are from Windels 2024 ISME J wrae070, not from these files; nutrient_conc is dimensionless and unresolved; time read as hours"
windels2024,E. coli,nutrient_0.5,0.5,amikacin,100.0,ug/mL,50.0,windels_nut0.5_ab100_r2,,0.125,-3.5215099815963424,False,,"t=3h; y_log10 = log10(surviving fraction) RELATIVE to t=0, NOT absolute log10 CFU/mL; surv_frac == 1.0 at t=0 by construction; no absolute density exists anywhere in this deposit so n0_log10 is absent; deposit names no drug and no units; amikacin, ug/mL and ancestral MIC 2 ug/mL are from Windels 2024 ISME J wrae070, not from these files; nutrient_conc is dimensionless and unresolved; time read as hours"
windels2024,E. coli,nutrient_0.5,0.5,amikacin,100.0,ug/mL,50.0,windels_nut0.5_ab100_r2,,0.20833333333333334,-4.0343280287798935,False,,"t=5h; y_log10 = log10(surviving fraction) RELATIVE to t=0, NOT absolute log10 CFU/mL; surv_frac == 1.0 at t=0 by construction; no absolute density exists anywhere in this deposit so n0_log10 is absent; deposit names no drug and no units; amikacin, ug/mL and ancestral MIC 2 ug/mL are from Windels 2024 ISME J wrae070, not from these files; nutrient_conc is dimensionless and unresolved; time read as hours"
windels2024,E. coli,nutrient_0.5,0.5,amikacin,100.0,ug/mL,50.0,windels_nut0.5_ab100_r2,,0.3333333333333333,-3.9749687284158446,False,,"t=8h; y_log10 = log10(surviving fraction) RELATIVE to t=0, NOT absolute log10 CFU/mL; surv_frac == 1.0 at t=0 by construction; no absolute density exists anywhere in this deposit so n0_log10 is absent; deposit names no drug and no units; amikacin, ug/mL and ancestral MIC 2 ug/mL are from Windels 2024 ISME J wrae070, not from these files; nutrient_conc is dimensionless and unresolved; time read as hours"
windels2024,E. coli,nutrient_0.5,0.5,amikacin,100.0,ug/mL,50.0,windels_nut0.5_ab100_r3,,0.0,0.0,False,,"t=0h; y_log10 = log10(surviving fraction) RELATIVE to t=0, NOT absolute log10 CFU/mL; surv_frac == 1.0 at t=0 by construction; no absolute density exists anywhere in this deposit so n0_log10 is absent; deposit names no drug and no units; amikacin, ug/mL and ancestral MIC 2 ug/mL are from Windels 2024 ISME J wrae070, not from these files; nutrient_conc is dimensionless and unresolved; time read as hours"
windels2024,E. coli,nutrient_0.5,0.5,amikacin,100.0,ug/mL,50.0,windels_nut0.5_ab100_r3,,0.041666666666666664,-3.1053052027272723,False,,"t=1h; y_log10 = log10(surviving fraction) RELATIVE to t=0, NOT absolute log10 CFU/mL; surv_frac == 1.0 at t=0 by construction; no absolute density exists anywhere in this deposit so n0_log10 is absent; deposit names no drug and no units; amikacin, ug/mL and ancestral MIC 2 ug/mL are from Windels 2024 ISME J wrae070, not from these files; nutrient_conc is dimensionless and unresolved; time read as hours"
windels2024,E. coli,nutrient_0.5,0.5,amikacin,100.0,ug/mL,50.0,windels_nut0.5_ab100_r3,,0.08333333333333333,-3.6609860548888915,False,,"t=2h; y_log10 = log10(surviving fraction) RELATIVE to t=0, NOT absolute log10 CFU/mL; surv_frac == 1.0 at t=0 by construction; no absolute density exists anywhere in this deposit so n0_log10 is absent; deposit names no drug and no units; amikacin, ug/mL and ancestral MIC 2 ug/mL are from Windels 2024 ISME J wrae070, not from these files; nutrient_conc is dimensionless and unresolved; time read as hours"
windels2024,E. coli,nutrient_0.5,0.5,amikacin,100.0,ug/mL,50.0,windels_nut0.5_ab100_r3,,0.125,-3.6421470671395952,False,,"t=3h; y_log10 = log10(surviving fraction) RELATIVE to t=0, NOT absolute log10 CFU/mL; surv_frac == 1.0 at t=0 by construction; no absolute density exists anywhere in this deposit so n0_log10 is absent; deposit names no drug and no units; amikacin, ug/mL and ancestral MIC 2 ug/mL are from Windels 2024 ISME J wrae070, not from these files; nutrient_conc is dimensionless and unresolved; time read as hours"
windels2024,E. coli,nutrient_0.5,0.5,amikacin,100.0,ug/mL,50.0,windels_nut0.5_ab100_r3,,0.20833333333333334,-3.8704357749774227,False,,"t=5h; y_log10 = log10(surviving fraction) RELATIVE to t=0, NOT absolute log10 CFU/mL; surv_frac == 1.0 at t=0 by construction; no absolute density exists anywhere in this deposit so n0_log10 is absent; deposit names no drug and no units; amikacin, ug/mL and ancestral MIC 2 ug/mL are from Windels 2024 ISME J wrae070, not from these files; nutrient_conc is dimensionless and unresolved; time read as hours"
windels2024,E. coli,nutrient_0.5,0.5,amikacin,100.0,ug/mL,50.0,windels_nut0.5_ab100_r3,,0.3333333333333333,-4.143186554250243,False,,"t=8h; y_log10 = log10(surviving fraction) RELATIVE to t=0, NOT absolute log10 CFU/mL; surv_frac == 1.0 at t=0 by construction; no absolute density exists anywhere in this deposit so n0_log10 is absent; deposit names no drug and no units; amikacin, ug/mL and ancestral MIC 2 ug/mL are from Windels 2024 ISME J wrae070, not from these files; nutrient_conc is dimensionless and unresolved; time read as hours"
windels2024,E. coli,nutrient_0.8,0.8,amikacin,100.0,ug/mL,50.0,windels_nut0.8_ab100_r1,,0.0,0.0,False,,"t=0h; y_log10 = log10(surviving fraction) RELATIVE to t=0, NOT absolute log10 CFU/mL; surv_frac == 1.0 at t=0 by construction; no absolute density exists anywhere in this deposit so n0_log10 is absent; deposit names no drug and no units; amikacin, ug/mL and ancestral MIC 2 ug/mL are from Windels 2024 ISME J wrae070, not from these files; nutrient_conc is dimensionless and unresolved; time read as hours"
windels2024,E. coli,nutrient_0.8,0.8,amikacin,100.0,ug/mL,50.0,windels_nut0.8_ab100_r1,,0.041666666666666664,-4.639387655091408,False,,"t=1h; y_log10 = log10(surviving fraction) RELATIVE to t=0, NOT absolute log10 CFU/mL; surv_frac == 1.0 at t=0 by construction; no absolute density exists anywhere in this deposit so n0_log10 is absent; deposit names no drug and no units; amikacin, ug/mL and ancestral MIC 2 ug/mL are from Windels 2024 ISME J wrae070, not from these files; nutrient_conc is dimensionless and unresolved; time read as hours"
windels2024,E. coli,nutrient_0.8,0.8,amikacin,100.0,ug/mL,50.0,windels_nut0.8_ab100_r1,,0.08333333333333333,-5.7447274948966935,False,,"t=2h; y_log10 = log10(surviving fraction) RELATIVE to t=0, NOT absolute log10 CFU/mL; surv_frac == 1.0 at t=0 by construction; no absolute density exists anywhere in this deposit so n0_log10 is absent; deposit names no drug and no units; amikacin, ug/mL and ancestral MIC 2 ug/mL are from Windels 2024 ISME J wrae070, not from these files; nutrient_conc is dimensionless and unresolved; time read as hours"
windels2024,E. coli,nutrient_0.8,0.8,amikacin,100.0,ug/mL,50.0,windels_nut0.8_ab100_r1,,0.125,-5.94692155651658,False,,"t=3h; y_log10 = log10(surviving fraction) RELATIVE to t=0, NOT absolute log10 CFU/mL; surv_frac == 1.0 at t=0 by construction; no absolute density exists anywhere in this deposit so n0_log10 is absent; deposit names no drug and no units; amikacin, ug/mL and ancestral MIC 2 ug/mL are from Windels 2024 ISME J wrae070, not from these files; nutrient_conc is dimensionless and unresolved; time read as hours"
windels2024,E. coli,nutrient_0.8,0.8,amikacin,100.0,ug/mL,50.0,windels_nut0.8_ab100_r1,,0.20833333333333334,-5.913640169325252,False,,"t=5h; y_log10 = log10(surviving fraction) RELATIVE to t=0, NOT absolute log10 CFU/mL; surv_frac == 1.0 at t=0 by construction; no absolute density exists anywhere in this deposit so n0_log10 is absent; deposit names no drug and no units; amikacin, ug/mL and ancestral MIC 2 ug/mL are from Windels 2024 ISME J wrae070, not from these files; nutrient_conc is dimensionless and unresolved; time read as hours"
windels2024,E. coli,nutrient_0.8,0.8,amikacin,100.0,ug/mL,50.0,windels_nut0.8_ab100_r1,,0.3333333333333333,-6.446116973356125,False,,"t=8h; y_log10 = log10(surviving fraction) RELATIVE to t=0, NOT absolute log10 CFU/mL; surv_frac == 1.0 at t=0 by construction; no absolute density exists anywhere in this deposit so n0_log10 is absent; deposit names no drug and no units; amikacin, ug/mL and ancestral MIC 2 ug/mL are from Windels 2024 ISME J wrae070, not from these files; nutrient_conc is dimensionless and unresolved; time read as hours"
windels2024,E. coli,nutrient_0.8,0.8,amikacin,100.0,ug/mL,50.0,windels_nut0.8_ab100_r2,,0.0,0.0,False,,"t=0h; y_log10 = log10(surviving fraction) RELATIVE to t=0, NOT absolute log10 CFU/mL; surv_frac == 1.0 at t=0 by construction; no absolute density exists anywhere in this deposit so n0_log10 is absent; deposit names no drug and no units; amikacin, ug/mL and ancestral MIC 2 ug/mL are from Windels 2024 ISME J wrae070, not from these files; nutrient_conc is dimensionless and unresolved; time read as hours"
windels2024,E. coli,nutrient_0.8,0.8,amikacin,100.0,ug/mL,50.0,windels_nut0.8_ab100_r2,,0.041666666666666664,-4.585026652029182,False,,"t=1h; y_log10 = log10(surviving fraction) RELATIVE to t=0, NOT absolute log10 CFU/mL; surv_frac == 1.0 at t=0 by construction; no absolute density exists anywhere in this deposit so n0_log10 is absent; deposit names no drug and no units; amikacin, ug/mL and ancestral MIC 2 ug/mL are from Windels 2024 ISME J wrae070, not from these files; nutrient_conc is dimensionless and unresolved; time read as hours"
windels2024,E. coli,nutrient_0.8,0.8,amikacin,100.0,ug/mL,50.0,windels_nut0.8_ab100_r2,,0.08333333333333333,-5.752026733638194,False,,"t=2h; y_log10 = log10(surviving fraction) RELATIVE to t=0, NOT absolute log10 CFU/mL; surv_frac == 1.0 at t=0 by construction; no absolute density exists anywhere in this deposit so n0_log10 is absent; deposit names no drug and no units; amikacin, ug/mL and ancestral MIC 2 ug/mL are from Windels 2024 ISME J wrae070, not from these files; nutrient_conc is dimensionless and unresolved; time read as hours"
windels2024,E. coli,nutrient_0.8,0.8,amikacin,100.0,ug/mL,50.0,windels_nut0.8_ab100_r2,,0.125,-5.958607314841775,False,,"t=3h; y_log10 = log10(surviving fraction) RELATIVE to t=0, NOT absolute log10 CFU/mL; surv_frac == 1.0 at t=0 by construction; no absolute density exists anywhere in this deposit so n0_log10 is absent; deposit names no drug and no units; amikacin, ug/mL and ancestral MIC 2 ug/mL are from Windels 2024 ISME J wrae070, not from these files; nutrient_conc is dimensionless and unresolved; time read as hours"
windels2024,E. coli,nutrient_0.8,0.8,amikacin,100.0,ug/mL,50.0,windels_nut0.8_ab100_r2,,0.20833333333333334,-6.4156687756324695,False,,"t=5h; y_log10 = log10(surviving fraction) RELATIVE to t=0, NOT absolute log10 CFU/mL; surv_frac == 1.0 at t=0 by construction; no absolute density exists anywhere in this deposit so n0_log10 is absent; deposit names no drug and no units; amikacin, ug/mL and ancestral MIC 2 ug/mL are from Windels 2024 ISME J wrae070, not from these files; nutrient_conc is dimensionless and unresolved; time read as hours"
windels2024,E. coli,nutrient_0.8,0.8,amikacin,100.0,ug/mL,50.0,windels_nut0.8_ab100_r2,,0.3333333333333333,-6.429457060118103,False,,"t=8h; y_log10 = log10(surviving fraction) RELATIVE to t=0, NOT absolute log10 CFU/mL; surv_frac == 1.0 at t=0 by construction; no absolute density exists anywhere in this deposit so n0_log10 is absent; deposit names no drug and no units; amikacin, ug/mL and ancestral MIC 2 ug/mL are from Windels 2024 ISME J wrae070, not from these files; nutrient_conc is dimensionless and unresolved; time read as hours"
windels2024,E. coli,nutrient_0.8,0.8,amikacin,100.0,ug/mL,50.0,windels_nut0.8_ab100_r3,,0.0,0.0,False,,"t=0h; y_log10 = log10(surviving fraction) RELATIVE to t=0, NOT absolute log10 CFU/mL; surv_frac == 1.0 at t=0 by construction; no absolute density exists anywhere in this deposit so n0_log10 is absent; deposit names no drug and no units; amikacin, ug/mL and ancestral MIC 2 ug/mL are from Windels 2024 ISME J wrae070, not from these files; nutrient_conc is dimensionless and unresolved; time read as hours"
windels2024,E. coli,nutrient_0.8,0.8,amikacin,100.0,ug/mL,50.0,windels_nut0.8_ab100_r3,,0.041666666666666664,-4.448550002027125,False,,"t=1h; y_log10 = log10(surviving fraction) RELATIVE to t=0, NOT absolute log10 CFU/mL; surv_frac == 1.0 at t=0 by construction; no absolute density exists anywhere in this deposit so n0_log10 is absent; deposit names no drug and no units; amikacin, ug/mL and ancestral MIC 2 ug/mL are from Windels 2024 ISME J wrae070, not from these files; nutrient_conc is dimensionless and unresolved; time read as hours"
windels2024,E. coli,nutrient_0.8,0.8,amikacin,100.0,ug/mL,50.0,windels_nut0.8_ab100_r3,,0.08333333333333333,-5.847711655616943,False,,"t=2h; y_log10 = log10(surviving fraction) RELATIVE to t=0, NOT absolute log10 CFU/mL; surv_frac == 1.0 at t=0 by construction; no absolute density exists anywhere in this deposit so n0_log10 is absent; deposit names no drug and no units; amikacin, ug/mL and ancestral MIC 2 ug/mL are from Windels 2024 ISME J wrae070, not from these files; nutrient_conc is dimensionless and unresolved; time read as hours"
windels2024,E. coli,nutrient_0.8,0.8,amikacin,100.0,ug/mL,50.0,windels_nut0.8_ab100_r3,,0.125,-5.756961951313706,False,,"t=3h; y_log10 = log10(surviving fraction) RELATIVE to t=0, NOT absolute log10 CFU/mL; surv_frac == 1.0 at t=0 by construction; no absolute density exists anywhere in this deposit so n0_log10 is absent; deposit names no drug and no units; amikacin, ug/mL and ancestral MIC 2 ug/mL are from Windels 2024 ISME J wrae070, not from these files; nutrient_conc is dimensionless and unresolved; time read as hours"
windels2024,E. coli,nutrient_0.8,0.8,amikacin,100.0,ug/mL,50.0,windels_nut0.8_ab100_r3,,0.20833333333333334,-6.272458742971444,False,,"t=5h; y_log10 = log10(surviving fraction) RELATIVE to t=0, NOT absolute log10 CFU/mL; surv_frac == 1.0 at t=0 by construction; no absolute density exists anywhere in this deposit so n0_log10 is absent; deposit names no drug and no units; amikacin, ug/mL and ancestral MIC 2 ug/mL are from Windels 2024 ISME J wrae070, not from these files; nutrient_conc is dimensionless and unresolved; time read as hours"
windels2024,E. coli,nutrient_0.8,0.8,amikacin,100.0,ug/mL,50.0,windels_nut0.8_ab100_r3,,0.3333333333333333,-6.818156412055227,False,,"t=8h; y_log10 = log10(surviving fraction) RELATIVE to t=0, NOT absolute log10 CFU/mL; surv_frac == 1.0 at t=0 by construction; no absolute density exists anywhere in this deposit so n0_log10 is absent; deposit names no drug and no units; amikacin, ug/mL and ancestral MIC 2 ug/mL are from Windels 2024 ISME J wrae070, not from these files; nutrient_conc is dimensionless and unresolved; time read as hours"
windels2024,E. coli,nutrient_0.9,0.9,amikacin,100.0,ug/mL,50.0,windels_nut0.9_ab100_r1,,0.0,0.0,False,,"t=0h; y_log10 = log10(surviving fraction) RELATIVE to t=0, NOT absolute log10 CFU/mL; surv_frac == 1.0 at t=0 by construction; no absolute density exists anywhere in this deposit so n0_log10 is absent; deposit names no drug and no units; amikacin, ug/mL and ancestral MIC 2 ug/mL are from Windels 2024 ISME J wrae070, not from these files; nutrient_conc is dimensionless and unresolved; time read as hours"
windels2024,E. coli,nutrient_0.9,0.9,amikacin,100.0,ug/mL,50.0,windels_nut0.9_ab100_r1,,0.041666666666666664,-4.565431095965801,False,,"t=1h; y_log10 = log10(surviving fraction) RELATIVE to t=0, NOT absolute log10 CFU/mL; surv_frac == 1.0 at t=0 by construction; no absolute density exists anywhere in this deposit so n0_log10 is absent; deposit names no drug and no units; amikacin, ug/mL and ancestral MIC 2 ug/mL are from Windels 2024 ISME J wrae070, not from these files; nutrient_conc is dimensionless and unresolved; time read as hours"
windels2024,E. coli,nutrient_0.9,0.9,amikacin,100.0,ug/mL,50.0,windels_nut0.9_ab100_r1,,0.08333333333333333,-5.844663962534939,False,,"t=2h; y_log10 = log10(surviving fraction) RELATIVE to t=0, NOT absolute log10 CFU/mL; surv_frac == 1.0 at t=0 by construction; no absolute density exists anywhere in this deposit so n0_log10 is absent; deposit names no drug and no units; amikacin, ug/mL and ancestral MIC 2 ug/mL are from Windels 2024 ISME J wrae070, not from these files; nutrient_conc is dimensionless and unresolved; time read as hours"
windels2024,E. coli,nutrient_0.9,0.9,amikacin,100.0,ug/mL,50.0,windels_nut0.9_ab100_r1,,0.125,-6.787812395596042,False,,"t=3h; y_log10 = log10(surviving fraction) RELATIVE to t=0, NOT absolute log10 CFU/mL; surv_frac == 1.0 at t=0 by construction; no absolute density exists anywhere in this deposit so n0_log10 is absent; deposit names no drug and no units; amikacin, ug/mL and ancestral MIC 2 ug/mL are from Windels 2024 ISME J wrae070, not from these files; nutrient_conc is dimensionless and unresolved; time read as hours"
windels2024,E. coli,nutrient_0.9,0.9,amikacin,100.0,ug/mL,50.0,windels_nut0.9_ab100_r1,,0.20833333333333334,-6.600326278518962,False,,"t=5h; y_log10 = log10(surviving fraction) RELATIVE to t=0, NOT absolute log10 CFU/mL; surv_frac == 1.0 at t=0 by construction; no absolute density exists anywhere in this deposit so n0_log10 is absent; deposit names no drug and no units; amikacin, ug/mL and ancestral MIC 2 ug/mL are from Windels 2024 ISME J wrae070, not from these files; nutrient_conc is dimensionless and unresolved; time read as hours"
windels2024,E. coli,nutrient_0.9,0.9,amikacin,100.0,ug/mL,50.0,windels_nut0.9_ab100_r1,,0.3333333333333333,-7.962573502059376,False,,"t=8h; y_log10 = log10(surviving fraction) RELATIVE to t=0, NOT absolute log10 CFU/mL; surv_frac == 1.0 at t=0 by construction; no absolute density exists anywhere in this deposit so n0_log10 is absent; deposit names no drug and no units; amikacin, ug/mL and ancestral MIC 2 ug/mL are from Windels 2024 ISME J wrae070, not from these files; nutrient_conc is dimensionless and unresolved; time read as hours"
windels2024,E. coli,nutrient_0.9,0.9,amikacin,100.0,ug/mL,50.0,windels_nut0.9_ab100_r2,,0.0,0.0,False,,"t=0h; y_log10 = log10(surviving fraction) RELATIVE to t=0, NOT absolute log10 CFU/mL; surv_frac == 1.0 at t=0 by construction; no absolute density exists anywhere in this deposit so n0_log10 is absent; deposit names no drug and no units; amikacin, ug/mL and ancestral MIC 2 ug/mL are from Windels 2024 ISME J wrae070, not from these files; nutrient_conc is dimensionless and unresolved; time read as hours"
windels2024,E. coli,nutrient_0.9,0.9,amikacin,100.0,ug/mL,50.0,windels_nut0.9_ab100_r2,,0.041666666666666664,-4.191789027075778,False,,"t=1h; y_log10 = log10(surviving fraction) RELATIVE to t=0, NOT absolute log10 CFU/mL; surv_frac == 1.0 at t=0 by construction; no absolute density exists anywhere in this deposit so n0_log10 is absent; deposit names no drug and no units; amikacin, ug/mL and ancestral MIC 2 ug/mL are from Windels 2024 ISME J wrae070, not from these files; nutrient_conc is dimensionless and unresolved; time read as hours"
windels2024,E. coli,nutrient_0.9,0.9,amikacin,100.0,ug/mL,50.0,windels_nut0.9_ab100_r2,,0.08333333333333333,-5.4156687756324695,False,,"t=2h; y_log10 = log10(surviving fraction) RELATIVE to t=0, NOT absolute log10 CFU/mL; surv_frac == 1.0 at t=0 by construction; no absolute density exists anywhere in this deposit so n0_log10 is absent; deposit names no drug and no units; amikacin, ug/mL and ancestral MIC 2 ug/mL are from Windels 2024 ISME J wrae070, not from these files; nutrient_conc is dimensionless and unresolved; time read as hours"
windels2024,E. coli,nutrient_0.9,0.9,amikacin,100.0,ug/mL,50.0,windels_nut0.9_ab100_r2,,0.125,-5.931814138253839,False,,"t=3h; y_log10 = log10(surviving fraction) RELATIVE to t=0, NOT absolute log10 CFU/mL; surv_frac == 1.0 at t=0 by construction; no absolute density exists anywhere in this deposit so n0_log10 is absent; deposit names no drug and no units; amikacin, ug/mL and ancestral MIC 2 ug/mL are from Windels 2024 ISME J wrae070, not from these files; nutrient_conc is dimensionless and unresolved; time read as hours"
windels2024,E. coli,nutrient_0.9,0.9,amikacin,100.0,ug/mL,50.0,windels_nut0.9_ab100_r2,,0.20833333333333334,-6.388276691992658,False,,"t=5h; y_log10 = log10(surviving fraction) RELATIVE to t=0, NOT absolute log10 CFU/mL; surv_frac == 1.0 at t=0 by construction; no absolute density exists anywhere in this deposit so n0_log10 is absent; deposit names no drug and no units; amikacin, ug/mL and ancestral MIC 2 ug/mL are from Windels 2024 ISME J wrae070, not from these files; nutrient_conc is dimensionless and unresolved; time read as hours"
windels2024,E. coli,nutrient_0.9,0.9,amikacin,100.0,ug/mL,50.0,windels_nut0.9_ab100_r2,,0.3333333333333333,-7.357535479757878,False,,"t=8h; y_log10 = log10(surviving fraction) RELATIVE to t=0, NOT absolute log10 CFU/mL; surv_frac == 1.0 at t=0 by construction; no absolute density exists anywhere in this deposit so n0_log10 is absent; deposit names no drug and no units; amikacin, ug/mL and ancestral MIC 2 ug/mL are from Windels 2024 ISME J wrae070, not from these files; nutrient_conc is dimensionless and unresolved; time read as hours"
windels2024,E. coli,nutrient_0.9,0.9,amikacin,100.0,ug/mL,50.0,windels_nut0.9_ab100_r3,,0.0,0.0,False,,"t=0h; y_log10 = log10(surviving fraction) RELATIVE to t=0, NOT absolute log10 CFU/mL; surv_frac == 1.0 at t=0 by construction; no absolute density exists anywhere in this deposit so n0_log10 is absent; deposit names no drug and no units; amikacin, ug/mL and ancestral MIC 2 ug/mL are from Windels 2024 ISME J wrae070, not from these files; nutrient_conc is dimensionless and unresolved; time read as hours"
windels2024,E. coli,nutrient_0.9,0.9,amikacin,100.0,ug/mL,50.0,windels_nut0.9_ab100_r3,,0.041666666666666664,-4.182434630440219,False,,"t=1h; y_log10 = log10(surviving fraction) RELATIVE to t=0, NOT absolute log10 CFU/mL; surv_frac == 1.0 at t=0 by construction; no absolute density exists anywhere in this deposit so n0_log10 is absent; deposit names no drug and no units; amikacin, ug/mL and ancestral MIC 2 ug/mL are from Windels 2024 ISME J wrae070, not from these files; nutrient_conc is dimensionless and unresolved; time read as hours"
windels2024,E. coli,nutrient_0.9,0.9,amikacin,100.0,ug/mL,50.0,windels_nut0.9_ab100_r3,,0.08333333333333333,-5.259637310505756,False,,"t=2h; y_log10 = log10(surviving fraction) RELATIVE to t=0, NOT absolute log10 CFU/mL; surv_frac == 1.0 at t=0 by construction; no absolute density exists anywhere in this deposit so n0_log10 is absent; deposit names no drug and no units; amikacin, ug/mL and ancestral MIC 2 ug/mL are from Windels 2024 ISME J wrae070, not from these files; nutrient_conc is dimensionless and unresolved; time read as hours"
windels2024,E. coli,nutrient_0.9,0.9,amikacin,100.0,ug/mL,50.0,windels_nut0.9_ab100_r3,,0.125,-6.275724130399211,False,,"t=3h; y_log10 = log10(surviving fraction) RELATIVE to t=0, NOT absolute log10 CFU/mL; surv_frac == 1.0 at t=0 by construction; no absolute density exists anywhere in this deposit so n0_log10 is absent; deposit names no drug and no units; amikacin, ug/mL and ancestral MIC 2 ug/mL are from Windels 2024 ISME J wrae070, not from these files; nutrient_conc is dimensionless and unresolved; time read as hours"
windels2024,E. coli,nutrient_0.9,0.9,amikacin,100.0,ug/mL,50.0,windels_nut0.9_ab100_r3,,0.20833333333333334,-6.667561540084395,False,,"t=5h; y_log10 = log10(surviving fraction) RELATIVE to t=0, NOT absolute log10 CFU/mL; surv_frac == 1.0 at t=0 by construction; no absolute density exists anywhere in this deposit so n0_log10 is absent; deposit names no drug and no units; amikacin, ug/mL and ancestral MIC 2 ug/mL are from Windels 2024 ISME J wrae070, not from these files; nutrient_conc is dimensionless and unresolved; time read as hours"
windels2024,E. coli,nutrient_0.9,0.9,amikacin,100.0,ug/mL,50.0,windels_nut0.9_ab100_r3,,0.3333333333333333,-7.421360790031928,False,,"t=8h; y_log10 = log10(surviving fraction) RELATIVE to t=0, NOT absolute log10 CFU/mL; surv_frac == 1.0 at t=0 by construction; no absolute density exists anywhere in this deposit so n0_log10 is absent; deposit names no drug and no units; amikacin, ug/mL and ancestral MIC 2 ug/mL are from Windels 2024 ISME J wrae070, not from these files; nutrient_conc is dimensionless and unresolved; time read as hours"
windels2024,E. coli,nutrient_0.95,0.95,amikacin,100.0,ug/mL,50.0,windels_nut0.95_ab100_r1,,0.0,0.0,False,,"t=0h; y_log10 = log10(surviving fraction) RELATIVE to t=0, NOT absolute log10 CFU/mL; surv_frac == 1.0 at t=0 by construction; no absolute density exists anywhere in this deposit so n0_log10 is absent; deposit names no drug and no units; amikacin, ug/mL and ancestral MIC 2 ug/mL are from Windels 2024 ISME J wrae070, not from these files; nutrient_conc is dimensionless and unresolved; time read as hours"
windels2024,E. coli,nutrient_0.95,0.95,amikacin,100.0,ug/mL,50.0,windels_nut0.95_ab100_r1,,0.041666666666666664,-3.971908851054697,False,,"t=1h; y_log10 = log10(surviving fraction) RELATIVE to t=0, NOT absolute log10 CFU/mL; surv_frac == 1.0 at t=0 by construction; no absolute density exists anywhere in this deposit so n0_log10 is absent; deposit names no drug and no units; amikacin, ug/mL and ancestral MIC 2 ug/mL are from Windels 2024 ISME J wrae070, not from these files; nutrient_conc is dimensionless and unresolved; time read as hours"
windels2024,E. coli,nutrient_0.95,0.95,amikacin,100.0,ug/mL,50.0,windels_nut0.95_ab100_r1,,0.08333333333333333,-5.399027104313252,False,,"t=2h; y_log10 = log10(surviving fraction) RELATIVE to t=0, NOT absolute log10 CFU/mL; surv_frac == 1.0 at t=0 by construction; no absolute density exists anywhere in this deposit so n0_log10 is absent; deposit names no drug and no units; amikacin, ug/mL and ancestral MIC 2 ug/mL are from Windels 2024 ISME J wrae070, not from these files; nutrient_conc is dimensionless and unresolved; time read as hours"
windels2024,E. coli,nutrient_0.95,0.95,amikacin,100.0,ug/mL,50.0,windels_nut0.95_ab100_r1,,0.125,-6.089909454405932,False,,"t=3h; y_log10 = log10(surviving fraction) RELATIVE to t=0, NOT absolute log10 CFU/mL; surv_frac == 1.0 at t=0 by construction; no absolute density exists anywhere in this deposit so n0_log10 is absent; deposit names no drug and no units; amikacin, ug/mL and ancestral MIC 2 ug/mL are from Windels 2024 ISME J wrae070, not from these files; nutrient_conc is dimensionless and unresolved; time read as hours"
windels2024,E. coli,nutrient_0.95,0.95,amikacin,100.0,ug/mL,50.0,windels_nut0.95_ab100_r1,,0.20833333333333334,-6.818156412055227,False,,"t=5h; y_log10 = log10(surviving fraction) RELATIVE to t=0, NOT absolute log10 CFU/mL; surv_frac == 1.0 at t=0 by construction; no absolute density exists anywhere in this deposit so n0_log10 is absent; deposit names no drug and no units; amikacin, ug/mL and ancestral MIC 2 ug/mL are from Windels 2024 ISME J wrae070, not from these files; nutrient_conc is dimensionless and unresolved; time read as hours"
windels2024,E. coli,nutrient_0.95,0.95,amikacin,100.0,ug/mL,50.0,windels_nut0.95_ab100_r2,,0.0,0.0,False,,"t=0h; y_log10 = log10(surviving fraction) RELATIVE to t=0, NOT absolute log10 CFU/mL; surv_frac == 1.0 at t=0 by construction; no absolute density exists anywhere in this deposit so n0_log10 is absent; deposit names no drug and no units; amikacin, ug/mL and ancestral MIC 2 ug/mL are from Windels 2024 ISME J wrae070, not from these files; nutrient_conc is dimensionless and unresolved; time read as hours"
windels2024,E. coli,nutrient_0.95,0.95,amikacin,100.0,ug/mL,50.0,windels_nut0.95_ab100_r2,,0.041666666666666664,-3.8443937514458275,False,,"t=1h; y_log10 = log10(surviving fraction) RELATIVE to t=0, NOT absolute log10 CFU/mL; surv_frac == 1.0 at t=0 by construction; no absolute density exists anywhere in this deposit so n0_log10 is absent; deposit names no drug and no units; amikacin, ug/mL and ancestral MIC 2 ug/mL are from Windels 2024 ISME J wrae070, not from these files; nutrient_conc is dimensionless and unresolved; time read as hours"
windels2024,E. coli,nutrient_0.95,0.95,amikacin,100.0,ug/mL,50.0,windels_nut0.95_ab100_r2,,0.08333333333333333,-5.374687549038326,False,,"t=2h; y_log10 = log10(surviving fraction) RELATIVE to t=0, NOT absolute log10 CFU/mL; surv_frac == 1.0 at t=0 by construction; no absolute density exists anywhere in this deposit so n0_log10 is absent; deposit names no drug and no units; amikacin, ug/mL and ancestral MIC 2 ug/mL are from Windels 2024 ISME J wrae070, not from these files; nutrient_conc is dimensionless and unresolved; time read as hours"
windels2024,E. coli,nutrient_0.95,0.95,amikacin,100.0,ug/mL,50.0,windels_nut0.95_ab100_r2,,0.125,-6.388276691992658,False,,"t=3h; y_log10 = log10(surviving fraction) RELATIVE to t=0, NOT absolute log10 CFU/mL; surv_frac == 1.0 at t=0 by construction; no absolute density exists anywhere in this deposit so n0_log10 is absent; deposit names no drug and no units; amikacin, ug/mL and ancestral MIC 2 ug/mL are from Windels 2024 ISME J wrae070, not from these files; nutrient_conc is dimensionless and unresolved; time read as hours"
windels2024,E. coli,nutrient_0.95,0.95,amikacin,100.0,ug/mL,50.0,windels_nut0.95_ab100_r2,,0.20833333333333334,-6.991399828238082,False,,"t=5h; y_log10 = log10(surviving fraction) RELATIVE to t=0, NOT absolute log10 CFU/mL; surv_frac == 1.0 at t=0 by construction; no absolute density exists anywhere in this deposit so n0_log10 is absent; deposit names no drug and no units; amikacin, ug/mL and ancestral MIC 2 ug/mL are from Windels 2024 ISME J wrae070, not from these files; nutrient_conc is dimensionless and unresolved; time read as hours"
windels2024,E. coli,nutrient_0.95,0.95,amikacin,100.0,ug/mL,50.0,windels_nut0.95_ab100_r3,,0.0,0.0,False,,"t=0h; y_log10 = log10(surviving fraction) RELATIVE to t=0, NOT absolute log10 CFU/mL; surv_frac == 1.0 at t=0 by construction; no absolute density exists anywhere in this deposit so n0_log10 is absent; deposit names no drug and no units; amikacin, ug/mL and ancestral MIC 2 ug/mL are from Windels 2024 ISME J wrae070, not from these files; nutrient_conc is dimensionless and unresolved; time read as hours"
windels2024,E. coli,nutrient_0.95,0.95,amikacin,100.0,ug/mL,50.0,windels_nut0.95_ab100_r3,,0.041666666666666664,-3.909015790367019,False,,"t=1h; y_log10 = log10(surviving fraction) RELATIVE to t=0, NOT absolute log10 CFU/mL; surv_frac == 1.0 at t=0 by construction; no absolute density exists anywhere in this deposit so n0_log10 is absent; deposit names no drug and no units; amikacin, ug/mL and ancestral MIC 2 ug/mL are from Windels 2024 ISME J wrae070, not from these files; nutrient_conc is dimensionless and unresolved; time read as hours"
windels2024,E. coli,nutrient_0.95,0.95,amikacin,100.0,ug/mL,50.0,windels_nut0.95_ab100_r3,,0.08333333333333333,-5.3788237182249645,False,,"t=2h; y_log10 = log10(surviving fraction) RELATIVE to t=0, NOT absolute log10 CFU/mL; surv_frac == 1.0 at t=0 by construction; no absolute density exists anywhere in this deposit so n0_log10 is absent; deposit names no drug and no units; amikacin, ug/mL and ancestral MIC 2 ug/mL are from Windels 2024 ISME J wrae070, not from these files; nutrient_conc is dimensionless and unresolved; time read as hours"
windels2024,E. coli,nutrient_0.95,0.95,amikacin,100.0,ug/mL,50.0,windels_nut0.95_ab100_r3,,0.125,-6.224025668870631,False,,"t=3h; y_log10 = log10(surviving fraction) RELATIVE to t=0, NOT absolute log10 CFU/mL; surv_frac == 1.0 at t=0 by construction; no absolute density exists anywhere in this deposit so n0_log10 is absent; deposit names no drug and no units; amikacin, ug/mL and ancestral MIC 2 ug/mL are from Windels 2024 ISME J wrae070, not from these files; nutrient_conc is dimensionless and unresolved; time read as hours"
windels2024,E. coli,nutrient_0.95,0.95,amikacin,100.0,ug/mL,50.0,windels_nut0.95_ab100_r3,,0.20833333333333334,-6.701146923590294,False,,"t=5h; y_log10 = log10(surviving fraction) RELATIVE to t=0, NOT absolute log10 CFU/mL; surv_frac == 1.0 at t=0 by construction; no absolute density exists anywhere in this deposit so n0_log10 is absent; deposit names no drug and no units; amikacin, ug/mL and ancestral MIC 2 ug/mL are from Windels 2024 ISME J wrae070, not from these files; nutrient_conc is dimensionless and unresolved; time read as hours"
windels2024,E. coli,nutrient_0,0.0,amikacin,200.0,ug/mL,100.0,windels_nut0_ab200_r1,,0.0,0.0,False,,"t=0h; y_log10 = log10(surviving fraction) RELATIVE to t=0, NOT absolute log10 CFU/mL; surv_frac == 1.0 at t=0 by construction; no absolute density exists anywhere in this deposit so n0_log10 is absent; deposit names no drug and no units; amikacin, ug/mL and ancestral MIC 2 ug/mL are from Windels 2024 ISME J wrae070, not from these files; nutrient_conc is dimensionless and unresolved; time read as hours"
windels2024,E. coli,nutrient_0,0.0,amikacin,200.0,ug/mL,100.0,windels_nut0_ab200_r1,,0.041666666666666664,-0.18008904334232295,False,,"t=1h; y_log10 = log10(surviving fraction) RELATIVE to t=0, NOT absolute log10 CFU/mL; surv_frac == 1.0 at t=0 by construction; no absolute density exists anywhere in this deposit so n0_log10 is absent; deposit names no drug and no units; amikacin, ug/mL and ancestral MIC 2 ug/mL are from Windels 2024 ISME J wrae070, not from these files; nutrient_conc is dimensionless and unresolved; time read as hours"
windels2024,E. coli,nutrient_0,0.0,amikacin,200.0,ug/mL,100.0,windels_nut0_ab200_r1,,0.08333333333333333,-0.28092903618829385,False,,"t=2h; y_log10 = log10(surviving fraction) RELATIVE to t=0, NOT absolute log10 CFU/mL; surv_frac == 1.0 at t=0 by construction; no absolute density exists anywhere in this deposit so n0_log10 is absent; deposit names no drug and no units; amikacin, ug/mL and ancestral MIC 2 ug/mL are from Windels 2024 ISME J wrae070, not from these files; nutrient_conc is dimensionless and unresolved; time read as hours"
windels2024,E. coli,nutrient_0,0.0,amikacin,200.0,ug/mL,100.0,windels_nut0_ab200_r1,,0.125,-0.20215931945100227,False,,"t=3h; y_log10 = log10(surviving fraction) RELATIVE to t=0, NOT absolute log10 CFU/mL; surv_frac == 1.0 at t=0 by construction; no absolute density exists anywhere in this deposit so n0_log10 is absent; deposit names no drug and no units; amikacin, ug/mL and ancestral MIC 2 ug/mL are from Windels 2024 ISME J wrae070, not from these files; nutrient_conc is dimensionless and unresolved; time read as hours"
windels2024,E. coli,nutrient_0,0.0,amikacin,200.0,ug/mL,100.0,windels_nut0_ab200_r1,,0.20833333333333334,-0.18599826320838148,False,,"t=5h; y_log10 = log10(surviving fraction) RELATIVE to t=0, NOT absolute log10 CFU/mL; surv_frac == 1.0 at t=0 by construction; no absolute density exists anywhere in this deposit so n0_log10 is absent; deposit names no drug and no units; amikacin, ug/mL and ancestral MIC 2 ug/mL are from Windels 2024 ISME J wrae070, not from these files; nutrient_conc is dimensionless and unresolved; time read as hours"
windels2024,E. coli,nutrient_0,0.0,amikacin,200.0,ug/mL,100.0,windels_nut0_ab200_r1,,0.3333333333333333,-0.5286481374522743,False,,"t=8h; y_log10 = log10(surviving fraction) RELATIVE to t=0, NOT absolute log10 CFU/mL; surv_frac == 1.0 at t=0 by construction; no absolute density exists anywhere in this deposit so n0_log10 is absent; deposit names no drug and no units; amikacin, ug/mL and ancestral MIC 2 ug/mL are from Windels 2024 ISME J wrae070, not from these files; nutrient_conc is dimensionless and unresolved; time read as hours"
windels2024,E. coli,nutrient_0,0.0,amikacin,200.0,ug/mL,100.0,windels_nut0_ab200_r2,,0.0,0.0,False,,"t=0h; y_log10 = log10(surviving fraction) RELATIVE to t=0, NOT absolute log10 CFU/mL; surv_frac == 1.0 at t=0 by construction; no absolute density exists anywhere in this deposit so n0_log10 is absent; deposit names no drug and no units; amikacin, ug/mL and ancestral MIC 2 ug/mL are from Windels 2024 ISME J wrae070, not from these files; nutrient_conc is dimensionless and unresolved; time read as hours"
windels2024,E. coli,nutrient_0,0.0,amikacin,200.0,ug/mL,100.0,windels_nut0_ab200_r2,,0.041666666666666664,-0.2004595832111624,False,,"t=1h; y_log10 = log10(surviving fraction) RELATIVE to t=0, NOT absolute log10 CFU/mL; surv_frac == 1.0 at t=0 by construction; no absolute density exists anywhere in this deposit so n0_log10 is absent; deposit names no drug and no units; amikacin, ug/mL and ancestral MIC 2 ug/mL are from Windels 2024 ISME J wrae070, not from these files; nutrient_conc is dimensionless and unresolved; time read as hours"
windels2024,E. coli,nutrient_0,0.0,amikacin,200.0,ug/mL,100.0,windels_nut0_ab200_r2,,0.08333333333333333,-0.206591012292679,False,,"t=2h; y_log10 = log10(surviving fraction) RELATIVE to t=0, NOT absolute log10 CFU/mL; surv_frac == 1.0 at t=0 by construction; no absolute density exists anywhere in this deposit so n0_log10 is absent; deposit names no drug and no units; amikacin, ug/mL and ancestral MIC 2 ug/mL are from Windels 2024 ISME J wrae070, not from these files; nutrient_conc is dimensionless and unresolved; time read as hours"
windels2024,E. coli,nutrient_0,0.0,amikacin,200.0,ug/mL,100.0,windels_nut0_ab200_r2,,0.125,-0.1984350889347841,False,,"t=3h; y_log10 = log10(surviving fraction) RELATIVE to t=0, NOT absolute log10 CFU/mL; surv_frac == 1.0 at t=0 by construction; no absolute density exists anywhere in this deposit so n0_log10 is absent; deposit names no drug and no units; amikacin, ug/mL and ancestral MIC 2 ug/mL are from Windels 2024 ISME J wrae070, not from these files; nutrient_conc is dimensionless and unresolved; time read as hours"
windels2024,E. coli,nutrient_0,0.0,amikacin,200.0,ug/mL,100.0,windels_nut0_ab200_r2,,0.20833333333333334,-0.2731953907869715,False,,"t=5h; y_log10 = log10(surviving fraction) RELATIVE to t=0, NOT absolute log10 CFU/mL; surv_frac == 1.0 at t=0 by construction; no absolute density exists anywhere in this deposit so n0_log10 is absent; deposit names no drug and no units; amikacin, ug/mL and ancestral MIC 2 ug/mL are from Windels 2024 ISME J wrae070, not from these files; nutrient_conc is dimensionless and unresolved; time read as hours"
windels2024,E. coli,nutrient_0,0.0,amikacin,200.0,ug/mL,100.0,windels_nut0_ab200_r2,,0.3333333333333333,-0.6263084392183975,False,,"t=8h; y_log10 = log10(surviving fraction) RELATIVE to t=0, NOT absolute log10 CFU/mL; surv_frac == 1.0 at t=0 by construction; no absolute density exists anywhere in this deposit so n0_log10 is absent; deposit names no drug and no units; amikacin, ug/mL and ancestral MIC 2 ug/mL are from Windels 2024 ISME J wrae070, not from these files; nutrient_conc is dimensionless and unresolved; time read as hours"
windels2024,E. coli,nutrient_0,0.0,amikacin,200.0,ug/mL,100.0,windels_nut0_ab200_r3,,0.0,0.0,False,,"t=0h; y_log10 = log10(surviving fraction) RELATIVE to t=0, NOT absolute log10 CFU/mL; surv_frac == 1.0 at t=0 by construction; no absolute density exists anywhere in this deposit so n0_log10 is absent; deposit names no drug and no units; amikacin, ug/mL and ancestral MIC 2 ug/mL are from Windels 2024 ISME J wrae070, not from these files; nutrient_conc is dimensionless and unresolved; time read as hours"
windels2024,E. coli,nutrient_0,0.0,amikacin,200.0,ug/mL,100.0,windels_nut0_ab200_r3,,0.041666666666666664,-0.15267416921457636,False,,"t=1h; y_log10 = log10(surviving fraction) RELATIVE to t=0, NOT absolute log10 CFU/mL; surv_frac == 1.0 at t=0 by construction; no absolute density exists anywhere in this deposit so n0_log10 is absent; deposit names no drug and no units; amikacin, ug/mL and ancestral MIC 2 ug/mL are from Windels 2024 ISME J wrae070, not from these files; nutrient_conc is dimensionless and unresolved; time read as hours"
windels2024,E. coli,nutrient_0,0.0,amikacin,200.0,ug/mL,100.0,windels_nut0_ab200_r3,,0.08333333333333333,-0.18692231069421306,False,,"t=2h; y_log10 = log10(surviving fraction) RELATIVE to t=0, NOT absolute log10 CFU/mL; surv_frac == 1.0 at t=0 by construction; no absolute density exists anywhere in this deposit so n0_log10 is absent; deposit names no drug and no units; amikacin, ug/mL and ancestral MIC 2 ug/mL are from Windels 2024 ISME J wrae070, not from these files; nutrient_conc is dimensionless and unresolved; time read as hours"
windels2024,E. coli,nutrient_0,0.0,amikacin,200.0,ug/mL,100.0,windels_nut0_ab200_r3,,0.125,-0.20978522975602068,False,,"t=3h; y_log10 = log10(surviving fraction) RELATIVE to t=0, NOT absolute log10 CFU/mL; surv_frac == 1.0 at t=0 by construction; no absolute density exists anywhere in this deposit so n0_log10 is absent; deposit names no drug and no units; amikacin, ug/mL and ancestral MIC 2 ug/mL are from Windels 2024 ISME J wrae070, not from these files; nutrient_conc is dimensionless and unresolved; time read as hours"
windels2024,E. coli,nutrient_0,0.0,amikacin,200.0,ug/mL,100.0,windels_nut0_ab200_r3,,0.20833333333333334,-0.18029159012103835,False,,"t=5h; y_log10 = log10(surviving fraction) RELATIVE to t=0, NOT absolute log10 CFU/mL; surv_frac == 1.0 at t=0 by construction; no absolute density exists anywhere in this deposit so n0_log10 is absent; deposit names no drug and no units; amikacin, ug/mL and ancestral MIC 2 ug/mL are from Windels 2024 ISME J wrae070, not from these files; nutrient_conc is dimensionless and unresolved; time read as hours"
windels2024,E. coli,nutrient_0,0.0,amikacin,200.0,ug/mL,100.0,windels_nut0_ab200_r3,,0.3333333333333333,-0.6013535348111237,False,,"t=8h; y_log10 = log10(surviving fraction) RELATIVE to t=0, NOT absolute log10 CFU/mL; surv_frac == 1.0 at t=0 by construction; no absolute density exists anywhere in this deposit so n0_log10 is absent; deposit names no drug and no units; amikacin, ug/mL and ancestral MIC 2 ug/mL are from Windels 2024 ISME J wrae070, not from these files; nutrient_conc is dimensionless and unresolved; time read as hours"
windels2024,E. coli,nutrient_0.25,0.25,amikacin,200.0,ug/mL,100.0,windels_nut0.25_ab200_r1,,0.0,0.0,False,,"t=0h; y_log10 = log10(surviving fraction) RELATIVE to t=0, NOT absolute log10 CFU/mL; surv_frac == 1.0 at t=0 by construction; no absolute density exists anywhere in this deposit so n0_log10 is absent; deposit names no drug and no units; amikacin, ug/mL and ancestral MIC 2 ug/mL are from Windels 2024 ISME J wrae070, not from these files; nutrient_conc is dimensionless and unresolved; time read as hours"
windels2024,E. coli,nutrient_0.25,0.25,amikacin,200.0,ug/mL,100.0,windels_nut0.25_ab200_r1,,0.041666666666666664,-3.1018235165023236,False,,"t=1h; y_log10 = log10(surviving fraction) RELATIVE to t=0, NOT absolute log10 CFU/mL; surv_frac == 1.0 at t=0 by construction; no absolute density exists anywhere in this deposit so n0_log10 is absent; deposit names no drug and no units; amikacin, ug/mL and ancestral MIC 2 ug/mL are from Windels 2024 ISME J wrae070, not from these files; nutrient_conc is dimensionless and unresolved; time read as hours"
windels2024,E. coli,nutrient_0.25,0.25,amikacin,200.0,ug/mL,100.0,windels_nut0.25_ab200_r1,,0.08333333333333333,-2.958607314841775,False,,"t=2h; y_log10 = log10(surviving fraction) RELATIVE to t=0, NOT absolute log10 CFU/mL; surv_frac == 1.0 at t=0 by construction; no absolute density exists anywhere in this deposit so n0_log10 is absent; deposit names no drug and no units; amikacin, ug/mL and ancestral MIC 2 ug/mL are from Windels 2024 ISME J wrae070, not from these files; nutrient_conc is dimensionless and unresolved; time read as hours"
windels2024,E. coli,nutrient_0.25,0.25,amikacin,200.0,ug/mL,100.0,windels_nut0.25_ab200_r1,,0.125,-3.562249437179612,False,,"t=3h; y_log10 = log10(surviving fraction) RELATIVE to t=0, NOT absolute log10 CFU/mL; surv_frac == 1.0 at t=0 by construction; no absolute density exists anywhere in this deposit so n0_log10 is absent; deposit names no drug and no units; amikacin, ug/mL and ancestral MIC 2 ug/mL are from Windels 2024 ISME J wrae070, not from these files; nutrient_conc is dimensionless and unresolved; time read as hours"
windels2024,E. coli,nutrient_0.25,0.25,amikacin,200.0,ug/mL,100.0,windels_nut0.25_ab200_r1,,0.20833333333333334,-3.692503962086787,False,,"t=5h; y_log10 = log10(surviving fraction) RELATIVE to t=0, NOT absolute log10 CFU/mL; surv_frac == 1.0 at t=0 by construction; no absolute density exists anywhere in this deposit so n0_log10 is absent; deposit names no drug and no units; amikacin, ug/mL and ancestral MIC 2 ug/mL are from Windels 2024 ISME J wrae070, not from these files; nutrient_conc is dimensionless and unresolved; time read as hours"
windels2024,E. coli,nutrient_0.25,0.25,amikacin,200.0,ug/mL,100.0,windels_nut0.25_ab200_r1,,0.3333333333333333,-4.165579296318468,False,,"t=8h; y_log10 = log10(surviving fraction) RELATIVE to t=0, NOT absolute log10 CFU/mL; surv_frac == 1.0 at t=0 by construction; no absolute density exists anywhere in this deposit so n0_log10 is absent; deposit names no drug and no units; amikacin, ug/mL and ancestral MIC 2 ug/mL are from Windels 2024 ISME J wrae070, not from these files; nutrient_conc is dimensionless and unresolved; time read as hours"
windels2024,E. coli,nutrient_0.25,0.25,amikacin,200.0,ug/mL,100.0,windels_nut0.25_ab200_r2,,0.0,0.0,False,,"t=0h; y_log10 = log10(surviving fraction) RELATIVE to t=0, NOT absolute log10 CFU/mL; surv_frac == 1.0 at t=0 by construction; no absolute density exists anywhere in this deposit so n0_log10 is absent; deposit names no drug and no units; amikacin, ug/mL and ancestral MIC 2 ug/mL are from Windels 2024 ISME J wrae070, not from these files; nutrient_conc is dimensionless and unresolved; time read as hours"
windels2024,E. coli,nutrient_0.25,0.25,amikacin,200.0,ug/mL,100.0,windels_nut0.25_ab200_r2,,0.041666666666666664,-3.0048037084028207,False,,"t=1h; y_log10 = log10(surviving fraction) RELATIVE to t=0, NOT absolute log10 CFU/mL; surv_frac == 1.0 at t=0 by construction; no absolute density exists anywhere in this deposit so n0_log10 is absent; deposit names no drug and no units; amikacin, ug/mL and ancestral MIC 2 ug/mL are from Windels 2024 ISME J wrae070, not from these files; nutrient_conc is dimensionless and unresolved; time read as hours"
windels2024,E. coli,nutrient_0.25,0.25,amikacin,200.0,ug/mL,100.0,windels_nut0.25_ab200_r2,,0.08333333333333333,-3.184422251675733,False,,"t=2h; y_log10 = log10(surviving fraction) RELATIVE to t=0, NOT absolute log10 CFU/mL; surv_frac == 1.0 at t=0 by construction; no absolute density exists anywhere in this deposit so n0_log10 is absent; deposit names no drug and no units; amikacin, ug/mL and ancestral MIC 2 ug/mL are from Windels 2024 ISME J wrae070, not from these files; nutrient_conc is dimensionless and unresolved; time read as hours"
windels2024,E. coli,nutrient_0.25,0.25,amikacin,200.0,ug/mL,100.0,windels_nut0.25_ab200_r2,,0.125,-3.767003889607846,False,,"t=3h; y_log10 = log10(surviving fraction) RELATIVE to t=0, NOT absolute log10 CFU/mL; surv_frac == 1.0 at t=0 by construction; no absolute density exists anywhere in this deposit so n0_log10 is absent; deposit names no drug and no units; amikacin, ug/mL and ancestral MIC 2 ug/mL are from Windels 2024 ISME J wrae070, not from these files; nutrient_conc is dimensionless and unresolved; time read as hours"
windels2024,E. coli,nutrient_0.25,0.25,amikacin,200.0,ug/mL,100.0,windels_nut0.25_ab200_r2,,0.20833333333333334,-3.7904849854573692,False,,"t=5h; y_log10 = log10(surviving fraction) RELATIVE to t=0, NOT absolute log10 CFU/mL; surv_frac == 1.0 at t=0 by construction; no absolute density exists anywhere in this deposit so n0_log10 is absent; deposit names no drug and no units; amikacin, ug/mL and ancestral MIC 2 ug/mL are from Windels 2024 ISME J wrae070, not from these files; nutrient_conc is dimensionless and unresolved; time read as hours"
windels2024,E. coli,nutrient_0.25,0.25,amikacin,200.0,ug/mL,100.0,windels_nut0.25_ab200_r2,,0.3333333333333333,-4.095825631715837,False,,"t=8h; y_log10 = log10(surviving fraction) RELATIVE to t=0, NOT absolute log10 CFU/mL; surv_frac == 1.0 at t=0 by construction; no absolute density exists anywhere in this deposit so n0_log10 is absent; deposit names no drug and no units; amikacin, ug/mL and ancestral MIC 2 ug/mL are from Windels 2024 ISME J wrae070, not from these files; nutrient_conc is dimensionless and unresolved; time read as hours"
windels2024,E. coli,nutrient_0.25,0.25,amikacin,200.0,ug/mL,100.0,windels_nut0.25_ab200_r3,,0.0,0.0,False,,"t=0h; y_log10 = log10(surviving fraction) RELATIVE to t=0, NOT absolute log10 CFU/mL; surv_frac == 1.0 at t=0 by construction; no absolute density exists anywhere in this deposit so n0_log10 is absent; deposit names no drug and no units; amikacin, ug/mL and ancestral MIC 2 ug/mL are from Windels 2024 ISME J wrae070, not from these files; nutrient_conc is dimensionless and unresolved; time read as hours"
windels2024,E. coli,nutrient_0.25,0.25,amikacin,200.0,ug/mL,100.0,windels_nut0.25_ab200_r3,,0.041666666666666664,-3.492144128304169,False,,"t=1h; y_log10 = log10(surviving fraction) RELATIVE to t=0, NOT absolute log10 CFU/mL; surv_frac == 1.0 at t=0 by construction; no absolute density exists anywhere in this deposit so n0_log10 is absent; deposit names no drug and no units; amikacin, ug/mL and ancestral MIC 2 ug/mL are from Windels 2024 ISME J wrae070, not from these files; nutrient_conc is dimensionless and unresolved; time read as hours"
windels2024,E. coli,nutrient_0.25,0.25,amikacin,200.0,ug/mL,100.0,windels_nut0.25_ab200_r3,,0.08333333333333333,-3.343901797987168,False,,"t=2h; y_log10 = log10(surviving fraction) RELATIVE to t=0, NOT absolute log10 CFU/mL; surv_frac == 1.0 at t=0 by construction; no absolute density exists anywhere in this deposit so n0_log10 is absent; deposit names no drug and no units; amikacin, ug/mL and ancestral MIC 2 ug/mL are from Windels 2024 ISME J wrae070, not from these files; nutrient_conc is dimensionless and unresolved; time read as hours"
windels2024,E. coli,nutrient_0.25,0.25,amikacin,200.0,ug/mL,100.0,windels_nut0.25_ab200_r3,,0.125,-3.175223537524454,False,,"t=3h; y_log10 = log10(surviving fraction) RELATIVE to t=0, NOT absolute log10 CFU/mL; surv_frac == 1.0 at t=0 by construction; no absolute density exists anywhere in this deposit so n0_log10 is absent; deposit names no drug and no units; amikacin, ug/mL and ancestral MIC 2 ug/mL are from Windels 2024 ISME J wrae070, not from these files; nutrient_conc is dimensionless and unresolved; time read as hours"
windels2024,E. coli,nutrient_0.25,0.25,amikacin,200.0,ug/mL,100.0,windels_nut0.25_ab200_r3,,0.20833333333333334,-3.728158393463501,False,,"t=5h; y_log10 = log10(surviving fraction) RELATIVE to t=0, NOT absolute log10 CFU/mL; surv_frac == 1.0 at t=0 by construction; no absolute density exists anywhere in this deposit so n0_log10 is absent; deposit names no drug and no units; amikacin, ug/mL and ancestral MIC 2 ug/mL are from Windels 2024 ISME J wrae070, not from these files; nutrient_conc is dimensionless and unresolved; time read as hours"
windels2024,E. coli,nutrient_0.25,0.25,amikacin,200.0,ug/mL,100.0,windels_nut0.25_ab200_r3,,0.3333333333333333,-4.192464971931146,False,,"t=8h; y_log10 = log10(surviving fraction) RELATIVE to t=0, NOT absolute log10 CFU/mL; surv_frac == 1.0 at t=0 by construction; no absolute density exists anywhere in this deposit so n0_log10 is absent; deposit names no drug and no units; amikacin, ug/mL and ancestral MIC 2 ug/mL are from Windels 2024 ISME J wrae070, not from these files; nutrient_conc is dimensionless and unresolved; time read as hours"
windels2024,E. coli,nutrient_0.5,0.5,amikacin,200.0,ug/mL,100.0,windels_nut0.5_ab200_r1,,0.0,0.0,False,,"t=0h; y_log10 = log10(surviving fraction) RELATIVE to t=0, NOT absolute log10 CFU/mL; surv_frac == 1.0 at t=0 by construction; no absolute density exists anywhere in this deposit so n0_log10 is absent; deposit names no drug and no units; amikacin, ug/mL and ancestral MIC 2 ug/mL are from Windels 2024 ISME J wrae070, not from these files; nutrient_conc is dimensionless and unresolved; time read as hours"
windels2024,E. coli,nutrient_0.5,0.5,amikacin,200.0,ug/mL,100.0,windels_nut0.5_ab200_r1,,0.041666666666666664,-3.8234023593806072,False,,"t=1h; y_log10 = log10(surviving fraction) RELATIVE to t=0, NOT absolute log10 CFU/mL; surv_frac == 1.0 at t=0 by construction; no absolute density exists anywhere in this deposit so n0_log10 is absent; deposit names no drug and no units; amikacin, ug/mL and ancestral MIC 2 ug/mL are from Windels 2024 ISME J wrae070, not from these files; nutrient_conc is dimensionless and unresolved; time read as hours"
windels2024,E. coli,nutrient_0.5,0.5,amikacin,200.0,ug/mL,100.0,windels_nut0.5_ab200_r1,,0.08333333333333333,-4.089909454405932,False,,"t=2h; y_log10 = log10(surviving fraction) RELATIVE to t=0, NOT absolute log10 CFU/mL; surv_frac == 1.0 at t=0 by construction; no absolute density exists anywhere in this deposit so n0_log10 is absent; deposit names no drug and no units; amikacin, ug/mL and ancestral MIC 2 ug/mL are from Windels 2024 ISME J wrae070, not from these files; nutrient_conc is dimensionless and unresolved; time read as hours"
windels2024,E. coli,nutrient_0.5,0.5,amikacin,200.0,ug/mL,100.0,windels_nut0.5_ab200_r1,,0.125,-4.13430394008393,False,,"t=3h; y_log10 = log10(surviving fraction) RELATIVE to t=0, NOT absolute log10 CFU/mL; surv_frac == 1.0 at t=0 by construction; no absolute density exists anywhere in this deposit so n0_log10 is absent; deposit names no drug and no units; amikacin, ug/mL and ancestral MIC 2 ug/mL are from Windels 2024 ISME J wrae070, not from these files; nutrient_conc is dimensionless and unresolved; time read as hours"
windels2024,E. coli,nutrient_0.5,0.5,amikacin,200.0,ug/mL,100.0,windels_nut0.5_ab200_r1,,0.20833333333333334,-4.45717457304082,False,,"t=5h; y_log10 = log10(surviving fraction) RELATIVE to t=0, NOT absolute log10 CFU/mL; surv_frac == 1.0 at t=0 by construction; no absolute density exists anywhere in this deposit so n0_log10 is absent; deposit names no drug and no units; amikacin, ug/mL and ancestral MIC 2 ug/mL are from Windels 2024 ISME J wrae070, not from these files; nutrient_conc is dimensionless and unresolved; time read as hours"
windels2024,E. coli,nutrient_0.5,0.5,amikacin,200.0,ug/mL,100.0,windels_nut0.5_ab200_r1,,0.3333333333333333,-4.657577319177793,False,,"t=8h; y_log10 = log10(surviving fraction) RELATIVE to t=0, NOT absolute log10 CFU/mL; surv_frac == 1.0 at t=0 by construction; no absolute density exists anywhere in this deposit so n0_log10 is absent; deposit names no drug and no units; amikacin, ug/mL and ancestral MIC 2 ug/mL are from Windels 2024 ISME J wrae070, not from these files; nutrient_conc is dimensionless and unresolved; time read as hours"
windels2024,E. coli,nutrient_0.5,0.5,amikacin,200.0,ug/mL,100.0,windels_nut0.5_ab200_r2,,0.0,0.0,False,,"t=0h; y_log10 = log10(surviving fraction) RELATIVE to t=0, NOT absolute log10 CFU/mL; surv_frac == 1.0 at t=0 by construction; no absolute density exists anywhere in this deposit so n0_log10 is absent; deposit names no drug and no units; amikacin, ug/mL and ancestral MIC 2 ug/mL are from Windels 2024 ISME J wrae070, not from these files; nutrient_conc is dimensionless and unresolved; time read as hours"
windels2024,E. coli,nutrient_0.5,0.5,amikacin,200.0,ug/mL,100.0,windels_nut0.5_ab200_r2,,0.041666666666666664,-3.785659589680265,False,,"t=1h; y_log10 = log10(surviving fraction) RELATIVE to t=0, NOT absolute log10 CFU/mL; surv_frac == 1.0 at t=0 by construction; no absolute density exists anywhere in this deposit so n0_log10 is absent; deposit names no drug and no units; amikacin, ug/mL and ancestral MIC 2 ug/mL are from Windels 2024 ISME J wrae070, not from these files; nutrient_conc is dimensionless and unresolved; time read as hours"
windels2024,E. coli,nutrient_0.5,0.5,amikacin,200.0,ug/mL,100.0,windels_nut0.5_ab200_r2,,0.08333333333333333,-3.863146311873941,False,,"t=2h; y_log10 = log10(surviving fraction) RELATIVE to t=0, NOT absolute log10 CFU/mL; surv_frac == 1.0 at t=0 by construction; no absolute density exists anywhere in this deposit so n0_log10 is absent; deposit names no drug and no units; amikacin, ug/mL and ancestral MIC 2 ug/mL are from Windels 2024 ISME J wrae070, not from these files; nutrient_conc is dimensionless and unresolved; time read as hours"
windels2024,E. coli,nutrient_0.5,0.5,amikacin,200.0,ug/mL,100.0,windels_nut0.5_ab200_r2,,0.125,-4.08196966321512,False,,"t=3h; y_log10 = log10(surviving fraction) RELATIVE to t=0, NOT absolute log10 CFU/mL; surv_frac == 1.0 at t=0 by construction; no absolute density exists anywhere in this deposit so n0_log10 is absent; deposit names no drug and no units; amikacin, ug/mL and ancestral MIC 2 ug/mL are from Windels 2024 ISME J wrae070, not from these files; nutrient_conc is dimensionless and unresolved; time read as hours"
windels2024,E. coli,nutrient_0.5,0.5,amikacin,200.0,ug/mL,100.0,windels_nut0.5_ab200_r2,,0.20833333333333334,-4.525783735923745,False,,"t=5h; y_log10 = log10(surviving fraction) RELATIVE to t=0, NOT absolute log10 CFU/mL; surv_frac == 1.0 at t=0 by construction; no absolute density exists anywhere in this deposit so n0_log10 is absent; deposit names no drug and no units; amikacin, ug/mL and ancestral MIC 2 ug/mL are from Windels 2024 ISME J wrae070, not from these files; nutrient_conc is dimensionless and unresolved; time read as hours"
windels2024,E. coli,nutrient_0.5,0.5,amikacin,200.0,ug/mL,100.0,windels_nut0.5_ab200_r2,,0.3333333333333333,-4.79317412396815,False,,"t=8h; y_log10 = log10(surviving fraction) RELATIVE to t=0, NOT absolute log10 CFU/mL; surv_frac == 1.0 at t=0 by construction; no absolute density exists anywhere in this deposit so n0_log10 is absent; deposit names no drug and no units; amikacin, ug/mL and ancestral MIC 2 ug/mL are from Windels 2024 ISME J wrae070, not from these files; nutrient_conc is dimensionless and unresolved; time read as hours"
windels2024,E. coli,nutrient_0.5,0.5,amikacin,200.0,ug/mL,100.0,windels_nut0.5_ab200_r3,,0.0,0.0,False,,"t=0h; y_log10 = log10(surviving fraction) RELATIVE to t=0, NOT absolute log10 CFU/mL; surv_frac == 1.0 at t=0 by construction; no absolute density exists anywhere in this deposit so n0_log10 is absent; deposit names no drug and no units; amikacin, ug/mL and ancestral MIC 2 ug/mL are from Windels 2024 ISME J wrae070, not from these files; nutrient_conc is dimensionless and unresolved; time read as hours"
windels2024,E. coli,nutrient_0.5,0.5,amikacin,200.0,ug/mL,100.0,windels_nut0.5_ab200_r3,,0.041666666666666664,-3.81750831135616,False,,"t=1h; y_log10 = log10(surviving fraction) RELATIVE to t=0, NOT absolute log10 CFU/mL; surv_frac == 1.0 at t=0 by construction; no absolute density exists anywhere in this deposit so n0_log10 is absent; deposit names no drug and no units; amikacin, ug/mL and ancestral MIC 2 ug/mL are from Windels 2024 ISME J wrae070, not from these files; nutrient_conc is dimensionless and unresolved; time read as hours"
windels2024,E. coli,nutrient_0.5,0.5,amikacin,200.0,ug/mL,100.0,windels_nut0.5_ab200_r3,,0.08333333333333333,-3.887545821346574,False,,"t=2h; y_log10 = log10(surviving fraction) RELATIVE to t=0, NOT absolute log10 CFU/mL; surv_frac == 1.0 at t=0 by construction; no absolute density exists anywhere in this deposit so n0_log10 is absent; deposit names no drug and no units; amikacin, ug/mL and ancestral MIC 2 ug/mL are from Windels 2024 ISME J wrae070, not from these files; nutrient_conc is dimensionless and unresolved; time read as hours"
windels2024,E. coli,nutrient_0.5,0.5,amikacin,200.0,ug/mL,100.0,windels_nut0.5_ab200_r3,,0.125,-4.11690664142431,False,,"t=3h; y_log10 = log10(surviving fraction) RELATIVE to t=0, NOT absolute log10 CFU/mL; surv_frac == 1.0 at t=0 by construction; no absolute density exists anywhere in this deposit so n0_log10 is absent; deposit names no drug and no units; amikacin, ug/mL and ancestral MIC 2 ug/mL are from Windels 2024 ISME J wrae070, not from these files; nutrient_conc is dimensionless and unresolved; time read as hours"
windels2024,E. coli,nutrient_0.5,0.5,amikacin,200.0,ug/mL,100.0,windels_nut0.5_ab200_r3,,0.20833333333333334,-4.6777807052660805,False,,"t=5h; y_log10 = log10(surviving fraction) RELATIVE to t=0, NOT absolute log10 CFU/mL; surv_frac == 1.0 at t=0 by construction; no absolute density exists anywhere in this deposit so n0_log10 is absent; deposit names no drug and no units; amikacin, ug/mL and ancestral MIC 2 ug/mL are from Windels 2024 ISME J wrae070, not from these files; nutrient_conc is dimensionless and unresolved; time read as hours"
windels2024,E. coli,nutrient_0.5,0.5,amikacin,200.0,ug/mL,100.0,windels_nut0.5_ab200_r3,,0.3333333333333333,-4.806875401645539,False,,"t=8h; y_log10 = log10(surviving fraction) RELATIVE to t=0, NOT absolute log10 CFU/mL; surv_frac == 1.0 at t=0 by construction; no absolute density exists anywhere in this deposit so n0_log10 is absent; deposit names no drug and no units; amikacin, ug/mL and ancestral MIC 2 ug/mL are from Windels 2024 ISME J wrae070, not from these files; nutrient_conc is dimensionless and unresolved; time read as hours"
windels2024,E. coli,nutrient_0.8,0.8,amikacin,200.0,ug/mL,100.0,windels_nut0.8_ab200_r1,,0.0,0.0,False,,"t=0h; y_log10 = log10(surviving fraction) RELATIVE to t=0, NOT absolute log10 CFU/mL; surv_frac == 1.0 at t=0 by construction; no absolute density exists anywhere in this deposit so n0_log10 is absent; deposit names no drug and no units; amikacin, ug/mL and ancestral MIC 2 ug/mL are from Windels 2024 ISME J wrae070, not from these files; nutrient_conc is dimensionless and unresolved; time read as hours"
windels2024,E. coli,nutrient_0.8,0.8,amikacin,200.0,ug/mL,100.0,windels_nut0.8_ab200_r1,,0.041666666666666664,-5.2441251443275085,False,,"t=1h; y_log10 = log10(surviving fraction) RELATIVE to t=0, NOT absolute log10 CFU/mL; surv_frac == 1.0 at t=0 by construction; no absolute density exists anywhere in this deposit so n0_log10 is absent; deposit names no drug and no units; amikacin, ug/mL and ancestral MIC 2 ug/mL are from Windels 2024 ISME J wrae070, not from these files; nutrient_conc is dimensionless and unresolved; time read as hours"
windels2024,E. coli,nutrient_0.8,0.8,amikacin,200.0,ug/mL,100.0,windels_nut0.8_ab200_r1,,0.08333333333333333,-5.779891911959945,False,,"t=2h; y_log10 = log10(surviving fraction) RELATIVE to t=0, NOT absolute log10 CFU/mL; surv_frac == 1.0 at t=0 by construction; no absolute density exists anywhere in this deposit so n0_log10 is absent; deposit names no drug and no units; amikacin, ug/mL and ancestral MIC 2 ug/mL are from Windels 2024 ISME J wrae070, not from these files; nutrient_conc is dimensionless and unresolved; time read as hours"
windels2024,E. coli,nutrient_0.8,0.8,amikacin,200.0,ug/mL,100.0,windels_nut0.8_ab200_r1,,0.125,-6.071604147743286,False,,"t=3h; y_log10 = log10(surviving fraction) RELATIVE to t=0, NOT absolute log10 CFU/mL; surv_frac == 1.0 at t=0 by construction; no absolute density exists anywhere in this deposit so n0_log10 is absent; deposit names no drug and no units; amikacin, ug/mL and ancestral MIC 2 ug/mL are from Windels 2024 ISME J wrae070, not from these files; nutrient_conc is dimensionless and unresolved; time read as hours"
windels2024,E. coli,nutrient_0.8,0.8,amikacin,200.0,ug/mL,100.0,windels_nut0.8_ab200_r1,,0.20833333333333334,-6.112382699664264,False,,"t=5h; y_log10 = log10(surviving fraction) RELATIVE to t=0, NOT absolute log10 CFU/mL; surv_frac == 1.0 at t=0 by construction; no absolute density exists anywhere in this deposit so n0_log10 is absent; deposit names no drug and no units; amikacin, ug/mL and ancestral MIC 2 ug/mL are from Windels 2024 ISME J wrae070, not from these files; nutrient_conc is dimensionless and unresolved; time read as hours"
windels2024,E. coli,nutrient_0.8,0.8,amikacin,200.0,ug/mL,100.0,windels_nut0.8_ab200_r1,,0.3333333333333333,-7.696803942579511,False,,"t=8h; y_log10 = log10(surviving fraction) RELATIVE to t=0, NOT absolute log10 CFU/mL; surv_frac == 1.0 at t=0 by construction; no absolute density exists anywhere in this deposit so n0_log10 is absent; deposit names no drug and no units; amikacin, ug/mL and ancestral MIC 2 ug/mL are from Windels 2024 ISME J wrae070, not from these files; nutrient_conc is dimensionless and unresolved; time read as hours"
windels2024,E. coli,nutrient_0.8,0.8,amikacin,200.0,ug/mL,100.0,windels_nut0.8_ab200_r2,,0.0,0.0,False,,"t=0h; y_log10 = log10(surviving fraction) RELATIVE to t=0, NOT absolute log10 CFU/mL; surv_frac == 1.0 at t=0 by construction; no absolute density exists anywhere in this deposit so n0_log10 is absent; deposit names no drug and no units; amikacin, ug/mL and ancestral MIC 2 ug/mL are from Windels 2024 ISME J wrae070, not from these files; nutrient_conc is dimensionless and unresolved; time read as hours"
windels2024,E. coli,nutrient_0.8,0.8,amikacin,200.0,ug/mL,100.0,windels_nut0.8_ab200_r2,,0.041666666666666664,-4.978810700930062,False,,"t=1h; y_log10 = log10(surviving fraction) RELATIVE to t=0, NOT absolute log10 CFU/mL; surv_frac == 1.0 at t=0 by construction; no absolute density exists anywhere in this deposit so n0_log10 is absent; deposit names no drug and no units; amikacin, ug/mL and ancestral MIC 2 ug/mL are from Windels 2024 ISME J wrae070, not from these files; nutrient_conc is dimensionless and unresolved; time read as hours"
windels2024,E. coli,nutrient_0.8,0.8,amikacin,200.0,ug/mL,100.0,windels_nut0.8_ab200_r2,,0.08333333333333333,-5.663540266151471,False,,"t=2h; y_log10 = log10(surviving fraction) RELATIVE to t=0, NOT absolute log10 CFU/mL; surv_frac == 1.0 at t=0 by construction; no absolute density exists anywhere in this deposit so n0_log10 is absent; deposit names no drug and no units; amikacin, ug/mL and ancestral MIC 2 ug/mL are from Windels 2024 ISME J wrae070, not from these files; nutrient_conc is dimensionless and unresolved; time read as hours"
windels2024,E. coli,nutrient_0.8,0.8,amikacin,200.0,ug/mL,100.0,windels_nut0.8_ab200_r2,,0.125,-6.2580609222708015,False,,"t=3h; y_log10 = log10(surviving fraction) RELATIVE to t=0, NOT absolute log10 CFU/mL; surv_frac == 1.0 at t=0 by construction; no absolute density exists anywhere in this deposit so n0_log10 is absent; deposit names no drug and no units; amikacin, ug/mL and ancestral MIC 2 ug/mL are from Windels 2024 ISME J wrae070, not from these files; nutrient_conc is dimensionless and unresolved; time read as hours"
windels2024,E. coli,nutrient_0.8,0.8,amikacin,200.0,ug/mL,100.0,windels_nut0.8_ab200_r2,,0.20833333333333334,-6.437707135543525,False,,"t=5h; y_log10 = log10(surviving fraction) RELATIVE to t=0, NOT absolute log10 CFU/mL; surv_frac == 1.0 at t=0 by construction; no absolute density exists anywhere in this deposit so n0_log10 is absent; deposit names no drug and no units; amikacin, ug/mL and ancestral MIC 2 ug/mL are from Windels 2024 ISME J wrae070, not from these files; nutrient_conc is dimensionless and unresolved; time read as hours"
windels2024,E. coli,nutrient_0.8,0.8,amikacin,200.0,ug/mL,100.0,windels_nut0.8_ab200_r2,,0.3333333333333333,-7.517126416391246,False,,"t=8h; y_log10 = log10(surviving fraction) RELATIVE to t=0, NOT absolute log10 CFU/mL; surv_frac == 1.0 at t=0 by construction; no absolute density exists anywhere in this deposit so n0_log10 is absent; deposit names no drug and no units; amikacin, ug/mL and ancestral MIC 2 ug/mL are from Windels 2024 ISME J wrae070, not from these files; nutrient_conc is dimensionless and unresolved; time read as hours"
windels2024,E. coli,nutrient_0.8,0.8,amikacin,200.0,ug/mL,100.0,windels_nut0.8_ab200_r3,,0.0,0.0,False,,"t=0h; y_log10 = log10(surviving fraction) RELATIVE to t=0, NOT absolute log10 CFU/mL; surv_frac == 1.0 at t=0 by construction; no absolute density exists anywhere in this deposit so n0_log10 is absent; deposit names no drug and no units; amikacin, ug/mL and ancestral MIC 2 ug/mL are from Windels 2024 ISME J wrae070, not from these files; nutrient_conc is dimensionless and unresolved; time read as hours"
windels2024,E. coli,nutrient_0.8,0.8,amikacin,200.0,ug/mL,100.0,windels_nut0.8_ab200_r3,,0.041666666666666664,-5.029653123769907,False,,"t=1h; y_log10 = log10(surviving fraction) RELATIVE to t=0, NOT absolute log10 CFU/mL; surv_frac == 1.0 at t=0 by construction; no absolute density exists anywhere in this deposit so n0_log10 is absent; deposit names no drug and no units; amikacin, ug/mL and ancestral MIC 2 ug/mL are from Windels 2024 ISME J wrae070, not from these files; nutrient_conc is dimensionless and unresolved; time read as hours"
windels2024,E. coli,nutrient_0.8,0.8,amikacin,200.0,ug/mL,100.0,windels_nut0.8_ab200_r3,,0.08333333333333333,-5.337242168318426,False,,"t=2h; y_log10 = log10(surviving fraction) RELATIVE to t=0, NOT absolute log10 CFU/mL; surv_frac == 1.0 at t=0 by construction; no absolute density exists anywhere in this deposit so n0_log10 is absent; deposit names no drug and no units; amikacin, ug/mL and ancestral MIC 2 ug/mL are from Windels 2024 ISME J wrae070, not from these files; nutrient_conc is dimensionless and unresolved; time read as hours"
windels2024,E. coli,nutrient_0.8,0.8,amikacin,200.0,ug/mL,100.0,windels_nut0.8_ab200_r3,,0.125,-6.1432711096171175,False,,"t=3h; y_log10 = log10(surviving fraction) RELATIVE to t=0, NOT absolute log10 CFU/mL; surv_frac == 1.0 at t=0 by construction; no absolute density exists anywhere in this deposit so n0_log10 is absent; deposit names no drug and no units; amikacin, ug/mL and ancestral MIC 2 ug/mL are from Windels 2024 ISME J wrae070, not from these files; nutrient_conc is dimensionless and unresolved; time read as hours"
windels2024,E. coli,nutrient_0.8,0.8,amikacin,200.0,ug/mL,100.0,windels_nut0.8_ab200_r3,,0.20833333333333334,-6.512861624522814,False,,"t=5h; y_log10 = log10(surviving fraction) RELATIVE to t=0, NOT absolute log10 CFU/mL; surv_frac == 1.0 at t=0 by construction; no absolute density exists anywhere in this deposit so n0_log10 is absent; deposit names no drug and no units; amikacin, ug/mL and ancestral MIC 2 ug/mL are from Windels 2024 ISME J wrae070, not from these files; nutrient_conc is dimensionless and unresolved; time read as hours"
windels2024,E. coli,nutrient_0.8,0.8,amikacin,200.0,ug/mL,100.0,windels_nut0.8_ab200_r3,,0.3333333333333333,-7.278189384787454,False,,"t=8h; y_log10 = log10(surviving fraction) RELATIVE to t=0, NOT absolute log10 CFU/mL; surv_frac == 1.0 at t=0 by construction; no absolute density exists anywhere in this deposit so n0_log10 is absent; deposit names no drug and no units; amikacin, ug/mL and ancestral MIC 2 ug/mL are from Windels 2024 ISME J wrae070, not from these files; nutrient_conc is dimensionless and unresolved; time read as hours"
windels2024,E. coli,nutrient_0.9,0.9,amikacin,200.0,ug/mL,100.0,windels_nut0.9_ab200_r1,,0.0,0.0,False,,"t=0h; y_log10 = log10(surviving fraction) RELATIVE to t=0, NOT absolute log10 CFU/mL; surv_frac == 1.0 at t=0 by construction; no absolute density exists anywhere in this deposit so n0_log10 is absent; deposit names no drug and no units; amikacin, ug/mL and ancestral MIC 2 ug/mL are from Windels 2024 ISME J wrae070, not from these files; nutrient_conc is dimensionless and unresolved; time read as hours"
windels2024,E. coli,nutrient_0.9,0.9,amikacin,200.0,ug/mL,100.0,windels_nut0.9_ab200_r1,,0.041666666666666664,-5.0400051616715835,False,,"t=1h; y_log10 = log10(surviving fraction) RELATIVE to t=0, NOT absolute log10 CFU/mL; surv_frac == 1.0 at t=0 by construction; no absolute density exists anywhere in this deposit so n0_log10 is absent; deposit names no drug and no units; amikacin, ug/mL and ancestral MIC 2 ug/mL are from Windels 2024 ISME J wrae070, not from these files; nutrient_conc is dimensionless and unresolved; time read as hours"
windels2024,E. coli,nutrient_0.9,0.9,amikacin,200.0,ug/mL,100.0,windels_nut0.9_ab200_r1,,0.08333333333333333,-6.11690664142431,False,,"t=2h; y_log10 = log10(surviving fraction) RELATIVE to t=0, NOT absolute log10 CFU/mL; surv_frac == 1.0 at t=0 by construction; no absolute density exists anywhere in this deposit so n0_log10 is absent; deposit names no drug and no units; amikacin, ug/mL and ancestral MIC 2 ug/mL are from Windels 2024 ISME J wrae070, not from these files; nutrient_conc is dimensionless and unresolved; time read as hours"
windels2024,E. coli,nutrient_0.9,0.9,amikacin,200.0,ug/mL,100.0,windels_nut0.9_ab200_r1,,0.125,-6.749579997691106,False,,"t=3h; y_log10 = log10(surviving fraction) RELATIVE to t=0, NOT absolute log10 CFU/mL; surv_frac == 1.0 at t=0 by construction; no absolute density exists anywhere in this deposit so n0_log10 is absent; deposit names no drug and no units; amikacin, ug/mL and ancestral MIC 2 ug/mL are from Windels 2024 ISME J wrae070, not from these files; nutrient_conc is dimensionless and unresolved; time read as hours"
windels2024,E. coli,nutrient_0.9,0.9,amikacin,200.0,ug/mL,100.0,windels_nut0.9_ab200_r1,,0.20833333333333334,-7.025949097207123,False,,"t=5h; y_log10 = log10(surviving fraction) RELATIVE to t=0, NOT absolute log10 CFU/mL; surv_frac == 1.0 at t=0 by construction; no absolute density exists anywhere in this deposit so n0_log10 is absent; deposit names no drug and no units; amikacin, ug/mL and ancestral MIC 2 ug/mL are from Windels 2024 ISME J wrae070, not from these files; nutrient_conc is dimensionless and unresolved; time read as hours"
windels2024,E. coli,nutrient_0.9,0.9,amikacin,200.0,ug/mL,100.0,windels_nut0.9_ab200_r1,,0.3333333333333333,-7.978810700930062,False,,"t=8h; y_log10 = log10(surviving fraction) RELATIVE to t=0, NOT absolute log10 CFU/mL; surv_frac == 1.0 at t=0 by construction; no absolute density exists anywhere in this deposit so n0_log10 is absent; deposit names no drug and no units; amikacin, ug/mL and ancestral MIC 2 ug/mL are from Windels 2024 ISME J wrae070, not from these files; nutrient_conc is dimensionless and unresolved; time read as hours"
windels2024,E. coli,nutrient_0.9,0.9,amikacin,200.0,ug/mL,100.0,windels_nut0.9_ab200_r2,,0.0,0.0,False,,"t=0h; y_log10 = log10(surviving fraction) RELATIVE to t=0, NOT absolute log10 CFU/mL; surv_frac == 1.0 at t=0 by construction; no absolute density exists anywhere in this deposit so n0_log10 is absent; deposit names no drug and no units; amikacin, ug/mL and ancestral MIC 2 ug/mL are from Windels 2024 ISME J wrae070, not from these files; nutrient_conc is dimensionless and unresolved; time read as hours"
windels2024,E. coli,nutrient_0.9,0.9,amikacin,200.0,ug/mL,100.0,windels_nut0.9_ab200_r2,,0.041666666666666664,-4.97469413473523,False,,"t=1h; y_log10 = log10(surviving fraction) RELATIVE to t=0, NOT absolute log10 CFU/mL; surv_frac == 1.0 at t=0 by construction; no absolute density exists anywhere in this deposit so n0_log10 is absent; deposit names no drug and no units; amikacin, ug/mL and ancestral MIC 2 ug/mL are from Windels 2024 ISME J wrae070, not from these files; nutrient_conc is dimensionless and unresolved; time read as hours"
windels2024,E. coli,nutrient_0.9,0.9,amikacin,200.0,ug/mL,100.0,windels_nut0.9_ab200_r2,,0.08333333333333333,-6.46344155742847,False,,"t=2h; y_log10 = log10(surviving fraction) RELATIVE to t=0, NOT absolute log10 CFU/mL; surv_frac == 1.0 at t=0 by construction; no absolute density exists anywhere in this deposit so n0_log10 is absent; deposit names no drug and no units; amikacin, ug/mL and ancestral MIC 2 ug/mL are from Windels 2024 ISME J wrae070, not from these files; nutrient_conc is dimensionless and unresolved; time read as hours"
windels2024,E. coli,nutrient_0.9,0.9,amikacin,200.0,ug/mL,100.0,windels_nut0.9_ab200_r2,,0.125,-6.127261172527331,False,,"t=3h; y_log10 = log10(surviving fraction) RELATIVE to t=0, NOT absolute log10 CFU/mL; surv_frac == 1.0 at t=0 by construction; no absolute density exists anywhere in this deposit so n0_log10 is absent; deposit names no drug and no units; amikacin, ug/mL and ancestral MIC 2 ug/mL are from Windels 2024 ISME J wrae070, not from these files; nutrient_conc is dimensionless and unresolved; time read as hours"
windels2024,E. coli,nutrient_0.9,0.9,amikacin,200.0,ug/mL,100.0,windels_nut0.9_ab200_r2,,0.20833333333333334,-7.1220530483708115,False,,"t=5h; y_log10 = log10(surviving fraction) RELATIVE to t=0, NOT absolute log10 CFU/mL; surv_frac == 1.0 at t=0 by construction; no absolute density exists anywhere in this deposit so n0_log10 is absent; deposit names no drug and no units; amikacin, ug/mL and ancestral MIC 2 ug/mL are from Windels 2024 ISME J wrae070, not from these files; nutrient_conc is dimensionless and unresolved; time read as hours"
windels2024,E. coli,nutrient_0.9,0.9,amikacin,200.0,ug/mL,100.0,windels_nut0.9_ab200_r2,,0.3333333333333333,-7.774690718274137,False,,"t=8h; y_log10 = log10(surviving fraction) RELATIVE to t=0, NOT absolute log10 CFU/mL; surv_frac == 1.0 at t=0 by construction; no absolute density exists anywhere in this deposit so n0_log10 is absent; deposit names no drug and no units; amikacin, ug/mL and ancestral MIC 2 ug/mL are from Windels 2024 ISME J wrae070, not from these files; nutrient_conc is dimensionless and unresolved; time read as hours"
windels2024,E. coli,nutrient_0.9,0.9,amikacin,200.0,ug/mL,100.0,windels_nut0.9_ab200_r3,,0.0,0.0,False,,"t=0h; y_log10 = log10(surviving fraction) RELATIVE to t=0, NOT absolute log10 CFU/mL; surv_frac == 1.0 at t=0 by construction; no absolute density exists anywhere in this deposit so n0_log10 is absent; deposit names no drug and no units; amikacin, ug/mL and ancestral MIC 2 ug/mL are from Windels 2024 ISME J wrae070, not from these files; nutrient_conc is dimensionless and unresolved; time read as hours"
windels2024,E. coli,nutrient_0.9,0.9,amikacin,200.0,ug/mL,100.0,windels_nut0.9_ab200_r3,,0.041666666666666664,-5.795880017344075,False,,"t=1h; y_log10 = log10(surviving fraction) RELATIVE to t=0, NOT absolute log10 CFU/mL; surv_frac == 1.0 at t=0 by construction; no absolute density exists anywhere in this deposit so n0_log10 is absent; deposit names no drug and no units; amikacin, ug/mL and ancestral MIC 2 ug/mL are from Windels 2024 ISME J wrae070, not from these files; nutrient_conc is dimensionless and unresolved; time read as hours"
windels2024,E. coli,nutrient_0.9,0.9,amikacin,200.0,ug/mL,100.0,windels_nut0.9_ab200_r3,,0.08333333333333333,-7.530177984021837,False,,"t=2h; y_log10 = log10(surviving fraction) RELATIVE to t=0, NOT absolute log10 CFU/mL; surv_frac == 1.0 at t=0 by construction; no absolute density exists anywhere in this deposit so n0_log10 is absent; deposit names no drug and no units; amikacin, ug/mL and ancestral MIC 2 ug/mL are from Windels 2024 ISME J wrae070, not from these files; nutrient_conc is dimensionless and unresolved; time read as hours"
windels2024,E. coli,nutrient_0.9,0.9,amikacin,200.0,ug/mL,100.0,windels_nut0.9_ab200_r3,,0.125,-6.393618634889395,False,,"t=3h; y_log10 = log10(surviving fraction) RELATIVE to t=0, NOT absolute log10 CFU/mL; surv_frac == 1.0 at t=0 by construction; no absolute density exists anywhere in this deposit so n0_log10 is absent; deposit names no drug and no units; amikacin, ug/mL and ancestral MIC 2 ug/mL are from Windels 2024 ISME J wrae070, not from these files; nutrient_conc is dimensionless and unresolved; time read as hours"
windels2024,E. coli,nutrient_0.9,0.9,amikacin,200.0,ug/mL,100.0,windels_nut0.9_ab200_r3,,0.20833333333333334,-7.404503778174426,False,,"t=5h; y_log10 = log10(surviving fraction) RELATIVE to t=0, NOT absolute log10 CFU/mL; surv_frac == 1.0 at t=0 by construction; no absolute density exists anywhere in this deposit so n0_log10 is absent; deposit names no drug and no units; amikacin, ug/mL and ancestral MIC 2 ug/mL are from Windels 2024 ISME J wrae070, not from these files; nutrient_conc is dimensionless and unresolved; time read as hours"
windels2024,E. coli,nutrient_0,0.0,amikacin,400.0,ug/mL,200.0,windels_nut0_ab400_r1,,0.0,0.0,False,,"t=0h; y_log10 = log10(surviving fraction) RELATIVE to t=0, NOT absolute log10 CFU/mL; surv_frac == 1.0 at t=0 by construction; no absolute density exists anywhere in this deposit so n0_log10 is absent; deposit names no drug and no units; amikacin, ug/mL and ancestral MIC 2 ug/mL are from Windels 2024 ISME J wrae070, not from these files; nutrient_conc is dimensionless and unresolved; time read as hours"
windels2024,E. coli,nutrient_0,0.0,amikacin,400.0,ug/mL,200.0,windels_nut0_ab400_r1,,0.041666666666666664,-1.010723845848522,False,,"t=1h; y_log10 = log10(surviving fraction) RELATIVE to t=0, NOT absolute log10 CFU/mL; surv_frac == 1.0 at t=0 by construction; no absolute density exists anywhere in this deposit so n0_log10 is absent; deposit names no drug and no units; amikacin, ug/mL and ancestral MIC 2 ug/mL are from Windels 2024 ISME J wrae070, not from these files; nutrient_conc is dimensionless and unresolved; time read as hours"
windels2024,E. coli,nutrient_0,0.0,amikacin,400.0,ug/mL,200.0,windels_nut0_ab400_r1,,0.08333333333333333,-0.8037560913113093,False,,"t=2h; y_log10 = log10(surviving fraction) RELATIVE to t=0, NOT absolute log10 CFU/mL; surv_frac == 1.0 at t=0 by construction; no absolute density exists anywhere in this deposit so n0_log10 is absent; deposit names no drug and no units; amikacin, ug/mL and ancestral MIC 2 ug/mL are from Windels 2024 ISME J wrae070, not from these files; nutrient_conc is dimensionless and unresolved; time read as hours"
windels2024,E. coli,nutrient_0,0.0,amikacin,400.0,ug/mL,200.0,windels_nut0_ab400_r1,,0.125,-1.0908203440693955,False,,"t=3h; y_log10 = log10(surviving fraction) RELATIVE to t=0, NOT absolute log10 CFU/mL; surv_frac == 1.0 at t=0 by construction; no absolute density exists anywhere in this deposit so n0_log10 is absent; deposit names no drug and no units; amikacin, ug/mL and ancestral MIC 2 ug/mL are from Windels 2024 ISME J wrae070, not from these files; nutrient_conc is dimensionless and unresolved; time read as hours"
windels2024,E. coli,nutrient_0,0.0,amikacin,400.0,ug/mL,200.0,windels_nut0_ab400_r1,,0.20833333333333334,-1.7263254566680923,False,,"t=5h; y_log10 = log10(surviving fraction) RELATIVE to t=0, NOT absolute log10 CFU/mL; surv_frac == 1.0 at t=0 by construction; no absolute density exists anywhere in this deposit so n0_log10 is absent; deposit names no drug and no units; amikacin, ug/mL and ancestral MIC 2 ug/mL are from Windels 2024 ISME J wrae070, not from these files; nutrient_conc is dimensionless and unresolved; time read as hours"
windels2024,E. coli,nutrient_0,0.0,amikacin,400.0,ug/mL,200.0,windels_nut0_ab400_r1,,0.3333333333333333,-2.141580414713369,False,,"t=8h; y_log10 = log10(surviving fraction) RELATIVE to t=0, NOT absolute log10 CFU/mL; surv_frac == 1.0 at t=0 by construction; no absolute density exists anywhere in this deposit so n0_log10 is absent; deposit names no drug and no units; amikacin, ug/mL and ancestral MIC 2 ug/mL are from Windels 2024 ISME J wrae070, not from these files; nutrient_conc is dimensionless and unresolved; time read as hours"
windels2024,E. coli,nutrient_0,0.0,amikacin,400.0,ug/mL,200.0,windels_nut0_ab400_r2,,0.0,0.0,False,,"t=0h; y_log10 = log10(surviving fraction) RELATIVE to t=0, NOT absolute log10 CFU/mL; surv_frac == 1.0 at t=0 by construction; no absolute density exists anywhere in this deposit so n0_log10 is absent; deposit names no drug and no units; amikacin, ug/mL and ancestral MIC 2 ug/mL are from Windels 2024 ISME J wrae070, not from these files; nutrient_conc is dimensionless and unresolved; time read as hours"
windels2024,E. coli,nutrient_0,0.0,amikacin,400.0,ug/mL,200.0,windels_nut0_ab400_r2,,0.041666666666666664,-1.2114422823105742,False,,"t=1h; y_log10 = log10(surviving fraction) RELATIVE to t=0, NOT absolute log10 CFU/mL; surv_frac == 1.0 at t=0 by construction; no absolute density exists anywhere in this deposit so n0_log10 is absent; deposit names no drug and no units; amikacin, ug/mL and ancestral MIC 2 ug/mL are from Windels 2024 ISME J wrae070, not from these files; nutrient_conc is dimensionless and unresolved; time read as hours"
windels2024,E. coli,nutrient_0,0.0,amikacin,400.0,ug/mL,200.0,windels_nut0_ab400_r2,,0.08333333333333333,-0.9337132188231129,False,,"t=2h; y_log10 = log10(surviving fraction) RELATIVE to t=0, NOT absolute log10 CFU/mL; surv_frac == 1.0 at t=0 by construction; no absolute density exists anywhere in this deposit so n0_log10 is absent; deposit names no drug and no units; amikacin, ug/mL and ancestral MIC 2 ug/mL are from Windels 2024 ISME J wrae070, not from these files; nutrient_conc is dimensionless and unresolved; time read as hours"
windels2024,E. coli,nutrient_0,0.0,amikacin,400.0,ug/mL,200.0,windels_nut0_ab400_r2,,0.125,-1.0040933026965506,False,,"t=3h; y_log10 = log10(surviving fraction) RELATIVE to t=0, NOT absolute log10 CFU/mL; surv_frac == 1.0 at t=0 by construction; no absolute density exists anywhere in this deposit so n0_log10 is absent; deposit names no drug and no units; amikacin, ug/mL and ancestral MIC 2 ug/mL are from Windels 2024 ISME J wrae070, not from these files; nutrient_conc is dimensionless and unresolved; time read as hours"
windels2024,E. coli,nutrient_0,0.0,amikacin,400.0,ug/mL,200.0,windels_nut0_ab400_r2,,0.20833333333333334,-1.5893950006411597,False,,"t=5h; y_log10 = log10(surviving fraction) RELATIVE to t=0, NOT absolute log10 CFU/mL; surv_frac == 1.0 at t=0 by construction; no absolute density exists anywhere in this deposit so n0_log10 is absent; deposit names no drug and no units; amikacin, ug/mL and ancestral MIC 2 ug/mL are from Windels 2024 ISME J wrae070, not from these files; nutrient_conc is dimensionless and unresolved; time read as hours"
windels2024,E. coli,nutrient_0,0.0,amikacin,400.0,ug/mL,200.0,windels_nut0_ab400_r2,,0.3333333333333333,-2.036777406382425,False,,"t=8h; y_log10 = log10(surviving fraction) RELATIVE to t=0, NOT absolute log10 CFU/mL; surv_frac == 1.0 at t=0 by construction; no absolute density exists anywhere in this deposit so n0_log10 is absent; deposit names no drug and no units; amikacin, ug/mL and ancestral MIC 2 ug/mL are from Windels 2024 ISME J wrae070, not from these files; nutrient_conc is dimensionless and unresolved; time read as hours"
windels2024,E. coli,nutrient_0,0.0,amikacin,400.0,ug/mL,200.0,windels_nut0_ab400_r3,,0.0,0.0,False,,"t=0h; y_log10 = log10(surviving fraction) RELATIVE to t=0, NOT absolute log10 CFU/mL; surv_frac == 1.0 at t=0 by construction; no absolute density exists anywhere in this deposit so n0_log10 is absent; deposit names no drug and no units; amikacin, ug/mL and ancestral MIC 2 ug/mL are from Windels 2024 ISME J wrae070, not from these files; nutrient_conc is dimensionless and unresolved; time read as hours"
windels2024,E. coli,nutrient_0,0.0,amikacin,400.0,ug/mL,200.0,windels_nut0_ab400_r3,,0.041666666666666664,-0.7732596483694677,False,,"t=1h; y_log10 = log10(surviving fraction) RELATIVE to t=0, NOT absolute log10 CFU/mL; surv_frac == 1.0 at t=0 by construction; no absolute density exists anywhere in this deposit so n0_log10 is absent; deposit names no drug and no units; amikacin, ug/mL and ancestral MIC 2 ug/mL are from Windels 2024 ISME J wrae070, not from these files; nutrient_conc is dimensionless and unresolved; time read as hours"
windels2024,E. coli,nutrient_0,0.0,amikacin,400.0,ug/mL,200.0,windels_nut0_ab400_r3,,0.08333333333333333,-0.7040869216751428,False,,"t=2h; y_log10 = log10(surviving fraction) RELATIVE to t=0, NOT absolute log10 CFU/mL; surv_frac == 1.0 at t=0 by construction; no absolute density exists anywhere in this deposit so n0_log10 is absent; deposit names no drug and no units; amikacin, ug/mL and ancestral MIC 2 ug/mL are from Windels 2024 ISME J wrae070, not from these files; nutrient_conc is dimensionless and unresolved; time read as hours"
windels2024,E. coli,nutrient_0,0.0,amikacin,400.0,ug/mL,200.0,windels_nut0_ab400_r3,,0.125,-0.7287538080961549,False,,"t=3h; y_log10 = log10(surviving fraction) RELATIVE to t=0, NOT absolute log10 CFU/mL; surv_frac == 1.0 at t=0 by construction; no absolute density exists anywhere in this deposit so n0_log10 is absent; deposit names no drug and no units; amikacin, ug/mL and ancestral MIC 2 ug/mL are from Windels 2024 ISME J wrae070, not from these files; nutrient_conc is dimensionless and unresolved; time read as hours"
windels2024,E. coli,nutrient_0,0.0,amikacin,400.0,ug/mL,200.0,windels_nut0_ab400_r3,,0.20833333333333334,-1.486881126554972,False,,"t=5h; y_log10 = log10(surviving fraction) RELATIVE to t=0, NOT absolute log10 CFU/mL; surv_frac == 1.0 at t=0 by construction; no absolute density exists anywhere in this deposit so n0_log10 is absent; deposit names no drug and no units; amikacin, ug/mL and ancestral MIC 2 ug/mL are from Windels 2024 ISME J wrae070, not from these files; nutrient_conc is dimensionless and unresolved; time read as hours"
windels2024,E. coli,nutrient_0,0.0,amikacin,400.0,ug/mL,200.0,windels_nut0_ab400_r3,,0.3333333333333333,-1.9299100211810867,False,,"t=8h; y_log10 = log10(surviving fraction) RELATIVE to t=0, NOT absolute log10 CFU/mL; surv_frac == 1.0 at t=0 by construction; no absolute density exists anywhere in this deposit so n0_log10 is absent; deposit names no drug and no units; amikacin, ug/mL and ancestral MIC 2 ug/mL are from Windels 2024 ISME J wrae070, not from these files; nutrient_conc is dimensionless and unresolved; time read as hours"
windels2024,E. coli,nutrient_0.25,0.25,amikacin,400.0,ug/mL,200.0,windels_nut0.25_ab400_r1,,0.0,0.0,False,,"t=0h; y_log10 = log10(surviving fraction) RELATIVE to t=0, NOT absolute log10 CFU/mL; surv_frac == 1.0 at t=0 by construction; no absolute density exists anywhere in this deposit so n0_log10 is absent; deposit names no drug and no units; amikacin, ug/mL and ancestral MIC 2 ug/mL are from Windels 2024 ISME J wrae070, not from these files; nutrient_conc is dimensionless and unresolved; time read as hours"
windels2024,E. coli,nutrient_0.25,0.25,amikacin,400.0,ug/mL,200.0,windels_nut0.25_ab400_r1,,0.041666666666666664,-3.161150909262745,False,,"t=1h; y_log10 = log10(surviving fraction) RELATIVE to t=0, NOT absolute log10 CFU/mL; surv_frac == 1.0 at t=0 by construction; no absolute density exists anywhere in this deposit so n0_log10 is absent; deposit names no drug and no units; amikacin, ug/mL and ancestral MIC 2 ug/mL are from Windels 2024 ISME J wrae070, not from these files; nutrient_conc is dimensionless and unresolved; time read as hours"
windels2024,E. coli,nutrient_0.25,0.25,amikacin,400.0,ug/mL,200.0,windels_nut0.25_ab400_r1,,0.08333333333333333,-3.140861702705469,False,,"t=2h; y_log10 = log10(surviving fraction) RELATIVE to t=0, NOT absolute log10 CFU/mL; surv_frac == 1.0 at t=0 by construction; no absolute density exists anywhere in this deposit so n0_log10 is absent; deposit names no drug and no units; amikacin, ug/mL and ancestral MIC 2 ug/mL are from Windels 2024 ISME J wrae070, not from these files; nutrient_conc is dimensionless and unresolved; time read as hours"
windels2024,E. coli,nutrient_0.25,0.25,amikacin,400.0,ug/mL,200.0,windels_nut0.25_ab400_r1,,0.125,-3.661543506395395,False,,"t=3h; y_log10 = log10(surviving fraction) RELATIVE to t=0, NOT absolute log10 CFU/mL; surv_frac == 1.0 at t=0 by construction; no absolute density exists anywhere in this deposit so n0_log10 is absent; deposit names no drug and no units; amikacin, ug/mL and ancestral MIC 2 ug/mL are from Windels 2024 ISME J wrae070, not from these files; nutrient_conc is dimensionless and unresolved; time read as hours"
windels2024,E. coli,nutrient_0.25,0.25,amikacin,400.0,ug/mL,200.0,windels_nut0.25_ab400_r1,,0.20833333333333334,-3.7931741239681505,False,,"t=5h; y_log10 = log10(surviving fraction) RELATIVE to t=0, NOT absolute log10 CFU/mL; surv_frac == 1.0 at t=0 by construction; no absolute density exists anywhere in this deposit so n0_log10 is absent; deposit names no drug and no units; amikacin, ug/mL and ancestral MIC 2 ug/mL are from Windels 2024 ISME J wrae070, not from these files; nutrient_conc is dimensionless and unresolved; time read as hours"
windels2024,E. coli,nutrient_0.25,0.25,amikacin,400.0,ug/mL,200.0,windels_nut0.25_ab400_r1,,0.3333333333333333,-4.437707135543525,False,,"t=8h; y_log10 = log10(surviving fraction) RELATIVE to t=0, NOT absolute log10 CFU/mL; surv_frac == 1.0 at t=0 by construction; no absolute density exists anywhere in this deposit so n0_log10 is absent; deposit names no drug and no units; amikacin, ug/mL and ancestral MIC 2 ug/mL are from Windels 2024 ISME J wrae070, not from these files; nutrient_conc is dimensionless and unresolved; time read as hours"
windels2024,E. coli,nutrient_0.25,0.25,amikacin,400.0,ug/mL,200.0,windels_nut0.25_ab400_r2,,0.0,0.0,False,,"t=0h; y_log10 = log10(surviving fraction) RELATIVE to t=0, NOT absolute log10 CFU/mL; surv_frac == 1.0 at t=0 by construction; no absolute density exists anywhere in this deposit so n0_log10 is absent; deposit names no drug and no units; amikacin, ug/mL and ancestral MIC 2 ug/mL are from Windels 2024 ISME J wrae070, not from these files; nutrient_conc is dimensionless and unresolved; time read as hours"
windels2024,E. coli,nutrient_0.25,0.25,amikacin,400.0,ug/mL,200.0,windels_nut0.25_ab400_r2,,0.041666666666666664,-3.140261433802853,False,,"t=1h; y_log10 = log10(surviving fraction) RELATIVE to t=0, NOT absolute log10 CFU/mL; surv_frac == 1.0 at t=0 by construction; no absolute density exists anywhere in this deposit so n0_log10 is absent; deposit names no drug and no units; amikacin, ug/mL and ancestral MIC 2 ug/mL are from Windels 2024 ISME J wrae070, not from these files; nutrient_conc is dimensionless and unresolved; time read as hours"
windels2024,E. coli,nutrient_0.25,0.25,amikacin,400.0,ug/mL,200.0,windels_nut0.25_ab400_r2,,0.08333333333333333,-3.5734887386354246,False,,"t=2h; y_log10 = log10(surviving fraction) RELATIVE to t=0, NOT absolute log10 CFU/mL; surv_frac == 1.0 at t=0 by construction; no absolute density exists anywhere in this deposit so n0_log10 is absent; deposit names no drug and no units; amikacin, ug/mL and ancestral MIC 2 ug/mL are from Windels 2024 ISME J wrae070, not from these files; nutrient_conc is dimensionless and unresolved; time read as hours"
windels2024,E. coli,nutrient_0.25,0.25,amikacin,400.0,ug/mL,200.0,windels_nut0.25_ab400_r2,,0.125,-3.779891911959945,False,,"t=3h; y_log10 = log10(surviving fraction) RELATIVE to t=0, NOT absolute log10 CFU/mL; surv_frac == 1.0 at t=0 by construction; no absolute density exists anywhere in this deposit so n0_log10 is absent; deposit names no drug and no units; amikacin, ug/mL and ancestral MIC 2 ug/mL are from Windels 2024 ISME J wrae070, not from these files; nutrient_conc is dimensionless and unresolved; time read as hours"
windels2024,E. coli,nutrient_0.25,0.25,amikacin,400.0,ug/mL,200.0,windels_nut0.25_ab400_r2,,0.20833333333333334,-3.939302159646388,False,,"t=5h; y_log10 = log10(surviving fraction) RELATIVE to t=0, NOT absolute log10 CFU/mL; surv_frac == 1.0 at t=0 by construction; no absolute density exists anywhere in this deposit so n0_log10 is absent; deposit names no drug and no units; amikacin, ug/mL and ancestral MIC 2 ug/mL are from Windels 2024 ISME J wrae070, not from these files; nutrient_conc is dimensionless and unresolved; time read as hours"
windels2024,E. coli,nutrient_0.25,0.25,amikacin,400.0,ug/mL,200.0,windels_nut0.25_ab400_r2,,0.3333333333333333,-4.2644011003018205,False,,"t=8h; y_log10 = log10(surviving fraction) RELATIVE to t=0, NOT absolute log10 CFU/mL; surv_frac == 1.0 at t=0 by construction; no absolute density exists anywhere in this deposit so n0_log10 is absent; deposit names no drug and no units; amikacin, ug/mL and ancestral MIC 2 ug/mL are from Windels 2024 ISME J wrae070, not from these files; nutrient_conc is dimensionless and unresolved; time read as hours"
windels2024,E. coli,nutrient_0.25,0.25,amikacin,400.0,ug/mL,200.0,windels_nut0.25_ab400_r3,,0.0,0.0,False,,"t=0h; y_log10 = log10(surviving fraction) RELATIVE to t=0, NOT absolute log10 CFU/mL; surv_frac == 1.0 at t=0 by construction; no absolute density exists anywhere in this deposit so n0_log10 is absent; deposit names no drug and no units; amikacin, ug/mL and ancestral MIC 2 ug/mL are from Windels 2024 ISME J wrae070, not from these files; nutrient_conc is dimensionless and unresolved; time read as hours"
windels2024,E. coli,nutrient_0.25,0.25,amikacin,400.0,ug/mL,200.0,windels_nut0.25_ab400_r3,,0.041666666666666664,-3.2865094569060576,False,,"t=1h; y_log10 = log10(surviving fraction) RELATIVE to t=0, NOT absolute log10 CFU/mL; surv_frac == 1.0 at t=0 by construction; no absolute density exists anywhere in this deposit so n0_log10 is absent; deposit names no drug and no units; amikacin, ug/mL and ancestral MIC 2 ug/mL are from Windels 2024 ISME J wrae070, not from these files; nutrient_conc is dimensionless and unresolved; time read as hours"
windels2024,E. coli,nutrient_0.25,0.25,amikacin,400.0,ug/mL,200.0,windels_nut0.25_ab400_r3,,0.08333333333333333,-3.6478174818886377,False,,"t=2h; y_log10 = log10(surviving fraction) RELATIVE to t=0, NOT absolute log10 CFU/mL; surv_frac == 1.0 at t=0 by construction; no absolute density exists anywhere in this deposit so n0_log10 is absent; deposit names no drug and no units; amikacin, ug/mL and ancestral MIC 2 ug/mL are from Windels 2024 ISME J wrae070, not from these files; nutrient_conc is dimensionless and unresolved; time read as hours"
windels2024,E. coli,nutrient_0.25,0.25,amikacin,400.0,ug/mL,200.0,windels_nut0.25_ab400_r3,,0.125,-3.3726341434072675,False,,"t=3h; y_log10 = log10(surviving fraction) RELATIVE to t=0, NOT absolute log10 CFU/mL; surv_frac == 1.0 at t=0 by construction; no absolute density exists anywhere in this deposit so n0_log10 is absent; deposit names no drug and no units; amikacin, ug/mL and ancestral MIC 2 ug/mL are from Windels 2024 ISME J wrae070, not from these files; nutrient_conc is dimensionless and unresolved; time read as hours"
windels2024,E. coli,nutrient_0.25,0.25,amikacin,400.0,ug/mL,200.0,windels_nut0.25_ab400_r3,,0.20833333333333334,-3.6989700043360187,False,,"t=5h; y_log10 = log10(surviving fraction) RELATIVE to t=0, NOT absolute log10 CFU/mL; surv_frac == 1.0 at t=0 by construction; no absolute density exists anywhere in this deposit so n0_log10 is absent; deposit names no drug and no units; amikacin, ug/mL and ancestral MIC 2 ug/mL are from Windels 2024 ISME J wrae070, not from these files; nutrient_conc is dimensionless and unresolved; time read as hours"
windels2024,E. coli,nutrient_0.25,0.25,amikacin,400.0,ug/mL,200.0,windels_nut0.25_ab400_r3,,0.3333333333333333,-4.169411331314856,False,,"t=8h; y_log10 = log10(surviving fraction) RELATIVE to t=0, NOT absolute log10 CFU/mL; surv_frac == 1.0 at t=0 by construction; no absolute density exists anywhere in this deposit so n0_log10 is absent; deposit names no drug and no units; amikacin, ug/mL and ancestral MIC 2 ug/mL are from Windels 2024 ISME J wrae070, not from these files; nutrient_conc is dimensionless and unresolved; time read as hours"
windels2024,E. coli,nutrient_0.5,0.5,amikacin,400.0,ug/mL,200.0,windels_nut0.5_ab400_r1,,0.0,0.0,False,,"t=0h; y_log10 = log10(surviving fraction) RELATIVE to t=0, NOT absolute log10 CFU/mL; surv_frac == 1.0 at t=0 by construction; no absolute density exists anywhere in this deposit so n0_log10 is absent; deposit names no drug and no units; amikacin, ug/mL and ancestral MIC 2 ug/mL are from Windels 2024 ISME J wrae070, not from these files; nutrient_conc is dimensionless and unresolved; time read as hours"
windels2024,E. coli,nutrient_0.5,0.5,amikacin,400.0,ug/mL,200.0,windels_nut0.5_ab400_r1,,0.041666666666666664,-4.245651664288981,False,,"t=1h; y_log10 = log10(surviving fraction) RELATIVE to t=0, NOT absolute log10 CFU/mL; surv_frac == 1.0 at t=0 by construction; no absolute density exists anywhere in this deposit so n0_log10 is absent; deposit names no drug and no units; amikacin, ug/mL and ancestral MIC 2 ug/mL are from Windels 2024 ISME J wrae070, not from these files; nutrient_conc is dimensionless and unresolved; time read as hours"
windels2024,E. coli,nutrient_0.5,0.5,amikacin,400.0,ug/mL,200.0,windels_nut0.5_ab400_r1,,0.08333333333333333,-4.7121982700697735,False,,"t=2h; y_log10 = log10(surviving fraction) RELATIVE to t=0, NOT absolute log10 CFU/mL; surv_frac == 1.0 at t=0 by construction; no absolute density exists anywhere in this deposit so n0_log10 is absent; deposit names no drug and no units; amikacin, ug/mL and ancestral MIC 2 ug/mL are from Windels 2024 ISME J wrae070, not from these files; nutrient_conc is dimensionless and unresolved; time read as hours"
windels2024,E. coli,nutrient_0.5,0.5,amikacin,400.0,ug/mL,200.0,windels_nut0.5_ab400_r1,,0.125,-4.634512015109101,False,,"t=3h; y_log10 = log10(surviving fraction) RELATIVE to t=0, NOT absolute log10 CFU/mL; surv_frac == 1.0 at t=0 by construction; no absolute density exists anywhere in this deposit so n0_log10 is absent; deposit names no drug and no units; amikacin, ug/mL and ancestral MIC 2 ug/mL are from Windels 2024 ISME J wrae070, not from these files; nutrient_conc is dimensionless and unresolved; time read as hours"
windels2024,E. coli,nutrient_0.5,0.5,amikacin,400.0,ug/mL,200.0,windels_nut0.5_ab400_r1,,0.20833333333333334,-4.583359492661719,False,,"t=5h; y_log10 = log10(surviving fraction) RELATIVE to t=0, NOT absolute log10 CFU/mL; surv_frac == 1.0 at t=0 by construction; no absolute density exists anywhere in this deposit so n0_log10 is absent; deposit names no drug and no units; amikacin, ug/mL and ancestral MIC 2 ug/mL are from Windels 2024 ISME J wrae070, not from these files; nutrient_conc is dimensionless and unresolved; time read as hours"
windels2024,E. coli,nutrient_0.5,0.5,amikacin,400.0,ug/mL,200.0,windels_nut0.5_ab400_r1,,0.3333333333333333,-5.882728704344236,False,,"t=8h; y_log10 = log10(surviving fraction) RELATIVE to t=0, NOT absolute log10 CFU/mL; surv_frac == 1.0 at t=0 by construction; no absolute density exists anywhere in this deposit so n0_log10 is absent; deposit names no drug and no units; amikacin, ug/mL and ancestral MIC 2 ug/mL are from Windels 2024 ISME J wrae070, not from these files; nutrient_conc is dimensionless and unresolved; time read as hours"
windels2024,E. coli,nutrient_0.5,0.5,amikacin,400.0,ug/mL,200.0,windels_nut0.5_ab400_r2,,0.0,0.0,False,,"t=0h; y_log10 = log10(surviving fraction) RELATIVE to t=0, NOT absolute log10 CFU/mL; surv_frac == 1.0 at t=0 by construction; no absolute density exists anywhere in this deposit so n0_log10 is absent; deposit names no drug and no units; amikacin, ug/mL and ancestral MIC 2 ug/mL are from Windels 2024 ISME J wrae070, not from these files; nutrient_conc is dimensionless and unresolved; time read as hours"
windels2024,E. coli,nutrient_0.5,0.5,amikacin,400.0,ug/mL,200.0,windels_nut0.5_ab400_r2,,0.041666666666666664,-4.275724130399211,False,,"t=1h; y_log10 = log10(surviving fraction) RELATIVE to t=0, NOT absolute log10 CFU/mL; surv_frac == 1.0 at t=0 by construction; no absolute density exists anywhere in this deposit so n0_log10 is absent; deposit names no drug and no units; amikacin, ug/mL and ancestral MIC 2 ug/mL are from Windels 2024 ISME J wrae070, not from these files; nutrient_conc is dimensionless and unresolved; time read as hours"
windels2024,E. coli,nutrient_0.5,0.5,amikacin,400.0,ug/mL,200.0,windels_nut0.5_ab400_r2,,0.08333333333333333,-4.638272163982407,False,,"t=2h; y_log10 = log10(surviving fraction) RELATIVE to t=0, NOT absolute log10 CFU/mL; surv_frac == 1.0 at t=0 by construction; no absolute density exists anywhere in this deposit so n0_log10 is absent; deposit names no drug and no units; amikacin, ug/mL and ancestral MIC 2 ug/mL are from Windels 2024 ISME J wrae070, not from these files; nutrient_conc is dimensionless and unresolved; time read as hours"
windels2024,E. coli,nutrient_0.5,0.5,amikacin,400.0,ug/mL,200.0,windels_nut0.5_ab400_r2,,0.125,-4.533132379645891,False,,"t=3h; y_log10 = log10(surviving fraction) RELATIVE to t=0, NOT absolute log10 CFU/mL; surv_frac == 1.0 at t=0 by construction; no absolute density exists anywhere in this deposit so n0_log10 is absent; deposit names no drug and no units; amikacin, ug/mL and ancestral MIC 2 ug/mL are from Windels 2024 ISME J wrae070, not from these files; nutrient_conc is dimensionless and unresolved; time read as hours"
windels2024,E. coli,nutrient_0.5,0.5,amikacin,400.0,ug/mL,200.0,windels_nut0.5_ab400_r2,,0.20833333333333334,-4.548213564475709,False,,"t=5h; y_log10 = log10(surviving fraction) RELATIVE to t=0, NOT absolute log10 CFU/mL; surv_frac == 1.0 at t=0 by construction; no absolute density exists anywhere in this deposit so n0_log10 is absent; deposit names no drug and no units; amikacin, ug/mL and ancestral MIC 2 ug/mL are from Windels 2024 ISME J wrae070, not from these files; nutrient_conc is dimensionless and unresolved; time read as hours"
windels2024,E. coli,nutrient_0.5,0.5,amikacin,400.0,ug/mL,200.0,windels_nut0.5_ab400_r2,,0.3333333333333333,-6.568636235841013,False,,"t=8h; y_log10 = log10(surviving fraction) RELATIVE to t=0, NOT absolute log10 CFU/mL; surv_frac == 1.0 at t=0 by construction; no absolute density exists anywhere in this deposit so n0_log10 is absent; deposit names no drug and no units; amikacin, ug/mL and ancestral MIC 2 ug/mL are from Windels 2024 ISME J wrae070, not from these files; nutrient_conc is dimensionless and unresolved; time read as hours"
windels2024,E. coli,nutrient_0.5,0.5,amikacin,400.0,ug/mL,200.0,windels_nut0.5_ab400_r3,,0.0,0.0,False,,"t=0h; y_log10 = log10(surviving fraction) RELATIVE to t=0, NOT absolute log10 CFU/mL; surv_frac == 1.0 at t=0 by construction; no absolute density exists anywhere in this deposit so n0_log10 is absent; deposit names no drug and no units; amikacin, ug/mL and ancestral MIC 2 ug/mL are from Windels 2024 ISME J wrae070, not from these files; nutrient_conc is dimensionless and unresolved; time read as hours"
windels2024,E. coli,nutrient_0.5,0.5,amikacin,400.0,ug/mL,200.0,windels_nut0.5_ab400_r3,,0.041666666666666664,-4.274088367704952,False,,"t=1h; y_log10 = log10(surviving fraction) RELATIVE to t=0, NOT absolute log10 CFU/mL; surv_frac == 1.0 at t=0 by construction; no absolute density exists anywhere in this deposit so n0_log10 is absent; deposit names no drug and no units; amikacin, ug/mL and ancestral MIC 2 ug/mL are from Windels 2024 ISME J wrae070, not from these files; nutrient_conc is dimensionless and unresolved; time read as hours"
windels2024,E. coli,nutrient_0.5,0.5,amikacin,400.0,ug/mL,200.0,windels_nut0.5_ab400_r3,,0.08333333333333333,-4.774690718274138,False,,"t=2h; y_log10 = log10(surviving fraction) RELATIVE to t=0, NOT absolute log10 CFU/mL; surv_frac == 1.0 at t=0 by construction; no absolute density exists anywhere in this deposit so n0_log10 is absent; deposit names no drug and no units; amikacin, ug/mL and ancestral MIC 2 ug/mL are from Windels 2024 ISME J wrae070, not from these files; nutrient_conc is dimensionless and unresolved; time read as hours"
windels2024,E. coli,nutrient_0.5,0.5,amikacin,400.0,ug/mL,200.0,windels_nut0.5_ab400_r3,,0.125,-4.609064892896621,False,,"t=3h; y_log10 = log10(surviving fraction) RELATIVE to t=0, NOT absolute log10 CFU/mL; surv_frac == 1.0 at t=0 by construction; no absolute density exists anywhere in this deposit so n0_log10 is absent; deposit names no drug and no units; amikacin, ug/mL and ancestral MIC 2 ug/mL are from Windels 2024 ISME J wrae070, not from these files; nutrient_conc is dimensionless and unresolved; time read as hours"
windels2024,E. coli,nutrient_0.5,0.5,amikacin,400.0,ug/mL,200.0,windels_nut0.5_ab400_r3,,0.20833333333333334,-4.818156412055227,False,,"t=5h; y_log10 = log10(surviving fraction) RELATIVE to t=0, NOT absolute log10 CFU/mL; surv_frac == 1.0 at t=0 by construction; no absolute density exists anywhere in this deposit so n0_log10 is absent; deposit names no drug and no units; amikacin, ug/mL and ancestral MIC 2 ug/mL are from Windels 2024 ISME J wrae070, not from these files; nutrient_conc is dimensionless and unresolved; time read as hours"
windels2024,E. coli,nutrient_0.5,0.5,amikacin,400.0,ug/mL,200.0,windels_nut0.5_ab400_r3,,0.3333333333333333,-6.856985199745905,False,,"t=8h; y_log10 = log10(surviving fraction) RELATIVE to t=0, NOT absolute log10 CFU/mL; surv_frac == 1.0 at t=0 by construction; no absolute density exists anywhere in this deposit so n0_log10 is absent; deposit names no drug and no units; amikacin, ug/mL and ancestral MIC 2 ug/mL are from Windels 2024 ISME J wrae070, not from these files; nutrient_conc is dimensionless and unresolved; time read as hours"
windels2024,E. coli,nutrient_0.8,0.8,amikacin,400.0,ug/mL,200.0,windels_nut0.8_ab400_r1,,0.0,0.0,False,,"t=0h; y_log10 = log10(surviving fraction) RELATIVE to t=0, NOT absolute log10 CFU/mL; surv_frac == 1.0 at t=0 by construction; no absolute density exists anywhere in this deposit so n0_log10 is absent; deposit names no drug and no units; amikacin, ug/mL and ancestral MIC 2 ug/mL are from Windels 2024 ISME J wrae070, not from these files; nutrient_conc is dimensionless and unresolved; time read as hours"
windels2024,E. coli,nutrient_0.8,0.8,amikacin,400.0,ug/mL,200.0,windels_nut0.8_ab400_r1,,0.041666666666666664,-6.39040559077478,False,,"t=1h; y_log10 = log10(surviving fraction) RELATIVE to t=0, NOT absolute log10 CFU/mL; surv_frac == 1.0 at t=0 by construction; no absolute density exists anywhere in this deposit so n0_log10 is absent; deposit names no drug and no units; amikacin, ug/mL and ancestral MIC 2 ug/mL are from Windels 2024 ISME J wrae070, not from these files; nutrient_conc is dimensionless and unresolved; time read as hours"
windels2024,E. coli,nutrient_0.8,0.8,amikacin,400.0,ug/mL,200.0,windels_nut0.8_ab400_r1,,0.08333333333333333,-7.649751981665837,False,,"t=2h; y_log10 = log10(surviving fraction) RELATIVE to t=0, NOT absolute log10 CFU/mL; surv_frac == 1.0 at t=0 by construction; no absolute density exists anywhere in this deposit so n0_log10 is absent; deposit names no drug and no units; amikacin, ug/mL and ancestral MIC 2 ug/mL are from Windels 2024 ISME J wrae070, not from these files; nutrient_conc is dimensionless and unresolved; time read as hours"
windels2024,E. coli,nutrient_0.8,0.8,amikacin,400.0,ug/mL,200.0,windels_nut0.8_ab400_r1,,0.125,-6.94692155651658,False,,"t=3h; y_log10 = log10(surviving fraction) RELATIVE to t=0, NOT absolute log10 CFU/mL; surv_frac == 1.0 at t=0 by construction; no absolute density exists anywhere in this deposit so n0_log10 is absent; deposit names no drug and no units; amikacin, ug/mL and ancestral MIC 2 ug/mL are from Windels 2024 ISME J wrae070, not from these files; nutrient_conc is dimensionless and unresolved; time read as hours"
windels2024,E. coli,nutrient_0.8,0.8,amikacin,400.0,ug/mL,200.0,windels_nut0.8_ab400_r1,,0.20833333333333334,-7.586700235918748,False,,"t=5h; y_log10 = log10(surviving fraction) RELATIVE to t=0, NOT absolute log10 CFU/mL; surv_frac == 1.0 at t=0 by construction; no absolute density exists anywhere in this deposit so n0_log10 is absent; deposit names no drug and no units; amikacin, ug/mL and ancestral MIC 2 ug/mL are from Windels 2024 ISME J wrae070, not from these files; nutrient_conc is dimensionless and unresolved; time read as hours"
windels2024,E. coli,nutrient_0.8,0.8,amikacin,400.0,ug/mL,200.0,windels_nut0.8_ab400_r1,,0.3333333333333333,-7.815308569182402,False,,"t=8h; y_log10 = log10(surviving fraction) RELATIVE to t=0, NOT absolute log10 CFU/mL; surv_frac == 1.0 at t=0 by construction; no absolute density exists anywhere in this deposit so n0_log10 is absent; deposit names no drug and no units; amikacin, ug/mL and ancestral MIC 2 ug/mL are from Windels 2024 ISME J wrae070, not from these files; nutrient_conc is dimensionless and unresolved; time read as hours"
windels2024,E. coli,nutrient_0.8,0.8,amikacin,400.0,ug/mL,200.0,windels_nut0.8_ab400_r2,,0.0,0.0,False,,"t=0h; y_log10 = log10(surviving fraction) RELATIVE to t=0, NOT absolute log10 CFU/mL; surv_frac == 1.0 at t=0 by construction; no absolute density exists anywhere in this deposit so n0_log10 is absent; deposit names no drug and no units; amikacin, ug/mL and ancestral MIC 2 ug/mL are from Windels 2024 ISME J wrae070, not from these files; nutrient_conc is dimensionless and unresolved; time read as hours"
windels2024,E. coli,nutrient_0.8,0.8,amikacin,400.0,ug/mL,200.0,windels_nut0.8_ab400_r2,,0.041666666666666664,-6.5638373529592435,False,,"t=1h; y_log10 = log10(surviving fraction) RELATIVE to t=0, NOT absolute log10 CFU/mL; surv_frac == 1.0 at t=0 by construction; no absolute density exists anywhere in this deposit so n0_log10 is absent; deposit names no drug and no units; amikacin, ug/mL and ancestral MIC 2 ug/mL are from Windels 2024 ISME J wrae070, not from these files; nutrient_conc is dimensionless and unresolved; time read as hours"
windels2024,E. coli,nutrient_0.8,0.8,amikacin,400.0,ug/mL,200.0,windels_nut0.8_ab400_r2,,0.08333333333333333,-7.661543506395395,False,,"t=2h; y_log10 = log10(surviving fraction) RELATIVE to t=0, NOT absolute log10 CFU/mL; surv_frac == 1.0 at t=0 by construction; no absolute density exists anywhere in this deposit so n0_log10 is absent; deposit names no drug and no units; amikacin, ug/mL and ancestral MIC 2 ug/mL are from Windels 2024 ISME J wrae070, not from these files; nutrient_conc is dimensionless and unresolved; time read as hours"
windels2024,E. coli,nutrient_0.8,0.8,amikacin,400.0,ug/mL,200.0,windels_nut0.8_ab400_r2,,0.125,-7.124360062995832,False,,"t=3h; y_log10 = log10(surviving fraction) RELATIVE to t=0, NOT absolute log10 CFU/mL; surv_frac == 1.0 at t=0 by construction; no absolute density exists anywhere in this deposit so n0_log10 is absent; deposit names no drug and no units; amikacin, ug/mL and ancestral MIC 2 ug/mL are from Windels 2024 ISME J wrae070, not from these files; nutrient_conc is dimensionless and unresolved; time read as hours"
windels2024,E. coli,nutrient_0.8,0.8,amikacin,400.0,ug/mL,200.0,windels_nut0.8_ab400_r2,,0.3333333333333333,-8.152427340857887,False,,"t=8h; y_log10 = log10(surviving fraction) RELATIVE to t=0, NOT absolute log10 CFU/mL; surv_frac == 1.0 at t=0 by construction; no absolute density exists anywhere in this deposit so n0_log10 is absent; deposit names no drug and no units; amikacin, ug/mL and ancestral MIC 2 ug/mL are from Windels 2024 ISME J wrae070, not from these files; nutrient_conc is dimensionless and unresolved; time read as hours"
windels2024,E. coli,nutrient_0.8,0.8,amikacin,400.0,ug/mL,200.0,windels_nut0.8_ab400_r3,,0.0,0.0,False,,"t=0h; y_log10 = log10(surviving fraction) RELATIVE to t=0, NOT absolute log10 CFU/mL; surv_frac == 1.0 at t=0 by construction; no absolute density exists anywhere in this deposit so n0_log10 is absent; deposit names no drug and no units; amikacin, ug/mL and ancestral MIC 2 ug/mL are from Windels 2024 ISME J wrae070, not from these files; nutrient_conc is dimensionless and unresolved; time read as hours"
windels2024,E. coli,nutrient_0.8,0.8,amikacin,400.0,ug/mL,200.0,windels_nut0.8_ab400_r3,,0.041666666666666664,-6.220403508742176,False,,"t=1h; y_log10 = log10(surviving fraction) RELATIVE to t=0, NOT absolute log10 CFU/mL; surv_frac == 1.0 at t=0 by construction; no absolute density exists anywhere in this deposit so n0_log10 is absent; deposit names no drug and no units; amikacin, ug/mL and ancestral MIC 2 ug/mL are from Windels 2024 ISME J wrae070, not from these files; nutrient_conc is dimensionless and unresolved; time read as hours"
windels2024,E. coli,nutrient_0.8,0.8,amikacin,400.0,ug/mL,200.0,windels_nut0.8_ab400_r3,,0.08333333333333333,-7.503070351926785,False,,"t=2h; y_log10 = log10(surviving fraction) RELATIVE to t=0, NOT absolute log10 CFU/mL; surv_frac == 1.0 at t=0 by construction; no absolute density exists anywhere in this deposit so n0_log10 is absent; deposit names no drug and no units; amikacin, ug/mL and ancestral MIC 2 ug/mL are from Windels 2024 ISME J wrae070, not from these files; nutrient_conc is dimensionless and unresolved; time read as hours"
windels2024,E. coli,nutrient_0.8,0.8,amikacin,400.0,ug/mL,200.0,windels_nut0.8_ab400_r3,,0.125,-7.503070351926785,False,,"t=3h; y_log10 = log10(surviving fraction) RELATIVE to t=0, NOT absolute log10 CFU/mL; surv_frac == 1.0 at t=0 by construction; no absolute density exists anywhere in this deposit so n0_log10 is absent; deposit names no drug and no units; amikacin, ug/mL and ancestral MIC 2 ug/mL are from Windels 2024 ISME J wrae070, not from these files; nutrient_conc is dimensionless and unresolved; time read as hours"
windels2024,E. coli,nutrient_0.8,0.8,amikacin,400.0,ug/mL,200.0,windels_nut0.8_ab400_r3,,0.20833333333333334,-8.056011124926227,False,,"t=5h; y_log10 = log10(surviving fraction) RELATIVE to t=0, NOT absolute log10 CFU/mL; surv_frac == 1.0 at t=0 by construction; no absolute density exists anywhere in this deposit so n0_log10 is absent; deposit names no drug and no units; amikacin, ug/mL and ancestral MIC 2 ug/mL are from Windels 2024 ISME J wrae070, not from these files; nutrient_conc is dimensionless and unresolved; time read as hours"
windels2024,E. coli,nutrient_0.8,0.8,amikacin,400.0,ug/mL,200.0,windels_nut0.8_ab400_r3,,0.3333333333333333,-8.046723663332696,False,,"t=8h; y_log10 = log10(surviving fraction) RELATIVE to t=0, NOT absolute log10 CFU/mL; surv_frac == 1.0 at t=0 by construction; no absolute density exists anywhere in this deposit so n0_log10 is absent; deposit names no drug and no units; amikacin, ug/mL and ancestral MIC 2 ug/mL are from Windels 2024 ISME J wrae070, not from these files; nutrient_conc is dimensionless and unresolved; time read as hours"
windels2024,E. coli,nutrient_0.9,0.9,amikacin,400.0,ug/mL,200.0,windels_nut0.9_ab400_r1,,0.0,0.0,False,,"t=0h; y_log10 = log10(surviving fraction) RELATIVE to t=0, NOT absolute log10 CFU/mL; surv_frac == 1.0 at t=0 by construction; no absolute density exists anywhere in this deposit so n0_log10 is absent; deposit names no drug and no units; amikacin, ug/mL and ancestral MIC 2 ug/mL are from Windels 2024 ISME J wrae070, not from these files; nutrient_conc is dimensionless and unresolved; time read as hours"
windels2024,E. coli,nutrient_0.9,0.9,amikacin,400.0,ug/mL,200.0,windels_nut0.9_ab400_r2,,0.0,0.0,False,,"t=0h; y_log10 = log10(surviving fraction) RELATIVE to t=0, NOT absolute log10 CFU/mL; surv_frac == 1.0 at t=0 by construction; no absolute density exists anywhere in this deposit so n0_log10 is absent; deposit names no drug and no units; amikacin, ug/mL and ancestral MIC 2 ug/mL are from Windels 2024 ISME J wrae070, not from these files; nutrient_conc is dimensionless and unresolved; time read as hours"
windels2024,E. coli,nutrient_0.9,0.9,amikacin,400.0,ug/mL,200.0,windels_nut0.9_ab400_r2,,0.041666666666666664,-6.694648630553377,False,,"t=1h; y_log10 = log10(surviving fraction) RELATIVE to t=0, NOT absolute log10 CFU/mL; surv_frac == 1.0 at t=0 by construction; no absolute density exists anywhere in this deposit so n0_log10 is absent; deposit names no drug and no units; amikacin, ug/mL and ancestral MIC 2 ug/mL are from Windels 2024 ISME J wrae070, not from these files; nutrient_conc is dimensionless and unresolved; time read as hours"
windels2024,E. coli,nutrient_0.9,0.9,amikacin,400.0,ug/mL,200.0,windels_nut0.9_ab400_r2,,0.08333333333333333,-7.806875401645538,False,,"t=2h; y_log10 = log10(surviving fraction) RELATIVE to t=0, NOT absolute log10 CFU/mL; surv_frac == 1.0 at t=0 by construction; no absolute density exists anywhere in this deposit so n0_log10 is absent; deposit names no drug and no units; amikacin, ug/mL and ancestral MIC 2 ug/mL are from Windels 2024 ISME J wrae070, not from these files; nutrient_conc is dimensionless and unresolved; time read as hours"
windels2024,E. coli,nutrient_0.9,0.9,amikacin,400.0,ug/mL,200.0,windels_nut0.9_ab400_r2,,0.125,,True,,"t=3h; y_log10 = log10(surviving fraction) RELATIVE to t=0, NOT absolute log10 CFU/mL; surv_frac == 1.0 at t=0 by construction; no absolute density exists anywhere in this deposit so n0_log10 is absent; deposit names no drug and no units; amikacin, ug/mL and ancestral MIC 2 ug/mL are from Windels 2024 ISME J wrae070, not from these files; nutrient_conc is dimensionless and unresolved; time read as hours; surv_frac reported as exactly 0 = below detection, CENSORED; no limit of quantification appears anywhere in this deposit, so limit_log10 is absent; lowest non-zero surviving fraction in this file is 7.04e-09 (log10 -8.152), an empirical upper bound on the limit and NOT the limit"
windels2024,E. coli,nutrient_0.9,0.9,amikacin,400.0,ug/mL,200.0,windels_nut0.9_ab400_r2,,0.20833333333333334,,True,,"t=5h; y_log10 = log10(surviving fraction) RELATIVE to t=0, NOT absolute log10 CFU/mL; surv_frac == 1.0 at t=0 by construction; no absolute density exists anywhere in this deposit so n0_log10 is absent; deposit names no drug and no units; amikacin, ug/mL and ancestral MIC 2 ug/mL are from Windels 2024 ISME J wrae070, not from these files; nutrient_conc is dimensionless and unresolved; time read as hours; surv_frac reported as exactly 0 = below detection, CENSORED; no limit of quantification appears anywhere in this deposit, so limit_log10 is absent; lowest non-zero surviving fraction in this file is 7.04e-09 (log10 -8.152), an empirical upper bound on the limit and NOT the limit"
windels2024,E. coli,nutrient_0.9,0.9,amikacin,400.0,ug/mL,200.0,windels_nut0.9_ab400_r2,,0.3333333333333333,,True,,"t=8h; y_log10 = log10(surviving fraction) RELATIVE to t=0, NOT absolute log10 CFU/mL; surv_frac == 1.0 at t=0 by construction; no absolute density exists anywhere in this deposit so n0_log10 is absent; deposit names no drug and no units; amikacin, ug/mL and ancestral MIC 2 ug/mL are from Windels 2024 ISME J wrae070, not from these files; nutrient_conc is dimensionless and unresolved; time read as hours; surv_frac reported as exactly 0 = below detection, CENSORED; no limit of quantification appears anywhere in this deposit, so limit_log10 is absent; lowest non-zero surviving fraction in this file is 7.04e-09 (log10 -8.152), an empirical upper bound on the limit and NOT the limit"
windels2024,E. coli,nutrient_0.9,0.9,amikacin,400.0,ug/mL,200.0,windels_nut0.9_ab400_r3,,0.0,0.0,False,,"t=0h; y_log10 = log10(surviving fraction) RELATIVE to t=0, NOT absolute log10 CFU/mL; surv_frac == 1.0 at t=0 by construction; no absolute density exists anywhere in this deposit so n0_log10 is absent; deposit names no drug and no units; amikacin, ug/mL and ancestral MIC 2 ug/mL are from Windels 2024 ISME J wrae070, not from these files; nutrient_conc is dimensionless and unresolved; time read as hours"
windels2024,E. coli,nutrient_0.9,0.9,amikacin,400.0,ug/mL,200.0,windels_nut0.9_ab400_r3,,0.041666666666666664,-6.924453038607469,False,,"t=1h; y_log10 = log10(surviving fraction) RELATIVE to t=0, NOT absolute log10 CFU/mL; surv_frac == 1.0 at t=0 by construction; no absolute density exists anywhere in this deposit so n0_log10 is absent; deposit names no drug and no units; amikacin, ug/mL and ancestral MIC 2 ug/mL are from Windels 2024 ISME J wrae070, not from these files; nutrient_conc is dimensionless and unresolved; time read as hours"
windels2024,E. coli,nutrient_0.9,0.9,amikacin,400.0,ug/mL,200.0,windels_nut0.9_ab400_r3,,0.08333333333333333,-7.87942606879415,False,,"t=2h; y_log10 = log10(surviving fraction) RELATIVE to t=0, NOT absolute log10 CFU/mL; surv_frac == 1.0 at t=0 by construction; no absolute density exists anywhere in this deposit so n0_log10 is absent; deposit names no drug and no units; amikacin, ug/mL and ancestral MIC 2 ug/mL are from Windels 2024 ISME J wrae070, not from these files; nutrient_conc is dimensionless and unresolved; time read as hours"
windels2024,E. coli,nutrient_0.9,0.9,amikacin,400.0,ug/mL,200.0,windels_nut0.9_ab400_r3,,0.125,,True,,"t=3h; y_log10 = log10(surviving fraction) RELATIVE to t=0, NOT absolute log10 CFU/mL; surv_frac == 1.0 at t=0 by construction; no absolute density exists anywhere in this deposit so n0_log10 is absent; deposit names no drug and no units; amikacin, ug/mL and ancestral MIC 2 ug/mL are from Windels 2024 ISME J wrae070, not from these files; nutrient_conc is dimensionless and unresolved; time read as hours; surv_frac reported as exactly 0 = below detection, CENSORED; no limit of quantification appears anywhere in this deposit, so limit_log10 is absent; lowest non-zero surviving fraction in this file is 7.04e-09 (log10 -8.152), an empirical upper bound on the limit and NOT the limit"
windels2024,E. coli,nutrient_0.9,0.9,amikacin,400.0,ug/mL,200.0,windels_nut0.9_ab400_r3,,0.20833333333333334,,True,,"t=5h; y_log10 = log10(surviving fraction) RELATIVE to t=0, NOT absolute log10 CFU/mL; surv_frac == 1.0 at t=0 by construction; no absolute density exists anywhere in this deposit so n0_log10 is absent; deposit names no drug and no units; amikacin, ug/mL and ancestral MIC 2 ug/mL are from Windels 2024 ISME J wrae070, not from these files; nutrient_conc is dimensionless and unresolved; time read as hours; surv_frac reported as exactly 0 = below detection, CENSORED; no limit of quantification appears anywhere in this deposit, so limit_log10 is absent; lowest non-zero surviving fraction in this file is 7.04e-09 (log10 -8.152), an empirical upper bound on the limit and NOT the limit"
windels2024,E. coli,nutrient_0.9,0.9,amikacin,400.0,ug/mL,200.0,windels_nut0.9_ab400_r3,,0.3333333333333333,,True,,"t=8h; y_log10 = log10(surviving fraction) RELATIVE to t=0, NOT absolute log10 CFU/mL; surv_frac == 1.0 at t=0 by construction; no absolute density exists anywhere in this deposit so n0_log10 is absent; deposit names no drug and no units; amikacin, ug/mL and ancestral MIC 2 ug/mL are from Windels 2024 ISME J wrae070, not from these files; nutrient_conc is dimensionless and unresolved; time read as hours; surv_frac reported as exactly 0 = below detection, CENSORED; no limit of quantification appears anywhere in this deposit, so limit_log10 is absent; lowest non-zero surviving fraction in this file is 7.04e-09 (log10 -8.152), an empirical upper bound on the limit and NOT the limit"
