dataset,organism,state,state_numeric,drug,dose_value,dose_unit,dose_xmic,unit_group,n0_log10,time_days,y_log10,censored,limit_log10,notes
kaur2024_apramycin,M. tuberculosis,planktonic,,none,,,,kaur_kk_none_untreated_r1,6.963787827345556,0.0,6.963787827345556,False,,"planktonic time-kill, days 0/3/7/14; dose in ug/mL as reported, MIC not given in the workbook so dose_xmic is NaN; n0_log10 is the replicate-index-matched Day 0 cell control, the single untreated baseline the sheet provides (replicate correspondence between that row and the treated arms is assumed by column index, it is not stated by the deposit); no limit of quantification stated anywhere in the deposit; limit_log10 left NaN, not guessed; untreated cell control at t=0; this single day-0 row is the only baseline in the sheet and is shared by every arm"
kaur2024_apramycin,M. tuberculosis,planktonic,,none,,,,kaur_kk_none_untreated_r2,7.049218022670182,0.0,7.049218022670182,False,,"planktonic time-kill, days 0/3/7/14; dose in ug/mL as reported, MIC not given in the workbook so dose_xmic is NaN; n0_log10 is the replicate-index-matched Day 0 cell control, the single untreated baseline the sheet provides (replicate correspondence between that row and the treated arms is assumed by column index, it is not stated by the deposit); no limit of quantification stated anywhere in the deposit; limit_log10 left NaN, not guessed; untreated cell control at t=0; this single day-0 row is the only baseline in the sheet and is shared by every arm"
kaur2024_apramycin,M. tuberculosis,planktonic,,none,,,,kaur_kk_none_untreated_r3,7.033423755486949,0.0,7.033423755486949,False,,"planktonic time-kill, days 0/3/7/14; dose in ug/mL as reported, MIC not given in the workbook so dose_xmic is NaN; n0_log10 is the replicate-index-matched Day 0 cell control, the single untreated baseline the sheet provides (replicate correspondence between that row and the treated arms is assumed by column index, it is not stated by the deposit); no limit of quantification stated anywhere in the deposit; limit_log10 left NaN, not guessed; untreated cell control at t=0; this single day-0 row is the only baseline in the sheet and is shared by every arm"
kaur2024_apramycin,M. tuberculosis,planktonic,,apramycin,128.0,ug/mL,,kaur_kk_apramycin_128ugmL_r1,6.963787827345556,3.0,5.924279286061882,False,,"planktonic time-kill, days 0/3/7/14; dose in ug/mL as reported, MIC not given in the workbook so dose_xmic is NaN; n0_log10 is the replicate-index-matched Day 0 cell control, the single untreated baseline the sheet provides (replicate correspondence between that row and the treated arms is assumed by column index, it is not stated by the deposit); no limit of quantification stated anywhere in the deposit; limit_log10 left NaN, not guessed"
kaur2024_apramycin,M. tuberculosis,planktonic,,apramycin,128.0,ug/mL,,kaur_kk_apramycin_128ugmL_r2,7.049218022670182,3.0,5.94,False,,"planktonic time-kill, days 0/3/7/14; dose in ug/mL as reported, MIC not given in the workbook so dose_xmic is NaN; n0_log10 is the replicate-index-matched Day 0 cell control, the single untreated baseline the sheet provides (replicate correspondence between that row and the treated arms is assumed by column index, it is not stated by the deposit); no limit of quantification stated anywhere in the deposit; limit_log10 left NaN, not guessed; cell is a 2-dp rounded entry, not a computed log10"
kaur2024_apramycin,M. tuberculosis,planktonic,,apramycin,128.0,ug/mL,,kaur_kk_apramycin_128ugmL_r3,7.033423755486949,3.0,5.5,False,,"planktonic time-kill, days 0/3/7/14; dose in ug/mL as reported, MIC not given in the workbook so dose_xmic is NaN; n0_log10 is the replicate-index-matched Day 0 cell control, the single untreated baseline the sheet provides (replicate correspondence between that row and the treated arms is assumed by column index, it is not stated by the deposit); no limit of quantification stated anywhere in the deposit; limit_log10 left NaN, not guessed; cell is a 2-dp rounded entry, not a computed log10"
kaur2024_apramycin,M. tuberculosis,planktonic,,apramycin,32.0,ug/mL,,kaur_kk_apramycin_32ugmL_r1,6.963787827345556,3.0,5.8,False,,"planktonic time-kill, days 0/3/7/14; dose in ug/mL as reported, MIC not given in the workbook so dose_xmic is NaN; n0_log10 is the replicate-index-matched Day 0 cell control, the single untreated baseline the sheet provides (replicate correspondence between that row and the treated arms is assumed by column index, it is not stated by the deposit); no limit of quantification stated anywhere in the deposit; limit_log10 left NaN, not guessed; cell is a 2-dp rounded entry, not a computed log10"
kaur2024_apramycin,M. tuberculosis,planktonic,,apramycin,32.0,ug/mL,,kaur_kk_apramycin_32ugmL_r2,7.049218022670182,3.0,6.2,False,,"planktonic time-kill, days 0/3/7/14; dose in ug/mL as reported, MIC not given in the workbook so dose_xmic is NaN; n0_log10 is the replicate-index-matched Day 0 cell control, the single untreated baseline the sheet provides (replicate correspondence between that row and the treated arms is assumed by column index, it is not stated by the deposit); no limit of quantification stated anywhere in the deposit; limit_log10 left NaN, not guessed; cell is a 2-dp rounded entry, not a computed log10"
kaur2024_apramycin,M. tuberculosis,planktonic,,apramycin,32.0,ug/mL,,kaur_kk_apramycin_32ugmL_r3,7.033423755486949,3.0,6.033423755486949,False,,"planktonic time-kill, days 0/3/7/14; dose in ug/mL as reported, MIC not given in the workbook so dose_xmic is NaN; n0_log10 is the replicate-index-matched Day 0 cell control, the single untreated baseline the sheet provides (replicate correspondence between that row and the treated arms is assumed by column index, it is not stated by the deposit); no limit of quantification stated anywhere in the deposit; limit_log10 left NaN, not guessed"
kaur2024_apramycin,M. tuberculosis,planktonic,,apramycin,8.0,ug/mL,,kaur_kk_apramycin_8ugmL_r1,6.963787827345556,3.0,6.477121254719663,False,,"planktonic time-kill, days 0/3/7/14; dose in ug/mL as reported, MIC not given in the workbook so dose_xmic is NaN; n0_log10 is the replicate-index-matched Day 0 cell control, the single untreated baseline the sheet provides (replicate correspondence between that row and the treated arms is assumed by column index, it is not stated by the deposit); no limit of quantification stated anywhere in the deposit; limit_log10 left NaN, not guessed"
kaur2024_apramycin,M. tuberculosis,planktonic,,apramycin,8.0,ug/mL,,kaur_kk_apramycin_8ugmL_r2,7.049218022670182,3.0,6.510545010206612,False,,"planktonic time-kill, days 0/3/7/14; dose in ug/mL as reported, MIC not given in the workbook so dose_xmic is NaN; n0_log10 is the replicate-index-matched Day 0 cell control, the single untreated baseline the sheet provides (replicate correspondence between that row and the treated arms is assumed by column index, it is not stated by the deposit); no limit of quantification stated anywhere in the deposit; limit_log10 left NaN, not guessed"
kaur2024_apramycin,M. tuberculosis,planktonic,,apramycin,8.0,ug/mL,,kaur_kk_apramycin_8ugmL_r3,7.033423755486949,3.0,6.515873843711679,False,,"planktonic time-kill, days 0/3/7/14; dose in ug/mL as reported, MIC not given in the workbook so dose_xmic is NaN; n0_log10 is the replicate-index-matched Day 0 cell control, the single untreated baseline the sheet provides (replicate correspondence between that row and the treated arms is assumed by column index, it is not stated by the deposit); no limit of quantification stated anywhere in the deposit; limit_log10 left NaN, not guessed"
kaur2024_apramycin,M. tuberculosis,planktonic,,apramycin,4.0,ug/mL,,kaur_kk_apramycin_4ugmL_r1,6.963787827345556,3.0,6.924279286061882,False,,"planktonic time-kill, days 0/3/7/14; dose in ug/mL as reported, MIC not given in the workbook so dose_xmic is NaN; n0_log10 is the replicate-index-matched Day 0 cell control, the single untreated baseline the sheet provides (replicate correspondence between that row and the treated arms is assumed by column index, it is not stated by the deposit); no limit of quantification stated anywhere in the deposit; limit_log10 left NaN, not guessed"
kaur2024_apramycin,M. tuberculosis,planktonic,,apramycin,4.0,ug/mL,,kaur_kk_apramycin_4ugmL_r2,7.049218022670182,3.0,6.857332496431268,False,,"planktonic time-kill, days 0/3/7/14; dose in ug/mL as reported, MIC not given in the workbook so dose_xmic is NaN; n0_log10 is the replicate-index-matched Day 0 cell control, the single untreated baseline the sheet provides (replicate correspondence between that row and the treated arms is assumed by column index, it is not stated by the deposit); no limit of quantification stated anywhere in the deposit; limit_log10 left NaN, not guessed"
kaur2024_apramycin,M. tuberculosis,planktonic,,apramycin,4.0,ug/mL,,kaur_kk_apramycin_4ugmL_r3,7.033423755486949,3.0,6.1,False,,"planktonic time-kill, days 0/3/7/14; dose in ug/mL as reported, MIC not given in the workbook so dose_xmic is NaN; n0_log10 is the replicate-index-matched Day 0 cell control, the single untreated baseline the sheet provides (replicate correspondence between that row and the treated arms is assumed by column index, it is not stated by the deposit); no limit of quantification stated anywhere in the deposit; limit_log10 left NaN, not guessed; cell is a 2-dp rounded entry, not a computed log10"
kaur2024_apramycin,M. tuberculosis,planktonic,,apramycin,1.0,ug/mL,,kaur_kk_apramycin_1ugmL_r1,6.963787827345556,3.0,7.35,False,,"planktonic time-kill, days 0/3/7/14; dose in ug/mL as reported, MIC not given in the workbook so dose_xmic is NaN; n0_log10 is the replicate-index-matched Day 0 cell control, the single untreated baseline the sheet provides (replicate correspondence between that row and the treated arms is assumed by column index, it is not stated by the deposit); no limit of quantification stated anywhere in the deposit; limit_log10 left NaN, not guessed; cell is a 2-dp rounded entry, not a computed log10"
kaur2024_apramycin,M. tuberculosis,planktonic,,apramycin,1.0,ug/mL,,kaur_kk_apramycin_1ugmL_r2,7.049218022670182,3.0,7.11,False,,"planktonic time-kill, days 0/3/7/14; dose in ug/mL as reported, MIC not given in the workbook so dose_xmic is NaN; n0_log10 is the replicate-index-matched Day 0 cell control, the single untreated baseline the sheet provides (replicate correspondence between that row and the treated arms is assumed by column index, it is not stated by the deposit); no limit of quantification stated anywhere in the deposit; limit_log10 left NaN, not guessed; cell is a 2-dp rounded entry, not a computed log10"
kaur2024_apramycin,M. tuberculosis,planktonic,,apramycin,1.0,ug/mL,,kaur_kk_apramycin_1ugmL_r3,7.033423755486949,3.0,7.55,False,,"planktonic time-kill, days 0/3/7/14; dose in ug/mL as reported, MIC not given in the workbook so dose_xmic is NaN; n0_log10 is the replicate-index-matched Day 0 cell control, the single untreated baseline the sheet provides (replicate correspondence between that row and the treated arms is assumed by column index, it is not stated by the deposit); no limit of quantification stated anywhere in the deposit; limit_log10 left NaN, not guessed; cell is a 2-dp rounded entry, not a computed log10"
kaur2024_apramycin,M. tuberculosis,planktonic,,amikacin,128.0,ug/mL,,kaur_kk_amikacin_128ugmL_r1,6.963787827345556,3.0,5.85,False,,"planktonic time-kill, days 0/3/7/14; dose in ug/mL as reported, MIC not given in the workbook so dose_xmic is NaN; n0_log10 is the replicate-index-matched Day 0 cell control, the single untreated baseline the sheet provides (replicate correspondence between that row and the treated arms is assumed by column index, it is not stated by the deposit); no limit of quantification stated anywhere in the deposit; limit_log10 left NaN, not guessed; cell is a 2-dp rounded entry, not a computed log10"
kaur2024_apramycin,M. tuberculosis,planktonic,,amikacin,128.0,ug/mL,,kaur_kk_amikacin_128ugmL_r2,7.049218022670182,3.0,5.78,False,,"planktonic time-kill, days 0/3/7/14; dose in ug/mL as reported, MIC not given in the workbook so dose_xmic is NaN; n0_log10 is the replicate-index-matched Day 0 cell control, the single untreated baseline the sheet provides (replicate correspondence between that row and the treated arms is assumed by column index, it is not stated by the deposit); no limit of quantification stated anywhere in the deposit; limit_log10 left NaN, not guessed; cell is a 2-dp rounded entry, not a computed log10"
kaur2024_apramycin,M. tuberculosis,planktonic,,amikacin,128.0,ug/mL,,kaur_kk_amikacin_128ugmL_r3,7.033423755486949,3.0,6.1,False,,"planktonic time-kill, days 0/3/7/14; dose in ug/mL as reported, MIC not given in the workbook so dose_xmic is NaN; n0_log10 is the replicate-index-matched Day 0 cell control, the single untreated baseline the sheet provides (replicate correspondence between that row and the treated arms is assumed by column index, it is not stated by the deposit); no limit of quantification stated anywhere in the deposit; limit_log10 left NaN, not guessed; cell is a 2-dp rounded entry, not a computed log10"
kaur2024_apramycin,M. tuberculosis,planktonic,,amikacin,32.0,ug/mL,,kaur_kk_amikacin_32ugmL_r1,6.963787827345556,3.0,6.049218022670182,False,,"planktonic time-kill, days 0/3/7/14; dose in ug/mL as reported, MIC not given in the workbook so dose_xmic is NaN; n0_log10 is the replicate-index-matched Day 0 cell control, the single untreated baseline the sheet provides (replicate correspondence between that row and the treated arms is assumed by column index, it is not stated by the deposit); no limit of quantification stated anywhere in the deposit; limit_log10 left NaN, not guessed"
kaur2024_apramycin,M. tuberculosis,planktonic,,amikacin,32.0,ug/mL,,kaur_kk_amikacin_32ugmL_r2,7.049218022670182,3.0,6.093421685162235,False,,"planktonic time-kill, days 0/3/7/14; dose in ug/mL as reported, MIC not given in the workbook so dose_xmic is NaN; n0_log10 is the replicate-index-matched Day 0 cell control, the single untreated baseline the sheet provides (replicate correspondence between that row and the treated arms is assumed by column index, it is not stated by the deposit); no limit of quantification stated anywhere in the deposit; limit_log10 left NaN, not guessed"
kaur2024_apramycin,M. tuberculosis,planktonic,,amikacin,32.0,ug/mL,,kaur_kk_amikacin_32ugmL_r3,7.033423755486949,3.0,6.017033339298781,False,,"planktonic time-kill, days 0/3/7/14; dose in ug/mL as reported, MIC not given in the workbook so dose_xmic is NaN; n0_log10 is the replicate-index-matched Day 0 cell control, the single untreated baseline the sheet provides (replicate correspondence between that row and the treated arms is assumed by column index, it is not stated by the deposit); no limit of quantification stated anywhere in the deposit; limit_log10 left NaN, not guessed"
kaur2024_apramycin,M. tuberculosis,planktonic,,amikacin,8.0,ug/mL,,kaur_kk_amikacin_8ugmL_r1,6.963787827345556,3.0,6.146128035678238,False,,"planktonic time-kill, days 0/3/7/14; dose in ug/mL as reported, MIC not given in the workbook so dose_xmic is NaN; n0_log10 is the replicate-index-matched Day 0 cell control, the single untreated baseline the sheet provides (replicate correspondence between that row and the treated arms is assumed by column index, it is not stated by the deposit); no limit of quantification stated anywhere in the deposit; limit_log10 left NaN, not guessed"
kaur2024_apramycin,M. tuberculosis,planktonic,,amikacin,8.0,ug/mL,,kaur_kk_amikacin_8ugmL_r2,7.049218022670182,3.0,6.181843587944773,False,,"planktonic time-kill, days 0/3/7/14; dose in ug/mL as reported, MIC not given in the workbook so dose_xmic is NaN; n0_log10 is the replicate-index-matched Day 0 cell control, the single untreated baseline the sheet provides (replicate correspondence between that row and the treated arms is assumed by column index, it is not stated by the deposit); no limit of quantification stated anywhere in the deposit; limit_log10 left NaN, not guessed"
kaur2024_apramycin,M. tuberculosis,planktonic,,amikacin,8.0,ug/mL,,kaur_kk_amikacin_8ugmL_r3,7.033423755486949,3.0,6.1702617153949575,False,,"planktonic time-kill, days 0/3/7/14; dose in ug/mL as reported, MIC not given in the workbook so dose_xmic is NaN; n0_log10 is the replicate-index-matched Day 0 cell control, the single untreated baseline the sheet provides (replicate correspondence between that row and the treated arms is assumed by column index, it is not stated by the deposit); no limit of quantification stated anywhere in the deposit; limit_log10 left NaN, not guessed"
kaur2024_apramycin,M. tuberculosis,planktonic,,amikacin,4.0,ug/mL,,kaur_kk_amikacin_4ugmL_r1,6.963787827345556,3.0,6.225309281725863,False,,"planktonic time-kill, days 0/3/7/14; dose in ug/mL as reported, MIC not given in the workbook so dose_xmic is NaN; n0_log10 is the replicate-index-matched Day 0 cell control, the single untreated baseline the sheet provides (replicate correspondence between that row and the treated arms is assumed by column index, it is not stated by the deposit); no limit of quantification stated anywhere in the deposit; limit_log10 left NaN, not guessed"
kaur2024_apramycin,M. tuberculosis,planktonic,,amikacin,4.0,ug/mL,,kaur_kk_amikacin_4ugmL_r2,7.049218022670182,3.0,6.235528446907549,False,,"planktonic time-kill, days 0/3/7/14; dose in ug/mL as reported, MIC not given in the workbook so dose_xmic is NaN; n0_log10 is the replicate-index-matched Day 0 cell control, the single untreated baseline the sheet provides (replicate correspondence between that row and the treated arms is assumed by column index, it is not stated by the deposit); no limit of quantification stated anywhere in the deposit; limit_log10 left NaN, not guessed"
kaur2024_apramycin,M. tuberculosis,planktonic,,amikacin,4.0,ug/mL,,kaur_kk_amikacin_4ugmL_r3,7.033423755486949,3.0,6.27415784926368,False,,"planktonic time-kill, days 0/3/7/14; dose in ug/mL as reported, MIC not given in the workbook so dose_xmic is NaN; n0_log10 is the replicate-index-matched Day 0 cell control, the single untreated baseline the sheet provides (replicate correspondence between that row and the treated arms is assumed by column index, it is not stated by the deposit); no limit of quantification stated anywhere in the deposit; limit_log10 left NaN, not guessed"
kaur2024_apramycin,M. tuberculosis,planktonic,,amikacin,1.0,ug/mL,,kaur_kk_amikacin_1ugmL_r1,6.963787827345556,3.0,7.35,False,,"planktonic time-kill, days 0/3/7/14; dose in ug/mL as reported, MIC not given in the workbook so dose_xmic is NaN; n0_log10 is the replicate-index-matched Day 0 cell control, the single untreated baseline the sheet provides (replicate correspondence between that row and the treated arms is assumed by column index, it is not stated by the deposit); no limit of quantification stated anywhere in the deposit; limit_log10 left NaN, not guessed; cell is a 2-dp rounded entry, not a computed log10"
kaur2024_apramycin,M. tuberculosis,planktonic,,amikacin,1.0,ug/mL,,kaur_kk_amikacin_1ugmL_r2,7.049218022670182,3.0,6.95,False,,"planktonic time-kill, days 0/3/7/14; dose in ug/mL as reported, MIC not given in the workbook so dose_xmic is NaN; n0_log10 is the replicate-index-matched Day 0 cell control, the single untreated baseline the sheet provides (replicate correspondence between that row and the treated arms is assumed by column index, it is not stated by the deposit); no limit of quantification stated anywhere in the deposit; limit_log10 left NaN, not guessed; cell is a 2-dp rounded entry, not a computed log10"
kaur2024_apramycin,M. tuberculosis,planktonic,,amikacin,1.0,ug/mL,,kaur_kk_amikacin_1ugmL_r3,7.033423755486949,3.0,7.7,False,,"planktonic time-kill, days 0/3/7/14; dose in ug/mL as reported, MIC not given in the workbook so dose_xmic is NaN; n0_log10 is the replicate-index-matched Day 0 cell control, the single untreated baseline the sheet provides (replicate correspondence between that row and the treated arms is assumed by column index, it is not stated by the deposit); no limit of quantification stated anywhere in the deposit; limit_log10 left NaN, not guessed; cell is a 2-dp rounded entry, not a computed log10"
kaur2024_apramycin,M. tuberculosis,planktonic,,none,,,,kaur_kk_none_untreated_r1,6.963787827345556,3.0,7.6,False,,"planktonic time-kill, days 0/3/7/14; dose in ug/mL as reported, MIC not given in the workbook so dose_xmic is NaN; n0_log10 is the replicate-index-matched Day 0 cell control, the single untreated baseline the sheet provides (replicate correspondence between that row and the treated arms is assumed by column index, it is not stated by the deposit); no limit of quantification stated anywhere in the deposit; limit_log10 left NaN, not guessed; cell is a 2-dp rounded entry, not a computed log10; untreated cell control"
kaur2024_apramycin,M. tuberculosis,planktonic,,none,,,,kaur_kk_none_untreated_r2,7.049218022670182,3.0,7.832508912706237,False,,"planktonic time-kill, days 0/3/7/14; dose in ug/mL as reported, MIC not given in the workbook so dose_xmic is NaN; n0_log10 is the replicate-index-matched Day 0 cell control, the single untreated baseline the sheet provides (replicate correspondence between that row and the treated arms is assumed by column index, it is not stated by the deposit); no limit of quantification stated anywhere in the deposit; limit_log10 left NaN, not guessed; untreated cell control"
kaur2024_apramycin,M. tuberculosis,planktonic,,none,,,,kaur_kk_none_untreated_r3,7.033423755486949,3.0,8.0,False,,"planktonic time-kill, days 0/3/7/14; dose in ug/mL as reported, MIC not given in the workbook so dose_xmic is NaN; n0_log10 is the replicate-index-matched Day 0 cell control, the single untreated baseline the sheet provides (replicate correspondence between that row and the treated arms is assumed by column index, it is not stated by the deposit); no limit of quantification stated anywhere in the deposit; limit_log10 left NaN, not guessed; cell is a 2-dp rounded entry, not a computed log10; untreated cell control"
kaur2024_apramycin,M. tuberculosis,planktonic,,apramycin,128.0,ug/mL,,kaur_kk_apramycin_128ugmL_r1,6.963787827345556,7.0,3.9,False,,"planktonic time-kill, days 0/3/7/14; dose in ug/mL as reported, MIC not given in the workbook so dose_xmic is NaN; n0_log10 is the replicate-index-matched Day 0 cell control, the single untreated baseline the sheet provides (replicate correspondence between that row and the treated arms is assumed by column index, it is not stated by the deposit); no limit of quantification stated anywhere in the deposit; limit_log10 left NaN, not guessed; cell is a 2-dp rounded entry, not a computed log10"
kaur2024_apramycin,M. tuberculosis,planktonic,,apramycin,128.0,ug/mL,,kaur_kk_apramycin_128ugmL_r2,7.049218022670182,7.0,3.8,False,,"planktonic time-kill, days 0/3/7/14; dose in ug/mL as reported, MIC not given in the workbook so dose_xmic is NaN; n0_log10 is the replicate-index-matched Day 0 cell control, the single untreated baseline the sheet provides (replicate correspondence between that row and the treated arms is assumed by column index, it is not stated by the deposit); no limit of quantification stated anywhere in the deposit; limit_log10 left NaN, not guessed; cell is a 2-dp rounded entry, not a computed log10"
kaur2024_apramycin,M. tuberculosis,planktonic,,apramycin,128.0,ug/mL,,kaur_kk_apramycin_128ugmL_r3,7.033423755486949,7.0,3.4,False,,"planktonic time-kill, days 0/3/7/14; dose in ug/mL as reported, MIC not given in the workbook so dose_xmic is NaN; n0_log10 is the replicate-index-matched Day 0 cell control, the single untreated baseline the sheet provides (replicate correspondence between that row and the treated arms is assumed by column index, it is not stated by the deposit); no limit of quantification stated anywhere in the deposit; limit_log10 left NaN, not guessed; cell is a 2-dp rounded entry, not a computed log10"
kaur2024_apramycin,M. tuberculosis,planktonic,,apramycin,32.0,ug/mL,,kaur_kk_apramycin_32ugmL_r1,6.963787827345556,7.0,4.049218022670182,False,,"planktonic time-kill, days 0/3/7/14; dose in ug/mL as reported, MIC not given in the workbook so dose_xmic is NaN; n0_log10 is the replicate-index-matched Day 0 cell control, the single untreated baseline the sheet provides (replicate correspondence between that row and the treated arms is assumed by column index, it is not stated by the deposit); no limit of quantification stated anywhere in the deposit; limit_log10 left NaN, not guessed"
kaur2024_apramycin,M. tuberculosis,planktonic,,apramycin,32.0,ug/mL,,kaur_kk_apramycin_32ugmL_r2,7.049218022670182,7.0,4.064457989226918,False,,"planktonic time-kill, days 0/3/7/14; dose in ug/mL as reported, MIC not given in the workbook so dose_xmic is NaN; n0_log10 is the replicate-index-matched Day 0 cell control, the single untreated baseline the sheet provides (replicate correspondence between that row and the treated arms is assumed by column index, it is not stated by the deposit); no limit of quantification stated anywhere in the deposit; limit_log10 left NaN, not guessed"
kaur2024_apramycin,M. tuberculosis,planktonic,,apramycin,32.0,ug/mL,,kaur_kk_apramycin_32ugmL_r3,7.033423755486949,7.0,4.093421685162235,False,,"planktonic time-kill, days 0/3/7/14; dose in ug/mL as reported, MIC not given in the workbook so dose_xmic is NaN; n0_log10 is the replicate-index-matched Day 0 cell control, the single untreated baseline the sheet provides (replicate correspondence between that row and the treated arms is assumed by column index, it is not stated by the deposit); no limit of quantification stated anywhere in the deposit; limit_log10 left NaN, not guessed"
kaur2024_apramycin,M. tuberculosis,planktonic,,apramycin,8.0,ug/mL,,kaur_kk_apramycin_8ugmL_r1,6.963787827345556,7.0,4.8,False,,"planktonic time-kill, days 0/3/7/14; dose in ug/mL as reported, MIC not given in the workbook so dose_xmic is NaN; n0_log10 is the replicate-index-matched Day 0 cell control, the single untreated baseline the sheet provides (replicate correspondence between that row and the treated arms is assumed by column index, it is not stated by the deposit); no limit of quantification stated anywhere in the deposit; limit_log10 left NaN, not guessed; cell is a 2-dp rounded entry, not a computed log10"
kaur2024_apramycin,M. tuberculosis,planktonic,,apramycin,8.0,ug/mL,,kaur_kk_apramycin_8ugmL_r2,7.049218022670182,7.0,4.7,False,,"planktonic time-kill, days 0/3/7/14; dose in ug/mL as reported, MIC not given in the workbook so dose_xmic is NaN; n0_log10 is the replicate-index-matched Day 0 cell control, the single untreated baseline the sheet provides (replicate correspondence between that row and the treated arms is assumed by column index, it is not stated by the deposit); no limit of quantification stated anywhere in the deposit; limit_log10 left NaN, not guessed; cell is a 2-dp rounded entry, not a computed log10"
kaur2024_apramycin,M. tuberculosis,planktonic,,apramycin,8.0,ug/mL,,kaur_kk_apramycin_8ugmL_r3,7.033423755486949,7.0,4.11,False,,"planktonic time-kill, days 0/3/7/14; dose in ug/mL as reported, MIC not given in the workbook so dose_xmic is NaN; n0_log10 is the replicate-index-matched Day 0 cell control, the single untreated baseline the sheet provides (replicate correspondence between that row and the treated arms is assumed by column index, it is not stated by the deposit); no limit of quantification stated anywhere in the deposit; limit_log10 left NaN, not guessed; cell is a 2-dp rounded entry, not a computed log10"
kaur2024_apramycin,M. tuberculosis,planktonic,,apramycin,4.0,ug/mL,,kaur_kk_apramycin_4ugmL_r1,6.963787827345556,7.0,5.1,False,,"planktonic time-kill, days 0/3/7/14; dose in ug/mL as reported, MIC not given in the workbook so dose_xmic is NaN; n0_log10 is the replicate-index-matched Day 0 cell control, the single untreated baseline the sheet provides (replicate correspondence between that row and the treated arms is assumed by column index, it is not stated by the deposit); no limit of quantification stated anywhere in the deposit; limit_log10 left NaN, not guessed; cell is a 2-dp rounded entry, not a computed log10"
kaur2024_apramycin,M. tuberculosis,planktonic,,apramycin,4.0,ug/mL,,kaur_kk_apramycin_4ugmL_r2,7.049218022670182,7.0,5.45,False,,"planktonic time-kill, days 0/3/7/14; dose in ug/mL as reported, MIC not given in the workbook so dose_xmic is NaN; n0_log10 is the replicate-index-matched Day 0 cell control, the single untreated baseline the sheet provides (replicate correspondence between that row and the treated arms is assumed by column index, it is not stated by the deposit); no limit of quantification stated anywhere in the deposit; limit_log10 left NaN, not guessed; cell is a 2-dp rounded entry, not a computed log10"
kaur2024_apramycin,M. tuberculosis,planktonic,,apramycin,4.0,ug/mL,,kaur_kk_apramycin_4ugmL_r3,7.033423755486949,7.0,5.6,False,,"planktonic time-kill, days 0/3/7/14; dose in ug/mL as reported, MIC not given in the workbook so dose_xmic is NaN; n0_log10 is the replicate-index-matched Day 0 cell control, the single untreated baseline the sheet provides (replicate correspondence between that row and the treated arms is assumed by column index, it is not stated by the deposit); no limit of quantification stated anywhere in the deposit; limit_log10 left NaN, not guessed; cell is a 2-dp rounded entry, not a computed log10"
kaur2024_apramycin,M. tuberculosis,planktonic,,apramycin,1.0,ug/mL,,kaur_kk_apramycin_1ugmL_r1,6.963787827345556,7.0,7.963787827345556,False,,"planktonic time-kill, days 0/3/7/14; dose in ug/mL as reported, MIC not given in the workbook so dose_xmic is NaN; n0_log10 is the replicate-index-matched Day 0 cell control, the single untreated baseline the sheet provides (replicate correspondence between that row and the treated arms is assumed by column index, it is not stated by the deposit); no limit of quantification stated anywhere in the deposit; limit_log10 left NaN, not guessed"
kaur2024_apramycin,M. tuberculosis,planktonic,,apramycin,1.0,ug/mL,,kaur_kk_apramycin_1ugmL_r2,7.049218022670182,7.0,8.0,False,,"planktonic time-kill, days 0/3/7/14; dose in ug/mL as reported, MIC not given in the workbook so dose_xmic is NaN; n0_log10 is the replicate-index-matched Day 0 cell control, the single untreated baseline the sheet provides (replicate correspondence between that row and the treated arms is assumed by column index, it is not stated by the deposit); no limit of quantification stated anywhere in the deposit; limit_log10 left NaN, not guessed; cell is a 2-dp rounded entry, not a computed log10"
kaur2024_apramycin,M. tuberculosis,planktonic,,apramycin,1.0,ug/mL,,kaur_kk_apramycin_1ugmL_r3,7.033423755486949,7.0,7.944482672150168,False,,"planktonic time-kill, days 0/3/7/14; dose in ug/mL as reported, MIC not given in the workbook so dose_xmic is NaN; n0_log10 is the replicate-index-matched Day 0 cell control, the single untreated baseline the sheet provides (replicate correspondence between that row and the treated arms is assumed by column index, it is not stated by the deposit); no limit of quantification stated anywhere in the deposit; limit_log10 left NaN, not guessed"
kaur2024_apramycin,M. tuberculosis,planktonic,,amikacin,128.0,ug/mL,,kaur_kk_amikacin_128ugmL_r1,6.963787827345556,7.0,3.55,False,,"planktonic time-kill, days 0/3/7/14; dose in ug/mL as reported, MIC not given in the workbook so dose_xmic is NaN; n0_log10 is the replicate-index-matched Day 0 cell control, the single untreated baseline the sheet provides (replicate correspondence between that row and the treated arms is assumed by column index, it is not stated by the deposit); no limit of quantification stated anywhere in the deposit; limit_log10 left NaN, not guessed; cell is a 2-dp rounded entry, not a computed log10"
kaur2024_apramycin,M. tuberculosis,planktonic,,amikacin,128.0,ug/mL,,kaur_kk_amikacin_128ugmL_r2,7.049218022670182,7.0,3.6,False,,"planktonic time-kill, days 0/3/7/14; dose in ug/mL as reported, MIC not given in the workbook so dose_xmic is NaN; n0_log10 is the replicate-index-matched Day 0 cell control, the single untreated baseline the sheet provides (replicate correspondence between that row and the treated arms is assumed by column index, it is not stated by the deposit); no limit of quantification stated anywhere in the deposit; limit_log10 left NaN, not guessed; cell is a 2-dp rounded entry, not a computed log10"
kaur2024_apramycin,M. tuberculosis,planktonic,,amikacin,128.0,ug/mL,,kaur_kk_amikacin_128ugmL_r3,7.033423755486949,7.0,3.85,False,,"planktonic time-kill, days 0/3/7/14; dose in ug/mL as reported, MIC not given in the workbook so dose_xmic is NaN; n0_log10 is the replicate-index-matched Day 0 cell control, the single untreated baseline the sheet provides (replicate correspondence between that row and the treated arms is assumed by column index, it is not stated by the deposit); no limit of quantification stated anywhere in the deposit; limit_log10 left NaN, not guessed; cell is a 2-dp rounded entry, not a computed log10"
kaur2024_apramycin,M. tuberculosis,planktonic,,amikacin,32.0,ug/mL,,kaur_kk_amikacin_32ugmL_r1,6.963787827345556,7.0,3.8,False,,"planktonic time-kill, days 0/3/7/14; dose in ug/mL as reported, MIC not given in the workbook so dose_xmic is NaN; n0_log10 is the replicate-index-matched Day 0 cell control, the single untreated baseline the sheet provides (replicate correspondence between that row and the treated arms is assumed by column index, it is not stated by the deposit); no limit of quantification stated anywhere in the deposit; limit_log10 left NaN, not guessed; cell is a 2-dp rounded entry, not a computed log10"
kaur2024_apramycin,M. tuberculosis,planktonic,,amikacin,32.0,ug/mL,,kaur_kk_amikacin_32ugmL_r2,7.049218022670182,7.0,4.45,False,,"planktonic time-kill, days 0/3/7/14; dose in ug/mL as reported, MIC not given in the workbook so dose_xmic is NaN; n0_log10 is the replicate-index-matched Day 0 cell control, the single untreated baseline the sheet provides (replicate correspondence between that row and the treated arms is assumed by column index, it is not stated by the deposit); no limit of quantification stated anywhere in the deposit; limit_log10 left NaN, not guessed; cell is a 2-dp rounded entry, not a computed log10"
kaur2024_apramycin,M. tuberculosis,planktonic,,amikacin,32.0,ug/mL,,kaur_kk_amikacin_32ugmL_r3,7.033423755486949,7.0,4.7,False,,"planktonic time-kill, days 0/3/7/14; dose in ug/mL as reported, MIC not given in the workbook so dose_xmic is NaN; n0_log10 is the replicate-index-matched Day 0 cell control, the single untreated baseline the sheet provides (replicate correspondence between that row and the treated arms is assumed by column index, it is not stated by the deposit); no limit of quantification stated anywhere in the deposit; limit_log10 left NaN, not guessed; cell is a 2-dp rounded entry, not a computed log10"
kaur2024_apramycin,M. tuberculosis,planktonic,,amikacin,8.0,ug/mL,,kaur_kk_amikacin_8ugmL_r1,6.963787827345556,7.0,4.748188027006201,False,,"planktonic time-kill, days 0/3/7/14; dose in ug/mL as reported, MIC not given in the workbook so dose_xmic is NaN; n0_log10 is the replicate-index-matched Day 0 cell control, the single untreated baseline the sheet provides (replicate correspondence between that row and the treated arms is assumed by column index, it is not stated by the deposit); no limit of quantification stated anywhere in the deposit; limit_log10 left NaN, not guessed"
kaur2024_apramycin,M. tuberculosis,planktonic,,amikacin,8.0,ug/mL,,kaur_kk_amikacin_8ugmL_r2,7.049218022670182,7.0,4.857332496431268,False,,"planktonic time-kill, days 0/3/7/14; dose in ug/mL as reported, MIC not given in the workbook so dose_xmic is NaN; n0_log10 is the replicate-index-matched Day 0 cell control, the single untreated baseline the sheet provides (replicate correspondence between that row and the treated arms is assumed by column index, it is not stated by the deposit); no limit of quantification stated anywhere in the deposit; limit_log10 left NaN, not guessed"
kaur2024_apramycin,M. tuberculosis,planktonic,,amikacin,8.0,ug/mL,,kaur_kk_amikacin_8ugmL_r3,7.033423755486949,7.0,4.832508912706237,False,,"planktonic time-kill, days 0/3/7/14; dose in ug/mL as reported, MIC not given in the workbook so dose_xmic is NaN; n0_log10 is the replicate-index-matched Day 0 cell control, the single untreated baseline the sheet provides (replicate correspondence between that row and the treated arms is assumed by column index, it is not stated by the deposit); no limit of quantification stated anywhere in the deposit; limit_log10 left NaN, not guessed"
kaur2024_apramycin,M. tuberculosis,planktonic,,amikacin,4.0,ug/mL,,kaur_kk_amikacin_4ugmL_r1,6.963787827345556,7.0,5.5,False,,"planktonic time-kill, days 0/3/7/14; dose in ug/mL as reported, MIC not given in the workbook so dose_xmic is NaN; n0_log10 is the replicate-index-matched Day 0 cell control, the single untreated baseline the sheet provides (replicate correspondence between that row and the treated arms is assumed by column index, it is not stated by the deposit); no limit of quantification stated anywhere in the deposit; limit_log10 left NaN, not guessed; cell is a 2-dp rounded entry, not a computed log10"
kaur2024_apramycin,M. tuberculosis,planktonic,,amikacin,4.0,ug/mL,,kaur_kk_amikacin_4ugmL_r2,7.049218022670182,7.0,5.45,False,,"planktonic time-kill, days 0/3/7/14; dose in ug/mL as reported, MIC not given in the workbook so dose_xmic is NaN; n0_log10 is the replicate-index-matched Day 0 cell control, the single untreated baseline the sheet provides (replicate correspondence between that row and the treated arms is assumed by column index, it is not stated by the deposit); no limit of quantification stated anywhere in the deposit; limit_log10 left NaN, not guessed; cell is a 2-dp rounded entry, not a computed log10"
kaur2024_apramycin,M. tuberculosis,planktonic,,amikacin,4.0,ug/mL,,kaur_kk_amikacin_4ugmL_r3,7.033423755486949,7.0,5.95,False,,"planktonic time-kill, days 0/3/7/14; dose in ug/mL as reported, MIC not given in the workbook so dose_xmic is NaN; n0_log10 is the replicate-index-matched Day 0 cell control, the single untreated baseline the sheet provides (replicate correspondence between that row and the treated arms is assumed by column index, it is not stated by the deposit); no limit of quantification stated anywhere in the deposit; limit_log10 left NaN, not guessed; cell is a 2-dp rounded entry, not a computed log10"
kaur2024_apramycin,M. tuberculosis,planktonic,,amikacin,1.0,ug/mL,,kaur_kk_amikacin_1ugmL_r1,6.963787827345556,7.0,7.049218022670182,False,,"planktonic time-kill, days 0/3/7/14; dose in ug/mL as reported, MIC not given in the workbook so dose_xmic is NaN; n0_log10 is the replicate-index-matched Day 0 cell control, the single untreated baseline the sheet provides (replicate correspondence between that row and the treated arms is assumed by column index, it is not stated by the deposit); no limit of quantification stated anywhere in the deposit; limit_log10 left NaN, not guessed"
kaur2024_apramycin,M. tuberculosis,planktonic,,amikacin,1.0,ug/mL,,kaur_kk_amikacin_1ugmL_r2,7.049218022670182,7.0,7.033423755486949,False,,"planktonic time-kill, days 0/3/7/14; dose in ug/mL as reported, MIC not given in the workbook so dose_xmic is NaN; n0_log10 is the replicate-index-matched Day 0 cell control, the single untreated baseline the sheet provides (replicate correspondence between that row and the treated arms is assumed by column index, it is not stated by the deposit); no limit of quantification stated anywhere in the deposit; limit_log10 left NaN, not guessed"
kaur2024_apramycin,M. tuberculosis,planktonic,,amikacin,1.0,ug/mL,,kaur_kk_amikacin_1ugmL_r3,7.033423755486949,7.0,6.944482672150168,False,,"planktonic time-kill, days 0/3/7/14; dose in ug/mL as reported, MIC not given in the workbook so dose_xmic is NaN; n0_log10 is the replicate-index-matched Day 0 cell control, the single untreated baseline the sheet provides (replicate correspondence between that row and the treated arms is assumed by column index, it is not stated by the deposit); no limit of quantification stated anywhere in the deposit; limit_log10 left NaN, not guessed"
kaur2024_apramycin,M. tuberculosis,planktonic,,none,,,,kaur_kk_none_untreated_r1,6.963787827345556,7.0,8.94448267215017,False,,"planktonic time-kill, days 0/3/7/14; dose in ug/mL as reported, MIC not given in the workbook so dose_xmic is NaN; n0_log10 is the replicate-index-matched Day 0 cell control, the single untreated baseline the sheet provides (replicate correspondence between that row and the treated arms is assumed by column index, it is not stated by the deposit); no limit of quantification stated anywhere in the deposit; limit_log10 left NaN, not guessed; untreated cell control"
kaur2024_apramycin,M. tuberculosis,planktonic,,none,,,,kaur_kk_none_untreated_r2,7.049218022670182,7.0,9.2,False,,"planktonic time-kill, days 0/3/7/14; dose in ug/mL as reported, MIC not given in the workbook so dose_xmic is NaN; n0_log10 is the replicate-index-matched Day 0 cell control, the single untreated baseline the sheet provides (replicate correspondence between that row and the treated arms is assumed by column index, it is not stated by the deposit); no limit of quantification stated anywhere in the deposit; limit_log10 left NaN, not guessed; cell is a 2-dp rounded entry, not a computed log10; untreated cell control"
kaur2024_apramycin,M. tuberculosis,planktonic,,none,,,,kaur_kk_none_untreated_r3,7.033423755486949,7.0,8.7,False,,"planktonic time-kill, days 0/3/7/14; dose in ug/mL as reported, MIC not given in the workbook so dose_xmic is NaN; n0_log10 is the replicate-index-matched Day 0 cell control, the single untreated baseline the sheet provides (replicate correspondence between that row and the treated arms is assumed by column index, it is not stated by the deposit); no limit of quantification stated anywhere in the deposit; limit_log10 left NaN, not guessed; cell is a 2-dp rounded entry, not a computed log10; untreated cell control"
kaur2024_apramycin,M. tuberculosis,planktonic,,apramycin,128.0,ug/mL,,kaur_kk_apramycin_128ugmL_r1,6.963787827345556,14.0,1.6989700043360187,False,,"planktonic time-kill, days 0/3/7/14; dose in ug/mL as reported, MIC not given in the workbook so dose_xmic is NaN; n0_log10 is the replicate-index-matched Day 0 cell control, the single untreated baseline the sheet provides (replicate correspondence between that row and the treated arms is assumed by column index, it is not stated by the deposit); no limit of quantification stated anywhere in the deposit; limit_log10 left NaN, not guessed"
kaur2024_apramycin,M. tuberculosis,planktonic,,apramycin,128.0,ug/mL,,kaur_kk_apramycin_128ugmL_r2,7.049218022670182,14.0,1.82,False,,"planktonic time-kill, days 0/3/7/14; dose in ug/mL as reported, MIC not given in the workbook so dose_xmic is NaN; n0_log10 is the replicate-index-matched Day 0 cell control, the single untreated baseline the sheet provides (replicate correspondence between that row and the treated arms is assumed by column index, it is not stated by the deposit); no limit of quantification stated anywhere in the deposit; limit_log10 left NaN, not guessed; cell is a 2-dp rounded entry, not a computed log10"
kaur2024_apramycin,M. tuberculosis,planktonic,,apramycin,128.0,ug/mL,,kaur_kk_apramycin_128ugmL_r3,7.033423755486949,14.0,1.92,False,,"planktonic time-kill, days 0/3/7/14; dose in ug/mL as reported, MIC not given in the workbook so dose_xmic is NaN; n0_log10 is the replicate-index-matched Day 0 cell control, the single untreated baseline the sheet provides (replicate correspondence between that row and the treated arms is assumed by column index, it is not stated by the deposit); no limit of quantification stated anywhere in the deposit; limit_log10 left NaN, not guessed; cell is a 2-dp rounded entry, not a computed log10"
kaur2024_apramycin,M. tuberculosis,planktonic,,apramycin,32.0,ug/mL,,kaur_kk_apramycin_32ugmL_r1,6.963787827345556,14.0,1.7,False,,"planktonic time-kill, days 0/3/7/14; dose in ug/mL as reported, MIC not given in the workbook so dose_xmic is NaN; n0_log10 is the replicate-index-matched Day 0 cell control, the single untreated baseline the sheet provides (replicate correspondence between that row and the treated arms is assumed by column index, it is not stated by the deposit); no limit of quantification stated anywhere in the deposit; limit_log10 left NaN, not guessed; cell is a 2-dp rounded entry, not a computed log10"
kaur2024_apramycin,M. tuberculosis,planktonic,,apramycin,32.0,ug/mL,,kaur_kk_apramycin_32ugmL_r2,7.049218022670182,14.0,2.041392685158225,False,,"planktonic time-kill, days 0/3/7/14; dose in ug/mL as reported, MIC not given in the workbook so dose_xmic is NaN; n0_log10 is the replicate-index-matched Day 0 cell control, the single untreated baseline the sheet provides (replicate correspondence between that row and the treated arms is assumed by column index, it is not stated by the deposit); no limit of quantification stated anywhere in the deposit; limit_log10 left NaN, not guessed"
kaur2024_apramycin,M. tuberculosis,planktonic,,apramycin,32.0,ug/mL,,kaur_kk_apramycin_32ugmL_r3,7.033423755486949,14.0,2.4,False,,"planktonic time-kill, days 0/3/7/14; dose in ug/mL as reported, MIC not given in the workbook so dose_xmic is NaN; n0_log10 is the replicate-index-matched Day 0 cell control, the single untreated baseline the sheet provides (replicate correspondence between that row and the treated arms is assumed by column index, it is not stated by the deposit); no limit of quantification stated anywhere in the deposit; limit_log10 left NaN, not guessed; cell is a 2-dp rounded entry, not a computed log10"
kaur2024_apramycin,M. tuberculosis,planktonic,,apramycin,8.0,ug/mL,,kaur_kk_apramycin_8ugmL_r1,6.963787827345556,14.0,2.255272505103306,False,,"planktonic time-kill, days 0/3/7/14; dose in ug/mL as reported, MIC not given in the workbook so dose_xmic is NaN; n0_log10 is the replicate-index-matched Day 0 cell control, the single untreated baseline the sheet provides (replicate correspondence between that row and the treated arms is assumed by column index, it is not stated by the deposit); no limit of quantification stated anywhere in the deposit; limit_log10 left NaN, not guessed"
kaur2024_apramycin,M. tuberculosis,planktonic,,apramycin,8.0,ug/mL,,kaur_kk_apramycin_8ugmL_r2,7.049218022670182,14.0,2.278753600952829,False,,"planktonic time-kill, days 0/3/7/14; dose in ug/mL as reported, MIC not given in the workbook so dose_xmic is NaN; n0_log10 is the replicate-index-matched Day 0 cell control, the single untreated baseline the sheet provides (replicate correspondence between that row and the treated arms is assumed by column index, it is not stated by the deposit); no limit of quantification stated anywhere in the deposit; limit_log10 left NaN, not guessed"
kaur2024_apramycin,M. tuberculosis,planktonic,,apramycin,8.0,ug/mL,,kaur_kk_apramycin_8ugmL_r3,7.033423755486949,14.0,2.1760912590556813,False,,"planktonic time-kill, days 0/3/7/14; dose in ug/mL as reported, MIC not given in the workbook so dose_xmic is NaN; n0_log10 is the replicate-index-matched Day 0 cell control, the single untreated baseline the sheet provides (replicate correspondence between that row and the treated arms is assumed by column index, it is not stated by the deposit); no limit of quantification stated anywhere in the deposit; limit_log10 left NaN, not guessed"
kaur2024_apramycin,M. tuberculosis,planktonic,,apramycin,4.0,ug/mL,,kaur_kk_apramycin_4ugmL_r1,6.963787827345556,14.0,2.505149978319906,False,,"planktonic time-kill, days 0/3/7/14; dose in ug/mL as reported, MIC not given in the workbook so dose_xmic is NaN; n0_log10 is the replicate-index-matched Day 0 cell control, the single untreated baseline the sheet provides (replicate correspondence between that row and the treated arms is assumed by column index, it is not stated by the deposit); no limit of quantification stated anywhere in the deposit; limit_log10 left NaN, not guessed"
kaur2024_apramycin,M. tuberculosis,planktonic,,apramycin,4.0,ug/mL,,kaur_kk_apramycin_4ugmL_r2,7.049218022670182,14.0,2.531478917042255,False,,"planktonic time-kill, days 0/3/7/14; dose in ug/mL as reported, MIC not given in the workbook so dose_xmic is NaN; n0_log10 is the replicate-index-matched Day 0 cell control, the single untreated baseline the sheet provides (replicate correspondence between that row and the treated arms is assumed by column index, it is not stated by the deposit); no limit of quantification stated anywhere in the deposit; limit_log10 left NaN, not guessed"
kaur2024_apramycin,M. tuberculosis,planktonic,,apramycin,4.0,ug/mL,,kaur_kk_apramycin_4ugmL_r3,7.033423755486949,14.0,2.5440680443502757,False,,"planktonic time-kill, days 0/3/7/14; dose in ug/mL as reported, MIC not given in the workbook so dose_xmic is NaN; n0_log10 is the replicate-index-matched Day 0 cell control, the single untreated baseline the sheet provides (replicate correspondence between that row and the treated arms is assumed by column index, it is not stated by the deposit); no limit of quantification stated anywhere in the deposit; limit_log10 left NaN, not guessed"
kaur2024_apramycin,M. tuberculosis,planktonic,,apramycin,1.0,ug/mL,,kaur_kk_apramycin_1ugmL_r1,6.963787827345556,14.0,8.15836249209525,False,,"planktonic time-kill, days 0/3/7/14; dose in ug/mL as reported, MIC not given in the workbook so dose_xmic is NaN; n0_log10 is the replicate-index-matched Day 0 cell control, the single untreated baseline the sheet provides (replicate correspondence between that row and the treated arms is assumed by column index, it is not stated by the deposit); no limit of quantification stated anywhere in the deposit; limit_log10 left NaN, not guessed"
kaur2024_apramycin,M. tuberculosis,planktonic,,apramycin,1.0,ug/mL,,kaur_kk_apramycin_1ugmL_r2,7.049218022670182,14.0,8.193124598354462,False,,"planktonic time-kill, days 0/3/7/14; dose in ug/mL as reported, MIC not given in the workbook so dose_xmic is NaN; n0_log10 is the replicate-index-matched Day 0 cell control, the single untreated baseline the sheet provides (replicate correspondence between that row and the treated arms is assumed by column index, it is not stated by the deposit); no limit of quantification stated anywhere in the deposit; limit_log10 left NaN, not guessed"
kaur2024_apramycin,M. tuberculosis,planktonic,,apramycin,1.0,ug/mL,,kaur_kk_apramycin_1ugmL_r3,7.033423755486949,14.0,8.146128035678238,False,,"planktonic time-kill, days 0/3/7/14; dose in ug/mL as reported, MIC not given in the workbook so dose_xmic is NaN; n0_log10 is the replicate-index-matched Day 0 cell control, the single untreated baseline the sheet provides (replicate correspondence between that row and the treated arms is assumed by column index, it is not stated by the deposit); no limit of quantification stated anywhere in the deposit; limit_log10 left NaN, not guessed"
kaur2024_apramycin,M. tuberculosis,planktonic,,amikacin,128.0,ug/mL,,kaur_kk_amikacin_128ugmL_r1,6.963787827345556,14.0,1.6020599913279623,False,,"planktonic time-kill, days 0/3/7/14; dose in ug/mL as reported, MIC not given in the workbook so dose_xmic is NaN; n0_log10 is the replicate-index-matched Day 0 cell control, the single untreated baseline the sheet provides (replicate correspondence between that row and the treated arms is assumed by column index, it is not stated by the deposit); no limit of quantification stated anywhere in the deposit; limit_log10 left NaN, not guessed"
kaur2024_apramycin,M. tuberculosis,planktonic,,amikacin,128.0,ug/mL,,kaur_kk_amikacin_128ugmL_r2,7.049218022670182,14.0,1.72,False,,"planktonic time-kill, days 0/3/7/14; dose in ug/mL as reported, MIC not given in the workbook so dose_xmic is NaN; n0_log10 is the replicate-index-matched Day 0 cell control, the single untreated baseline the sheet provides (replicate correspondence between that row and the treated arms is assumed by column index, it is not stated by the deposit); no limit of quantification stated anywhere in the deposit; limit_log10 left NaN, not guessed; cell is a 2-dp rounded entry, not a computed log10"
kaur2024_apramycin,M. tuberculosis,planktonic,,amikacin,128.0,ug/mL,,kaur_kk_amikacin_128ugmL_r3,7.033423755486949,14.0,1.88,False,,"planktonic time-kill, days 0/3/7/14; dose in ug/mL as reported, MIC not given in the workbook so dose_xmic is NaN; n0_log10 is the replicate-index-matched Day 0 cell control, the single untreated baseline the sheet provides (replicate correspondence between that row and the treated arms is assumed by column index, it is not stated by the deposit); no limit of quantification stated anywhere in the deposit; limit_log10 left NaN, not guessed; cell is a 2-dp rounded entry, not a computed log10"
kaur2024_apramycin,M. tuberculosis,planktonic,,amikacin,32.0,ug/mL,,kaur_kk_amikacin_32ugmL_r1,6.963787827345556,14.0,1.845098040014257,False,,"planktonic time-kill, days 0/3/7/14; dose in ug/mL as reported, MIC not given in the workbook so dose_xmic is NaN; n0_log10 is the replicate-index-matched Day 0 cell control, the single untreated baseline the sheet provides (replicate correspondence between that row and the treated arms is assumed by column index, it is not stated by the deposit); no limit of quantification stated anywhere in the deposit; limit_log10 left NaN, not guessed"
kaur2024_apramycin,M. tuberculosis,planktonic,,amikacin,32.0,ug/mL,,kaur_kk_amikacin_32ugmL_r2,7.049218022670182,14.0,1.7781512503836436,False,,"planktonic time-kill, days 0/3/7/14; dose in ug/mL as reported, MIC not given in the workbook so dose_xmic is NaN; n0_log10 is the replicate-index-matched Day 0 cell control, the single untreated baseline the sheet provides (replicate correspondence between that row and the treated arms is assumed by column index, it is not stated by the deposit); no limit of quantification stated anywhere in the deposit; limit_log10 left NaN, not guessed"
kaur2024_apramycin,M. tuberculosis,planktonic,,amikacin,32.0,ug/mL,,kaur_kk_amikacin_32ugmL_r3,7.033423755486949,14.0,1.954242509439325,False,,"planktonic time-kill, days 0/3/7/14; dose in ug/mL as reported, MIC not given in the workbook so dose_xmic is NaN; n0_log10 is the replicate-index-matched Day 0 cell control, the single untreated baseline the sheet provides (replicate correspondence between that row and the treated arms is assumed by column index, it is not stated by the deposit); no limit of quantification stated anywhere in the deposit; limit_log10 left NaN, not guessed"
kaur2024_apramycin,M. tuberculosis,planktonic,,amikacin,8.0,ug/mL,,kaur_kk_amikacin_8ugmL_r1,6.963787827345556,14.0,2.0791812460476247,False,,"planktonic time-kill, days 0/3/7/14; dose in ug/mL as reported, MIC not given in the workbook so dose_xmic is NaN; n0_log10 is the replicate-index-matched Day 0 cell control, the single untreated baseline the sheet provides (replicate correspondence between that row and the treated arms is assumed by column index, it is not stated by the deposit); no limit of quantification stated anywhere in the deposit; limit_log10 left NaN, not guessed"
kaur2024_apramycin,M. tuberculosis,planktonic,,amikacin,8.0,ug/mL,,kaur_kk_amikacin_8ugmL_r2,7.049218022670182,14.0,2.146128035678238,False,,"planktonic time-kill, days 0/3/7/14; dose in ug/mL as reported, MIC not given in the workbook so dose_xmic is NaN; n0_log10 is the replicate-index-matched Day 0 cell control, the single untreated baseline the sheet provides (replicate correspondence between that row and the treated arms is assumed by column index, it is not stated by the deposit); no limit of quantification stated anywhere in the deposit; limit_log10 left NaN, not guessed"
kaur2024_apramycin,M. tuberculosis,planktonic,,amikacin,8.0,ug/mL,,kaur_kk_amikacin_8ugmL_r3,7.033423755486949,14.0,2.041392685158225,False,,"planktonic time-kill, days 0/3/7/14; dose in ug/mL as reported, MIC not given in the workbook so dose_xmic is NaN; n0_log10 is the replicate-index-matched Day 0 cell control, the single untreated baseline the sheet provides (replicate correspondence between that row and the treated arms is assumed by column index, it is not stated by the deposit); no limit of quantification stated anywhere in the deposit; limit_log10 left NaN, not guessed"
kaur2024_apramycin,M. tuberculosis,planktonic,,amikacin,4.0,ug/mL,,kaur_kk_amikacin_4ugmL_r1,6.963787827345556,14.0,2.15,False,,"planktonic time-kill, days 0/3/7/14; dose in ug/mL as reported, MIC not given in the workbook so dose_xmic is NaN; n0_log10 is the replicate-index-matched Day 0 cell control, the single untreated baseline the sheet provides (replicate correspondence between that row and the treated arms is assumed by column index, it is not stated by the deposit); no limit of quantification stated anywhere in the deposit; limit_log10 left NaN, not guessed; cell is a 2-dp rounded entry, not a computed log10"
kaur2024_apramycin,M. tuberculosis,planktonic,,amikacin,4.0,ug/mL,,kaur_kk_amikacin_4ugmL_r2,7.049218022670182,14.0,2.4,False,,"planktonic time-kill, days 0/3/7/14; dose in ug/mL as reported, MIC not given in the workbook so dose_xmic is NaN; n0_log10 is the replicate-index-matched Day 0 cell control, the single untreated baseline the sheet provides (replicate correspondence between that row and the treated arms is assumed by column index, it is not stated by the deposit); no limit of quantification stated anywhere in the deposit; limit_log10 left NaN, not guessed; cell is a 2-dp rounded entry, not a computed log10"
kaur2024_apramycin,M. tuberculosis,planktonic,,amikacin,4.0,ug/mL,,kaur_kk_amikacin_4ugmL_r3,7.033423755486949,14.0,2.9,False,,"planktonic time-kill, days 0/3/7/14; dose in ug/mL as reported, MIC not given in the workbook so dose_xmic is NaN; n0_log10 is the replicate-index-matched Day 0 cell control, the single untreated baseline the sheet provides (replicate correspondence between that row and the treated arms is assumed by column index, it is not stated by the deposit); no limit of quantification stated anywhere in the deposit; limit_log10 left NaN, not guessed; cell is a 2-dp rounded entry, not a computed log10"
kaur2024_apramycin,M. tuberculosis,planktonic,,amikacin,1.0,ug/mL,,kaur_kk_amikacin_1ugmL_r1,6.963787827345556,14.0,6.55,False,,"planktonic time-kill, days 0/3/7/14; dose in ug/mL as reported, MIC not given in the workbook so dose_xmic is NaN; n0_log10 is the replicate-index-matched Day 0 cell control, the single untreated baseline the sheet provides (replicate correspondence between that row and the treated arms is assumed by column index, it is not stated by the deposit); no limit of quantification stated anywhere in the deposit; limit_log10 left NaN, not guessed; cell is a 2-dp rounded entry, not a computed log10"
kaur2024_apramycin,M. tuberculosis,planktonic,,amikacin,1.0,ug/mL,,kaur_kk_amikacin_1ugmL_r2,7.049218022670182,14.0,6.95,False,,"planktonic time-kill, days 0/3/7/14; dose in ug/mL as reported, MIC not given in the workbook so dose_xmic is NaN; n0_log10 is the replicate-index-matched Day 0 cell control, the single untreated baseline the sheet provides (replicate correspondence between that row and the treated arms is assumed by column index, it is not stated by the deposit); no limit of quantification stated anywhere in the deposit; limit_log10 left NaN, not guessed; cell is a 2-dp rounded entry, not a computed log10"
kaur2024_apramycin,M. tuberculosis,planktonic,,amikacin,1.0,ug/mL,,kaur_kk_amikacin_1ugmL_r3,7.033423755486949,14.0,6.95,False,,"planktonic time-kill, days 0/3/7/14; dose in ug/mL as reported, MIC not given in the workbook so dose_xmic is NaN; n0_log10 is the replicate-index-matched Day 0 cell control, the single untreated baseline the sheet provides (replicate correspondence between that row and the treated arms is assumed by column index, it is not stated by the deposit); no limit of quantification stated anywhere in the deposit; limit_log10 left NaN, not guessed; cell is a 2-dp rounded entry, not a computed log10"
kaur2024_apramycin,M. tuberculosis,planktonic,,none,,,,kaur_kk_none_untreated_r1,6.963787827345556,14.0,9.1,False,,"planktonic time-kill, days 0/3/7/14; dose in ug/mL as reported, MIC not given in the workbook so dose_xmic is NaN; n0_log10 is the replicate-index-matched Day 0 cell control, the single untreated baseline the sheet provides (replicate correspondence between that row and the treated arms is assumed by column index, it is not stated by the deposit); no limit of quantification stated anywhere in the deposit; limit_log10 left NaN, not guessed; cell is a 2-dp rounded entry, not a computed log10; untreated cell control"
kaur2024_apramycin,M. tuberculosis,planktonic,,none,,,,kaur_kk_none_untreated_r2,7.049218022670182,14.0,9.4,False,,"planktonic time-kill, days 0/3/7/14; dose in ug/mL as reported, MIC not given in the workbook so dose_xmic is NaN; n0_log10 is the replicate-index-matched Day 0 cell control, the single untreated baseline the sheet provides (replicate correspondence between that row and the treated arms is assumed by column index, it is not stated by the deposit); no limit of quantification stated anywhere in the deposit; limit_log10 left NaN, not guessed; cell is a 2-dp rounded entry, not a computed log10; untreated cell control"
kaur2024_apramycin,M. tuberculosis,planktonic,,none,,,,kaur_kk_none_untreated_r3,7.033423755486949,14.0,9.55,False,,"planktonic time-kill, days 0/3/7/14; dose in ug/mL as reported, MIC not given in the workbook so dose_xmic is NaN; n0_log10 is the replicate-index-matched Day 0 cell control, the single untreated baseline the sheet provides (replicate correspondence between that row and the treated arms is assumed by column index, it is not stated by the deposit); no limit of quantification stated anywhere in the deposit; limit_log10 left NaN, not guessed; cell is a 2-dp rounded entry, not a computed log10; untreated cell control"
kaur2024_apramycin,M. tuberculosis,intracellular,,none,,,,kaur_ic_none_untreated_r1,5.982271233039568,0.0,5.982271233039568,False,,"intracellular (macrophage) killing, days 0/3/7; dose in ug/mL as reported, MIC not given so dose_xmic is NaN; n0_log10 is the replicate-index-matched Day 0 cell control (correspondence assumed by column index, not stated); apramycin and amikacin were tested over different concentration ladders, so this sheet is not a dose-matched drug comparison; no limit of quantification stated anywhere in the deposit; limit_log10 left NaN, not guessed; untreated cell control at t=0; this single day-0 row is the only baseline in the sheet and is shared by every arm"
kaur2024_apramycin,M. tuberculosis,intracellular,,none,,,,kaur_ic_none_untreated_r2,5.944482672150168,0.0,5.944482672150168,False,,"intracellular (macrophage) killing, days 0/3/7; dose in ug/mL as reported, MIC not given so dose_xmic is NaN; n0_log10 is the replicate-index-matched Day 0 cell control (correspondence assumed by column index, not stated); apramycin and amikacin were tested over different concentration ladders, so this sheet is not a dose-matched drug comparison; no limit of quantification stated anywhere in the deposit; limit_log10 left NaN, not guessed; untreated cell control at t=0; this single day-0 row is the only baseline in the sheet and is shared by every arm"
kaur2024_apramycin,M. tuberculosis,intracellular,,none,,,,kaur_ic_none_untreated_r3,5.924279286061882,0.0,5.924279286061882,False,,"intracellular (macrophage) killing, days 0/3/7; dose in ug/mL as reported, MIC not given so dose_xmic is NaN; n0_log10 is the replicate-index-matched Day 0 cell control (correspondence assumed by column index, not stated); apramycin and amikacin were tested over different concentration ladders, so this sheet is not a dose-matched drug comparison; no limit of quantification stated anywhere in the deposit; limit_log10 left NaN, not guessed; untreated cell control at t=0; this single day-0 row is the only baseline in the sheet and is shared by every arm"
kaur2024_apramycin,M. tuberculosis,intracellular,,apramycin,32.0,ug/mL,,kaur_ic_apramycin_32ugmL_r1,5.982271233039568,3.0,4.778151250383644,False,,"intracellular (macrophage) killing, days 0/3/7; dose in ug/mL as reported, MIC not given so dose_xmic is NaN; n0_log10 is the replicate-index-matched Day 0 cell control (correspondence assumed by column index, not stated); apramycin and amikacin were tested over different concentration ladders, so this sheet is not a dose-matched drug comparison; no limit of quantification stated anywhere in the deposit; limit_log10 left NaN, not guessed"
kaur2024_apramycin,M. tuberculosis,intracellular,,apramycin,32.0,ug/mL,,kaur_ic_apramycin_32ugmL_r2,5.944482672150168,3.0,4.643452676486188,False,,"intracellular (macrophage) killing, days 0/3/7; dose in ug/mL as reported, MIC not given so dose_xmic is NaN; n0_log10 is the replicate-index-matched Day 0 cell control (correspondence assumed by column index, not stated); apramycin and amikacin were tested over different concentration ladders, so this sheet is not a dose-matched drug comparison; no limit of quantification stated anywhere in the deposit; limit_log10 left NaN, not guessed"
kaur2024_apramycin,M. tuberculosis,intracellular,,apramycin,32.0,ug/mL,,kaur_ic_apramycin_32ugmL_r3,5.924279286061882,3.0,4.748188027006201,False,,"intracellular (macrophage) killing, days 0/3/7; dose in ug/mL as reported, MIC not given so dose_xmic is NaN; n0_log10 is the replicate-index-matched Day 0 cell control (correspondence assumed by column index, not stated); apramycin and amikacin were tested over different concentration ladders, so this sheet is not a dose-matched drug comparison; no limit of quantification stated anywhere in the deposit; limit_log10 left NaN, not guessed"
kaur2024_apramycin,M. tuberculosis,intracellular,,apramycin,16.0,ug/mL,,kaur_ic_apramycin_16ugmL_r1,5.982271233039568,3.0,4.982271233039568,False,,"intracellular (macrophage) killing, days 0/3/7; dose in ug/mL as reported, MIC not given so dose_xmic is NaN; n0_log10 is the replicate-index-matched Day 0 cell control (correspondence assumed by column index, not stated); apramycin and amikacin were tested over different concentration ladders, so this sheet is not a dose-matched drug comparison; no limit of quantification stated anywhere in the deposit; limit_log10 left NaN, not guessed"
kaur2024_apramycin,M. tuberculosis,intracellular,,apramycin,16.0,ug/mL,,kaur_ic_apramycin_16ugmL_r2,5.944482672150168,3.0,4.857332496431268,False,,"intracellular (macrophage) killing, days 0/3/7; dose in ug/mL as reported, MIC not given so dose_xmic is NaN; n0_log10 is the replicate-index-matched Day 0 cell control (correspondence assumed by column index, not stated); apramycin and amikacin were tested over different concentration ladders, so this sheet is not a dose-matched drug comparison; no limit of quantification stated anywhere in the deposit; limit_log10 left NaN, not guessed"
kaur2024_apramycin,M. tuberculosis,intracellular,,apramycin,16.0,ug/mL,,kaur_ic_apramycin_16ugmL_r3,5.924279286061882,3.0,5.0,False,,"intracellular (macrophage) killing, days 0/3/7; dose in ug/mL as reported, MIC not given so dose_xmic is NaN; n0_log10 is the replicate-index-matched Day 0 cell control (correspondence assumed by column index, not stated); apramycin and amikacin were tested over different concentration ladders, so this sheet is not a dose-matched drug comparison; no limit of quantification stated anywhere in the deposit; limit_log10 left NaN, not guessed; cell is a 2-dp rounded entry, not a computed log10"
kaur2024_apramycin,M. tuberculosis,intracellular,,apramycin,8.0,ug/mL,,kaur_ic_apramycin_8ugmL_r1,5.982271233039568,3.0,4.982271233039568,False,,"intracellular (macrophage) killing, days 0/3/7; dose in ug/mL as reported, MIC not given so dose_xmic is NaN; n0_log10 is the replicate-index-matched Day 0 cell control (correspondence assumed by column index, not stated); apramycin and amikacin were tested over different concentration ladders, so this sheet is not a dose-matched drug comparison; no limit of quantification stated anywhere in the deposit; limit_log10 left NaN, not guessed"
kaur2024_apramycin,M. tuberculosis,intracellular,,apramycin,8.0,ug/mL,,kaur_ic_apramycin_8ugmL_r2,5.944482672150168,3.0,5.079181246047625,False,,"intracellular (macrophage) killing, days 0/3/7; dose in ug/mL as reported, MIC not given so dose_xmic is NaN; n0_log10 is the replicate-index-matched Day 0 cell control (correspondence assumed by column index, not stated); apramycin and amikacin were tested over different concentration ladders, so this sheet is not a dose-matched drug comparison; no limit of quantification stated anywhere in the deposit; limit_log10 left NaN, not guessed"
kaur2024_apramycin,M. tuberculosis,intracellular,,apramycin,8.0,ug/mL,,kaur_ic_apramycin_8ugmL_r3,5.924279286061882,3.0,4.924279286061882,False,,"intracellular (macrophage) killing, days 0/3/7; dose in ug/mL as reported, MIC not given so dose_xmic is NaN; n0_log10 is the replicate-index-matched Day 0 cell control (correspondence assumed by column index, not stated); apramycin and amikacin were tested over different concentration ladders, so this sheet is not a dose-matched drug comparison; no limit of quantification stated anywhere in the deposit; limit_log10 left NaN, not guessed"
kaur2024_apramycin,M. tuberculosis,intracellular,,apramycin,4.0,ug/mL,,kaur_ic_apramycin_4ugmL_r1,5.982271233039568,3.0,5.283301228703549,False,,"intracellular (macrophage) killing, days 0/3/7; dose in ug/mL as reported, MIC not given so dose_xmic is NaN; n0_log10 is the replicate-index-matched Day 0 cell control (correspondence assumed by column index, not stated); apramycin and amikacin were tested over different concentration ladders, so this sheet is not a dose-matched drug comparison; no limit of quantification stated anywhere in the deposit; limit_log10 left NaN, not guessed"
kaur2024_apramycin,M. tuberculosis,intracellular,,apramycin,4.0,ug/mL,,kaur_ic_apramycin_4ugmL_r2,5.944482672150168,3.0,5.193124598354461,False,,"intracellular (macrophage) killing, days 0/3/7; dose in ug/mL as reported, MIC not given so dose_xmic is NaN; n0_log10 is the replicate-index-matched Day 0 cell control (correspondence assumed by column index, not stated); apramycin and amikacin were tested over different concentration ladders, so this sheet is not a dose-matched drug comparison; no limit of quantification stated anywhere in the deposit; limit_log10 left NaN, not guessed"
kaur2024_apramycin,M. tuberculosis,intracellular,,apramycin,4.0,ug/mL,,kaur_ic_apramycin_4ugmL_r3,5.924279286061882,3.0,5.235528446907549,False,,"intracellular (macrophage) killing, days 0/3/7; dose in ug/mL as reported, MIC not given so dose_xmic is NaN; n0_log10 is the replicate-index-matched Day 0 cell control (correspondence assumed by column index, not stated); apramycin and amikacin were tested over different concentration ladders, so this sheet is not a dose-matched drug comparison; no limit of quantification stated anywhere in the deposit; limit_log10 left NaN, not guessed"
kaur2024_apramycin,M. tuberculosis,intracellular,,apramycin,2.0,ug/mL,,kaur_ic_apramycin_2ugmL_r1,5.982271233039568,3.0,5.6020599913279625,False,,"intracellular (macrophage) killing, days 0/3/7; dose in ug/mL as reported, MIC not given so dose_xmic is NaN; n0_log10 is the replicate-index-matched Day 0 cell control (correspondence assumed by column index, not stated); apramycin and amikacin were tested over different concentration ladders, so this sheet is not a dose-matched drug comparison; no limit of quantification stated anywhere in the deposit; limit_log10 left NaN, not guessed"
kaur2024_apramycin,M. tuberculosis,intracellular,,apramycin,2.0,ug/mL,,kaur_ic_apramycin_2ugmL_r2,5.944482672150168,3.0,5.681241237375588,False,,"intracellular (macrophage) killing, days 0/3/7; dose in ug/mL as reported, MIC not given so dose_xmic is NaN; n0_log10 is the replicate-index-matched Day 0 cell control (correspondence assumed by column index, not stated); apramycin and amikacin were tested over different concentration ladders, so this sheet is not a dose-matched drug comparison; no limit of quantification stated anywhere in the deposit; limit_log10 left NaN, not guessed"
kaur2024_apramycin,M. tuberculosis,intracellular,,apramycin,2.0,ug/mL,,kaur_ic_apramycin_2ugmL_r3,5.924279286061882,3.0,5.301029995663981,False,,"intracellular (macrophage) killing, days 0/3/7; dose in ug/mL as reported, MIC not given so dose_xmic is NaN; n0_log10 is the replicate-index-matched Day 0 cell control (correspondence assumed by column index, not stated); apramycin and amikacin were tested over different concentration ladders, so this sheet is not a dose-matched drug comparison; no limit of quantification stated anywhere in the deposit; limit_log10 left NaN, not guessed"
kaur2024_apramycin,M. tuberculosis,intracellular,,apramycin,1.0,ug/mL,,kaur_ic_apramycin_1ugmL_r1,5.982271233039568,3.0,5.6020599913279625,False,,"intracellular (macrophage) killing, days 0/3/7; dose in ug/mL as reported, MIC not given so dose_xmic is NaN; n0_log10 is the replicate-index-matched Day 0 cell control (correspondence assumed by column index, not stated); apramycin and amikacin were tested over different concentration ladders, so this sheet is not a dose-matched drug comparison; no limit of quantification stated anywhere in the deposit; limit_log10 left NaN, not guessed"
kaur2024_apramycin,M. tuberculosis,intracellular,,apramycin,1.0,ug/mL,,kaur_ic_apramycin_1ugmL_r2,5.944482672150168,3.0,5.7160033436347994,False,,"intracellular (macrophage) killing, days 0/3/7; dose in ug/mL as reported, MIC not given so dose_xmic is NaN; n0_log10 is the replicate-index-matched Day 0 cell control (correspondence assumed by column index, not stated); apramycin and amikacin were tested over different concentration ladders, so this sheet is not a dose-matched drug comparison; no limit of quantification stated anywhere in the deposit; limit_log10 left NaN, not guessed"
kaur2024_apramycin,M. tuberculosis,intracellular,,apramycin,1.0,ug/mL,,kaur_ic_apramycin_1ugmL_r3,5.924279286061882,3.0,5.748188027006201,False,,"intracellular (macrophage) killing, days 0/3/7; dose in ug/mL as reported, MIC not given so dose_xmic is NaN; n0_log10 is the replicate-index-matched Day 0 cell control (correspondence assumed by column index, not stated); apramycin and amikacin were tested over different concentration ladders, so this sheet is not a dose-matched drug comparison; no limit of quantification stated anywhere in the deposit; limit_log10 left NaN, not guessed"
kaur2024_apramycin,M. tuberculosis,intracellular,,amikacin,128.0,ug/mL,,kaur_ic_amikacin_128ugmL_r1,5.982271233039568,3.0,5.982271233039568,False,,"intracellular (macrophage) killing, days 0/3/7; dose in ug/mL as reported, MIC not given so dose_xmic is NaN; n0_log10 is the replicate-index-matched Day 0 cell control (correspondence assumed by column index, not stated); apramycin and amikacin were tested over different concentration ladders, so this sheet is not a dose-matched drug comparison; no limit of quantification stated anywhere in the deposit; limit_log10 left NaN, not guessed"
kaur2024_apramycin,M. tuberculosis,intracellular,,amikacin,128.0,ug/mL,,kaur_ic_amikacin_128ugmL_r2,5.944482672150168,3.0,5.832508912706237,False,,"intracellular (macrophage) killing, days 0/3/7; dose in ug/mL as reported, MIC not given so dose_xmic is NaN; n0_log10 is the replicate-index-matched Day 0 cell control (correspondence assumed by column index, not stated); apramycin and amikacin were tested over different concentration ladders, so this sheet is not a dose-matched drug comparison; no limit of quantification stated anywhere in the deposit; limit_log10 left NaN, not guessed"
kaur2024_apramycin,M. tuberculosis,intracellular,,amikacin,128.0,ug/mL,,kaur_ic_amikacin_128ugmL_r3,5.924279286061882,3.0,5.963787827345556,False,,"intracellular (macrophage) killing, days 0/3/7; dose in ug/mL as reported, MIC not given so dose_xmic is NaN; n0_log10 is the replicate-index-matched Day 0 cell control (correspondence assumed by column index, not stated); apramycin and amikacin were tested over different concentration ladders, so this sheet is not a dose-matched drug comparison; no limit of quantification stated anywhere in the deposit; limit_log10 left NaN, not guessed"
kaur2024_apramycin,M. tuberculosis,intracellular,,amikacin,64.0,ug/mL,,kaur_ic_amikacin_64ugmL_r1,5.982271233039568,3.0,6.0,False,,"intracellular (macrophage) killing, days 0/3/7; dose in ug/mL as reported, MIC not given so dose_xmic is NaN; n0_log10 is the replicate-index-matched Day 0 cell control (correspondence assumed by column index, not stated); apramycin and amikacin were tested over different concentration ladders, so this sheet is not a dose-matched drug comparison; no limit of quantification stated anywhere in the deposit; limit_log10 left NaN, not guessed; cell is a 2-dp rounded entry, not a computed log10"
kaur2024_apramycin,M. tuberculosis,intracellular,,amikacin,64.0,ug/mL,,kaur_ic_amikacin_64ugmL_r2,5.944482672150168,3.0,6.079181246047625,False,,"intracellular (macrophage) killing, days 0/3/7; dose in ug/mL as reported, MIC not given so dose_xmic is NaN; n0_log10 is the replicate-index-matched Day 0 cell control (correspondence assumed by column index, not stated); apramycin and amikacin were tested over different concentration ladders, so this sheet is not a dose-matched drug comparison; no limit of quantification stated anywhere in the deposit; limit_log10 left NaN, not guessed"
kaur2024_apramycin,M. tuberculosis,intracellular,,amikacin,64.0,ug/mL,,kaur_ic_amikacin_64ugmL_r3,5.924279286061882,3.0,6.093421685162235,False,,"intracellular (macrophage) killing, days 0/3/7; dose in ug/mL as reported, MIC not given so dose_xmic is NaN; n0_log10 is the replicate-index-matched Day 0 cell control (correspondence assumed by column index, not stated); apramycin and amikacin were tested over different concentration ladders, so this sheet is not a dose-matched drug comparison; no limit of quantification stated anywhere in the deposit; limit_log10 left NaN, not guessed"
kaur2024_apramycin,M. tuberculosis,intracellular,,amikacin,32.0,ug/mL,,kaur_ic_amikacin_32ugmL_r1,5.982271233039568,3.0,6.146128035678238,False,,"intracellular (macrophage) killing, days 0/3/7; dose in ug/mL as reported, MIC not given so dose_xmic is NaN; n0_log10 is the replicate-index-matched Day 0 cell control (correspondence assumed by column index, not stated); apramycin and amikacin were tested over different concentration ladders, so this sheet is not a dose-matched drug comparison; no limit of quantification stated anywhere in the deposit; limit_log10 left NaN, not guessed"
kaur2024_apramycin,M. tuberculosis,intracellular,,amikacin,32.0,ug/mL,,kaur_ic_amikacin_32ugmL_r2,5.944482672150168,3.0,6.093421685162235,False,,"intracellular (macrophage) killing, days 0/3/7; dose in ug/mL as reported, MIC not given so dose_xmic is NaN; n0_log10 is the replicate-index-matched Day 0 cell control (correspondence assumed by column index, not stated); apramycin and amikacin were tested over different concentration ladders, so this sheet is not a dose-matched drug comparison; no limit of quantification stated anywhere in the deposit; limit_log10 left NaN, not guessed"
kaur2024_apramycin,M. tuberculosis,intracellular,,amikacin,32.0,ug/mL,,kaur_ic_amikacin_32ugmL_r3,5.924279286061882,3.0,6.133538908370218,False,,"intracellular (macrophage) killing, days 0/3/7; dose in ug/mL as reported, MIC not given so dose_xmic is NaN; n0_log10 is the replicate-index-matched Day 0 cell control (correspondence assumed by column index, not stated); apramycin and amikacin were tested over different concentration ladders, so this sheet is not a dose-matched drug comparison; no limit of quantification stated anywhere in the deposit; limit_log10 left NaN, not guessed"
kaur2024_apramycin,M. tuberculosis,intracellular,,amikacin,16.0,ug/mL,,kaur_ic_amikacin_16ugmL_r1,5.982271233039568,3.0,6.181843587944773,False,,"intracellular (macrophage) killing, days 0/3/7; dose in ug/mL as reported, MIC not given so dose_xmic is NaN; n0_log10 is the replicate-index-matched Day 0 cell control (correspondence assumed by column index, not stated); apramycin and amikacin were tested over different concentration ladders, so this sheet is not a dose-matched drug comparison; no limit of quantification stated anywhere in the deposit; limit_log10 left NaN, not guessed"
kaur2024_apramycin,M. tuberculosis,intracellular,,amikacin,16.0,ug/mL,,kaur_ic_amikacin_16ugmL_r2,5.944482672150168,3.0,6.1702617153949575,False,,"intracellular (macrophage) killing, days 0/3/7; dose in ug/mL as reported, MIC not given so dose_xmic is NaN; n0_log10 is the replicate-index-matched Day 0 cell control (correspondence assumed by column index, not stated); apramycin and amikacin were tested over different concentration ladders, so this sheet is not a dose-matched drug comparison; no limit of quantification stated anywhere in the deposit; limit_log10 left NaN, not guessed"
kaur2024_apramycin,M. tuberculosis,intracellular,,amikacin,16.0,ug/mL,,kaur_ic_amikacin_16ugmL_r3,5.924279286061882,3.0,6.093421685162235,False,,"intracellular (macrophage) killing, days 0/3/7; dose in ug/mL as reported, MIC not given so dose_xmic is NaN; n0_log10 is the replicate-index-matched Day 0 cell control (correspondence assumed by column index, not stated); apramycin and amikacin were tested over different concentration ladders, so this sheet is not a dose-matched drug comparison; no limit of quantification stated anywhere in the deposit; limit_log10 left NaN, not guessed"
kaur2024_apramycin,M. tuberculosis,intracellular,,amikacin,8.0,ug/mL,,kaur_ic_amikacin_8ugmL_r1,5.982271233039568,3.0,6.214843848047698,False,,"intracellular (macrophage) killing, days 0/3/7; dose in ug/mL as reported, MIC not given so dose_xmic is NaN; n0_log10 is the replicate-index-matched Day 0 cell control (correspondence assumed by column index, not stated); apramycin and amikacin were tested over different concentration ladders, so this sheet is not a dose-matched drug comparison; no limit of quantification stated anywhere in the deposit; limit_log10 left NaN, not guessed"
kaur2024_apramycin,M. tuberculosis,intracellular,,amikacin,8.0,ug/mL,,kaur_ic_amikacin_8ugmL_r2,5.944482672150168,3.0,6.264817823009537,False,,"intracellular (macrophage) killing, days 0/3/7; dose in ug/mL as reported, MIC not given so dose_xmic is NaN; n0_log10 is the replicate-index-matched Day 0 cell control (correspondence assumed by column index, not stated); apramycin and amikacin were tested over different concentration ladders, so this sheet is not a dose-matched drug comparison; no limit of quantification stated anywhere in the deposit; limit_log10 left NaN, not guessed"
kaur2024_apramycin,M. tuberculosis,intracellular,,amikacin,8.0,ug/mL,,kaur_ic_amikacin_8ugmL_r3,5.924279286061882,3.0,6.27415784926368,False,,"intracellular (macrophage) killing, days 0/3/7; dose in ug/mL as reported, MIC not given so dose_xmic is NaN; n0_log10 is the replicate-index-matched Day 0 cell control (correspondence assumed by column index, not stated); apramycin and amikacin were tested over different concentration ladders, so this sheet is not a dose-matched drug comparison; no limit of quantification stated anywhere in the deposit; limit_log10 left NaN, not guessed"
kaur2024_apramycin,M. tuberculosis,intracellular,,amikacin,4.0,ug/mL,,kaur_ic_amikacin_4ugmL_r1,5.982271233039568,3.0,6.2552725051033065,False,,"intracellular (macrophage) killing, days 0/3/7; dose in ug/mL as reported, MIC not given so dose_xmic is NaN; n0_log10 is the replicate-index-matched Day 0 cell control (correspondence assumed by column index, not stated); apramycin and amikacin were tested over different concentration ladders, so this sheet is not a dose-matched drug comparison; no limit of quantification stated anywhere in the deposit; limit_log10 left NaN, not guessed"
kaur2024_apramycin,M. tuberculosis,intracellular,,amikacin,4.0,ug/mL,,kaur_ic_amikacin_4ugmL_r2,5.944482672150168,3.0,6.27415784926368,False,,"intracellular (macrophage) killing, days 0/3/7; dose in ug/mL as reported, MIC not given so dose_xmic is NaN; n0_log10 is the replicate-index-matched Day 0 cell control (correspondence assumed by column index, not stated); apramycin and amikacin were tested over different concentration ladders, so this sheet is not a dose-matched drug comparison; no limit of quantification stated anywhere in the deposit; limit_log10 left NaN, not guessed"
kaur2024_apramycin,M. tuberculosis,intracellular,,amikacin,4.0,ug/mL,,kaur_ic_amikacin_4ugmL_r3,5.924279286061882,3.0,6.214843848047698,False,,"intracellular (macrophage) killing, days 0/3/7; dose in ug/mL as reported, MIC not given so dose_xmic is NaN; n0_log10 is the replicate-index-matched Day 0 cell control (correspondence assumed by column index, not stated); apramycin and amikacin were tested over different concentration ladders, so this sheet is not a dose-matched drug comparison; no limit of quantification stated anywhere in the deposit; limit_log10 left NaN, not guessed"
kaur2024_apramycin,M. tuberculosis,intracellular,,rifampicin,16.0,ug/mL,,kaur_ic_rifampicin_16ugmL_r1,5.982271233039568,3.0,4.681241237375588,False,,"intracellular (macrophage) killing, days 0/3/7; dose in ug/mL as reported, MIC not given so dose_xmic is NaN; n0_log10 is the replicate-index-matched Day 0 cell control (correspondence assumed by column index, not stated); apramycin and amikacin were tested over different concentration ladders, so this sheet is not a dose-matched drug comparison; no limit of quantification stated anywhere in the deposit; limit_log10 left NaN, not guessed"
kaur2024_apramycin,M. tuberculosis,intracellular,,rifampicin,16.0,ug/mL,,kaur_ic_rifampicin_16ugmL_r2,5.944482672150168,3.0,4.7160033436347994,False,,"intracellular (macrophage) killing, days 0/3/7; dose in ug/mL as reported, MIC not given so dose_xmic is NaN; n0_log10 is the replicate-index-matched Day 0 cell control (correspondence assumed by column index, not stated); apramycin and amikacin were tested over different concentration ladders, so this sheet is not a dose-matched drug comparison; no limit of quantification stated anywhere in the deposit; limit_log10 left NaN, not guessed"
kaur2024_apramycin,M. tuberculosis,intracellular,,rifampicin,16.0,ug/mL,,kaur_ic_rifampicin_16ugmL_r3,5.924279286061882,3.0,4.556302500767287,False,,"intracellular (macrophage) killing, days 0/3/7; dose in ug/mL as reported, MIC not given so dose_xmic is NaN; n0_log10 is the replicate-index-matched Day 0 cell control (correspondence assumed by column index, not stated); apramycin and amikacin were tested over different concentration ladders, so this sheet is not a dose-matched drug comparison; no limit of quantification stated anywhere in the deposit; limit_log10 left NaN, not guessed"
kaur2024_apramycin,M. tuberculosis,intracellular,,none,,,,kaur_ic_none_untreated_r1,5.982271233039568,3.0,6.342422680822207,False,,"intracellular (macrophage) killing, days 0/3/7; dose in ug/mL as reported, MIC not given so dose_xmic is NaN; n0_log10 is the replicate-index-matched Day 0 cell control (correspondence assumed by column index, not stated); apramycin and amikacin were tested over different concentration ladders, so this sheet is not a dose-matched drug comparison; no limit of quantification stated anywhere in the deposit; limit_log10 left NaN, not guessed; untreated cell control"
kaur2024_apramycin,M. tuberculosis,intracellular,,none,,,,kaur_ic_none_untreated_r2,5.944482672150168,3.0,6.365487984890899,False,,"intracellular (macrophage) killing, days 0/3/7; dose in ug/mL as reported, MIC not given so dose_xmic is NaN; n0_log10 is the replicate-index-matched Day 0 cell control (correspondence assumed by column index, not stated); apramycin and amikacin were tested over different concentration ladders, so this sheet is not a dose-matched drug comparison; no limit of quantification stated anywhere in the deposit; limit_log10 left NaN, not guessed; untreated cell control"
kaur2024_apramycin,M. tuberculosis,intracellular,,none,,,,kaur_ic_none_untreated_r3,5.924279286061882,3.0,6.401400540781544,False,,"intracellular (macrophage) killing, days 0/3/7; dose in ug/mL as reported, MIC not given so dose_xmic is NaN; n0_log10 is the replicate-index-matched Day 0 cell control (correspondence assumed by column index, not stated); apramycin and amikacin were tested over different concentration ladders, so this sheet is not a dose-matched drug comparison; no limit of quantification stated anywhere in the deposit; limit_log10 left NaN, not guessed; untreated cell control"
kaur2024_apramycin,M. tuberculosis,intracellular,,apramycin,32.0,ug/mL,,kaur_ic_apramycin_32ugmL_r1,5.982271233039568,7.0,4.380211241711606,False,,"intracellular (macrophage) killing, days 0/3/7; dose in ug/mL as reported, MIC not given so dose_xmic is NaN; n0_log10 is the replicate-index-matched Day 0 cell control (correspondence assumed by column index, not stated); apramycin and amikacin were tested over different concentration ladders, so this sheet is not a dose-matched drug comparison; no limit of quantification stated anywhere in the deposit; limit_log10 left NaN, not guessed"
kaur2024_apramycin,M. tuberculosis,intracellular,,apramycin,32.0,ug/mL,,kaur_ic_apramycin_32ugmL_r2,5.944482672150168,7.0,4.66,False,,"intracellular (macrophage) killing, days 0/3/7; dose in ug/mL as reported, MIC not given so dose_xmic is NaN; n0_log10 is the replicate-index-matched Day 0 cell control (correspondence assumed by column index, not stated); apramycin and amikacin were tested over different concentration ladders, so this sheet is not a dose-matched drug comparison; no limit of quantification stated anywhere in the deposit; limit_log10 left NaN, not guessed; cell is a 2-dp rounded entry, not a computed log10"
kaur2024_apramycin,M. tuberculosis,intracellular,,apramycin,32.0,ug/mL,,kaur_ic_apramycin_32ugmL_r3,5.924279286061882,7.0,4.6,False,,"intracellular (macrophage) killing, days 0/3/7; dose in ug/mL as reported, MIC not given so dose_xmic is NaN; n0_log10 is the replicate-index-matched Day 0 cell control (correspondence assumed by column index, not stated); apramycin and amikacin were tested over different concentration ladders, so this sheet is not a dose-matched drug comparison; no limit of quantification stated anywhere in the deposit; limit_log10 left NaN, not guessed; cell is a 2-dp rounded entry, not a computed log10"
kaur2024_apramycin,M. tuberculosis,intracellular,,apramycin,16.0,ug/mL,,kaur_ic_apramycin_16ugmL_r1,5.982271233039568,7.0,4.681241237375588,False,,"intracellular (macrophage) killing, days 0/3/7; dose in ug/mL as reported, MIC not given so dose_xmic is NaN; n0_log10 is the replicate-index-matched Day 0 cell control (correspondence assumed by column index, not stated); apramycin and amikacin were tested over different concentration ladders, so this sheet is not a dose-matched drug comparison; no limit of quantification stated anywhere in the deposit; limit_log10 left NaN, not guessed"
kaur2024_apramycin,M. tuberculosis,intracellular,,apramycin,16.0,ug/mL,,kaur_ic_apramycin_16ugmL_r2,5.944482672150168,7.0,4.748188027006201,False,,"intracellular (macrophage) killing, days 0/3/7; dose in ug/mL as reported, MIC not given so dose_xmic is NaN; n0_log10 is the replicate-index-matched Day 0 cell control (correspondence assumed by column index, not stated); apramycin and amikacin were tested over different concentration ladders, so this sheet is not a dose-matched drug comparison; no limit of quantification stated anywhere in the deposit; limit_log10 left NaN, not guessed"
kaur2024_apramycin,M. tuberculosis,intracellular,,apramycin,16.0,ug/mL,,kaur_ic_apramycin_16ugmL_r3,5.924279286061882,7.0,4.505149978319906,False,,"intracellular (macrophage) killing, days 0/3/7; dose in ug/mL as reported, MIC not given so dose_xmic is NaN; n0_log10 is the replicate-index-matched Day 0 cell control (correspondence assumed by column index, not stated); apramycin and amikacin were tested over different concentration ladders, so this sheet is not a dose-matched drug comparison; no limit of quantification stated anywhere in the deposit; limit_log10 left NaN, not guessed"
kaur2024_apramycin,M. tuberculosis,intracellular,,apramycin,8.0,ug/mL,,kaur_ic_apramycin_8ugmL_r1,5.982271233039568,7.0,4.880813592280791,False,,"intracellular (macrophage) killing, days 0/3/7; dose in ug/mL as reported, MIC not given so dose_xmic is NaN; n0_log10 is the replicate-index-matched Day 0 cell control (correspondence assumed by column index, not stated); apramycin and amikacin were tested over different concentration ladders, so this sheet is not a dose-matched drug comparison; no limit of quantification stated anywhere in the deposit; limit_log10 left NaN, not guessed"
kaur2024_apramycin,M. tuberculosis,intracellular,,apramycin,8.0,ug/mL,,kaur_ic_apramycin_8ugmL_r2,5.944482672150168,7.0,4.778151250383644,False,,"intracellular (macrophage) killing, days 0/3/7; dose in ug/mL as reported, MIC not given so dose_xmic is NaN; n0_log10 is the replicate-index-matched Day 0 cell control (correspondence assumed by column index, not stated); apramycin and amikacin were tested over different concentration ladders, so this sheet is not a dose-matched drug comparison; no limit of quantification stated anywhere in the deposit; limit_log10 left NaN, not guessed"
kaur2024_apramycin,M. tuberculosis,intracellular,,apramycin,8.0,ug/mL,,kaur_ic_apramycin_8ugmL_r3,5.924279286061882,7.0,4.681241237375588,False,,"intracellular (macrophage) killing, days 0/3/7; dose in ug/mL as reported, MIC not given so dose_xmic is NaN; n0_log10 is the replicate-index-matched Day 0 cell control (correspondence assumed by column index, not stated); apramycin and amikacin were tested over different concentration ladders, so this sheet is not a dose-matched drug comparison; no limit of quantification stated anywhere in the deposit; limit_log10 left NaN, not guessed"
kaur2024_apramycin,M. tuberculosis,intracellular,,apramycin,4.0,ug/mL,,kaur_ic_apramycin_4ugmL_r1,5.982271233039568,7.0,5.181843587944773,False,,"intracellular (macrophage) killing, days 0/3/7; dose in ug/mL as reported, MIC not given so dose_xmic is NaN; n0_log10 is the replicate-index-matched Day 0 cell control (correspondence assumed by column index, not stated); apramycin and amikacin were tested over different concentration ladders, so this sheet is not a dose-matched drug comparison; no limit of quantification stated anywhere in the deposit; limit_log10 left NaN, not guessed"
kaur2024_apramycin,M. tuberculosis,intracellular,,apramycin,4.0,ug/mL,,kaur_ic_apramycin_4ugmL_r2,5.944482672150168,7.0,5.049218022670182,False,,"intracellular (macrophage) killing, days 0/3/7; dose in ug/mL as reported, MIC not given so dose_xmic is NaN; n0_log10 is the replicate-index-matched Day 0 cell control (correspondence assumed by column index, not stated); apramycin and amikacin were tested over different concentration ladders, so this sheet is not a dose-matched drug comparison; no limit of quantification stated anywhere in the deposit; limit_log10 left NaN, not guessed"
kaur2024_apramycin,M. tuberculosis,intracellular,,apramycin,4.0,ug/mL,,kaur_ic_apramycin_4ugmL_r3,5.924279286061882,7.0,5.158362492095249,False,,"intracellular (macrophage) killing, days 0/3/7; dose in ug/mL as reported, MIC not given so dose_xmic is NaN; n0_log10 is the replicate-index-matched Day 0 cell control (correspondence assumed by column index, not stated); apramycin and amikacin were tested over different concentration ladders, so this sheet is not a dose-matched drug comparison; no limit of quantification stated anywhere in the deposit; limit_log10 left NaN, not guessed"
kaur2024_apramycin,M. tuberculosis,intracellular,,apramycin,2.0,ug/mL,,kaur_ic_apramycin_2ugmL_r1,5.982271233039568,7.0,5.365487984890899,False,,"intracellular (macrophage) killing, days 0/3/7; dose in ug/mL as reported, MIC not given so dose_xmic is NaN; n0_log10 is the replicate-index-matched Day 0 cell control (correspondence assumed by column index, not stated); apramycin and amikacin were tested over different concentration ladders, so this sheet is not a dose-matched drug comparison; no limit of quantification stated anywhere in the deposit; limit_log10 left NaN, not guessed"
kaur2024_apramycin,M. tuberculosis,intracellular,,apramycin,2.0,ug/mL,,kaur_ic_apramycin_2ugmL_r2,5.944482672150168,7.0,5.408239965311849,False,,"intracellular (macrophage) killing, days 0/3/7; dose in ug/mL as reported, MIC not given so dose_xmic is NaN; n0_log10 is the replicate-index-matched Day 0 cell control (correspondence assumed by column index, not stated); apramycin and amikacin were tested over different concentration ladders, so this sheet is not a dose-matched drug comparison; no limit of quantification stated anywhere in the deposit; limit_log10 left NaN, not guessed"
kaur2024_apramycin,M. tuberculosis,intracellular,,apramycin,2.0,ug/mL,,kaur_ic_apramycin_2ugmL_r3,5.924279286061882,7.0,5.4281347940287885,False,,"intracellular (macrophage) killing, days 0/3/7; dose in ug/mL as reported, MIC not given so dose_xmic is NaN; n0_log10 is the replicate-index-matched Day 0 cell control (correspondence assumed by column index, not stated); apramycin and amikacin were tested over different concentration ladders, so this sheet is not a dose-matched drug comparison; no limit of quantification stated anywhere in the deposit; limit_log10 left NaN, not guessed"
kaur2024_apramycin,M. tuberculosis,intracellular,,apramycin,1.0,ug/mL,,kaur_ic_apramycin_1ugmL_r1,5.982271233039568,7.0,5.556302500767287,False,,"intracellular (macrophage) killing, days 0/3/7; dose in ug/mL as reported, MIC not given so dose_xmic is NaN; n0_log10 is the replicate-index-matched Day 0 cell control (correspondence assumed by column index, not stated); apramycin and amikacin were tested over different concentration ladders, so this sheet is not a dose-matched drug comparison; no limit of quantification stated anywhere in the deposit; limit_log10 left NaN, not guessed"
kaur2024_apramycin,M. tuberculosis,intracellular,,apramycin,1.0,ug/mL,,kaur_ic_apramycin_1ugmL_r2,5.944482672150168,7.0,5.748188027006201,False,,"intracellular (macrophage) killing, days 0/3/7; dose in ug/mL as reported, MIC not given so dose_xmic is NaN; n0_log10 is the replicate-index-matched Day 0 cell control (correspondence assumed by column index, not stated); apramycin and amikacin were tested over different concentration ladders, so this sheet is not a dose-matched drug comparison; no limit of quantification stated anywhere in the deposit; limit_log10 left NaN, not guessed"
kaur2024_apramycin,M. tuberculosis,intracellular,,apramycin,1.0,ug/mL,,kaur_ic_apramycin_1ugmL_r3,5.924279286061882,7.0,5.505149978319906,False,,"intracellular (macrophage) killing, days 0/3/7; dose in ug/mL as reported, MIC not given so dose_xmic is NaN; n0_log10 is the replicate-index-matched Day 0 cell control (correspondence assumed by column index, not stated); apramycin and amikacin were tested over different concentration ladders, so this sheet is not a dose-matched drug comparison; no limit of quantification stated anywhere in the deposit; limit_log10 left NaN, not guessed"
kaur2024_apramycin,M. tuberculosis,intracellular,,amikacin,128.0,ug/mL,,kaur_ic_amikacin_128ugmL_r1,5.982271233039568,7.0,6.08,False,,"intracellular (macrophage) killing, days 0/3/7; dose in ug/mL as reported, MIC not given so dose_xmic is NaN; n0_log10 is the replicate-index-matched Day 0 cell control (correspondence assumed by column index, not stated); apramycin and amikacin were tested over different concentration ladders, so this sheet is not a dose-matched drug comparison; no limit of quantification stated anywhere in the deposit; limit_log10 left NaN, not guessed; cell is a 2-dp rounded entry, not a computed log10"
kaur2024_apramycin,M. tuberculosis,intracellular,,amikacin,128.0,ug/mL,,kaur_ic_amikacin_128ugmL_r2,5.944482672150168,7.0,5.944482672150168,False,,"intracellular (macrophage) killing, days 0/3/7; dose in ug/mL as reported, MIC not given so dose_xmic is NaN; n0_log10 is the replicate-index-matched Day 0 cell control (correspondence assumed by column index, not stated); apramycin and amikacin were tested over different concentration ladders, so this sheet is not a dose-matched drug comparison; no limit of quantification stated anywhere in the deposit; limit_log10 left NaN, not guessed"
kaur2024_apramycin,M. tuberculosis,intracellular,,amikacin,128.0,ug/mL,,kaur_ic_amikacin_128ugmL_r3,5.924279286061882,7.0,6.09,False,,"intracellular (macrophage) killing, days 0/3/7; dose in ug/mL as reported, MIC not given so dose_xmic is NaN; n0_log10 is the replicate-index-matched Day 0 cell control (correspondence assumed by column index, not stated); apramycin and amikacin were tested over different concentration ladders, so this sheet is not a dose-matched drug comparison; no limit of quantification stated anywhere in the deposit; limit_log10 left NaN, not guessed; cell is a 2-dp rounded entry, not a computed log10"
kaur2024_apramycin,M. tuberculosis,intracellular,,amikacin,64.0,ug/mL,,kaur_ic_amikacin_64ugmL_r1,5.982271233039568,7.0,6.093421685162235,False,,"intracellular (macrophage) killing, days 0/3/7; dose in ug/mL as reported, MIC not given so dose_xmic is NaN; n0_log10 is the replicate-index-matched Day 0 cell control (correspondence assumed by column index, not stated); apramycin and amikacin were tested over different concentration ladders, so this sheet is not a dose-matched drug comparison; no limit of quantification stated anywhere in the deposit; limit_log10 left NaN, not guessed"
kaur2024_apramycin,M. tuberculosis,intracellular,,amikacin,64.0,ug/mL,,kaur_ic_amikacin_64ugmL_r2,5.944482672150168,7.0,6.107209969647869,False,,"intracellular (macrophage) killing, days 0/3/7; dose in ug/mL as reported, MIC not given so dose_xmic is NaN; n0_log10 is the replicate-index-matched Day 0 cell control (correspondence assumed by column index, not stated); apramycin and amikacin were tested over different concentration ladders, so this sheet is not a dose-matched drug comparison; no limit of quantification stated anywhere in the deposit; limit_log10 left NaN, not guessed"
kaur2024_apramycin,M. tuberculosis,intracellular,,amikacin,64.0,ug/mL,,kaur_ic_amikacin_64ugmL_r3,5.924279286061882,7.0,6.1702617153949575,False,,"intracellular (macrophage) killing, days 0/3/7; dose in ug/mL as reported, MIC not given so dose_xmic is NaN; n0_log10 is the replicate-index-matched Day 0 cell control (correspondence assumed by column index, not stated); apramycin and amikacin were tested over different concentration ladders, so this sheet is not a dose-matched drug comparison; no limit of quantification stated anywhere in the deposit; limit_log10 left NaN, not guessed"
kaur2024_apramycin,M. tuberculosis,intracellular,,amikacin,32.0,ug/mL,,kaur_ic_amikacin_32ugmL_r1,5.982271233039568,7.0,6.214843848047698,False,,"intracellular (macrophage) killing, days 0/3/7; dose in ug/mL as reported, MIC not given so dose_xmic is NaN; n0_log10 is the replicate-index-matched Day 0 cell control (correspondence assumed by column index, not stated); apramycin and amikacin were tested over different concentration ladders, so this sheet is not a dose-matched drug comparison; no limit of quantification stated anywhere in the deposit; limit_log10 left NaN, not guessed"
kaur2024_apramycin,M. tuberculosis,intracellular,,amikacin,32.0,ug/mL,,kaur_ic_amikacin_32ugmL_r2,5.944482672150168,7.0,6.2552725051033065,False,,"intracellular (macrophage) killing, days 0/3/7; dose in ug/mL as reported, MIC not given so dose_xmic is NaN; n0_log10 is the replicate-index-matched Day 0 cell control (correspondence assumed by column index, not stated); apramycin and amikacin were tested over different concentration ladders, so this sheet is not a dose-matched drug comparison; no limit of quantification stated anywhere in the deposit; limit_log10 left NaN, not guessed"
kaur2024_apramycin,M. tuberculosis,intracellular,,amikacin,32.0,ug/mL,,kaur_ic_amikacin_32ugmL_r3,5.924279286061882,7.0,6.27415784926368,False,,"intracellular (macrophage) killing, days 0/3/7; dose in ug/mL as reported, MIC not given so dose_xmic is NaN; n0_log10 is the replicate-index-matched Day 0 cell control (correspondence assumed by column index, not stated); apramycin and amikacin were tested over different concentration ladders, so this sheet is not a dose-matched drug comparison; no limit of quantification stated anywhere in the deposit; limit_log10 left NaN, not guessed"
kaur2024_apramycin,M. tuberculosis,intracellular,,amikacin,16.0,ug/mL,,kaur_ic_amikacin_16ugmL_r1,5.982271233039568,7.0,6.334453751150931,False,,"intracellular (macrophage) killing, days 0/3/7; dose in ug/mL as reported, MIC not given so dose_xmic is NaN; n0_log10 is the replicate-index-matched Day 0 cell control (correspondence assumed by column index, not stated); apramycin and amikacin were tested over different concentration ladders, so this sheet is not a dose-matched drug comparison; no limit of quantification stated anywhere in the deposit; limit_log10 left NaN, not guessed"
kaur2024_apramycin,M. tuberculosis,intracellular,,amikacin,16.0,ug/mL,,kaur_ic_amikacin_16ugmL_r2,5.944482672150168,7.0,6.283301228703549,False,,"intracellular (macrophage) killing, days 0/3/7; dose in ug/mL as reported, MIC not given so dose_xmic is NaN; n0_log10 is the replicate-index-matched Day 0 cell control (correspondence assumed by column index, not stated); apramycin and amikacin were tested over different concentration ladders, so this sheet is not a dose-matched drug comparison; no limit of quantification stated anywhere in the deposit; limit_log10 left NaN, not guessed"
kaur2024_apramycin,M. tuberculosis,intracellular,,amikacin,16.0,ug/mL,,kaur_ic_amikacin_16ugmL_r3,5.924279286061882,7.0,6.309630167425898,False,,"intracellular (macrophage) killing, days 0/3/7; dose in ug/mL as reported, MIC not given so dose_xmic is NaN; n0_log10 is the replicate-index-matched Day 0 cell control (correspondence assumed by column index, not stated); apramycin and amikacin were tested over different concentration ladders, so this sheet is not a dose-matched drug comparison; no limit of quantification stated anywhere in the deposit; limit_log10 left NaN, not guessed"
kaur2024_apramycin,M. tuberculosis,intracellular,,amikacin,8.0,ug/mL,,kaur_ic_amikacin_8ugmL_r1,5.982271233039568,7.0,6.38738982633873,False,,"intracellular (macrophage) killing, days 0/3/7; dose in ug/mL as reported, MIC not given so dose_xmic is NaN; n0_log10 is the replicate-index-matched Day 0 cell control (correspondence assumed by column index, not stated); apramycin and amikacin were tested over different concentration ladders, so this sheet is not a dose-matched drug comparison; no limit of quantification stated anywhere in the deposit; limit_log10 left NaN, not guessed"
kaur2024_apramycin,M. tuberculosis,intracellular,,amikacin,8.0,ug/mL,,kaur_ic_amikacin_8ugmL_r2,5.944482672150168,7.0,6.357934847000454,False,,"intracellular (macrophage) killing, days 0/3/7; dose in ug/mL as reported, MIC not given so dose_xmic is NaN; n0_log10 is the replicate-index-matched Day 0 cell control (correspondence assumed by column index, not stated); apramycin and amikacin were tested over different concentration ladders, so this sheet is not a dose-matched drug comparison; no limit of quantification stated anywhere in the deposit; limit_log10 left NaN, not guessed"
kaur2024_apramycin,M. tuberculosis,intracellular,,amikacin,8.0,ug/mL,,kaur_ic_amikacin_8ugmL_r3,5.924279286061882,7.0,6.414973347970818,False,,"intracellular (macrophage) killing, days 0/3/7; dose in ug/mL as reported, MIC not given so dose_xmic is NaN; n0_log10 is the replicate-index-matched Day 0 cell control (correspondence assumed by column index, not stated); apramycin and amikacin were tested over different concentration ladders, so this sheet is not a dose-matched drug comparison; no limit of quantification stated anywhere in the deposit; limit_log10 left NaN, not guessed"
kaur2024_apramycin,M. tuberculosis,intracellular,,amikacin,4.0,ug/mL,,kaur_ic_amikacin_4ugmL_r1,5.982271233039568,7.0,6.459392487759231,False,,"intracellular (macrophage) killing, days 0/3/7; dose in ug/mL as reported, MIC not given so dose_xmic is NaN; n0_log10 is the replicate-index-matched Day 0 cell control (correspondence assumed by column index, not stated); apramycin and amikacin were tested over different concentration ladders, so this sheet is not a dose-matched drug comparison; no limit of quantification stated anywhere in the deposit; limit_log10 left NaN, not guessed"
kaur2024_apramycin,M. tuberculosis,intracellular,,amikacin,4.0,ug/mL,,kaur_ic_amikacin_4ugmL_r2,5.944482672150168,7.0,6.465382851448418,False,,"intracellular (macrophage) killing, days 0/3/7; dose in ug/mL as reported, MIC not given so dose_xmic is NaN; n0_log10 is the replicate-index-matched Day 0 cell control (correspondence assumed by column index, not stated); apramycin and amikacin were tested over different concentration ladders, so this sheet is not a dose-matched drug comparison; no limit of quantification stated anywhere in the deposit; limit_log10 left NaN, not guessed"
kaur2024_apramycin,M. tuberculosis,intracellular,,amikacin,4.0,ug/mL,,kaur_ic_amikacin_4ugmL_r3,5.924279286061882,7.0,6.394451680826216,False,,"intracellular (macrophage) killing, days 0/3/7; dose in ug/mL as reported, MIC not given so dose_xmic is NaN; n0_log10 is the replicate-index-matched Day 0 cell control (correspondence assumed by column index, not stated); apramycin and amikacin were tested over different concentration ladders, so this sheet is not a dose-matched drug comparison; no limit of quantification stated anywhere in the deposit; limit_log10 left NaN, not guessed"
kaur2024_apramycin,M. tuberculosis,intracellular,,rifampicin,16.0,ug/mL,,kaur_ic_rifampicin_16ugmL_r1,5.982271233039568,7.0,4.193124598354461,False,,"intracellular (macrophage) killing, days 0/3/7; dose in ug/mL as reported, MIC not given so dose_xmic is NaN; n0_log10 is the replicate-index-matched Day 0 cell control (correspondence assumed by column index, not stated); apramycin and amikacin were tested over different concentration ladders, so this sheet is not a dose-matched drug comparison; no limit of quantification stated anywhere in the deposit; limit_log10 left NaN, not guessed"
kaur2024_apramycin,M. tuberculosis,intracellular,,rifampicin,16.0,ug/mL,,kaur_ic_rifampicin_16ugmL_r2,5.944482672150168,7.0,4.133538908370218,False,,"intracellular (macrophage) killing, days 0/3/7; dose in ug/mL as reported, MIC not given so dose_xmic is NaN; n0_log10 is the replicate-index-matched Day 0 cell control (correspondence assumed by column index, not stated); apramycin and amikacin were tested over different concentration ladders, so this sheet is not a dose-matched drug comparison; no limit of quantification stated anywhere in the deposit; limit_log10 left NaN, not guessed"
kaur2024_apramycin,M. tuberculosis,intracellular,,rifampicin,16.0,ug/mL,,kaur_ic_rifampicin_16ugmL_r3,5.924279286061882,7.0,4.146128035678238,False,,"intracellular (macrophage) killing, days 0/3/7; dose in ug/mL as reported, MIC not given so dose_xmic is NaN; n0_log10 is the replicate-index-matched Day 0 cell control (correspondence assumed by column index, not stated); apramycin and amikacin were tested over different concentration ladders, so this sheet is not a dose-matched drug comparison; no limit of quantification stated anywhere in the deposit; limit_log10 left NaN, not guessed"
kaur2024_apramycin,M. tuberculosis,intracellular,,none,,,,kaur_ic_none_untreated_r1,5.982271233039568,7.0,6.643452676486188,False,,"intracellular (macrophage) killing, days 0/3/7; dose in ug/mL as reported, MIC not given so dose_xmic is NaN; n0_log10 is the replicate-index-matched Day 0 cell control (correspondence assumed by column index, not stated); apramycin and amikacin were tested over different concentration ladders, so this sheet is not a dose-matched drug comparison; no limit of quantification stated anywhere in the deposit; limit_log10 left NaN, not guessed; untreated cell control"
kaur2024_apramycin,M. tuberculosis,intracellular,,none,,,,kaur_ic_none_untreated_r2,5.944482672150168,7.0,6.748188027006201,False,,"intracellular (macrophage) killing, days 0/3/7; dose in ug/mL as reported, MIC not given so dose_xmic is NaN; n0_log10 is the replicate-index-matched Day 0 cell control (correspondence assumed by column index, not stated); apramycin and amikacin were tested over different concentration ladders, so this sheet is not a dose-matched drug comparison; no limit of quantification stated anywhere in the deposit; limit_log10 left NaN, not guessed; untreated cell control"
kaur2024_apramycin,M. tuberculosis,intracellular,,none,,,,kaur_ic_none_untreated_r3,5.924279286061882,7.0,6.681241237375588,False,,"intracellular (macrophage) killing, days 0/3/7; dose in ug/mL as reported, MIC not given so dose_xmic is NaN; n0_log10 is the replicate-index-matched Day 0 cell control (correspondence assumed by column index, not stated); apramycin and amikacin were tested over different concentration ladders, so this sheet is not a dose-matched drug comparison; no limit of quantification stated anywhere in the deposit; limit_log10 left NaN, not guessed; untreated cell control"
kaur2024_apramycin,M. tuberculosis,biofilm,,apramycin,64.0,xMIC,64.0,kaur_bio1_apramycin_64xMIC_r1,7.860936620700094,,6.597695185925512,False,,"experiment 'Biofilm 1'; biofilm, single-endpoint assay: the workbook gives NO sampling time, so time_days is NaN rather than guessed; n0_log10 is the replicate-index-matched untreated Early control (correspondence assumed by column index, not stated); no limit of quantification stated anywhere in the deposit; limit_log10 left NaN, not guessed; dose reported as a multiple of MIC; the MIC in ug/mL is not in the workbook, so this dose cannot be converted to ug/mL"
kaur2024_apramycin,M. tuberculosis,biofilm,,apramycin,64.0,xMIC,64.0,kaur_bio1_apramycin_64xMIC_r2,7.7737864449811935,,6.632457292184724,False,,"experiment 'Biofilm 1'; biofilm, single-endpoint assay: the workbook gives NO sampling time, so time_days is NaN rather than guessed; n0_log10 is the replicate-index-matched untreated Early control (correspondence assumed by column index, not stated); no limit of quantification stated anywhere in the deposit; limit_log10 left NaN, not guessed; dose reported as a multiple of MIC; the MIC in ug/mL is not in the workbook, so this dose cannot be converted to ug/mL"
kaur2024_apramycin,M. tuberculosis,biofilm,,apramycin,64.0,xMIC,64.0,kaur_bio1_apramycin_64xMIC_r3,7.597695185925512,,6.8,False,,"experiment 'Biofilm 1'; biofilm, single-endpoint assay: the workbook gives NO sampling time, so time_days is NaN rather than guessed; n0_log10 is the replicate-index-matched untreated Early control (correspondence assumed by column index, not stated); no limit of quantification stated anywhere in the deposit; limit_log10 left NaN, not guessed; dose reported as a multiple of MIC; the MIC in ug/mL is not in the workbook, so this dose cannot be converted to ug/mL; cell is a 2-dp rounded entry, not a computed log10"
kaur2024_apramycin,M. tuberculosis,biofilm,,apramycin,16.0,xMIC,16.0,kaur_bio1_apramycin_16xMIC_r1,7.860936620700094,,7.351022852584124,False,,"experiment 'Biofilm 1'; biofilm, single-endpoint assay: the workbook gives NO sampling time, so time_days is NaN rather than guessed; n0_log10 is the replicate-index-matched untreated Early control (correspondence assumed by column index, not stated); no limit of quantification stated anywhere in the deposit; limit_log10 left NaN, not guessed; dose reported as a multiple of MIC; the MIC in ug/mL is not in the workbook, so this dose cannot be converted to ug/mL"
kaur2024_apramycin,M. tuberculosis,biofilm,,apramycin,16.0,xMIC,16.0,kaur_bio1_apramycin_16xMIC_r2,7.7737864449811935,,7.393575203269587,False,,"experiment 'Biofilm 1'; biofilm, single-endpoint assay: the workbook gives NO sampling time, so time_days is NaN rather than guessed; n0_log10 is the replicate-index-matched untreated Early control (correspondence assumed by column index, not stated); no limit of quantification stated anywhere in the deposit; limit_log10 left NaN, not guessed; dose reported as a multiple of MIC; the MIC in ug/mL is not in the workbook, so this dose cannot be converted to ug/mL"
kaur2024_apramycin,M. tuberculosis,biofilm,,apramycin,16.0,xMIC,16.0,kaur_bio1_apramycin_16xMIC_r3,7.597695185925512,,7.375846436309156,False,,"experiment 'Biofilm 1'; biofilm, single-endpoint assay: the workbook gives NO sampling time, so time_days is NaN rather than guessed; n0_log10 is the replicate-index-matched untreated Early control (correspondence assumed by column index, not stated); no limit of quantification stated anywhere in the deposit; limit_log10 left NaN, not guessed; dose reported as a multiple of MIC; the MIC in ug/mL is not in the workbook, so this dose cannot be converted to ug/mL"
kaur2024_apramycin,M. tuberculosis,biofilm,,apramycin,4.0,xMIC,4.0,kaur_bio1_apramycin_4xMIC_r1,7.860936620700094,,8.074816440645174,False,,"experiment 'Biofilm 1'; biofilm, single-endpoint assay: the workbook gives NO sampling time, so time_days is NaN rather than guessed; n0_log10 is the replicate-index-matched untreated Early control (correspondence assumed by column index, not stated); no limit of quantification stated anywhere in the deposit; limit_log10 left NaN, not guessed; dose reported as a multiple of MIC; the MIC in ug/mL is not in the workbook, so this dose cannot be converted to ug/mL"
kaur2024_apramycin,M. tuberculosis,biofilm,,apramycin,4.0,xMIC,4.0,kaur_bio1_apramycin_4xMIC_r2,7.7737864449811935,,8.141763230275789,False,,"experiment 'Biofilm 1'; biofilm, single-endpoint assay: the workbook gives NO sampling time, so time_days is NaN rather than guessed; n0_log10 is the replicate-index-matched untreated Early control (correspondence assumed by column index, not stated); no limit of quantification stated anywhere in the deposit; limit_log10 left NaN, not guessed; dose reported as a multiple of MIC; the MIC in ug/mL is not in the workbook, so this dose cannot be converted to ug/mL"
kaur2024_apramycin,M. tuberculosis,biofilm,,apramycin,4.0,xMIC,4.0,kaur_bio1_apramycin_4xMIC_r3,7.597695185925512,,8.181271771559462,False,,"experiment 'Biofilm 1'; biofilm, single-endpoint assay: the workbook gives NO sampling time, so time_days is NaN rather than guessed; n0_log10 is the replicate-index-matched untreated Early control (correspondence assumed by column index, not stated); no limit of quantification stated anywhere in the deposit; limit_log10 left NaN, not guessed; dose reported as a multiple of MIC; the MIC in ug/mL is not in the workbook, so this dose cannot be converted to ug/mL"
kaur2024_apramycin,M. tuberculosis,biofilm,,apramycin,1.0,xMIC,1.0,kaur_bio1_apramycin_1xMIC_r1,7.860936620700094,,8.226084115975825,False,,"experiment 'Biofilm 1'; biofilm, single-endpoint assay: the workbook gives NO sampling time, so time_days is NaN rather than guessed; n0_log10 is the replicate-index-matched untreated Early control (correspondence assumed by column index, not stated); no limit of quantification stated anywhere in the deposit; limit_log10 left NaN, not guessed; dose reported as a multiple of MIC; the MIC in ug/mL is not in the workbook, so this dose cannot be converted to ug/mL"
kaur2024_apramycin,M. tuberculosis,biofilm,,apramycin,1.0,xMIC,1.0,kaur_bio1_apramycin_1xMIC_r2,7.7737864449811935,,8.234517283512687,False,,"experiment 'Biofilm 1'; biofilm, single-endpoint assay: the workbook gives NO sampling time, so time_days is NaN rather than guessed; n0_log10 is the replicate-index-matched untreated Early control (correspondence assumed by column index, not stated); no limit of quantification stated anywhere in the deposit; limit_log10 left NaN, not guessed; dose reported as a multiple of MIC; the MIC in ug/mL is not in the workbook, so this dose cannot be converted to ug/mL"
kaur2024_apramycin,M. tuberculosis,biofilm,,apramycin,1.0,xMIC,1.0,kaur_bio1_apramycin_1xMIC_r3,7.597695185925512,,8.258876629372132,False,,"experiment 'Biofilm 1'; biofilm, single-endpoint assay: the workbook gives NO sampling time, so time_days is NaN rather than guessed; n0_log10 is the replicate-index-matched untreated Early control (correspondence assumed by column index, not stated); no limit of quantification stated anywhere in the deposit; limit_log10 left NaN, not guessed; dose reported as a multiple of MIC; the MIC in ug/mL is not in the workbook, so this dose cannot be converted to ug/mL"
kaur2024_apramycin,M. tuberculosis,biofilm,,amikacin,64.0,xMIC,64.0,kaur_bio1_amikacin_64xMIC_r1,7.860936620700094,,7.4679039465228,False,,"experiment 'Biofilm 1'; biofilm, single-endpoint assay: the workbook gives NO sampling time, so time_days is NaN rather than guessed; n0_log10 is the replicate-index-matched untreated Early control (correspondence assumed by column index, not stated); no limit of quantification stated anywhere in the deposit; limit_log10 left NaN, not guessed; dose reported as a multiple of MIC; the MIC in ug/mL is not in the workbook, so this dose cannot be converted to ug/mL"
kaur2024_apramycin,M. tuberculosis,biofilm,,amikacin,64.0,xMIC,64.0,kaur_bio1_amikacin_64xMIC_r2,7.7737864449811935,,7.462996612028056,False,,"experiment 'Biofilm 1'; biofilm, single-endpoint assay: the workbook gives NO sampling time, so time_days is NaN rather than guessed; n0_log10 is the replicate-index-matched untreated Early control (correspondence assumed by column index, not stated); no limit of quantification stated anywhere in the deposit; limit_log10 left NaN, not guessed; dose reported as a multiple of MIC; the MIC in ug/mL is not in the workbook, so this dose cannot be converted to ug/mL"
kaur2024_apramycin,M. tuberculosis,biofilm,,amikacin,64.0,xMIC,64.0,kaur_bio1_amikacin_64xMIC_r3,7.597695185925512,,7.44793286559218,False,,"experiment 'Biofilm 1'; biofilm, single-endpoint assay: the workbook gives NO sampling time, so time_days is NaN rather than guessed; n0_log10 is the replicate-index-matched untreated Early control (correspondence assumed by column index, not stated); no limit of quantification stated anywhere in the deposit; limit_log10 left NaN, not guessed; dose reported as a multiple of MIC; the MIC in ug/mL is not in the workbook, so this dose cannot be converted to ug/mL"
kaur2024_apramycin,M. tuberculosis,biofilm,,amikacin,16.0,xMIC,16.0,kaur_bio1_amikacin_16xMIC_r1,7.860936620700094,,7.61,False,,"experiment 'Biofilm 1'; biofilm, single-endpoint assay: the workbook gives NO sampling time, so time_days is NaN rather than guessed; n0_log10 is the replicate-index-matched untreated Early control (correspondence assumed by column index, not stated); no limit of quantification stated anywhere in the deposit; limit_log10 left NaN, not guessed; dose reported as a multiple of MIC; the MIC in ug/mL is not in the workbook, so this dose cannot be converted to ug/mL; cell is a 2-dp rounded entry, not a computed log10"
kaur2024_apramycin,M. tuberculosis,biofilm,,amikacin,16.0,xMIC,16.0,kaur_bio1_amikacin_16xMIC_r2,7.7737864449811935,,7.664641975556125,False,,"experiment 'Biofilm 1'; biofilm, single-endpoint assay: the workbook gives NO sampling time, so time_days is NaN rather than guessed; n0_log10 is the replicate-index-matched untreated Early control (correspondence assumed by column index, not stated); no limit of quantification stated anywhere in the deposit; limit_log10 left NaN, not guessed; dose reported as a multiple of MIC; the MIC in ug/mL is not in the workbook, so this dose cannot be converted to ug/mL"
kaur2024_apramycin,M. tuberculosis,biofilm,,amikacin,16.0,xMIC,16.0,kaur_bio1_amikacin_16xMIC_r3,7.597695185925512,,7.7737864449811935,False,,"experiment 'Biofilm 1'; biofilm, single-endpoint assay: the workbook gives NO sampling time, so time_days is NaN rather than guessed; n0_log10 is the replicate-index-matched untreated Early control (correspondence assumed by column index, not stated); no limit of quantification stated anywhere in the deposit; limit_log10 left NaN, not guessed; dose reported as a multiple of MIC; the MIC in ug/mL is not in the workbook, so this dose cannot be converted to ug/mL"
kaur2024_apramycin,M. tuberculosis,biofilm,,amikacin,4.0,xMIC,4.0,kaur_bio1_amikacin_4xMIC_r1,7.860936620700094,,8.171726453653232,False,,"experiment 'Biofilm 1'; biofilm, single-endpoint assay: the workbook gives NO sampling time, so time_days is NaN rather than guessed; n0_log10 is the replicate-index-matched untreated Early control (correspondence assumed by column index, not stated); no limit of quantification stated anywhere in the deposit; limit_log10 left NaN, not guessed; dose reported as a multiple of MIC; the MIC in ug/mL is not in the workbook, so this dose cannot be converted to ug/mL"
kaur2024_apramycin,M. tuberculosis,biofilm,,amikacin,4.0,xMIC,4.0,kaur_bio1_amikacin_4xMIC_r2,7.7737864449811935,,8.131297796597623,False,,"experiment 'Biofilm 1'; biofilm, single-endpoint assay: the workbook gives NO sampling time, so time_days is NaN rather than guessed; n0_log10 is the replicate-index-matched untreated Early control (correspondence assumed by column index, not stated); no limit of quantification stated anywhere in the deposit; limit_log10 left NaN, not guessed; dose reported as a multiple of MIC; the MIC in ug/mL is not in the workbook, so this dose cannot be converted to ug/mL"
kaur2024_apramycin,M. tuberculosis,biofilm,,amikacin,4.0,xMIC,4.0,kaur_bio1_amikacin_4xMIC_r3,7.597695185925512,,8.161966616364074,False,,"experiment 'Biofilm 1'; biofilm, single-endpoint assay: the workbook gives NO sampling time, so time_days is NaN rather than guessed; n0_log10 is the replicate-index-matched untreated Early control (correspondence assumed by column index, not stated); no limit of quantification stated anywhere in the deposit; limit_log10 left NaN, not guessed; dose reported as a multiple of MIC; the MIC in ug/mL is not in the workbook, so this dose cannot be converted to ug/mL"
kaur2024_apramycin,M. tuberculosis,biofilm,,amikacin,1.0,xMIC,1.0,kaur_bio1_amikacin_1xMIC_r1,7.860936620700094,,8.266701966884089,False,,"experiment 'Biofilm 1'; biofilm, single-endpoint assay: the workbook gives NO sampling time, so time_days is NaN rather than guessed; n0_log10 is the replicate-index-matched untreated Early control (correspondence assumed by column index, not stated); no limit of quantification stated anywhere in the deposit; limit_log10 left NaN, not guessed; dose reported as a multiple of MIC; the MIC in ug/mL is not in the workbook, so this dose cannot be converted to ug/mL"
kaur2024_apramycin,M. tuberculosis,biofilm,,amikacin,1.0,xMIC,1.0,kaur_bio1_amikacin_1xMIC_r2,7.7737864449811935,,8.303843774888655,False,,"experiment 'Biofilm 1'; biofilm, single-endpoint assay: the workbook gives NO sampling time, so time_days is NaN rather than guessed; n0_log10 is the replicate-index-matched untreated Early control (correspondence assumed by column index, not stated); no limit of quantification stated anywhere in the deposit; limit_log10 left NaN, not guessed; dose reported as a multiple of MIC; the MIC in ug/mL is not in the workbook, so this dose cannot be converted to ug/mL"
kaur2024_apramycin,M. tuberculosis,biofilm,,amikacin,1.0,xMIC,1.0,kaur_bio1_amikacin_1xMIC_r3,7.597695185925512,,8.331427296520744,False,,"experiment 'Biofilm 1'; biofilm, single-endpoint assay: the workbook gives NO sampling time, so time_days is NaN rather than guessed; n0_log10 is the replicate-index-matched untreated Early control (correspondence assumed by column index, not stated); no limit of quantification stated anywhere in the deposit; limit_log10 left NaN, not guessed; dose reported as a multiple of MIC; the MIC in ug/mL is not in the workbook, so this dose cannot be converted to ug/mL"
kaur2024_apramycin,M. tuberculosis,biofilm,,moxifloxacin,64.0,xMIC,64.0,kaur_bio1_moxifloxacin_64xMIC_r1,7.860936620700094,,6.9656719712201065,False,,"experiment 'Biofilm 1'; biofilm, single-endpoint assay: the workbook gives NO sampling time, so time_days is NaN rather than guessed; n0_log10 is the replicate-index-matched untreated Early control (correspondence assumed by column index, not stated); no limit of quantification stated anywhere in the deposit; limit_log10 left NaN, not guessed; dose reported as a multiple of MIC; the MIC in ug/mL is not in the workbook, so this dose cannot be converted to ug/mL"
kaur2024_apramycin,M. tuberculosis,biofilm,,moxifloxacin,64.0,xMIC,64.0,kaur_bio1_moxifloxacin_64xMIC_r2,7.7737864449811935,,7.0,False,,"experiment 'Biofilm 1'; biofilm, single-endpoint assay: the workbook gives NO sampling time, so time_days is NaN rather than guessed; n0_log10 is the replicate-index-matched untreated Early control (correspondence assumed by column index, not stated); no limit of quantification stated anywhere in the deposit; limit_log10 left NaN, not guessed; dose reported as a multiple of MIC; the MIC in ug/mL is not in the workbook, so this dose cannot be converted to ug/mL; cell is a 2-dp rounded entry, not a computed log10"
kaur2024_apramycin,M. tuberculosis,biofilm,,moxifloxacin,64.0,xMIC,64.0,kaur_bio1_moxifloxacin_64xMIC_r3,7.597695185925512,,6.98,False,,"experiment 'Biofilm 1'; biofilm, single-endpoint assay: the workbook gives NO sampling time, so time_days is NaN rather than guessed; n0_log10 is the replicate-index-matched untreated Early control (correspondence assumed by column index, not stated); no limit of quantification stated anywhere in the deposit; limit_log10 left NaN, not guessed; dose reported as a multiple of MIC; the MIC in ug/mL is not in the workbook, so this dose cannot be converted to ug/mL; cell is a 2-dp rounded entry, not a computed log10"
kaur2024_apramycin,M. tuberculosis,biofilm,,moxifloxacin,16.0,xMIC,16.0,kaur_bio1_moxifloxacin_16xMIC_r1,7.860936620700094,,7.664641975556125,False,,"experiment 'Biofilm 1'; biofilm, single-endpoint assay: the workbook gives NO sampling time, so time_days is NaN rather than guessed; n0_log10 is the replicate-index-matched untreated Early control (correspondence assumed by column index, not stated); no limit of quantification stated anywhere in the deposit; limit_log10 left NaN, not guessed; dose reported as a multiple of MIC; the MIC in ug/mL is not in the workbook, so this dose cannot be converted to ug/mL"
kaur2024_apramycin,M. tuberculosis,biofilm,,moxifloxacin,16.0,xMIC,16.0,kaur_bio1_moxifloxacin_16xMIC_r2,7.7737864449811935,,7.7737864449811935,False,,"experiment 'Biofilm 1'; biofilm, single-endpoint assay: the workbook gives NO sampling time, so time_days is NaN rather than guessed; n0_log10 is the replicate-index-matched untreated Early control (correspondence assumed by column index, not stated); no limit of quantification stated anywhere in the deposit; limit_log10 left NaN, not guessed; dose reported as a multiple of MIC; the MIC in ug/mL is not in the workbook, so this dose cannot be converted to ug/mL"
kaur2024_apramycin,M. tuberculosis,biofilm,,moxifloxacin,16.0,xMIC,16.0,kaur_bio1_moxifloxacin_16xMIC_r3,7.597695185925512,,7.840733234611807,False,,"experiment 'Biofilm 1'; biofilm, single-endpoint assay: the workbook gives NO sampling time, so time_days is NaN rather than guessed; n0_log10 is the replicate-index-matched untreated Early control (correspondence assumed by column index, not stated); no limit of quantification stated anywhere in the deposit; limit_log10 left NaN, not guessed; dose reported as a multiple of MIC; the MIC in ug/mL is not in the workbook, so this dose cannot be converted to ug/mL"
kaur2024_apramycin,M. tuberculosis,biofilm,,moxifloxacin,4.0,xMIC,4.0,kaur_bio1_moxifloxacin_4xMIC_r1,7.860936620700094,,8.199755177253476,False,,"experiment 'Biofilm 1'; biofilm, single-endpoint assay: the workbook gives NO sampling time, so time_days is NaN rather than guessed; n0_log10 is the replicate-index-matched untreated Early control (correspondence assumed by column index, not stated); no limit of quantification stated anywhere in the deposit; limit_log10 left NaN, not guessed; dose reported as a multiple of MIC; the MIC in ug/mL is not in the workbook, so this dose cannot be converted to ug/mL"
kaur2024_apramycin,M. tuberculosis,biofilm,,moxifloxacin,4.0,xMIC,4.0,kaur_bio1_moxifloxacin_4xMIC_r2,7.7737864449811935,,8.234517283512687,False,,"experiment 'Biofilm 1'; biofilm, single-endpoint assay: the workbook gives NO sampling time, so time_days is NaN rather than guessed; n0_log10 is the replicate-index-matched untreated Early control (correspondence assumed by column index, not stated); no limit of quantification stated anywhere in the deposit; limit_log10 left NaN, not guessed; dose reported as a multiple of MIC; the MIC in ug/mL is not in the workbook, so this dose cannot be converted to ug/mL"
kaur2024_apramycin,M. tuberculosis,biofilm,,moxifloxacin,4.0,xMIC,4.0,kaur_bio1_moxifloxacin_4xMIC_r3,7.597695185925512,,8.258876629372132,False,,"experiment 'Biofilm 1'; biofilm, single-endpoint assay: the workbook gives NO sampling time, so time_days is NaN rather than guessed; n0_log10 is the replicate-index-matched untreated Early control (correspondence assumed by column index, not stated); no limit of quantification stated anywhere in the deposit; limit_log10 left NaN, not guessed; dose reported as a multiple of MIC; the MIC in ug/mL is not in the workbook, so this dose cannot be converted to ug/mL"
kaur2024_apramycin,M. tuberculosis,biofilm,,moxifloxacin,1.0,xMIC,1.0,kaur_bio1_moxifloxacin_1xMIC_r1,7.860936620700094,,8.338057875419755,False,,"experiment 'Biofilm 1'; biofilm, single-endpoint assay: the workbook gives NO sampling time, so time_days is NaN rather than guessed; n0_log10 is the replicate-index-matched untreated Early control (correspondence assumed by column index, not stated); no limit of quantification stated anywhere in the deposit; limit_log10 left NaN, not guessed; dose reported as a multiple of MIC; the MIC in ug/mL is not in the workbook, so this dose cannot be converted to ug/mL"
kaur2024_apramycin,M. tuberculosis,biofilm,,moxifloxacin,1.0,xMIC,1.0,kaur_bio1_moxifloxacin_1xMIC_r2,7.7737864449811935,,8.405004665050368,False,,"experiment 'Biofilm 1'; biofilm, single-endpoint assay: the workbook gives NO sampling time, so time_days is NaN rather than guessed; n0_log10 is the replicate-index-matched untreated Early control (correspondence assumed by column index, not stated); no limit of quantification stated anywhere in the deposit; limit_log10 left NaN, not guessed; dose reported as a multiple of MIC; the MIC in ug/mL is not in the workbook, so this dose cannot be converted to ug/mL"
kaur2024_apramycin,M. tuberculosis,biofilm,,moxifloxacin,1.0,xMIC,1.0,kaur_bio1_moxifloxacin_1xMIC_r3,7.597695185925512,,8.375846436309155,False,,"experiment 'Biofilm 1'; biofilm, single-endpoint assay: the workbook gives NO sampling time, so time_days is NaN rather than guessed; n0_log10 is the replicate-index-matched untreated Early control (correspondence assumed by column index, not stated); no limit of quantification stated anywhere in the deposit; limit_log10 left NaN, not guessed; dose reported as a multiple of MIC; the MIC in ug/mL is not in the workbook, so this dose cannot be converted to ug/mL"
kaur2024_apramycin,M. tuberculosis,biofilm,,isoniazid,64.0,xMIC,64.0,kaur_bio1_isoniazid_64xMIC_r1,7.860936620700094,,7.7737864449811935,False,,"experiment 'Biofilm 1'; biofilm, single-endpoint assay: the workbook gives NO sampling time, so time_days is NaN rather than guessed; n0_log10 is the replicate-index-matched untreated Early control (correspondence assumed by column index, not stated); no limit of quantification stated anywhere in the deposit; limit_log10 left NaN, not guessed; dose reported as a multiple of MIC; the MIC in ug/mL is not in the workbook, so this dose cannot be converted to ug/mL"
kaur2024_apramycin,M. tuberculosis,biofilm,,isoniazid,64.0,xMIC,64.0,kaur_bio1_isoniazid_64xMIC_r2,7.7737864449811935,,7.88,False,,"experiment 'Biofilm 1'; biofilm, single-endpoint assay: the workbook gives NO sampling time, so time_days is NaN rather than guessed; n0_log10 is the replicate-index-matched untreated Early control (correspondence assumed by column index, not stated); no limit of quantification stated anywhere in the deposit; limit_log10 left NaN, not guessed; dose reported as a multiple of MIC; the MIC in ug/mL is not in the workbook, so this dose cannot be converted to ug/mL; cell is a 2-dp rounded entry, not a computed log10"
kaur2024_apramycin,M. tuberculosis,biofilm,,isoniazid,64.0,xMIC,64.0,kaur_bio1_isoniazid_64xMIC_r3,7.597695185925512,,7.840733234611807,False,,"experiment 'Biofilm 1'; biofilm, single-endpoint assay: the workbook gives NO sampling time, so time_days is NaN rather than guessed; n0_log10 is the replicate-index-matched untreated Early control (correspondence assumed by column index, not stated); no limit of quantification stated anywhere in the deposit; limit_log10 left NaN, not guessed; dose reported as a multiple of MIC; the MIC in ug/mL is not in the workbook, so this dose cannot be converted to ug/mL"
kaur2024_apramycin,M. tuberculosis,biofilm,,isoniazid,16.0,xMIC,16.0,kaur_bio1_isoniazid_16xMIC_r1,7.860936620700094,,7.9656719712201065,False,,"experiment 'Biofilm 1'; biofilm, single-endpoint assay: the workbook gives NO sampling time, so time_days is NaN rather than guessed; n0_log10 is the replicate-index-matched untreated Early control (correspondence assumed by column index, not stated); no limit of quantification stated anywhere in the deposit; limit_log10 left NaN, not guessed; dose reported as a multiple of MIC; the MIC in ug/mL is not in the workbook, so this dose cannot be converted to ug/mL"
kaur2024_apramycin,M. tuberculosis,biofilm,,isoniazid,16.0,xMIC,16.0,kaur_bio1_isoniazid_16xMIC_r2,7.7737864449811935,,8.01,False,,"experiment 'Biofilm 1'; biofilm, single-endpoint assay: the workbook gives NO sampling time, so time_days is NaN rather than guessed; n0_log10 is the replicate-index-matched untreated Early control (correspondence assumed by column index, not stated); no limit of quantification stated anywhere in the deposit; limit_log10 left NaN, not guessed; dose reported as a multiple of MIC; the MIC in ug/mL is not in the workbook, so this dose cannot be converted to ug/mL; cell is a 2-dp rounded entry, not a computed log10"
kaur2024_apramycin,M. tuberculosis,biofilm,,isoniazid,16.0,xMIC,16.0,kaur_bio1_isoniazid_16xMIC_r3,7.597695185925512,,8.08,False,,"experiment 'Biofilm 1'; biofilm, single-endpoint assay: the workbook gives NO sampling time, so time_days is NaN rather than guessed; n0_log10 is the replicate-index-matched untreated Early control (correspondence assumed by column index, not stated); no limit of quantification stated anywhere in the deposit; limit_log10 left NaN, not guessed; dose reported as a multiple of MIC; the MIC in ug/mL is not in the workbook, so this dose cannot be converted to ug/mL; cell is a 2-dp rounded entry, not a computed log10"
kaur2024_apramycin,M. tuberculosis,biofilm,,isoniazid,4.0,xMIC,4.0,kaur_bio1_isoniazid_4xMIC_r1,7.860936620700094,,8.098297536494698,False,,"experiment 'Biofilm 1'; biofilm, single-endpoint assay: the workbook gives NO sampling time, so time_days is NaN rather than guessed; n0_log10 is the replicate-index-matched untreated Early control (correspondence assumed by column index, not stated); no limit of quantification stated anywhere in the deposit; limit_log10 left NaN, not guessed; dose reported as a multiple of MIC; the MIC in ug/mL is not in the workbook, so this dose cannot be converted to ug/mL"
kaur2024_apramycin,M. tuberculosis,biofilm,,isoniazid,4.0,xMIC,4.0,kaur_bio1_isoniazid_4xMIC_r2,7.7737864449811935,,8.141763230275789,False,,"experiment 'Biofilm 1'; biofilm, single-endpoint assay: the workbook gives NO sampling time, so time_days is NaN rather than guessed; n0_log10 is the replicate-index-matched untreated Early control (correspondence assumed by column index, not stated); no limit of quantification stated anywhere in the deposit; limit_log10 left NaN, not guessed; dose reported as a multiple of MIC; the MIC in ug/mL is not in the workbook, so this dose cannot be converted to ug/mL"
kaur2024_apramycin,M. tuberculosis,biofilm,,isoniazid,4.0,xMIC,4.0,kaur_bio1_isoniazid_4xMIC_r3,7.597695185925512,,8.161966616364074,False,,"experiment 'Biofilm 1'; biofilm, single-endpoint assay: the workbook gives NO sampling time, so time_days is NaN rather than guessed; n0_log10 is the replicate-index-matched untreated Early control (correspondence assumed by column index, not stated); no limit of quantification stated anywhere in the deposit; limit_log10 left NaN, not guessed; dose reported as a multiple of MIC; the MIC in ug/mL is not in the workbook, so this dose cannot be converted to ug/mL"
kaur2024_apramycin,M. tuberculosis,biofilm,,isoniazid,1.0,xMIC,1.0,kaur_bio1_isoniazid_1xMIC_r1,7.860936620700094,,8.199755177253476,False,,"experiment 'Biofilm 1'; biofilm, single-endpoint assay: the workbook gives NO sampling time, so time_days is NaN rather than guessed; n0_log10 is the replicate-index-matched untreated Early control (correspondence assumed by column index, not stated); no limit of quantification stated anywhere in the deposit; limit_log10 left NaN, not guessed; dose reported as a multiple of MIC; the MIC in ug/mL is not in the workbook, so this dose cannot be converted to ug/mL"
kaur2024_apramycin,M. tuberculosis,biofilm,,isoniazid,1.0,xMIC,1.0,kaur_bio1_isoniazid_1xMIC_r2,7.7737864449811935,,8.24,False,,"experiment 'Biofilm 1'; biofilm, single-endpoint assay: the workbook gives NO sampling time, so time_days is NaN rather than guessed; n0_log10 is the replicate-index-matched untreated Early control (correspondence assumed by column index, not stated); no limit of quantification stated anywhere in the deposit; limit_log10 left NaN, not guessed; dose reported as a multiple of MIC; the MIC in ug/mL is not in the workbook, so this dose cannot be converted to ug/mL; cell is a 2-dp rounded entry, not a computed log10"
kaur2024_apramycin,M. tuberculosis,biofilm,,isoniazid,1.0,xMIC,1.0,kaur_bio1_isoniazid_1xMIC_r3,7.597695185925512,,8.258876629372132,False,,"experiment 'Biofilm 1'; biofilm, single-endpoint assay: the workbook gives NO sampling time, so time_days is NaN rather than guessed; n0_log10 is the replicate-index-matched untreated Early control (correspondence assumed by column index, not stated); no limit of quantification stated anywhere in the deposit; limit_log10 left NaN, not guessed; dose reported as a multiple of MIC; the MIC in ug/mL is not in the workbook, so this dose cannot be converted to ug/mL"
kaur2024_apramycin,M. tuberculosis,biofilm,,rifampicin,64.0,xMIC,64.0,kaur_bio1_rifampicin_64xMIC_r1,7.860936620700094,,7.074816440645175,False,,"experiment 'Biofilm 1'; biofilm, single-endpoint assay: the workbook gives NO sampling time, so time_days is NaN rather than guessed; n0_log10 is the replicate-index-matched untreated Early control (correspondence assumed by column index, not stated); no limit of quantification stated anywhere in the deposit; limit_log10 left NaN, not guessed; dose reported as a multiple of MIC; the MIC in ug/mL is not in the workbook, so this dose cannot be converted to ug/mL"
kaur2024_apramycin,M. tuberculosis,biofilm,,rifampicin,64.0,xMIC,64.0,kaur_bio1_rifampicin_64xMIC_r2,7.7737864449811935,,7.109578546904387,False,,"experiment 'Biofilm 1'; biofilm, single-endpoint assay: the workbook gives NO sampling time, so time_days is NaN rather than guessed; n0_log10 is the replicate-index-matched untreated Early control (correspondence assumed by column index, not stated); no limit of quantification stated anywhere in the deposit; limit_log10 left NaN, not guessed; dose reported as a multiple of MIC; the MIC in ug/mL is not in the workbook, so this dose cannot be converted to ug/mL"
kaur2024_apramycin,M. tuberculosis,biofilm,,rifampicin,64.0,xMIC,64.0,kaur_bio1_rifampicin_64xMIC_r3,7.597695185925512,,7.023663918197793,False,,"experiment 'Biofilm 1'; biofilm, single-endpoint assay: the workbook gives NO sampling time, so time_days is NaN rather than guessed; n0_log10 is the replicate-index-matched untreated Early control (correspondence assumed by column index, not stated); no limit of quantification stated anywhere in the deposit; limit_log10 left NaN, not guessed; dose reported as a multiple of MIC; the MIC in ug/mL is not in the workbook, so this dose cannot be converted to ug/mL"
kaur2024_apramycin,M. tuberculosis,biofilm,,rifampicin,16.0,xMIC,16.0,kaur_bio1_rifampicin_16xMIC_r1,7.860936620700094,,7.472756449317212,False,,"experiment 'Biofilm 1'; biofilm, single-endpoint assay: the workbook gives NO sampling time, so time_days is NaN rather than guessed; n0_log10 is the replicate-index-matched untreated Early control (correspondence assumed by column index, not stated); no limit of quantification stated anywhere in the deposit; limit_log10 left NaN, not guessed; dose reported as a multiple of MIC; the MIC in ug/mL is not in the workbook, so this dose cannot be converted to ug/mL"
kaur2024_apramycin,M. tuberculosis,biofilm,,rifampicin,16.0,xMIC,16.0,kaur_bio1_rifampicin_16xMIC_r2,7.7737864449811935,,7.632457292184724,False,,"experiment 'Biofilm 1'; biofilm, single-endpoint assay: the workbook gives NO sampling time, so time_days is NaN rather than guessed; n0_log10 is the replicate-index-matched untreated Early control (correspondence assumed by column index, not stated); no limit of quantification stated anywhere in the deposit; limit_log10 left NaN, not guessed; dose reported as a multiple of MIC; the MIC in ug/mL is not in the workbook, so this dose cannot be converted to ug/mL"
kaur2024_apramycin,M. tuberculosis,biofilm,,rifampicin,16.0,xMIC,16.0,kaur_bio1_rifampicin_16xMIC_r3,7.597695185925512,,7.58,False,,"experiment 'Biofilm 1'; biofilm, single-endpoint assay: the workbook gives NO sampling time, so time_days is NaN rather than guessed; n0_log10 is the replicate-index-matched untreated Early control (correspondence assumed by column index, not stated); no limit of quantification stated anywhere in the deposit; limit_log10 left NaN, not guessed; dose reported as a multiple of MIC; the MIC in ug/mL is not in the workbook, so this dose cannot be converted to ug/mL; cell is a 2-dp rounded entry, not a computed log10"
kaur2024_apramycin,M. tuberculosis,biofilm,,rifampicin,4.0,xMIC,4.0,kaur_bio1_rifampicin_4xMIC_r1,7.860936620700094,,8.098297536494698,False,,"experiment 'Biofilm 1'; biofilm, single-endpoint assay: the workbook gives NO sampling time, so time_days is NaN rather than guessed; n0_log10 is the replicate-index-matched untreated Early control (correspondence assumed by column index, not stated); no limit of quantification stated anywhere in the deposit; limit_log10 left NaN, not guessed; dose reported as a multiple of MIC; the MIC in ug/mL is not in the workbook, so this dose cannot be converted to ug/mL"
kaur2024_apramycin,M. tuberculosis,biofilm,,rifampicin,4.0,xMIC,4.0,kaur_bio1_rifampicin_4xMIC_r2,7.7737864449811935,,8.109578546904388,False,,"experiment 'Biofilm 1'; biofilm, single-endpoint assay: the workbook gives NO sampling time, so time_days is NaN rather than guessed; n0_log10 is the replicate-index-matched untreated Early control (correspondence assumed by column index, not stated); no limit of quantification stated anywhere in the deposit; limit_log10 left NaN, not guessed; dose reported as a multiple of MIC; the MIC in ug/mL is not in the workbook, so this dose cannot be converted to ug/mL"
kaur2024_apramycin,M. tuberculosis,biofilm,,rifampicin,4.0,xMIC,4.0,kaur_bio1_rifampicin_4xMIC_r3,7.597695185925512,,8.161966616364074,False,,"experiment 'Biofilm 1'; biofilm, single-endpoint assay: the workbook gives NO sampling time, so time_days is NaN rather than guessed; n0_log10 is the replicate-index-matched untreated Early control (correspondence assumed by column index, not stated); no limit of quantification stated anywhere in the deposit; limit_log10 left NaN, not guessed; dose reported as a multiple of MIC; the MIC in ug/mL is not in the workbook, so this dose cannot be converted to ug/mL"
kaur2024_apramycin,M. tuberculosis,biofilm,,rifampicin,1.0,xMIC,1.0,kaur_bio1_rifampicin_1xMIC_r1,7.860936620700094,,8.387745659608864,False,,"experiment 'Biofilm 1'; biofilm, single-endpoint assay: the workbook gives NO sampling time, so time_days is NaN rather than guessed; n0_log10 is the replicate-index-matched untreated Early control (correspondence assumed by column index, not stated); no limit of quantification stated anywhere in the deposit; limit_log10 left NaN, not guessed; dose reported as a multiple of MIC; the MIC in ug/mL is not in the workbook, so this dose cannot be converted to ug/mL"
kaur2024_apramycin,M. tuberculosis,biofilm,,rifampicin,1.0,xMIC,1.0,kaur_bio1_rifampicin_1xMIC_r2,7.7737864449811935,,8.410608542568369,False,,"experiment 'Biofilm 1'; biofilm, single-endpoint assay: the workbook gives NO sampling time, so time_days is NaN rather than guessed; n0_log10 is the replicate-index-matched untreated Early control (correspondence assumed by column index, not stated); no limit of quantification stated anywhere in the deposit; limit_log10 left NaN, not guessed; dose reported as a multiple of MIC; the MIC in ug/mL is not in the workbook, so this dose cannot be converted to ug/mL"
kaur2024_apramycin,M. tuberculosis,biofilm,,rifampicin,1.0,xMIC,1.0,kaur_bio1_rifampicin_1xMIC_r3,7.597695185925512,,8.45,False,,"experiment 'Biofilm 1'; biofilm, single-endpoint assay: the workbook gives NO sampling time, so time_days is NaN rather than guessed; n0_log10 is the replicate-index-matched untreated Early control (correspondence assumed by column index, not stated); no limit of quantification stated anywhere in the deposit; limit_log10 left NaN, not guessed; dose reported as a multiple of MIC; the MIC in ug/mL is not in the workbook, so this dose cannot be converted to ug/mL; cell is a 2-dp rounded entry, not a computed log10"
kaur2024_apramycin,M. tuberculosis,biofilm,,ethambutol,64.0,xMIC,64.0,kaur_bio1_ethambutol_64xMIC_r1,7.860936620700094,,7.4679039465228,False,,"experiment 'Biofilm 1'; biofilm, single-endpoint assay: the workbook gives NO sampling time, so time_days is NaN rather than guessed; n0_log10 is the replicate-index-matched untreated Early control (correspondence assumed by column index, not stated); no limit of quantification stated anywhere in the deposit; limit_log10 left NaN, not guessed; dose reported as a multiple of MIC; the MIC in ug/mL is not in the workbook, so this dose cannot be converted to ug/mL"
kaur2024_apramycin,M. tuberculosis,biofilm,,ethambutol,64.0,xMIC,64.0,kaur_bio1_ethambutol_64xMIC_r2,7.7737864449811935,,7.432327792261604,False,,"experiment 'Biofilm 1'; biofilm, single-endpoint assay: the workbook gives NO sampling time, so time_days is NaN rather than guessed; n0_log10 is the replicate-index-matched untreated Early control (correspondence assumed by column index, not stated); no limit of quantification stated anywhere in the deposit; limit_log10 left NaN, not guessed; dose reported as a multiple of MIC; the MIC in ug/mL is not in the workbook, so this dose cannot be converted to ug/mL"
kaur2024_apramycin,M. tuberculosis,biofilm,,ethambutol,64.0,xMIC,64.0,kaur_bio1_ethambutol_64xMIC_r3,7.597695185925512,,7.482301767223443,False,,"experiment 'Biofilm 1'; biofilm, single-endpoint assay: the workbook gives NO sampling time, so time_days is NaN rather than guessed; n0_log10 is the replicate-index-matched untreated Early control (correspondence assumed by column index, not stated); no limit of quantification stated anywhere in the deposit; limit_log10 left NaN, not guessed; dose reported as a multiple of MIC; the MIC in ug/mL is not in the workbook, so this dose cannot be converted to ug/mL"
kaur2024_apramycin,M. tuberculosis,biofilm,,ethambutol,16.0,xMIC,16.0,kaur_bio1_ethambutol_16xMIC_r1,7.860936620700094,,7.694605198933568,False,,"experiment 'Biofilm 1'; biofilm, single-endpoint assay: the workbook gives NO sampling time, so time_days is NaN rather than guessed; n0_log10 is the replicate-index-matched untreated Early control (correspondence assumed by column index, not stated); no limit of quantification stated anywhere in the deposit; limit_log10 left NaN, not guessed; dose reported as a multiple of MIC; the MIC in ug/mL is not in the workbook, so this dose cannot be converted to ug/mL"
kaur2024_apramycin,M. tuberculosis,biofilm,,ethambutol,16.0,xMIC,16.0,kaur_bio1_ethambutol_16xMIC_r2,7.7737864449811935,,7.7737864449811935,False,,"experiment 'Biofilm 1'; biofilm, single-endpoint assay: the workbook gives NO sampling time, so time_days is NaN rather than guessed; n0_log10 is the replicate-index-matched untreated Early control (correspondence assumed by column index, not stated); no limit of quantification stated anywhere in the deposit; limit_log10 left NaN, not guessed; dose reported as a multiple of MIC; the MIC in ug/mL is not in the workbook, so this dose cannot be converted to ug/mL"
kaur2024_apramycin,M. tuberculosis,biofilm,,ethambutol,16.0,xMIC,16.0,kaur_bio1_ethambutol_16xMIC_r3,7.597695185925512,,7.88024177589548,False,,"experiment 'Biofilm 1'; biofilm, single-endpoint assay: the workbook gives NO sampling time, so time_days is NaN rather than guessed; n0_log10 is the replicate-index-matched untreated Early control (correspondence assumed by column index, not stated); no limit of quantification stated anywhere in the deposit; limit_log10 left NaN, not guessed; dose reported as a multiple of MIC; the MIC in ug/mL is not in the workbook, so this dose cannot be converted to ug/mL"
kaur2024_apramycin,M. tuberculosis,biofilm,,ethambutol,4.0,xMIC,4.0,kaur_bio1_ethambutol_4xMIC_r1,7.860936620700094,,8.109578546904388,False,,"experiment 'Biofilm 1'; biofilm, single-endpoint assay: the workbook gives NO sampling time, so time_days is NaN rather than guessed; n0_log10 is the replicate-index-matched untreated Early control (correspondence assumed by column index, not stated); no limit of quantification stated anywhere in the deposit; limit_log10 left NaN, not guessed; dose reported as a multiple of MIC; the MIC in ug/mL is not in the workbook, so this dose cannot be converted to ug/mL"
kaur2024_apramycin,M. tuberculosis,biofilm,,ethambutol,4.0,xMIC,4.0,kaur_bio1_ethambutol_4xMIC_r2,7.7737864449811935,,8.161966616364074,False,,"experiment 'Biofilm 1'; biofilm, single-endpoint assay: the workbook gives NO sampling time, so time_days is NaN rather than guessed; n0_log10 is the replicate-index-matched untreated Early control (correspondence assumed by column index, not stated); no limit of quantification stated anywhere in the deposit; limit_log10 left NaN, not guessed; dose reported as a multiple of MIC; the MIC in ug/mL is not in the workbook, so this dose cannot be converted to ug/mL"
kaur2024_apramycin,M. tuberculosis,biofilm,,ethambutol,4.0,xMIC,4.0,kaur_bio1_ethambutol_4xMIC_r3,7.597695185925512,,8.09,False,,"experiment 'Biofilm 1'; biofilm, single-endpoint assay: the workbook gives NO sampling time, so time_days is NaN rather than guessed; n0_log10 is the replicate-index-matched untreated Early control (correspondence assumed by column index, not stated); no limit of quantification stated anywhere in the deposit; limit_log10 left NaN, not guessed; dose reported as a multiple of MIC; the MIC in ug/mL is not in the workbook, so this dose cannot be converted to ug/mL; cell is a 2-dp rounded entry, not a computed log10"
kaur2024_apramycin,M. tuberculosis,biofilm,,ethambutol,1.0,xMIC,1.0,kaur_bio1_ethambutol_1xMIC_r1,7.860936620700094,,8.226084115975825,False,,"experiment 'Biofilm 1'; biofilm, single-endpoint assay: the workbook gives NO sampling time, so time_days is NaN rather than guessed; n0_log10 is the replicate-index-matched untreated Early control (correspondence assumed by column index, not stated); no limit of quantification stated anywhere in the deposit; limit_log10 left NaN, not guessed; dose reported as a multiple of MIC; the MIC in ug/mL is not in the workbook, so this dose cannot be converted to ug/mL"
kaur2024_apramycin,M. tuberculosis,biofilm,,ethambutol,1.0,xMIC,1.0,kaur_bio1_ethambutol_1xMIC_r2,7.7737864449811935,,8.181271771559462,False,,"experiment 'Biofilm 1'; biofilm, single-endpoint assay: the workbook gives NO sampling time, so time_days is NaN rather than guessed; n0_log10 is the replicate-index-matched untreated Early control (correspondence assumed by column index, not stated); no limit of quantification stated anywhere in the deposit; limit_log10 left NaN, not guessed; dose reported as a multiple of MIC; the MIC in ug/mL is not in the workbook, so this dose cannot be converted to ug/mL"
kaur2024_apramycin,M. tuberculosis,biofilm,,ethambutol,1.0,xMIC,1.0,kaur_bio1_ethambutol_1xMIC_r3,7.597695185925512,,8.171726453653232,False,,"experiment 'Biofilm 1'; biofilm, single-endpoint assay: the workbook gives NO sampling time, so time_days is NaN rather than guessed; n0_log10 is the replicate-index-matched untreated Early control (correspondence assumed by column index, not stated); no limit of quantification stated anywhere in the deposit; limit_log10 left NaN, not guessed; dose reported as a multiple of MIC; the MIC in ug/mL is not in the workbook, so this dose cannot be converted to ug/mL"
kaur2024_apramycin,M. tuberculosis,biofilm,,none,,,,kaur_bio1_none_control_early_r1,7.860936620700094,,7.860936620700094,False,,"experiment 'Biofilm 1'; biofilm, single-endpoint assay: the workbook gives NO sampling time, so time_days is NaN rather than guessed; n0_log10 is the replicate-index-matched untreated Early control (correspondence assumed by column index, not stated); no limit of quantification stated anywhere in the deposit; limit_log10 left NaN, not guessed; untreated early control; this is the pre-treatment baseline the depositors' log10-drop column is anchored on (verified arithmetically)"
kaur2024_apramycin,M. tuberculosis,biofilm,,none,,,,kaur_bio1_none_control_early_r2,7.7737864449811935,,7.7737864449811935,False,,"experiment 'Biofilm 1'; biofilm, single-endpoint assay: the workbook gives NO sampling time, so time_days is NaN rather than guessed; n0_log10 is the replicate-index-matched untreated Early control (correspondence assumed by column index, not stated); no limit of quantification stated anywhere in the deposit; limit_log10 left NaN, not guessed; untreated early control; this is the pre-treatment baseline the depositors' log10-drop column is anchored on (verified arithmetically)"
kaur2024_apramycin,M. tuberculosis,biofilm,,none,,,,kaur_bio1_none_control_early_r3,7.597695185925512,,7.597695185925512,False,,"experiment 'Biofilm 1'; biofilm, single-endpoint assay: the workbook gives NO sampling time, so time_days is NaN rather than guessed; n0_log10 is the replicate-index-matched untreated Early control (correspondence assumed by column index, not stated); no limit of quantification stated anywhere in the deposit; limit_log10 left NaN, not guessed; untreated early control; this is the pre-treatment baseline the depositors' log10-drop column is anchored on (verified arithmetically)"
kaur2024_apramycin,M. tuberculosis,biofilm,,none,,,,kaur_bio1_none_control_late_r1,7.860936620700094,,8.351022852584125,False,,"experiment 'Biofilm 1'; biofilm, single-endpoint assay: the workbook gives NO sampling time, so time_days is NaN rather than guessed; n0_log10 is the replicate-index-matched untreated Early control (correspondence assumed by column index, not stated); no limit of quantification stated anywhere in the deposit; limit_log10 left NaN, not guessed; untreated late control; untreated end-of-experiment control"
kaur2024_apramycin,M. tuberculosis,biofilm,,none,,,,kaur_bio1_none_control_late_r2,7.7737864449811935,,8.31090562937614,False,,"experiment 'Biofilm 1'; biofilm, single-endpoint assay: the workbook gives NO sampling time, so time_days is NaN rather than guessed; n0_log10 is the replicate-index-matched untreated Early control (correspondence assumed by column index, not stated); no limit of quantification stated anywhere in the deposit; limit_log10 left NaN, not guessed; untreated late control; untreated end-of-experiment control"
kaur2024_apramycin,M. tuberculosis,biofilm,,none,,,,kaur_bio1_none_control_late_r3,7.597695185925512,,8.375846436309155,False,,"experiment 'Biofilm 1'; biofilm, single-endpoint assay: the workbook gives NO sampling time, so time_days is NaN rather than guessed; n0_log10 is the replicate-index-matched untreated Early control (correspondence assumed by column index, not stated); no limit of quantification stated anywhere in the deposit; limit_log10 left NaN, not guessed; untreated late control; untreated end-of-experiment control"
kaur2024_apramycin,M. tuberculosis,biofilm,,apramycin,64.0,xMIC,64.0,kaur_bio2_apramycin_64xMIC_r1,7.567731962548069,,6.597695185925512,False,,"experiment 'Biofilm 2', a separate biofilm run from 'Biofilm 1' (different Early control); biofilm, single-endpoint assay: the workbook gives NO sampling time, so time_days is NaN rather than guessed; n0_log10 is the replicate-index-matched untreated Early control (correspondence assumed by column index, not stated); no limit of quantification stated anywhere in the deposit; limit_log10 left NaN, not guessed; dose reported as a multiple of MIC; the MIC in ug/mL is not in the workbook, so this dose cannot be converted to ug/mL"
kaur2024_apramycin,M. tuberculosis,biofilm,,apramycin,64.0,xMIC,64.0,kaur_bio2_apramycin_64xMIC_r2,7.509740015570382,,6.559906625036112,False,,"experiment 'Biofilm 2', a separate biofilm run from 'Biofilm 1' (different Early control); biofilm, single-endpoint assay: the workbook gives NO sampling time, so time_days is NaN rather than guessed; n0_log10 is the replicate-index-matched untreated Early control (correspondence assumed by column index, not stated); no limit of quantification stated anywhere in the deposit; limit_log10 left NaN, not guessed; dose reported as a multiple of MIC; the MIC in ug/mL is not in the workbook, so this dose cannot be converted to ug/mL"
kaur2024_apramycin,M. tuberculosis,biofilm,,apramycin,64.0,xMIC,64.0,kaur_bio2_apramycin_64xMIC_r3,7.551937695364837,,6.421603926869831,False,,"experiment 'Biofilm 2', a separate biofilm run from 'Biofilm 1' (different Early control); biofilm, single-endpoint assay: the workbook gives NO sampling time, so time_days is NaN rather than guessed; n0_log10 is the replicate-index-matched untreated Early control (correspondence assumed by column index, not stated); no limit of quantification stated anywhere in the deposit; limit_log10 left NaN, not guessed; dose reported as a multiple of MIC; the MIC in ug/mL is not in the workbook, so this dose cannot be converted to ug/mL"
kaur2024_apramycin,M. tuberculosis,biofilm,,apramycin,16.0,xMIC,16.0,kaur_bio2_apramycin_16xMIC_r1,7.567731962548069,,7.098297536494698,False,,"experiment 'Biofilm 2', a separate biofilm run from 'Biofilm 1' (different Early control); biofilm, single-endpoint assay: the workbook gives NO sampling time, so time_days is NaN rather than guessed; n0_log10 is the replicate-index-matched untreated Early control (correspondence assumed by column index, not stated); no limit of quantification stated anywhere in the deposit; limit_log10 left NaN, not guessed; dose reported as a multiple of MIC; the MIC in ug/mL is not in the workbook, so this dose cannot be converted to ug/mL"
kaur2024_apramycin,M. tuberculosis,biofilm,,apramycin,16.0,xMIC,16.0,kaur_bio2_apramycin_16xMIC_r2,7.509740015570382,,7.141763230275788,False,,"experiment 'Biofilm 2', a separate biofilm run from 'Biofilm 1' (different Early control); biofilm, single-endpoint assay: the workbook gives NO sampling time, so time_days is NaN rather than guessed; n0_log10 is the replicate-index-matched untreated Early control (correspondence assumed by column index, not stated); no limit of quantification stated anywhere in the deposit; limit_log10 left NaN, not guessed; dose reported as a multiple of MIC; the MIC in ug/mL is not in the workbook, so this dose cannot be converted to ug/mL"
kaur2024_apramycin,M. tuberculosis,biofilm,,apramycin,16.0,xMIC,16.0,kaur_bio2_apramycin_16xMIC_r3,7.551937695364837,,7.171726453653231,False,,"experiment 'Biofilm 2', a separate biofilm run from 'Biofilm 1' (different Early control); biofilm, single-endpoint assay: the workbook gives NO sampling time, so time_days is NaN rather than guessed; n0_log10 is the replicate-index-matched untreated Early control (correspondence assumed by column index, not stated); no limit of quantification stated anywhere in the deposit; limit_log10 left NaN, not guessed; dose reported as a multiple of MIC; the MIC in ug/mL is not in the workbook, so this dose cannot be converted to ug/mL"
kaur2024_apramycin,M. tuberculosis,biofilm,,apramycin,4.0,xMIC,4.0,kaur_bio2_apramycin_4xMIC_r1,7.567731962548069,,7.9164539485499255,False,,"experiment 'Biofilm 2', a separate biofilm run from 'Biofilm 1' (different Early control); biofilm, single-endpoint assay: the workbook gives NO sampling time, so time_days is NaN rather than guessed; n0_log10 is the replicate-index-matched untreated Early control (correspondence assumed by column index, not stated); no limit of quantification stated anywhere in the deposit; limit_log10 left NaN, not guessed; dose reported as a multiple of MIC; the MIC in ug/mL is not in the workbook, so this dose cannot be converted to ug/mL"
kaur2024_apramycin,M. tuberculosis,biofilm,,apramycin,4.0,xMIC,4.0,kaur_bio2_apramycin_4xMIC_r2,7.509740015570382,,7.949877704036875,False,,"experiment 'Biofilm 2', a separate biofilm run from 'Biofilm 1' (different Early control); biofilm, single-endpoint assay: the workbook gives NO sampling time, so time_days is NaN rather than guessed; n0_log10 is the replicate-index-matched untreated Early control (correspondence assumed by column index, not stated); no limit of quantification stated anywhere in the deposit; limit_log10 left NaN, not guessed; dose reported as a multiple of MIC; the MIC in ug/mL is not in the workbook, so this dose cannot be converted to ug/mL"
kaur2024_apramycin,M. tuberculosis,biofilm,,apramycin,4.0,xMIC,4.0,kaur_bio2_apramycin_4xMIC_r3,7.551937695364837,,7.860936620700094,False,,"experiment 'Biofilm 2', a separate biofilm run from 'Biofilm 1' (different Early control); biofilm, single-endpoint assay: the workbook gives NO sampling time, so time_days is NaN rather than guessed; n0_log10 is the replicate-index-matched untreated Early control (correspondence assumed by column index, not stated); no limit of quantification stated anywhere in the deposit; limit_log10 left NaN, not guessed; dose reported as a multiple of MIC; the MIC in ug/mL is not in the workbook, so this dose cannot be converted to ug/mL"
kaur2024_apramycin,M. tuberculosis,biofilm,,apramycin,1.0,xMIC,1.0,kaur_bio2_apramycin_1xMIC_r1,7.567731962548069,,8.141763230275789,False,,"experiment 'Biofilm 2', a separate biofilm run from 'Biofilm 1' (different Early control); biofilm, single-endpoint assay: the workbook gives NO sampling time, so time_days is NaN rather than guessed; n0_log10 is the replicate-index-matched untreated Early control (correspondence assumed by column index, not stated); no limit of quantification stated anywhere in the deposit; limit_log10 left NaN, not guessed; dose reported as a multiple of MIC; the MIC in ug/mL is not in the workbook, so this dose cannot be converted to ug/mL"
kaur2024_apramycin,M. tuberculosis,biofilm,,apramycin,1.0,xMIC,1.0,kaur_bio2_apramycin_1xMIC_r2,7.509740015570382,,8.098297536494698,False,,"experiment 'Biofilm 2', a separate biofilm run from 'Biofilm 1' (different Early control); biofilm, single-endpoint assay: the workbook gives NO sampling time, so time_days is NaN rather than guessed; n0_log10 is the replicate-index-matched untreated Early control (correspondence assumed by column index, not stated); no limit of quantification stated anywhere in the deposit; limit_log10 left NaN, not guessed; dose reported as a multiple of MIC; the MIC in ug/mL is not in the workbook, so this dose cannot be converted to ug/mL"
kaur2024_apramycin,M. tuberculosis,biofilm,,apramycin,1.0,xMIC,1.0,kaur_bio2_apramycin_1xMIC_r3,7.551937695364837,,8.109578546904388,False,,"experiment 'Biofilm 2', a separate biofilm run from 'Biofilm 1' (different Early control); biofilm, single-endpoint assay: the workbook gives NO sampling time, so time_days is NaN rather than guessed; n0_log10 is the replicate-index-matched untreated Early control (correspondence assumed by column index, not stated); no limit of quantification stated anywhere in the deposit; limit_log10 left NaN, not guessed; dose reported as a multiple of MIC; the MIC in ug/mL is not in the workbook, so this dose cannot be converted to ug/mL"
kaur2024_apramycin,M. tuberculosis,biofilm,,amikacin,64.0,xMIC,64.0,kaur_bio2_amikacin_64xMIC_r1,7.567731962548069,,7.387745659608863,False,,"experiment 'Biofilm 2', a separate biofilm run from 'Biofilm 1' (different Early control); biofilm, single-endpoint assay: the workbook gives NO sampling time, so time_days is NaN rather than guessed; n0_log10 is the replicate-index-matched untreated Early control (correspondence assumed by column index, not stated); no limit of quantification stated anywhere in the deposit; limit_log10 left NaN, not guessed; dose reported as a multiple of MIC; the MIC in ug/mL is not in the workbook, so this dose cannot be converted to ug/mL"
kaur2024_apramycin,M. tuberculosis,biofilm,,amikacin,64.0,xMIC,64.0,kaur_bio2_amikacin_64xMIC_r2,7.509740015570382,,7.344588742578714,False,,"experiment 'Biofilm 2', a separate biofilm run from 'Biofilm 1' (different Early control); biofilm, single-endpoint assay: the workbook gives NO sampling time, so time_days is NaN rather than guessed; n0_log10 is the replicate-index-matched untreated Early control (correspondence assumed by column index, not stated); no limit of quantification stated anywhere in the deposit; limit_log10 left NaN, not guessed; dose reported as a multiple of MIC; the MIC in ug/mL is not in the workbook, so this dose cannot be converted to ug/mL"
kaur2024_apramycin,M. tuberculosis,biofilm,,amikacin,64.0,xMIC,64.0,kaur_bio2_amikacin_64xMIC_r3,7.551937695364837,,7.331427296520743,False,,"experiment 'Biofilm 2', a separate biofilm run from 'Biofilm 1' (different Early control); biofilm, single-endpoint assay: the workbook gives NO sampling time, so time_days is NaN rather than guessed; n0_log10 is the replicate-index-matched untreated Early control (correspondence assumed by column index, not stated); no limit of quantification stated anywhere in the deposit; limit_log10 left NaN, not guessed; dose reported as a multiple of MIC; the MIC in ug/mL is not in the workbook, so this dose cannot be converted to ug/mL"
kaur2024_apramycin,M. tuberculosis,biofilm,,amikacin,16.0,xMIC,16.0,kaur_bio2_amikacin_16xMIC_r1,7.567731962548069,,7.664641975556125,False,,"experiment 'Biofilm 2', a separate biofilm run from 'Biofilm 1' (different Early control); biofilm, single-endpoint assay: the workbook gives NO sampling time, so time_days is NaN rather than guessed; n0_log10 is the replicate-index-matched untreated Early control (correspondence assumed by column index, not stated); no limit of quantification stated anywhere in the deposit; limit_log10 left NaN, not guessed; dose reported as a multiple of MIC; the MIC in ug/mL is not in the workbook, so this dose cannot be converted to ug/mL"
kaur2024_apramycin,M. tuberculosis,biofilm,,amikacin,16.0,xMIC,16.0,kaur_bio2_amikacin_16xMIC_r2,7.509740015570382,,7.7737864449811935,False,,"experiment 'Biofilm 2', a separate biofilm run from 'Biofilm 1' (different Early control); biofilm, single-endpoint assay: the workbook gives NO sampling time, so time_days is NaN rather than guessed; n0_log10 is the replicate-index-matched untreated Early control (correspondence assumed by column index, not stated); no limit of quantification stated anywhere in the deposit; limit_log10 left NaN, not guessed; dose reported as a multiple of MIC; the MIC in ug/mL is not in the workbook, so this dose cannot be converted to ug/mL"
kaur2024_apramycin,M. tuberculosis,biofilm,,amikacin,16.0,xMIC,16.0,kaur_bio2_amikacin_16xMIC_r3,7.551937695364837,,7.840733234611807,False,,"experiment 'Biofilm 2', a separate biofilm run from 'Biofilm 1' (different Early control); biofilm, single-endpoint assay: the workbook gives NO sampling time, so time_days is NaN rather than guessed; n0_log10 is the replicate-index-matched untreated Early control (correspondence assumed by column index, not stated); no limit of quantification stated anywhere in the deposit; limit_log10 left NaN, not guessed; dose reported as a multiple of MIC; the MIC in ug/mL is not in the workbook, so this dose cannot be converted to ug/mL"
kaur2024_apramycin,M. tuberculosis,biofilm,,amikacin,4.0,xMIC,4.0,kaur_bio2_amikacin_4xMIC_r1,7.567731962548069,,7.88024177589548,False,,"experiment 'Biofilm 2', a separate biofilm run from 'Biofilm 1' (different Early control); biofilm, single-endpoint assay: the workbook gives NO sampling time, so time_days is NaN rather than guessed; n0_log10 is the replicate-index-matched untreated Early control (correspondence assumed by column index, not stated); no limit of quantification stated anywhere in the deposit; limit_log10 left NaN, not guessed; dose reported as a multiple of MIC; the MIC in ug/mL is not in the workbook, so this dose cannot be converted to ug/mL"
kaur2024_apramycin,M. tuberculosis,biofilm,,amikacin,4.0,xMIC,4.0,kaur_bio2_amikacin_4xMIC_r2,7.509740015570382,,7.9656719712201065,False,,"experiment 'Biofilm 2', a separate biofilm run from 'Biofilm 1' (different Early control); biofilm, single-endpoint assay: the workbook gives NO sampling time, so time_days is NaN rather than guessed; n0_log10 is the replicate-index-matched untreated Early control (correspondence assumed by column index, not stated); no limit of quantification stated anywhere in the deposit; limit_log10 left NaN, not guessed; dose reported as a multiple of MIC; the MIC in ug/mL is not in the workbook, so this dose cannot be converted to ug/mL"
kaur2024_apramycin,M. tuberculosis,biofilm,,amikacin,4.0,xMIC,4.0,kaur_bio2_amikacin_4xMIC_r3,7.551937695364837,,7.860936620700094,False,,"experiment 'Biofilm 2', a separate biofilm run from 'Biofilm 1' (different Early control); biofilm, single-endpoint assay: the workbook gives NO sampling time, so time_days is NaN rather than guessed; n0_log10 is the replicate-index-matched untreated Early control (correspondence assumed by column index, not stated); no limit of quantification stated anywhere in the deposit; limit_log10 left NaN, not guessed; dose reported as a multiple of MIC; the MIC in ug/mL is not in the workbook, so this dose cannot be converted to ug/mL"
kaur2024_apramycin,M. tuberculosis,biofilm,,amikacin,1.0,xMIC,1.0,kaur_bio2_amikacin_1xMIC_r1,7.567731962548069,,8.00987563371216,False,,"experiment 'Biofilm 2', a separate biofilm run from 'Biofilm 1' (different Early control); biofilm, single-endpoint assay: the workbook gives NO sampling time, so time_days is NaN rather than guessed; n0_log10 is the replicate-index-matched untreated Early control (correspondence assumed by column index, not stated); no limit of quantification stated anywhere in the deposit; limit_log10 left NaN, not guessed; dose reported as a multiple of MIC; the MIC in ug/mL is not in the workbook, so this dose cannot be converted to ug/mL"
kaur2024_apramycin,M. tuberculosis,biofilm,,amikacin,1.0,xMIC,1.0,kaur_bio2_amikacin_1xMIC_r2,7.509740015570382,,8.062581984228164,False,,"experiment 'Biofilm 2', a separate biofilm run from 'Biofilm 1' (different Early control); biofilm, single-endpoint assay: the workbook gives NO sampling time, so time_days is NaN rather than guessed; n0_log10 is the replicate-index-matched untreated Early control (correspondence assumed by column index, not stated); no limit of quantification stated anywhere in the deposit; limit_log10 left NaN, not guessed; dose reported as a multiple of MIC; the MIC in ug/mL is not in the workbook, so this dose cannot be converted to ug/mL"
kaur2024_apramycin,M. tuberculosis,biofilm,,amikacin,1.0,xMIC,1.0,kaur_bio2_amikacin_1xMIC_r3,7.551937695364837,,8.098297536494698,False,,"experiment 'Biofilm 2', a separate biofilm run from 'Biofilm 1' (different Early control); biofilm, single-endpoint assay: the workbook gives NO sampling time, so time_days is NaN rather than guessed; n0_log10 is the replicate-index-matched untreated Early control (correspondence assumed by column index, not stated); no limit of quantification stated anywhere in the deposit; limit_log10 left NaN, not guessed; dose reported as a multiple of MIC; the MIC in ug/mL is not in the workbook, so this dose cannot be converted to ug/mL"
kaur2024_apramycin,M. tuberculosis,biofilm,,bedaquiline,64.0,xMIC,64.0,kaur_bio2_bedaquiline_64xMIC_r1,7.567731962548069,,6.7737864449811935,False,,"experiment 'Biofilm 2', a separate biofilm run from 'Biofilm 1' (different Early control); biofilm, single-endpoint assay: the workbook gives NO sampling time, so time_days is NaN rather than guessed; n0_log10 is the replicate-index-matched untreated Early control (correspondence assumed by column index, not stated); no limit of quantification stated anywhere in the deposit; limit_log10 left NaN, not guessed; dose reported as a multiple of MIC; the MIC in ug/mL is not in the workbook, so this dose cannot be converted to ug/mL"
kaur2024_apramycin,M. tuberculosis,biofilm,,bedaquiline,64.0,xMIC,64.0,kaur_bio2_bedaquiline_64xMIC_r2,7.509740015570382,,6.797267540830717,False,,"experiment 'Biofilm 2', a separate biofilm run from 'Biofilm 1' (different Early control); biofilm, single-endpoint assay: the workbook gives NO sampling time, so time_days is NaN rather than guessed; n0_log10 is the replicate-index-matched untreated Early control (correspondence assumed by column index, not stated); no limit of quantification stated anywhere in the deposit; limit_log10 left NaN, not guessed; dose reported as a multiple of MIC; the MIC in ug/mL is not in the workbook, so this dose cannot be converted to ug/mL"
kaur2024_apramycin,M. tuberculosis,biofilm,,bedaquiline,64.0,xMIC,64.0,kaur_bio2_bedaquiline_64xMIC_r3,7.551937695364837,,6.898725181589493,False,,"experiment 'Biofilm 2', a separate biofilm run from 'Biofilm 1' (different Early control); biofilm, single-endpoint assay: the workbook gives NO sampling time, so time_days is NaN rather than guessed; n0_log10 is the replicate-index-matched untreated Early control (correspondence assumed by column index, not stated); no limit of quantification stated anywhere in the deposit; limit_log10 left NaN, not guessed; dose reported as a multiple of MIC; the MIC in ug/mL is not in the workbook, so this dose cannot be converted to ug/mL"
kaur2024_apramycin,M. tuberculosis,biofilm,,bedaquiline,16.0,xMIC,16.0,kaur_bio2_bedaquiline_16xMIC_r1,7.567731962548069,,7.421603926869831,False,,"experiment 'Biofilm 2', a separate biofilm run from 'Biofilm 1' (different Early control); biofilm, single-endpoint assay: the workbook gives NO sampling time, so time_days is NaN rather than guessed; n0_log10 is the replicate-index-matched untreated Early control (correspondence assumed by column index, not stated); no limit of quantification stated anywhere in the deposit; limit_log10 left NaN, not guessed; dose reported as a multiple of MIC; the MIC in ug/mL is not in the workbook, so this dose cannot be converted to ug/mL"
kaur2024_apramycin,M. tuberculosis,biofilm,,bedaquiline,16.0,xMIC,16.0,kaur_bio2_bedaquiline_16xMIC_r2,7.509740015570382,,7.559906625036112,False,,"experiment 'Biofilm 2', a separate biofilm run from 'Biofilm 1' (different Early control); biofilm, single-endpoint assay: the workbook gives NO sampling time, so time_days is NaN rather than guessed; n0_log10 is the replicate-index-matched untreated Early control (correspondence assumed by column index, not stated); no limit of quantification stated anywhere in the deposit; limit_log10 left NaN, not guessed; dose reported as a multiple of MIC; the MIC in ug/mL is not in the workbook, so this dose cannot be converted to ug/mL"
kaur2024_apramycin,M. tuberculosis,biofilm,,bedaquiline,16.0,xMIC,16.0,kaur_bio2_bedaquiline_16xMIC_r3,7.551937695364837,,7.664641975556125,False,,"experiment 'Biofilm 2', a separate biofilm run from 'Biofilm 1' (different Early control); biofilm, single-endpoint assay: the workbook gives NO sampling time, so time_days is NaN rather than guessed; n0_log10 is the replicate-index-matched untreated Early control (correspondence assumed by column index, not stated); no limit of quantification stated anywhere in the deposit; limit_log10 left NaN, not guessed; dose reported as a multiple of MIC; the MIC in ug/mL is not in the workbook, so this dose cannot be converted to ug/mL"
kaur2024_apramycin,M. tuberculosis,biofilm,,bedaquiline,4.0,xMIC,4.0,kaur_bio2_bedaquiline_4xMIC_r1,7.567731962548069,,7.7737864449811935,False,,"experiment 'Biofilm 2', a separate biofilm run from 'Biofilm 1' (different Early control); biofilm, single-endpoint assay: the workbook gives NO sampling time, so time_days is NaN rather than guessed; n0_log10 is the replicate-index-matched untreated Early control (correspondence assumed by column index, not stated); no limit of quantification stated anywhere in the deposit; limit_log10 left NaN, not guessed; dose reported as a multiple of MIC; the MIC in ug/mL is not in the workbook, so this dose cannot be converted to ug/mL"
kaur2024_apramycin,M. tuberculosis,biofilm,,bedaquiline,4.0,xMIC,4.0,kaur_bio2_bedaquiline_4xMIC_r2,7.509740015570382,,7.88024177589548,False,,"experiment 'Biofilm 2', a separate biofilm run from 'Biofilm 1' (different Early control); biofilm, single-endpoint assay: the workbook gives NO sampling time, so time_days is NaN rather than guessed; n0_log10 is the replicate-index-matched untreated Early control (correspondence assumed by column index, not stated); no limit of quantification stated anywhere in the deposit; limit_log10 left NaN, not guessed; dose reported as a multiple of MIC; the MIC in ug/mL is not in the workbook, so this dose cannot be converted to ug/mL"
kaur2024_apramycin,M. tuberculosis,biofilm,,bedaquiline,4.0,xMIC,4.0,kaur_bio2_bedaquiline_4xMIC_r3,7.551937695364837,,7.933487287848705,False,,"experiment 'Biofilm 2', a separate biofilm run from 'Biofilm 1' (different Early control); biofilm, single-endpoint assay: the workbook gives NO sampling time, so time_days is NaN rather than guessed; n0_log10 is the replicate-index-matched untreated Early control (correspondence assumed by column index, not stated); no limit of quantification stated anywhere in the deposit; limit_log10 left NaN, not guessed; dose reported as a multiple of MIC; the MIC in ug/mL is not in the workbook, so this dose cannot be converted to ug/mL"
kaur2024_apramycin,M. tuberculosis,biofilm,,bedaquiline,1.0,xMIC,1.0,kaur_bio2_bedaquiline_1xMIC_r1,7.567731962548069,,8.00987563371216,False,,"experiment 'Biofilm 2', a separate biofilm run from 'Biofilm 1' (different Early control); biofilm, single-endpoint assay: the workbook gives NO sampling time, so time_days is NaN rather than guessed; n0_log10 is the replicate-index-matched untreated Early control (correspondence assumed by column index, not stated); no limit of quantification stated anywhere in the deposit; limit_log10 left NaN, not guessed; dose reported as a multiple of MIC; the MIC in ug/mL is not in the workbook, so this dose cannot be converted to ug/mL"
kaur2024_apramycin,M. tuberculosis,biofilm,,bedaquiline,1.0,xMIC,1.0,kaur_bio2_bedaquiline_1xMIC_r2,7.509740015570382,,8.037027879755774,False,,"experiment 'Biofilm 2', a separate biofilm run from 'Biofilm 1' (different Early control); biofilm, single-endpoint assay: the workbook gives NO sampling time, so time_days is NaN rather than guessed; n0_log10 is the replicate-index-matched untreated Early control (correspondence assumed by column index, not stated); no limit of quantification stated anywhere in the deposit; limit_log10 left NaN, not guessed; dose reported as a multiple of MIC; the MIC in ug/mL is not in the workbook, so this dose cannot be converted to ug/mL"
kaur2024_apramycin,M. tuberculosis,biofilm,,bedaquiline,1.0,xMIC,1.0,kaur_bio2_bedaquiline_1xMIC_r3,7.551937695364837,,8.049992856920143,False,,"experiment 'Biofilm 2', a separate biofilm run from 'Biofilm 1' (different Early control); biofilm, single-endpoint assay: the workbook gives NO sampling time, so time_days is NaN rather than guessed; n0_log10 is the replicate-index-matched untreated Early control (correspondence assumed by column index, not stated); no limit of quantification stated anywhere in the deposit; limit_log10 left NaN, not guessed; dose reported as a multiple of MIC; the MIC in ug/mL is not in the workbook, so this dose cannot be converted to ug/mL"
kaur2024_apramycin,M. tuberculosis,biofilm,,pretomanid,64.0,xMIC,64.0,kaur_bio2_pretomanid_64xMIC_r1,7.567731962548069,,7.331427296520743,False,,"experiment 'Biofilm 2', a separate biofilm run from 'Biofilm 1' (different Early control); biofilm, single-endpoint assay: the workbook gives NO sampling time, so time_days is NaN rather than guessed; n0_log10 is the replicate-index-matched untreated Early control (correspondence assumed by column index, not stated); no limit of quantification stated anywhere in the deposit; limit_log10 left NaN, not guessed; dose reported as a multiple of MIC; the MIC in ug/mL is not in the workbook, so this dose cannot be converted to ug/mL"
kaur2024_apramycin,M. tuberculosis,biofilm,,pretomanid,64.0,xMIC,64.0,kaur_bio2_pretomanid_64xMIC_r2,7.509740015570382,,7.281941933440825,False,,"experiment 'Biofilm 2', a separate biofilm run from 'Biofilm 1' (different Early control); biofilm, single-endpoint assay: the workbook gives NO sampling time, so time_days is NaN rather than guessed; n0_log10 is the replicate-index-matched untreated Early control (correspondence assumed by column index, not stated); no limit of quantification stated anywhere in the deposit; limit_log10 left NaN, not guessed; dose reported as a multiple of MIC; the MIC in ug/mL is not in the workbook, so this dose cannot be converted to ug/mL"
kaur2024_apramycin,M. tuberculosis,biofilm,,pretomanid,64.0,xMIC,64.0,kaur_bio2_pretomanid_64xMIC_r3,7.551937695364837,,7.3697722885969625,False,,"experiment 'Biofilm 2', a separate biofilm run from 'Biofilm 1' (different Early control); biofilm, single-endpoint assay: the workbook gives NO sampling time, so time_days is NaN rather than guessed; n0_log10 is the replicate-index-matched untreated Early control (correspondence assumed by column index, not stated); no limit of quantification stated anywhere in the deposit; limit_log10 left NaN, not guessed; dose reported as a multiple of MIC; the MIC in ug/mL is not in the workbook, so this dose cannot be converted to ug/mL"
kaur2024_apramycin,M. tuberculosis,biofilm,,pretomanid,16.0,xMIC,16.0,kaur_bio2_pretomanid_16xMIC_r1,7.567731962548069,,7.518513939877887,False,,"experiment 'Biofilm 2', a separate biofilm run from 'Biofilm 1' (different Early control); biofilm, single-endpoint assay: the workbook gives NO sampling time, so time_days is NaN rather than guessed; n0_log10 is the replicate-index-matched untreated Early control (correspondence assumed by column index, not stated); no limit of quantification stated anywhere in the deposit; limit_log10 left NaN, not guessed; dose reported as a multiple of MIC; the MIC in ug/mL is not in the workbook, so this dose cannot be converted to ug/mL"
kaur2024_apramycin,M. tuberculosis,biofilm,,pretomanid,16.0,xMIC,16.0,kaur_bio2_pretomanid_16xMIC_r2,7.509740015570382,,7.597695185925512,False,,"experiment 'Biofilm 2', a separate biofilm run from 'Biofilm 1' (different Early control); biofilm, single-endpoint assay: the workbook gives NO sampling time, so time_days is NaN rather than guessed; n0_log10 is the replicate-index-matched untreated Early control (correspondence assumed by column index, not stated); no limit of quantification stated anywhere in the deposit; limit_log10 left NaN, not guessed; dose reported as a multiple of MIC; the MIC in ug/mL is not in the workbook, so this dose cannot be converted to ug/mL"
kaur2024_apramycin,M. tuberculosis,biofilm,,pretomanid,16.0,xMIC,16.0,kaur_bio2_pretomanid_16xMIC_r3,7.551937695364837,,7.421603926869831,False,,"experiment 'Biofilm 2', a separate biofilm run from 'Biofilm 1' (different Early control); biofilm, single-endpoint assay: the workbook gives NO sampling time, so time_days is NaN rather than guessed; n0_log10 is the replicate-index-matched untreated Early control (correspondence assumed by column index, not stated); no limit of quantification stated anywhere in the deposit; limit_log10 left NaN, not guessed; dose reported as a multiple of MIC; the MIC in ug/mL is not in the workbook, so this dose cannot be converted to ug/mL"
kaur2024_apramycin,M. tuberculosis,biofilm,,pretomanid,4.0,xMIC,4.0,kaur_bio2_pretomanid_4xMIC_r1,7.567731962548069,,7.694605198933568,False,,"experiment 'Biofilm 2', a separate biofilm run from 'Biofilm 1' (different Early control); biofilm, single-endpoint assay: the workbook gives NO sampling time, so time_days is NaN rather than guessed; n0_log10 is the replicate-index-matched untreated Early control (correspondence assumed by column index, not stated); no limit of quantification stated anywhere in the deposit; limit_log10 left NaN, not guessed; dose reported as a multiple of MIC; the MIC in ug/mL is not in the workbook, so this dose cannot be converted to ug/mL"
kaur2024_apramycin,M. tuberculosis,biofilm,,pretomanid,4.0,xMIC,4.0,kaur_bio2_pretomanid_4xMIC_r2,7.509740015570382,,7.840733234611807,False,,"experiment 'Biofilm 2', a separate biofilm run from 'Biofilm 1' (different Early control); biofilm, single-endpoint assay: the workbook gives NO sampling time, so time_days is NaN rather than guessed; n0_log10 is the replicate-index-matched untreated Early control (correspondence assumed by column index, not stated); no limit of quantification stated anywhere in the deposit; limit_log10 left NaN, not guessed; dose reported as a multiple of MIC; the MIC in ug/mL is not in the workbook, so this dose cannot be converted to ug/mL"
kaur2024_apramycin,M. tuberculosis,biofilm,,pretomanid,4.0,xMIC,4.0,kaur_bio2_pretomanid_4xMIC_r3,7.551937695364837,,7.748962861256161,False,,"experiment 'Biofilm 2', a separate biofilm run from 'Biofilm 1' (different Early control); biofilm, single-endpoint assay: the workbook gives NO sampling time, so time_days is NaN rather than guessed; n0_log10 is the replicate-index-matched untreated Early control (correspondence assumed by column index, not stated); no limit of quantification stated anywhere in the deposit; limit_log10 left NaN, not guessed; dose reported as a multiple of MIC; the MIC in ug/mL is not in the workbook, so this dose cannot be converted to ug/mL"
kaur2024_apramycin,M. tuberculosis,biofilm,,pretomanid,1.0,xMIC,1.0,kaur_bio2_pretomanid_1xMIC_r1,7.567731962548069,,7.7737864449811935,False,,"experiment 'Biofilm 2', a separate biofilm run from 'Biofilm 1' (different Early control); biofilm, single-endpoint assay: the workbook gives NO sampling time, so time_days is NaN rather than guessed; n0_log10 is the replicate-index-matched untreated Early control (correspondence assumed by column index, not stated); no limit of quantification stated anywhere in the deposit; limit_log10 left NaN, not guessed; dose reported as a multiple of MIC; the MIC in ug/mL is not in the workbook, so this dose cannot be converted to ug/mL"
kaur2024_apramycin,M. tuberculosis,biofilm,,pretomanid,1.0,xMIC,1.0,kaur_bio2_pretomanid_1xMIC_r2,7.509740015570382,,7.898725181589493,False,,"experiment 'Biofilm 2', a separate biofilm run from 'Biofilm 1' (different Early control); biofilm, single-endpoint assay: the workbook gives NO sampling time, so time_days is NaN rather than guessed; n0_log10 is the replicate-index-matched untreated Early control (correspondence assumed by column index, not stated); no limit of quantification stated anywhere in the deposit; limit_log10 left NaN, not guessed; dose reported as a multiple of MIC; the MIC in ug/mL is not in the workbook, so this dose cannot be converted to ug/mL"
kaur2024_apramycin,M. tuberculosis,biofilm,,pretomanid,1.0,xMIC,1.0,kaur_bio2_pretomanid_1xMIC_r3,7.551937695364837,,7.88024177589548,False,,"experiment 'Biofilm 2', a separate biofilm run from 'Biofilm 1' (different Early control); biofilm, single-endpoint assay: the workbook gives NO sampling time, so time_days is NaN rather than guessed; n0_log10 is the replicate-index-matched untreated Early control (correspondence assumed by column index, not stated); no limit of quantification stated anywhere in the deposit; limit_log10 left NaN, not guessed; dose reported as a multiple of MIC; the MIC in ug/mL is not in the workbook, so this dose cannot be converted to ug/mL"
kaur2024_apramycin,M. tuberculosis,biofilm,,linezolid,64.0,xMIC,64.0,kaur_bio2_linezolid_64xMIC_r1,7.567731962548069,,7.098297536494698,False,,"experiment 'Biofilm 2', a separate biofilm run from 'Biofilm 1' (different Early control); biofilm, single-endpoint assay: the workbook gives NO sampling time, so time_days is NaN rather than guessed; n0_log10 is the replicate-index-matched untreated Early control (correspondence assumed by column index, not stated); no limit of quantification stated anywhere in the deposit; limit_log10 left NaN, not guessed; dose reported as a multiple of MIC; the MIC in ug/mL is not in the workbook, so this dose cannot be converted to ug/mL"
kaur2024_apramycin,M. tuberculosis,biofilm,,linezolid,64.0,xMIC,64.0,kaur_bio2_linezolid_64xMIC_r2,7.509740015570382,,7.1312977965976225,False,,"experiment 'Biofilm 2', a separate biofilm run from 'Biofilm 1' (different Early control); biofilm, single-endpoint assay: the workbook gives NO sampling time, so time_days is NaN rather than guessed; n0_log10 is the replicate-index-matched untreated Early control (correspondence assumed by column index, not stated); no limit of quantification stated anywhere in the deposit; limit_log10 left NaN, not guessed; dose reported as a multiple of MIC; the MIC in ug/mL is not in the workbook, so this dose cannot be converted to ug/mL"
kaur2024_apramycin,M. tuberculosis,biofilm,,linezolid,64.0,xMIC,64.0,kaur_bio2_linezolid_64xMIC_r3,7.551937695364837,,7.171726453653231,False,,"experiment 'Biofilm 2', a separate biofilm run from 'Biofilm 1' (different Early control); biofilm, single-endpoint assay: the workbook gives NO sampling time, so time_days is NaN rather than guessed; n0_log10 is the replicate-index-matched untreated Early control (correspondence assumed by column index, not stated); no limit of quantification stated anywhere in the deposit; limit_log10 left NaN, not guessed; dose reported as a multiple of MIC; the MIC in ug/mL is not in the workbook, so this dose cannot be converted to ug/mL"
kaur2024_apramycin,M. tuberculosis,biofilm,,linezolid,16.0,xMIC,16.0,kaur_bio2_linezolid_16xMIC_r1,7.567731962548069,,7.664641975556125,False,,"experiment 'Biofilm 2', a separate biofilm run from 'Biofilm 1' (different Early control); biofilm, single-endpoint assay: the workbook gives NO sampling time, so time_days is NaN rather than guessed; n0_log10 is the replicate-index-matched untreated Early control (correspondence assumed by column index, not stated); no limit of quantification stated anywhere in the deposit; limit_log10 left NaN, not guessed; dose reported as a multiple of MIC; the MIC in ug/mL is not in the workbook, so this dose cannot be converted to ug/mL"
kaur2024_apramycin,M. tuberculosis,biofilm,,linezolid,16.0,xMIC,16.0,kaur_bio2_linezolid_16xMIC_r2,7.509740015570382,,7.7737864449811935,False,,"experiment 'Biofilm 2', a separate biofilm run from 'Biofilm 1' (different Early control); biofilm, single-endpoint assay: the workbook gives NO sampling time, so time_days is NaN rather than guessed; n0_log10 is the replicate-index-matched untreated Early control (correspondence assumed by column index, not stated); no limit of quantification stated anywhere in the deposit; limit_log10 left NaN, not guessed; dose reported as a multiple of MIC; the MIC in ug/mL is not in the workbook, so this dose cannot be converted to ug/mL"
kaur2024_apramycin,M. tuberculosis,biofilm,,linezolid,16.0,xMIC,16.0,kaur_bio2_linezolid_16xMIC_r3,7.551937695364837,,7.840733234611807,False,,"experiment 'Biofilm 2', a separate biofilm run from 'Biofilm 1' (different Early control); biofilm, single-endpoint assay: the workbook gives NO sampling time, so time_days is NaN rather than guessed; n0_log10 is the replicate-index-matched untreated Early control (correspondence assumed by column index, not stated); no limit of quantification stated anywhere in the deposit; limit_log10 left NaN, not guessed; dose reported as a multiple of MIC; the MIC in ug/mL is not in the workbook, so this dose cannot be converted to ug/mL"
kaur2024_apramycin,M. tuberculosis,biofilm,,linezolid,4.0,xMIC,4.0,kaur_bio2_linezolid_4xMIC_r1,7.567731962548069,,7.9164539485499255,False,,"experiment 'Biofilm 2', a separate biofilm run from 'Biofilm 1' (different Early control); biofilm, single-endpoint assay: the workbook gives NO sampling time, so time_days is NaN rather than guessed; n0_log10 is the replicate-index-matched untreated Early control (correspondence assumed by column index, not stated); no limit of quantification stated anywhere in the deposit; limit_log10 left NaN, not guessed; dose reported as a multiple of MIC; the MIC in ug/mL is not in the workbook, so this dose cannot be converted to ug/mL"
kaur2024_apramycin,M. tuberculosis,biofilm,,linezolid,4.0,xMIC,4.0,kaur_bio2_linezolid_4xMIC_r2,7.509740015570382,,7.840733234611807,False,,"experiment 'Biofilm 2', a separate biofilm run from 'Biofilm 1' (different Early control); biofilm, single-endpoint assay: the workbook gives NO sampling time, so time_days is NaN rather than guessed; n0_log10 is the replicate-index-matched untreated Early control (correspondence assumed by column index, not stated); no limit of quantification stated anywhere in the deposit; limit_log10 left NaN, not guessed; dose reported as a multiple of MIC; the MIC in ug/mL is not in the workbook, so this dose cannot be converted to ug/mL"
kaur2024_apramycin,M. tuberculosis,biofilm,,linezolid,4.0,xMIC,4.0,kaur_bio2_linezolid_4xMIC_r3,7.551937695364837,,7.949877704036875,False,,"experiment 'Biofilm 2', a separate biofilm run from 'Biofilm 1' (different Early control); biofilm, single-endpoint assay: the workbook gives NO sampling time, so time_days is NaN rather than guessed; n0_log10 is the replicate-index-matched untreated Early control (correspondence assumed by column index, not stated); no limit of quantification stated anywhere in the deposit; limit_log10 left NaN, not guessed; dose reported as a multiple of MIC; the MIC in ug/mL is not in the workbook, so this dose cannot be converted to ug/mL"
kaur2024_apramycin,M. tuberculosis,biofilm,,linezolid,1.0,xMIC,1.0,kaur_bio2_linezolid_1xMIC_r1,7.567731962548069,,8.023663918197794,False,,"experiment 'Biofilm 2', a separate biofilm run from 'Biofilm 1' (different Early control); biofilm, single-endpoint assay: the workbook gives NO sampling time, so time_days is NaN rather than guessed; n0_log10 is the replicate-index-matched untreated Early control (correspondence assumed by column index, not stated); no limit of quantification stated anywhere in the deposit; limit_log10 left NaN, not guessed; dose reported as a multiple of MIC; the MIC in ug/mL is not in the workbook, so this dose cannot be converted to ug/mL"
kaur2024_apramycin,M. tuberculosis,biofilm,,linezolid,1.0,xMIC,1.0,kaur_bio2_linezolid_1xMIC_r2,7.509740015570382,,8.062581984228164,False,,"experiment 'Biofilm 2', a separate biofilm run from 'Biofilm 1' (different Early control); biofilm, single-endpoint assay: the workbook gives NO sampling time, so time_days is NaN rather than guessed; n0_log10 is the replicate-index-matched untreated Early control (correspondence assumed by column index, not stated); no limit of quantification stated anywhere in the deposit; limit_log10 left NaN, not guessed; dose reported as a multiple of MIC; the MIC in ug/mL is not in the workbook, so this dose cannot be converted to ug/mL"
kaur2024_apramycin,M. tuberculosis,biofilm,,linezolid,1.0,xMIC,1.0,kaur_bio2_linezolid_1xMIC_r3,7.551937695364837,,8.131297796597623,False,,"experiment 'Biofilm 2', a separate biofilm run from 'Biofilm 1' (different Early control); biofilm, single-endpoint assay: the workbook gives NO sampling time, so time_days is NaN rather than guessed; n0_log10 is the replicate-index-matched untreated Early control (correspondence assumed by column index, not stated); no limit of quantification stated anywhere in the deposit; limit_log10 left NaN, not guessed; dose reported as a multiple of MIC; the MIC in ug/mL is not in the workbook, so this dose cannot be converted to ug/mL"
kaur2024_apramycin,M. tuberculosis,biofilm,,moxifloxacin,64.0,xMIC,64.0,kaur_bio2_moxifloxacin_64xMIC_r1,7.567731962548069,,6.898725181589493,False,,"experiment 'Biofilm 2', a separate biofilm run from 'Biofilm 1' (different Early control); biofilm, single-endpoint assay: the workbook gives NO sampling time, so time_days is NaN rather than guessed; n0_log10 is the replicate-index-matched untreated Early control (correspondence assumed by column index, not stated); no limit of quantification stated anywhere in the deposit; limit_log10 left NaN, not guessed; dose reported as a multiple of MIC; the MIC in ug/mL is not in the workbook, so this dose cannot be converted to ug/mL"
kaur2024_apramycin,M. tuberculosis,biofilm,,moxifloxacin,64.0,xMIC,64.0,kaur_bio2_moxifloxacin_64xMIC_r2,7.509740015570382,,6.860936620700094,False,,"experiment 'Biofilm 2', a separate biofilm run from 'Biofilm 1' (different Early control); biofilm, single-endpoint assay: the workbook gives NO sampling time, so time_days is NaN rather than guessed; n0_log10 is the replicate-index-matched untreated Early control (correspondence assumed by column index, not stated); no limit of quantification stated anywhere in the deposit; limit_log10 left NaN, not guessed; dose reported as a multiple of MIC; the MIC in ug/mL is not in the workbook, so this dose cannot be converted to ug/mL"
kaur2024_apramycin,M. tuberculosis,biofilm,,moxifloxacin,64.0,xMIC,64.0,kaur_bio2_moxifloxacin_64xMIC_r3,7.551937695364837,,6.949877704036875,False,,"experiment 'Biofilm 2', a separate biofilm run from 'Biofilm 1' (different Early control); biofilm, single-endpoint assay: the workbook gives NO sampling time, so time_days is NaN rather than guessed; n0_log10 is the replicate-index-matched untreated Early control (correspondence assumed by column index, not stated); no limit of quantification stated anywhere in the deposit; limit_log10 left NaN, not guessed; dose reported as a multiple of MIC; the MIC in ug/mL is not in the workbook, so this dose cannot be converted to ug/mL"
kaur2024_apramycin,M. tuberculosis,biofilm,,moxifloxacin,16.0,xMIC,16.0,kaur_bio2_moxifloxacin_16xMIC_r1,7.567731962548069,,7.472756449317212,False,,"experiment 'Biofilm 2', a separate biofilm run from 'Biofilm 1' (different Early control); biofilm, single-endpoint assay: the workbook gives NO sampling time, so time_days is NaN rather than guessed; n0_log10 is the replicate-index-matched untreated Early control (correspondence assumed by column index, not stated); no limit of quantification stated anywhere in the deposit; limit_log10 left NaN, not guessed; dose reported as a multiple of MIC; the MIC in ug/mL is not in the workbook, so this dose cannot be converted to ug/mL"
kaur2024_apramycin,M. tuberculosis,biofilm,,moxifloxacin,16.0,xMIC,16.0,kaur_bio2_moxifloxacin_16xMIC_r2,7.509740015570382,,7.54,False,,"experiment 'Biofilm 2', a separate biofilm run from 'Biofilm 1' (different Early control); biofilm, single-endpoint assay: the workbook gives NO sampling time, so time_days is NaN rather than guessed; n0_log10 is the replicate-index-matched untreated Early control (correspondence assumed by column index, not stated); no limit of quantification stated anywhere in the deposit; limit_log10 left NaN, not guessed; dose reported as a multiple of MIC; the MIC in ug/mL is not in the workbook, so this dose cannot be converted to ug/mL; cell is a 2-dp rounded entry, not a computed log10"
kaur2024_apramycin,M. tuberculosis,biofilm,,moxifloxacin,16.0,xMIC,16.0,kaur_bio2_moxifloxacin_16xMIC_r3,7.551937695364837,,7.68,False,,"experiment 'Biofilm 2', a separate biofilm run from 'Biofilm 1' (different Early control); biofilm, single-endpoint assay: the workbook gives NO sampling time, so time_days is NaN rather than guessed; n0_log10 is the replicate-index-matched untreated Early control (correspondence assumed by column index, not stated); no limit of quantification stated anywhere in the deposit; limit_log10 left NaN, not guessed; dose reported as a multiple of MIC; the MIC in ug/mL is not in the workbook, so this dose cannot be converted to ug/mL; cell is a 2-dp rounded entry, not a computed log10"
kaur2024_apramycin,M. tuberculosis,biofilm,,moxifloxacin,4.0,xMIC,4.0,kaur_bio2_moxifloxacin_4xMIC_r1,7.567731962548069,,7.840733234611807,False,,"experiment 'Biofilm 2', a separate biofilm run from 'Biofilm 1' (different Early control); biofilm, single-endpoint assay: the workbook gives NO sampling time, so time_days is NaN rather than guessed; n0_log10 is the replicate-index-matched untreated Early control (correspondence assumed by column index, not stated); no limit of quantification stated anywhere in the deposit; limit_log10 left NaN, not guessed; dose reported as a multiple of MIC; the MIC in ug/mL is not in the workbook, so this dose cannot be converted to ug/mL"
kaur2024_apramycin,M. tuberculosis,biofilm,,moxifloxacin,4.0,xMIC,4.0,kaur_bio2_moxifloxacin_4xMIC_r2,7.509740015570382,,7.7737864449811935,False,,"experiment 'Biofilm 2', a separate biofilm run from 'Biofilm 1' (different Early control); biofilm, single-endpoint assay: the workbook gives NO sampling time, so time_days is NaN rather than guessed; n0_log10 is the replicate-index-matched untreated Early control (correspondence assumed by column index, not stated); no limit of quantification stated anywhere in the deposit; limit_log10 left NaN, not guessed; dose reported as a multiple of MIC; the MIC in ug/mL is not in the workbook, so this dose cannot be converted to ug/mL"
kaur2024_apramycin,M. tuberculosis,biofilm,,moxifloxacin,4.0,xMIC,4.0,kaur_bio2_moxifloxacin_4xMIC_r3,7.551937695364837,,7.898725181589493,False,,"experiment 'Biofilm 2', a separate biofilm run from 'Biofilm 1' (different Early control); biofilm, single-endpoint assay: the workbook gives NO sampling time, so time_days is NaN rather than guessed; n0_log10 is the replicate-index-matched untreated Early control (correspondence assumed by column index, not stated); no limit of quantification stated anywhere in the deposit; limit_log10 left NaN, not guessed; dose reported as a multiple of MIC; the MIC in ug/mL is not in the workbook, so this dose cannot be converted to ug/mL"
kaur2024_apramycin,M. tuberculosis,biofilm,,moxifloxacin,1.0,xMIC,1.0,kaur_bio2_moxifloxacin_1xMIC_r1,7.567731962548069,,8.00987563371216,False,,"experiment 'Biofilm 2', a separate biofilm run from 'Biofilm 1' (different Early control); biofilm, single-endpoint assay: the workbook gives NO sampling time, so time_days is NaN rather than guessed; n0_log10 is the replicate-index-matched untreated Early control (correspondence assumed by column index, not stated); no limit of quantification stated anywhere in the deposit; limit_log10 left NaN, not guessed; dose reported as a multiple of MIC; the MIC in ug/mL is not in the workbook, so this dose cannot be converted to ug/mL"
kaur2024_apramycin,M. tuberculosis,biofilm,,moxifloxacin,1.0,xMIC,1.0,kaur_bio2_moxifloxacin_1xMIC_r2,7.509740015570382,,7.9164539485499255,False,,"experiment 'Biofilm 2', a separate biofilm run from 'Biofilm 1' (different Early control); biofilm, single-endpoint assay: the workbook gives NO sampling time, so time_days is NaN rather than guessed; n0_log10 is the replicate-index-matched untreated Early control (correspondence assumed by column index, not stated); no limit of quantification stated anywhere in the deposit; limit_log10 left NaN, not guessed; dose reported as a multiple of MIC; the MIC in ug/mL is not in the workbook, so this dose cannot be converted to ug/mL"
kaur2024_apramycin,M. tuberculosis,biofilm,,moxifloxacin,1.0,xMIC,1.0,kaur_bio2_moxifloxacin_1xMIC_r3,7.551937695364837,,7.9656719712201065,False,,"experiment 'Biofilm 2', a separate biofilm run from 'Biofilm 1' (different Early control); biofilm, single-endpoint assay: the workbook gives NO sampling time, so time_days is NaN rather than guessed; n0_log10 is the replicate-index-matched untreated Early control (correspondence assumed by column index, not stated); no limit of quantification stated anywhere in the deposit; limit_log10 left NaN, not guessed; dose reported as a multiple of MIC; the MIC in ug/mL is not in the workbook, so this dose cannot be converted to ug/mL"
kaur2024_apramycin,M. tuberculosis,biofilm,,none,,,,kaur_bio2_none_control_early_r1,7.567731962548069,,7.567731962548069,False,,"experiment 'Biofilm 2', a separate biofilm run from 'Biofilm 1' (different Early control); biofilm, single-endpoint assay: the workbook gives NO sampling time, so time_days is NaN rather than guessed; n0_log10 is the replicate-index-matched untreated Early control (correspondence assumed by column index, not stated); no limit of quantification stated anywhere in the deposit; limit_log10 left NaN, not guessed; untreated early control; this is the pre-treatment baseline the depositors' log10-drop column is anchored on (verified arithmetically)"
kaur2024_apramycin,M. tuberculosis,biofilm,,none,,,,kaur_bio2_none_control_early_r2,7.509740015570382,,7.509740015570382,False,,"experiment 'Biofilm 2', a separate biofilm run from 'Biofilm 1' (different Early control); biofilm, single-endpoint assay: the workbook gives NO sampling time, so time_days is NaN rather than guessed; n0_log10 is the replicate-index-matched untreated Early control (correspondence assumed by column index, not stated); no limit of quantification stated anywhere in the deposit; limit_log10 left NaN, not guessed; untreated early control; this is the pre-treatment baseline the depositors' log10-drop column is anchored on (verified arithmetically)"
kaur2024_apramycin,M. tuberculosis,biofilm,,none,,,,kaur_bio2_none_control_early_r3,7.551937695364837,,7.551937695364837,False,,"experiment 'Biofilm 2', a separate biofilm run from 'Biofilm 1' (different Early control); biofilm, single-endpoint assay: the workbook gives NO sampling time, so time_days is NaN rather than guessed; n0_log10 is the replicate-index-matched untreated Early control (correspondence assumed by column index, not stated); no limit of quantification stated anywhere in the deposit; limit_log10 left NaN, not guessed; untreated early control; this is the pre-treatment baseline the depositors' log10-drop column is anchored on (verified arithmetically)"
kaur2024_apramycin,M. tuberculosis,biofilm,,none,,,,kaur_bio2_none_control_late_r1,7.567731962548069,,8.181271771559462,False,,"experiment 'Biofilm 2', a separate biofilm run from 'Biofilm 1' (different Early control); biofilm, single-endpoint assay: the workbook gives NO sampling time, so time_days is NaN rather than guessed; n0_log10 is the replicate-index-matched untreated Early control (correspondence assumed by column index, not stated); no limit of quantification stated anywhere in the deposit; limit_log10 left NaN, not guessed; untreated late control; untreated end-of-experiment control"
kaur2024_apramycin,M. tuberculosis,biofilm,,none,,,,kaur_bio2_none_control_late_r2,7.509740015570382,,8.151982395457473,False,,"experiment 'Biofilm 2', a separate biofilm run from 'Biofilm 1' (different Early control); biofilm, single-endpoint assay: the workbook gives NO sampling time, so time_days is NaN rather than guessed; n0_log10 is the replicate-index-matched untreated Early control (correspondence assumed by column index, not stated); no limit of quantification stated anywhere in the deposit; limit_log10 left NaN, not guessed; untreated late control; untreated end-of-experiment control"
kaur2024_apramycin,M. tuberculosis,biofilm,,none,,,,kaur_bio2_none_control_late_r3,7.551937695364837,,8.226084115975825,False,,"experiment 'Biofilm 2', a separate biofilm run from 'Biofilm 1' (different Early control); biofilm, single-endpoint assay: the workbook gives NO sampling time, so time_days is NaN rather than guessed; n0_log10 is the replicate-index-matched untreated Early control (correspondence assumed by column index, not stated); no limit of quantification stated anywhere in the deposit; limit_log10 left NaN, not guessed; untreated late control; untreated end-of-experiment control"
