dataset,organism,state,state_numeric,drug,dose_value,dose_unit,dose_xmic,unit_group,n0_log10,time_days,y_log10,censored,limit_log10,notes
era4tb,M. tuberculosis,standard,,isoniazid,10.0,xMIC,10.0,era4tb_A_INH10x_r1,2.11394335230684,1.0,2.11394335230684,False,1.0,plated_volume_uL=100; plating_condition=0; n0_source_days=1
era4tb,M. tuberculosis,standard,,isoniazid,10.0,xMIC,10.0,era4tb_A_INH10x_r1,2.11394335230684,1.0,2.0,False,2.0,plated_volume_uL=10; plating_condition=1; n0_source_days=1
era4tb,M. tuberculosis,standard,,isoniazid,10.0,xMIC,10.0,era4tb_A_INH10x_r1,2.11394335230684,1.0,2.30102999566398,False,2.0,plated_volume_uL=10; plating_condition=2; n0_source_days=1
era4tb,M. tuberculosis,standard,,isoniazid,10.0,xMIC,10.0,era4tb_A_INH10x_r1,2.11394335230684,1.0,2.90308998699194,False,2.6020599913279625,plated_volume_uL=2.5; plating_condition=3; n0_source_days=1
era4tb,M. tuberculosis,standard,,isoniazid,10.0,xMIC,10.0,era4tb_A_INH10x_r1,2.11394335230684,2.0,1.90308998699194,False,1.0,plated_volume_uL=100; plating_condition=0; n0_source_days=1
era4tb,M. tuberculosis,standard,,isoniazid,10.0,xMIC,10.0,era4tb_A_INH10x_r1,2.11394335230684,2.0,,True,2.0,plated_volume_uL=10; plating_condition=1; below_limit_of_quantification; n0_source_days=1; bql_contradicted_by_another_plating_of_same_sample_by_0.6_log10
era4tb,M. tuberculosis,standard,,isoniazid,10.0,xMIC,10.0,era4tb_A_INH10x_r1,2.11394335230684,2.0,2.60205999132796,False,2.0,plated_volume_uL=10; plating_condition=2; n0_source_days=1
era4tb,M. tuberculosis,standard,,isoniazid,10.0,xMIC,10.0,era4tb_A_INH10x_r1,2.11394335230684,2.0,,True,2.6020599913279625,plated_volume_uL=2.5; plating_condition=3; below_limit_of_quantification; n0_source_days=1
era4tb,M. tuberculosis,standard,,isoniazid,10.0,xMIC,10.0,era4tb_A_INH10x_r1,2.11394335230684,3.0,1.0,False,1.0,plated_volume_uL=100; plating_condition=0; n0_source_days=1
era4tb,M. tuberculosis,standard,,isoniazid,10.0,xMIC,10.0,era4tb_A_INH10x_r1,2.11394335230684,3.0,,True,2.0,plated_volume_uL=10; plating_condition=1; below_limit_of_quantification; n0_source_days=1; bql_contradicted_by_another_plating_of_same_sample_by_1.08_log10
era4tb,M. tuberculosis,standard,,isoniazid,10.0,xMIC,10.0,era4tb_A_INH10x_r1,2.11394335230684,3.0,,True,2.0,plated_volume_uL=10; plating_condition=2; below_limit_of_quantification; n0_source_days=1; bql_contradicted_by_another_plating_of_same_sample_by_1.08_log10
era4tb,M. tuberculosis,standard,,isoniazid,10.0,xMIC,10.0,era4tb_A_INH10x_r1,2.11394335230684,3.0,3.07918124604762,False,2.6020599913279625,plated_volume_uL=2.5; plating_condition=3; n0_source_days=1
era4tb,M. tuberculosis,standard,,isoniazid,10.0,xMIC,10.0,era4tb_A_INH10x_r1,2.11394335230684,7.0,,True,1.0,plated_volume_uL=100; plating_condition=0; below_limit_of_quantification; n0_source_days=1; bql_contradicted_by_another_plating_of_same_sample_by_1.0_log10
era4tb,M. tuberculosis,standard,,isoniazid,10.0,xMIC,10.0,era4tb_A_INH10x_r1,2.11394335230684,7.0,,True,2.0,plated_volume_uL=10; plating_condition=1; below_limit_of_quantification; n0_source_days=1
era4tb,M. tuberculosis,standard,,isoniazid,10.0,xMIC,10.0,era4tb_A_INH10x_r1,2.11394335230684,7.0,2.0,False,2.0,plated_volume_uL=10; plating_condition=2; n0_source_days=1
era4tb,M. tuberculosis,standard,,isoniazid,10.0,xMIC,10.0,era4tb_A_INH10x_r1,2.11394335230684,7.0,,True,2.6020599913279625,plated_volume_uL=2.5; plating_condition=3; below_limit_of_quantification; n0_source_days=1
era4tb,M. tuberculosis,standard,,isoniazid,10.0,xMIC,10.0,era4tb_A_INH10x_r1,2.11394335230684,10.0,,True,1.0,plated_volume_uL=100; plating_condition=0; below_limit_of_quantification; n0_source_days=1
era4tb,M. tuberculosis,standard,,isoniazid,10.0,xMIC,10.0,era4tb_A_INH10x_r1,2.11394335230684,10.0,,True,2.0,plated_volume_uL=10; plating_condition=1; below_limit_of_quantification; n0_source_days=1
era4tb,M. tuberculosis,standard,,isoniazid,10.0,xMIC,10.0,era4tb_A_INH10x_r1,2.11394335230684,10.0,,True,2.0,plated_volume_uL=10; plating_condition=2; below_limit_of_quantification; n0_source_days=1
era4tb,M. tuberculosis,standard,,isoniazid,10.0,xMIC,10.0,era4tb_A_INH10x_r1,2.11394335230684,10.0,,True,2.6020599913279625,plated_volume_uL=2.5; plating_condition=3; below_limit_of_quantification; n0_source_days=1
era4tb,M. tuberculosis,standard,,isoniazid,10.0,xMIC,10.0,era4tb_A_INH10x_r1,2.11394335230684,14.0,,True,1.0,plated_volume_uL=100; plating_condition=0; below_limit_of_quantification; n0_source_days=1
era4tb,M. tuberculosis,standard,,isoniazid,10.0,xMIC,10.0,era4tb_A_INH10x_r1,2.11394335230684,14.0,,True,2.0,plated_volume_uL=10; plating_condition=1; below_limit_of_quantification; n0_source_days=1
era4tb,M. tuberculosis,standard,,isoniazid,10.0,xMIC,10.0,era4tb_A_INH10x_r1,2.11394335230684,14.0,,True,2.0,plated_volume_uL=10; plating_condition=2; below_limit_of_quantification; n0_source_days=1
era4tb,M. tuberculosis,standard,,isoniazid,10.0,xMIC,10.0,era4tb_A_INH10x_r1,2.11394335230684,14.0,,True,2.6020599913279625,plated_volume_uL=2.5; plating_condition=3; below_limit_of_quantification; n0_source_days=1
era4tb,M. tuberculosis,standard,,isoniazid,10.0,xMIC,10.0,era4tb_A_INH10x_r1,2.11394335230684,21.0,,True,1.0,plated_volume_uL=100; plating_condition=0; below_limit_of_quantification; n0_source_days=1
era4tb,M. tuberculosis,standard,,isoniazid,10.0,xMIC,10.0,era4tb_A_INH10x_r1,2.11394335230684,21.0,,True,2.0,plated_volume_uL=10; plating_condition=1; below_limit_of_quantification; n0_source_days=1
era4tb,M. tuberculosis,standard,,isoniazid,10.0,xMIC,10.0,era4tb_A_INH10x_r1,2.11394335230684,21.0,,True,2.0,plated_volume_uL=10; plating_condition=2; below_limit_of_quantification; n0_source_days=1
era4tb,M. tuberculosis,standard,,isoniazid,10.0,xMIC,10.0,era4tb_A_INH10x_r1,2.11394335230684,21.0,,True,2.6020599913279625,plated_volume_uL=2.5; plating_condition=3; below_limit_of_quantification; n0_source_days=1
era4tb,M. tuberculosis,standard,,isoniazid,10.0,xMIC,10.0,era4tb_A_INH10x_r2,2.38021124171161,1.0,2.38021124171161,False,1.0,plated_volume_uL=100; plating_condition=0; n0_source_days=1
era4tb,M. tuberculosis,standard,,isoniazid,10.0,xMIC,10.0,era4tb_A_INH10x_r2,2.38021124171161,1.0,2.0,False,2.0,plated_volume_uL=10; plating_condition=1; n0_source_days=1
era4tb,M. tuberculosis,standard,,isoniazid,10.0,xMIC,10.0,era4tb_A_INH10x_r2,2.38021124171161,1.0,,True,2.0,plated_volume_uL=10; plating_condition=2; below_limit_of_quantification; n0_source_days=1; bql_contradicted_by_another_plating_of_same_sample_by_1.3_log10
era4tb,M. tuberculosis,standard,,isoniazid,10.0,xMIC,10.0,era4tb_A_INH10x_r2,2.38021124171161,1.0,3.30102999566398,False,2.6020599913279625,plated_volume_uL=2.5; plating_condition=3; n0_source_days=1
era4tb,M. tuberculosis,standard,,isoniazid,10.0,xMIC,10.0,era4tb_A_INH10x_r2,2.38021124171161,2.0,1.60205999132796,False,1.0,plated_volume_uL=100; plating_condition=0; n0_source_days=1
era4tb,M. tuberculosis,standard,,isoniazid,10.0,xMIC,10.0,era4tb_A_INH10x_r2,2.38021124171161,2.0,,True,2.0,plated_volume_uL=10; plating_condition=1; below_limit_of_quantification; n0_source_days=1
era4tb,M. tuberculosis,standard,,isoniazid,10.0,xMIC,10.0,era4tb_A_INH10x_r2,2.38021124171161,2.0,,True,2.0,plated_volume_uL=10; plating_condition=2; below_limit_of_quantification; n0_source_days=1
era4tb,M. tuberculosis,standard,,isoniazid,10.0,xMIC,10.0,era4tb_A_INH10x_r2,2.38021124171161,2.0,,True,2.6020599913279625,plated_volume_uL=2.5; plating_condition=3; below_limit_of_quantification; n0_source_days=1
era4tb,M. tuberculosis,standard,,isoniazid,10.0,xMIC,10.0,era4tb_A_INH10x_r2,2.38021124171161,3.0,1.30102999566398,False,1.0,plated_volume_uL=100; plating_condition=0; n0_source_days=1
era4tb,M. tuberculosis,standard,,isoniazid,10.0,xMIC,10.0,era4tb_A_INH10x_r2,2.38021124171161,3.0,,True,2.0,plated_volume_uL=10; plating_condition=1; below_limit_of_quantification; n0_source_days=1; bql_contradicted_by_another_plating_of_same_sample_by_0.9_log10
era4tb,M. tuberculosis,standard,,isoniazid,10.0,xMIC,10.0,era4tb_A_INH10x_r2,2.38021124171161,3.0,,True,2.0,plated_volume_uL=10; plating_condition=2; below_limit_of_quantification; n0_source_days=1; bql_contradicted_by_another_plating_of_same_sample_by_0.9_log10
era4tb,M. tuberculosis,standard,,isoniazid,10.0,xMIC,10.0,era4tb_A_INH10x_r2,2.38021124171161,3.0,2.90308998699194,False,2.6020599913279625,plated_volume_uL=2.5; plating_condition=3; n0_source_days=1
era4tb,M. tuberculosis,standard,,isoniazid,10.0,xMIC,10.0,era4tb_A_INH10x_r2,2.38021124171161,7.0,1.0,False,1.0,plated_volume_uL=100; plating_condition=0; n0_source_days=1
era4tb,M. tuberculosis,standard,,isoniazid,10.0,xMIC,10.0,era4tb_A_INH10x_r2,2.38021124171161,7.0,,True,2.0,plated_volume_uL=10; plating_condition=1; below_limit_of_quantification; n0_source_days=1
era4tb,M. tuberculosis,standard,,isoniazid,10.0,xMIC,10.0,era4tb_A_INH10x_r2,2.38021124171161,7.0,,True,2.0,plated_volume_uL=10; plating_condition=2; below_limit_of_quantification; n0_source_days=1
era4tb,M. tuberculosis,standard,,isoniazid,10.0,xMIC,10.0,era4tb_A_INH10x_r2,2.38021124171161,7.0,,True,2.6020599913279625,plated_volume_uL=2.5; plating_condition=3; below_limit_of_quantification; n0_source_days=1
era4tb,M. tuberculosis,standard,,isoniazid,10.0,xMIC,10.0,era4tb_A_INH10x_r2,2.38021124171161,10.0,,True,1.0,plated_volume_uL=100; plating_condition=0; below_limit_of_quantification; n0_source_days=1
era4tb,M. tuberculosis,standard,,isoniazid,10.0,xMIC,10.0,era4tb_A_INH10x_r2,2.38021124171161,10.0,,True,2.0,plated_volume_uL=10; plating_condition=1; below_limit_of_quantification; n0_source_days=1
era4tb,M. tuberculosis,standard,,isoniazid,10.0,xMIC,10.0,era4tb_A_INH10x_r2,2.38021124171161,10.0,,True,2.0,plated_volume_uL=10; plating_condition=2; below_limit_of_quantification; n0_source_days=1
era4tb,M. tuberculosis,standard,,isoniazid,10.0,xMIC,10.0,era4tb_A_INH10x_r2,2.38021124171161,10.0,,True,2.6020599913279625,plated_volume_uL=2.5; plating_condition=3; below_limit_of_quantification; n0_source_days=1
era4tb,M. tuberculosis,standard,,isoniazid,10.0,xMIC,10.0,era4tb_A_INH10x_r2,2.38021124171161,14.0,,True,1.0,plated_volume_uL=100; plating_condition=0; below_limit_of_quantification; n0_source_days=1
era4tb,M. tuberculosis,standard,,isoniazid,10.0,xMIC,10.0,era4tb_A_INH10x_r2,2.38021124171161,14.0,,True,2.0,plated_volume_uL=10; plating_condition=1; below_limit_of_quantification; n0_source_days=1
era4tb,M. tuberculosis,standard,,isoniazid,10.0,xMIC,10.0,era4tb_A_INH10x_r2,2.38021124171161,14.0,,True,2.0,plated_volume_uL=10; plating_condition=2; below_limit_of_quantification; n0_source_days=1
era4tb,M. tuberculosis,standard,,isoniazid,10.0,xMIC,10.0,era4tb_A_INH10x_r2,2.38021124171161,14.0,,True,2.6020599913279625,plated_volume_uL=2.5; plating_condition=3; below_limit_of_quantification; n0_source_days=1
era4tb,M. tuberculosis,standard,,isoniazid,10.0,xMIC,10.0,era4tb_A_INH10x_r2,2.38021124171161,21.0,,True,1.0,plated_volume_uL=100; plating_condition=0; below_limit_of_quantification; n0_source_days=1
era4tb,M. tuberculosis,standard,,isoniazid,10.0,xMIC,10.0,era4tb_A_INH10x_r2,2.38021124171161,21.0,,True,2.0,plated_volume_uL=10; plating_condition=1; below_limit_of_quantification; n0_source_days=1
era4tb,M. tuberculosis,standard,,isoniazid,10.0,xMIC,10.0,era4tb_A_INH10x_r2,2.38021124171161,21.0,,True,2.0,plated_volume_uL=10; plating_condition=2; below_limit_of_quantification; n0_source_days=1
era4tb,M. tuberculosis,standard,,isoniazid,10.0,xMIC,10.0,era4tb_A_INH10x_r2,2.38021124171161,21.0,,True,2.6020599913279625,plated_volume_uL=2.5; plating_condition=3; below_limit_of_quantification; n0_source_days=1
era4tb,M. tuberculosis,standard,,isoniazid,10.0,xMIC,10.0,era4tb_A_INH10x_r3,2.46239799789896,1.0,2.46239799789896,False,1.0,plated_volume_uL=100; plating_condition=0; n0_source_days=1
era4tb,M. tuberculosis,standard,,isoniazid,10.0,xMIC,10.0,era4tb_A_INH10x_r3,2.46239799789896,1.0,2.0,False,2.0,plated_volume_uL=10; plating_condition=1; n0_source_days=1
era4tb,M. tuberculosis,standard,,isoniazid,10.0,xMIC,10.0,era4tb_A_INH10x_r3,2.46239799789896,1.0,,True,2.0,plated_volume_uL=10; plating_condition=2; below_limit_of_quantification; n0_source_days=1; bql_contradicted_by_another_plating_of_same_sample_by_1.3_log10
era4tb,M. tuberculosis,standard,,isoniazid,10.0,xMIC,10.0,era4tb_A_INH10x_r3,2.46239799789896,1.0,3.30102999566398,False,2.6020599913279625,plated_volume_uL=2.5; plating_condition=3; n0_source_days=1
era4tb,M. tuberculosis,standard,,isoniazid,10.0,xMIC,10.0,era4tb_A_INH10x_r3,2.46239799789896,2.0,1.30102999566398,False,1.0,plated_volume_uL=100; plating_condition=0; n0_source_days=1
era4tb,M. tuberculosis,standard,,isoniazid,10.0,xMIC,10.0,era4tb_A_INH10x_r3,2.46239799789896,2.0,,True,2.0,plated_volume_uL=10; plating_condition=1; below_limit_of_quantification; n0_source_days=1; bql_contradicted_by_another_plating_of_same_sample_by_0.7_log10
era4tb,M. tuberculosis,standard,,isoniazid,10.0,xMIC,10.0,era4tb_A_INH10x_r3,2.46239799789896,2.0,2.69897000433602,False,2.0,plated_volume_uL=10; plating_condition=2; n0_source_days=1
era4tb,M. tuberculosis,standard,,isoniazid,10.0,xMIC,10.0,era4tb_A_INH10x_r3,2.46239799789896,2.0,2.60205999132796,False,2.6020599913279625,plated_volume_uL=2.5; plating_condition=3; n0_source_days=1
era4tb,M. tuberculosis,standard,,isoniazid,10.0,xMIC,10.0,era4tb_A_INH10x_r3,2.46239799789896,3.0,,True,1.0,plated_volume_uL=100; plating_condition=0; below_limit_of_quantification; n0_source_days=1; bql_contradicted_by_another_plating_of_same_sample_by_1.6_log10
era4tb,M. tuberculosis,standard,,isoniazid,10.0,xMIC,10.0,era4tb_A_INH10x_r3,2.46239799789896,3.0,,True,2.0,plated_volume_uL=10; plating_condition=1; below_limit_of_quantification; n0_source_days=1; bql_contradicted_by_another_plating_of_same_sample_by_0.6_log10
era4tb,M. tuberculosis,standard,,isoniazid,10.0,xMIC,10.0,era4tb_A_INH10x_r3,2.46239799789896,3.0,,True,2.0,plated_volume_uL=10; plating_condition=2; below_limit_of_quantification; n0_source_days=1; bql_contradicted_by_another_plating_of_same_sample_by_0.6_log10
era4tb,M. tuberculosis,standard,,isoniazid,10.0,xMIC,10.0,era4tb_A_INH10x_r3,2.46239799789896,3.0,2.60205999132796,False,2.6020599913279625,plated_volume_uL=2.5; plating_condition=3; n0_source_days=1
era4tb,M. tuberculosis,standard,,isoniazid,10.0,xMIC,10.0,era4tb_A_INH10x_r3,2.46239799789896,7.0,,True,1.0,plated_volume_uL=100; plating_condition=0; below_limit_of_quantification; n0_source_days=1
era4tb,M. tuberculosis,standard,,isoniazid,10.0,xMIC,10.0,era4tb_A_INH10x_r3,2.46239799789896,7.0,,True,2.0,plated_volume_uL=10; plating_condition=1; below_limit_of_quantification; n0_source_days=1
era4tb,M. tuberculosis,standard,,isoniazid,10.0,xMIC,10.0,era4tb_A_INH10x_r3,2.46239799789896,7.0,,True,2.0,plated_volume_uL=10; plating_condition=2; below_limit_of_quantification; n0_source_days=1
era4tb,M. tuberculosis,standard,,isoniazid,10.0,xMIC,10.0,era4tb_A_INH10x_r3,2.46239799789896,7.0,,True,2.6020599913279625,plated_volume_uL=2.5; plating_condition=3; below_limit_of_quantification; n0_source_days=1
era4tb,M. tuberculosis,standard,,isoniazid,10.0,xMIC,10.0,era4tb_A_INH10x_r3,2.46239799789896,10.0,,True,1.0,plated_volume_uL=100; plating_condition=0; below_limit_of_quantification; n0_source_days=1
era4tb,M. tuberculosis,standard,,isoniazid,10.0,xMIC,10.0,era4tb_A_INH10x_r3,2.46239799789896,10.0,,True,2.0,plated_volume_uL=10; plating_condition=1; below_limit_of_quantification; n0_source_days=1
era4tb,M. tuberculosis,standard,,isoniazid,10.0,xMIC,10.0,era4tb_A_INH10x_r3,2.46239799789896,10.0,,True,2.0,plated_volume_uL=10; plating_condition=2; below_limit_of_quantification; n0_source_days=1
era4tb,M. tuberculosis,standard,,isoniazid,10.0,xMIC,10.0,era4tb_A_INH10x_r3,2.46239799789896,10.0,,True,2.6020599913279625,plated_volume_uL=2.5; plating_condition=3; below_limit_of_quantification; n0_source_days=1
era4tb,M. tuberculosis,standard,,isoniazid,10.0,xMIC,10.0,era4tb_A_INH10x_r3,2.46239799789896,14.0,,True,1.0,plated_volume_uL=100; plating_condition=0; below_limit_of_quantification; n0_source_days=1
era4tb,M. tuberculosis,standard,,isoniazid,10.0,xMIC,10.0,era4tb_A_INH10x_r3,2.46239799789896,14.0,,True,2.0,plated_volume_uL=10; plating_condition=1; below_limit_of_quantification; n0_source_days=1
era4tb,M. tuberculosis,standard,,isoniazid,10.0,xMIC,10.0,era4tb_A_INH10x_r3,2.46239799789896,14.0,,True,2.0,plated_volume_uL=10; plating_condition=2; below_limit_of_quantification; n0_source_days=1
era4tb,M. tuberculosis,standard,,isoniazid,10.0,xMIC,10.0,era4tb_A_INH10x_r3,2.46239799789896,14.0,,True,2.6020599913279625,plated_volume_uL=2.5; plating_condition=3; below_limit_of_quantification; n0_source_days=1
era4tb,M. tuberculosis,standard,,isoniazid,10.0,xMIC,10.0,era4tb_A_INH10x_r3,2.46239799789896,21.0,,True,1.0,plated_volume_uL=100; plating_condition=0; below_limit_of_quantification; n0_source_days=1
era4tb,M. tuberculosis,standard,,isoniazid,10.0,xMIC,10.0,era4tb_A_INH10x_r3,2.46239799789896,21.0,,True,2.0,plated_volume_uL=10; plating_condition=1; below_limit_of_quantification; n0_source_days=1
era4tb,M. tuberculosis,standard,,isoniazid,10.0,xMIC,10.0,era4tb_A_INH10x_r3,2.46239799789896,21.0,,True,2.0,plated_volume_uL=10; plating_condition=2; below_limit_of_quantification; n0_source_days=1
era4tb,M. tuberculosis,standard,,isoniazid,10.0,xMIC,10.0,era4tb_A_INH10x_r3,2.46239799789896,21.0,,True,2.6020599913279625,plated_volume_uL=2.5; plating_condition=3; below_limit_of_quantification; n0_source_days=1
era4tb,M. tuberculosis,standard,,isoniazid,1.0,xMIC,1.0,era4tb_A_INH1x_r1,2.54406804435028,1.0,2.54406804435028,False,1.0,plated_volume_uL=100; plating_condition=0; n0_source_days=1
era4tb,M. tuberculosis,standard,,isoniazid,1.0,xMIC,1.0,era4tb_A_INH1x_r1,2.54406804435028,1.0,2.0,False,2.0,plated_volume_uL=10; plating_condition=1; n0_source_days=1
era4tb,M. tuberculosis,standard,,isoniazid,1.0,xMIC,1.0,era4tb_A_INH1x_r1,2.54406804435028,1.0,2.95424250943932,False,2.0,plated_volume_uL=10; plating_condition=2; n0_source_days=1
era4tb,M. tuberculosis,standard,,isoniazid,1.0,xMIC,1.0,era4tb_A_INH1x_r1,2.54406804435028,1.0,2.60205999132796,False,2.6020599913279625,plated_volume_uL=2.5; plating_condition=3; n0_source_days=1
era4tb,M. tuberculosis,standard,,isoniazid,1.0,xMIC,1.0,era4tb_A_INH1x_r1,2.54406804435028,2.0,2.17609125905568,False,1.0,plated_volume_uL=100; plating_condition=0; n0_source_days=1
era4tb,M. tuberculosis,standard,,isoniazid,1.0,xMIC,1.0,era4tb_A_INH1x_r1,2.54406804435028,2.0,,True,2.0,plated_volume_uL=10; plating_condition=1; below_limit_of_quantification; n0_source_days=1; bql_contradicted_by_another_plating_of_same_sample_by_0.6_log10
era4tb,M. tuberculosis,standard,,isoniazid,1.0,xMIC,1.0,era4tb_A_INH1x_r1,2.54406804435028,2.0,,True,2.0,plated_volume_uL=10; plating_condition=2; below_limit_of_quantification; n0_source_days=1; bql_contradicted_by_another_plating_of_same_sample_by_0.6_log10
era4tb,M. tuberculosis,standard,,isoniazid,1.0,xMIC,1.0,era4tb_A_INH1x_r1,2.54406804435028,2.0,2.60205999132796,False,2.6020599913279625,plated_volume_uL=2.5; plating_condition=3; n0_source_days=1
era4tb,M. tuberculosis,standard,,isoniazid,1.0,xMIC,1.0,era4tb_A_INH1x_r1,2.54406804435028,3.0,2.04139268515822,False,1.0,plated_volume_uL=100; plating_condition=0; n0_source_days=1
era4tb,M. tuberculosis,standard,,isoniazid,1.0,xMIC,1.0,era4tb_A_INH1x_r1,2.54406804435028,3.0,,True,2.0,plated_volume_uL=10; plating_condition=1; below_limit_of_quantification; n0_source_days=1; bql_contradicted_by_another_plating_of_same_sample_by_0.04_log10
era4tb,M. tuberculosis,standard,,isoniazid,1.0,xMIC,1.0,era4tb_A_INH1x_r1,2.54406804435028,3.0,,True,2.0,plated_volume_uL=10; plating_condition=2; below_limit_of_quantification; n0_source_days=1; bql_contradicted_by_another_plating_of_same_sample_by_0.04_log10
era4tb,M. tuberculosis,standard,,isoniazid,1.0,xMIC,1.0,era4tb_A_INH1x_r1,2.54406804435028,3.0,,True,2.6020599913279625,plated_volume_uL=2.5; plating_condition=3; below_limit_of_quantification; n0_source_days=1
era4tb,M. tuberculosis,standard,,isoniazid,1.0,xMIC,1.0,era4tb_A_INH1x_r1,2.54406804435028,7.0,,True,1.0,plated_volume_uL=100; plating_condition=0; below_limit_of_quantification; n0_source_days=1
era4tb,M. tuberculosis,standard,,isoniazid,1.0,xMIC,1.0,era4tb_A_INH1x_r1,2.54406804435028,7.0,,True,2.0,plated_volume_uL=10; plating_condition=1; below_limit_of_quantification; n0_source_days=1
era4tb,M. tuberculosis,standard,,isoniazid,1.0,xMIC,1.0,era4tb_A_INH1x_r1,2.54406804435028,7.0,,True,2.0,plated_volume_uL=10; plating_condition=2; below_limit_of_quantification; n0_source_days=1
era4tb,M. tuberculosis,standard,,isoniazid,1.0,xMIC,1.0,era4tb_A_INH1x_r1,2.54406804435028,7.0,,True,2.6020599913279625,plated_volume_uL=2.5; plating_condition=3; below_limit_of_quantification; n0_source_days=1
era4tb,M. tuberculosis,standard,,isoniazid,1.0,xMIC,1.0,era4tb_A_INH1x_r1,2.54406804435028,10.0,,False,1.0,plated_volume_uL=100; plating_condition=0; no_value_reported_not_censored; n0_source_days=1
era4tb,M. tuberculosis,standard,,isoniazid,1.0,xMIC,1.0,era4tb_A_INH1x_r1,2.54406804435028,10.0,,False,2.0,plated_volume_uL=10; plating_condition=1; no_value_reported_not_censored; n0_source_days=1
era4tb,M. tuberculosis,standard,,isoniazid,1.0,xMIC,1.0,era4tb_A_INH1x_r1,2.54406804435028,10.0,,False,2.0,plated_volume_uL=10; plating_condition=2; no_value_reported_not_censored; n0_source_days=1
era4tb,M. tuberculosis,standard,,isoniazid,1.0,xMIC,1.0,era4tb_A_INH1x_r1,2.54406804435028,10.0,,False,2.6020599913279625,plated_volume_uL=2.5; plating_condition=3; no_value_reported_not_censored; n0_source_days=1
era4tb,M. tuberculosis,standard,,isoniazid,1.0,xMIC,1.0,era4tb_A_INH1x_r1,2.54406804435028,14.0,2.30102999566398,False,1.0,plated_volume_uL=100; plating_condition=0; n0_source_days=1
era4tb,M. tuberculosis,standard,,isoniazid,1.0,xMIC,1.0,era4tb_A_INH1x_r1,2.54406804435028,14.0,3.47712125471966,False,2.0,plated_volume_uL=10; plating_condition=1; n0_source_days=1
era4tb,M. tuberculosis,standard,,isoniazid,1.0,xMIC,1.0,era4tb_A_INH1x_r1,2.54406804435028,14.0,,True,2.0,plated_volume_uL=10; plating_condition=2; below_limit_of_quantification; n0_source_days=1; bql_contradicted_by_another_plating_of_same_sample_by_1.48_log10
era4tb,M. tuberculosis,standard,,isoniazid,1.0,xMIC,1.0,era4tb_A_INH1x_r1,2.54406804435028,14.0,,True,2.6020599913279625,plated_volume_uL=2.5; plating_condition=3; below_limit_of_quantification; n0_source_days=1; bql_contradicted_by_another_plating_of_same_sample_by_0.88_log10
era4tb,M. tuberculosis,standard,,isoniazid,1.0,xMIC,1.0,era4tb_A_INH1x_r1,2.54406804435028,21.0,4.6232492903979,False,1.0,plated_volume_uL=100; plating_condition=0; n0_source_days=1
era4tb,M. tuberculosis,standard,,isoniazid,1.0,xMIC,1.0,era4tb_A_INH1x_r1,2.54406804435028,21.0,4.36172783601759,False,2.0,plated_volume_uL=10; plating_condition=1; n0_source_days=1
era4tb,M. tuberculosis,standard,,isoniazid,1.0,xMIC,1.0,era4tb_A_INH1x_r1,2.54406804435028,21.0,4.14612803567824,False,2.0,plated_volume_uL=10; plating_condition=2; n0_source_days=1
era4tb,M. tuberculosis,standard,,isoniazid,1.0,xMIC,1.0,era4tb_A_INH1x_r1,2.54406804435028,21.0,4.38021124171161,False,2.6020599913279625,plated_volume_uL=2.5; plating_condition=3; n0_source_days=1
era4tb,M. tuberculosis,standard,,isoniazid,1.0,xMIC,1.0,era4tb_A_INH1x_r2,2.5910646070265,1.0,2.5910646070265,False,1.0,plated_volume_uL=100; plating_condition=0; n0_source_days=1
era4tb,M. tuberculosis,standard,,isoniazid,1.0,xMIC,1.0,era4tb_A_INH1x_r2,2.5910646070265,1.0,2.69897000433602,False,2.0,plated_volume_uL=10; plating_condition=1; n0_source_days=1
era4tb,M. tuberculosis,standard,,isoniazid,1.0,xMIC,1.0,era4tb_A_INH1x_r2,2.5910646070265,1.0,2.47712125471966,False,2.0,plated_volume_uL=10; plating_condition=2; n0_source_days=1
era4tb,M. tuberculosis,standard,,isoniazid,1.0,xMIC,1.0,era4tb_A_INH1x_r2,2.5910646070265,1.0,3.44715803134222,False,2.6020599913279625,plated_volume_uL=2.5; plating_condition=3; n0_source_days=1
era4tb,M. tuberculosis,standard,,isoniazid,1.0,xMIC,1.0,era4tb_A_INH1x_r2,2.5910646070265,2.0,2.27875360095283,False,1.0,plated_volume_uL=100; plating_condition=0; n0_source_days=1
era4tb,M. tuberculosis,standard,,isoniazid,1.0,xMIC,1.0,era4tb_A_INH1x_r2,2.5910646070265,2.0,,True,2.0,plated_volume_uL=10; plating_condition=1; below_limit_of_quantification; n0_source_days=1; bql_contradicted_by_another_plating_of_same_sample_by_0.48_log10
era4tb,M. tuberculosis,standard,,isoniazid,1.0,xMIC,1.0,era4tb_A_INH1x_r2,2.5910646070265,2.0,2.47712125471966,False,2.0,plated_volume_uL=10; plating_condition=2; n0_source_days=1
era4tb,M. tuberculosis,standard,,isoniazid,1.0,xMIC,1.0,era4tb_A_INH1x_r2,2.5910646070265,2.0,,True,2.6020599913279625,plated_volume_uL=2.5; plating_condition=3; below_limit_of_quantification; n0_source_days=1
era4tb,M. tuberculosis,standard,,isoniazid,1.0,xMIC,1.0,era4tb_A_INH1x_r2,2.5910646070265,3.0,1.84509804001426,False,1.0,plated_volume_uL=100; plating_condition=0; n0_source_days=1
era4tb,M. tuberculosis,standard,,isoniazid,1.0,xMIC,1.0,era4tb_A_INH1x_r2,2.5910646070265,3.0,,True,2.0,plated_volume_uL=10; plating_condition=1; below_limit_of_quantification; n0_source_days=1; bql_contradicted_by_another_plating_of_same_sample_by_0.6_log10
era4tb,M. tuberculosis,standard,,isoniazid,1.0,xMIC,1.0,era4tb_A_INH1x_r2,2.5910646070265,3.0,,True,2.0,plated_volume_uL=10; plating_condition=2; below_limit_of_quantification; n0_source_days=1; bql_contradicted_by_another_plating_of_same_sample_by_0.6_log10
era4tb,M. tuberculosis,standard,,isoniazid,1.0,xMIC,1.0,era4tb_A_INH1x_r2,2.5910646070265,3.0,2.60205999132796,False,2.6020599913279625,plated_volume_uL=2.5; plating_condition=3; n0_source_days=1
era4tb,M. tuberculosis,standard,,isoniazid,1.0,xMIC,1.0,era4tb_A_INH1x_r2,2.5910646070265,7.0,,True,1.0,plated_volume_uL=100; plating_condition=0; below_limit_of_quantification; n0_source_days=1
era4tb,M. tuberculosis,standard,,isoniazid,1.0,xMIC,1.0,era4tb_A_INH1x_r2,2.5910646070265,7.0,,True,2.0,plated_volume_uL=10; plating_condition=1; below_limit_of_quantification; n0_source_days=1
era4tb,M. tuberculosis,standard,,isoniazid,1.0,xMIC,1.0,era4tb_A_INH1x_r2,2.5910646070265,7.0,,True,2.0,plated_volume_uL=10; plating_condition=2; below_limit_of_quantification; n0_source_days=1
era4tb,M. tuberculosis,standard,,isoniazid,1.0,xMIC,1.0,era4tb_A_INH1x_r2,2.5910646070265,7.0,,True,2.6020599913279625,plated_volume_uL=2.5; plating_condition=3; below_limit_of_quantification; n0_source_days=1
era4tb,M. tuberculosis,standard,,isoniazid,1.0,xMIC,1.0,era4tb_A_INH1x_r2,2.5910646070265,10.0,1.95424250943932,False,1.0,plated_volume_uL=100; plating_condition=0; n0_source_days=1
era4tb,M. tuberculosis,standard,,isoniazid,1.0,xMIC,1.0,era4tb_A_INH1x_r2,2.5910646070265,10.0,,True,2.0,plated_volume_uL=10; plating_condition=1; below_limit_of_quantification; n0_source_days=1
era4tb,M. tuberculosis,standard,,isoniazid,1.0,xMIC,1.0,era4tb_A_INH1x_r2,2.5910646070265,10.0,2.0,False,2.0,plated_volume_uL=10; plating_condition=2; n0_source_days=1
era4tb,M. tuberculosis,standard,,isoniazid,1.0,xMIC,1.0,era4tb_A_INH1x_r2,2.5910646070265,10.0,,True,2.6020599913279625,plated_volume_uL=2.5; plating_condition=3; below_limit_of_quantification; n0_source_days=1
era4tb,M. tuberculosis,standard,,isoniazid,1.0,xMIC,1.0,era4tb_A_INH1x_r2,2.5910646070265,14.0,2.49136169383427,False,1.0,plated_volume_uL=100; plating_condition=0; n0_source_days=1
era4tb,M. tuberculosis,standard,,isoniazid,1.0,xMIC,1.0,era4tb_A_INH1x_r2,2.5910646070265,14.0,3.0,False,2.0,plated_volume_uL=10; plating_condition=1; n0_source_days=1
era4tb,M. tuberculosis,standard,,isoniazid,1.0,xMIC,1.0,era4tb_A_INH1x_r2,2.5910646070265,14.0,,True,2.0,plated_volume_uL=10; plating_condition=2; below_limit_of_quantification; n0_source_days=1; bql_contradicted_by_another_plating_of_same_sample_by_1.0_log10
era4tb,M. tuberculosis,standard,,isoniazid,1.0,xMIC,1.0,era4tb_A_INH1x_r2,2.5910646070265,14.0,,True,2.6020599913279625,plated_volume_uL=2.5; plating_condition=3; below_limit_of_quantification; n0_source_days=1; bql_contradicted_by_another_plating_of_same_sample_by_0.4_log10
era4tb,M. tuberculosis,standard,,isoniazid,1.0,xMIC,1.0,era4tb_A_INH1x_r2,2.5910646070265,21.0,4.79239168949825,False,1.0,plated_volume_uL=100; plating_condition=0; n0_source_days=1
era4tb,M. tuberculosis,standard,,isoniazid,1.0,xMIC,1.0,era4tb_A_INH1x_r2,2.5910646070265,21.0,4.34242268082221,False,2.0,plated_volume_uL=10; plating_condition=1; n0_source_days=1
era4tb,M. tuberculosis,standard,,isoniazid,1.0,xMIC,1.0,era4tb_A_INH1x_r2,2.5910646070265,21.0,4.25527250510331,False,2.0,plated_volume_uL=10; plating_condition=2; n0_source_days=1
era4tb,M. tuberculosis,standard,,isoniazid,1.0,xMIC,1.0,era4tb_A_INH1x_r2,2.5910646070265,21.0,4.55630250076729,False,2.6020599913279625,plated_volume_uL=2.5; plating_condition=3; n0_source_days=1
era4tb,M. tuberculosis,standard,,isoniazid,1.0,xMIC,1.0,era4tb_A_INH1x_r3,2.44715803134222,1.0,2.44715803134222,False,1.0,plated_volume_uL=100; plating_condition=0; n0_source_days=1
era4tb,M. tuberculosis,standard,,isoniazid,1.0,xMIC,1.0,era4tb_A_INH1x_r3,2.44715803134222,1.0,2.60205999132796,False,2.0,plated_volume_uL=10; plating_condition=1; n0_source_days=1
era4tb,M. tuberculosis,standard,,isoniazid,1.0,xMIC,1.0,era4tb_A_INH1x_r3,2.44715803134222,1.0,2.95424250943932,False,2.0,plated_volume_uL=10; plating_condition=2; n0_source_days=1
era4tb,M. tuberculosis,standard,,isoniazid,1.0,xMIC,1.0,era4tb_A_INH1x_r3,2.44715803134222,1.0,3.38021124171161,False,2.6020599913279625,plated_volume_uL=2.5; plating_condition=3; n0_source_days=1
era4tb,M. tuberculosis,standard,,isoniazid,1.0,xMIC,1.0,era4tb_A_INH1x_r3,2.44715803134222,2.0,2.25527250510331,False,1.0,plated_volume_uL=100; plating_condition=0; n0_source_days=1
era4tb,M. tuberculosis,standard,,isoniazid,1.0,xMIC,1.0,era4tb_A_INH1x_r3,2.44715803134222,2.0,,True,2.0,plated_volume_uL=10; plating_condition=1; below_limit_of_quantification; n0_source_days=1; bql_contradicted_by_another_plating_of_same_sample_by_0.48_log10
era4tb,M. tuberculosis,standard,,isoniazid,1.0,xMIC,1.0,era4tb_A_INH1x_r3,2.44715803134222,2.0,2.47712125471966,False,2.0,plated_volume_uL=10; plating_condition=2; n0_source_days=1
era4tb,M. tuberculosis,standard,,isoniazid,1.0,xMIC,1.0,era4tb_A_INH1x_r3,2.44715803134222,2.0,,True,2.6020599913279625,plated_volume_uL=2.5; plating_condition=3; below_limit_of_quantification; n0_source_days=1
era4tb,M. tuberculosis,standard,,isoniazid,1.0,xMIC,1.0,era4tb_A_INH1x_r3,2.44715803134222,3.0,1.84509804001426,False,1.0,plated_volume_uL=100; plating_condition=0; n0_source_days=1
era4tb,M. tuberculosis,standard,,isoniazid,1.0,xMIC,1.0,era4tb_A_INH1x_r3,2.44715803134222,3.0,,True,2.0,plated_volume_uL=10; plating_condition=1; below_limit_of_quantification; n0_source_days=1
era4tb,M. tuberculosis,standard,,isoniazid,1.0,xMIC,1.0,era4tb_A_INH1x_r3,2.44715803134222,3.0,,True,2.0,plated_volume_uL=10; plating_condition=2; below_limit_of_quantification; n0_source_days=1
era4tb,M. tuberculosis,standard,,isoniazid,1.0,xMIC,1.0,era4tb_A_INH1x_r3,2.44715803134222,3.0,,True,2.6020599913279625,plated_volume_uL=2.5; plating_condition=3; below_limit_of_quantification; n0_source_days=1
era4tb,M. tuberculosis,standard,,isoniazid,1.0,xMIC,1.0,era4tb_A_INH1x_r3,2.44715803134222,7.0,,True,1.0,plated_volume_uL=100; plating_condition=0; below_limit_of_quantification; n0_source_days=1
era4tb,M. tuberculosis,standard,,isoniazid,1.0,xMIC,1.0,era4tb_A_INH1x_r3,2.44715803134222,7.0,,True,2.0,plated_volume_uL=10; plating_condition=1; below_limit_of_quantification; n0_source_days=1
era4tb,M. tuberculosis,standard,,isoniazid,1.0,xMIC,1.0,era4tb_A_INH1x_r3,2.44715803134222,7.0,,True,2.0,plated_volume_uL=10; plating_condition=2; below_limit_of_quantification; n0_source_days=1
era4tb,M. tuberculosis,standard,,isoniazid,1.0,xMIC,1.0,era4tb_A_INH1x_r3,2.44715803134222,7.0,,True,2.6020599913279625,plated_volume_uL=2.5; plating_condition=3; below_limit_of_quantification; n0_source_days=1
era4tb,M. tuberculosis,standard,,isoniazid,1.0,xMIC,1.0,era4tb_A_INH1x_r3,2.44715803134222,10.0,1.95424250943932,False,1.0,plated_volume_uL=100; plating_condition=0; n0_source_days=1
era4tb,M. tuberculosis,standard,,isoniazid,1.0,xMIC,1.0,era4tb_A_INH1x_r3,2.44715803134222,10.0,,True,2.0,plated_volume_uL=10; plating_condition=1; below_limit_of_quantification; n0_source_days=1
era4tb,M. tuberculosis,standard,,isoniazid,1.0,xMIC,1.0,era4tb_A_INH1x_r3,2.44715803134222,10.0,,True,2.0,plated_volume_uL=10; plating_condition=2; below_limit_of_quantification; n0_source_days=1
era4tb,M. tuberculosis,standard,,isoniazid,1.0,xMIC,1.0,era4tb_A_INH1x_r3,2.44715803134222,10.0,,True,2.6020599913279625,plated_volume_uL=2.5; plating_condition=3; below_limit_of_quantification; n0_source_days=1
era4tb,M. tuberculosis,standard,,isoniazid,1.0,xMIC,1.0,era4tb_A_INH1x_r3,2.44715803134222,14.0,,False,1.0,plated_volume_uL=100; plating_condition=0; no_value_reported_not_censored; n0_source_days=1
era4tb,M. tuberculosis,standard,,isoniazid,1.0,xMIC,1.0,era4tb_A_INH1x_r3,2.44715803134222,14.0,3.53147891704225,False,2.0,plated_volume_uL=10; plating_condition=1; n0_source_days=1
era4tb,M. tuberculosis,standard,,isoniazid,1.0,xMIC,1.0,era4tb_A_INH1x_r3,2.44715803134222,14.0,3.14612803567824,False,2.0,plated_volume_uL=10; plating_condition=2; n0_source_days=1
era4tb,M. tuberculosis,standard,,isoniazid,1.0,xMIC,1.0,era4tb_A_INH1x_r3,2.44715803134222,14.0,3.07918124604762,False,2.6020599913279625,plated_volume_uL=2.5; plating_condition=3; n0_source_days=1
era4tb,M. tuberculosis,standard,,isoniazid,1.0,xMIC,1.0,era4tb_A_INH1x_r3,2.44715803134222,21.0,4.8750612633917,False,1.0,plated_volume_uL=100; plating_condition=0; n0_source_days=1
era4tb,M. tuberculosis,standard,,isoniazid,1.0,xMIC,1.0,era4tb_A_INH1x_r3,2.44715803134222,21.0,4.41497334797082,False,2.0,plated_volume_uL=10; plating_condition=1; n0_source_days=1
era4tb,M. tuberculosis,standard,,isoniazid,1.0,xMIC,1.0,era4tb_A_INH1x_r3,2.44715803134222,21.0,4.20411998265593,False,2.0,plated_volume_uL=10; plating_condition=2; n0_source_days=1
era4tb,M. tuberculosis,standard,,isoniazid,1.0,xMIC,1.0,era4tb_A_INH1x_r3,2.44715803134222,21.0,4.44715803134222,False,2.6020599913279625,plated_volume_uL=2.5; plating_condition=3; n0_source_days=1
era4tb,M. tuberculosis,standard,,moxifloxacin,10.0,xMIC,10.0,era4tb_A_MXF10x_r1,,1.0,2.60205999132796,False,2.0,plated_volume_uL=10; plating_condition=1; n0_source=none_available
era4tb,M. tuberculosis,standard,,moxifloxacin,10.0,xMIC,10.0,era4tb_A_MXF10x_r1,,1.0,2.60205999132796,False,2.0,plated_volume_uL=10; plating_condition=2; n0_source=none_available
era4tb,M. tuberculosis,standard,,moxifloxacin,10.0,xMIC,10.0,era4tb_A_MXF10x_r1,,1.0,,True,2.6020599913279625,plated_volume_uL=2.5; plating_condition=3; below_limit_of_quantification; n0_source=none_available
era4tb,M. tuberculosis,standard,,moxifloxacin,10.0,xMIC,10.0,era4tb_A_MXF10x_r1,,2.0,2.07918124604762,False,1.0,plated_volume_uL=100; plating_condition=0; n0_source=none_available
era4tb,M. tuberculosis,standard,,moxifloxacin,10.0,xMIC,10.0,era4tb_A_MXF10x_r1,,2.0,2.90308998699194,False,2.0,plated_volume_uL=10; plating_condition=1; n0_source=none_available
era4tb,M. tuberculosis,standard,,moxifloxacin,10.0,xMIC,10.0,era4tb_A_MXF10x_r1,,2.0,2.0,False,2.0,plated_volume_uL=10; plating_condition=2; n0_source=none_available
era4tb,M. tuberculosis,standard,,moxifloxacin,10.0,xMIC,10.0,era4tb_A_MXF10x_r1,,2.0,2.60205999132796,False,2.6020599913279625,plated_volume_uL=2.5; plating_condition=3; n0_source=none_available
era4tb,M. tuberculosis,standard,,moxifloxacin,10.0,xMIC,10.0,era4tb_A_MXF10x_r1,,3.0,1.84509804001426,False,1.0,plated_volume_uL=100; plating_condition=0; n0_source=none_available
era4tb,M. tuberculosis,standard,,moxifloxacin,10.0,xMIC,10.0,era4tb_A_MXF10x_r1,,3.0,2.60205999132796,False,2.0,plated_volume_uL=10; plating_condition=1; n0_source=none_available
era4tb,M. tuberculosis,standard,,moxifloxacin,10.0,xMIC,10.0,era4tb_A_MXF10x_r1,,3.0,2.0,False,2.0,plated_volume_uL=10; plating_condition=2; n0_source=none_available
era4tb,M. tuberculosis,standard,,moxifloxacin,10.0,xMIC,10.0,era4tb_A_MXF10x_r1,,3.0,2.90308998699194,False,2.6020599913279625,plated_volume_uL=2.5; plating_condition=3; n0_source=none_available
era4tb,M. tuberculosis,standard,,moxifloxacin,10.0,xMIC,10.0,era4tb_A_MXF10x_r1,,7.0,,True,1.0,plated_volume_uL=100; plating_condition=0; below_limit_of_quantification; n0_source=none_available; bql_contradicted_by_another_plating_of_same_sample_by_1.6_log10
era4tb,M. tuberculosis,standard,,moxifloxacin,10.0,xMIC,10.0,era4tb_A_MXF10x_r1,,7.0,2.0,False,2.0,plated_volume_uL=10; plating_condition=1; n0_source=none_available
era4tb,M. tuberculosis,standard,,moxifloxacin,10.0,xMIC,10.0,era4tb_A_MXF10x_r1,,7.0,2.30102999566398,False,2.0,plated_volume_uL=10; plating_condition=2; n0_source=none_available
era4tb,M. tuberculosis,standard,,moxifloxacin,10.0,xMIC,10.0,era4tb_A_MXF10x_r1,,7.0,2.60205999132796,False,2.6020599913279625,plated_volume_uL=2.5; plating_condition=3; n0_source=none_available
era4tb,M. tuberculosis,standard,,moxifloxacin,10.0,xMIC,10.0,era4tb_A_MXF10x_r1,,10.0,1.60205999132796,False,1.0,plated_volume_uL=100; plating_condition=0; n0_source=none_available
era4tb,M. tuberculosis,standard,,moxifloxacin,10.0,xMIC,10.0,era4tb_A_MXF10x_r1,,10.0,,True,2.0,plated_volume_uL=10; plating_condition=1; below_limit_of_quantification; n0_source=none_available
era4tb,M. tuberculosis,standard,,moxifloxacin,10.0,xMIC,10.0,era4tb_A_MXF10x_r1,,10.0,,True,2.0,plated_volume_uL=10; plating_condition=2; below_limit_of_quantification; n0_source=none_available
era4tb,M. tuberculosis,standard,,moxifloxacin,10.0,xMIC,10.0,era4tb_A_MXF10x_r1,,10.0,,True,2.6020599913279625,plated_volume_uL=2.5; plating_condition=3; below_limit_of_quantification; n0_source=none_available
era4tb,M. tuberculosis,standard,,moxifloxacin,10.0,xMIC,10.0,era4tb_A_MXF10x_r1,,14.0,,True,1.0,plated_volume_uL=100; plating_condition=0; below_limit_of_quantification; n0_source=none_available
era4tb,M. tuberculosis,standard,,moxifloxacin,10.0,xMIC,10.0,era4tb_A_MXF10x_r1,,14.0,,True,2.0,plated_volume_uL=10; plating_condition=1; below_limit_of_quantification; n0_source=none_available
era4tb,M. tuberculosis,standard,,moxifloxacin,10.0,xMIC,10.0,era4tb_A_MXF10x_r1,,14.0,,True,2.0,plated_volume_uL=10; plating_condition=2; below_limit_of_quantification; n0_source=none_available
era4tb,M. tuberculosis,standard,,moxifloxacin,10.0,xMIC,10.0,era4tb_A_MXF10x_r1,,14.0,,True,2.6020599913279625,plated_volume_uL=2.5; plating_condition=3; below_limit_of_quantification; n0_source=none_available
era4tb,M. tuberculosis,standard,,moxifloxacin,10.0,xMIC,10.0,era4tb_A_MXF10x_r1,,21.0,3.75587485567249,False,1.0,plated_volume_uL=100; plating_condition=0; n0_source=none_available
era4tb,M. tuberculosis,standard,,moxifloxacin,10.0,xMIC,10.0,era4tb_A_MXF10x_r1,,21.0,3.6232492903979,False,2.0,plated_volume_uL=10; plating_condition=1; n0_source=none_available
era4tb,M. tuberculosis,standard,,moxifloxacin,10.0,xMIC,10.0,era4tb_A_MXF10x_r1,,21.0,3.49136169383427,False,2.0,plated_volume_uL=10; plating_condition=2; n0_source=none_available
era4tb,M. tuberculosis,standard,,moxifloxacin,10.0,xMIC,10.0,era4tb_A_MXF10x_r1,,21.0,3.55630250076729,False,2.6020599913279625,plated_volume_uL=2.5; plating_condition=3; n0_source=none_available
era4tb,M. tuberculosis,standard,,moxifloxacin,10.0,xMIC,10.0,era4tb_A_MXF10x_r2,2.41497334797082,1.0,2.41497334797082,False,1.0,plated_volume_uL=100; plating_condition=0; n0_source_days=1
era4tb,M. tuberculosis,standard,,moxifloxacin,10.0,xMIC,10.0,era4tb_A_MXF10x_r2,2.41497334797082,1.0,2.77815125038364,False,2.0,plated_volume_uL=10; plating_condition=1; n0_source_days=1
era4tb,M. tuberculosis,standard,,moxifloxacin,10.0,xMIC,10.0,era4tb_A_MXF10x_r2,2.41497334797082,1.0,2.77815125038364,False,2.0,plated_volume_uL=10; plating_condition=2; n0_source_days=1
era4tb,M. tuberculosis,standard,,moxifloxacin,10.0,xMIC,10.0,era4tb_A_MXF10x_r2,2.41497334797082,1.0,,True,2.6020599913279625,plated_volume_uL=2.5; plating_condition=3; below_limit_of_quantification; n0_source_days=1; bql_contradicted_by_another_plating_of_same_sample_by_0.18_log10
era4tb,M. tuberculosis,standard,,moxifloxacin,10.0,xMIC,10.0,era4tb_A_MXF10x_r2,2.41497334797082,2.0,2.17609125905568,False,1.0,plated_volume_uL=100; plating_condition=0; n0_source_days=1
era4tb,M. tuberculosis,standard,,moxifloxacin,10.0,xMIC,10.0,era4tb_A_MXF10x_r2,2.41497334797082,2.0,2.0,False,2.0,plated_volume_uL=10; plating_condition=1; n0_source_days=1
era4tb,M. tuberculosis,standard,,moxifloxacin,10.0,xMIC,10.0,era4tb_A_MXF10x_r2,2.41497334797082,2.0,2.0,False,2.0,plated_volume_uL=10; plating_condition=2; n0_source_days=1
era4tb,M. tuberculosis,standard,,moxifloxacin,10.0,xMIC,10.0,era4tb_A_MXF10x_r2,2.41497334797082,2.0,3.07918124604762,False,2.6020599913279625,plated_volume_uL=2.5; plating_condition=3; n0_source_days=1
era4tb,M. tuberculosis,standard,,moxifloxacin,10.0,xMIC,10.0,era4tb_A_MXF10x_r2,2.41497334797082,3.0,1.90308998699194,False,1.0,plated_volume_uL=100; plating_condition=0; n0_source_days=1
era4tb,M. tuberculosis,standard,,moxifloxacin,10.0,xMIC,10.0,era4tb_A_MXF10x_r2,2.41497334797082,3.0,,True,2.0,plated_volume_uL=10; plating_condition=1; below_limit_of_quantification; n0_source_days=1; bql_contradicted_by_another_plating_of_same_sample_by_0.6_log10
era4tb,M. tuberculosis,standard,,moxifloxacin,10.0,xMIC,10.0,era4tb_A_MXF10x_r2,2.41497334797082,3.0,,True,2.0,plated_volume_uL=10; plating_condition=2; below_limit_of_quantification; n0_source_days=1; bql_contradicted_by_another_plating_of_same_sample_by_0.6_log10
era4tb,M. tuberculosis,standard,,moxifloxacin,10.0,xMIC,10.0,era4tb_A_MXF10x_r2,2.41497334797082,3.0,2.60205999132796,False,2.6020599913279625,plated_volume_uL=2.5; plating_condition=3; n0_source_days=1
era4tb,M. tuberculosis,standard,,moxifloxacin,10.0,xMIC,10.0,era4tb_A_MXF10x_r2,2.41497334797082,7.0,1.60205999132796,False,1.0,plated_volume_uL=100; plating_condition=0; n0_source_days=1
era4tb,M. tuberculosis,standard,,moxifloxacin,10.0,xMIC,10.0,era4tb_A_MXF10x_r2,2.41497334797082,7.0,,True,2.0,plated_volume_uL=10; plating_condition=1; below_limit_of_quantification; n0_source_days=1
era4tb,M. tuberculosis,standard,,moxifloxacin,10.0,xMIC,10.0,era4tb_A_MXF10x_r2,2.41497334797082,7.0,,True,2.0,plated_volume_uL=10; plating_condition=2; below_limit_of_quantification; n0_source_days=1
era4tb,M. tuberculosis,standard,,moxifloxacin,10.0,xMIC,10.0,era4tb_A_MXF10x_r2,2.41497334797082,7.0,,True,2.6020599913279625,plated_volume_uL=2.5; plating_condition=3; below_limit_of_quantification; n0_source_days=1
era4tb,M. tuberculosis,standard,,moxifloxacin,10.0,xMIC,10.0,era4tb_A_MXF10x_r2,2.41497334797082,10.0,1.30102999566398,False,1.0,plated_volume_uL=100; plating_condition=0; n0_source_days=1
era4tb,M. tuberculosis,standard,,moxifloxacin,10.0,xMIC,10.0,era4tb_A_MXF10x_r2,2.41497334797082,10.0,,True,2.0,plated_volume_uL=10; plating_condition=1; below_limit_of_quantification; n0_source_days=1
era4tb,M. tuberculosis,standard,,moxifloxacin,10.0,xMIC,10.0,era4tb_A_MXF10x_r2,2.41497334797082,10.0,,True,2.0,plated_volume_uL=10; plating_condition=2; below_limit_of_quantification; n0_source_days=1
era4tb,M. tuberculosis,standard,,moxifloxacin,10.0,xMIC,10.0,era4tb_A_MXF10x_r2,2.41497334797082,10.0,,True,2.6020599913279625,plated_volume_uL=2.5; plating_condition=3; below_limit_of_quantification; n0_source_days=1
era4tb,M. tuberculosis,standard,,moxifloxacin,10.0,xMIC,10.0,era4tb_A_MXF10x_r2,2.41497334797082,14.0,,True,1.0,plated_volume_uL=100; plating_condition=0; below_limit_of_quantification; n0_source_days=1
era4tb,M. tuberculosis,standard,,moxifloxacin,10.0,xMIC,10.0,era4tb_A_MXF10x_r2,2.41497334797082,14.0,,True,2.0,plated_volume_uL=10; plating_condition=1; below_limit_of_quantification; n0_source_days=1
era4tb,M. tuberculosis,standard,,moxifloxacin,10.0,xMIC,10.0,era4tb_A_MXF10x_r2,2.41497334797082,14.0,,True,2.0,plated_volume_uL=10; plating_condition=2; below_limit_of_quantification; n0_source_days=1
era4tb,M. tuberculosis,standard,,moxifloxacin,10.0,xMIC,10.0,era4tb_A_MXF10x_r2,2.41497334797082,14.0,,True,2.6020599913279625,plated_volume_uL=2.5; plating_condition=3; below_limit_of_quantification; n0_source_days=1
era4tb,M. tuberculosis,standard,,moxifloxacin,10.0,xMIC,10.0,era4tb_A_MXF10x_r2,2.41497334797082,21.0,3.95424250943932,False,1.0,plated_volume_uL=100; plating_condition=0; n0_source_days=1
era4tb,M. tuberculosis,standard,,moxifloxacin,10.0,xMIC,10.0,era4tb_A_MXF10x_r2,2.41497334797082,21.0,3.67209785793572,False,2.0,plated_volume_uL=10; plating_condition=1; n0_source_days=1
era4tb,M. tuberculosis,standard,,moxifloxacin,10.0,xMIC,10.0,era4tb_A_MXF10x_r2,2.41497334797082,21.0,3.44715803134222,False,2.0,plated_volume_uL=10; plating_condition=2; n0_source_days=1
era4tb,M. tuberculosis,standard,,moxifloxacin,10.0,xMIC,10.0,era4tb_A_MXF10x_r2,2.41497334797082,21.0,3.68124123737559,False,2.6020599913279625,plated_volume_uL=2.5; plating_condition=3; n0_source_days=1
era4tb,M. tuberculosis,standard,,moxifloxacin,10.0,xMIC,10.0,era4tb_A_MXF10x_r3,2.46239799789896,1.0,2.46239799789896,False,1.0,plated_volume_uL=100; plating_condition=0; n0_source_days=1
era4tb,M. tuberculosis,standard,,moxifloxacin,10.0,xMIC,10.0,era4tb_A_MXF10x_r3,2.46239799789896,1.0,3.23044892137827,False,2.0,plated_volume_uL=10; plating_condition=1; n0_source_days=1
era4tb,M. tuberculosis,standard,,moxifloxacin,10.0,xMIC,10.0,era4tb_A_MXF10x_r3,2.46239799789896,1.0,3.17609125905568,False,2.0,plated_volume_uL=10; plating_condition=2; n0_source_days=1
era4tb,M. tuberculosis,standard,,moxifloxacin,10.0,xMIC,10.0,era4tb_A_MXF10x_r3,2.46239799789896,1.0,2.60205999132796,False,2.6020599913279625,plated_volume_uL=2.5; plating_condition=3; n0_source_days=1
era4tb,M. tuberculosis,standard,,moxifloxacin,10.0,xMIC,10.0,era4tb_A_MXF10x_r3,2.46239799789896,2.0,2.0,False,1.0,plated_volume_uL=100; plating_condition=0; n0_source_days=1
era4tb,M. tuberculosis,standard,,moxifloxacin,10.0,xMIC,10.0,era4tb_A_MXF10x_r3,2.46239799789896,2.0,,True,2.0,plated_volume_uL=10; plating_condition=1; below_limit_of_quantification; n0_source_days=1
era4tb,M. tuberculosis,standard,,moxifloxacin,10.0,xMIC,10.0,era4tb_A_MXF10x_r3,2.46239799789896,2.0,,True,2.0,plated_volume_uL=10; plating_condition=2; below_limit_of_quantification; n0_source_days=1
era4tb,M. tuberculosis,standard,,moxifloxacin,10.0,xMIC,10.0,era4tb_A_MXF10x_r3,2.46239799789896,2.0,,True,2.6020599913279625,plated_volume_uL=2.5; plating_condition=3; below_limit_of_quantification; n0_source_days=1
era4tb,M. tuberculosis,standard,,moxifloxacin,10.0,xMIC,10.0,era4tb_A_MXF10x_r3,2.46239799789896,3.0,2.0,False,1.0,plated_volume_uL=100; plating_condition=0; n0_source_days=1
era4tb,M. tuberculosis,standard,,moxifloxacin,10.0,xMIC,10.0,era4tb_A_MXF10x_r3,2.46239799789896,3.0,,True,2.0,plated_volume_uL=10; plating_condition=1; below_limit_of_quantification; n0_source_days=1; bql_contradicted_by_another_plating_of_same_sample_by_0.6_log10
era4tb,M. tuberculosis,standard,,moxifloxacin,10.0,xMIC,10.0,era4tb_A_MXF10x_r3,2.46239799789896,3.0,,True,2.0,plated_volume_uL=10; plating_condition=2; below_limit_of_quantification; n0_source_days=1; bql_contradicted_by_another_plating_of_same_sample_by_0.6_log10
era4tb,M. tuberculosis,standard,,moxifloxacin,10.0,xMIC,10.0,era4tb_A_MXF10x_r3,2.46239799789896,3.0,2.60205999132796,False,2.6020599913279625,plated_volume_uL=2.5; plating_condition=3; n0_source_days=1
era4tb,M. tuberculosis,standard,,moxifloxacin,10.0,xMIC,10.0,era4tb_A_MXF10x_r3,2.46239799789896,7.0,1.69897000433602,False,1.0,plated_volume_uL=100; plating_condition=0; n0_source_days=1
era4tb,M. tuberculosis,standard,,moxifloxacin,10.0,xMIC,10.0,era4tb_A_MXF10x_r3,2.46239799789896,7.0,,True,2.0,plated_volume_uL=10; plating_condition=1; below_limit_of_quantification; n0_source_days=1
era4tb,M. tuberculosis,standard,,moxifloxacin,10.0,xMIC,10.0,era4tb_A_MXF10x_r3,2.46239799789896,7.0,,True,2.0,plated_volume_uL=10; plating_condition=2; below_limit_of_quantification; n0_source_days=1
era4tb,M. tuberculosis,standard,,moxifloxacin,10.0,xMIC,10.0,era4tb_A_MXF10x_r3,2.46239799789896,7.0,,True,2.6020599913279625,plated_volume_uL=2.5; plating_condition=3; below_limit_of_quantification; n0_source_days=1
era4tb,M. tuberculosis,standard,,moxifloxacin,10.0,xMIC,10.0,era4tb_A_MXF10x_r3,2.46239799789896,10.0,1.60205999132796,False,1.0,plated_volume_uL=100; plating_condition=0; n0_source_days=1
era4tb,M. tuberculosis,standard,,moxifloxacin,10.0,xMIC,10.0,era4tb_A_MXF10x_r3,2.46239799789896,10.0,,True,2.0,plated_volume_uL=10; plating_condition=1; below_limit_of_quantification; n0_source_days=1
era4tb,M. tuberculosis,standard,,moxifloxacin,10.0,xMIC,10.0,era4tb_A_MXF10x_r3,2.46239799789896,10.0,,True,2.0,plated_volume_uL=10; plating_condition=2; below_limit_of_quantification; n0_source_days=1
era4tb,M. tuberculosis,standard,,moxifloxacin,10.0,xMIC,10.0,era4tb_A_MXF10x_r3,2.46239799789896,10.0,,True,2.6020599913279625,plated_volume_uL=2.5; plating_condition=3; below_limit_of_quantification; n0_source_days=1
era4tb,M. tuberculosis,standard,,moxifloxacin,10.0,xMIC,10.0,era4tb_A_MXF10x_r3,2.46239799789896,14.0,,True,1.0,plated_volume_uL=100; plating_condition=0; below_limit_of_quantification; n0_source_days=1; bql_contradicted_by_another_plating_of_same_sample_by_1.3_log10
era4tb,M. tuberculosis,standard,,moxifloxacin,10.0,xMIC,10.0,era4tb_A_MXF10x_r3,2.46239799789896,14.0,2.30102999566398,False,2.0,plated_volume_uL=10; plating_condition=1; n0_source_days=1
era4tb,M. tuberculosis,standard,,moxifloxacin,10.0,xMIC,10.0,era4tb_A_MXF10x_r3,2.46239799789896,14.0,,True,2.0,plated_volume_uL=10; plating_condition=2; below_limit_of_quantification; n0_source_days=1; bql_contradicted_by_another_plating_of_same_sample_by_0.3_log10
era4tb,M. tuberculosis,standard,,moxifloxacin,10.0,xMIC,10.0,era4tb_A_MXF10x_r3,2.46239799789896,14.0,,True,2.6020599913279625,plated_volume_uL=2.5; plating_condition=3; below_limit_of_quantification; n0_source_days=1
era4tb,M. tuberculosis,standard,,moxifloxacin,10.0,xMIC,10.0,era4tb_A_MXF10x_r3,2.46239799789896,21.0,,False,1.0,plated_volume_uL=100; plating_condition=0; no_value_reported_not_censored; n0_source_days=1
era4tb,M. tuberculosis,standard,,moxifloxacin,10.0,xMIC,10.0,era4tb_A_MXF10x_r3,2.46239799789896,21.0,,False,2.0,plated_volume_uL=10; plating_condition=1; no_value_reported_not_censored; n0_source_days=1
era4tb,M. tuberculosis,standard,,moxifloxacin,10.0,xMIC,10.0,era4tb_A_MXF10x_r3,2.46239799789896,21.0,,False,2.0,plated_volume_uL=10; plating_condition=2; no_value_reported_not_censored; n0_source_days=1
era4tb,M. tuberculosis,standard,,moxifloxacin,10.0,xMIC,10.0,era4tb_A_MXF10x_r3,2.46239799789896,21.0,,False,2.6020599913279625,plated_volume_uL=2.5; plating_condition=3; no_value_reported_not_censored; n0_source_days=1
era4tb,M. tuberculosis,standard,,moxifloxacin,1.0,xMIC,1.0,era4tb_A_MXF1x_r1,3.73239375982297,1.0,3.73239375982297,False,1.0,plated_volume_uL=100; plating_condition=0; n0_source_days=1
era4tb,M. tuberculosis,standard,,moxifloxacin,1.0,xMIC,1.0,era4tb_A_MXF1x_r1,3.73239375982297,1.0,3.60205999132796,False,2.0,plated_volume_uL=10; plating_condition=1; n0_source_days=1
era4tb,M. tuberculosis,standard,,moxifloxacin,1.0,xMIC,1.0,era4tb_A_MXF1x_r1,3.73239375982297,1.0,3.07918124604762,False,2.0,plated_volume_uL=10; plating_condition=2; n0_source_days=1
era4tb,M. tuberculosis,standard,,moxifloxacin,1.0,xMIC,1.0,era4tb_A_MXF1x_r1,3.73239375982297,1.0,3.30102999566398,False,2.6020599913279625,plated_volume_uL=2.5; plating_condition=3; n0_source_days=1
era4tb,M. tuberculosis,standard,,moxifloxacin,1.0,xMIC,1.0,era4tb_A_MXF1x_r1,3.73239375982297,2.0,4.05690485133647,False,1.0,plated_volume_uL=100; plating_condition=0; n0_source_days=1
era4tb,M. tuberculosis,standard,,moxifloxacin,1.0,xMIC,1.0,era4tb_A_MXF1x_r1,3.73239375982297,2.0,4.17609125905568,False,2.0,plated_volume_uL=10; plating_condition=1; n0_source_days=1
era4tb,M. tuberculosis,standard,,moxifloxacin,1.0,xMIC,1.0,era4tb_A_MXF1x_r1,3.73239375982297,2.0,4.04139268515823,False,2.0,plated_volume_uL=10; plating_condition=2; n0_source_days=1
era4tb,M. tuberculosis,standard,,moxifloxacin,1.0,xMIC,1.0,era4tb_A_MXF1x_r1,3.73239375982297,2.0,3.68124123737559,False,2.6020599913279625,plated_volume_uL=2.5; plating_condition=3; n0_source_days=1
era4tb,M. tuberculosis,standard,,moxifloxacin,1.0,xMIC,1.0,era4tb_A_MXF1x_r1,3.73239375982297,3.0,4.07918124604763,False,1.0,plated_volume_uL=100; plating_condition=0; n0_source_days=1
era4tb,M. tuberculosis,standard,,moxifloxacin,1.0,xMIC,1.0,era4tb_A_MXF1x_r1,3.73239375982297,3.0,4.30102999566398,False,2.0,plated_volume_uL=10; plating_condition=1; n0_source_days=1
era4tb,M. tuberculosis,standard,,moxifloxacin,1.0,xMIC,1.0,era4tb_A_MXF1x_r1,3.73239375982297,3.0,4.27875360095283,False,2.0,plated_volume_uL=10; plating_condition=2; n0_source_days=1
era4tb,M. tuberculosis,standard,,moxifloxacin,1.0,xMIC,1.0,era4tb_A_MXF1x_r1,3.73239375982297,3.0,4.20411998265593,False,2.6020599913279625,plated_volume_uL=2.5; plating_condition=3; n0_source_days=1
era4tb,M. tuberculosis,standard,,moxifloxacin,1.0,xMIC,1.0,era4tb_A_MXF1x_r1,3.73239375982297,7.0,4.97772360528885,False,1.0,plated_volume_uL=100; plating_condition=0; n0_source_days=1
era4tb,M. tuberculosis,standard,,moxifloxacin,1.0,xMIC,1.0,era4tb_A_MXF1x_r1,3.73239375982297,7.0,5.14612803567824,False,2.0,plated_volume_uL=10; plating_condition=1; n0_source_days=1
era4tb,M. tuberculosis,standard,,moxifloxacin,1.0,xMIC,1.0,era4tb_A_MXF1x_r1,3.73239375982297,7.0,4.30102999566398,False,2.0,plated_volume_uL=10; plating_condition=2; n0_source_days=1
era4tb,M. tuberculosis,standard,,moxifloxacin,1.0,xMIC,1.0,era4tb_A_MXF1x_r1,3.73239375982297,7.0,4.50514997831991,False,2.6020599913279625,plated_volume_uL=2.5; plating_condition=3; n0_source_days=1
era4tb,M. tuberculosis,standard,,moxifloxacin,1.0,xMIC,1.0,era4tb_A_MXF1x_r1,3.73239375982297,10.0,5.47712125471966,False,1.0,plated_volume_uL=100; plating_condition=0; n0_source_days=1
era4tb,M. tuberculosis,standard,,moxifloxacin,1.0,xMIC,1.0,era4tb_A_MXF1x_r1,3.73239375982297,10.0,5.17609125905568,False,2.0,plated_volume_uL=10; plating_condition=1; n0_source_days=1
era4tb,M. tuberculosis,standard,,moxifloxacin,1.0,xMIC,1.0,era4tb_A_MXF1x_r1,3.73239375982297,10.0,5.23044892137827,False,2.0,plated_volume_uL=10; plating_condition=2; n0_source_days=1
era4tb,M. tuberculosis,standard,,moxifloxacin,1.0,xMIC,1.0,era4tb_A_MXF1x_r1,3.73239375982297,10.0,4.50514997831991,False,2.6020599913279625,plated_volume_uL=2.5; plating_condition=3; n0_source_days=1
era4tb,M. tuberculosis,standard,,moxifloxacin,1.0,xMIC,1.0,era4tb_A_MXF1x_r1,3.73239375982297,14.0,6.49136169383427,False,1.0,plated_volume_uL=100; plating_condition=0; n0_source_days=1
era4tb,M. tuberculosis,standard,,moxifloxacin,1.0,xMIC,1.0,era4tb_A_MXF1x_r1,3.73239375982297,14.0,6.50514997831991,False,2.0,plated_volume_uL=10; plating_condition=1; n0_source_days=1
era4tb,M. tuberculosis,standard,,moxifloxacin,1.0,xMIC,1.0,era4tb_A_MXF1x_r1,3.73239375982297,14.0,5.36172783601759,False,2.0,plated_volume_uL=10; plating_condition=2; n0_source_days=1
era4tb,M. tuberculosis,standard,,moxifloxacin,1.0,xMIC,1.0,era4tb_A_MXF1x_r1,3.73239375982297,14.0,4.90308998699194,False,2.6020599913279625,plated_volume_uL=2.5; plating_condition=3; n0_source_days=1
era4tb,M. tuberculosis,standard,,moxifloxacin,1.0,xMIC,1.0,era4tb_A_MXF1x_r1,3.73239375982297,21.0,6.69019608002851,False,1.0,plated_volume_uL=100; plating_condition=0; n0_source_days=1
era4tb,M. tuberculosis,standard,,moxifloxacin,1.0,xMIC,1.0,era4tb_A_MXF1x_r1,3.73239375982297,21.0,6.20411998265593,False,2.0,plated_volume_uL=10; plating_condition=1; n0_source_days=1
era4tb,M. tuberculosis,standard,,moxifloxacin,1.0,xMIC,1.0,era4tb_A_MXF1x_r1,3.73239375982297,21.0,6.25527250510331,False,2.0,plated_volume_uL=10; plating_condition=2; n0_source_days=1
era4tb,M. tuberculosis,standard,,moxifloxacin,1.0,xMIC,1.0,era4tb_A_MXF1x_r1,3.73239375982297,21.0,6.20411998265593,False,2.6020599913279625,plated_volume_uL=2.5; plating_condition=3; n0_source_days=1
era4tb,M. tuberculosis,standard,,moxifloxacin,1.0,xMIC,1.0,era4tb_A_MXF1x_r2,3.70757017609794,1.0,3.70757017609794,False,1.0,plated_volume_uL=100; plating_condition=0; n0_source_days=1
era4tb,M. tuberculosis,standard,,moxifloxacin,1.0,xMIC,1.0,era4tb_A_MXF1x_r2,3.70757017609794,1.0,3.47712125471966,False,2.0,plated_volume_uL=10; plating_condition=1; n0_source_days=1
era4tb,M. tuberculosis,standard,,moxifloxacin,1.0,xMIC,1.0,era4tb_A_MXF1x_r2,3.70757017609794,1.0,3.07918124604762,False,2.0,plated_volume_uL=10; plating_condition=2; n0_source_days=1
era4tb,M. tuberculosis,standard,,moxifloxacin,1.0,xMIC,1.0,era4tb_A_MXF1x_r2,3.70757017609794,1.0,3.30102999566398,False,2.6020599913279625,plated_volume_uL=2.5; plating_condition=3; n0_source_days=1
era4tb,M. tuberculosis,standard,,moxifloxacin,1.0,xMIC,1.0,era4tb_A_MXF1x_r2,3.70757017609794,2.0,3.95424250943932,False,1.0,plated_volume_uL=100; plating_condition=0; n0_source_days=1
era4tb,M. tuberculosis,standard,,moxifloxacin,1.0,xMIC,1.0,era4tb_A_MXF1x_r2,3.70757017609794,2.0,3.95424250943932,False,2.0,plated_volume_uL=10; plating_condition=1; n0_source_days=1
era4tb,M. tuberculosis,standard,,moxifloxacin,1.0,xMIC,1.0,era4tb_A_MXF1x_r2,3.70757017609794,2.0,4.34242268082221,False,2.0,plated_volume_uL=10; plating_condition=2; n0_source_days=1
era4tb,M. tuberculosis,standard,,moxifloxacin,1.0,xMIC,1.0,era4tb_A_MXF1x_r2,3.70757017609794,2.0,3.68124123737559,False,2.6020599913279625,plated_volume_uL=2.5; plating_condition=3; n0_source_days=1
era4tb,M. tuberculosis,standard,,moxifloxacin,1.0,xMIC,1.0,era4tb_A_MXF1x_r2,3.70757017609794,3.0,4.22788670461367,False,1.0,plated_volume_uL=100; plating_condition=0; n0_source_days=1
era4tb,M. tuberculosis,standard,,moxifloxacin,1.0,xMIC,1.0,era4tb_A_MXF1x_r2,3.70757017609794,3.0,4.30102999566398,False,2.0,plated_volume_uL=10; plating_condition=1; n0_source_days=1
era4tb,M. tuberculosis,standard,,moxifloxacin,1.0,xMIC,1.0,era4tb_A_MXF1x_r2,3.70757017609794,3.0,4.27875360095283,False,2.0,plated_volume_uL=10; plating_condition=2; n0_source_days=1
era4tb,M. tuberculosis,standard,,moxifloxacin,1.0,xMIC,1.0,era4tb_A_MXF1x_r2,3.70757017609794,3.0,4.07918124604763,False,2.6020599913279625,plated_volume_uL=2.5; plating_condition=3; n0_source_days=1
era4tb,M. tuberculosis,standard,,moxifloxacin,1.0,xMIC,1.0,era4tb_A_MXF1x_r2,3.70757017609794,7.0,4.97772360528885,False,1.0,plated_volume_uL=100; plating_condition=0; n0_source_days=1
era4tb,M. tuberculosis,standard,,moxifloxacin,1.0,xMIC,1.0,era4tb_A_MXF1x_r2,3.70757017609794,7.0,5.0,False,2.0,plated_volume_uL=10; plating_condition=1; n0_source_days=1
era4tb,M. tuberculosis,standard,,moxifloxacin,1.0,xMIC,1.0,era4tb_A_MXF1x_r2,3.70757017609794,7.0,4.34242268082221,False,2.0,plated_volume_uL=10; plating_condition=2; n0_source_days=1
era4tb,M. tuberculosis,standard,,moxifloxacin,1.0,xMIC,1.0,era4tb_A_MXF1x_r2,3.70757017609794,7.0,4.50514997831991,False,2.6020599913279625,plated_volume_uL=2.5; plating_condition=3; n0_source_days=1
era4tb,M. tuberculosis,standard,,moxifloxacin,1.0,xMIC,1.0,era4tb_A_MXF1x_r2,3.70757017609794,10.0,5.38021124171161,False,1.0,plated_volume_uL=100; plating_condition=0; n0_source_days=1
era4tb,M. tuberculosis,standard,,moxifloxacin,1.0,xMIC,1.0,era4tb_A_MXF1x_r2,3.70757017609794,10.0,4.95424250943933,False,2.0,plated_volume_uL=10; plating_condition=1; n0_source_days=1
era4tb,M. tuberculosis,standard,,moxifloxacin,1.0,xMIC,1.0,era4tb_A_MXF1x_r2,3.70757017609794,10.0,5.27875360095283,False,2.0,plated_volume_uL=10; plating_condition=2; n0_source_days=1
era4tb,M. tuberculosis,standard,,moxifloxacin,1.0,xMIC,1.0,era4tb_A_MXF1x_r2,3.70757017609794,10.0,4.7160033436348,False,2.6020599913279625,plated_volume_uL=2.5; plating_condition=3; n0_source_days=1
era4tb,M. tuberculosis,standard,,moxifloxacin,1.0,xMIC,1.0,era4tb_A_MXF1x_r2,3.70757017609794,14.0,6.46239799789896,False,1.0,plated_volume_uL=100; plating_condition=0; n0_source_days=1
era4tb,M. tuberculosis,standard,,moxifloxacin,1.0,xMIC,1.0,era4tb_A_MXF1x_r2,3.70757017609794,14.0,6.44715803134222,False,2.0,plated_volume_uL=10; plating_condition=1; n0_source_days=1
era4tb,M. tuberculosis,standard,,moxifloxacin,1.0,xMIC,1.0,era4tb_A_MXF1x_r2,3.70757017609794,14.0,5.32221929473392,False,2.0,plated_volume_uL=10; plating_condition=2; n0_source_days=1
era4tb,M. tuberculosis,standard,,moxifloxacin,1.0,xMIC,1.0,era4tb_A_MXF1x_r2,3.70757017609794,14.0,5.38021124171161,False,2.6020599913279625,plated_volume_uL=2.5; plating_condition=3; n0_source_days=1
era4tb,M. tuberculosis,standard,,moxifloxacin,1.0,xMIC,1.0,era4tb_A_MXF1x_r2,3.70757017609794,21.0,6.60205999132796,False,1.0,plated_volume_uL=100; plating_condition=0; n0_source_days=1
era4tb,M. tuberculosis,standard,,moxifloxacin,1.0,xMIC,1.0,era4tb_A_MXF1x_r2,3.70757017609794,21.0,6.23044892137827,False,2.0,plated_volume_uL=10; plating_condition=1; n0_source_days=1
era4tb,M. tuberculosis,standard,,moxifloxacin,1.0,xMIC,1.0,era4tb_A_MXF1x_r2,3.70757017609794,21.0,6.14612803567824,False,2.0,plated_volume_uL=10; plating_condition=2; n0_source_days=1
era4tb,M. tuberculosis,standard,,moxifloxacin,1.0,xMIC,1.0,era4tb_A_MXF1x_r2,3.70757017609794,21.0,6.30102999566398,False,2.6020599913279625,plated_volume_uL=2.5; plating_condition=3; n0_source_days=1
era4tb,M. tuberculosis,standard,,moxifloxacin,1.0,xMIC,1.0,era4tb_A_MXF1x_r3,3.55630250076729,1.0,3.55630250076729,False,1.0,plated_volume_uL=100; plating_condition=0; n0_source_days=1
era4tb,M. tuberculosis,standard,,moxifloxacin,1.0,xMIC,1.0,era4tb_A_MXF1x_r3,3.55630250076729,1.0,3.67209785793572,False,2.0,plated_volume_uL=10; plating_condition=1; n0_source_days=1
era4tb,M. tuberculosis,standard,,moxifloxacin,1.0,xMIC,1.0,era4tb_A_MXF1x_r3,3.55630250076729,1.0,3.04139268515822,False,2.0,plated_volume_uL=10; plating_condition=2; n0_source_days=1
era4tb,M. tuberculosis,standard,,moxifloxacin,1.0,xMIC,1.0,era4tb_A_MXF1x_r3,3.55630250076729,1.0,3.20411998265592,False,2.6020599913279625,plated_volume_uL=2.5; plating_condition=3; n0_source_days=1
era4tb,M. tuberculosis,standard,,moxifloxacin,1.0,xMIC,1.0,era4tb_A_MXF1x_r3,3.55630250076729,2.0,4.0,False,1.0,plated_volume_uL=100; plating_condition=0; n0_source_days=1
era4tb,M. tuberculosis,standard,,moxifloxacin,1.0,xMIC,1.0,era4tb_A_MXF1x_r3,3.55630250076729,2.0,4.11394335230684,False,2.0,plated_volume_uL=10; plating_condition=1; n0_source_days=1
era4tb,M. tuberculosis,standard,,moxifloxacin,1.0,xMIC,1.0,era4tb_A_MXF1x_r3,3.55630250076729,2.0,3.84509804001426,False,2.0,plated_volume_uL=10; plating_condition=2; n0_source_days=1
era4tb,M. tuberculosis,standard,,moxifloxacin,1.0,xMIC,1.0,era4tb_A_MXF1x_r3,3.55630250076729,2.0,3.50514997831991,False,2.6020599913279625,plated_volume_uL=2.5; plating_condition=3; n0_source_days=1
era4tb,M. tuberculosis,standard,,moxifloxacin,1.0,xMIC,1.0,era4tb_A_MXF1x_r3,3.55630250076729,3.0,4.0899051114394,False,1.0,plated_volume_uL=100; plating_condition=0; n0_source_days=1
era4tb,M. tuberculosis,standard,,moxifloxacin,1.0,xMIC,1.0,era4tb_A_MXF1x_r3,3.55630250076729,3.0,4.39794000867204,False,2.0,plated_volume_uL=10; plating_condition=1; n0_source_days=1
era4tb,M. tuberculosis,standard,,moxifloxacin,1.0,xMIC,1.0,era4tb_A_MXF1x_r3,3.55630250076729,3.0,4.25527250510331,False,2.0,plated_volume_uL=10; plating_condition=2; n0_source_days=1
era4tb,M. tuberculosis,standard,,moxifloxacin,1.0,xMIC,1.0,era4tb_A_MXF1x_r3,3.55630250076729,3.0,4.30102999566398,False,2.6020599913279625,plated_volume_uL=2.5; plating_condition=3; n0_source_days=1
era4tb,M. tuberculosis,standard,,moxifloxacin,1.0,xMIC,1.0,era4tb_A_MXF1x_r3,3.55630250076729,7.0,5.09691001300806,False,1.0,plated_volume_uL=100; plating_condition=0; n0_source_days=1
era4tb,M. tuberculosis,standard,,moxifloxacin,1.0,xMIC,1.0,era4tb_A_MXF1x_r3,3.55630250076729,7.0,4.69897000433602,False,2.0,plated_volume_uL=10; plating_condition=1; n0_source_days=1
era4tb,M. tuberculosis,standard,,moxifloxacin,1.0,xMIC,1.0,era4tb_A_MXF1x_r3,3.55630250076729,7.0,4.60205999132796,False,2.0,plated_volume_uL=10; plating_condition=2; n0_source_days=1
era4tb,M. tuberculosis,standard,,moxifloxacin,1.0,xMIC,1.0,era4tb_A_MXF1x_r3,3.55630250076729,7.0,4.55630250076729,False,2.6020599913279625,plated_volume_uL=2.5; plating_condition=3; n0_source_days=1
era4tb,M. tuberculosis,standard,,moxifloxacin,1.0,xMIC,1.0,era4tb_A_MXF1x_r3,3.55630250076729,10.0,5.11394335230684,False,1.0,plated_volume_uL=100; plating_condition=0; n0_source_days=1
era4tb,M. tuberculosis,standard,,moxifloxacin,1.0,xMIC,1.0,era4tb_A_MXF1x_r3,3.55630250076729,10.0,5.14612803567824,False,2.0,plated_volume_uL=10; plating_condition=1; n0_source_days=1
era4tb,M. tuberculosis,standard,,moxifloxacin,1.0,xMIC,1.0,era4tb_A_MXF1x_r3,3.55630250076729,10.0,5.17609125905568,False,2.0,plated_volume_uL=10; plating_condition=2; n0_source_days=1
era4tb,M. tuberculosis,standard,,moxifloxacin,1.0,xMIC,1.0,era4tb_A_MXF1x_r3,3.55630250076729,10.0,4.64345267648619,False,2.6020599913279625,plated_volume_uL=2.5; plating_condition=3; n0_source_days=1
era4tb,M. tuberculosis,standard,,moxifloxacin,1.0,xMIC,1.0,era4tb_A_MXF1x_r3,3.55630250076729,14.0,6.23044892137827,False,1.0,plated_volume_uL=100; plating_condition=0; n0_source_days=1
era4tb,M. tuberculosis,standard,,moxifloxacin,1.0,xMIC,1.0,era4tb_A_MXF1x_r3,3.55630250076729,14.0,6.41497334797082,False,2.0,plated_volume_uL=10; plating_condition=1; n0_source_days=1
era4tb,M. tuberculosis,standard,,moxifloxacin,1.0,xMIC,1.0,era4tb_A_MXF1x_r3,3.55630250076729,14.0,5.30102999566398,False,2.0,plated_volume_uL=10; plating_condition=2; n0_source_days=1
era4tb,M. tuberculosis,standard,,moxifloxacin,1.0,xMIC,1.0,era4tb_A_MXF1x_r3,3.55630250076729,14.0,5.30102999566398,False,2.6020599913279625,plated_volume_uL=2.5; plating_condition=3; n0_source_days=1
era4tb,M. tuberculosis,standard,,moxifloxacin,1.0,xMIC,1.0,era4tb_A_MXF1x_r3,3.55630250076729,21.0,6.68124123737559,False,1.0,plated_volume_uL=100; plating_condition=0; n0_source_days=1
era4tb,M. tuberculosis,standard,,moxifloxacin,1.0,xMIC,1.0,era4tb_A_MXF1x_r3,3.55630250076729,21.0,6.34242268082221,False,2.0,plated_volume_uL=10; plating_condition=1; n0_source_days=1
era4tb,M. tuberculosis,standard,,moxifloxacin,1.0,xMIC,1.0,era4tb_A_MXF1x_r3,3.55630250076729,21.0,6.38021124171161,False,2.0,plated_volume_uL=10; plating_condition=2; n0_source_days=1
era4tb,M. tuberculosis,standard,,moxifloxacin,1.0,xMIC,1.0,era4tb_A_MXF1x_r3,3.55630250076729,21.0,6.30102999566398,False,2.6020599913279625,plated_volume_uL=2.5; plating_condition=3; n0_source_days=1
era4tb,M. tuberculosis,standard,,none,0.0,xMIC,0.0,era4tb_A_untreated_r1,3.98677173426624,0.0,3.43136376415899,False,2.0,plated_volume_uL=10; plating_condition=1; n0_source_days=1
era4tb,M. tuberculosis,standard,,none,0.0,xMIC,0.0,era4tb_A_untreated_r1,3.98677173426624,0.0,3.23044892137827,False,2.0,plated_volume_uL=10; plating_condition=2; n0_source_days=1
era4tb,M. tuberculosis,standard,,none,0.0,xMIC,0.0,era4tb_A_untreated_r1,3.98677173426624,0.0,3.20411998265592,False,2.6020599913279625,plated_volume_uL=2.5; plating_condition=3; n0_source_days=1
era4tb,M. tuberculosis,standard,,none,0.0,xMIC,0.0,era4tb_A_untreated_r1,3.98677173426624,1.0,3.98677173426624,False,1.0,plated_volume_uL=100; plating_condition=0; n0_source_days=1
era4tb,M. tuberculosis,standard,,none,0.0,xMIC,0.0,era4tb_A_untreated_r1,3.98677173426624,1.0,3.70757017609794,False,2.0,plated_volume_uL=10; plating_condition=1; n0_source_days=1
era4tb,M. tuberculosis,standard,,none,0.0,xMIC,0.0,era4tb_A_untreated_r1,3.98677173426624,1.0,3.23044892137827,False,2.0,plated_volume_uL=10; plating_condition=2; n0_source_days=1
era4tb,M. tuberculosis,standard,,none,0.0,xMIC,0.0,era4tb_A_untreated_r1,3.98677173426624,1.0,3.30102999566398,False,2.6020599913279625,plated_volume_uL=2.5; plating_condition=3; n0_source_days=1
era4tb,M. tuberculosis,standard,,none,0.0,xMIC,0.0,era4tb_A_untreated_r1,3.98677173426624,2.0,4.04139268515823,False,1.0,plated_volume_uL=100; plating_condition=0; n0_source_days=1
era4tb,M. tuberculosis,standard,,none,0.0,xMIC,0.0,era4tb_A_untreated_r1,3.98677173426624,2.0,4.38021124171161,False,2.0,plated_volume_uL=10; plating_condition=1; n0_source_days=1
era4tb,M. tuberculosis,standard,,none,0.0,xMIC,0.0,era4tb_A_untreated_r1,3.98677173426624,2.0,4.23044892137827,False,2.0,plated_volume_uL=10; plating_condition=2; n0_source_days=1
era4tb,M. tuberculosis,standard,,none,0.0,xMIC,0.0,era4tb_A_untreated_r1,3.98677173426624,2.0,3.64345267648619,False,2.6020599913279625,plated_volume_uL=2.5; plating_condition=3; n0_source_days=1
era4tb,M. tuberculosis,standard,,none,0.0,xMIC,0.0,era4tb_A_untreated_r1,3.98677173426624,3.0,4.69019608002851,False,1.0,plated_volume_uL=100; plating_condition=0; n0_source_days=1
era4tb,M. tuberculosis,standard,,none,0.0,xMIC,0.0,era4tb_A_untreated_r1,3.98677173426624,3.0,4.50514997831991,False,2.0,plated_volume_uL=10; plating_condition=1; n0_source_days=1
era4tb,M. tuberculosis,standard,,none,0.0,xMIC,0.0,era4tb_A_untreated_r1,3.98677173426624,3.0,4.41497334797082,False,2.0,plated_volume_uL=10; plating_condition=2; n0_source_days=1
era4tb,M. tuberculosis,standard,,none,0.0,xMIC,0.0,era4tb_A_untreated_r1,3.98677173426624,3.0,4.50514997831991,False,2.6020599913279625,plated_volume_uL=2.5; plating_condition=3; n0_source_days=1
era4tb,M. tuberculosis,standard,,none,0.0,xMIC,0.0,era4tb_A_untreated_r1,3.98677173426624,7.0,5.5910646070265,False,1.0,plated_volume_uL=100; plating_condition=0; n0_source_days=1
era4tb,M. tuberculosis,standard,,none,0.0,xMIC,0.0,era4tb_A_untreated_r1,3.98677173426624,7.0,5.17609125905568,False,2.0,plated_volume_uL=10; plating_condition=1; n0_source_days=1
era4tb,M. tuberculosis,standard,,none,0.0,xMIC,0.0,era4tb_A_untreated_r1,3.98677173426624,7.0,4.65321251377534,False,2.0,plated_volume_uL=10; plating_condition=2; n0_source_days=1
era4tb,M. tuberculosis,standard,,none,0.0,xMIC,0.0,era4tb_A_untreated_r1,3.98677173426624,7.0,4.68124123737559,False,2.6020599913279625,plated_volume_uL=2.5; plating_condition=3; n0_source_days=1
era4tb,M. tuberculosis,standard,,none,0.0,xMIC,0.0,era4tb_A_untreated_r1,3.98677173426624,10.0,5.78532983501077,False,1.0,plated_volume_uL=100; plating_condition=0; n0_source_days=1
era4tb,M. tuberculosis,standard,,none,0.0,xMIC,0.0,era4tb_A_untreated_r1,3.98677173426624,10.0,5.54406804435028,False,2.0,plated_volume_uL=10; plating_condition=1; n0_source_days=1
era4tb,M. tuberculosis,standard,,none,0.0,xMIC,0.0,era4tb_A_untreated_r1,3.98677173426624,10.0,5.41497334797082,False,2.0,plated_volume_uL=10; plating_condition=2; n0_source_days=1
era4tb,M. tuberculosis,standard,,none,0.0,xMIC,0.0,era4tb_A_untreated_r1,3.98677173426624,10.0,4.7160033436348,False,2.6020599913279625,plated_volume_uL=2.5; plating_condition=3; n0_source_days=1
era4tb,M. tuberculosis,standard,,none,0.0,xMIC,0.0,era4tb_A_untreated_r1,3.98677173426624,14.0,6.7481880270062,False,1.0,plated_volume_uL=100; plating_condition=0; n0_source_days=1
era4tb,M. tuberculosis,standard,,none,0.0,xMIC,0.0,era4tb_A_untreated_r1,3.98677173426624,14.0,6.56820172406699,False,2.0,plated_volume_uL=10; plating_condition=1; n0_source_days=1
era4tb,M. tuberculosis,standard,,none,0.0,xMIC,0.0,era4tb_A_untreated_r1,3.98677173426624,14.0,5.50514997831991,False,2.0,plated_volume_uL=10; plating_condition=2; n0_source_days=1
era4tb,M. tuberculosis,standard,,none,0.0,xMIC,0.0,era4tb_A_untreated_r1,3.98677173426624,14.0,5.30102999566398,False,2.6020599913279625,plated_volume_uL=2.5; plating_condition=3; n0_source_days=1
era4tb,M. tuberculosis,standard,,none,0.0,xMIC,0.0,era4tb_A_untreated_r1,3.98677173426624,21.0,7.01283722470517,False,1.0,plated_volume_uL=100; plating_condition=0; n0_source_days=1
era4tb,M. tuberculosis,standard,,none,0.0,xMIC,0.0,era4tb_A_untreated_r1,3.98677173426624,21.0,6.43136376415899,False,2.0,plated_volume_uL=10; plating_condition=1; n0_source_days=1
era4tb,M. tuberculosis,standard,,none,0.0,xMIC,0.0,era4tb_A_untreated_r1,3.98677173426624,21.0,6.36172783601759,False,2.0,plated_volume_uL=10; plating_condition=2; n0_source_days=1
era4tb,M. tuberculosis,standard,,none,0.0,xMIC,0.0,era4tb_A_untreated_r1,3.98677173426624,21.0,6.50514997831991,False,2.6020599913279625,plated_volume_uL=2.5; plating_condition=3; n0_source_days=1
era4tb,M. tuberculosis,standard,,none,0.0,xMIC,0.0,era4tb_A_untreated_r2,3.92941892571429,0.0,3.47712125471966,False,2.0,plated_volume_uL=10; plating_condition=1; n0_source_days=1
era4tb,M. tuberculosis,standard,,none,0.0,xMIC,0.0,era4tb_A_untreated_r2,3.92941892571429,0.0,3.14612803567824,False,2.0,plated_volume_uL=10; plating_condition=2; n0_source_days=1
era4tb,M. tuberculosis,standard,,none,0.0,xMIC,0.0,era4tb_A_untreated_r2,3.92941892571429,0.0,3.20411998265592,False,2.6020599913279625,plated_volume_uL=2.5; plating_condition=3; n0_source_days=1
era4tb,M. tuberculosis,standard,,none,0.0,xMIC,0.0,era4tb_A_untreated_r2,3.92941892571429,1.0,3.92941892571429,False,1.0,plated_volume_uL=100; plating_condition=0; n0_source_days=1
era4tb,M. tuberculosis,standard,,none,0.0,xMIC,0.0,era4tb_A_untreated_r2,3.92941892571429,1.0,3.75587485567249,False,2.0,plated_volume_uL=10; plating_condition=1; n0_source_days=1
era4tb,M. tuberculosis,standard,,none,0.0,xMIC,0.0,era4tb_A_untreated_r2,3.92941892571429,1.0,3.04139268515822,False,2.0,plated_volume_uL=10; plating_condition=2; n0_source_days=1
era4tb,M. tuberculosis,standard,,none,0.0,xMIC,0.0,era4tb_A_untreated_r2,3.92941892571429,1.0,3.30102999566398,False,2.6020599913279625,plated_volume_uL=2.5; plating_condition=3; n0_source_days=1
era4tb,M. tuberculosis,standard,,none,0.0,xMIC,0.0,era4tb_A_untreated_r2,3.92941892571429,2.0,4.15533603746506,False,1.0,plated_volume_uL=100; plating_condition=0; n0_source_days=1
era4tb,M. tuberculosis,standard,,none,0.0,xMIC,0.0,era4tb_A_untreated_r2,3.92941892571429,2.0,4.23044892137827,False,2.0,plated_volume_uL=10; plating_condition=1; n0_source_days=1
era4tb,M. tuberculosis,standard,,none,0.0,xMIC,0.0,era4tb_A_untreated_r2,3.92941892571429,2.0,4.36172783601759,False,2.0,plated_volume_uL=10; plating_condition=2; n0_source_days=1
era4tb,M. tuberculosis,standard,,none,0.0,xMIC,0.0,era4tb_A_untreated_r2,3.92941892571429,2.0,3.7160033436348,False,2.6020599913279625,plated_volume_uL=2.5; plating_condition=3; n0_source_days=1
era4tb,M. tuberculosis,standard,,none,0.0,xMIC,0.0,era4tb_A_untreated_r2,3.92941892571429,3.0,4.84509804001426,False,1.0,plated_volume_uL=100; plating_condition=0; n0_source_days=1
era4tb,M. tuberculosis,standard,,none,0.0,xMIC,0.0,era4tb_A_untreated_r2,3.92941892571429,3.0,4.53147891704226,False,2.0,plated_volume_uL=10; plating_condition=1; n0_source_days=1
era4tb,M. tuberculosis,standard,,none,0.0,xMIC,0.0,era4tb_A_untreated_r2,3.92941892571429,3.0,4.43136376415899,False,2.0,plated_volume_uL=10; plating_condition=2; n0_source_days=1
era4tb,M. tuberculosis,standard,,none,0.0,xMIC,0.0,era4tb_A_untreated_r2,3.92941892571429,3.0,4.44715803134222,False,2.6020599913279625,plated_volume_uL=2.5; plating_condition=3; n0_source_days=1
era4tb,M. tuberculosis,standard,,none,0.0,xMIC,0.0,era4tb_A_untreated_r2,3.92941892571429,7.0,5.56820172406699,False,1.0,plated_volume_uL=100; plating_condition=0; n0_source_days=1
era4tb,M. tuberculosis,standard,,none,0.0,xMIC,0.0,era4tb_A_untreated_r2,3.92941892571429,7.0,5.17609125905568,False,2.0,plated_volume_uL=10; plating_condition=1; n0_source_days=1
era4tb,M. tuberculosis,standard,,none,0.0,xMIC,0.0,era4tb_A_untreated_r2,3.92941892571429,7.0,4.51851393987789,False,2.0,plated_volume_uL=10; plating_condition=2; n0_source_days=1
era4tb,M. tuberculosis,standard,,none,0.0,xMIC,0.0,era4tb_A_untreated_r2,3.92941892571429,7.0,4.68124123737559,False,2.6020599913279625,plated_volume_uL=2.5; plating_condition=3; n0_source_days=1
era4tb,M. tuberculosis,standard,,none,0.0,xMIC,0.0,era4tb_A_untreated_r2,3.92941892571429,10.0,5.80617997398389,False,1.0,plated_volume_uL=100; plating_condition=0; n0_source_days=1
era4tb,M. tuberculosis,standard,,none,0.0,xMIC,0.0,era4tb_A_untreated_r2,3.92941892571429,10.0,5.47712125471966,False,2.0,plated_volume_uL=10; plating_condition=1; n0_source_days=1
era4tb,M. tuberculosis,standard,,none,0.0,xMIC,0.0,era4tb_A_untreated_r2,3.92941892571429,10.0,5.50514997831991,False,2.0,plated_volume_uL=10; plating_condition=2; n0_source_days=1
era4tb,M. tuberculosis,standard,,none,0.0,xMIC,0.0,era4tb_A_untreated_r2,3.92941892571429,10.0,4.7481880270062,False,2.6020599913279625,plated_volume_uL=2.5; plating_condition=3; n0_source_days=1
era4tb,M. tuberculosis,standard,,none,0.0,xMIC,0.0,era4tb_A_untreated_r2,3.92941892571429,14.0,6.63346845557959,False,1.0,plated_volume_uL=100; plating_condition=0; n0_source_days=1
era4tb,M. tuberculosis,standard,,none,0.0,xMIC,0.0,era4tb_A_untreated_r2,3.92941892571429,14.0,6.60205999132796,False,2.0,plated_volume_uL=10; plating_condition=1; n0_source_days=1
era4tb,M. tuberculosis,standard,,none,0.0,xMIC,0.0,era4tb_A_untreated_r2,3.92941892571429,14.0,5.44715803134222,False,2.0,plated_volume_uL=10; plating_condition=2; n0_source_days=1
era4tb,M. tuberculosis,standard,,none,0.0,xMIC,0.0,era4tb_A_untreated_r2,3.92941892571429,14.0,5.44715803134222,False,2.6020599913279625,plated_volume_uL=2.5; plating_condition=3; n0_source_days=1
era4tb,M. tuberculosis,standard,,none,0.0,xMIC,0.0,era4tb_A_untreated_r2,3.92941892571429,21.0,6.99563519459755,False,1.0,plated_volume_uL=100; plating_condition=0; n0_source_days=1
era4tb,M. tuberculosis,standard,,none,0.0,xMIC,0.0,era4tb_A_untreated_r2,3.92941892571429,21.0,6.51851393987789,False,2.0,plated_volume_uL=10; plating_condition=1; n0_source_days=1
era4tb,M. tuberculosis,standard,,none,0.0,xMIC,0.0,era4tb_A_untreated_r2,3.92941892571429,21.0,6.51851393987789,False,2.0,plated_volume_uL=10; plating_condition=2; n0_source_days=1
era4tb,M. tuberculosis,standard,,none,0.0,xMIC,0.0,era4tb_A_untreated_r2,3.92941892571429,21.0,6.60205999132796,False,2.6020599913279625,plated_volume_uL=2.5; plating_condition=3; n0_source_days=1
era4tb,M. tuberculosis,standard,,none,0.0,xMIC,0.0,era4tb_A_untreated_r3,,0.0,3.54406804435028,False,2.0,plated_volume_uL=10; plating_condition=1; n0_source=none_available
era4tb,M. tuberculosis,standard,,none,0.0,xMIC,0.0,era4tb_A_untreated_r3,,0.0,3.14612803567824,False,2.0,plated_volume_uL=10; plating_condition=2; n0_source=none_available
era4tb,M. tuberculosis,standard,,none,0.0,xMIC,0.0,era4tb_A_untreated_r3,,0.0,3.20411998265592,False,2.6020599913279625,plated_volume_uL=2.5; plating_condition=3; n0_source=none_available
era4tb,M. tuberculosis,standard,,none,0.0,xMIC,0.0,era4tb_A_untreated_r3,,1.0,,False,1.0,plated_volume_uL=100; plating_condition=0; no_value_reported_not_censored; n0_source=none_available
era4tb,M. tuberculosis,standard,,none,0.0,xMIC,0.0,era4tb_A_untreated_r3,,1.0,3.7160033436348,False,2.0,plated_volume_uL=10; plating_condition=1; n0_source=none_available
era4tb,M. tuberculosis,standard,,none,0.0,xMIC,0.0,era4tb_A_untreated_r3,,1.0,3.27875360095283,False,2.0,plated_volume_uL=10; plating_condition=2; n0_source=none_available
era4tb,M. tuberculosis,standard,,none,0.0,xMIC,0.0,era4tb_A_untreated_r3,,1.0,3.30102999566398,False,2.6020599913279625,plated_volume_uL=2.5; plating_condition=3; n0_source=none_available
era4tb,M. tuberculosis,standard,,none,0.0,xMIC,0.0,era4tb_A_untreated_r3,,2.0,4.07188200730613,False,1.0,plated_volume_uL=100; plating_condition=0; n0_source=none_available
era4tb,M. tuberculosis,standard,,none,0.0,xMIC,0.0,era4tb_A_untreated_r3,,2.0,4.36172783601759,False,2.0,plated_volume_uL=10; plating_condition=1; n0_source=none_available
era4tb,M. tuberculosis,standard,,none,0.0,xMIC,0.0,era4tb_A_untreated_r3,,2.0,4.34242268082221,False,2.0,plated_volume_uL=10; plating_condition=2; n0_source=none_available
era4tb,M. tuberculosis,standard,,none,0.0,xMIC,0.0,era4tb_A_untreated_r3,,2.0,3.7160033436348,False,2.6020599913279625,plated_volume_uL=2.5; plating_condition=3; n0_source=none_available
era4tb,M. tuberculosis,standard,,none,0.0,xMIC,0.0,era4tb_A_untreated_r3,,3.0,4.74036268949424,False,1.0,plated_volume_uL=100; plating_condition=0; n0_source=none_available
era4tb,M. tuberculosis,standard,,none,0.0,xMIC,0.0,era4tb_A_untreated_r3,,3.0,4.50514997831991,False,2.0,plated_volume_uL=10; plating_condition=1; n0_source=none_available
era4tb,M. tuberculosis,standard,,none,0.0,xMIC,0.0,era4tb_A_untreated_r3,,3.0,4.44715803134222,False,2.0,plated_volume_uL=10; plating_condition=2; n0_source=none_available
era4tb,M. tuberculosis,standard,,none,0.0,xMIC,0.0,era4tb_A_untreated_r3,,3.0,4.44715803134222,False,2.6020599913279625,plated_volume_uL=2.5; plating_condition=3; n0_source=none_available
era4tb,M. tuberculosis,standard,,none,0.0,xMIC,0.0,era4tb_A_untreated_r3,,7.0,5.63346845557959,False,1.0,plated_volume_uL=100; plating_condition=0; n0_source=none_available
era4tb,M. tuberculosis,standard,,none,0.0,xMIC,0.0,era4tb_A_untreated_r3,,7.0,5.07918124604763,False,2.0,plated_volume_uL=10; plating_condition=1; n0_source=none_available
era4tb,M. tuberculosis,standard,,none,0.0,xMIC,0.0,era4tb_A_untreated_r3,,7.0,4.49136169383427,False,2.0,plated_volume_uL=10; plating_condition=2; n0_source=none_available
era4tb,M. tuberculosis,standard,,none,0.0,xMIC,0.0,era4tb_A_untreated_r3,,7.0,4.60205999132796,False,2.6020599913279625,plated_volume_uL=2.5; plating_condition=3; n0_source=none_available
era4tb,M. tuberculosis,standard,,none,0.0,xMIC,0.0,era4tb_A_untreated_r3,,10.0,5.66275783168157,False,1.0,plated_volume_uL=100; plating_condition=0; n0_source=none_available
era4tb,M. tuberculosis,standard,,none,0.0,xMIC,0.0,era4tb_A_untreated_r3,,10.0,5.44715803134222,False,2.0,plated_volume_uL=10; plating_condition=1; n0_source=none_available
era4tb,M. tuberculosis,standard,,none,0.0,xMIC,0.0,era4tb_A_untreated_r3,,10.0,5.44715803134222,False,2.0,plated_volume_uL=10; plating_condition=2; n0_source=none_available
era4tb,M. tuberculosis,standard,,none,0.0,xMIC,0.0,era4tb_A_untreated_r3,,10.0,4.80617997398389,False,2.6020599913279625,plated_volume_uL=2.5; plating_condition=3; n0_source=none_available
era4tb,M. tuberculosis,standard,,none,0.0,xMIC,0.0,era4tb_A_untreated_r3,,14.0,6.7160033436348,False,1.0,plated_volume_uL=100; plating_condition=0; n0_source=none_available
era4tb,M. tuberculosis,standard,,none,0.0,xMIC,0.0,era4tb_A_untreated_r3,,14.0,6.60205999132796,False,2.0,plated_volume_uL=10; plating_condition=1; n0_source=none_available
era4tb,M. tuberculosis,standard,,none,0.0,xMIC,0.0,era4tb_A_untreated_r3,,14.0,5.41497334797082,False,2.0,plated_volume_uL=10; plating_condition=2; n0_source=none_available
era4tb,M. tuberculosis,standard,,none,0.0,xMIC,0.0,era4tb_A_untreated_r3,,14.0,5.38021124171161,False,2.6020599913279625,plated_volume_uL=2.5; plating_condition=3; n0_source=none_available
era4tb,M. tuberculosis,standard,,none,0.0,xMIC,0.0,era4tb_A_untreated_r3,,21.0,6.96378782734556,False,1.0,plated_volume_uL=100; plating_condition=0; n0_source=none_available
era4tb,M. tuberculosis,standard,,none,0.0,xMIC,0.0,era4tb_A_untreated_r3,,21.0,6.36172783601759,False,2.0,plated_volume_uL=10; plating_condition=1; n0_source=none_available
era4tb,M. tuberculosis,standard,,none,0.0,xMIC,0.0,era4tb_A_untreated_r3,,21.0,6.53147891704226,False,2.0,plated_volume_uL=10; plating_condition=2; n0_source=none_available
era4tb,M. tuberculosis,standard,,none,0.0,xMIC,0.0,era4tb_A_untreated_r3,,21.0,6.20411998265593,False,2.6020599913279625,plated_volume_uL=2.5; plating_condition=3; n0_source=none_available
era4tb,M. tuberculosis,standard,,isoniazid,10.0,xMIC,10.0,era4tb_B_INH10x_r1,,1.0,2.60205999132796,False,2.0,plated_volume_uL=10; plating_condition=1; n0_source=none_available
era4tb,M. tuberculosis,standard,,isoniazid,10.0,xMIC,10.0,era4tb_B_INH10x_r1,,1.0,,True,2.0,plated_volume_uL=10; plating_condition=2; below_limit_of_quantification; n0_source=none_available; bql_contradicted_by_another_plating_of_same_sample_by_0.6_log10
era4tb,M. tuberculosis,standard,,isoniazid,10.0,xMIC,10.0,era4tb_B_INH10x_r1,,1.0,,True,2.6020599913279625,plated_volume_uL=2.5; plating_condition=3; below_limit_of_quantification; n0_source=none_available
era4tb,M. tuberculosis,standard,,isoniazid,10.0,xMIC,10.0,era4tb_B_INH10x_r1,,2.0,2.0,False,1.0,plated_volume_uL=100; plating_condition=0; n0_source=none_available
era4tb,M. tuberculosis,standard,,isoniazid,10.0,xMIC,10.0,era4tb_B_INH10x_r1,,2.0,2.0,False,2.0,plated_volume_uL=10; plating_condition=1; n0_source=none_available
era4tb,M. tuberculosis,standard,,isoniazid,10.0,xMIC,10.0,era4tb_B_INH10x_r1,,2.0,3.0,False,2.0,plated_volume_uL=10; plating_condition=2; n0_source=none_available
era4tb,M. tuberculosis,standard,,isoniazid,10.0,xMIC,10.0,era4tb_B_INH10x_r1,,2.0,,True,2.6020599913279625,plated_volume_uL=2.5; plating_condition=3; below_limit_of_quantification; n0_source=none_available; bql_contradicted_by_another_plating_of_same_sample_by_0.4_log10
era4tb,M. tuberculosis,standard,,isoniazid,10.0,xMIC,10.0,era4tb_B_INH10x_r1,,3.0,,True,1.0,plated_volume_uL=100; plating_condition=0; below_limit_of_quantification; n0_source=none_available; bql_contradicted_by_another_plating_of_same_sample_by_1.0_log10
era4tb,M. tuberculosis,standard,,isoniazid,10.0,xMIC,10.0,era4tb_B_INH10x_r1,,3.0,2.0,False,2.0,plated_volume_uL=10; plating_condition=1; n0_source=none_available
era4tb,M. tuberculosis,standard,,isoniazid,10.0,xMIC,10.0,era4tb_B_INH10x_r1,,3.0,,True,2.0,plated_volume_uL=10; plating_condition=2; below_limit_of_quantification; n0_source=none_available
era4tb,M. tuberculosis,standard,,isoniazid,10.0,xMIC,10.0,era4tb_B_INH10x_r1,,3.0,,True,2.6020599913279625,plated_volume_uL=2.5; plating_condition=3; below_limit_of_quantification; n0_source=none_available
era4tb,M. tuberculosis,standard,,isoniazid,10.0,xMIC,10.0,era4tb_B_INH10x_r1,,7.0,,True,1.0,plated_volume_uL=100; plating_condition=0; below_limit_of_quantification; n0_source=none_available
era4tb,M. tuberculosis,standard,,isoniazid,10.0,xMIC,10.0,era4tb_B_INH10x_r1,,7.0,,True,2.0,plated_volume_uL=10; plating_condition=1; below_limit_of_quantification; n0_source=none_available
era4tb,M. tuberculosis,standard,,isoniazid,10.0,xMIC,10.0,era4tb_B_INH10x_r1,,7.0,,True,2.0,plated_volume_uL=10; plating_condition=2; below_limit_of_quantification; n0_source=none_available
era4tb,M. tuberculosis,standard,,isoniazid,10.0,xMIC,10.0,era4tb_B_INH10x_r1,,7.0,,True,2.6020599913279625,plated_volume_uL=2.5; plating_condition=3; below_limit_of_quantification; n0_source=none_available
era4tb,M. tuberculosis,standard,,isoniazid,10.0,xMIC,10.0,era4tb_B_INH10x_r1,,10.0,,True,1.0,plated_volume_uL=100; plating_condition=0; below_limit_of_quantification; n0_source=none_available; bql_contradicted_by_another_plating_of_same_sample_by_1.0_log10
era4tb,M. tuberculosis,standard,,isoniazid,10.0,xMIC,10.0,era4tb_B_INH10x_r1,,10.0,2.0,False,2.0,plated_volume_uL=10; plating_condition=1; n0_source=none_available
era4tb,M. tuberculosis,standard,,isoniazid,10.0,xMIC,10.0,era4tb_B_INH10x_r1,,10.0,,True,2.0,plated_volume_uL=10; plating_condition=2; below_limit_of_quantification; n0_source=none_available
era4tb,M. tuberculosis,standard,,isoniazid,10.0,xMIC,10.0,era4tb_B_INH10x_r1,,10.0,,True,2.6020599913279625,plated_volume_uL=2.5; plating_condition=3; below_limit_of_quantification; n0_source=none_available
era4tb,M. tuberculosis,standard,,isoniazid,10.0,xMIC,10.0,era4tb_B_INH10x_r1,,14.0,,True,1.0,plated_volume_uL=100; plating_condition=0; below_limit_of_quantification; n0_source=none_available
era4tb,M. tuberculosis,standard,,isoniazid,10.0,xMIC,10.0,era4tb_B_INH10x_r1,,14.0,,True,2.0,plated_volume_uL=10; plating_condition=1; below_limit_of_quantification; n0_source=none_available
era4tb,M. tuberculosis,standard,,isoniazid,10.0,xMIC,10.0,era4tb_B_INH10x_r1,,14.0,,True,2.0,plated_volume_uL=10; plating_condition=2; below_limit_of_quantification; n0_source=none_available
era4tb,M. tuberculosis,standard,,isoniazid,10.0,xMIC,10.0,era4tb_B_INH10x_r1,,14.0,,True,2.6020599913279625,plated_volume_uL=2.5; plating_condition=3; below_limit_of_quantification; n0_source=none_available
era4tb,M. tuberculosis,standard,,isoniazid,10.0,xMIC,10.0,era4tb_B_INH10x_r1,,21.0,,False,1.0,plated_volume_uL=100; plating_condition=0; no_value_reported_not_censored; n0_source=none_available
era4tb,M. tuberculosis,standard,,isoniazid,10.0,xMIC,10.0,era4tb_B_INH10x_r1,,21.0,,False,2.0,plated_volume_uL=10; plating_condition=1; no_value_reported_not_censored; n0_source=none_available
era4tb,M. tuberculosis,standard,,isoniazid,10.0,xMIC,10.0,era4tb_B_INH10x_r1,,21.0,,False,2.0,plated_volume_uL=10; plating_condition=2; no_value_reported_not_censored; n0_source=none_available
era4tb,M. tuberculosis,standard,,isoniazid,10.0,xMIC,10.0,era4tb_B_INH10x_r1,,21.0,,False,2.6020599913279625,plated_volume_uL=2.5; plating_condition=3; no_value_reported_not_censored; n0_source=none_available
era4tb,M. tuberculosis,standard,,isoniazid,10.0,xMIC,10.0,era4tb_B_INH10x_r2,2.30102999566398,1.0,2.30102999566398,False,1.0,plated_volume_uL=100; plating_condition=0; n0_source_days=1
era4tb,M. tuberculosis,standard,,isoniazid,10.0,xMIC,10.0,era4tb_B_INH10x_r2,2.30102999566398,1.0,2.0,False,2.0,plated_volume_uL=10; plating_condition=1; n0_source_days=1
era4tb,M. tuberculosis,standard,,isoniazid,10.0,xMIC,10.0,era4tb_B_INH10x_r2,2.30102999566398,1.0,,True,2.0,plated_volume_uL=10; plating_condition=2; below_limit_of_quantification; n0_source_days=1; bql_contradicted_by_another_plating_of_same_sample_by_0.3_log10
era4tb,M. tuberculosis,standard,,isoniazid,10.0,xMIC,10.0,era4tb_B_INH10x_r2,2.30102999566398,1.0,,True,2.6020599913279625,plated_volume_uL=2.5; plating_condition=3; below_limit_of_quantification; n0_source_days=1
era4tb,M. tuberculosis,standard,,isoniazid,10.0,xMIC,10.0,era4tb_B_INH10x_r2,2.30102999566398,2.0,2.0,False,1.0,plated_volume_uL=100; plating_condition=0; n0_source_days=1
era4tb,M. tuberculosis,standard,,isoniazid,10.0,xMIC,10.0,era4tb_B_INH10x_r2,2.30102999566398,2.0,2.30102999566398,False,2.0,plated_volume_uL=10; plating_condition=1; n0_source_days=1
era4tb,M. tuberculosis,standard,,isoniazid,10.0,xMIC,10.0,era4tb_B_INH10x_r2,2.30102999566398,2.0,,True,2.0,plated_volume_uL=10; plating_condition=2; below_limit_of_quantification; n0_source_days=1; bql_contradicted_by_another_plating_of_same_sample_by_0.3_log10
era4tb,M. tuberculosis,standard,,isoniazid,10.0,xMIC,10.0,era4tb_B_INH10x_r2,2.30102999566398,2.0,,True,2.6020599913279625,plated_volume_uL=2.5; plating_condition=3; below_limit_of_quantification; n0_source_days=1
era4tb,M. tuberculosis,standard,,isoniazid,10.0,xMIC,10.0,era4tb_B_INH10x_r2,2.30102999566398,3.0,2.30102999566398,False,1.0,plated_volume_uL=100; plating_condition=0; n0_source_days=1
era4tb,M. tuberculosis,standard,,isoniazid,10.0,xMIC,10.0,era4tb_B_INH10x_r2,2.30102999566398,3.0,2.0,False,2.0,plated_volume_uL=10; plating_condition=1; n0_source_days=1
era4tb,M. tuberculosis,standard,,isoniazid,10.0,xMIC,10.0,era4tb_B_INH10x_r2,2.30102999566398,3.0,,True,2.0,plated_volume_uL=10; plating_condition=2; below_limit_of_quantification; n0_source_days=1; bql_contradicted_by_another_plating_of_same_sample_by_0.3_log10
era4tb,M. tuberculosis,standard,,isoniazid,10.0,xMIC,10.0,era4tb_B_INH10x_r2,2.30102999566398,3.0,,True,2.6020599913279625,plated_volume_uL=2.5; plating_condition=3; below_limit_of_quantification; n0_source_days=1
era4tb,M. tuberculosis,standard,,isoniazid,10.0,xMIC,10.0,era4tb_B_INH10x_r2,2.30102999566398,7.0,,True,1.0,plated_volume_uL=100; plating_condition=0; below_limit_of_quantification; n0_source_days=1
era4tb,M. tuberculosis,standard,,isoniazid,10.0,xMIC,10.0,era4tb_B_INH10x_r2,2.30102999566398,7.0,,True,2.0,plated_volume_uL=10; plating_condition=1; below_limit_of_quantification; n0_source_days=1
era4tb,M. tuberculosis,standard,,isoniazid,10.0,xMIC,10.0,era4tb_B_INH10x_r2,2.30102999566398,7.0,,True,2.0,plated_volume_uL=10; plating_condition=2; below_limit_of_quantification; n0_source_days=1
era4tb,M. tuberculosis,standard,,isoniazid,10.0,xMIC,10.0,era4tb_B_INH10x_r2,2.30102999566398,7.0,,True,2.6020599913279625,plated_volume_uL=2.5; plating_condition=3; below_limit_of_quantification; n0_source_days=1
era4tb,M. tuberculosis,standard,,isoniazid,10.0,xMIC,10.0,era4tb_B_INH10x_r2,2.30102999566398,10.0,2.0,False,1.0,plated_volume_uL=100; plating_condition=0; n0_source_days=1
era4tb,M. tuberculosis,standard,,isoniazid,10.0,xMIC,10.0,era4tb_B_INH10x_r2,2.30102999566398,10.0,,True,2.0,plated_volume_uL=10; plating_condition=1; below_limit_of_quantification; n0_source_days=1
era4tb,M. tuberculosis,standard,,isoniazid,10.0,xMIC,10.0,era4tb_B_INH10x_r2,2.30102999566398,10.0,,True,2.0,plated_volume_uL=10; plating_condition=2; below_limit_of_quantification; n0_source_days=1
era4tb,M. tuberculosis,standard,,isoniazid,10.0,xMIC,10.0,era4tb_B_INH10x_r2,2.30102999566398,10.0,,True,2.6020599913279625,plated_volume_uL=2.5; plating_condition=3; below_limit_of_quantification; n0_source_days=1
era4tb,M. tuberculosis,standard,,isoniazid,10.0,xMIC,10.0,era4tb_B_INH10x_r2,2.30102999566398,14.0,,True,1.0,plated_volume_uL=100; plating_condition=0; below_limit_of_quantification; n0_source_days=1
era4tb,M. tuberculosis,standard,,isoniazid,10.0,xMIC,10.0,era4tb_B_INH10x_r2,2.30102999566398,14.0,,True,2.0,plated_volume_uL=10; plating_condition=1; below_limit_of_quantification; n0_source_days=1
era4tb,M. tuberculosis,standard,,isoniazid,10.0,xMIC,10.0,era4tb_B_INH10x_r2,2.30102999566398,14.0,,True,2.0,plated_volume_uL=10; plating_condition=2; below_limit_of_quantification; n0_source_days=1
era4tb,M. tuberculosis,standard,,isoniazid,10.0,xMIC,10.0,era4tb_B_INH10x_r2,2.30102999566398,14.0,,True,2.6020599913279625,plated_volume_uL=2.5; plating_condition=3; below_limit_of_quantification; n0_source_days=1
era4tb,M. tuberculosis,standard,,isoniazid,10.0,xMIC,10.0,era4tb_B_INH10x_r2,2.30102999566398,21.0,,False,1.0,plated_volume_uL=100; plating_condition=0; no_value_reported_not_censored; n0_source_days=1
era4tb,M. tuberculosis,standard,,isoniazid,10.0,xMIC,10.0,era4tb_B_INH10x_r2,2.30102999566398,21.0,,False,2.0,plated_volume_uL=10; plating_condition=1; no_value_reported_not_censored; n0_source_days=1
era4tb,M. tuberculosis,standard,,isoniazid,10.0,xMIC,10.0,era4tb_B_INH10x_r2,2.30102999566398,21.0,,False,2.0,plated_volume_uL=10; plating_condition=2; no_value_reported_not_censored; n0_source_days=1
era4tb,M. tuberculosis,standard,,isoniazid,10.0,xMIC,10.0,era4tb_B_INH10x_r2,2.30102999566398,21.0,,False,2.6020599913279625,plated_volume_uL=2.5; plating_condition=3; no_value_reported_not_censored; n0_source_days=1
era4tb,M. tuberculosis,standard,,isoniazid,10.0,xMIC,10.0,era4tb_B_INH10x_r3,2.84509804001426,1.0,2.84509804001426,False,1.0,plated_volume_uL=100; plating_condition=0; n0_source_days=1
era4tb,M. tuberculosis,standard,,isoniazid,10.0,xMIC,10.0,era4tb_B_INH10x_r3,2.84509804001426,1.0,,True,2.0,plated_volume_uL=10; plating_condition=1; below_limit_of_quantification; n0_source_days=1; bql_contradicted_by_another_plating_of_same_sample_by_0.85_log10
era4tb,M. tuberculosis,standard,,isoniazid,10.0,xMIC,10.0,era4tb_B_INH10x_r3,2.84509804001426,1.0,,True,2.0,plated_volume_uL=10; plating_condition=2; below_limit_of_quantification; n0_source_days=1; bql_contradicted_by_another_plating_of_same_sample_by_0.85_log10
era4tb,M. tuberculosis,standard,,isoniazid,10.0,xMIC,10.0,era4tb_B_INH10x_r3,2.84509804001426,1.0,,True,2.6020599913279625,plated_volume_uL=2.5; plating_condition=3; below_limit_of_quantification; n0_source_days=1; bql_contradicted_by_another_plating_of_same_sample_by_0.24_log10
era4tb,M. tuberculosis,standard,,isoniazid,10.0,xMIC,10.0,era4tb_B_INH10x_r3,2.84509804001426,2.0,2.0,False,1.0,plated_volume_uL=100; plating_condition=0; n0_source_days=1
era4tb,M. tuberculosis,standard,,isoniazid,10.0,xMIC,10.0,era4tb_B_INH10x_r3,2.84509804001426,2.0,2.0,False,2.0,plated_volume_uL=10; plating_condition=1; n0_source_days=1
era4tb,M. tuberculosis,standard,,isoniazid,10.0,xMIC,10.0,era4tb_B_INH10x_r3,2.84509804001426,2.0,,True,2.0,plated_volume_uL=10; plating_condition=2; below_limit_of_quantification; n0_source_days=1
era4tb,M. tuberculosis,standard,,isoniazid,10.0,xMIC,10.0,era4tb_B_INH10x_r3,2.84509804001426,2.0,,True,2.6020599913279625,plated_volume_uL=2.5; plating_condition=3; below_limit_of_quantification; n0_source_days=1
era4tb,M. tuberculosis,standard,,isoniazid,10.0,xMIC,10.0,era4tb_B_INH10x_r3,2.84509804001426,3.0,2.0,False,1.0,plated_volume_uL=100; plating_condition=0; n0_source_days=1
era4tb,M. tuberculosis,standard,,isoniazid,10.0,xMIC,10.0,era4tb_B_INH10x_r3,2.84509804001426,3.0,,True,2.0,plated_volume_uL=10; plating_condition=1; below_limit_of_quantification; n0_source_days=1
era4tb,M. tuberculosis,standard,,isoniazid,10.0,xMIC,10.0,era4tb_B_INH10x_r3,2.84509804001426,3.0,,True,2.0,plated_volume_uL=10; plating_condition=2; below_limit_of_quantification; n0_source_days=1
era4tb,M. tuberculosis,standard,,isoniazid,10.0,xMIC,10.0,era4tb_B_INH10x_r3,2.84509804001426,3.0,,True,2.6020599913279625,plated_volume_uL=2.5; plating_condition=3; below_limit_of_quantification; n0_source_days=1
era4tb,M. tuberculosis,standard,,isoniazid,10.0,xMIC,10.0,era4tb_B_INH10x_r3,2.84509804001426,7.0,,True,1.0,plated_volume_uL=100; plating_condition=0; below_limit_of_quantification; n0_source_days=1
era4tb,M. tuberculosis,standard,,isoniazid,10.0,xMIC,10.0,era4tb_B_INH10x_r3,2.84509804001426,7.0,,True,2.0,plated_volume_uL=10; plating_condition=1; below_limit_of_quantification; n0_source_days=1
era4tb,M. tuberculosis,standard,,isoniazid,10.0,xMIC,10.0,era4tb_B_INH10x_r3,2.84509804001426,7.0,,True,2.0,plated_volume_uL=10; plating_condition=2; below_limit_of_quantification; n0_source_days=1
era4tb,M. tuberculosis,standard,,isoniazid,10.0,xMIC,10.0,era4tb_B_INH10x_r3,2.84509804001426,7.0,,True,2.6020599913279625,plated_volume_uL=2.5; plating_condition=3; below_limit_of_quantification; n0_source_days=1
era4tb,M. tuberculosis,standard,,isoniazid,10.0,xMIC,10.0,era4tb_B_INH10x_r3,2.84509804001426,10.0,,True,1.0,plated_volume_uL=100; plating_condition=0; below_limit_of_quantification; n0_source_days=1
era4tb,M. tuberculosis,standard,,isoniazid,10.0,xMIC,10.0,era4tb_B_INH10x_r3,2.84509804001426,10.0,,True,2.0,plated_volume_uL=10; plating_condition=1; below_limit_of_quantification; n0_source_days=1
era4tb,M. tuberculosis,standard,,isoniazid,10.0,xMIC,10.0,era4tb_B_INH10x_r3,2.84509804001426,10.0,,True,2.0,plated_volume_uL=10; plating_condition=2; below_limit_of_quantification; n0_source_days=1
era4tb,M. tuberculosis,standard,,isoniazid,10.0,xMIC,10.0,era4tb_B_INH10x_r3,2.84509804001426,10.0,,True,2.6020599913279625,plated_volume_uL=2.5; plating_condition=3; below_limit_of_quantification; n0_source_days=1
era4tb,M. tuberculosis,standard,,isoniazid,10.0,xMIC,10.0,era4tb_B_INH10x_r3,2.84509804001426,14.0,2.0,False,1.0,plated_volume_uL=100; plating_condition=0; n0_source_days=1
era4tb,M. tuberculosis,standard,,isoniazid,10.0,xMIC,10.0,era4tb_B_INH10x_r3,2.84509804001426,14.0,,True,2.0,plated_volume_uL=10; plating_condition=1; below_limit_of_quantification; n0_source_days=1
era4tb,M. tuberculosis,standard,,isoniazid,10.0,xMIC,10.0,era4tb_B_INH10x_r3,2.84509804001426,14.0,,True,2.0,plated_volume_uL=10; plating_condition=2; below_limit_of_quantification; n0_source_days=1
era4tb,M. tuberculosis,standard,,isoniazid,10.0,xMIC,10.0,era4tb_B_INH10x_r3,2.84509804001426,14.0,,True,2.6020599913279625,plated_volume_uL=2.5; plating_condition=3; below_limit_of_quantification; n0_source_days=1
era4tb,M. tuberculosis,standard,,isoniazid,10.0,xMIC,10.0,era4tb_B_INH10x_r3,2.84509804001426,21.0,,False,1.0,plated_volume_uL=100; plating_condition=0; no_value_reported_not_censored; n0_source_days=1
era4tb,M. tuberculosis,standard,,isoniazid,10.0,xMIC,10.0,era4tb_B_INH10x_r3,2.84509804001426,21.0,,False,2.0,plated_volume_uL=10; plating_condition=1; no_value_reported_not_censored; n0_source_days=1
era4tb,M. tuberculosis,standard,,isoniazid,10.0,xMIC,10.0,era4tb_B_INH10x_r3,2.84509804001426,21.0,,False,2.0,plated_volume_uL=10; plating_condition=2; no_value_reported_not_censored; n0_source_days=1
era4tb,M. tuberculosis,standard,,isoniazid,10.0,xMIC,10.0,era4tb_B_INH10x_r3,2.84509804001426,21.0,,False,2.6020599913279625,plated_volume_uL=2.5; plating_condition=3; no_value_reported_not_censored; n0_source_days=1
era4tb,M. tuberculosis,standard,,isoniazid,1.0,xMIC,1.0,era4tb_B_INH1x_r1,2.69897000433602,1.0,2.69897000433602,False,1.0,plated_volume_uL=100; plating_condition=0; n0_source_days=1
era4tb,M. tuberculosis,standard,,isoniazid,1.0,xMIC,1.0,era4tb_B_INH1x_r1,2.69897000433602,1.0,2.77815125038364,False,2.0,plated_volume_uL=10; plating_condition=1; n0_source_days=1
era4tb,M. tuberculosis,standard,,isoniazid,1.0,xMIC,1.0,era4tb_B_INH1x_r1,2.69897000433602,1.0,,True,2.0,plated_volume_uL=10; plating_condition=2; below_limit_of_quantification; n0_source_days=1; bql_contradicted_by_another_plating_of_same_sample_by_0.78_log10
era4tb,M. tuberculosis,standard,,isoniazid,1.0,xMIC,1.0,era4tb_B_INH1x_r1,2.69897000433602,1.0,2.60205999132796,False,2.6020599913279625,plated_volume_uL=2.5; plating_condition=3; n0_source_days=1
era4tb,M. tuberculosis,standard,,isoniazid,1.0,xMIC,1.0,era4tb_B_INH1x_r1,2.69897000433602,2.0,2.0,False,1.0,plated_volume_uL=100; plating_condition=0; n0_source_days=1
era4tb,M. tuberculosis,standard,,isoniazid,1.0,xMIC,1.0,era4tb_B_INH1x_r1,2.69897000433602,2.0,2.30102999566398,False,2.0,plated_volume_uL=10; plating_condition=1; n0_source_days=1
era4tb,M. tuberculosis,standard,,isoniazid,1.0,xMIC,1.0,era4tb_B_INH1x_r1,2.69897000433602,2.0,,True,2.0,plated_volume_uL=10; plating_condition=2; below_limit_of_quantification; n0_source_days=1; bql_contradicted_by_another_plating_of_same_sample_by_0.3_log10
era4tb,M. tuberculosis,standard,,isoniazid,1.0,xMIC,1.0,era4tb_B_INH1x_r1,2.69897000433602,2.0,,True,2.6020599913279625,plated_volume_uL=2.5; plating_condition=3; below_limit_of_quantification; n0_source_days=1
era4tb,M. tuberculosis,standard,,isoniazid,1.0,xMIC,1.0,era4tb_B_INH1x_r1,2.69897000433602,3.0,,True,1.0,plated_volume_uL=100; plating_condition=0; below_limit_of_quantification; n0_source_days=1; bql_contradicted_by_another_plating_of_same_sample_by_1.3_log10
era4tb,M. tuberculosis,standard,,isoniazid,1.0,xMIC,1.0,era4tb_B_INH1x_r1,2.69897000433602,3.0,2.30102999566398,False,2.0,plated_volume_uL=10; plating_condition=1; n0_source_days=1
era4tb,M. tuberculosis,standard,,isoniazid,1.0,xMIC,1.0,era4tb_B_INH1x_r1,2.69897000433602,3.0,,True,2.0,plated_volume_uL=10; plating_condition=2; below_limit_of_quantification; n0_source_days=1; bql_contradicted_by_another_plating_of_same_sample_by_0.3_log10
era4tb,M. tuberculosis,standard,,isoniazid,1.0,xMIC,1.0,era4tb_B_INH1x_r1,2.69897000433602,3.0,,True,2.6020599913279625,plated_volume_uL=2.5; plating_condition=3; below_limit_of_quantification; n0_source_days=1
era4tb,M. tuberculosis,standard,,isoniazid,1.0,xMIC,1.0,era4tb_B_INH1x_r1,2.69897000433602,7.0,,True,1.0,plated_volume_uL=100; plating_condition=0; below_limit_of_quantification; n0_source_days=1; bql_contradicted_by_another_plating_of_same_sample_by_2.0_log10
era4tb,M. tuberculosis,standard,,isoniazid,1.0,xMIC,1.0,era4tb_B_INH1x_r1,2.69897000433602,7.0,3.0,False,2.0,plated_volume_uL=10; plating_condition=1; n0_source_days=1
era4tb,M. tuberculosis,standard,,isoniazid,1.0,xMIC,1.0,era4tb_B_INH1x_r1,2.69897000433602,7.0,,True,2.0,plated_volume_uL=10; plating_condition=2; below_limit_of_quantification; n0_source_days=1; bql_contradicted_by_another_plating_of_same_sample_by_1.0_log10
era4tb,M. tuberculosis,standard,,isoniazid,1.0,xMIC,1.0,era4tb_B_INH1x_r1,2.69897000433602,7.0,,True,2.6020599913279625,plated_volume_uL=2.5; plating_condition=3; below_limit_of_quantification; n0_source_days=1; bql_contradicted_by_another_plating_of_same_sample_by_0.4_log10
era4tb,M. tuberculosis,standard,,isoniazid,1.0,xMIC,1.0,era4tb_B_INH1x_r1,2.69897000433602,10.0,,True,1.0,plated_volume_uL=100; plating_condition=0; below_limit_of_quantification; n0_source_days=1; bql_contradicted_by_another_plating_of_same_sample_by_2.0_log10
era4tb,M. tuberculosis,standard,,isoniazid,1.0,xMIC,1.0,era4tb_B_INH1x_r1,2.69897000433602,10.0,,True,2.0,plated_volume_uL=10; plating_condition=1; below_limit_of_quantification; n0_source_days=1; bql_contradicted_by_another_plating_of_same_sample_by_1.0_log10
era4tb,M. tuberculosis,standard,,isoniazid,1.0,xMIC,1.0,era4tb_B_INH1x_r1,2.69897000433602,10.0,3.0,False,2.0,plated_volume_uL=10; plating_condition=2; n0_source_days=1
era4tb,M. tuberculosis,standard,,isoniazid,1.0,xMIC,1.0,era4tb_B_INH1x_r1,2.69897000433602,10.0,,True,2.6020599913279625,plated_volume_uL=2.5; plating_condition=3; below_limit_of_quantification; n0_source_days=1; bql_contradicted_by_another_plating_of_same_sample_by_0.4_log10
era4tb,M. tuberculosis,standard,,isoniazid,1.0,xMIC,1.0,era4tb_B_INH1x_r1,2.69897000433602,14.0,,True,1.0,plated_volume_uL=100; plating_condition=0; below_limit_of_quantification; n0_source_days=1; bql_contradicted_by_another_plating_of_same_sample_by_2.57_log10
era4tb,M. tuberculosis,standard,,isoniazid,1.0,xMIC,1.0,era4tb_B_INH1x_r1,2.69897000433602,14.0,3.56820172406699,False,2.0,plated_volume_uL=10; plating_condition=1; n0_source_days=1
era4tb,M. tuberculosis,standard,,isoniazid,1.0,xMIC,1.0,era4tb_B_INH1x_r1,2.69897000433602,14.0,3.0,False,2.0,plated_volume_uL=10; plating_condition=2; n0_source_days=1
era4tb,M. tuberculosis,standard,,isoniazid,1.0,xMIC,1.0,era4tb_B_INH1x_r1,2.69897000433602,14.0,,True,2.6020599913279625,plated_volume_uL=2.5; plating_condition=3; below_limit_of_quantification; n0_source_days=1; bql_contradicted_by_another_plating_of_same_sample_by_0.97_log10
era4tb,M. tuberculosis,standard,,isoniazid,1.0,xMIC,1.0,era4tb_B_INH1x_r1,2.69897000433602,21.0,,False,1.0,plated_volume_uL=100; plating_condition=0; no_value_reported_not_censored; n0_source_days=1
era4tb,M. tuberculosis,standard,,isoniazid,1.0,xMIC,1.0,era4tb_B_INH1x_r1,2.69897000433602,21.0,,False,2.0,plated_volume_uL=10; plating_condition=1; no_value_reported_not_censored; n0_source_days=1
era4tb,M. tuberculosis,standard,,isoniazid,1.0,xMIC,1.0,era4tb_B_INH1x_r1,2.69897000433602,21.0,,False,2.0,plated_volume_uL=10; plating_condition=2; no_value_reported_not_censored; n0_source_days=1
era4tb,M. tuberculosis,standard,,isoniazid,1.0,xMIC,1.0,era4tb_B_INH1x_r1,2.69897000433602,21.0,,False,2.6020599913279625,plated_volume_uL=2.5; plating_condition=3; no_value_reported_not_censored; n0_source_days=1
era4tb,M. tuberculosis,standard,,isoniazid,1.0,xMIC,1.0,era4tb_B_INH1x_r2,,1.0,2.77815125038364,False,2.0,plated_volume_uL=10; plating_condition=1; n0_source=none_available
era4tb,M. tuberculosis,standard,,isoniazid,1.0,xMIC,1.0,era4tb_B_INH1x_r2,,1.0,,True,2.0,plated_volume_uL=10; plating_condition=2; below_limit_of_quantification; n0_source=none_available; bql_contradicted_by_another_plating_of_same_sample_by_0.78_log10
era4tb,M. tuberculosis,standard,,isoniazid,1.0,xMIC,1.0,era4tb_B_INH1x_r2,,1.0,,True,2.6020599913279625,plated_volume_uL=2.5; plating_condition=3; below_limit_of_quantification; n0_source=none_available; bql_contradicted_by_another_plating_of_same_sample_by_0.18_log10
era4tb,M. tuberculosis,standard,,isoniazid,1.0,xMIC,1.0,era4tb_B_INH1x_r2,,2.0,2.30102999566398,False,1.0,plated_volume_uL=100; plating_condition=0; n0_source=none_available
era4tb,M. tuberculosis,standard,,isoniazid,1.0,xMIC,1.0,era4tb_B_INH1x_r2,,2.0,2.30102999566398,False,2.0,plated_volume_uL=10; plating_condition=1; n0_source=none_available
era4tb,M. tuberculosis,standard,,isoniazid,1.0,xMIC,1.0,era4tb_B_INH1x_r2,,2.0,,True,2.0,plated_volume_uL=10; plating_condition=2; below_limit_of_quantification; n0_source=none_available; bql_contradicted_by_another_plating_of_same_sample_by_0.3_log10
era4tb,M. tuberculosis,standard,,isoniazid,1.0,xMIC,1.0,era4tb_B_INH1x_r2,,2.0,,True,2.6020599913279625,plated_volume_uL=2.5; plating_condition=3; below_limit_of_quantification; n0_source=none_available
era4tb,M. tuberculosis,standard,,isoniazid,1.0,xMIC,1.0,era4tb_B_INH1x_r2,,3.0,,True,1.0,plated_volume_uL=100; plating_condition=0; below_limit_of_quantification; n0_source=none_available; bql_contradicted_by_another_plating_of_same_sample_by_2.08_log10
era4tb,M. tuberculosis,standard,,isoniazid,1.0,xMIC,1.0,era4tb_B_INH1x_r2,,3.0,2.0,False,2.0,plated_volume_uL=10; plating_condition=1; n0_source=none_available
era4tb,M. tuberculosis,standard,,isoniazid,1.0,xMIC,1.0,era4tb_B_INH1x_r2,,3.0,,True,2.0,plated_volume_uL=10; plating_condition=2; below_limit_of_quantification; n0_source=none_available; bql_contradicted_by_another_plating_of_same_sample_by_1.08_log10
era4tb,M. tuberculosis,standard,,isoniazid,1.0,xMIC,1.0,era4tb_B_INH1x_r2,,3.0,3.07918124604762,False,2.6020599913279625,plated_volume_uL=2.5; plating_condition=3; n0_source=none_available
era4tb,M. tuberculosis,standard,,isoniazid,1.0,xMIC,1.0,era4tb_B_INH1x_r2,,7.0,,True,1.0,plated_volume_uL=100; plating_condition=0; below_limit_of_quantification; n0_source=none_available
era4tb,M. tuberculosis,standard,,isoniazid,1.0,xMIC,1.0,era4tb_B_INH1x_r2,,7.0,,True,2.0,plated_volume_uL=10; plating_condition=1; below_limit_of_quantification; n0_source=none_available
era4tb,M. tuberculosis,standard,,isoniazid,1.0,xMIC,1.0,era4tb_B_INH1x_r2,,7.0,,True,2.0,plated_volume_uL=10; plating_condition=2; below_limit_of_quantification; n0_source=none_available
era4tb,M. tuberculosis,standard,,isoniazid,1.0,xMIC,1.0,era4tb_B_INH1x_r2,,7.0,,True,2.6020599913279625,plated_volume_uL=2.5; plating_condition=3; below_limit_of_quantification; n0_source=none_available
era4tb,M. tuberculosis,standard,,isoniazid,1.0,xMIC,1.0,era4tb_B_INH1x_r2,,10.0,2.60205999132796,False,1.0,plated_volume_uL=100; plating_condition=0; n0_source=none_available
era4tb,M. tuberculosis,standard,,isoniazid,1.0,xMIC,1.0,era4tb_B_INH1x_r2,,10.0,,True,2.0,plated_volume_uL=10; plating_condition=1; below_limit_of_quantification; n0_source=none_available; bql_contradicted_by_another_plating_of_same_sample_by_0.6_log10
era4tb,M. tuberculosis,standard,,isoniazid,1.0,xMIC,1.0,era4tb_B_INH1x_r2,,10.0,,True,2.0,plated_volume_uL=10; plating_condition=2; below_limit_of_quantification; n0_source=none_available; bql_contradicted_by_another_plating_of_same_sample_by_0.6_log10
era4tb,M. tuberculosis,standard,,isoniazid,1.0,xMIC,1.0,era4tb_B_INH1x_r2,,10.0,,True,2.6020599913279625,plated_volume_uL=2.5; plating_condition=3; below_limit_of_quantification; n0_source=none_available
era4tb,M. tuberculosis,standard,,isoniazid,1.0,xMIC,1.0,era4tb_B_INH1x_r2,,14.0,,True,1.0,plated_volume_uL=100; plating_condition=0; below_limit_of_quantification; n0_source=none_available; bql_contradicted_by_another_plating_of_same_sample_by_2.51_log10
era4tb,M. tuberculosis,standard,,isoniazid,1.0,xMIC,1.0,era4tb_B_INH1x_r2,,14.0,3.47712125471966,False,2.0,plated_volume_uL=10; plating_condition=1; n0_source=none_available
era4tb,M. tuberculosis,standard,,isoniazid,1.0,xMIC,1.0,era4tb_B_INH1x_r2,,14.0,3.30102999566398,False,2.0,plated_volume_uL=10; plating_condition=2; n0_source=none_available
era4tb,M. tuberculosis,standard,,isoniazid,1.0,xMIC,1.0,era4tb_B_INH1x_r2,,14.0,3.50514997831991,False,2.6020599913279625,plated_volume_uL=2.5; plating_condition=3; n0_source=none_available
era4tb,M. tuberculosis,standard,,isoniazid,1.0,xMIC,1.0,era4tb_B_INH1x_r2,,21.0,,False,1.0,plated_volume_uL=100; plating_condition=0; no_value_reported_not_censored; n0_source=none_available
era4tb,M. tuberculosis,standard,,isoniazid,1.0,xMIC,1.0,era4tb_B_INH1x_r2,,21.0,,False,2.0,plated_volume_uL=10; plating_condition=1; no_value_reported_not_censored; n0_source=none_available
era4tb,M. tuberculosis,standard,,isoniazid,1.0,xMIC,1.0,era4tb_B_INH1x_r2,,21.0,,False,2.0,plated_volume_uL=10; plating_condition=2; no_value_reported_not_censored; n0_source=none_available
era4tb,M. tuberculosis,standard,,isoniazid,1.0,xMIC,1.0,era4tb_B_INH1x_r2,,21.0,,False,2.6020599913279625,plated_volume_uL=2.5; plating_condition=3; no_value_reported_not_censored; n0_source=none_available
era4tb,M. tuberculosis,standard,,isoniazid,1.0,xMIC,1.0,era4tb_B_INH1x_r3,,1.0,2.84509804001426,False,2.0,plated_volume_uL=10; plating_condition=1; n0_source=none_available
era4tb,M. tuberculosis,standard,,isoniazid,1.0,xMIC,1.0,era4tb_B_INH1x_r3,,1.0,,True,2.0,plated_volume_uL=10; plating_condition=2; below_limit_of_quantification; n0_source=none_available; bql_contradicted_by_another_plating_of_same_sample_by_0.9_log10
era4tb,M. tuberculosis,standard,,isoniazid,1.0,xMIC,1.0,era4tb_B_INH1x_r3,,1.0,2.90308998699194,False,2.6020599913279625,plated_volume_uL=2.5; plating_condition=3; n0_source=none_available
era4tb,M. tuberculosis,standard,,isoniazid,1.0,xMIC,1.0,era4tb_B_INH1x_r3,,2.0,,True,1.0,plated_volume_uL=100; plating_condition=0; below_limit_of_quantification; n0_source=none_available; bql_contradicted_by_another_plating_of_same_sample_by_1.3_log10
era4tb,M. tuberculosis,standard,,isoniazid,1.0,xMIC,1.0,era4tb_B_INH1x_r3,,2.0,2.30102999566398,False,2.0,plated_volume_uL=10; plating_condition=1; n0_source=none_available
era4tb,M. tuberculosis,standard,,isoniazid,1.0,xMIC,1.0,era4tb_B_INH1x_r3,,2.0,,True,2.0,plated_volume_uL=10; plating_condition=2; below_limit_of_quantification; n0_source=none_available; bql_contradicted_by_another_plating_of_same_sample_by_0.3_log10
era4tb,M. tuberculosis,standard,,isoniazid,1.0,xMIC,1.0,era4tb_B_INH1x_r3,,2.0,,True,2.6020599913279625,plated_volume_uL=2.5; plating_condition=3; below_limit_of_quantification; n0_source=none_available
era4tb,M. tuberculosis,standard,,isoniazid,1.0,xMIC,1.0,era4tb_B_INH1x_r3,,3.0,3.69897000433602,False,1.0,plated_volume_uL=100; plating_condition=0; n0_source=none_available
era4tb,M. tuberculosis,standard,,isoniazid,1.0,xMIC,1.0,era4tb_B_INH1x_r3,,3.0,,True,2.0,plated_volume_uL=10; plating_condition=1; below_limit_of_quantification; n0_source=none_available; bql_contradicted_by_another_plating_of_same_sample_by_1.7_log10
era4tb,M. tuberculosis,standard,,isoniazid,1.0,xMIC,1.0,era4tb_B_INH1x_r3,,3.0,,True,2.0,plated_volume_uL=10; plating_condition=2; below_limit_of_quantification; n0_source=none_available; bql_contradicted_by_another_plating_of_same_sample_by_1.7_log10
era4tb,M. tuberculosis,standard,,isoniazid,1.0,xMIC,1.0,era4tb_B_INH1x_r3,,3.0,2.90308998699194,False,2.6020599913279625,plated_volume_uL=2.5; plating_condition=3; n0_source=none_available
era4tb,M. tuberculosis,standard,,isoniazid,1.0,xMIC,1.0,era4tb_B_INH1x_r3,,7.0,,True,1.0,plated_volume_uL=100; plating_condition=0; below_limit_of_quantification; n0_source=none_available
era4tb,M. tuberculosis,standard,,isoniazid,1.0,xMIC,1.0,era4tb_B_INH1x_r3,,7.0,,True,2.0,plated_volume_uL=10; plating_condition=1; below_limit_of_quantification; n0_source=none_available
era4tb,M. tuberculosis,standard,,isoniazid,1.0,xMIC,1.0,era4tb_B_INH1x_r3,,7.0,,True,2.0,plated_volume_uL=10; plating_condition=2; below_limit_of_quantification; n0_source=none_available
era4tb,M. tuberculosis,standard,,isoniazid,1.0,xMIC,1.0,era4tb_B_INH1x_r3,,7.0,,True,2.6020599913279625,plated_volume_uL=2.5; plating_condition=3; below_limit_of_quantification; n0_source=none_available
era4tb,M. tuberculosis,standard,,isoniazid,1.0,xMIC,1.0,era4tb_B_INH1x_r3,,10.0,2.0,False,1.0,plated_volume_uL=100; plating_condition=0; n0_source=none_available
era4tb,M. tuberculosis,standard,,isoniazid,1.0,xMIC,1.0,era4tb_B_INH1x_r3,,10.0,,True,2.0,plated_volume_uL=10; plating_condition=1; below_limit_of_quantification; n0_source=none_available
era4tb,M. tuberculosis,standard,,isoniazid,1.0,xMIC,1.0,era4tb_B_INH1x_r3,,10.0,,True,2.0,plated_volume_uL=10; plating_condition=2; below_limit_of_quantification; n0_source=none_available
era4tb,M. tuberculosis,standard,,isoniazid,1.0,xMIC,1.0,era4tb_B_INH1x_r3,,10.0,,True,2.6020599913279625,plated_volume_uL=2.5; plating_condition=3; below_limit_of_quantification; n0_source=none_available
era4tb,M. tuberculosis,standard,,isoniazid,1.0,xMIC,1.0,era4tb_B_INH1x_r3,,14.0,,True,1.0,plated_volume_uL=100; plating_condition=0; below_limit_of_quantification; n0_source=none_available; bql_contradicted_by_another_plating_of_same_sample_by_2.7_log10
era4tb,M. tuberculosis,standard,,isoniazid,1.0,xMIC,1.0,era4tb_B_INH1x_r3,,14.0,3.14612803567824,False,2.0,plated_volume_uL=10; plating_condition=1; n0_source=none_available
era4tb,M. tuberculosis,standard,,isoniazid,1.0,xMIC,1.0,era4tb_B_INH1x_r3,,14.0,3.69897000433602,False,2.0,plated_volume_uL=10; plating_condition=2; n0_source=none_available
era4tb,M. tuberculosis,standard,,isoniazid,1.0,xMIC,1.0,era4tb_B_INH1x_r3,,14.0,3.44715803134222,False,2.6020599913279625,plated_volume_uL=2.5; plating_condition=3; n0_source=none_available
era4tb,M. tuberculosis,standard,,isoniazid,1.0,xMIC,1.0,era4tb_B_INH1x_r3,,21.0,,False,1.0,plated_volume_uL=100; plating_condition=0; no_value_reported_not_censored; n0_source=none_available
era4tb,M. tuberculosis,standard,,isoniazid,1.0,xMIC,1.0,era4tb_B_INH1x_r3,,21.0,,False,2.0,plated_volume_uL=10; plating_condition=1; no_value_reported_not_censored; n0_source=none_available
era4tb,M. tuberculosis,standard,,isoniazid,1.0,xMIC,1.0,era4tb_B_INH1x_r3,,21.0,,False,2.0,plated_volume_uL=10; plating_condition=2; no_value_reported_not_censored; n0_source=none_available
era4tb,M. tuberculosis,standard,,isoniazid,1.0,xMIC,1.0,era4tb_B_INH1x_r3,,21.0,,False,2.6020599913279625,plated_volume_uL=2.5; plating_condition=3; no_value_reported_not_censored; n0_source=none_available
era4tb,M. tuberculosis,standard,,moxifloxacin,10.0,xMIC,10.0,era4tb_B_MXF10x_r1,2.90308998699194,1.0,2.90308998699194,False,1.0,plated_volume_uL=100; plating_condition=0; n0_source_days=1
era4tb,M. tuberculosis,standard,,moxifloxacin,10.0,xMIC,10.0,era4tb_B_MXF10x_r1,2.90308998699194,1.0,2.69897000433602,False,2.0,plated_volume_uL=10; plating_condition=1; n0_source_days=1
era4tb,M. tuberculosis,standard,,moxifloxacin,10.0,xMIC,10.0,era4tb_B_MXF10x_r1,2.90308998699194,1.0,,True,2.0,plated_volume_uL=10; plating_condition=2; below_limit_of_quantification; n0_source_days=1; bql_contradicted_by_another_plating_of_same_sample_by_0.9_log10
era4tb,M. tuberculosis,standard,,moxifloxacin,10.0,xMIC,10.0,era4tb_B_MXF10x_r1,2.90308998699194,1.0,2.60205999132796,False,2.6020599913279625,plated_volume_uL=2.5; plating_condition=3; n0_source_days=1
era4tb,M. tuberculosis,standard,,moxifloxacin,10.0,xMIC,10.0,era4tb_B_MXF10x_r1,2.90308998699194,2.0,2.30102999566398,False,1.0,plated_volume_uL=100; plating_condition=0; n0_source_days=1
era4tb,M. tuberculosis,standard,,moxifloxacin,10.0,xMIC,10.0,era4tb_B_MXF10x_r1,2.90308998699194,2.0,2.0,False,2.0,plated_volume_uL=10; plating_condition=1; n0_source_days=1
era4tb,M. tuberculosis,standard,,moxifloxacin,10.0,xMIC,10.0,era4tb_B_MXF10x_r1,2.90308998699194,2.0,,True,2.0,plated_volume_uL=10; plating_condition=2; below_limit_of_quantification; n0_source_days=1; bql_contradicted_by_another_plating_of_same_sample_by_0.3_log10
era4tb,M. tuberculosis,standard,,moxifloxacin,10.0,xMIC,10.0,era4tb_B_MXF10x_r1,2.90308998699194,2.0,,True,2.6020599913279625,plated_volume_uL=2.5; plating_condition=3; below_limit_of_quantification; n0_source_days=1
era4tb,M. tuberculosis,standard,,moxifloxacin,10.0,xMIC,10.0,era4tb_B_MXF10x_r1,2.90308998699194,3.0,2.47712125471966,False,1.0,plated_volume_uL=100; plating_condition=0; n0_source_days=1
era4tb,M. tuberculosis,standard,,moxifloxacin,10.0,xMIC,10.0,era4tb_B_MXF10x_r1,2.90308998699194,3.0,,True,2.0,plated_volume_uL=10; plating_condition=1; below_limit_of_quantification; n0_source_days=1; bql_contradicted_by_another_plating_of_same_sample_by_0.9_log10
era4tb,M. tuberculosis,standard,,moxifloxacin,10.0,xMIC,10.0,era4tb_B_MXF10x_r1,2.90308998699194,3.0,,True,2.0,plated_volume_uL=10; plating_condition=2; below_limit_of_quantification; n0_source_days=1; bql_contradicted_by_another_plating_of_same_sample_by_0.9_log10
era4tb,M. tuberculosis,standard,,moxifloxacin,10.0,xMIC,10.0,era4tb_B_MXF10x_r1,2.90308998699194,3.0,2.90308998699194,False,2.6020599913279625,plated_volume_uL=2.5; plating_condition=3; n0_source_days=1
era4tb,M. tuberculosis,standard,,moxifloxacin,10.0,xMIC,10.0,era4tb_B_MXF10x_r1,2.90308998699194,7.0,2.0,False,1.0,plated_volume_uL=100; plating_condition=0; n0_source_days=1
era4tb,M. tuberculosis,standard,,moxifloxacin,10.0,xMIC,10.0,era4tb_B_MXF10x_r1,2.90308998699194,7.0,,True,2.0,plated_volume_uL=10; plating_condition=1; below_limit_of_quantification; n0_source_days=1
era4tb,M. tuberculosis,standard,,moxifloxacin,10.0,xMIC,10.0,era4tb_B_MXF10x_r1,2.90308998699194,7.0,,True,2.0,plated_volume_uL=10; plating_condition=2; below_limit_of_quantification; n0_source_days=1
era4tb,M. tuberculosis,standard,,moxifloxacin,10.0,xMIC,10.0,era4tb_B_MXF10x_r1,2.90308998699194,7.0,,True,2.6020599913279625,plated_volume_uL=2.5; plating_condition=3; below_limit_of_quantification; n0_source_days=1
era4tb,M. tuberculosis,standard,,moxifloxacin,10.0,xMIC,10.0,era4tb_B_MXF10x_r1,2.90308998699194,10.0,,True,1.0,plated_volume_uL=100; plating_condition=0; below_limit_of_quantification; n0_source_days=1
era4tb,M. tuberculosis,standard,,moxifloxacin,10.0,xMIC,10.0,era4tb_B_MXF10x_r1,2.90308998699194,10.0,,True,2.0,plated_volume_uL=10; plating_condition=1; below_limit_of_quantification; n0_source_days=1
era4tb,M. tuberculosis,standard,,moxifloxacin,10.0,xMIC,10.0,era4tb_B_MXF10x_r1,2.90308998699194,10.0,,True,2.0,plated_volume_uL=10; plating_condition=2; below_limit_of_quantification; n0_source_days=1
era4tb,M. tuberculosis,standard,,moxifloxacin,10.0,xMIC,10.0,era4tb_B_MXF10x_r1,2.90308998699194,10.0,,True,2.6020599913279625,plated_volume_uL=2.5; plating_condition=3; below_limit_of_quantification; n0_source_days=1
era4tb,M. tuberculosis,standard,,moxifloxacin,10.0,xMIC,10.0,era4tb_B_MXF10x_r1,2.90308998699194,14.0,,True,1.0,plated_volume_uL=100; plating_condition=0; below_limit_of_quantification; n0_source_days=1
era4tb,M. tuberculosis,standard,,moxifloxacin,10.0,xMIC,10.0,era4tb_B_MXF10x_r1,2.90308998699194,14.0,,True,2.0,plated_volume_uL=10; plating_condition=1; below_limit_of_quantification; n0_source_days=1
era4tb,M. tuberculosis,standard,,moxifloxacin,10.0,xMIC,10.0,era4tb_B_MXF10x_r1,2.90308998699194,14.0,,True,2.0,plated_volume_uL=10; plating_condition=2; below_limit_of_quantification; n0_source_days=1
era4tb,M. tuberculosis,standard,,moxifloxacin,10.0,xMIC,10.0,era4tb_B_MXF10x_r1,2.90308998699194,14.0,,True,2.6020599913279625,plated_volume_uL=2.5; plating_condition=3; below_limit_of_quantification; n0_source_days=1
era4tb,M. tuberculosis,standard,,moxifloxacin,10.0,xMIC,10.0,era4tb_B_MXF10x_r1,2.90308998699194,21.0,,False,1.0,plated_volume_uL=100; plating_condition=0; no_value_reported_not_censored; n0_source_days=1
era4tb,M. tuberculosis,standard,,moxifloxacin,10.0,xMIC,10.0,era4tb_B_MXF10x_r1,2.90308998699194,21.0,,False,2.0,plated_volume_uL=10; plating_condition=1; no_value_reported_not_censored; n0_source_days=1
era4tb,M. tuberculosis,standard,,moxifloxacin,10.0,xMIC,10.0,era4tb_B_MXF10x_r1,2.90308998699194,21.0,,False,2.0,plated_volume_uL=10; plating_condition=2; no_value_reported_not_censored; n0_source_days=1
era4tb,M. tuberculosis,standard,,moxifloxacin,10.0,xMIC,10.0,era4tb_B_MXF10x_r1,2.90308998699194,21.0,,False,2.6020599913279625,plated_volume_uL=2.5; plating_condition=3; no_value_reported_not_censored; n0_source_days=1
era4tb,M. tuberculosis,standard,,moxifloxacin,10.0,xMIC,10.0,era4tb_B_MXF10x_r2,2.95424250943932,1.0,2.95424250943932,False,1.0,plated_volume_uL=100; plating_condition=0; n0_source_days=1
era4tb,M. tuberculosis,standard,,moxifloxacin,10.0,xMIC,10.0,era4tb_B_MXF10x_r2,2.95424250943932,1.0,3.0,False,2.0,plated_volume_uL=10; plating_condition=1; n0_source_days=1
era4tb,M. tuberculosis,standard,,moxifloxacin,10.0,xMIC,10.0,era4tb_B_MXF10x_r2,2.95424250943932,1.0,3.30102999566398,False,2.0,plated_volume_uL=10; plating_condition=2; n0_source_days=1
era4tb,M. tuberculosis,standard,,moxifloxacin,10.0,xMIC,10.0,era4tb_B_MXF10x_r2,2.95424250943932,1.0,2.90308998699194,False,2.6020599913279625,plated_volume_uL=2.5; plating_condition=3; n0_source_days=1
era4tb,M. tuberculosis,standard,,moxifloxacin,10.0,xMIC,10.0,era4tb_B_MXF10x_r2,2.95424250943932,2.0,2.47712125471966,False,1.0,plated_volume_uL=100; plating_condition=0; n0_source_days=1
era4tb,M. tuberculosis,standard,,moxifloxacin,10.0,xMIC,10.0,era4tb_B_MXF10x_r2,2.95424250943932,2.0,2.0,False,2.0,plated_volume_uL=10; plating_condition=1; n0_source_days=1
era4tb,M. tuberculosis,standard,,moxifloxacin,10.0,xMIC,10.0,era4tb_B_MXF10x_r2,2.95424250943932,2.0,,True,2.0,plated_volume_uL=10; plating_condition=2; below_limit_of_quantification; n0_source_days=1; bql_contradicted_by_another_plating_of_same_sample_by_0.48_log10
era4tb,M. tuberculosis,standard,,moxifloxacin,10.0,xMIC,10.0,era4tb_B_MXF10x_r2,2.95424250943932,2.0,,True,2.6020599913279625,plated_volume_uL=2.5; plating_condition=3; below_limit_of_quantification; n0_source_days=1
era4tb,M. tuberculosis,standard,,moxifloxacin,10.0,xMIC,10.0,era4tb_B_MXF10x_r2,2.95424250943932,3.0,2.47712125471966,False,1.0,plated_volume_uL=100; plating_condition=0; n0_source_days=1
era4tb,M. tuberculosis,standard,,moxifloxacin,10.0,xMIC,10.0,era4tb_B_MXF10x_r2,2.95424250943932,3.0,2.0,False,2.0,plated_volume_uL=10; plating_condition=1; n0_source_days=1
era4tb,M. tuberculosis,standard,,moxifloxacin,10.0,xMIC,10.0,era4tb_B_MXF10x_r2,2.95424250943932,3.0,3.0,False,2.0,plated_volume_uL=10; plating_condition=2; n0_source_days=1
era4tb,M. tuberculosis,standard,,moxifloxacin,10.0,xMIC,10.0,era4tb_B_MXF10x_r2,2.95424250943932,3.0,2.90308998699194,False,2.6020599913279625,plated_volume_uL=2.5; plating_condition=3; n0_source_days=1
era4tb,M. tuberculosis,standard,,moxifloxacin,10.0,xMIC,10.0,era4tb_B_MXF10x_r2,2.95424250943932,7.0,2.30102999566398,False,1.0,plated_volume_uL=100; plating_condition=0; n0_source_days=1
era4tb,M. tuberculosis,standard,,moxifloxacin,10.0,xMIC,10.0,era4tb_B_MXF10x_r2,2.95424250943932,7.0,2.30102999566398,False,2.0,plated_volume_uL=10; plating_condition=1; n0_source_days=1
era4tb,M. tuberculosis,standard,,moxifloxacin,10.0,xMIC,10.0,era4tb_B_MXF10x_r2,2.95424250943932,7.0,,True,2.0,plated_volume_uL=10; plating_condition=2; below_limit_of_quantification; n0_source_days=1; bql_contradicted_by_another_plating_of_same_sample_by_0.3_log10
era4tb,M. tuberculosis,standard,,moxifloxacin,10.0,xMIC,10.0,era4tb_B_MXF10x_r2,2.95424250943932,7.0,,True,2.6020599913279625,plated_volume_uL=2.5; plating_condition=3; below_limit_of_quantification; n0_source_days=1
era4tb,M. tuberculosis,standard,,moxifloxacin,10.0,xMIC,10.0,era4tb_B_MXF10x_r2,2.95424250943932,10.0,,True,1.0,plated_volume_uL=100; plating_condition=0; below_limit_of_quantification; n0_source_days=1; bql_contradicted_by_another_plating_of_same_sample_by_1.6_log10
era4tb,M. tuberculosis,standard,,moxifloxacin,10.0,xMIC,10.0,era4tb_B_MXF10x_r2,2.95424250943932,10.0,,True,2.0,plated_volume_uL=10; plating_condition=1; below_limit_of_quantification; n0_source_days=1; bql_contradicted_by_another_plating_of_same_sample_by_0.6_log10
era4tb,M. tuberculosis,standard,,moxifloxacin,10.0,xMIC,10.0,era4tb_B_MXF10x_r2,2.95424250943932,10.0,,True,2.0,plated_volume_uL=10; plating_condition=2; below_limit_of_quantification; n0_source_days=1; bql_contradicted_by_another_plating_of_same_sample_by_0.6_log10
era4tb,M. tuberculosis,standard,,moxifloxacin,10.0,xMIC,10.0,era4tb_B_MXF10x_r2,2.95424250943932,10.0,2.60205999132796,False,2.6020599913279625,plated_volume_uL=2.5; plating_condition=3; n0_source_days=1
era4tb,M. tuberculosis,standard,,moxifloxacin,10.0,xMIC,10.0,era4tb_B_MXF10x_r2,2.95424250943932,14.0,,True,1.0,plated_volume_uL=100; plating_condition=0; below_limit_of_quantification; n0_source_days=1; bql_contradicted_by_another_plating_of_same_sample_by_1.0_log10
era4tb,M. tuberculosis,standard,,moxifloxacin,10.0,xMIC,10.0,era4tb_B_MXF10x_r2,2.95424250943932,14.0,2.0,False,2.0,plated_volume_uL=10; plating_condition=1; n0_source_days=1
era4tb,M. tuberculosis,standard,,moxifloxacin,10.0,xMIC,10.0,era4tb_B_MXF10x_r2,2.95424250943932,14.0,,True,2.0,plated_volume_uL=10; plating_condition=2; below_limit_of_quantification; n0_source_days=1
era4tb,M. tuberculosis,standard,,moxifloxacin,10.0,xMIC,10.0,era4tb_B_MXF10x_r2,2.95424250943932,14.0,,True,2.6020599913279625,plated_volume_uL=2.5; plating_condition=3; below_limit_of_quantification; n0_source_days=1
era4tb,M. tuberculosis,standard,,moxifloxacin,10.0,xMIC,10.0,era4tb_B_MXF10x_r2,2.95424250943932,21.0,,False,1.0,plated_volume_uL=100; plating_condition=0; no_value_reported_not_censored; n0_source_days=1
era4tb,M. tuberculosis,standard,,moxifloxacin,10.0,xMIC,10.0,era4tb_B_MXF10x_r2,2.95424250943932,21.0,,False,2.0,plated_volume_uL=10; plating_condition=1; no_value_reported_not_censored; n0_source_days=1
era4tb,M. tuberculosis,standard,,moxifloxacin,10.0,xMIC,10.0,era4tb_B_MXF10x_r2,2.95424250943932,21.0,,False,2.0,plated_volume_uL=10; plating_condition=2; no_value_reported_not_censored; n0_source_days=1
era4tb,M. tuberculosis,standard,,moxifloxacin,10.0,xMIC,10.0,era4tb_B_MXF10x_r2,2.95424250943932,21.0,,False,2.6020599913279625,plated_volume_uL=2.5; plating_condition=3; no_value_reported_not_censored; n0_source_days=1
era4tb,M. tuberculosis,standard,,moxifloxacin,10.0,xMIC,10.0,era4tb_B_MXF10x_r3,2.77815125038364,1.0,2.77815125038364,False,1.0,plated_volume_uL=100; plating_condition=0; n0_source_days=1
era4tb,M. tuberculosis,standard,,moxifloxacin,10.0,xMIC,10.0,era4tb_B_MXF10x_r3,2.77815125038364,1.0,2.47712125471966,False,2.0,plated_volume_uL=10; plating_condition=1; n0_source_days=1
era4tb,M. tuberculosis,standard,,moxifloxacin,10.0,xMIC,10.0,era4tb_B_MXF10x_r3,2.77815125038364,1.0,,True,2.0,plated_volume_uL=10; plating_condition=2; below_limit_of_quantification; n0_source_days=1; bql_contradicted_by_another_plating_of_same_sample_by_0.78_log10
era4tb,M. tuberculosis,standard,,moxifloxacin,10.0,xMIC,10.0,era4tb_B_MXF10x_r3,2.77815125038364,1.0,2.60205999132796,False,2.6020599913279625,plated_volume_uL=2.5; plating_condition=3; n0_source_days=1
era4tb,M. tuberculosis,standard,,moxifloxacin,10.0,xMIC,10.0,era4tb_B_MXF10x_r3,2.77815125038364,2.0,2.0,False,1.0,plated_volume_uL=100; plating_condition=0; n0_source_days=1
era4tb,M. tuberculosis,standard,,moxifloxacin,10.0,xMIC,10.0,era4tb_B_MXF10x_r3,2.77815125038364,2.0,2.30102999566398,False,2.0,plated_volume_uL=10; plating_condition=1; n0_source_days=1
era4tb,M. tuberculosis,standard,,moxifloxacin,10.0,xMIC,10.0,era4tb_B_MXF10x_r3,2.77815125038364,2.0,,True,2.0,plated_volume_uL=10; plating_condition=2; below_limit_of_quantification; n0_source_days=1; bql_contradicted_by_another_plating_of_same_sample_by_0.9_log10
era4tb,M. tuberculosis,standard,,moxifloxacin,10.0,xMIC,10.0,era4tb_B_MXF10x_r3,2.77815125038364,2.0,2.90308998699194,False,2.6020599913279625,plated_volume_uL=2.5; plating_condition=3; n0_source_days=1
era4tb,M. tuberculosis,standard,,moxifloxacin,10.0,xMIC,10.0,era4tb_B_MXF10x_r3,2.77815125038364,3.0,2.30102999566398,False,2.0,plated_volume_uL=10; plating_condition=1; n0_source_days=1
era4tb,M. tuberculosis,standard,,moxifloxacin,10.0,xMIC,10.0,era4tb_B_MXF10x_r3,2.77815125038364,3.0,,True,2.0,plated_volume_uL=10; plating_condition=2; below_limit_of_quantification; n0_source_days=1; bql_contradicted_by_another_plating_of_same_sample_by_0.3_log10
era4tb,M. tuberculosis,standard,,moxifloxacin,10.0,xMIC,10.0,era4tb_B_MXF10x_r3,2.77815125038364,3.0,,True,2.6020599913279625,plated_volume_uL=2.5; plating_condition=3; below_limit_of_quantification; n0_source_days=1
era4tb,M. tuberculosis,standard,,moxifloxacin,10.0,xMIC,10.0,era4tb_B_MXF10x_r3,2.77815125038364,7.0,2.0,False,1.0,plated_volume_uL=100; plating_condition=0; n0_source_days=1
era4tb,M. tuberculosis,standard,,moxifloxacin,10.0,xMIC,10.0,era4tb_B_MXF10x_r3,2.77815125038364,7.0,,True,2.0,plated_volume_uL=10; plating_condition=1; below_limit_of_quantification; n0_source_days=1
era4tb,M. tuberculosis,standard,,moxifloxacin,10.0,xMIC,10.0,era4tb_B_MXF10x_r3,2.77815125038364,7.0,,True,2.0,plated_volume_uL=10; plating_condition=2; below_limit_of_quantification; n0_source_days=1
era4tb,M. tuberculosis,standard,,moxifloxacin,10.0,xMIC,10.0,era4tb_B_MXF10x_r3,2.77815125038364,7.0,,True,2.6020599913279625,plated_volume_uL=2.5; plating_condition=3; below_limit_of_quantification; n0_source_days=1
era4tb,M. tuberculosis,standard,,moxifloxacin,10.0,xMIC,10.0,era4tb_B_MXF10x_r3,2.77815125038364,10.0,,True,1.0,plated_volume_uL=100; plating_condition=0; below_limit_of_quantification; n0_source_days=1
era4tb,M. tuberculosis,standard,,moxifloxacin,10.0,xMIC,10.0,era4tb_B_MXF10x_r3,2.77815125038364,10.0,,True,2.0,plated_volume_uL=10; plating_condition=1; below_limit_of_quantification; n0_source_days=1
era4tb,M. tuberculosis,standard,,moxifloxacin,10.0,xMIC,10.0,era4tb_B_MXF10x_r3,2.77815125038364,10.0,,True,2.0,plated_volume_uL=10; plating_condition=2; below_limit_of_quantification; n0_source_days=1
era4tb,M. tuberculosis,standard,,moxifloxacin,10.0,xMIC,10.0,era4tb_B_MXF10x_r3,2.77815125038364,10.0,,True,2.6020599913279625,plated_volume_uL=2.5; plating_condition=3; below_limit_of_quantification; n0_source_days=1
era4tb,M. tuberculosis,standard,,moxifloxacin,10.0,xMIC,10.0,era4tb_B_MXF10x_r3,2.77815125038364,14.0,,True,1.0,plated_volume_uL=100; plating_condition=0; below_limit_of_quantification; n0_source_days=1
era4tb,M. tuberculosis,standard,,moxifloxacin,10.0,xMIC,10.0,era4tb_B_MXF10x_r3,2.77815125038364,14.0,,True,2.0,plated_volume_uL=10; plating_condition=1; below_limit_of_quantification; n0_source_days=1
era4tb,M. tuberculosis,standard,,moxifloxacin,10.0,xMIC,10.0,era4tb_B_MXF10x_r3,2.77815125038364,14.0,,True,2.0,plated_volume_uL=10; plating_condition=2; below_limit_of_quantification; n0_source_days=1
era4tb,M. tuberculosis,standard,,moxifloxacin,10.0,xMIC,10.0,era4tb_B_MXF10x_r3,2.77815125038364,14.0,,True,2.6020599913279625,plated_volume_uL=2.5; plating_condition=3; below_limit_of_quantification; n0_source_days=1
era4tb,M. tuberculosis,standard,,moxifloxacin,10.0,xMIC,10.0,era4tb_B_MXF10x_r3,2.77815125038364,21.0,,False,1.0,plated_volume_uL=100; plating_condition=0; no_value_reported_not_censored; n0_source_days=1
era4tb,M. tuberculosis,standard,,moxifloxacin,10.0,xMIC,10.0,era4tb_B_MXF10x_r3,2.77815125038364,21.0,,False,2.0,plated_volume_uL=10; plating_condition=1; no_value_reported_not_censored; n0_source_days=1
era4tb,M. tuberculosis,standard,,moxifloxacin,10.0,xMIC,10.0,era4tb_B_MXF10x_r3,2.77815125038364,21.0,,False,2.0,plated_volume_uL=10; plating_condition=2; no_value_reported_not_censored; n0_source_days=1
era4tb,M. tuberculosis,standard,,moxifloxacin,10.0,xMIC,10.0,era4tb_B_MXF10x_r3,2.77815125038364,21.0,,False,2.6020599913279625,plated_volume_uL=2.5; plating_condition=3; no_value_reported_not_censored; n0_source_days=1
era4tb,M. tuberculosis,standard,,moxifloxacin,1.0,xMIC,1.0,era4tb_B_MXF1x_r1,3.70757017609794,1.0,3.70757017609794,False,1.0,plated_volume_uL=100; plating_condition=0; n0_source_days=1
era4tb,M. tuberculosis,standard,,moxifloxacin,1.0,xMIC,1.0,era4tb_B_MXF1x_r1,3.70757017609794,1.0,3.7481880270062,False,2.0,plated_volume_uL=10; plating_condition=1; n0_source_days=1
era4tb,M. tuberculosis,standard,,moxifloxacin,1.0,xMIC,1.0,era4tb_B_MXF1x_r1,3.70757017609794,1.0,3.60205999132796,False,2.0,plated_volume_uL=10; plating_condition=2; n0_source_days=1
era4tb,M. tuberculosis,standard,,moxifloxacin,1.0,xMIC,1.0,era4tb_B_MXF1x_r1,3.70757017609794,1.0,3.44715803134222,False,2.6020599913279625,plated_volume_uL=2.5; plating_condition=3; n0_source_days=1
era4tb,M. tuberculosis,standard,,moxifloxacin,1.0,xMIC,1.0,era4tb_B_MXF1x_r1,3.70757017609794,2.0,,True,1.0,plated_volume_uL=100; plating_condition=0; below_limit_of_quantification; n0_source_days=1; bql_contradicted_by_another_plating_of_same_sample_by_2.95_log10
era4tb,M. tuberculosis,standard,,moxifloxacin,1.0,xMIC,1.0,era4tb_B_MXF1x_r1,3.70757017609794,2.0,3.77815125038364,False,2.0,plated_volume_uL=10; plating_condition=1; n0_source_days=1
era4tb,M. tuberculosis,standard,,moxifloxacin,1.0,xMIC,1.0,era4tb_B_MXF1x_r1,3.70757017609794,2.0,3.95424250943932,False,2.0,plated_volume_uL=10; plating_condition=2; n0_source_days=1
era4tb,M. tuberculosis,standard,,moxifloxacin,1.0,xMIC,1.0,era4tb_B_MXF1x_r1,3.70757017609794,2.0,3.90308998699194,False,2.6020599913279625,plated_volume_uL=2.5; plating_condition=3; n0_source_days=1
era4tb,M. tuberculosis,standard,,moxifloxacin,1.0,xMIC,1.0,era4tb_B_MXF1x_r1,3.70757017609794,3.0,3.17609125905568,False,1.0,plated_volume_uL=100; plating_condition=0; n0_source_days=1
era4tb,M. tuberculosis,standard,,moxifloxacin,1.0,xMIC,1.0,era4tb_B_MXF1x_r1,3.70757017609794,3.0,3.84509804001426,False,2.0,plated_volume_uL=10; plating_condition=1; n0_source_days=1
era4tb,M. tuberculosis,standard,,moxifloxacin,1.0,xMIC,1.0,era4tb_B_MXF1x_r1,3.70757017609794,3.0,3.84509804001426,False,2.0,plated_volume_uL=10; plating_condition=2; n0_source_days=1
era4tb,M. tuberculosis,standard,,moxifloxacin,1.0,xMIC,1.0,era4tb_B_MXF1x_r1,3.70757017609794,3.0,4.30102999566398,False,2.6020599913279625,plated_volume_uL=2.5; plating_condition=3; n0_source_days=1
era4tb,M. tuberculosis,standard,,moxifloxacin,1.0,xMIC,1.0,era4tb_B_MXF1x_r1,3.70757017609794,7.0,3.7481880270062,False,1.0,plated_volume_uL=100; plating_condition=0; n0_source_days=1
era4tb,M. tuberculosis,standard,,moxifloxacin,1.0,xMIC,1.0,era4tb_B_MXF1x_r1,3.70757017609794,7.0,3.84509804001426,False,2.0,plated_volume_uL=10; plating_condition=1; n0_source_days=1
era4tb,M. tuberculosis,standard,,moxifloxacin,1.0,xMIC,1.0,era4tb_B_MXF1x_r1,3.70757017609794,7.0,3.69897000433602,False,2.0,plated_volume_uL=10; plating_condition=2; n0_source_days=1
era4tb,M. tuberculosis,standard,,moxifloxacin,1.0,xMIC,1.0,era4tb_B_MXF1x_r1,3.70757017609794,7.0,3.7160033436348,False,2.6020599913279625,plated_volume_uL=2.5; plating_condition=3; n0_source_days=1
era4tb,M. tuberculosis,standard,,moxifloxacin,1.0,xMIC,1.0,era4tb_B_MXF1x_r1,3.70757017609794,10.0,4.20411998265593,False,1.0,plated_volume_uL=100; plating_condition=0; n0_source_days=1
era4tb,M. tuberculosis,standard,,moxifloxacin,1.0,xMIC,1.0,era4tb_B_MXF1x_r1,3.70757017609794,10.0,4.30102999566398,False,2.0,plated_volume_uL=10; plating_condition=1; n0_source_days=1
era4tb,M. tuberculosis,standard,,moxifloxacin,1.0,xMIC,1.0,era4tb_B_MXF1x_r1,3.70757017609794,10.0,4.27875360095283,False,2.0,plated_volume_uL=10; plating_condition=2; n0_source_days=1
era4tb,M. tuberculosis,standard,,moxifloxacin,1.0,xMIC,1.0,era4tb_B_MXF1x_r1,3.70757017609794,10.0,4.20411998265593,False,2.6020599913279625,plated_volume_uL=2.5; plating_condition=3; n0_source_days=1
era4tb,M. tuberculosis,standard,,moxifloxacin,1.0,xMIC,1.0,era4tb_B_MXF1x_r1,3.70757017609794,14.0,4.39794000867204,False,1.0,plated_volume_uL=100; plating_condition=0; n0_source_days=1
era4tb,M. tuberculosis,standard,,moxifloxacin,1.0,xMIC,1.0,era4tb_B_MXF1x_r1,3.70757017609794,14.0,5.27875360095283,False,2.0,plated_volume_uL=10; plating_condition=1; n0_source_days=1
era4tb,M. tuberculosis,standard,,moxifloxacin,1.0,xMIC,1.0,era4tb_B_MXF1x_r1,3.70757017609794,14.0,5.30102999566398,False,2.0,plated_volume_uL=10; plating_condition=2; n0_source_days=1
era4tb,M. tuberculosis,standard,,moxifloxacin,1.0,xMIC,1.0,era4tb_B_MXF1x_r1,3.70757017609794,14.0,5.60205999132796,False,2.6020599913279625,plated_volume_uL=2.5; plating_condition=3; n0_source_days=1
era4tb,M. tuberculosis,standard,,moxifloxacin,1.0,xMIC,1.0,era4tb_B_MXF1x_r1,3.70757017609794,21.0,,False,1.0,plated_volume_uL=100; plating_condition=0; no_value_reported_not_censored; n0_source_days=1
era4tb,M. tuberculosis,standard,,moxifloxacin,1.0,xMIC,1.0,era4tb_B_MXF1x_r1,3.70757017609794,21.0,,False,2.0,plated_volume_uL=10; plating_condition=1; no_value_reported_not_censored; n0_source_days=1
era4tb,M. tuberculosis,standard,,moxifloxacin,1.0,xMIC,1.0,era4tb_B_MXF1x_r1,3.70757017609794,21.0,,False,2.0,plated_volume_uL=10; plating_condition=2; no_value_reported_not_censored; n0_source_days=1
era4tb,M. tuberculosis,standard,,moxifloxacin,1.0,xMIC,1.0,era4tb_B_MXF1x_r1,3.70757017609794,21.0,,False,2.6020599913279625,plated_volume_uL=2.5; plating_condition=3; no_value_reported_not_censored; n0_source_days=1
era4tb,M. tuberculosis,standard,,moxifloxacin,1.0,xMIC,1.0,era4tb_B_MXF1x_r2,,1.0,3.50514997831991,False,2.0,plated_volume_uL=10; plating_condition=1; n0_source=none_available
era4tb,M. tuberculosis,standard,,moxifloxacin,1.0,xMIC,1.0,era4tb_B_MXF1x_r2,,1.0,3.90308998699194,False,2.0,plated_volume_uL=10; plating_condition=2; n0_source=none_available
era4tb,M. tuberculosis,standard,,moxifloxacin,1.0,xMIC,1.0,era4tb_B_MXF1x_r2,,1.0,3.55630250076729,False,2.6020599913279625,plated_volume_uL=2.5; plating_condition=3; n0_source=none_available
era4tb,M. tuberculosis,standard,,moxifloxacin,1.0,xMIC,1.0,era4tb_B_MXF1x_r2,,2.0,3.07918124604762,False,1.0,plated_volume_uL=100; plating_condition=0; n0_source=none_available
era4tb,M. tuberculosis,standard,,moxifloxacin,1.0,xMIC,1.0,era4tb_B_MXF1x_r2,,2.0,3.23044892137827,False,2.0,plated_volume_uL=10; plating_condition=1; n0_source=none_available
era4tb,M. tuberculosis,standard,,moxifloxacin,1.0,xMIC,1.0,era4tb_B_MXF1x_r2,,2.0,3.30102999566398,False,2.0,plated_volume_uL=10; plating_condition=2; n0_source=none_available
era4tb,M. tuberculosis,standard,,moxifloxacin,1.0,xMIC,1.0,era4tb_B_MXF1x_r2,,2.0,3.90308998699194,False,2.6020599913279625,plated_volume_uL=2.5; plating_condition=3; n0_source=none_available
era4tb,M. tuberculosis,standard,,moxifloxacin,1.0,xMIC,1.0,era4tb_B_MXF1x_r2,,3.0,3.46239799789896,False,1.0,plated_volume_uL=100; plating_condition=0; n0_source=none_available
era4tb,M. tuberculosis,standard,,moxifloxacin,1.0,xMIC,1.0,era4tb_B_MXF1x_r2,,3.0,3.77815125038364,False,2.0,plated_volume_uL=10; plating_condition=1; n0_source=none_available
era4tb,M. tuberculosis,standard,,moxifloxacin,1.0,xMIC,1.0,era4tb_B_MXF1x_r2,,3.0,4.07918124604763,False,2.0,plated_volume_uL=10; plating_condition=2; n0_source=none_available
era4tb,M. tuberculosis,standard,,moxifloxacin,1.0,xMIC,1.0,era4tb_B_MXF1x_r2,,3.0,4.07918124604763,False,2.6020599913279625,plated_volume_uL=2.5; plating_condition=3; n0_source=none_available
era4tb,M. tuberculosis,standard,,moxifloxacin,1.0,xMIC,1.0,era4tb_B_MXF1x_r2,,7.0,3.76342799356294,False,1.0,plated_volume_uL=100; plating_condition=0; n0_source=none_available
era4tb,M. tuberculosis,standard,,moxifloxacin,1.0,xMIC,1.0,era4tb_B_MXF1x_r2,,7.0,3.84509804001426,False,2.0,plated_volume_uL=10; plating_condition=1; n0_source=none_available
era4tb,M. tuberculosis,standard,,moxifloxacin,1.0,xMIC,1.0,era4tb_B_MXF1x_r2,,7.0,3.77815125038364,False,2.0,plated_volume_uL=10; plating_condition=2; n0_source=none_available
era4tb,M. tuberculosis,standard,,moxifloxacin,1.0,xMIC,1.0,era4tb_B_MXF1x_r2,,7.0,3.7481880270062,False,2.6020599913279625,plated_volume_uL=2.5; plating_condition=3; n0_source=none_available
era4tb,M. tuberculosis,standard,,moxifloxacin,1.0,xMIC,1.0,era4tb_B_MXF1x_r2,,10.0,4.20411998265593,False,1.0,plated_volume_uL=100; plating_condition=0; n0_source=none_available
era4tb,M. tuberculosis,standard,,moxifloxacin,1.0,xMIC,1.0,era4tb_B_MXF1x_r2,,10.0,4.14612803567824,False,2.0,plated_volume_uL=10; plating_condition=1; n0_source=none_available
era4tb,M. tuberculosis,standard,,moxifloxacin,1.0,xMIC,1.0,era4tb_B_MXF1x_r2,,10.0,4.39794000867204,False,2.0,plated_volume_uL=10; plating_condition=2; n0_source=none_available
era4tb,M. tuberculosis,standard,,moxifloxacin,1.0,xMIC,1.0,era4tb_B_MXF1x_r2,,10.0,4.07918124604763,False,2.6020599913279625,plated_volume_uL=2.5; plating_condition=3; n0_source=none_available
era4tb,M. tuberculosis,standard,,moxifloxacin,1.0,xMIC,1.0,era4tb_B_MXF1x_r2,,14.0,4.20411998265593,False,1.0,plated_volume_uL=100; plating_condition=0; n0_source=none_available
era4tb,M. tuberculosis,standard,,moxifloxacin,1.0,xMIC,1.0,era4tb_B_MXF1x_r2,,14.0,5.27875360095283,False,2.0,plated_volume_uL=10; plating_condition=1; n0_source=none_available
era4tb,M. tuberculosis,standard,,moxifloxacin,1.0,xMIC,1.0,era4tb_B_MXF1x_r2,,14.0,5.63346845557959,False,2.0,plated_volume_uL=10; plating_condition=2; n0_source=none_available
era4tb,M. tuberculosis,standard,,moxifloxacin,1.0,xMIC,1.0,era4tb_B_MXF1x_r2,,14.0,4.90308998699194,False,2.6020599913279625,plated_volume_uL=2.5; plating_condition=3; n0_source=none_available
era4tb,M. tuberculosis,standard,,moxifloxacin,1.0,xMIC,1.0,era4tb_B_MXF1x_r2,,21.0,,False,1.0,plated_volume_uL=100; plating_condition=0; no_value_reported_not_censored; n0_source=none_available
era4tb,M. tuberculosis,standard,,moxifloxacin,1.0,xMIC,1.0,era4tb_B_MXF1x_r2,,21.0,,False,2.0,plated_volume_uL=10; plating_condition=1; no_value_reported_not_censored; n0_source=none_available
era4tb,M. tuberculosis,standard,,moxifloxacin,1.0,xMIC,1.0,era4tb_B_MXF1x_r2,,21.0,,False,2.0,plated_volume_uL=10; plating_condition=2; no_value_reported_not_censored; n0_source=none_available
era4tb,M. tuberculosis,standard,,moxifloxacin,1.0,xMIC,1.0,era4tb_B_MXF1x_r2,,21.0,,False,2.6020599913279625,plated_volume_uL=2.5; plating_condition=3; no_value_reported_not_censored; n0_source=none_available
era4tb,M. tuberculosis,standard,,moxifloxacin,1.0,xMIC,1.0,era4tb_B_MXF1x_r3,3.25527250510331,1.0,3.25527250510331,False,1.0,plated_volume_uL=100; plating_condition=0; n0_source_days=1
era4tb,M. tuberculosis,standard,,moxifloxacin,1.0,xMIC,1.0,era4tb_B_MXF1x_r3,3.25527250510331,1.0,3.57978359661681,False,2.0,plated_volume_uL=10; plating_condition=1; n0_source_days=1
era4tb,M. tuberculosis,standard,,moxifloxacin,1.0,xMIC,1.0,era4tb_B_MXF1x_r3,3.25527250510331,1.0,3.60205999132796,False,2.0,plated_volume_uL=10; plating_condition=2; n0_source_days=1
era4tb,M. tuberculosis,standard,,moxifloxacin,1.0,xMIC,1.0,era4tb_B_MXF1x_r3,3.25527250510331,1.0,3.20411998265592,False,2.6020599913279625,plated_volume_uL=2.5; plating_condition=3; n0_source_days=1
era4tb,M. tuberculosis,standard,,moxifloxacin,1.0,xMIC,1.0,era4tb_B_MXF1x_r3,3.25527250510331,2.0,3.6232492903979,False,1.0,plated_volume_uL=100; plating_condition=0; n0_source_days=1
era4tb,M. tuberculosis,standard,,moxifloxacin,1.0,xMIC,1.0,era4tb_B_MXF1x_r3,3.25527250510331,2.0,3.69897000433602,False,2.0,plated_volume_uL=10; plating_condition=1; n0_source_days=1
era4tb,M. tuberculosis,standard,,moxifloxacin,1.0,xMIC,1.0,era4tb_B_MXF1x_r3,3.25527250510331,2.0,3.60205999132796,False,2.0,plated_volume_uL=10; plating_condition=2; n0_source_days=1
era4tb,M. tuberculosis,standard,,moxifloxacin,1.0,xMIC,1.0,era4tb_B_MXF1x_r3,3.25527250510331,2.0,4.07918124604763,False,2.6020599913279625,plated_volume_uL=2.5; plating_condition=3; n0_source_days=1
era4tb,M. tuberculosis,standard,,moxifloxacin,1.0,xMIC,1.0,era4tb_B_MXF1x_r3,3.25527250510331,3.0,3.39794000867204,False,1.0,plated_volume_uL=100; plating_condition=0; n0_source_days=1
era4tb,M. tuberculosis,standard,,moxifloxacin,1.0,xMIC,1.0,era4tb_B_MXF1x_r3,3.25527250510331,3.0,3.90308998699194,False,2.0,plated_volume_uL=10; plating_condition=1; n0_source_days=1
era4tb,M. tuberculosis,standard,,moxifloxacin,1.0,xMIC,1.0,era4tb_B_MXF1x_r3,3.25527250510331,3.0,3.84509804001426,False,2.0,plated_volume_uL=10; plating_condition=2; n0_source_days=1
era4tb,M. tuberculosis,standard,,moxifloxacin,1.0,xMIC,1.0,era4tb_B_MXF1x_r3,3.25527250510331,3.0,3.60205999132796,False,2.6020599913279625,plated_volume_uL=2.5; plating_condition=3; n0_source_days=1
era4tb,M. tuberculosis,standard,,moxifloxacin,1.0,xMIC,1.0,era4tb_B_MXF1x_r3,3.25527250510331,7.0,3.38021124171161,False,1.0,plated_volume_uL=100; plating_condition=0; n0_source_days=1
era4tb,M. tuberculosis,standard,,moxifloxacin,1.0,xMIC,1.0,era4tb_B_MXF1x_r3,3.25527250510331,7.0,3.77815125038364,False,2.0,plated_volume_uL=10; plating_condition=1; n0_source_days=1
era4tb,M. tuberculosis,standard,,moxifloxacin,1.0,xMIC,1.0,era4tb_B_MXF1x_r3,3.25527250510331,7.0,4.07918124604763,False,2.0,plated_volume_uL=10; plating_condition=2; n0_source_days=1
era4tb,M. tuberculosis,standard,,moxifloxacin,1.0,xMIC,1.0,era4tb_B_MXF1x_r3,3.25527250510331,7.0,3.64345267648619,False,2.6020599913279625,plated_volume_uL=2.5; plating_condition=3; n0_source_days=1
era4tb,M. tuberculosis,standard,,moxifloxacin,1.0,xMIC,1.0,era4tb_B_MXF1x_r3,3.25527250510331,10.0,4.14612803567824,False,1.0,plated_volume_uL=100; plating_condition=0; n0_source_days=1
era4tb,M. tuberculosis,standard,,moxifloxacin,1.0,xMIC,1.0,era4tb_B_MXF1x_r3,3.25527250510331,10.0,4.27875360095283,False,2.0,plated_volume_uL=10; plating_condition=1; n0_source_days=1
era4tb,M. tuberculosis,standard,,moxifloxacin,1.0,xMIC,1.0,era4tb_B_MXF1x_r3,3.25527250510331,10.0,4.17609125905568,False,2.0,plated_volume_uL=10; plating_condition=2; n0_source_days=1
era4tb,M. tuberculosis,standard,,moxifloxacin,1.0,xMIC,1.0,era4tb_B_MXF1x_r3,3.25527250510331,10.0,4.07918124604763,False,2.6020599913279625,plated_volume_uL=2.5; plating_condition=3; n0_source_days=1
era4tb,M. tuberculosis,standard,,moxifloxacin,1.0,xMIC,1.0,era4tb_B_MXF1x_r3,3.25527250510331,14.0,3.80617997398389,False,1.0,plated_volume_uL=100; plating_condition=0; n0_source_days=1
era4tb,M. tuberculosis,standard,,moxifloxacin,1.0,xMIC,1.0,era4tb_B_MXF1x_r3,3.25527250510331,14.0,5.55630250076729,False,2.0,plated_volume_uL=10; plating_condition=1; n0_source_days=1
era4tb,M. tuberculosis,standard,,moxifloxacin,1.0,xMIC,1.0,era4tb_B_MXF1x_r3,3.25527250510331,14.0,5.27875360095283,False,2.0,plated_volume_uL=10; plating_condition=2; n0_source_days=1
era4tb,M. tuberculosis,standard,,moxifloxacin,1.0,xMIC,1.0,era4tb_B_MXF1x_r3,3.25527250510331,14.0,4.90308998699194,False,2.6020599913279625,plated_volume_uL=2.5; plating_condition=3; n0_source_days=1
era4tb,M. tuberculosis,standard,,moxifloxacin,1.0,xMIC,1.0,era4tb_B_MXF1x_r3,3.25527250510331,21.0,,False,1.0,plated_volume_uL=100; plating_condition=0; no_value_reported_not_censored; n0_source_days=1
era4tb,M. tuberculosis,standard,,moxifloxacin,1.0,xMIC,1.0,era4tb_B_MXF1x_r3,3.25527250510331,21.0,,False,2.0,plated_volume_uL=10; plating_condition=1; no_value_reported_not_censored; n0_source_days=1
era4tb,M. tuberculosis,standard,,moxifloxacin,1.0,xMIC,1.0,era4tb_B_MXF1x_r3,3.25527250510331,21.0,,False,2.0,plated_volume_uL=10; plating_condition=2; no_value_reported_not_censored; n0_source_days=1
era4tb,M. tuberculosis,standard,,moxifloxacin,1.0,xMIC,1.0,era4tb_B_MXF1x_r3,3.25527250510331,21.0,,False,2.6020599913279625,plated_volume_uL=2.5; plating_condition=3; no_value_reported_not_censored; n0_source_days=1
era4tb,M. tuberculosis,standard,,none,0.0,xMIC,0.0,era4tb_B_untreated_r1,3.60874197210695,-3.0,3.39794000867204,False,1.0,"plated_volume_uL=100; plating_condition=0; pre_inoculation_reading_time_-3d; n0_source_days=0,1"
era4tb,M. tuberculosis,standard,,none,0.0,xMIC,0.0,era4tb_B_untreated_r1,3.60874197210695,-3.0,3.60205999132796,False,2.0,"plated_volume_uL=10; plating_condition=1; pre_inoculation_reading_time_-3d; n0_source_days=0,1"
era4tb,M. tuberculosis,standard,,none,0.0,xMIC,0.0,era4tb_B_untreated_r1,3.60874197210695,-3.0,3.69897000433602,False,2.0,"plated_volume_uL=10; plating_condition=2; pre_inoculation_reading_time_-3d; n0_source_days=0,1"
era4tb,M. tuberculosis,standard,,none,0.0,xMIC,0.0,era4tb_B_untreated_r1,3.60874197210695,-3.0,3.50514997831991,False,2.6020599913279625,"plated_volume_uL=2.5; plating_condition=3; pre_inoculation_reading_time_-3d; n0_source_days=0,1"
era4tb,M. tuberculosis,standard,,none,0.0,xMIC,0.0,era4tb_B_untreated_r1,3.60874197210695,0.0,3.74036268949424,False,1.0,"plated_volume_uL=100; plating_condition=0; n0_source_days=0,1"
era4tb,M. tuberculosis,standard,,none,0.0,xMIC,0.0,era4tb_B_untreated_r1,3.60874197210695,0.0,3.47712125471966,False,2.0,"plated_volume_uL=10; plating_condition=1; n0_source_days=0,1"
era4tb,M. tuberculosis,standard,,none,0.0,xMIC,0.0,era4tb_B_untreated_r1,3.60874197210695,0.0,3.69897000433602,False,2.0,"plated_volume_uL=10; plating_condition=2; n0_source_days=0,1"
era4tb,M. tuberculosis,standard,,none,0.0,xMIC,0.0,era4tb_B_untreated_r1,3.60874197210695,0.0,3.55630250076729,False,2.6020599913279625,"plated_volume_uL=2.5; plating_condition=3; n0_source_days=0,1"
era4tb,M. tuberculosis,standard,,none,0.0,xMIC,0.0,era4tb_B_untreated_r1,3.60874197210695,1.0,3.47712125471966,False,1.0,"plated_volume_uL=100; plating_condition=0; n0_source_days=0,1"
era4tb,M. tuberculosis,standard,,none,0.0,xMIC,0.0,era4tb_B_untreated_r1,3.60874197210695,1.0,3.14612803567824,False,2.0,"plated_volume_uL=10; plating_condition=1; n0_source_days=0,1"
era4tb,M. tuberculosis,standard,,none,0.0,xMIC,0.0,era4tb_B_untreated_r1,3.60874197210695,1.0,3.60205999132796,False,2.0,"plated_volume_uL=10; plating_condition=2; n0_source_days=0,1"
era4tb,M. tuberculosis,standard,,none,0.0,xMIC,0.0,era4tb_B_untreated_r1,3.60874197210695,1.0,3.60205999132796,False,2.6020599913279625,"plated_volume_uL=2.5; plating_condition=3; n0_source_days=0,1"
era4tb,M. tuberculosis,standard,,none,0.0,xMIC,0.0,era4tb_B_untreated_r1,3.60874197210695,2.0,3.66275783168157,False,1.0,"plated_volume_uL=100; plating_condition=0; n0_source_days=0,1"
era4tb,M. tuberculosis,standard,,none,0.0,xMIC,0.0,era4tb_B_untreated_r1,3.60874197210695,2.0,4.04139268515823,False,2.0,"plated_volume_uL=10; plating_condition=1; n0_source_days=0,1"
era4tb,M. tuberculosis,standard,,none,0.0,xMIC,0.0,era4tb_B_untreated_r1,3.60874197210695,2.0,4.07918124604763,False,2.6020599913279625,"plated_volume_uL=2.5; plating_condition=3; n0_source_days=0,1"
era4tb,M. tuberculosis,standard,,none,0.0,xMIC,0.0,era4tb_B_untreated_r1,3.60874197210695,3.0,3.60205999132796,False,1.0,"plated_volume_uL=100; plating_condition=0; n0_source_days=0,1"
era4tb,M. tuberculosis,standard,,none,0.0,xMIC,0.0,era4tb_B_untreated_r1,3.60874197210695,3.0,4.20411998265593,False,2.0,"plated_volume_uL=10; plating_condition=1; n0_source_days=0,1"
era4tb,M. tuberculosis,standard,,none,0.0,xMIC,0.0,era4tb_B_untreated_r1,3.60874197210695,3.0,4.04139268515823,False,2.0,"plated_volume_uL=10; plating_condition=2; n0_source_days=0,1"
era4tb,M. tuberculosis,standard,,none,0.0,xMIC,0.0,era4tb_B_untreated_r1,3.60874197210695,3.0,4.30102999566398,False,2.6020599913279625,"plated_volume_uL=2.5; plating_condition=3; n0_source_days=0,1"
era4tb,M. tuberculosis,standard,,none,0.0,xMIC,0.0,era4tb_B_untreated_r1,3.60874197210695,7.0,4.83884909073726,False,1.0,"plated_volume_uL=100; plating_condition=0; n0_source_days=0,1"
era4tb,M. tuberculosis,standard,,none,0.0,xMIC,0.0,era4tb_B_untreated_r1,3.60874197210695,7.0,4.84509804001426,False,2.0,"plated_volume_uL=10; plating_condition=1; n0_source_days=0,1"
era4tb,M. tuberculosis,standard,,none,0.0,xMIC,0.0,era4tb_B_untreated_r1,3.60874197210695,7.0,4.60205999132796,False,2.0,"plated_volume_uL=10; plating_condition=2; n0_source_days=0,1"
era4tb,M. tuberculosis,standard,,none,0.0,xMIC,0.0,era4tb_B_untreated_r1,3.60874197210695,7.0,3.60205999132796,False,2.6020599913279625,"plated_volume_uL=2.5; plating_condition=3; n0_source_days=0,1"
era4tb,M. tuberculosis,standard,,none,0.0,xMIC,0.0,era4tb_B_untreated_r1,3.60874197210695,10.0,5.11394335230684,False,1.0,"plated_volume_uL=100; plating_condition=0; n0_source_days=0,1"
era4tb,M. tuberculosis,standard,,none,0.0,xMIC,0.0,era4tb_B_untreated_r1,3.60874197210695,10.0,5.17609125905568,False,2.0,"plated_volume_uL=10; plating_condition=1; n0_source_days=0,1"
era4tb,M. tuberculosis,standard,,none,0.0,xMIC,0.0,era4tb_B_untreated_r1,3.60874197210695,10.0,5.04139268515823,False,2.0,"plated_volume_uL=10; plating_condition=2; n0_source_days=0,1"
era4tb,M. tuberculosis,standard,,none,0.0,xMIC,0.0,era4tb_B_untreated_r1,3.60874197210695,10.0,4.80617997398389,False,2.6020599913279625,"plated_volume_uL=2.5; plating_condition=3; n0_source_days=0,1"
era4tb,M. tuberculosis,standard,,none,0.0,xMIC,0.0,era4tb_B_untreated_r1,3.60874197210695,14.0,5.6232492903979,False,1.0,"plated_volume_uL=100; plating_condition=0; n0_source_days=0,1"
era4tb,M. tuberculosis,standard,,none,0.0,xMIC,0.0,era4tb_B_untreated_r1,3.60874197210695,14.0,6.14612803567824,False,2.0,"plated_volume_uL=10; plating_condition=1; n0_source_days=0,1"
era4tb,M. tuberculosis,standard,,none,0.0,xMIC,0.0,era4tb_B_untreated_r1,3.60874197210695,14.0,5.60205999132796,False,2.0,"plated_volume_uL=10; plating_condition=2; n0_source_days=0,1"
era4tb,M. tuberculosis,standard,,none,0.0,xMIC,0.0,era4tb_B_untreated_r1,3.60874197210695,14.0,5.85733249643127,False,2.6020599913279625,"plated_volume_uL=2.5; plating_condition=3; n0_source_days=0,1"
era4tb,M. tuberculosis,standard,,none,0.0,xMIC,0.0,era4tb_B_untreated_r1,3.60874197210695,21.0,,False,1.0,"plated_volume_uL=100; plating_condition=0; no_value_reported_not_censored; n0_source_days=0,1"
era4tb,M. tuberculosis,standard,,none,0.0,xMIC,0.0,era4tb_B_untreated_r1,3.60874197210695,21.0,,False,2.0,"plated_volume_uL=10; plating_condition=1; no_value_reported_not_censored; n0_source_days=0,1"
era4tb,M. tuberculosis,standard,,none,0.0,xMIC,0.0,era4tb_B_untreated_r1,3.60874197210695,21.0,,False,2.0,"plated_volume_uL=10; plating_condition=2; no_value_reported_not_censored; n0_source_days=0,1"
era4tb,M. tuberculosis,standard,,none,0.0,xMIC,0.0,era4tb_B_untreated_r1,3.60874197210695,21.0,,False,2.6020599913279625,"plated_volume_uL=2.5; plating_condition=3; no_value_reported_not_censored; n0_source_days=0,1"
era4tb,M. tuberculosis,standard,,none,0.0,xMIC,0.0,era4tb_B_untreated_r2,3.39794000867204,-3.0,3.47712125471966,False,1.0,plated_volume_uL=100; plating_condition=0; pre_inoculation_reading_time_-3d; n0_source_days=0
era4tb,M. tuberculosis,standard,,none,0.0,xMIC,0.0,era4tb_B_untreated_r2,3.39794000867204,-3.0,3.95424250943932,False,2.0,plated_volume_uL=10; plating_condition=1; pre_inoculation_reading_time_-3d; n0_source_days=0
era4tb,M. tuberculosis,standard,,none,0.0,xMIC,0.0,era4tb_B_untreated_r2,3.39794000867204,-3.0,3.30102999566398,False,2.0,plated_volume_uL=10; plating_condition=2; pre_inoculation_reading_time_-3d; n0_source_days=0
era4tb,M. tuberculosis,standard,,none,0.0,xMIC,0.0,era4tb_B_untreated_r2,3.39794000867204,-3.0,3.60205999132796,False,2.6020599913279625,plated_volume_uL=2.5; plating_condition=3; pre_inoculation_reading_time_-3d; n0_source_days=0
era4tb,M. tuberculosis,standard,,none,0.0,xMIC,0.0,era4tb_B_untreated_r2,3.39794000867204,0.0,3.39794000867204,False,1.0,plated_volume_uL=100; plating_condition=0; n0_source_days=0
era4tb,M. tuberculosis,standard,,none,0.0,xMIC,0.0,era4tb_B_untreated_r2,3.39794000867204,0.0,3.84509804001426,False,2.0,plated_volume_uL=10; plating_condition=1; n0_source_days=0
era4tb,M. tuberculosis,standard,,none,0.0,xMIC,0.0,era4tb_B_untreated_r2,3.39794000867204,0.0,3.60205999132796,False,2.0,plated_volume_uL=10; plating_condition=2; n0_source_days=0
era4tb,M. tuberculosis,standard,,none,0.0,xMIC,0.0,era4tb_B_untreated_r2,3.39794000867204,0.0,3.64345267648619,False,2.6020599913279625,plated_volume_uL=2.5; plating_condition=3; n0_source_days=0
era4tb,M. tuberculosis,standard,,none,0.0,xMIC,0.0,era4tb_B_untreated_r2,3.39794000867204,1.0,3.84509804001426,False,2.0,plated_volume_uL=10; plating_condition=1; n0_source_days=0
era4tb,M. tuberculosis,standard,,none,0.0,xMIC,0.0,era4tb_B_untreated_r2,3.39794000867204,1.0,4.07918124604763,False,2.0,plated_volume_uL=10; plating_condition=2; n0_source_days=0
era4tb,M. tuberculosis,standard,,none,0.0,xMIC,0.0,era4tb_B_untreated_r2,3.39794000867204,1.0,3.85733249643127,False,2.6020599913279625,plated_volume_uL=2.5; plating_condition=3; n0_source_days=0
era4tb,M. tuberculosis,standard,,none,0.0,xMIC,0.0,era4tb_B_untreated_r2,3.39794000867204,2.0,,True,1.0,plated_volume_uL=100; plating_condition=0; below_limit_of_quantification; n0_source_days=0; bql_contradicted_by_another_plating_of_same_sample_by_2.9_log10
era4tb,M. tuberculosis,standard,,none,0.0,xMIC,0.0,era4tb_B_untreated_r2,3.39794000867204,2.0,3.77815125038364,False,2.0,plated_volume_uL=10; plating_condition=1; n0_source_days=0
era4tb,M. tuberculosis,standard,,none,0.0,xMIC,0.0,era4tb_B_untreated_r2,3.39794000867204,2.0,3.90308998699194,False,2.6020599913279625,plated_volume_uL=2.5; plating_condition=3; n0_source_days=0
era4tb,M. tuberculosis,standard,,none,0.0,xMIC,0.0,era4tb_B_untreated_r2,3.39794000867204,3.0,4.25527250510331,False,1.0,plated_volume_uL=100; plating_condition=0; n0_source_days=0
era4tb,M. tuberculosis,standard,,none,0.0,xMIC,0.0,era4tb_B_untreated_r2,3.39794000867204,3.0,4.07918124604763,False,2.0,plated_volume_uL=10; plating_condition=1; n0_source_days=0
era4tb,M. tuberculosis,standard,,none,0.0,xMIC,0.0,era4tb_B_untreated_r2,3.39794000867204,3.0,4.20411998265593,False,2.0,plated_volume_uL=10; plating_condition=2; n0_source_days=0
era4tb,M. tuberculosis,standard,,none,0.0,xMIC,0.0,era4tb_B_untreated_r2,3.39794000867204,3.0,4.20411998265593,False,2.6020599913279625,plated_volume_uL=2.5; plating_condition=3; n0_source_days=0
era4tb,M. tuberculosis,standard,,none,0.0,xMIC,0.0,era4tb_B_untreated_r2,3.39794000867204,7.0,4.73239375982297,False,1.0,plated_volume_uL=100; plating_condition=0; n0_source_days=0
era4tb,M. tuberculosis,standard,,none,0.0,xMIC,0.0,era4tb_B_untreated_r2,3.39794000867204,7.0,5.0,False,2.0,plated_volume_uL=10; plating_condition=1; n0_source_days=0
era4tb,M. tuberculosis,standard,,none,0.0,xMIC,0.0,era4tb_B_untreated_r2,3.39794000867204,7.0,4.60205999132796,False,2.0,plated_volume_uL=10; plating_condition=2; n0_source_days=0
era4tb,M. tuberculosis,standard,,none,0.0,xMIC,0.0,era4tb_B_untreated_r2,3.39794000867204,7.0,3.55630250076729,False,2.6020599913279625,plated_volume_uL=2.5; plating_condition=3; n0_source_days=0
era4tb,M. tuberculosis,standard,,none,0.0,xMIC,0.0,era4tb_B_untreated_r2,3.39794000867204,10.0,5.23044892137827,False,1.0,plated_volume_uL=100; plating_condition=0; n0_source_days=0
era4tb,M. tuberculosis,standard,,none,0.0,xMIC,0.0,era4tb_B_untreated_r2,3.39794000867204,10.0,5.17609125905568,False,2.0,plated_volume_uL=10; plating_condition=1; n0_source_days=0
era4tb,M. tuberculosis,standard,,none,0.0,xMIC,0.0,era4tb_B_untreated_r2,3.39794000867204,10.0,5.14612803567824,False,2.0,plated_volume_uL=10; plating_condition=2; n0_source_days=0
era4tb,M. tuberculosis,standard,,none,0.0,xMIC,0.0,era4tb_B_untreated_r2,3.39794000867204,10.0,4.85733249643127,False,2.6020599913279625,plated_volume_uL=2.5; plating_condition=3; n0_source_days=0
era4tb,M. tuberculosis,standard,,none,0.0,xMIC,0.0,era4tb_B_untreated_r2,3.39794000867204,14.0,5.41497334797082,False,1.0,plated_volume_uL=100; plating_condition=0; n0_source_days=0
era4tb,M. tuberculosis,standard,,none,0.0,xMIC,0.0,era4tb_B_untreated_r2,3.39794000867204,14.0,5.77815125038364,False,2.0,plated_volume_uL=10; plating_condition=1; n0_source_days=0
era4tb,M. tuberculosis,standard,,none,0.0,xMIC,0.0,era4tb_B_untreated_r2,3.39794000867204,14.0,5.90308998699194,False,2.0,plated_volume_uL=10; plating_condition=2; n0_source_days=0
era4tb,M. tuberculosis,standard,,none,0.0,xMIC,0.0,era4tb_B_untreated_r2,3.39794000867204,14.0,5.83250891270624,False,2.6020599913279625,plated_volume_uL=2.5; plating_condition=3; n0_source_days=0
era4tb,M. tuberculosis,standard,,none,0.0,xMIC,0.0,era4tb_B_untreated_r2,3.39794000867204,21.0,,False,1.0,plated_volume_uL=100; plating_condition=0; no_value_reported_not_censored; n0_source_days=0
era4tb,M. tuberculosis,standard,,none,0.0,xMIC,0.0,era4tb_B_untreated_r2,3.39794000867204,21.0,,False,2.0,plated_volume_uL=10; plating_condition=1; no_value_reported_not_censored; n0_source_days=0
era4tb,M. tuberculosis,standard,,none,0.0,xMIC,0.0,era4tb_B_untreated_r2,3.39794000867204,21.0,,False,2.0,plated_volume_uL=10; plating_condition=2; no_value_reported_not_censored; n0_source_days=0
era4tb,M. tuberculosis,standard,,none,0.0,xMIC,0.0,era4tb_B_untreated_r2,3.39794000867204,21.0,,False,2.6020599913279625,plated_volume_uL=2.5; plating_condition=3; no_value_reported_not_censored; n0_source_days=0
era4tb,M. tuberculosis,standard,,none,0.0,xMIC,0.0,era4tb_B_untreated_r3,3.86332286012046,-3.0,3.51851393987789,False,1.0,plated_volume_uL=100; plating_condition=0; pre_inoculation_reading_time_-3d; n0_source_days=0
era4tb,M. tuberculosis,standard,,none,0.0,xMIC,0.0,era4tb_B_untreated_r3,3.86332286012046,-3.0,3.47712125471966,False,2.0,plated_volume_uL=10; plating_condition=1; pre_inoculation_reading_time_-3d; n0_source_days=0
era4tb,M. tuberculosis,standard,,none,0.0,xMIC,0.0,era4tb_B_untreated_r3,3.86332286012046,-3.0,4.0,False,2.0,plated_volume_uL=10; plating_condition=2; pre_inoculation_reading_time_-3d; n0_source_days=0
era4tb,M. tuberculosis,standard,,none,0.0,xMIC,0.0,era4tb_B_untreated_r3,3.86332286012046,-3.0,3.20411998265592,False,2.6020599913279625,plated_volume_uL=2.5; plating_condition=3; pre_inoculation_reading_time_-3d; n0_source_days=0
era4tb,M. tuberculosis,standard,,none,0.0,xMIC,0.0,era4tb_B_untreated_r3,3.86332286012046,0.0,3.86332286012046,False,1.0,plated_volume_uL=100; plating_condition=0; n0_source_days=0
era4tb,M. tuberculosis,standard,,none,0.0,xMIC,0.0,era4tb_B_untreated_r3,3.86332286012046,0.0,3.69897000433602,False,2.0,plated_volume_uL=10; plating_condition=1; n0_source_days=0
era4tb,M. tuberculosis,standard,,none,0.0,xMIC,0.0,era4tb_B_untreated_r3,3.86332286012046,0.0,3.47712125471966,False,2.0,plated_volume_uL=10; plating_condition=2; n0_source_days=0
era4tb,M. tuberculosis,standard,,none,0.0,xMIC,0.0,era4tb_B_untreated_r3,3.86332286012046,0.0,3.55630250076729,False,2.6020599913279625,plated_volume_uL=2.5; plating_condition=3; n0_source_days=0
era4tb,M. tuberculosis,standard,,none,0.0,xMIC,0.0,era4tb_B_untreated_r3,3.86332286012046,1.0,,True,1.0,plated_volume_uL=100; plating_condition=0; below_limit_of_quantification; n0_source_days=0; bql_contradicted_by_another_plating_of_same_sample_by_3.04_log10
era4tb,M. tuberculosis,standard,,none,0.0,xMIC,0.0,era4tb_B_untreated_r3,3.86332286012046,1.0,3.60205999132796,False,2.0,plated_volume_uL=10; plating_condition=1; n0_source_days=0
era4tb,M. tuberculosis,standard,,none,0.0,xMIC,0.0,era4tb_B_untreated_r3,3.86332286012046,1.0,4.04139268515823,False,2.0,plated_volume_uL=10; plating_condition=2; n0_source_days=0
era4tb,M. tuberculosis,standard,,none,0.0,xMIC,0.0,era4tb_B_untreated_r3,3.86332286012046,1.0,3.64345267648619,False,2.6020599913279625,plated_volume_uL=2.5; plating_condition=3; n0_source_days=0
era4tb,M. tuberculosis,standard,,none,0.0,xMIC,0.0,era4tb_B_untreated_r3,3.86332286012046,2.0,3.23044892137827,False,1.0,plated_volume_uL=100; plating_condition=0; n0_source_days=0
era4tb,M. tuberculosis,standard,,none,0.0,xMIC,0.0,era4tb_B_untreated_r3,3.86332286012046,2.0,3.90308998699194,False,2.0,plated_volume_uL=10; plating_condition=1; n0_source_days=0
era4tb,M. tuberculosis,standard,,none,0.0,xMIC,0.0,era4tb_B_untreated_r3,3.86332286012046,2.0,4.07918124604763,False,2.6020599913279625,plated_volume_uL=2.5; plating_condition=3; n0_source_days=0
era4tb,M. tuberculosis,standard,,none,0.0,xMIC,0.0,era4tb_B_untreated_r3,3.86332286012046,3.0,4.25527250510331,False,1.0,plated_volume_uL=100; plating_condition=0; n0_source_days=0
era4tb,M. tuberculosis,standard,,none,0.0,xMIC,0.0,era4tb_B_untreated_r3,3.86332286012046,3.0,4.23044892137827,False,2.0,plated_volume_uL=10; plating_condition=1; n0_source_days=0
era4tb,M. tuberculosis,standard,,none,0.0,xMIC,0.0,era4tb_B_untreated_r3,3.86332286012046,3.0,4.25527250510331,False,2.0,plated_volume_uL=10; plating_condition=2; n0_source_days=0
era4tb,M. tuberculosis,standard,,none,0.0,xMIC,0.0,era4tb_B_untreated_r3,3.86332286012046,3.0,4.07918124604763,False,2.6020599913279625,plated_volume_uL=2.5; plating_condition=3; n0_source_days=0
era4tb,M. tuberculosis,standard,,none,0.0,xMIC,0.0,era4tb_B_untreated_r3,3.86332286012046,7.0,4.53147891704226,False,1.0,plated_volume_uL=100; plating_condition=0; n0_source_days=0
era4tb,M. tuberculosis,standard,,none,0.0,xMIC,0.0,era4tb_B_untreated_r3,3.86332286012046,7.0,5.04139268515823,False,2.0,plated_volume_uL=10; plating_condition=1; n0_source_days=0
era4tb,M. tuberculosis,standard,,none,0.0,xMIC,0.0,era4tb_B_untreated_r3,3.86332286012046,7.0,4.60205999132796,False,2.0,plated_volume_uL=10; plating_condition=2; n0_source_days=0
era4tb,M. tuberculosis,standard,,none,0.0,xMIC,0.0,era4tb_B_untreated_r3,3.86332286012046,7.0,3.44715803134222,False,2.6020599913279625,plated_volume_uL=2.5; plating_condition=3; n0_source_days=0
era4tb,M. tuberculosis,standard,,none,0.0,xMIC,0.0,era4tb_B_untreated_r3,3.86332286012046,10.0,5.17609125905568,False,1.0,plated_volume_uL=100; plating_condition=0; n0_source_days=0
era4tb,M. tuberculosis,standard,,none,0.0,xMIC,0.0,era4tb_B_untreated_r3,3.86332286012046,10.0,5.23044892137827,False,2.0,plated_volume_uL=10; plating_condition=1; n0_source_days=0
era4tb,M. tuberculosis,standard,,none,0.0,xMIC,0.0,era4tb_B_untreated_r3,3.86332286012046,10.0,5.14612803567824,False,2.0,plated_volume_uL=10; plating_condition=2; n0_source_days=0
era4tb,M. tuberculosis,standard,,none,0.0,xMIC,0.0,era4tb_B_untreated_r3,3.86332286012046,10.0,4.60205999132796,False,2.6020599913279625,plated_volume_uL=2.5; plating_condition=3; n0_source_days=0
era4tb,M. tuberculosis,standard,,none,0.0,xMIC,0.0,era4tb_B_untreated_r3,3.86332286012046,14.0,5.14612803567824,False,1.0,plated_volume_uL=100; plating_condition=0; n0_source_days=0
era4tb,M. tuberculosis,standard,,none,0.0,xMIC,0.0,era4tb_B_untreated_r3,3.86332286012046,14.0,5.77815125038364,False,2.0,plated_volume_uL=10; plating_condition=1; n0_source_days=0
era4tb,M. tuberculosis,standard,,none,0.0,xMIC,0.0,era4tb_B_untreated_r3,3.86332286012046,14.0,6.0,False,2.0,plated_volume_uL=10; plating_condition=2; n0_source_days=0
era4tb,M. tuberculosis,standard,,none,0.0,xMIC,0.0,era4tb_B_untreated_r3,3.86332286012046,14.0,5.60205999132796,False,2.6020599913279625,plated_volume_uL=2.5; plating_condition=3; n0_source_days=0
era4tb,M. tuberculosis,standard,,none,0.0,xMIC,0.0,era4tb_B_untreated_r3,3.86332286012046,21.0,,False,1.0,plated_volume_uL=100; plating_condition=0; no_value_reported_not_censored; n0_source_days=0
era4tb,M. tuberculosis,standard,,none,0.0,xMIC,0.0,era4tb_B_untreated_r3,3.86332286012046,21.0,,False,2.0,plated_volume_uL=10; plating_condition=1; no_value_reported_not_censored; n0_source_days=0
era4tb,M. tuberculosis,standard,,none,0.0,xMIC,0.0,era4tb_B_untreated_r3,3.86332286012046,21.0,,False,2.0,plated_volume_uL=10; plating_condition=2; no_value_reported_not_censored; n0_source_days=0
era4tb,M. tuberculosis,standard,,none,0.0,xMIC,0.0,era4tb_B_untreated_r3,3.86332286012046,21.0,,False,2.6020599913279625,plated_volume_uL=2.5; plating_condition=3; no_value_reported_not_censored; n0_source_days=0
era4tb,M. tuberculosis,standard,,isoniazid,10.0,xMIC,10.0,era4tb_C_INH10x_r1,2.8266062568876698,0.0,4.17609125905568,False,1.0,"plated_volume_uL=100; plating_condition=0; n0_source_days=0,1"
era4tb,M. tuberculosis,standard,,isoniazid,10.0,xMIC,10.0,era4tb_C_INH10x_r1,2.8266062568876698,0.0,4.04139268515823,False,2.0,"plated_volume_uL=10; plating_condition=1; n0_source_days=0,1"
era4tb,M. tuberculosis,standard,,isoniazid,10.0,xMIC,10.0,era4tb_C_INH10x_r1,2.8266062568876698,0.0,4.25527250510331,False,2.0,"plated_volume_uL=10; plating_condition=2; n0_source_days=0,1"
era4tb,M. tuberculosis,standard,,isoniazid,10.0,xMIC,10.0,era4tb_C_INH10x_r1,2.8266062568876698,0.0,3.94448267215017,False,2.6020599913279625,"plated_volume_uL=2.5; plating_condition=3; n0_source_days=0,1"
era4tb,M. tuberculosis,standard,,isoniazid,10.0,xMIC,10.0,era4tb_C_INH10x_r1,2.8266062568876698,1.0,1.47712125471966,False,1.0,"plated_volume_uL=100; plating_condition=0; n0_source_days=0,1"
era4tb,M. tuberculosis,standard,,isoniazid,10.0,xMIC,10.0,era4tb_C_INH10x_r1,2.8266062568876698,1.0,2.0,False,2.0,"plated_volume_uL=10; plating_condition=1; n0_source_days=0,1"
era4tb,M. tuberculosis,standard,,isoniazid,10.0,xMIC,10.0,era4tb_C_INH10x_r1,2.8266062568876698,1.0,,True,2.0,"plated_volume_uL=10; plating_condition=2; below_limit_of_quantification; n0_source_days=0,1"
era4tb,M. tuberculosis,standard,,isoniazid,10.0,xMIC,10.0,era4tb_C_INH10x_r1,2.8266062568876698,1.0,,True,2.6020599913279625,"plated_volume_uL=2.5; plating_condition=3; below_limit_of_quantification; n0_source_days=0,1"
era4tb,M. tuberculosis,standard,,isoniazid,10.0,xMIC,10.0,era4tb_C_INH10x_r1,2.8266062568876698,2.0,,True,1.0,"plated_volume_uL=100; plating_condition=0; below_limit_of_quantification; n0_source_days=0,1"
era4tb,M. tuberculosis,standard,,isoniazid,10.0,xMIC,10.0,era4tb_C_INH10x_r1,2.8266062568876698,2.0,,True,2.0,"plated_volume_uL=10; plating_condition=1; below_limit_of_quantification; n0_source_days=0,1"
era4tb,M. tuberculosis,standard,,isoniazid,10.0,xMIC,10.0,era4tb_C_INH10x_r1,2.8266062568876698,2.0,,True,2.0,"plated_volume_uL=10; plating_condition=2; below_limit_of_quantification; n0_source_days=0,1"
era4tb,M. tuberculosis,standard,,isoniazid,10.0,xMIC,10.0,era4tb_C_INH10x_r1,2.8266062568876698,2.0,,True,2.6020599913279625,"plated_volume_uL=2.5; plating_condition=3; below_limit_of_quantification; n0_source_days=0,1"
era4tb,M. tuberculosis,standard,,isoniazid,10.0,xMIC,10.0,era4tb_C_INH10x_r1,2.8266062568876698,3.0,,True,1.0,"plated_volume_uL=100; plating_condition=0; below_limit_of_quantification; n0_source_days=0,1"
era4tb,M. tuberculosis,standard,,isoniazid,10.0,xMIC,10.0,era4tb_C_INH10x_r1,2.8266062568876698,3.0,,True,2.0,"plated_volume_uL=10; plating_condition=1; below_limit_of_quantification; n0_source_days=0,1"
era4tb,M. tuberculosis,standard,,isoniazid,10.0,xMIC,10.0,era4tb_C_INH10x_r1,2.8266062568876698,3.0,,True,2.0,"plated_volume_uL=10; plating_condition=2; below_limit_of_quantification; n0_source_days=0,1"
era4tb,M. tuberculosis,standard,,isoniazid,10.0,xMIC,10.0,era4tb_C_INH10x_r1,2.8266062568876698,3.0,,True,2.6020599913279625,"plated_volume_uL=2.5; plating_condition=3; below_limit_of_quantification; n0_source_days=0,1"
era4tb,M. tuberculosis,standard,,isoniazid,10.0,xMIC,10.0,era4tb_C_INH10x_r1,2.8266062568876698,7.0,,True,1.0,"plated_volume_uL=100; plating_condition=0; below_limit_of_quantification; n0_source_days=0,1"
era4tb,M. tuberculosis,standard,,isoniazid,10.0,xMIC,10.0,era4tb_C_INH10x_r1,2.8266062568876698,7.0,,True,2.0,"plated_volume_uL=10; plating_condition=1; below_limit_of_quantification; n0_source_days=0,1"
era4tb,M. tuberculosis,standard,,isoniazid,10.0,xMIC,10.0,era4tb_C_INH10x_r1,2.8266062568876698,7.0,,True,2.0,"plated_volume_uL=10; plating_condition=2; below_limit_of_quantification; n0_source_days=0,1"
era4tb,M. tuberculosis,standard,,isoniazid,10.0,xMIC,10.0,era4tb_C_INH10x_r1,2.8266062568876698,7.0,,True,2.6020599913279625,"plated_volume_uL=2.5; plating_condition=3; below_limit_of_quantification; n0_source_days=0,1"
era4tb,M. tuberculosis,standard,,isoniazid,10.0,xMIC,10.0,era4tb_C_INH10x_r1,2.8266062568876698,10.0,,True,1.0,"plated_volume_uL=100; plating_condition=0; below_limit_of_quantification; n0_source_days=0,1"
era4tb,M. tuberculosis,standard,,isoniazid,10.0,xMIC,10.0,era4tb_C_INH10x_r1,2.8266062568876698,10.0,,True,2.0,"plated_volume_uL=10; plating_condition=1; below_limit_of_quantification; n0_source_days=0,1"
era4tb,M. tuberculosis,standard,,isoniazid,10.0,xMIC,10.0,era4tb_C_INH10x_r1,2.8266062568876698,10.0,,True,2.0,"plated_volume_uL=10; plating_condition=2; below_limit_of_quantification; n0_source_days=0,1"
era4tb,M. tuberculosis,standard,,isoniazid,10.0,xMIC,10.0,era4tb_C_INH10x_r1,2.8266062568876698,10.0,,True,2.6020599913279625,"plated_volume_uL=2.5; plating_condition=3; below_limit_of_quantification; n0_source_days=0,1"
era4tb,M. tuberculosis,standard,,isoniazid,10.0,xMIC,10.0,era4tb_C_INH10x_r1,2.8266062568876698,14.0,,True,1.0,"plated_volume_uL=100; plating_condition=0; below_limit_of_quantification; n0_source_days=0,1"
era4tb,M. tuberculosis,standard,,isoniazid,10.0,xMIC,10.0,era4tb_C_INH10x_r1,2.8266062568876698,14.0,,True,2.0,"plated_volume_uL=10; plating_condition=1; below_limit_of_quantification; n0_source_days=0,1"
era4tb,M. tuberculosis,standard,,isoniazid,10.0,xMIC,10.0,era4tb_C_INH10x_r1,2.8266062568876698,14.0,,True,2.0,"plated_volume_uL=10; plating_condition=2; below_limit_of_quantification; n0_source_days=0,1"
era4tb,M. tuberculosis,standard,,isoniazid,10.0,xMIC,10.0,era4tb_C_INH10x_r1,2.8266062568876698,14.0,,True,2.6020599913279625,"plated_volume_uL=2.5; plating_condition=3; below_limit_of_quantification; n0_source_days=0,1"
era4tb,M. tuberculosis,standard,,isoniazid,10.0,xMIC,10.0,era4tb_C_INH10x_r1,2.8266062568876698,21.0,,True,1.0,"plated_volume_uL=100; plating_condition=0; below_limit_of_quantification; n0_source_days=0,1"
era4tb,M. tuberculosis,standard,,isoniazid,10.0,xMIC,10.0,era4tb_C_INH10x_r1,2.8266062568876698,21.0,,True,2.0,"plated_volume_uL=10; plating_condition=1; below_limit_of_quantification; n0_source_days=0,1"
era4tb,M. tuberculosis,standard,,isoniazid,10.0,xMIC,10.0,era4tb_C_INH10x_r1,2.8266062568876698,21.0,,True,2.0,"plated_volume_uL=10; plating_condition=2; below_limit_of_quantification; n0_source_days=0,1"
era4tb,M. tuberculosis,standard,,isoniazid,10.0,xMIC,10.0,era4tb_C_INH10x_r1,2.8266062568876698,21.0,,True,2.6020599913279625,"plated_volume_uL=2.5; plating_condition=3; below_limit_of_quantification; n0_source_days=0,1"
era4tb,M. tuberculosis,standard,,isoniazid,10.0,xMIC,10.0,era4tb_C_INH10x_r1,2.8266062568876698,28.0,,True,1.0,"plated_volume_uL=100; plating_condition=0; below_limit_of_quantification; n0_source_days=0,1"
era4tb,M. tuberculosis,standard,,isoniazid,10.0,xMIC,10.0,era4tb_C_INH10x_r1,2.8266062568876698,28.0,,True,2.0,"plated_volume_uL=10; plating_condition=1; below_limit_of_quantification; n0_source_days=0,1"
era4tb,M. tuberculosis,standard,,isoniazid,10.0,xMIC,10.0,era4tb_C_INH10x_r1,2.8266062568876698,28.0,,True,2.0,"plated_volume_uL=10; plating_condition=2; below_limit_of_quantification; n0_source_days=0,1"
era4tb,M. tuberculosis,standard,,isoniazid,10.0,xMIC,10.0,era4tb_C_INH10x_r1,2.8266062568876698,28.0,,True,2.6020599913279625,"plated_volume_uL=2.5; plating_condition=3; below_limit_of_quantification; n0_source_days=0,1"
era4tb,M. tuberculosis,standard,,isoniazid,10.0,xMIC,10.0,era4tb_C_INH10x_r2,2.88907562519182,0.0,4.77815125038364,False,1.0,"plated_volume_uL=100; plating_condition=0; n0_source_days=0,1"
era4tb,M. tuberculosis,standard,,isoniazid,10.0,xMIC,10.0,era4tb_C_INH10x_r2,2.88907562519182,0.0,4.07918124604763,False,2.0,"plated_volume_uL=10; plating_condition=1; n0_source_days=0,1"
era4tb,M. tuberculosis,standard,,isoniazid,10.0,xMIC,10.0,era4tb_C_INH10x_r2,2.88907562519182,0.0,4.25527250510331,False,2.0,"plated_volume_uL=10; plating_condition=2; n0_source_days=0,1"
era4tb,M. tuberculosis,standard,,isoniazid,10.0,xMIC,10.0,era4tb_C_INH10x_r2,2.88907562519182,0.0,3.92427928606188,False,2.6020599913279625,"plated_volume_uL=2.5; plating_condition=3; n0_source_days=0,1"
era4tb,M. tuberculosis,standard,,isoniazid,10.0,xMIC,10.0,era4tb_C_INH10x_r2,2.88907562519182,1.0,1.0,False,1.0,"plated_volume_uL=100; plating_condition=0; n0_source_days=0,1"
era4tb,M. tuberculosis,standard,,isoniazid,10.0,xMIC,10.0,era4tb_C_INH10x_r2,2.88907562519182,1.0,2.30102999566398,False,2.0,"plated_volume_uL=10; plating_condition=1; n0_source_days=0,1"
era4tb,M. tuberculosis,standard,,isoniazid,10.0,xMIC,10.0,era4tb_C_INH10x_r2,2.88907562519182,1.0,2.0,False,2.0,"plated_volume_uL=10; plating_condition=2; n0_source_days=0,1"
era4tb,M. tuberculosis,standard,,isoniazid,10.0,xMIC,10.0,era4tb_C_INH10x_r2,2.88907562519182,1.0,,True,2.6020599913279625,"plated_volume_uL=2.5; plating_condition=3; below_limit_of_quantification; n0_source_days=0,1"
era4tb,M. tuberculosis,standard,,isoniazid,10.0,xMIC,10.0,era4tb_C_INH10x_r2,2.88907562519182,2.0,,True,1.0,"plated_volume_uL=100; plating_condition=0; below_limit_of_quantification; n0_source_days=0,1"
era4tb,M. tuberculosis,standard,,isoniazid,10.0,xMIC,10.0,era4tb_C_INH10x_r2,2.88907562519182,2.0,,True,2.0,"plated_volume_uL=10; plating_condition=1; below_limit_of_quantification; n0_source_days=0,1"
era4tb,M. tuberculosis,standard,,isoniazid,10.0,xMIC,10.0,era4tb_C_INH10x_r2,2.88907562519182,2.0,,True,2.0,"plated_volume_uL=10; plating_condition=2; below_limit_of_quantification; n0_source_days=0,1"
era4tb,M. tuberculosis,standard,,isoniazid,10.0,xMIC,10.0,era4tb_C_INH10x_r2,2.88907562519182,2.0,,True,2.6020599913279625,"plated_volume_uL=2.5; plating_condition=3; below_limit_of_quantification; n0_source_days=0,1"
era4tb,M. tuberculosis,standard,,isoniazid,10.0,xMIC,10.0,era4tb_C_INH10x_r2,2.88907562519182,3.0,,True,1.0,"plated_volume_uL=100; plating_condition=0; below_limit_of_quantification; n0_source_days=0,1"
era4tb,M. tuberculosis,standard,,isoniazid,10.0,xMIC,10.0,era4tb_C_INH10x_r2,2.88907562519182,3.0,,True,2.0,"plated_volume_uL=10; plating_condition=1; below_limit_of_quantification; n0_source_days=0,1"
era4tb,M. tuberculosis,standard,,isoniazid,10.0,xMIC,10.0,era4tb_C_INH10x_r2,2.88907562519182,3.0,,True,2.0,"plated_volume_uL=10; plating_condition=2; below_limit_of_quantification; n0_source_days=0,1"
era4tb,M. tuberculosis,standard,,isoniazid,10.0,xMIC,10.0,era4tb_C_INH10x_r2,2.88907562519182,3.0,,True,2.6020599913279625,"plated_volume_uL=2.5; plating_condition=3; below_limit_of_quantification; n0_source_days=0,1"
era4tb,M. tuberculosis,standard,,isoniazid,10.0,xMIC,10.0,era4tb_C_INH10x_r2,2.88907562519182,7.0,,True,1.0,"plated_volume_uL=100; plating_condition=0; below_limit_of_quantification; n0_source_days=0,1"
era4tb,M. tuberculosis,standard,,isoniazid,10.0,xMIC,10.0,era4tb_C_INH10x_r2,2.88907562519182,7.0,,True,2.0,"plated_volume_uL=10; plating_condition=1; below_limit_of_quantification; n0_source_days=0,1"
era4tb,M. tuberculosis,standard,,isoniazid,10.0,xMIC,10.0,era4tb_C_INH10x_r2,2.88907562519182,7.0,,True,2.0,"plated_volume_uL=10; plating_condition=2; below_limit_of_quantification; n0_source_days=0,1"
era4tb,M. tuberculosis,standard,,isoniazid,10.0,xMIC,10.0,era4tb_C_INH10x_r2,2.88907562519182,7.0,,True,2.6020599913279625,"plated_volume_uL=2.5; plating_condition=3; below_limit_of_quantification; n0_source_days=0,1"
era4tb,M. tuberculosis,standard,,isoniazid,10.0,xMIC,10.0,era4tb_C_INH10x_r2,2.88907562519182,10.0,,True,1.0,"plated_volume_uL=100; plating_condition=0; below_limit_of_quantification; n0_source_days=0,1"
era4tb,M. tuberculosis,standard,,isoniazid,10.0,xMIC,10.0,era4tb_C_INH10x_r2,2.88907562519182,10.0,,True,2.0,"plated_volume_uL=10; plating_condition=1; below_limit_of_quantification; n0_source_days=0,1"
era4tb,M. tuberculosis,standard,,isoniazid,10.0,xMIC,10.0,era4tb_C_INH10x_r2,2.88907562519182,10.0,,True,2.0,"plated_volume_uL=10; plating_condition=2; below_limit_of_quantification; n0_source_days=0,1"
era4tb,M. tuberculosis,standard,,isoniazid,10.0,xMIC,10.0,era4tb_C_INH10x_r2,2.88907562519182,10.0,,True,2.6020599913279625,"plated_volume_uL=2.5; plating_condition=3; below_limit_of_quantification; n0_source_days=0,1"
era4tb,M. tuberculosis,standard,,isoniazid,10.0,xMIC,10.0,era4tb_C_INH10x_r2,2.88907562519182,14.0,,True,1.0,"plated_volume_uL=100; plating_condition=0; below_limit_of_quantification; n0_source_days=0,1"
era4tb,M. tuberculosis,standard,,isoniazid,10.0,xMIC,10.0,era4tb_C_INH10x_r2,2.88907562519182,14.0,,True,2.0,"plated_volume_uL=10; plating_condition=1; below_limit_of_quantification; n0_source_days=0,1"
era4tb,M. tuberculosis,standard,,isoniazid,10.0,xMIC,10.0,era4tb_C_INH10x_r2,2.88907562519182,14.0,,True,2.0,"plated_volume_uL=10; plating_condition=2; below_limit_of_quantification; n0_source_days=0,1"
era4tb,M. tuberculosis,standard,,isoniazid,10.0,xMIC,10.0,era4tb_C_INH10x_r2,2.88907562519182,14.0,,True,2.6020599913279625,"plated_volume_uL=2.5; plating_condition=3; below_limit_of_quantification; n0_source_days=0,1"
era4tb,M. tuberculosis,standard,,isoniazid,10.0,xMIC,10.0,era4tb_C_INH10x_r2,2.88907562519182,21.0,,True,1.0,"plated_volume_uL=100; plating_condition=0; below_limit_of_quantification; n0_source_days=0,1"
era4tb,M. tuberculosis,standard,,isoniazid,10.0,xMIC,10.0,era4tb_C_INH10x_r2,2.88907562519182,21.0,,True,2.0,"plated_volume_uL=10; plating_condition=1; below_limit_of_quantification; n0_source_days=0,1"
era4tb,M. tuberculosis,standard,,isoniazid,10.0,xMIC,10.0,era4tb_C_INH10x_r2,2.88907562519182,21.0,,True,2.0,"plated_volume_uL=10; plating_condition=2; below_limit_of_quantification; n0_source_days=0,1"
era4tb,M. tuberculosis,standard,,isoniazid,10.0,xMIC,10.0,era4tb_C_INH10x_r2,2.88907562519182,21.0,,True,2.6020599913279625,"plated_volume_uL=2.5; plating_condition=3; below_limit_of_quantification; n0_source_days=0,1"
era4tb,M. tuberculosis,standard,,isoniazid,10.0,xMIC,10.0,era4tb_C_INH10x_r2,2.88907562519182,28.0,,True,1.0,"plated_volume_uL=100; plating_condition=0; below_limit_of_quantification; n0_source_days=0,1"
era4tb,M. tuberculosis,standard,,isoniazid,10.0,xMIC,10.0,era4tb_C_INH10x_r2,2.88907562519182,28.0,,True,2.0,"plated_volume_uL=10; plating_condition=1; below_limit_of_quantification; n0_source_days=0,1"
era4tb,M. tuberculosis,standard,,isoniazid,10.0,xMIC,10.0,era4tb_C_INH10x_r2,2.88907562519182,28.0,,True,2.0,"plated_volume_uL=10; plating_condition=2; below_limit_of_quantification; n0_source_days=0,1"
era4tb,M. tuberculosis,standard,,isoniazid,10.0,xMIC,10.0,era4tb_C_INH10x_r2,2.88907562519182,28.0,,True,2.6020599913279625,"plated_volume_uL=2.5; plating_condition=3; below_limit_of_quantification; n0_source_days=0,1"
era4tb,M. tuberculosis,standard,,isoniazid,10.0,xMIC,10.0,era4tb_C_INH10x_r3,2.98656392679985,0.0,4.9731278535997,False,1.0,"plated_volume_uL=100; plating_condition=0; n0_source_days=0,1"
era4tb,M. tuberculosis,standard,,isoniazid,10.0,xMIC,10.0,era4tb_C_INH10x_r3,2.98656392679985,0.0,4.0,False,2.0,"plated_volume_uL=10; plating_condition=1; n0_source_days=0,1"
era4tb,M. tuberculosis,standard,,isoniazid,10.0,xMIC,10.0,era4tb_C_INH10x_r3,2.98656392679985,0.0,4.04139268515823,False,2.0,"plated_volume_uL=10; plating_condition=2; n0_source_days=0,1"
era4tb,M. tuberculosis,standard,,isoniazid,10.0,xMIC,10.0,era4tb_C_INH10x_r3,2.98656392679985,0.0,4.0,False,2.6020599913279625,"plated_volume_uL=2.5; plating_condition=3; n0_source_days=0,1"
era4tb,M. tuberculosis,standard,,isoniazid,10.0,xMIC,10.0,era4tb_C_INH10x_r3,2.98656392679985,1.0,1.0,False,1.0,"plated_volume_uL=100; plating_condition=0; n0_source_days=0,1"
era4tb,M. tuberculosis,standard,,isoniazid,10.0,xMIC,10.0,era4tb_C_INH10x_r3,2.98656392679985,1.0,2.30102999566398,False,2.0,"plated_volume_uL=10; plating_condition=1; n0_source_days=0,1"
era4tb,M. tuberculosis,standard,,isoniazid,10.0,xMIC,10.0,era4tb_C_INH10x_r3,2.98656392679985,1.0,,True,2.0,"plated_volume_uL=10; plating_condition=2; below_limit_of_quantification; n0_source_days=0,1; bql_contradicted_by_another_plating_of_same_sample_by_0.3_log10"
era4tb,M. tuberculosis,standard,,isoniazid,10.0,xMIC,10.0,era4tb_C_INH10x_r3,2.98656392679985,1.0,,True,2.6020599913279625,"plated_volume_uL=2.5; plating_condition=3; below_limit_of_quantification; n0_source_days=0,1"
era4tb,M. tuberculosis,standard,,isoniazid,10.0,xMIC,10.0,era4tb_C_INH10x_r3,2.98656392679985,2.0,,True,1.0,"plated_volume_uL=100; plating_condition=0; below_limit_of_quantification; n0_source_days=0,1"
era4tb,M. tuberculosis,standard,,isoniazid,10.0,xMIC,10.0,era4tb_C_INH10x_r3,2.98656392679985,2.0,,True,2.0,"plated_volume_uL=10; plating_condition=1; below_limit_of_quantification; n0_source_days=0,1"
era4tb,M. tuberculosis,standard,,isoniazid,10.0,xMIC,10.0,era4tb_C_INH10x_r3,2.98656392679985,2.0,,True,2.0,"plated_volume_uL=10; plating_condition=2; below_limit_of_quantification; n0_source_days=0,1"
era4tb,M. tuberculosis,standard,,isoniazid,10.0,xMIC,10.0,era4tb_C_INH10x_r3,2.98656392679985,2.0,,True,2.6020599913279625,"plated_volume_uL=2.5; plating_condition=3; below_limit_of_quantification; n0_source_days=0,1"
era4tb,M. tuberculosis,standard,,isoniazid,10.0,xMIC,10.0,era4tb_C_INH10x_r3,2.98656392679985,3.0,,True,1.0,"plated_volume_uL=100; plating_condition=0; below_limit_of_quantification; n0_source_days=0,1"
era4tb,M. tuberculosis,standard,,isoniazid,10.0,xMIC,10.0,era4tb_C_INH10x_r3,2.98656392679985,3.0,,True,2.0,"plated_volume_uL=10; plating_condition=1; below_limit_of_quantification; n0_source_days=0,1"
era4tb,M. tuberculosis,standard,,isoniazid,10.0,xMIC,10.0,era4tb_C_INH10x_r3,2.98656392679985,3.0,,True,2.0,"plated_volume_uL=10; plating_condition=2; below_limit_of_quantification; n0_source_days=0,1"
era4tb,M. tuberculosis,standard,,isoniazid,10.0,xMIC,10.0,era4tb_C_INH10x_r3,2.98656392679985,3.0,,True,2.6020599913279625,"plated_volume_uL=2.5; plating_condition=3; below_limit_of_quantification; n0_source_days=0,1"
era4tb,M. tuberculosis,standard,,isoniazid,10.0,xMIC,10.0,era4tb_C_INH10x_r3,2.98656392679985,7.0,,True,1.0,"plated_volume_uL=100; plating_condition=0; below_limit_of_quantification; n0_source_days=0,1"
era4tb,M. tuberculosis,standard,,isoniazid,10.0,xMIC,10.0,era4tb_C_INH10x_r3,2.98656392679985,7.0,,True,2.0,"plated_volume_uL=10; plating_condition=1; below_limit_of_quantification; n0_source_days=0,1"
era4tb,M. tuberculosis,standard,,isoniazid,10.0,xMIC,10.0,era4tb_C_INH10x_r3,2.98656392679985,7.0,,True,2.0,"plated_volume_uL=10; plating_condition=2; below_limit_of_quantification; n0_source_days=0,1"
era4tb,M. tuberculosis,standard,,isoniazid,10.0,xMIC,10.0,era4tb_C_INH10x_r3,2.98656392679985,7.0,,True,2.6020599913279625,"plated_volume_uL=2.5; plating_condition=3; below_limit_of_quantification; n0_source_days=0,1"
era4tb,M. tuberculosis,standard,,isoniazid,10.0,xMIC,10.0,era4tb_C_INH10x_r3,2.98656392679985,10.0,,True,1.0,"plated_volume_uL=100; plating_condition=0; below_limit_of_quantification; n0_source_days=0,1"
era4tb,M. tuberculosis,standard,,isoniazid,10.0,xMIC,10.0,era4tb_C_INH10x_r3,2.98656392679985,10.0,,True,2.0,"plated_volume_uL=10; plating_condition=1; below_limit_of_quantification; n0_source_days=0,1"
era4tb,M. tuberculosis,standard,,isoniazid,10.0,xMIC,10.0,era4tb_C_INH10x_r3,2.98656392679985,10.0,,True,2.0,"plated_volume_uL=10; plating_condition=2; below_limit_of_quantification; n0_source_days=0,1"
era4tb,M. tuberculosis,standard,,isoniazid,10.0,xMIC,10.0,era4tb_C_INH10x_r3,2.98656392679985,10.0,,True,2.6020599913279625,"plated_volume_uL=2.5; plating_condition=3; below_limit_of_quantification; n0_source_days=0,1"
era4tb,M. tuberculosis,standard,,isoniazid,10.0,xMIC,10.0,era4tb_C_INH10x_r3,2.98656392679985,14.0,,True,1.0,"plated_volume_uL=100; plating_condition=0; below_limit_of_quantification; n0_source_days=0,1"
era4tb,M. tuberculosis,standard,,isoniazid,10.0,xMIC,10.0,era4tb_C_INH10x_r3,2.98656392679985,14.0,,True,2.0,"plated_volume_uL=10; plating_condition=1; below_limit_of_quantification; n0_source_days=0,1"
era4tb,M. tuberculosis,standard,,isoniazid,10.0,xMIC,10.0,era4tb_C_INH10x_r3,2.98656392679985,14.0,,True,2.0,"plated_volume_uL=10; plating_condition=2; below_limit_of_quantification; n0_source_days=0,1"
era4tb,M. tuberculosis,standard,,isoniazid,10.0,xMIC,10.0,era4tb_C_INH10x_r3,2.98656392679985,14.0,,True,2.6020599913279625,"plated_volume_uL=2.5; plating_condition=3; below_limit_of_quantification; n0_source_days=0,1"
era4tb,M. tuberculosis,standard,,isoniazid,10.0,xMIC,10.0,era4tb_C_INH10x_r3,2.98656392679985,21.0,,True,1.0,"plated_volume_uL=100; plating_condition=0; below_limit_of_quantification; n0_source_days=0,1"
era4tb,M. tuberculosis,standard,,isoniazid,10.0,xMIC,10.0,era4tb_C_INH10x_r3,2.98656392679985,21.0,,True,2.0,"plated_volume_uL=10; plating_condition=1; below_limit_of_quantification; n0_source_days=0,1"
era4tb,M. tuberculosis,standard,,isoniazid,10.0,xMIC,10.0,era4tb_C_INH10x_r3,2.98656392679985,21.0,,True,2.0,"plated_volume_uL=10; plating_condition=2; below_limit_of_quantification; n0_source_days=0,1"
era4tb,M. tuberculosis,standard,,isoniazid,10.0,xMIC,10.0,era4tb_C_INH10x_r3,2.98656392679985,21.0,,True,2.6020599913279625,"plated_volume_uL=2.5; plating_condition=3; below_limit_of_quantification; n0_source_days=0,1"
era4tb,M. tuberculosis,standard,,isoniazid,10.0,xMIC,10.0,era4tb_C_INH10x_r3,2.98656392679985,28.0,,True,1.0,"plated_volume_uL=100; plating_condition=0; below_limit_of_quantification; n0_source_days=0,1"
era4tb,M. tuberculosis,standard,,isoniazid,10.0,xMIC,10.0,era4tb_C_INH10x_r3,2.98656392679985,28.0,,True,2.0,"plated_volume_uL=10; plating_condition=1; below_limit_of_quantification; n0_source_days=0,1"
era4tb,M. tuberculosis,standard,,isoniazid,10.0,xMIC,10.0,era4tb_C_INH10x_r3,2.98656392679985,28.0,,True,2.0,"plated_volume_uL=10; plating_condition=2; below_limit_of_quantification; n0_source_days=0,1"
era4tb,M. tuberculosis,standard,,isoniazid,10.0,xMIC,10.0,era4tb_C_INH10x_r3,2.98656392679985,28.0,,True,2.6020599913279625,"plated_volume_uL=2.5; plating_condition=3; below_limit_of_quantification; n0_source_days=0,1"
era4tb,M. tuberculosis,standard,,isoniazid,1.0,xMIC,1.0,era4tb_C_INH1x_r1,4.397592294841215,0.0,5.07918124604763,False,1.0,"plated_volume_uL=100; plating_condition=0; n0_source_days=0,1"
era4tb,M. tuberculosis,standard,,isoniazid,1.0,xMIC,1.0,era4tb_C_INH1x_r1,4.397592294841215,0.0,4.04139268515823,False,2.0,"plated_volume_uL=10; plating_condition=1; n0_source_days=0,1"
era4tb,M. tuberculosis,standard,,isoniazid,1.0,xMIC,1.0,era4tb_C_INH1x_r1,4.397592294841215,0.0,3.84509804001426,False,2.0,"plated_volume_uL=10; plating_condition=2; n0_source_days=0,1"
era4tb,M. tuberculosis,standard,,isoniazid,1.0,xMIC,1.0,era4tb_C_INH1x_r1,4.397592294841215,0.0,3.68124123737559,False,2.6020599913279625,"plated_volume_uL=2.5; plating_condition=3; n0_source_days=0,1"
era4tb,M. tuberculosis,standard,,isoniazid,1.0,xMIC,1.0,era4tb_C_INH1x_r1,4.397592294841215,1.0,3.7160033436348,False,1.0,"plated_volume_uL=100; plating_condition=0; n0_source_days=0,1"
era4tb,M. tuberculosis,standard,,isoniazid,1.0,xMIC,1.0,era4tb_C_INH1x_r1,4.397592294841215,1.0,3.30102999566398,False,2.0,"plated_volume_uL=10; plating_condition=1; n0_source_days=0,1"
era4tb,M. tuberculosis,standard,,isoniazid,1.0,xMIC,1.0,era4tb_C_INH1x_r1,4.397592294841215,1.0,3.84509804001426,False,2.0,"plated_volume_uL=10; plating_condition=2; n0_source_days=0,1"
era4tb,M. tuberculosis,standard,,isoniazid,1.0,xMIC,1.0,era4tb_C_INH1x_r1,4.397592294841215,1.0,2.60205999132796,False,2.6020599913279625,"plated_volume_uL=2.5; plating_condition=3; n0_source_days=0,1"
era4tb,M. tuberculosis,standard,,isoniazid,1.0,xMIC,1.0,era4tb_C_INH1x_r1,4.397592294841215,2.0,2.44715803134222,False,1.0,"plated_volume_uL=100; plating_condition=0; n0_source_days=0,1"
era4tb,M. tuberculosis,standard,,isoniazid,1.0,xMIC,1.0,era4tb_C_INH1x_r1,4.397592294841215,2.0,2.0,False,2.0,"plated_volume_uL=10; plating_condition=1; n0_source_days=0,1"
era4tb,M. tuberculosis,standard,,isoniazid,1.0,xMIC,1.0,era4tb_C_INH1x_r1,4.397592294841215,2.0,,True,2.0,"plated_volume_uL=10; plating_condition=2; below_limit_of_quantification; n0_source_days=0,1; bql_contradicted_by_another_plating_of_same_sample_by_0.45_log10"
era4tb,M. tuberculosis,standard,,isoniazid,1.0,xMIC,1.0,era4tb_C_INH1x_r1,4.397592294841215,2.0,,True,2.6020599913279625,"plated_volume_uL=2.5; plating_condition=3; below_limit_of_quantification; n0_source_days=0,1"
era4tb,M. tuberculosis,standard,,isoniazid,1.0,xMIC,1.0,era4tb_C_INH1x_r1,4.397592294841215,3.0,1.47712125471966,False,1.0,"plated_volume_uL=100; plating_condition=0; n0_source_days=0,1"
era4tb,M. tuberculosis,standard,,isoniazid,1.0,xMIC,1.0,era4tb_C_INH1x_r1,4.397592294841215,3.0,,True,2.0,"plated_volume_uL=10; plating_condition=1; below_limit_of_quantification; n0_source_days=0,1"
era4tb,M. tuberculosis,standard,,isoniazid,1.0,xMIC,1.0,era4tb_C_INH1x_r1,4.397592294841215,3.0,2.0,False,2.0,"plated_volume_uL=10; plating_condition=2; n0_source_days=0,1"
era4tb,M. tuberculosis,standard,,isoniazid,1.0,xMIC,1.0,era4tb_C_INH1x_r1,4.397592294841215,3.0,,True,2.6020599913279625,"plated_volume_uL=2.5; plating_condition=3; below_limit_of_quantification; n0_source_days=0,1"
era4tb,M. tuberculosis,standard,,isoniazid,1.0,xMIC,1.0,era4tb_C_INH1x_r1,4.397592294841215,7.0,,True,1.0,"plated_volume_uL=100; plating_condition=0; below_limit_of_quantification; n0_source_days=0,1"
era4tb,M. tuberculosis,standard,,isoniazid,1.0,xMIC,1.0,era4tb_C_INH1x_r1,4.397592294841215,7.0,,True,2.0,"plated_volume_uL=10; plating_condition=1; below_limit_of_quantification; n0_source_days=0,1"
era4tb,M. tuberculosis,standard,,isoniazid,1.0,xMIC,1.0,era4tb_C_INH1x_r1,4.397592294841215,7.0,,True,2.0,"plated_volume_uL=10; plating_condition=2; below_limit_of_quantification; n0_source_days=0,1"
era4tb,M. tuberculosis,standard,,isoniazid,1.0,xMIC,1.0,era4tb_C_INH1x_r1,4.397592294841215,7.0,,True,2.6020599913279625,"plated_volume_uL=2.5; plating_condition=3; below_limit_of_quantification; n0_source_days=0,1"
era4tb,M. tuberculosis,standard,,isoniazid,1.0,xMIC,1.0,era4tb_C_INH1x_r1,4.397592294841215,10.0,,True,1.0,"plated_volume_uL=100; plating_condition=0; below_limit_of_quantification; n0_source_days=0,1; bql_contradicted_by_another_plating_of_same_sample_by_1.0_log10"
era4tb,M. tuberculosis,standard,,isoniazid,1.0,xMIC,1.0,era4tb_C_INH1x_r1,4.397592294841215,10.0,,True,2.0,"plated_volume_uL=10; plating_condition=1; below_limit_of_quantification; n0_source_days=0,1"
era4tb,M. tuberculosis,standard,,isoniazid,1.0,xMIC,1.0,era4tb_C_INH1x_r1,4.397592294841215,10.0,2.0,False,2.0,"plated_volume_uL=10; plating_condition=2; n0_source_days=0,1"
era4tb,M. tuberculosis,standard,,isoniazid,1.0,xMIC,1.0,era4tb_C_INH1x_r1,4.397592294841215,10.0,,True,2.6020599913279625,"plated_volume_uL=2.5; plating_condition=3; below_limit_of_quantification; n0_source_days=0,1"
era4tb,M. tuberculosis,standard,,isoniazid,1.0,xMIC,1.0,era4tb_C_INH1x_r1,4.397592294841215,14.0,1.90308998699194,False,1.0,"plated_volume_uL=100; plating_condition=0; n0_source_days=0,1"
era4tb,M. tuberculosis,standard,,isoniazid,1.0,xMIC,1.0,era4tb_C_INH1x_r1,4.397592294841215,14.0,3.04139268515822,False,2.0,"plated_volume_uL=10; plating_condition=1; n0_source_days=0,1"
era4tb,M. tuberculosis,standard,,isoniazid,1.0,xMIC,1.0,era4tb_C_INH1x_r1,4.397592294841215,14.0,,True,2.0,"plated_volume_uL=10; plating_condition=2; below_limit_of_quantification; n0_source_days=0,1; bql_contradicted_by_another_plating_of_same_sample_by_1.38_log10"
era4tb,M. tuberculosis,standard,,isoniazid,1.0,xMIC,1.0,era4tb_C_INH1x_r1,4.397592294841215,14.0,3.38021124171161,False,2.6020599913279625,"plated_volume_uL=2.5; plating_condition=3; n0_source_days=0,1"
era4tb,M. tuberculosis,standard,,isoniazid,1.0,xMIC,1.0,era4tb_C_INH1x_r1,4.397592294841215,21.0,6.07918124604763,False,1.0,"plated_volume_uL=100; plating_condition=0; n0_source_days=0,1"
era4tb,M. tuberculosis,standard,,isoniazid,1.0,xMIC,1.0,era4tb_C_INH1x_r1,4.397592294841215,21.0,6.0,False,2.0,"plated_volume_uL=10; plating_condition=1; n0_source_days=0,1"
era4tb,M. tuberculosis,standard,,isoniazid,1.0,xMIC,1.0,era4tb_C_INH1x_r1,4.397592294841215,21.0,6.04139268515823,False,2.0,"plated_volume_uL=10; plating_condition=2; n0_source_days=0,1"
era4tb,M. tuberculosis,standard,,isoniazid,1.0,xMIC,1.0,era4tb_C_INH1x_r1,4.397592294841215,21.0,5.64345267648619,False,2.6020599913279625,"plated_volume_uL=2.5; plating_condition=3; n0_source_days=0,1"
era4tb,M. tuberculosis,standard,,isoniazid,1.0,xMIC,1.0,era4tb_C_INH1x_r1,4.397592294841215,28.0,6.80617997398389,False,1.0,"plated_volume_uL=100; plating_condition=0; n0_source_days=0,1"
era4tb,M. tuberculosis,standard,,isoniazid,1.0,xMIC,1.0,era4tb_C_INH1x_r1,4.397592294841215,28.0,7.11394335230684,False,2.0,"plated_volume_uL=10; plating_condition=1; n0_source_days=0,1"
era4tb,M. tuberculosis,standard,,isoniazid,1.0,xMIC,1.0,era4tb_C_INH1x_r1,4.397592294841215,28.0,7.34242268082221,False,2.0,"plated_volume_uL=10; plating_condition=2; n0_source_days=0,1"
era4tb,M. tuberculosis,standard,,isoniazid,1.0,xMIC,1.0,era4tb_C_INH1x_r1,4.397592294841215,28.0,6.64345267648619,False,2.6020599913279625,"plated_volume_uL=2.5; plating_condition=3; n0_source_days=0,1"
era4tb,M. tuberculosis,standard,,isoniazid,1.0,xMIC,1.0,era4tb_C_INH1x_r2,4.186915572536915,0.0,4.74036268949424,False,1.0,"plated_volume_uL=100; plating_condition=0; n0_source_days=0,1"
era4tb,M. tuberculosis,standard,,isoniazid,1.0,xMIC,1.0,era4tb_C_INH1x_r2,4.186915572536915,0.0,4.0,False,2.0,"plated_volume_uL=10; plating_condition=1; n0_source_days=0,1"
era4tb,M. tuberculosis,standard,,isoniazid,1.0,xMIC,1.0,era4tb_C_INH1x_r2,4.186915572536915,0.0,4.04139268515823,False,2.0,"plated_volume_uL=10; plating_condition=2; n0_source_days=0,1"
era4tb,M. tuberculosis,standard,,isoniazid,1.0,xMIC,1.0,era4tb_C_INH1x_r2,4.186915572536915,0.0,3.77815125038364,False,2.6020599913279625,"plated_volume_uL=2.5; plating_condition=3; n0_source_days=0,1"
era4tb,M. tuberculosis,standard,,isoniazid,1.0,xMIC,1.0,era4tb_C_INH1x_r2,4.186915572536915,1.0,3.63346845557959,False,1.0,"plated_volume_uL=100; plating_condition=0; n0_source_days=0,1"
era4tb,M. tuberculosis,standard,,isoniazid,1.0,xMIC,1.0,era4tb_C_INH1x_r2,4.186915572536915,1.0,3.69897000433602,False,2.0,"plated_volume_uL=10; plating_condition=1; n0_source_days=0,1"
era4tb,M. tuberculosis,standard,,isoniazid,1.0,xMIC,1.0,era4tb_C_INH1x_r2,4.186915572536915,1.0,3.47712125471966,False,2.0,"plated_volume_uL=10; plating_condition=2; n0_source_days=0,1"
era4tb,M. tuberculosis,standard,,isoniazid,1.0,xMIC,1.0,era4tb_C_INH1x_r2,4.186915572536915,1.0,,True,2.6020599913279625,"plated_volume_uL=2.5; plating_condition=3; below_limit_of_quantification; n0_source_days=0,1; bql_contradicted_by_another_plating_of_same_sample_by_1.1_log10"
era4tb,M. tuberculosis,standard,,isoniazid,1.0,xMIC,1.0,era4tb_C_INH1x_r2,4.186915572536915,2.0,1.47712125471966,False,1.0,"plated_volume_uL=100; plating_condition=0; n0_source_days=0,1"
era4tb,M. tuberculosis,standard,,isoniazid,1.0,xMIC,1.0,era4tb_C_INH1x_r2,4.186915572536915,2.0,2.0,False,2.0,"plated_volume_uL=10; plating_condition=1; n0_source_days=0,1"
era4tb,M. tuberculosis,standard,,isoniazid,1.0,xMIC,1.0,era4tb_C_INH1x_r2,4.186915572536915,2.0,,True,2.0,"plated_volume_uL=10; plating_condition=2; below_limit_of_quantification; n0_source_days=0,1"
era4tb,M. tuberculosis,standard,,isoniazid,1.0,xMIC,1.0,era4tb_C_INH1x_r2,4.186915572536915,2.0,,True,2.6020599913279625,"plated_volume_uL=2.5; plating_condition=3; below_limit_of_quantification; n0_source_days=0,1"
era4tb,M. tuberculosis,standard,,isoniazid,1.0,xMIC,1.0,era4tb_C_INH1x_r2,4.186915572536915,3.0,,True,1.0,"plated_volume_uL=100; plating_condition=0; below_limit_of_quantification; n0_source_days=0,1"
era4tb,M. tuberculosis,standard,,isoniazid,1.0,xMIC,1.0,era4tb_C_INH1x_r2,4.186915572536915,3.0,,True,2.0,"plated_volume_uL=10; plating_condition=1; below_limit_of_quantification; n0_source_days=0,1"
era4tb,M. tuberculosis,standard,,isoniazid,1.0,xMIC,1.0,era4tb_C_INH1x_r2,4.186915572536915,3.0,,True,2.0,"plated_volume_uL=10; plating_condition=2; below_limit_of_quantification; n0_source_days=0,1"
era4tb,M. tuberculosis,standard,,isoniazid,1.0,xMIC,1.0,era4tb_C_INH1x_r2,4.186915572536915,3.0,,True,2.6020599913279625,"plated_volume_uL=2.5; plating_condition=3; below_limit_of_quantification; n0_source_days=0,1"
era4tb,M. tuberculosis,standard,,isoniazid,1.0,xMIC,1.0,era4tb_C_INH1x_r2,4.186915572536915,7.0,,True,1.0,"plated_volume_uL=100; plating_condition=0; below_limit_of_quantification; n0_source_days=0,1"
era4tb,M. tuberculosis,standard,,isoniazid,1.0,xMIC,1.0,era4tb_C_INH1x_r2,4.186915572536915,7.0,,True,2.0,"plated_volume_uL=10; plating_condition=1; below_limit_of_quantification; n0_source_days=0,1"
era4tb,M. tuberculosis,standard,,isoniazid,1.0,xMIC,1.0,era4tb_C_INH1x_r2,4.186915572536915,7.0,,True,2.0,"plated_volume_uL=10; plating_condition=2; below_limit_of_quantification; n0_source_days=0,1"
era4tb,M. tuberculosis,standard,,isoniazid,1.0,xMIC,1.0,era4tb_C_INH1x_r2,4.186915572536915,7.0,,True,2.6020599913279625,"plated_volume_uL=2.5; plating_condition=3; below_limit_of_quantification; n0_source_days=0,1"
era4tb,M. tuberculosis,standard,,isoniazid,1.0,xMIC,1.0,era4tb_C_INH1x_r2,4.186915572536915,10.0,,True,1.0,"plated_volume_uL=100; plating_condition=0; below_limit_of_quantification; n0_source_days=0,1"
era4tb,M. tuberculosis,standard,,isoniazid,1.0,xMIC,1.0,era4tb_C_INH1x_r2,4.186915572536915,10.0,,True,2.0,"plated_volume_uL=10; plating_condition=1; below_limit_of_quantification; n0_source_days=0,1"
era4tb,M. tuberculosis,standard,,isoniazid,1.0,xMIC,1.0,era4tb_C_INH1x_r2,4.186915572536915,10.0,,True,2.0,"plated_volume_uL=10; plating_condition=2; below_limit_of_quantification; n0_source_days=0,1"
era4tb,M. tuberculosis,standard,,isoniazid,1.0,xMIC,1.0,era4tb_C_INH1x_r2,4.186915572536915,10.0,,True,2.6020599913279625,"plated_volume_uL=2.5; plating_condition=3; below_limit_of_quantification; n0_source_days=0,1"
era4tb,M. tuberculosis,standard,,isoniazid,1.0,xMIC,1.0,era4tb_C_INH1x_r2,4.186915572536915,14.0,2.32221929473392,False,1.0,"plated_volume_uL=100; plating_condition=0; n0_source_days=0,1"
era4tb,M. tuberculosis,standard,,isoniazid,1.0,xMIC,1.0,era4tb_C_INH1x_r2,4.186915572536915,14.0,3.20411998265592,False,2.0,"plated_volume_uL=10; plating_condition=1; n0_source_days=0,1"
era4tb,M. tuberculosis,standard,,isoniazid,1.0,xMIC,1.0,era4tb_C_INH1x_r2,4.186915572536915,14.0,,True,2.0,"plated_volume_uL=10; plating_condition=2; below_limit_of_quantification; n0_source_days=0,1; bql_contradicted_by_another_plating_of_same_sample_by_1.2_log10"
era4tb,M. tuberculosis,standard,,isoniazid,1.0,xMIC,1.0,era4tb_C_INH1x_r2,4.186915572536915,14.0,,True,2.6020599913279625,"plated_volume_uL=2.5; plating_condition=3; below_limit_of_quantification; n0_source_days=0,1; bql_contradicted_by_another_plating_of_same_sample_by_0.6_log10"
era4tb,M. tuberculosis,standard,,isoniazid,1.0,xMIC,1.0,era4tb_C_INH1x_r2,4.186915572536915,21.0,6.14612803567824,False,1.0,"plated_volume_uL=100; plating_condition=0; n0_source_days=0,1"
era4tb,M. tuberculosis,standard,,isoniazid,1.0,xMIC,1.0,era4tb_C_INH1x_r2,4.186915572536915,21.0,6.07918124604763,False,2.0,"plated_volume_uL=10; plating_condition=1; n0_source_days=0,1"
era4tb,M. tuberculosis,standard,,isoniazid,1.0,xMIC,1.0,era4tb_C_INH1x_r2,4.186915572536915,21.0,5.60205999132796,False,2.0,"plated_volume_uL=10; plating_condition=2; n0_source_days=0,1"
era4tb,M. tuberculosis,standard,,isoniazid,1.0,xMIC,1.0,era4tb_C_INH1x_r2,4.186915572536915,21.0,5.68124123737559,False,2.6020599913279625,"plated_volume_uL=2.5; plating_condition=3; n0_source_days=0,1"
era4tb,M. tuberculosis,standard,,isoniazid,1.0,xMIC,1.0,era4tb_C_INH1x_r2,4.186915572536915,28.0,7.01703333929878,False,1.0,"plated_volume_uL=100; plating_condition=0; n0_source_days=0,1"
era4tb,M. tuberculosis,standard,,isoniazid,1.0,xMIC,1.0,era4tb_C_INH1x_r2,4.186915572536915,28.0,7.30102999566398,False,2.0,"plated_volume_uL=10; plating_condition=1; n0_source_days=0,1"
era4tb,M. tuberculosis,standard,,isoniazid,1.0,xMIC,1.0,era4tb_C_INH1x_r2,4.186915572536915,28.0,7.0,False,2.0,"plated_volume_uL=10; plating_condition=2; n0_source_days=0,1"
era4tb,M. tuberculosis,standard,,isoniazid,1.0,xMIC,1.0,era4tb_C_INH1x_r2,4.186915572536915,28.0,7.38021124171161,False,2.6020599913279625,"plated_volume_uL=2.5; plating_condition=3; n0_source_days=0,1"
era4tb,M. tuberculosis,standard,,isoniazid,1.0,xMIC,1.0,era4tb_C_INH1x_r3,4.120274624141301,0.0,4.76342799356294,False,1.0,"plated_volume_uL=100; plating_condition=0; n0_source_days=0,1"
era4tb,M. tuberculosis,standard,,isoniazid,1.0,xMIC,1.0,era4tb_C_INH1x_r3,4.120274624141301,0.0,4.20411998265593,False,2.0,"plated_volume_uL=10; plating_condition=1; n0_source_days=0,1"
era4tb,M. tuberculosis,standard,,isoniazid,1.0,xMIC,1.0,era4tb_C_INH1x_r3,4.120274624141301,0.0,4.07918124604763,False,2.0,"plated_volume_uL=10; plating_condition=2; n0_source_days=0,1"
era4tb,M. tuberculosis,standard,,isoniazid,1.0,xMIC,1.0,era4tb_C_INH1x_r3,4.120274624141301,0.0,3.77815125038364,False,2.6020599913279625,"plated_volume_uL=2.5; plating_condition=3; n0_source_days=0,1"
era4tb,M. tuberculosis,standard,,isoniazid,1.0,xMIC,1.0,era4tb_C_INH1x_r3,4.120274624141301,1.0,3.47712125471966,False,1.0,"plated_volume_uL=100; plating_condition=0; n0_source_days=0,1"
era4tb,M. tuberculosis,standard,,isoniazid,1.0,xMIC,1.0,era4tb_C_INH1x_r3,4.120274624141301,1.0,4.04139268515823,False,2.0,"plated_volume_uL=10; plating_condition=1; n0_source_days=0,1"
era4tb,M. tuberculosis,standard,,isoniazid,1.0,xMIC,1.0,era4tb_C_INH1x_r3,4.120274624141301,1.0,3.95424250943932,False,2.0,"plated_volume_uL=10; plating_condition=2; n0_source_days=0,1"
era4tb,M. tuberculosis,standard,,isoniazid,1.0,xMIC,1.0,era4tb_C_INH1x_r3,4.120274624141301,1.0,,True,2.6020599913279625,"plated_volume_uL=2.5; plating_condition=3; below_limit_of_quantification; n0_source_days=0,1; bql_contradicted_by_another_plating_of_same_sample_by_1.44_log10"
era4tb,M. tuberculosis,standard,,isoniazid,1.0,xMIC,1.0,era4tb_C_INH1x_r3,4.120274624141301,2.0,1.47712125471966,False,1.0,"plated_volume_uL=100; plating_condition=0; n0_source_days=0,1"
era4tb,M. tuberculosis,standard,,isoniazid,1.0,xMIC,1.0,era4tb_C_INH1x_r3,4.120274624141301,2.0,2.0,False,2.0,"plated_volume_uL=10; plating_condition=1; n0_source_days=0,1"
era4tb,M. tuberculosis,standard,,isoniazid,1.0,xMIC,1.0,era4tb_C_INH1x_r3,4.120274624141301,2.0,,True,2.0,"plated_volume_uL=10; plating_condition=2; below_limit_of_quantification; n0_source_days=0,1"
era4tb,M. tuberculosis,standard,,isoniazid,1.0,xMIC,1.0,era4tb_C_INH1x_r3,4.120274624141301,2.0,,True,2.6020599913279625,"plated_volume_uL=2.5; plating_condition=3; below_limit_of_quantification; n0_source_days=0,1"
era4tb,M. tuberculosis,standard,,isoniazid,1.0,xMIC,1.0,era4tb_C_INH1x_r3,4.120274624141301,3.0,,True,1.0,"plated_volume_uL=100; plating_condition=0; below_limit_of_quantification; n0_source_days=0,1"
era4tb,M. tuberculosis,standard,,isoniazid,1.0,xMIC,1.0,era4tb_C_INH1x_r3,4.120274624141301,3.0,,True,2.0,"plated_volume_uL=10; plating_condition=1; below_limit_of_quantification; n0_source_days=0,1"
era4tb,M. tuberculosis,standard,,isoniazid,1.0,xMIC,1.0,era4tb_C_INH1x_r3,4.120274624141301,3.0,,True,2.0,"plated_volume_uL=10; plating_condition=2; below_limit_of_quantification; n0_source_days=0,1"
era4tb,M. tuberculosis,standard,,isoniazid,1.0,xMIC,1.0,era4tb_C_INH1x_r3,4.120274624141301,3.0,,True,2.6020599913279625,"plated_volume_uL=2.5; plating_condition=3; below_limit_of_quantification; n0_source_days=0,1"
era4tb,M. tuberculosis,standard,,isoniazid,1.0,xMIC,1.0,era4tb_C_INH1x_r3,4.120274624141301,7.0,,True,1.0,"plated_volume_uL=100; plating_condition=0; below_limit_of_quantification; n0_source_days=0,1"
era4tb,M. tuberculosis,standard,,isoniazid,1.0,xMIC,1.0,era4tb_C_INH1x_r3,4.120274624141301,7.0,,True,2.0,"plated_volume_uL=10; plating_condition=1; below_limit_of_quantification; n0_source_days=0,1"
era4tb,M. tuberculosis,standard,,isoniazid,1.0,xMIC,1.0,era4tb_C_INH1x_r3,4.120274624141301,7.0,,True,2.0,"plated_volume_uL=10; plating_condition=2; below_limit_of_quantification; n0_source_days=0,1"
era4tb,M. tuberculosis,standard,,isoniazid,1.0,xMIC,1.0,era4tb_C_INH1x_r3,4.120274624141301,7.0,,True,2.6020599913279625,"plated_volume_uL=2.5; plating_condition=3; below_limit_of_quantification; n0_source_days=0,1"
era4tb,M. tuberculosis,standard,,isoniazid,1.0,xMIC,1.0,era4tb_C_INH1x_r3,4.120274624141301,10.0,,True,1.0,"plated_volume_uL=100; plating_condition=0; below_limit_of_quantification; n0_source_days=0,1"
era4tb,M. tuberculosis,standard,,isoniazid,1.0,xMIC,1.0,era4tb_C_INH1x_r3,4.120274624141301,10.0,,True,2.0,"plated_volume_uL=10; plating_condition=1; below_limit_of_quantification; n0_source_days=0,1"
era4tb,M. tuberculosis,standard,,isoniazid,1.0,xMIC,1.0,era4tb_C_INH1x_r3,4.120274624141301,10.0,,True,2.0,"plated_volume_uL=10; plating_condition=2; below_limit_of_quantification; n0_source_days=0,1"
era4tb,M. tuberculosis,standard,,isoniazid,1.0,xMIC,1.0,era4tb_C_INH1x_r3,4.120274624141301,10.0,,True,2.6020599913279625,"plated_volume_uL=2.5; plating_condition=3; below_limit_of_quantification; n0_source_days=0,1"
era4tb,M. tuberculosis,standard,,isoniazid,1.0,xMIC,1.0,era4tb_C_INH1x_r3,4.120274624141301,14.0,,True,1.0,"plated_volume_uL=100; plating_condition=0; below_limit_of_quantification; n0_source_days=0,1; bql_contradicted_by_another_plating_of_same_sample_by_2.0_log10"
era4tb,M. tuberculosis,standard,,isoniazid,1.0,xMIC,1.0,era4tb_C_INH1x_r3,4.120274624141301,14.0,3.0,False,2.0,"plated_volume_uL=10; plating_condition=1; n0_source_days=0,1"
era4tb,M. tuberculosis,standard,,isoniazid,1.0,xMIC,1.0,era4tb_C_INH1x_r3,4.120274624141301,14.0,,True,2.0,"plated_volume_uL=10; plating_condition=2; below_limit_of_quantification; n0_source_days=0,1; bql_contradicted_by_another_plating_of_same_sample_by_1.0_log10"
era4tb,M. tuberculosis,standard,,isoniazid,1.0,xMIC,1.0,era4tb_C_INH1x_r3,4.120274624141301,14.0,,True,2.6020599913279625,"plated_volume_uL=2.5; plating_condition=3; below_limit_of_quantification; n0_source_days=0,1; bql_contradicted_by_another_plating_of_same_sample_by_0.4_log10"
era4tb,M. tuberculosis,standard,,isoniazid,1.0,xMIC,1.0,era4tb_C_INH1x_r3,4.120274624141301,21.0,6.17609125905568,False,1.0,"plated_volume_uL=100; plating_condition=0; n0_source_days=0,1"
era4tb,M. tuberculosis,standard,,isoniazid,1.0,xMIC,1.0,era4tb_C_INH1x_r3,4.120274624141301,21.0,5.84509804001426,False,2.0,"plated_volume_uL=10; plating_condition=1; n0_source_days=0,1"
era4tb,M. tuberculosis,standard,,isoniazid,1.0,xMIC,1.0,era4tb_C_INH1x_r3,4.120274624141301,21.0,6.27875360095283,False,2.0,"plated_volume_uL=10; plating_condition=2; n0_source_days=0,1"
era4tb,M. tuberculosis,standard,,isoniazid,1.0,xMIC,1.0,era4tb_C_INH1x_r3,4.120274624141301,21.0,5.68124123737559,False,2.6020599913279625,"plated_volume_uL=2.5; plating_condition=3; n0_source_days=0,1"
era4tb,M. tuberculosis,standard,,isoniazid,1.0,xMIC,1.0,era4tb_C_INH1x_r3,4.120274624141301,28.0,6.72427586960079,False,1.0,"plated_volume_uL=100; plating_condition=0; n0_source_days=0,1"
era4tb,M. tuberculosis,standard,,isoniazid,1.0,xMIC,1.0,era4tb_C_INH1x_r3,4.120274624141301,28.0,7.32221929473392,False,2.0,"plated_volume_uL=10; plating_condition=1; n0_source_days=0,1"
era4tb,M. tuberculosis,standard,,isoniazid,1.0,xMIC,1.0,era4tb_C_INH1x_r3,4.120274624141301,28.0,7.04139268515823,False,2.0,"plated_volume_uL=10; plating_condition=2; n0_source_days=0,1"
era4tb,M. tuberculosis,standard,,isoniazid,1.0,xMIC,1.0,era4tb_C_INH1x_r3,4.120274624141301,28.0,6.90308998699194,False,2.6020599913279625,"plated_volume_uL=2.5; plating_condition=3; n0_source_days=0,1"
era4tb,M. tuberculosis,standard,,moxifloxacin,10.0,xMIC,10.0,era4tb_C_MXF10x_r1,3.967249225621785,0.0,4.63346845557959,False,1.0,"plated_volume_uL=100; plating_condition=0; n0_source_days=0,1"
era4tb,M. tuberculosis,standard,,moxifloxacin,10.0,xMIC,10.0,era4tb_C_MXF10x_r1,3.967249225621785,0.0,3.90308998699194,False,2.0,"plated_volume_uL=10; plating_condition=1; n0_source_days=0,1"
era4tb,M. tuberculosis,standard,,moxifloxacin,10.0,xMIC,10.0,era4tb_C_MXF10x_r1,3.967249225621785,0.0,4.20411998265593,False,2.0,"plated_volume_uL=10; plating_condition=2; n0_source_days=0,1"
era4tb,M. tuberculosis,standard,,moxifloxacin,10.0,xMIC,10.0,era4tb_C_MXF10x_r1,3.967249225621785,0.0,3.83250891270624,False,2.6020599913279625,"plated_volume_uL=2.5; plating_condition=3; n0_source_days=0,1"
era4tb,M. tuberculosis,standard,,moxifloxacin,10.0,xMIC,10.0,era4tb_C_MXF10x_r1,3.967249225621785,1.0,3.30102999566398,False,1.0,"plated_volume_uL=100; plating_condition=0; n0_source_days=0,1"
era4tb,M. tuberculosis,standard,,moxifloxacin,10.0,xMIC,10.0,era4tb_C_MXF10x_r1,3.967249225621785,1.0,3.60205999132796,False,2.0,"plated_volume_uL=10; plating_condition=1; n0_source_days=0,1"
era4tb,M. tuberculosis,standard,,moxifloxacin,10.0,xMIC,10.0,era4tb_C_MXF10x_r1,3.967249225621785,1.0,3.69897000433602,False,2.0,"plated_volume_uL=10; plating_condition=2; n0_source_days=0,1"
era4tb,M. tuberculosis,standard,,moxifloxacin,10.0,xMIC,10.0,era4tb_C_MXF10x_r1,3.967249225621785,1.0,3.90308998699194,False,2.6020599913279625,"plated_volume_uL=2.5; plating_condition=3; n0_source_days=0,1"
era4tb,M. tuberculosis,standard,,moxifloxacin,10.0,xMIC,10.0,era4tb_C_MXF10x_r1,3.967249225621785,2.0,3.09691001300806,False,1.0,"plated_volume_uL=100; plating_condition=0; n0_source_days=0,1"
era4tb,M. tuberculosis,standard,,moxifloxacin,10.0,xMIC,10.0,era4tb_C_MXF10x_r1,3.967249225621785,2.0,3.17609125905568,False,2.0,"plated_volume_uL=10; plating_condition=1; n0_source_days=0,1"
era4tb,M. tuberculosis,standard,,moxifloxacin,10.0,xMIC,10.0,era4tb_C_MXF10x_r1,3.967249225621785,2.0,2.84509804001426,False,2.0,"plated_volume_uL=10; plating_condition=2; n0_source_days=0,1"
era4tb,M. tuberculosis,standard,,moxifloxacin,10.0,xMIC,10.0,era4tb_C_MXF10x_r1,3.967249225621785,2.0,3.60205999132796,False,2.6020599913279625,"plated_volume_uL=2.5; plating_condition=3; n0_source_days=0,1"
era4tb,M. tuberculosis,standard,,moxifloxacin,10.0,xMIC,10.0,era4tb_C_MXF10x_r1,3.967249225621785,3.0,2.85733249643127,False,1.0,"plated_volume_uL=100; plating_condition=0; n0_source_days=0,1"
era4tb,M. tuberculosis,standard,,moxifloxacin,10.0,xMIC,10.0,era4tb_C_MXF10x_r1,3.967249225621785,3.0,3.07918124604762,False,2.0,"plated_volume_uL=10; plating_condition=1; n0_source_days=0,1"
era4tb,M. tuberculosis,standard,,moxifloxacin,10.0,xMIC,10.0,era4tb_C_MXF10x_r1,3.967249225621785,3.0,3.07918124604762,False,2.0,"plated_volume_uL=10; plating_condition=2; n0_source_days=0,1"
era4tb,M. tuberculosis,standard,,moxifloxacin,10.0,xMIC,10.0,era4tb_C_MXF10x_r1,3.967249225621785,3.0,2.60205999132796,False,2.6020599913279625,"plated_volume_uL=2.5; plating_condition=3; n0_source_days=0,1"
era4tb,M. tuberculosis,standard,,moxifloxacin,10.0,xMIC,10.0,era4tb_C_MXF10x_r1,3.967249225621785,7.0,,True,1.0,"plated_volume_uL=100; plating_condition=0; below_limit_of_quantification; n0_source_days=0,1"
era4tb,M. tuberculosis,standard,,moxifloxacin,10.0,xMIC,10.0,era4tb_C_MXF10x_r1,3.967249225621785,7.0,,True,2.0,"plated_volume_uL=10; plating_condition=1; below_limit_of_quantification; n0_source_days=0,1"
era4tb,M. tuberculosis,standard,,moxifloxacin,10.0,xMIC,10.0,era4tb_C_MXF10x_r1,3.967249225621785,7.0,,True,2.0,"plated_volume_uL=10; plating_condition=2; below_limit_of_quantification; n0_source_days=0,1"
era4tb,M. tuberculosis,standard,,moxifloxacin,10.0,xMIC,10.0,era4tb_C_MXF10x_r1,3.967249225621785,7.0,,True,2.6020599913279625,"plated_volume_uL=2.5; plating_condition=3; below_limit_of_quantification; n0_source_days=0,1"
era4tb,M. tuberculosis,standard,,moxifloxacin,10.0,xMIC,10.0,era4tb_C_MXF10x_r1,3.967249225621785,10.0,,True,1.0,"plated_volume_uL=100; plating_condition=0; below_limit_of_quantification; n0_source_days=0,1"
era4tb,M. tuberculosis,standard,,moxifloxacin,10.0,xMIC,10.0,era4tb_C_MXF10x_r1,3.967249225621785,10.0,,True,2.0,"plated_volume_uL=10; plating_condition=1; below_limit_of_quantification; n0_source_days=0,1"
era4tb,M. tuberculosis,standard,,moxifloxacin,10.0,xMIC,10.0,era4tb_C_MXF10x_r1,3.967249225621785,10.0,,True,2.0,"plated_volume_uL=10; plating_condition=2; below_limit_of_quantification; n0_source_days=0,1"
era4tb,M. tuberculosis,standard,,moxifloxacin,10.0,xMIC,10.0,era4tb_C_MXF10x_r1,3.967249225621785,10.0,,True,2.6020599913279625,"plated_volume_uL=2.5; plating_condition=3; below_limit_of_quantification; n0_source_days=0,1"
era4tb,M. tuberculosis,standard,,moxifloxacin,10.0,xMIC,10.0,era4tb_C_MXF10x_r1,3.967249225621785,14.0,,True,1.0,"plated_volume_uL=100; plating_condition=0; below_limit_of_quantification; n0_source_days=0,1"
era4tb,M. tuberculosis,standard,,moxifloxacin,10.0,xMIC,10.0,era4tb_C_MXF10x_r1,3.967249225621785,14.0,,True,2.0,"plated_volume_uL=10; plating_condition=1; below_limit_of_quantification; n0_source_days=0,1"
era4tb,M. tuberculosis,standard,,moxifloxacin,10.0,xMIC,10.0,era4tb_C_MXF10x_r1,3.967249225621785,14.0,,True,2.0,"plated_volume_uL=10; plating_condition=2; below_limit_of_quantification; n0_source_days=0,1"
era4tb,M. tuberculosis,standard,,moxifloxacin,10.0,xMIC,10.0,era4tb_C_MXF10x_r1,3.967249225621785,14.0,,True,2.6020599913279625,"plated_volume_uL=2.5; plating_condition=3; below_limit_of_quantification; n0_source_days=0,1"
era4tb,M. tuberculosis,standard,,moxifloxacin,10.0,xMIC,10.0,era4tb_C_MXF10x_r1,3.967249225621785,21.0,,True,1.0,"plated_volume_uL=100; plating_condition=0; below_limit_of_quantification; n0_source_days=0,1"
era4tb,M. tuberculosis,standard,,moxifloxacin,10.0,xMIC,10.0,era4tb_C_MXF10x_r1,3.967249225621785,21.0,,True,2.0,"plated_volume_uL=10; plating_condition=1; below_limit_of_quantification; n0_source_days=0,1"
era4tb,M. tuberculosis,standard,,moxifloxacin,10.0,xMIC,10.0,era4tb_C_MXF10x_r1,3.967249225621785,21.0,,True,2.0,"plated_volume_uL=10; plating_condition=2; below_limit_of_quantification; n0_source_days=0,1"
era4tb,M. tuberculosis,standard,,moxifloxacin,10.0,xMIC,10.0,era4tb_C_MXF10x_r1,3.967249225621785,21.0,,True,2.6020599913279625,"plated_volume_uL=2.5; plating_condition=3; below_limit_of_quantification; n0_source_days=0,1"
era4tb,M. tuberculosis,standard,,moxifloxacin,10.0,xMIC,10.0,era4tb_C_MXF10x_r1,3.967249225621785,28.0,,True,1.0,"plated_volume_uL=100; plating_condition=0; below_limit_of_quantification; n0_source_days=0,1"
era4tb,M. tuberculosis,standard,,moxifloxacin,10.0,xMIC,10.0,era4tb_C_MXF10x_r1,3.967249225621785,28.0,,True,2.0,"plated_volume_uL=10; plating_condition=1; below_limit_of_quantification; n0_source_days=0,1"
era4tb,M. tuberculosis,standard,,moxifloxacin,10.0,xMIC,10.0,era4tb_C_MXF10x_r1,3.967249225621785,28.0,,True,2.0,"plated_volume_uL=10; plating_condition=2; below_limit_of_quantification; n0_source_days=0,1"
era4tb,M. tuberculosis,standard,,moxifloxacin,10.0,xMIC,10.0,era4tb_C_MXF10x_r1,3.967249225621785,28.0,,True,2.6020599913279625,"plated_volume_uL=2.5; plating_condition=3; below_limit_of_quantification; n0_source_days=0,1"
era4tb,M. tuberculosis,standard,,moxifloxacin,10.0,xMIC,10.0,era4tb_C_MXF10x_r2,3.47712125471966,0.0,,False,1.0,plated_volume_uL=100; plating_condition=0; no_value_reported_not_censored; n0_source_days=1
era4tb,M. tuberculosis,standard,,moxifloxacin,10.0,xMIC,10.0,era4tb_C_MXF10x_r2,3.47712125471966,0.0,4.17609125905568,False,2.0,plated_volume_uL=10; plating_condition=1; n0_source_days=1
era4tb,M. tuberculosis,standard,,moxifloxacin,10.0,xMIC,10.0,era4tb_C_MXF10x_r2,3.47712125471966,0.0,4.07918124604763,False,2.0,plated_volume_uL=10; plating_condition=2; n0_source_days=1
era4tb,M. tuberculosis,standard,,moxifloxacin,10.0,xMIC,10.0,era4tb_C_MXF10x_r2,3.47712125471966,0.0,3.80617997398389,False,2.6020599913279625,plated_volume_uL=2.5; plating_condition=3; n0_source_days=1
era4tb,M. tuberculosis,standard,,moxifloxacin,10.0,xMIC,10.0,era4tb_C_MXF10x_r2,3.47712125471966,1.0,3.47712125471966,False,1.0,plated_volume_uL=100; plating_condition=0; n0_source_days=1
era4tb,M. tuberculosis,standard,,moxifloxacin,10.0,xMIC,10.0,era4tb_C_MXF10x_r2,3.47712125471966,1.0,3.84509804001426,False,2.0,plated_volume_uL=10; plating_condition=1; n0_source_days=1
era4tb,M. tuberculosis,standard,,moxifloxacin,10.0,xMIC,10.0,era4tb_C_MXF10x_r2,3.47712125471966,1.0,3.84509804001426,False,2.0,plated_volume_uL=10; plating_condition=2; n0_source_days=1
era4tb,M. tuberculosis,standard,,moxifloxacin,10.0,xMIC,10.0,era4tb_C_MXF10x_r2,3.47712125471966,1.0,4.38021124171161,False,2.6020599913279625,plated_volume_uL=2.5; plating_condition=3; n0_source_days=1
era4tb,M. tuberculosis,standard,,moxifloxacin,10.0,xMIC,10.0,era4tb_C_MXF10x_r2,3.47712125471966,2.0,2.8750612633917,False,1.0,plated_volume_uL=100; plating_condition=0; n0_source_days=1
era4tb,M. tuberculosis,standard,,moxifloxacin,10.0,xMIC,10.0,era4tb_C_MXF10x_r2,3.47712125471966,2.0,3.14612803567824,False,2.0,plated_volume_uL=10; plating_condition=1; n0_source_days=1
era4tb,M. tuberculosis,standard,,moxifloxacin,10.0,xMIC,10.0,era4tb_C_MXF10x_r2,3.47712125471966,2.0,3.38021124171161,False,2.0,plated_volume_uL=10; plating_condition=2; n0_source_days=1
era4tb,M. tuberculosis,standard,,moxifloxacin,10.0,xMIC,10.0,era4tb_C_MXF10x_r2,3.47712125471966,2.0,3.60205999132796,False,2.6020599913279625,plated_volume_uL=2.5; plating_condition=3; n0_source_days=1
era4tb,M. tuberculosis,standard,,moxifloxacin,10.0,xMIC,10.0,era4tb_C_MXF10x_r2,3.47712125471966,3.0,2.51851393987789,False,1.0,plated_volume_uL=100; plating_condition=0; n0_source_days=1
era4tb,M. tuberculosis,standard,,moxifloxacin,10.0,xMIC,10.0,era4tb_C_MXF10x_r2,3.47712125471966,3.0,2.69897000433602,False,2.0,plated_volume_uL=10; plating_condition=1; n0_source_days=1
era4tb,M. tuberculosis,standard,,moxifloxacin,10.0,xMIC,10.0,era4tb_C_MXF10x_r2,3.47712125471966,3.0,3.41497334797082,False,2.0,plated_volume_uL=10; plating_condition=2; n0_source_days=1
era4tb,M. tuberculosis,standard,,moxifloxacin,10.0,xMIC,10.0,era4tb_C_MXF10x_r2,3.47712125471966,3.0,3.20411998265592,False,2.6020599913279625,plated_volume_uL=2.5; plating_condition=3; n0_source_days=1
era4tb,M. tuberculosis,standard,,moxifloxacin,10.0,xMIC,10.0,era4tb_C_MXF10x_r2,3.47712125471966,7.0,,True,1.0,plated_volume_uL=100; plating_condition=0; below_limit_of_quantification; n0_source_days=1
era4tb,M. tuberculosis,standard,,moxifloxacin,10.0,xMIC,10.0,era4tb_C_MXF10x_r2,3.47712125471966,7.0,,True,2.0,plated_volume_uL=10; plating_condition=1; below_limit_of_quantification; n0_source_days=1
era4tb,M. tuberculosis,standard,,moxifloxacin,10.0,xMIC,10.0,era4tb_C_MXF10x_r2,3.47712125471966,7.0,,True,2.0,plated_volume_uL=10; plating_condition=2; below_limit_of_quantification; n0_source_days=1
era4tb,M. tuberculosis,standard,,moxifloxacin,10.0,xMIC,10.0,era4tb_C_MXF10x_r2,3.47712125471966,7.0,,True,2.6020599913279625,plated_volume_uL=2.5; plating_condition=3; below_limit_of_quantification; n0_source_days=1
era4tb,M. tuberculosis,standard,,moxifloxacin,10.0,xMIC,10.0,era4tb_C_MXF10x_r2,3.47712125471966,10.0,,True,1.0,plated_volume_uL=100; plating_condition=0; below_limit_of_quantification; n0_source_days=1
era4tb,M. tuberculosis,standard,,moxifloxacin,10.0,xMIC,10.0,era4tb_C_MXF10x_r2,3.47712125471966,10.0,,True,2.0,plated_volume_uL=10; plating_condition=1; below_limit_of_quantification; n0_source_days=1
era4tb,M. tuberculosis,standard,,moxifloxacin,10.0,xMIC,10.0,era4tb_C_MXF10x_r2,3.47712125471966,10.0,,True,2.0,plated_volume_uL=10; plating_condition=2; below_limit_of_quantification; n0_source_days=1
era4tb,M. tuberculosis,standard,,moxifloxacin,10.0,xMIC,10.0,era4tb_C_MXF10x_r2,3.47712125471966,10.0,,True,2.6020599913279625,plated_volume_uL=2.5; plating_condition=3; below_limit_of_quantification; n0_source_days=1
era4tb,M. tuberculosis,standard,,moxifloxacin,10.0,xMIC,10.0,era4tb_C_MXF10x_r2,3.47712125471966,14.0,,True,1.0,plated_volume_uL=100; plating_condition=0; below_limit_of_quantification; n0_source_days=1
era4tb,M. tuberculosis,standard,,moxifloxacin,10.0,xMIC,10.0,era4tb_C_MXF10x_r2,3.47712125471966,14.0,,True,2.0,plated_volume_uL=10; plating_condition=1; below_limit_of_quantification; n0_source_days=1
era4tb,M. tuberculosis,standard,,moxifloxacin,10.0,xMIC,10.0,era4tb_C_MXF10x_r2,3.47712125471966,14.0,,True,2.0,plated_volume_uL=10; plating_condition=2; below_limit_of_quantification; n0_source_days=1
era4tb,M. tuberculosis,standard,,moxifloxacin,10.0,xMIC,10.0,era4tb_C_MXF10x_r2,3.47712125471966,14.0,,True,2.6020599913279625,plated_volume_uL=2.5; plating_condition=3; below_limit_of_quantification; n0_source_days=1
era4tb,M. tuberculosis,standard,,moxifloxacin,10.0,xMIC,10.0,era4tb_C_MXF10x_r2,3.47712125471966,21.0,,True,1.0,plated_volume_uL=100; plating_condition=0; below_limit_of_quantification; n0_source_days=1
era4tb,M. tuberculosis,standard,,moxifloxacin,10.0,xMIC,10.0,era4tb_C_MXF10x_r2,3.47712125471966,21.0,,True,2.0,plated_volume_uL=10; plating_condition=1; below_limit_of_quantification; n0_source_days=1
era4tb,M. tuberculosis,standard,,moxifloxacin,10.0,xMIC,10.0,era4tb_C_MXF10x_r2,3.47712125471966,21.0,,True,2.0,plated_volume_uL=10; plating_condition=2; below_limit_of_quantification; n0_source_days=1
era4tb,M. tuberculosis,standard,,moxifloxacin,10.0,xMIC,10.0,era4tb_C_MXF10x_r2,3.47712125471966,21.0,,True,2.6020599913279625,plated_volume_uL=2.5; plating_condition=3; below_limit_of_quantification; n0_source_days=1
era4tb,M. tuberculosis,standard,,moxifloxacin,10.0,xMIC,10.0,era4tb_C_MXF10x_r2,3.47712125471966,28.0,,True,1.0,plated_volume_uL=100; plating_condition=0; below_limit_of_quantification; n0_source_days=1
era4tb,M. tuberculosis,standard,,moxifloxacin,10.0,xMIC,10.0,era4tb_C_MXF10x_r2,3.47712125471966,28.0,,True,2.0,plated_volume_uL=10; plating_condition=1; below_limit_of_quantification; n0_source_days=1
era4tb,M. tuberculosis,standard,,moxifloxacin,10.0,xMIC,10.0,era4tb_C_MXF10x_r2,3.47712125471966,28.0,,True,2.0,plated_volume_uL=10; plating_condition=2; below_limit_of_quantification; n0_source_days=1
era4tb,M. tuberculosis,standard,,moxifloxacin,10.0,xMIC,10.0,era4tb_C_MXF10x_r2,3.47712125471966,28.0,,True,2.6020599913279625,plated_volume_uL=2.5; plating_condition=3; below_limit_of_quantification; n0_source_days=1
era4tb,M. tuberculosis,standard,,moxifloxacin,10.0,xMIC,10.0,era4tb_C_MXF10x_r3,3.69897000433602,0.0,,False,1.0,plated_volume_uL=100; plating_condition=0; no_value_reported_not_censored; n0_source_days=1
era4tb,M. tuberculosis,standard,,moxifloxacin,10.0,xMIC,10.0,era4tb_C_MXF10x_r3,3.69897000433602,0.0,4.17609125905568,False,2.0,plated_volume_uL=10; plating_condition=1; n0_source_days=1
era4tb,M. tuberculosis,standard,,moxifloxacin,10.0,xMIC,10.0,era4tb_C_MXF10x_r3,3.69897000433602,0.0,4.07918124604763,False,2.0,plated_volume_uL=10; plating_condition=2; n0_source_days=1
era4tb,M. tuberculosis,standard,,moxifloxacin,10.0,xMIC,10.0,era4tb_C_MXF10x_r3,3.69897000433602,0.0,3.85733249643127,False,2.6020599913279625,plated_volume_uL=2.5; plating_condition=3; n0_source_days=1
era4tb,M. tuberculosis,standard,,moxifloxacin,10.0,xMIC,10.0,era4tb_C_MXF10x_r3,3.69897000433602,1.0,3.69897000433602,False,1.0,plated_volume_uL=100; plating_condition=0; n0_source_days=1
era4tb,M. tuberculosis,standard,,moxifloxacin,10.0,xMIC,10.0,era4tb_C_MXF10x_r3,3.69897000433602,1.0,3.69897000433602,False,2.0,plated_volume_uL=10; plating_condition=1; n0_source_days=1
era4tb,M. tuberculosis,standard,,moxifloxacin,10.0,xMIC,10.0,era4tb_C_MXF10x_r3,3.69897000433602,1.0,3.84509804001426,False,2.0,plated_volume_uL=10; plating_condition=2; n0_source_days=1
era4tb,M. tuberculosis,standard,,moxifloxacin,10.0,xMIC,10.0,era4tb_C_MXF10x_r3,3.69897000433602,1.0,3.90308998699194,False,2.6020599913279625,plated_volume_uL=2.5; plating_condition=3; n0_source_days=1
era4tb,M. tuberculosis,standard,,moxifloxacin,10.0,xMIC,10.0,era4tb_C_MXF10x_r3,3.69897000433602,2.0,2.85125834871908,False,1.0,plated_volume_uL=100; plating_condition=0; n0_source_days=1
era4tb,M. tuberculosis,standard,,moxifloxacin,10.0,xMIC,10.0,era4tb_C_MXF10x_r3,3.69897000433602,2.0,3.39794000867204,False,2.0,plated_volume_uL=10; plating_condition=1; n0_source_days=1
era4tb,M. tuberculosis,standard,,moxifloxacin,10.0,xMIC,10.0,era4tb_C_MXF10x_r3,3.69897000433602,2.0,2.84509804001426,False,2.0,plated_volume_uL=10; plating_condition=2; n0_source_days=1
era4tb,M. tuberculosis,standard,,moxifloxacin,10.0,xMIC,10.0,era4tb_C_MXF10x_r3,3.69897000433602,2.0,3.50514997831991,False,2.6020599913279625,plated_volume_uL=2.5; plating_condition=3; n0_source_days=1
era4tb,M. tuberculosis,standard,,moxifloxacin,10.0,xMIC,10.0,era4tb_C_MXF10x_r3,3.69897000433602,3.0,2.54406804435028,False,1.0,plated_volume_uL=100; plating_condition=0; n0_source_days=1
era4tb,M. tuberculosis,standard,,moxifloxacin,10.0,xMIC,10.0,era4tb_C_MXF10x_r3,3.69897000433602,3.0,2.30102999566398,False,2.0,plated_volume_uL=10; plating_condition=1; n0_source_days=1
era4tb,M. tuberculosis,standard,,moxifloxacin,10.0,xMIC,10.0,era4tb_C_MXF10x_r3,3.69897000433602,3.0,3.38021124171161,False,2.0,plated_volume_uL=10; plating_condition=2; n0_source_days=1
era4tb,M. tuberculosis,standard,,moxifloxacin,10.0,xMIC,10.0,era4tb_C_MXF10x_r3,3.69897000433602,3.0,3.30102999566398,False,2.6020599913279625,plated_volume_uL=2.5; plating_condition=3; n0_source_days=1
era4tb,M. tuberculosis,standard,,moxifloxacin,10.0,xMIC,10.0,era4tb_C_MXF10x_r3,3.69897000433602,7.0,,True,1.0,plated_volume_uL=100; plating_condition=0; below_limit_of_quantification; n0_source_days=1
era4tb,M. tuberculosis,standard,,moxifloxacin,10.0,xMIC,10.0,era4tb_C_MXF10x_r3,3.69897000433602,7.0,,True,2.0,plated_volume_uL=10; plating_condition=1; below_limit_of_quantification; n0_source_days=1
era4tb,M. tuberculosis,standard,,moxifloxacin,10.0,xMIC,10.0,era4tb_C_MXF10x_r3,3.69897000433602,7.0,,True,2.0,plated_volume_uL=10; plating_condition=2; below_limit_of_quantification; n0_source_days=1
era4tb,M. tuberculosis,standard,,moxifloxacin,10.0,xMIC,10.0,era4tb_C_MXF10x_r3,3.69897000433602,7.0,,True,2.6020599913279625,plated_volume_uL=2.5; plating_condition=3; below_limit_of_quantification; n0_source_days=1
era4tb,M. tuberculosis,standard,,moxifloxacin,10.0,xMIC,10.0,era4tb_C_MXF10x_r3,3.69897000433602,10.0,,True,1.0,plated_volume_uL=100; plating_condition=0; below_limit_of_quantification; n0_source_days=1
era4tb,M. tuberculosis,standard,,moxifloxacin,10.0,xMIC,10.0,era4tb_C_MXF10x_r3,3.69897000433602,10.0,,True,2.0,plated_volume_uL=10; plating_condition=1; below_limit_of_quantification; n0_source_days=1
era4tb,M. tuberculosis,standard,,moxifloxacin,10.0,xMIC,10.0,era4tb_C_MXF10x_r3,3.69897000433602,10.0,,True,2.0,plated_volume_uL=10; plating_condition=2; below_limit_of_quantification; n0_source_days=1
era4tb,M. tuberculosis,standard,,moxifloxacin,10.0,xMIC,10.0,era4tb_C_MXF10x_r3,3.69897000433602,10.0,,True,2.6020599913279625,plated_volume_uL=2.5; plating_condition=3; below_limit_of_quantification; n0_source_days=1
era4tb,M. tuberculosis,standard,,moxifloxacin,10.0,xMIC,10.0,era4tb_C_MXF10x_r3,3.69897000433602,14.0,,True,1.0,plated_volume_uL=100; plating_condition=0; below_limit_of_quantification; n0_source_days=1
era4tb,M. tuberculosis,standard,,moxifloxacin,10.0,xMIC,10.0,era4tb_C_MXF10x_r3,3.69897000433602,14.0,,True,2.0,plated_volume_uL=10; plating_condition=1; below_limit_of_quantification; n0_source_days=1
era4tb,M. tuberculosis,standard,,moxifloxacin,10.0,xMIC,10.0,era4tb_C_MXF10x_r3,3.69897000433602,14.0,,True,2.0,plated_volume_uL=10; plating_condition=2; below_limit_of_quantification; n0_source_days=1
era4tb,M. tuberculosis,standard,,moxifloxacin,10.0,xMIC,10.0,era4tb_C_MXF10x_r3,3.69897000433602,14.0,,True,2.6020599913279625,plated_volume_uL=2.5; plating_condition=3; below_limit_of_quantification; n0_source_days=1
era4tb,M. tuberculosis,standard,,moxifloxacin,10.0,xMIC,10.0,era4tb_C_MXF10x_r3,3.69897000433602,21.0,,True,1.0,plated_volume_uL=100; plating_condition=0; below_limit_of_quantification; n0_source_days=1
era4tb,M. tuberculosis,standard,,moxifloxacin,10.0,xMIC,10.0,era4tb_C_MXF10x_r3,3.69897000433602,21.0,,True,2.0,plated_volume_uL=10; plating_condition=1; below_limit_of_quantification; n0_source_days=1
era4tb,M. tuberculosis,standard,,moxifloxacin,10.0,xMIC,10.0,era4tb_C_MXF10x_r3,3.69897000433602,21.0,,True,2.0,plated_volume_uL=10; plating_condition=2; below_limit_of_quantification; n0_source_days=1
era4tb,M. tuberculosis,standard,,moxifloxacin,10.0,xMIC,10.0,era4tb_C_MXF10x_r3,3.69897000433602,21.0,,True,2.6020599913279625,plated_volume_uL=2.5; plating_condition=3; below_limit_of_quantification; n0_source_days=1
era4tb,M. tuberculosis,standard,,moxifloxacin,10.0,xMIC,10.0,era4tb_C_MXF10x_r3,3.69897000433602,28.0,,True,1.0,plated_volume_uL=100; plating_condition=0; below_limit_of_quantification; n0_source_days=1
era4tb,M. tuberculosis,standard,,moxifloxacin,10.0,xMIC,10.0,era4tb_C_MXF10x_r3,3.69897000433602,28.0,,True,2.0,plated_volume_uL=10; plating_condition=1; below_limit_of_quantification; n0_source_days=1
era4tb,M. tuberculosis,standard,,moxifloxacin,10.0,xMIC,10.0,era4tb_C_MXF10x_r3,3.69897000433602,28.0,,True,2.0,plated_volume_uL=10; plating_condition=2; below_limit_of_quantification; n0_source_days=1
era4tb,M. tuberculosis,standard,,moxifloxacin,10.0,xMIC,10.0,era4tb_C_MXF10x_r3,3.69897000433602,28.0,,True,2.6020599913279625,plated_volume_uL=2.5; plating_condition=3; below_limit_of_quantification; n0_source_days=1
era4tb,M. tuberculosis,standard,,moxifloxacin,1.0,xMIC,1.0,era4tb_C_MXF1x_r1,4.53777348069627,0.0,4.54406804435028,False,1.0,"plated_volume_uL=100; plating_condition=0; n0_source_days=0,1"
era4tb,M. tuberculosis,standard,,moxifloxacin,1.0,xMIC,1.0,era4tb_C_MXF1x_r1,4.53777348069627,0.0,4.04139268515823,False,2.0,"plated_volume_uL=10; plating_condition=1; n0_source_days=0,1"
era4tb,M. tuberculosis,standard,,moxifloxacin,1.0,xMIC,1.0,era4tb_C_MXF1x_r1,4.53777348069627,0.0,4.30102999566398,False,2.0,"plated_volume_uL=10; plating_condition=2; n0_source_days=0,1"
era4tb,M. tuberculosis,standard,,moxifloxacin,1.0,xMIC,1.0,era4tb_C_MXF1x_r1,4.53777348069627,0.0,3.92427928606188,False,2.6020599913279625,"plated_volume_uL=2.5; plating_condition=3; n0_source_days=0,1"
era4tb,M. tuberculosis,standard,,moxifloxacin,1.0,xMIC,1.0,era4tb_C_MXF1x_r1,4.53777348069627,1.0,4.53147891704226,False,1.0,"plated_volume_uL=100; plating_condition=0; n0_source_days=0,1"
era4tb,M. tuberculosis,standard,,moxifloxacin,1.0,xMIC,1.0,era4tb_C_MXF1x_r1,4.53777348069627,1.0,4.43136376415899,False,2.0,"plated_volume_uL=10; plating_condition=1; n0_source_days=0,1"
era4tb,M. tuberculosis,standard,,moxifloxacin,1.0,xMIC,1.0,era4tb_C_MXF1x_r1,4.53777348069627,1.0,4.25527250510331,False,2.0,"plated_volume_uL=10; plating_condition=2; n0_source_days=0,1"
era4tb,M. tuberculosis,standard,,moxifloxacin,1.0,xMIC,1.0,era4tb_C_MXF1x_r1,4.53777348069627,1.0,4.30102999566398,False,2.6020599913279625,"plated_volume_uL=2.5; plating_condition=3; n0_source_days=0,1"
era4tb,M. tuberculosis,standard,,moxifloxacin,1.0,xMIC,1.0,era4tb_C_MXF1x_r1,4.53777348069627,2.0,4.54406804435028,False,1.0,"plated_volume_uL=100; plating_condition=0; n0_source_days=0,1"
era4tb,M. tuberculosis,standard,,moxifloxacin,1.0,xMIC,1.0,era4tb_C_MXF1x_r1,4.53777348069627,2.0,4.90308998699194,False,2.0,"plated_volume_uL=10; plating_condition=1; n0_source_days=0,1"
era4tb,M. tuberculosis,standard,,moxifloxacin,1.0,xMIC,1.0,era4tb_C_MXF1x_r1,4.53777348069627,2.0,5.23044892137827,False,2.0,"plated_volume_uL=10; plating_condition=2; n0_source_days=0,1"
era4tb,M. tuberculosis,standard,,moxifloxacin,1.0,xMIC,1.0,era4tb_C_MXF1x_r1,4.53777348069627,2.0,4.64345267648619,False,2.6020599913279625,"plated_volume_uL=2.5; plating_condition=3; n0_source_days=0,1"
era4tb,M. tuberculosis,standard,,moxifloxacin,1.0,xMIC,1.0,era4tb_C_MXF1x_r1,4.53777348069627,3.0,4.44715803134222,False,1.0,"plated_volume_uL=100; plating_condition=0; n0_source_days=0,1"
era4tb,M. tuberculosis,standard,,moxifloxacin,1.0,xMIC,1.0,era4tb_C_MXF1x_r1,4.53777348069627,3.0,4.69897000433602,False,2.0,"plated_volume_uL=10; plating_condition=1; n0_source_days=0,1"
era4tb,M. tuberculosis,standard,,moxifloxacin,1.0,xMIC,1.0,era4tb_C_MXF1x_r1,4.53777348069627,3.0,4.27875360095283,False,2.0,"plated_volume_uL=10; plating_condition=2; n0_source_days=0,1"
era4tb,M. tuberculosis,standard,,moxifloxacin,1.0,xMIC,1.0,era4tb_C_MXF1x_r1,4.53777348069627,3.0,4.50514997831991,False,2.6020599913279625,"plated_volume_uL=2.5; plating_condition=3; n0_source_days=0,1"
era4tb,M. tuberculosis,standard,,moxifloxacin,1.0,xMIC,1.0,era4tb_C_MXF1x_r1,4.53777348069627,7.0,3.25527250510331,False,1.0,"plated_volume_uL=100; plating_condition=0; n0_source_days=0,1"
era4tb,M. tuberculosis,standard,,moxifloxacin,1.0,xMIC,1.0,era4tb_C_MXF1x_r1,4.53777348069627,7.0,,True,2.0,"plated_volume_uL=10; plating_condition=1; below_limit_of_quantification; n0_source_days=0,1; bql_contradicted_by_another_plating_of_same_sample_by_1.45_log10"
era4tb,M. tuberculosis,standard,,moxifloxacin,1.0,xMIC,1.0,era4tb_C_MXF1x_r1,4.53777348069627,7.0,2.0,False,2.0,"plated_volume_uL=10; plating_condition=2; n0_source_days=0,1"
era4tb,M. tuberculosis,standard,,moxifloxacin,1.0,xMIC,1.0,era4tb_C_MXF1x_r1,4.53777348069627,7.0,3.44715803134222,False,2.6020599913279625,"plated_volume_uL=2.5; plating_condition=3; n0_source_days=0,1"
era4tb,M. tuberculosis,standard,,moxifloxacin,1.0,xMIC,1.0,era4tb_C_MXF1x_r1,4.53777348069627,10.0,4.0,False,1.0,"plated_volume_uL=100; plating_condition=0; n0_source_days=0,1"
era4tb,M. tuberculosis,standard,,moxifloxacin,1.0,xMIC,1.0,era4tb_C_MXF1x_r1,4.53777348069627,10.0,4.0,False,2.0,"plated_volume_uL=10; plating_condition=1; n0_source_days=0,1"
era4tb,M. tuberculosis,standard,,moxifloxacin,1.0,xMIC,1.0,era4tb_C_MXF1x_r1,4.53777348069627,10.0,4.0,False,2.0,"plated_volume_uL=10; plating_condition=2; n0_source_days=0,1"
era4tb,M. tuberculosis,standard,,moxifloxacin,1.0,xMIC,1.0,era4tb_C_MXF1x_r1,4.53777348069627,10.0,5.20411998265593,False,2.6020599913279625,"plated_volume_uL=2.5; plating_condition=3; n0_source_days=0,1"
era4tb,M. tuberculosis,standard,,moxifloxacin,1.0,xMIC,1.0,era4tb_C_MXF1x_r1,4.53777348069627,14.0,4.61278385671974,False,1.0,"plated_volume_uL=100; plating_condition=0; n0_source_days=0,1"
era4tb,M. tuberculosis,standard,,moxifloxacin,1.0,xMIC,1.0,era4tb_C_MXF1x_r1,4.53777348069627,14.0,5.0,False,2.0,"plated_volume_uL=10; plating_condition=1; n0_source_days=0,1"
era4tb,M. tuberculosis,standard,,moxifloxacin,1.0,xMIC,1.0,era4tb_C_MXF1x_r1,4.53777348069627,14.0,5.04139268515823,False,2.0,"plated_volume_uL=10; plating_condition=2; n0_source_days=0,1"
era4tb,M. tuberculosis,standard,,moxifloxacin,1.0,xMIC,1.0,era4tb_C_MXF1x_r1,4.53777348069627,14.0,5.60205999132796,False,2.6020599913279625,"plated_volume_uL=2.5; plating_condition=3; n0_source_days=0,1"
era4tb,M. tuberculosis,standard,,moxifloxacin,1.0,xMIC,1.0,era4tb_C_MXF1x_r1,4.53777348069627,21.0,6.32221929473392,False,1.0,"plated_volume_uL=100; plating_condition=0; n0_source_days=0,1"
era4tb,M. tuberculosis,standard,,moxifloxacin,1.0,xMIC,1.0,era4tb_C_MXF1x_r1,4.53777348069627,21.0,6.30102999566398,False,2.0,"plated_volume_uL=10; plating_condition=1; n0_source_days=0,1"
era4tb,M. tuberculosis,standard,,moxifloxacin,1.0,xMIC,1.0,era4tb_C_MXF1x_r1,4.53777348069627,21.0,6.43136376415899,False,2.0,"plated_volume_uL=10; plating_condition=2; n0_source_days=0,1"
era4tb,M. tuberculosis,standard,,moxifloxacin,1.0,xMIC,1.0,era4tb_C_MXF1x_r1,4.53777348069627,21.0,6.90308998699194,False,2.6020599913279625,"plated_volume_uL=2.5; plating_condition=3; n0_source_days=0,1"
era4tb,M. tuberculosis,standard,,moxifloxacin,1.0,xMIC,1.0,era4tb_C_MXF1x_r1,4.53777348069627,28.0,6.90308998699194,False,1.0,"plated_volume_uL=100; plating_condition=0; n0_source_days=0,1"
era4tb,M. tuberculosis,standard,,moxifloxacin,1.0,xMIC,1.0,era4tb_C_MXF1x_r1,4.53777348069627,28.0,7.20411998265593,False,2.0,"plated_volume_uL=10; plating_condition=1; n0_source_days=0,1"
era4tb,M. tuberculosis,standard,,moxifloxacin,1.0,xMIC,1.0,era4tb_C_MXF1x_r1,4.53777348069627,28.0,7.39794000867204,False,2.0,"plated_volume_uL=10; plating_condition=2; n0_source_days=0,1"
era4tb,M. tuberculosis,standard,,moxifloxacin,1.0,xMIC,1.0,era4tb_C_MXF1x_r1,4.53777348069627,28.0,6.60205999132796,False,2.6020599913279625,"plated_volume_uL=2.5; plating_condition=3; n0_source_days=0,1"
era4tb,M. tuberculosis,standard,,moxifloxacin,1.0,xMIC,1.0,era4tb_C_MXF1x_r2,4.57460955632769,0.0,4.47712125471966,False,1.0,"plated_volume_uL=100; plating_condition=0; n0_source_days=0,1"
era4tb,M. tuberculosis,standard,,moxifloxacin,1.0,xMIC,1.0,era4tb_C_MXF1x_r2,4.57460955632769,0.0,4.38021124171161,False,2.0,"plated_volume_uL=10; plating_condition=1; n0_source_days=0,1"
era4tb,M. tuberculosis,standard,,moxifloxacin,1.0,xMIC,1.0,era4tb_C_MXF1x_r2,4.57460955632769,0.0,4.11394335230684,False,2.0,"plated_volume_uL=10; plating_condition=2; n0_source_days=0,1"
era4tb,M. tuberculosis,standard,,moxifloxacin,1.0,xMIC,1.0,era4tb_C_MXF1x_r2,4.57460955632769,0.0,4.03342375548695,False,2.6020599913279625,"plated_volume_uL=2.5; plating_condition=3; n0_source_days=0,1"
era4tb,M. tuberculosis,standard,,moxifloxacin,1.0,xMIC,1.0,era4tb_C_MXF1x_r2,4.57460955632769,1.0,4.67209785793572,False,1.0,"plated_volume_uL=100; plating_condition=0; n0_source_days=0,1"
era4tb,M. tuberculosis,standard,,moxifloxacin,1.0,xMIC,1.0,era4tb_C_MXF1x_r2,4.57460955632769,1.0,4.27875360095283,False,2.0,"plated_volume_uL=10; plating_condition=1; n0_source_days=0,1"
era4tb,M. tuberculosis,standard,,moxifloxacin,1.0,xMIC,1.0,era4tb_C_MXF1x_r2,4.57460955632769,1.0,4.27875360095283,False,2.0,"plated_volume_uL=10; plating_condition=2; n0_source_days=0,1"
era4tb,M. tuberculosis,standard,,moxifloxacin,1.0,xMIC,1.0,era4tb_C_MXF1x_r2,4.57460955632769,1.0,4.07918124604763,False,2.6020599913279625,"plated_volume_uL=2.5; plating_condition=3; n0_source_days=0,1"
era4tb,M. tuberculosis,standard,,moxifloxacin,1.0,xMIC,1.0,era4tb_C_MXF1x_r2,4.57460955632769,2.0,4.90308998699194,False,1.0,"plated_volume_uL=100; plating_condition=0; n0_source_days=0,1"
era4tb,M. tuberculosis,standard,,moxifloxacin,1.0,xMIC,1.0,era4tb_C_MXF1x_r2,4.57460955632769,2.0,4.47712125471966,False,2.0,"plated_volume_uL=10; plating_condition=1; n0_source_days=0,1"
era4tb,M. tuberculosis,standard,,moxifloxacin,1.0,xMIC,1.0,era4tb_C_MXF1x_r2,4.57460955632769,2.0,4.90308998699194,False,2.0,"plated_volume_uL=10; plating_condition=2; n0_source_days=0,1"
era4tb,M. tuberculosis,standard,,moxifloxacin,1.0,xMIC,1.0,era4tb_C_MXF1x_r2,4.57460955632769,2.0,4.85733249643127,False,2.6020599913279625,"plated_volume_uL=2.5; plating_condition=3; n0_source_days=0,1"
era4tb,M. tuberculosis,standard,,moxifloxacin,1.0,xMIC,1.0,era4tb_C_MXF1x_r2,4.57460955632769,3.0,4.74036268949424,False,1.0,"plated_volume_uL=100; plating_condition=0; n0_source_days=0,1"
era4tb,M. tuberculosis,standard,,moxifloxacin,1.0,xMIC,1.0,era4tb_C_MXF1x_r2,4.57460955632769,3.0,4.95424250943933,False,2.0,"plated_volume_uL=10; plating_condition=1; n0_source_days=0,1"
era4tb,M. tuberculosis,standard,,moxifloxacin,1.0,xMIC,1.0,era4tb_C_MXF1x_r2,4.57460955632769,3.0,4.60205999132796,False,2.0,"plated_volume_uL=10; plating_condition=2; n0_source_days=0,1"
era4tb,M. tuberculosis,standard,,moxifloxacin,1.0,xMIC,1.0,era4tb_C_MXF1x_r2,4.57460955632769,3.0,4.50514997831991,False,2.6020599913279625,"plated_volume_uL=2.5; plating_condition=3; n0_source_days=0,1"
era4tb,M. tuberculosis,standard,,moxifloxacin,1.0,xMIC,1.0,era4tb_C_MXF1x_r2,4.57460955632769,7.0,2.0,False,1.0,"plated_volume_uL=100; plating_condition=0; n0_source_days=0,1"
era4tb,M. tuberculosis,standard,,moxifloxacin,1.0,xMIC,1.0,era4tb_C_MXF1x_r2,4.57460955632769,7.0,,True,2.0,"plated_volume_uL=10; plating_condition=1; below_limit_of_quantification; n0_source_days=0,1; bql_contradicted_by_another_plating_of_same_sample_by_0.6_log10"
era4tb,M. tuberculosis,standard,,moxifloxacin,1.0,xMIC,1.0,era4tb_C_MXF1x_r2,4.57460955632769,7.0,,True,2.0,"plated_volume_uL=10; plating_condition=2; below_limit_of_quantification; n0_source_days=0,1; bql_contradicted_by_another_plating_of_same_sample_by_0.6_log10"
era4tb,M. tuberculosis,standard,,moxifloxacin,1.0,xMIC,1.0,era4tb_C_MXF1x_r2,4.57460955632769,7.0,2.60205999132796,False,2.6020599913279625,"plated_volume_uL=2.5; plating_condition=3; n0_source_days=0,1"
era4tb,M. tuberculosis,standard,,moxifloxacin,1.0,xMIC,1.0,era4tb_C_MXF1x_r2,4.57460955632769,10.0,4.0,False,1.0,"plated_volume_uL=100; plating_condition=0; n0_source_days=0,1"
era4tb,M. tuberculosis,standard,,moxifloxacin,1.0,xMIC,1.0,era4tb_C_MXF1x_r2,4.57460955632769,10.0,4.0,False,2.0,"plated_volume_uL=10; plating_condition=1; n0_source_days=0,1"
era4tb,M. tuberculosis,standard,,moxifloxacin,1.0,xMIC,1.0,era4tb_C_MXF1x_r2,4.57460955632769,10.0,4.0,False,2.0,"plated_volume_uL=10; plating_condition=2; n0_source_days=0,1"
era4tb,M. tuberculosis,standard,,moxifloxacin,1.0,xMIC,1.0,era4tb_C_MXF1x_r2,4.57460955632769,10.0,5.07918124604763,False,2.6020599913279625,"plated_volume_uL=2.5; plating_condition=3; n0_source_days=0,1"
era4tb,M. tuberculosis,standard,,moxifloxacin,1.0,xMIC,1.0,era4tb_C_MXF1x_r2,4.57460955632769,14.0,4.69019608002851,False,1.0,"plated_volume_uL=100; plating_condition=0; n0_source_days=0,1"
era4tb,M. tuberculosis,standard,,moxifloxacin,1.0,xMIC,1.0,era4tb_C_MXF1x_r2,4.57460955632769,14.0,5.0,False,2.0,"plated_volume_uL=10; plating_condition=1; n0_source_days=0,1"
era4tb,M. tuberculosis,standard,,moxifloxacin,1.0,xMIC,1.0,era4tb_C_MXF1x_r2,4.57460955632769,14.0,4.90308998699194,False,2.0,"plated_volume_uL=10; plating_condition=2; n0_source_days=0,1"
era4tb,M. tuberculosis,standard,,moxifloxacin,1.0,xMIC,1.0,era4tb_C_MXF1x_r2,4.57460955632769,14.0,5.60205999132796,False,2.6020599913279625,"plated_volume_uL=2.5; plating_condition=3; n0_source_days=0,1"
era4tb,M. tuberculosis,standard,,moxifloxacin,1.0,xMIC,1.0,era4tb_C_MXF1x_r2,4.57460955632769,21.0,6.44715803134222,False,1.0,"plated_volume_uL=100; plating_condition=0; n0_source_days=0,1"
era4tb,M. tuberculosis,standard,,moxifloxacin,1.0,xMIC,1.0,era4tb_C_MXF1x_r2,4.57460955632769,21.0,6.38021124171161,False,2.0,"plated_volume_uL=10; plating_condition=1; n0_source_days=0,1"
era4tb,M. tuberculosis,standard,,moxifloxacin,1.0,xMIC,1.0,era4tb_C_MXF1x_r2,4.57460955632769,21.0,6.47712125471966,False,2.0,"plated_volume_uL=10; plating_condition=2; n0_source_days=0,1"
era4tb,M. tuberculosis,standard,,moxifloxacin,1.0,xMIC,1.0,era4tb_C_MXF1x_r2,4.57460955632769,21.0,7.07918124604763,False,2.6020599913279625,"plated_volume_uL=2.5; plating_condition=3; n0_source_days=0,1"
era4tb,M. tuberculosis,standard,,moxifloxacin,1.0,xMIC,1.0,era4tb_C_MXF1x_r2,4.57460955632769,28.0,6.88649072517248,False,1.0,"plated_volume_uL=100; plating_condition=0; n0_source_days=0,1"
era4tb,M. tuberculosis,standard,,moxifloxacin,1.0,xMIC,1.0,era4tb_C_MXF1x_r2,4.57460955632769,28.0,6.77815125038364,False,2.0,"plated_volume_uL=10; plating_condition=1; n0_source_days=0,1"
era4tb,M. tuberculosis,standard,,moxifloxacin,1.0,xMIC,1.0,era4tb_C_MXF1x_r2,4.57460955632769,28.0,7.20411998265593,False,2.0,"plated_volume_uL=10; plating_condition=2; n0_source_days=0,1"
era4tb,M. tuberculosis,standard,,moxifloxacin,1.0,xMIC,1.0,era4tb_C_MXF1x_r2,4.57460955632769,28.0,6.77815125038364,False,2.6020599913279625,"plated_volume_uL=2.5; plating_condition=3; n0_source_days=0,1"
era4tb,M. tuberculosis,standard,,moxifloxacin,1.0,xMIC,1.0,era4tb_C_MXF1x_r3,4.513470813979515,0.0,4.44715803134222,False,1.0,"plated_volume_uL=100; plating_condition=0; n0_source_days=0,1"
era4tb,M. tuberculosis,standard,,moxifloxacin,1.0,xMIC,1.0,era4tb_C_MXF1x_r3,4.513470813979515,0.0,4.30102999566398,False,2.0,"plated_volume_uL=10; plating_condition=1; n0_source_days=0,1"
era4tb,M. tuberculosis,standard,,moxifloxacin,1.0,xMIC,1.0,era4tb_C_MXF1x_r3,4.513470813979515,0.0,4.36172783601759,False,2.0,"plated_volume_uL=10; plating_condition=2; n0_source_days=0,1"
era4tb,M. tuberculosis,standard,,moxifloxacin,1.0,xMIC,1.0,era4tb_C_MXF1x_r3,4.513470813979515,0.0,3.94448267215017,False,2.6020599913279625,"plated_volume_uL=2.5; plating_condition=3; n0_source_days=0,1"
era4tb,M. tuberculosis,standard,,moxifloxacin,1.0,xMIC,1.0,era4tb_C_MXF1x_r3,4.513470813979515,1.0,4.57978359661681,False,1.0,"plated_volume_uL=100; plating_condition=0; n0_source_days=0,1"
era4tb,M. tuberculosis,standard,,moxifloxacin,1.0,xMIC,1.0,era4tb_C_MXF1x_r3,4.513470813979515,1.0,4.38021124171161,False,2.0,"plated_volume_uL=10; plating_condition=1; n0_source_days=0,1"
era4tb,M. tuberculosis,standard,,moxifloxacin,1.0,xMIC,1.0,era4tb_C_MXF1x_r3,4.513470813979515,1.0,4.34242268082221,False,2.0,"plated_volume_uL=10; plating_condition=2; n0_source_days=0,1"
era4tb,M. tuberculosis,standard,,moxifloxacin,1.0,xMIC,1.0,era4tb_C_MXF1x_r3,4.513470813979515,1.0,4.38021124171161,False,2.6020599913279625,"plated_volume_uL=2.5; plating_condition=3; n0_source_days=0,1"
era4tb,M. tuberculosis,standard,,moxifloxacin,1.0,xMIC,1.0,era4tb_C_MXF1x_r3,4.513470813979515,2.0,4.88649072517248,False,1.0,"plated_volume_uL=100; plating_condition=0; n0_source_days=0,1"
era4tb,M. tuberculosis,standard,,moxifloxacin,1.0,xMIC,1.0,era4tb_C_MXF1x_r3,4.513470813979515,2.0,4.60205999132796,False,2.0,"plated_volume_uL=10; plating_condition=1; n0_source_days=0,1"
era4tb,M. tuberculosis,standard,,moxifloxacin,1.0,xMIC,1.0,era4tb_C_MXF1x_r3,4.513470813979515,2.0,4.95424250943933,False,2.0,"plated_volume_uL=10; plating_condition=2; n0_source_days=0,1"
era4tb,M. tuberculosis,standard,,moxifloxacin,1.0,xMIC,1.0,era4tb_C_MXF1x_r3,4.513470813979515,2.0,4.50514997831991,False,2.6020599913279625,"plated_volume_uL=2.5; plating_condition=3; n0_source_days=0,1"
era4tb,M. tuberculosis,standard,,moxifloxacin,1.0,xMIC,1.0,era4tb_C_MXF1x_r3,4.513470813979515,3.0,4.70757017609794,False,1.0,"plated_volume_uL=100; plating_condition=0; n0_source_days=0,1"
era4tb,M. tuberculosis,standard,,moxifloxacin,1.0,xMIC,1.0,era4tb_C_MXF1x_r3,4.513470813979515,3.0,4.60205999132796,False,2.0,"plated_volume_uL=10; plating_condition=1; n0_source_days=0,1"
era4tb,M. tuberculosis,standard,,moxifloxacin,1.0,xMIC,1.0,era4tb_C_MXF1x_r3,4.513470813979515,3.0,4.6232492903979,False,2.0,"plated_volume_uL=10; plating_condition=2; n0_source_days=0,1"
era4tb,M. tuberculosis,standard,,moxifloxacin,1.0,xMIC,1.0,era4tb_C_MXF1x_r3,4.513470813979515,3.0,4.38021124171161,False,2.6020599913279625,"plated_volume_uL=2.5; plating_condition=3; n0_source_days=0,1"
era4tb,M. tuberculosis,standard,,moxifloxacin,1.0,xMIC,1.0,era4tb_C_MXF1x_r3,4.513470813979515,7.0,,True,1.0,"plated_volume_uL=100; plating_condition=0; below_limit_of_quantification; n0_source_days=0,1; bql_contradicted_by_another_plating_of_same_sample_by_2.3_log10"
era4tb,M. tuberculosis,standard,,moxifloxacin,1.0,xMIC,1.0,era4tb_C_MXF1x_r3,4.513470813979515,7.0,,True,2.0,"plated_volume_uL=10; plating_condition=1; below_limit_of_quantification; n0_source_days=0,1; bql_contradicted_by_another_plating_of_same_sample_by_1.3_log10"
era4tb,M. tuberculosis,standard,,moxifloxacin,1.0,xMIC,1.0,era4tb_C_MXF1x_r3,4.513470813979515,7.0,,True,2.0,"plated_volume_uL=10; plating_condition=2; below_limit_of_quantification; n0_source_days=0,1; bql_contradicted_by_another_plating_of_same_sample_by_1.3_log10"
era4tb,M. tuberculosis,standard,,moxifloxacin,1.0,xMIC,1.0,era4tb_C_MXF1x_r3,4.513470813979515,7.0,3.30102999566398,False,2.6020599913279625,"plated_volume_uL=2.5; plating_condition=3; n0_source_days=0,1"
era4tb,M. tuberculosis,standard,,moxifloxacin,1.0,xMIC,1.0,era4tb_C_MXF1x_r3,4.513470813979515,10.0,,False,1.0,"plated_volume_uL=100; plating_condition=0; no_value_reported_not_censored; n0_source_days=0,1"
era4tb,M. tuberculosis,standard,,moxifloxacin,1.0,xMIC,1.0,era4tb_C_MXF1x_r3,4.513470813979515,10.0,4.0,False,2.0,"plated_volume_uL=10; plating_condition=1; n0_source_days=0,1"
era4tb,M. tuberculosis,standard,,moxifloxacin,1.0,xMIC,1.0,era4tb_C_MXF1x_r3,4.513470813979515,10.0,4.0,False,2.0,"plated_volume_uL=10; plating_condition=2; n0_source_days=0,1"
era4tb,M. tuberculosis,standard,,moxifloxacin,1.0,xMIC,1.0,era4tb_C_MXF1x_r3,4.513470813979515,10.0,,True,2.6020599913279625,"plated_volume_uL=2.5; plating_condition=3; below_limit_of_quantification; n0_source_days=0,1; bql_contradicted_by_another_plating_of_same_sample_by_1.4_log10"
era4tb,M. tuberculosis,standard,,moxifloxacin,1.0,xMIC,1.0,era4tb_C_MXF1x_r3,4.513470813979515,14.0,4.61278385671974,False,1.0,"plated_volume_uL=100; plating_condition=0; n0_source_days=0,1"
era4tb,M. tuberculosis,standard,,moxifloxacin,1.0,xMIC,1.0,era4tb_C_MXF1x_r3,4.513470813979515,14.0,5.0,False,2.0,"plated_volume_uL=10; plating_condition=1; n0_source_days=0,1"
era4tb,M. tuberculosis,standard,,moxifloxacin,1.0,xMIC,1.0,era4tb_C_MXF1x_r3,4.513470813979515,14.0,5.14612803567824,False,2.0,"plated_volume_uL=10; plating_condition=2; n0_source_days=0,1"
era4tb,M. tuberculosis,standard,,moxifloxacin,1.0,xMIC,1.0,era4tb_C_MXF1x_r3,4.513470813979515,14.0,5.60205999132796,False,2.6020599913279625,"plated_volume_uL=2.5; plating_condition=3; n0_source_days=0,1"
era4tb,M. tuberculosis,standard,,moxifloxacin,1.0,xMIC,1.0,era4tb_C_MXF1x_r3,4.513470813979515,21.0,6.30102999566398,False,1.0,"plated_volume_uL=100; plating_condition=0; n0_source_days=0,1"
era4tb,M. tuberculosis,standard,,moxifloxacin,1.0,xMIC,1.0,era4tb_C_MXF1x_r3,4.513470813979515,21.0,6.41497334797082,False,2.0,"plated_volume_uL=10; plating_condition=1; n0_source_days=0,1"
era4tb,M. tuberculosis,standard,,moxifloxacin,1.0,xMIC,1.0,era4tb_C_MXF1x_r3,4.513470813979515,21.0,6.54406804435028,False,2.0,"plated_volume_uL=10; plating_condition=2; n0_source_days=0,1"
era4tb,M. tuberculosis,standard,,moxifloxacin,1.0,xMIC,1.0,era4tb_C_MXF1x_r3,4.513470813979515,21.0,7.50514997831991,False,2.6020599913279625,"plated_volume_uL=2.5; plating_condition=3; n0_source_days=0,1"
era4tb,M. tuberculosis,standard,,moxifloxacin,1.0,xMIC,1.0,era4tb_C_MXF1x_r3,4.513470813979515,28.0,7.25527250510331,False,1.0,"plated_volume_uL=100; plating_condition=0; n0_source_days=0,1"
era4tb,M. tuberculosis,standard,,moxifloxacin,1.0,xMIC,1.0,era4tb_C_MXF1x_r3,4.513470813979515,28.0,6.69897000433602,False,2.0,"plated_volume_uL=10; plating_condition=1; n0_source_days=0,1"
era4tb,M. tuberculosis,standard,,moxifloxacin,1.0,xMIC,1.0,era4tb_C_MXF1x_r3,4.513470813979515,28.0,7.32221929473392,False,2.0,"plated_volume_uL=10; plating_condition=2; n0_source_days=0,1"
era4tb,M. tuberculosis,standard,,moxifloxacin,1.0,xMIC,1.0,era4tb_C_MXF1x_r3,4.513470813979515,28.0,6.44715803134222,False,2.6020599913279625,"plated_volume_uL=2.5; plating_condition=3; n0_source_days=0,1"
era4tb,M. tuberculosis,standard,,none,0.0,xMIC,0.0,era4tb_C_untreated_r1,4.60953016622443,-3.0,4.7160033436348,False,1.3010299956639813,"plated_volume_uL=50; plating_condition=0; volume_50uL_disagrees_with_comment_100uL_quad; pre_inoculation_reading_time_-3d; n0_source_days=0,1"
era4tb,M. tuberculosis,standard,,none,0.0,xMIC,0.0,era4tb_C_untreated_r1,4.60953016622443,0.0,4.66275783168157,False,1.0,"plated_volume_uL=100; plating_condition=0; n0_source_days=0,1"
era4tb,M. tuberculosis,standard,,none,0.0,xMIC,0.0,era4tb_C_untreated_r1,4.60953016622443,0.0,4.07918124604763,False,2.0,"plated_volume_uL=10; plating_condition=1; n0_source_days=0,1"
era4tb,M. tuberculosis,standard,,none,0.0,xMIC,0.0,era4tb_C_untreated_r1,4.60953016622443,0.0,3.90308998699194,False,2.0,"plated_volume_uL=10; plating_condition=2; n0_source_days=0,1"
era4tb,M. tuberculosis,standard,,none,0.0,xMIC,0.0,era4tb_C_untreated_r1,4.60953016622443,0.0,3.88081359228079,False,2.6020599913279625,"plated_volume_uL=2.5; plating_condition=3; n0_source_days=0,1"
era4tb,M. tuberculosis,standard,,none,0.0,xMIC,0.0,era4tb_C_untreated_r1,4.60953016622443,1.0,4.55630250076729,False,1.0,"plated_volume_uL=100; plating_condition=0; n0_source_days=0,1"
era4tb,M. tuberculosis,standard,,none,0.0,xMIC,0.0,era4tb_C_untreated_r1,4.60953016622443,1.0,4.39794000867204,False,2.0,"plated_volume_uL=10; plating_condition=1; n0_source_days=0,1"
era4tb,M. tuberculosis,standard,,none,0.0,xMIC,0.0,era4tb_C_untreated_r1,4.60953016622443,1.0,4.20411998265593,False,2.0,"plated_volume_uL=10; plating_condition=2; n0_source_days=0,1"
era4tb,M. tuberculosis,standard,,none,0.0,xMIC,0.0,era4tb_C_untreated_r1,4.60953016622443,1.0,4.38021124171161,False,2.6020599913279625,"plated_volume_uL=2.5; plating_condition=3; n0_source_days=0,1"
era4tb,M. tuberculosis,standard,,none,0.0,xMIC,0.0,era4tb_C_untreated_r1,4.60953016622443,2.0,4.93951925261862,False,1.0,"plated_volume_uL=100; plating_condition=0; n0_source_days=0,1"
era4tb,M. tuberculosis,standard,,none,0.0,xMIC,0.0,era4tb_C_untreated_r1,4.60953016622443,2.0,5.0,False,2.0,"plated_volume_uL=10; plating_condition=1; n0_source_days=0,1"
era4tb,M. tuberculosis,standard,,none,0.0,xMIC,0.0,era4tb_C_untreated_r1,4.60953016622443,2.0,5.23044892137827,False,2.0,"plated_volume_uL=10; plating_condition=2; n0_source_days=0,1"
era4tb,M. tuberculosis,standard,,none,0.0,xMIC,0.0,era4tb_C_untreated_r1,4.60953016622443,2.0,4.20411998265593,False,2.6020599913279625,"plated_volume_uL=2.5; plating_condition=3; n0_source_days=0,1"
era4tb,M. tuberculosis,standard,,none,0.0,xMIC,0.0,era4tb_C_untreated_r1,4.60953016622443,3.0,5.5910646070265,False,1.0,"plated_volume_uL=100; plating_condition=0; n0_source_days=0,1"
era4tb,M. tuberculosis,standard,,none,0.0,xMIC,0.0,era4tb_C_untreated_r1,4.60953016622443,3.0,5.69897000433602,False,2.0,"plated_volume_uL=10; plating_condition=1; n0_source_days=0,1"
era4tb,M. tuberculosis,standard,,none,0.0,xMIC,0.0,era4tb_C_untreated_r1,4.60953016622443,3.0,5.30102999566398,False,2.0,"plated_volume_uL=10; plating_condition=2; n0_source_days=0,1"
era4tb,M. tuberculosis,standard,,none,0.0,xMIC,0.0,era4tb_C_untreated_r1,4.60953016622443,3.0,5.55630250076729,False,2.6020599913279625,"plated_volume_uL=2.5; plating_condition=3; n0_source_days=0,1"
era4tb,M. tuberculosis,standard,,none,0.0,xMIC,0.0,era4tb_C_untreated_r1,4.60953016622443,7.0,5.63346845557959,False,1.0,"plated_volume_uL=100; plating_condition=0; n0_source_days=0,1"
era4tb,M. tuberculosis,standard,,none,0.0,xMIC,0.0,era4tb_C_untreated_r1,4.60953016622443,7.0,5.69897000433602,False,2.0,"plated_volume_uL=10; plating_condition=1; n0_source_days=0,1"
era4tb,M. tuberculosis,standard,,none,0.0,xMIC,0.0,era4tb_C_untreated_r1,4.60953016622443,7.0,5.84509804001426,False,2.0,"plated_volume_uL=10; plating_condition=2; n0_source_days=0,1"
era4tb,M. tuberculosis,standard,,none,0.0,xMIC,0.0,era4tb_C_untreated_r1,4.60953016622443,7.0,5.50514997831991,False,2.6020599913279625,"plated_volume_uL=2.5; plating_condition=3; n0_source_days=0,1"
era4tb,M. tuberculosis,standard,,none,0.0,xMIC,0.0,era4tb_C_untreated_r1,4.60953016622443,10.0,5.78532983501077,False,1.0,"plated_volume_uL=100; plating_condition=0; n0_source_days=0,1"
era4tb,M. tuberculosis,standard,,none,0.0,xMIC,0.0,era4tb_C_untreated_r1,4.60953016622443,10.0,6.0,False,2.0,"plated_volume_uL=10; plating_condition=1; n0_source_days=0,1"
era4tb,M. tuberculosis,standard,,none,0.0,xMIC,0.0,era4tb_C_untreated_r1,4.60953016622443,10.0,6.30102999566398,False,2.0,"plated_volume_uL=10; plating_condition=2; n0_source_days=0,1"
era4tb,M. tuberculosis,standard,,none,0.0,xMIC,0.0,era4tb_C_untreated_r1,4.60953016622443,10.0,6.30102999566398,False,2.6020599913279625,"plated_volume_uL=2.5; plating_condition=3; n0_source_days=0,1"
era4tb,M. tuberculosis,standard,,none,0.0,xMIC,0.0,era4tb_C_untreated_r1,4.60953016622443,14.0,6.76342799356294,False,1.0,"plated_volume_uL=100; plating_condition=0; n0_source_days=0,1"
era4tb,M. tuberculosis,standard,,none,0.0,xMIC,0.0,era4tb_C_untreated_r1,4.60953016622443,14.0,7.47712125471966,False,2.0,"plated_volume_uL=10; plating_condition=1; n0_source_days=0,1"
era4tb,M. tuberculosis,standard,,none,0.0,xMIC,0.0,era4tb_C_untreated_r1,4.60953016622443,14.0,6.77815125038364,False,2.0,"plated_volume_uL=10; plating_condition=2; n0_source_days=0,1"
era4tb,M. tuberculosis,standard,,none,0.0,xMIC,0.0,era4tb_C_untreated_r1,4.60953016622443,14.0,7.77815125038364,False,2.6020599913279625,"plated_volume_uL=2.5; plating_condition=3; n0_source_days=0,1"
era4tb,M. tuberculosis,standard,,none,0.0,xMIC,0.0,era4tb_C_untreated_r1,4.60953016622443,21.0,6.66275783168157,False,1.0,"plated_volume_uL=100; plating_condition=0; n0_source_days=0,1"
era4tb,M. tuberculosis,standard,,none,0.0,xMIC,0.0,era4tb_C_untreated_r1,4.60953016622443,21.0,7.04139268515823,False,2.0,"plated_volume_uL=10; plating_condition=1; n0_source_days=0,1"
era4tb,M. tuberculosis,standard,,none,0.0,xMIC,0.0,era4tb_C_untreated_r1,4.60953016622443,21.0,7.14612803567824,False,2.0,"plated_volume_uL=10; plating_condition=2; n0_source_days=0,1"
era4tb,M. tuberculosis,standard,,none,0.0,xMIC,0.0,era4tb_C_untreated_r1,4.60953016622443,21.0,6.94448267215017,False,2.6020599913279625,"plated_volume_uL=2.5; plating_condition=3; n0_source_days=0,1"
era4tb,M. tuberculosis,standard,,none,0.0,xMIC,0.0,era4tb_C_untreated_r1,4.60953016622443,28.0,7.14612803567824,False,1.0,"plated_volume_uL=100; plating_condition=0; n0_source_days=0,1"
era4tb,M. tuberculosis,standard,,none,0.0,xMIC,0.0,era4tb_C_untreated_r1,4.60953016622443,28.0,7.69897000433602,False,2.0,"plated_volume_uL=10; plating_condition=1; n0_source_days=0,1"
era4tb,M. tuberculosis,standard,,none,0.0,xMIC,0.0,era4tb_C_untreated_r1,4.60953016622443,28.0,7.92427928606188,False,2.0,"plated_volume_uL=10; plating_condition=2; n0_source_days=0,1"
era4tb,M. tuberculosis,standard,,none,0.0,xMIC,0.0,era4tb_C_untreated_r1,4.60953016622443,28.0,7.20411998265593,False,2.6020599913279625,"plated_volume_uL=2.5; plating_condition=3; n0_source_days=0,1"
era4tb,M. tuberculosis,standard,,none,0.0,xMIC,0.0,era4tb_C_untreated_r2,4.678490700496566,-3.0,4.77815125038364,False,1.3010299956639813,"plated_volume_uL=50; plating_condition=0; volume_50uL_disagrees_with_comment_100uL_quad; pre_inoculation_reading_time_-3d; n0_source_days=0,1"
era4tb,M. tuberculosis,standard,,none,0.0,xMIC,0.0,era4tb_C_untreated_r2,4.678490700496566,0.0,4.39794000867204,False,1.0,"plated_volume_uL=100; plating_condition=0; n0_source_days=0,1"
era4tb,M. tuberculosis,standard,,none,0.0,xMIC,0.0,era4tb_C_untreated_r2,4.678490700496566,0.0,4.14612803567824,False,2.0,"plated_volume_uL=10; plating_condition=1; n0_source_days=0,1"
era4tb,M. tuberculosis,standard,,none,0.0,xMIC,0.0,era4tb_C_untreated_r2,4.678490700496566,0.0,3.95424250943932,False,2.0,"plated_volume_uL=10; plating_condition=2; n0_source_days=0,1"
era4tb,M. tuberculosis,standard,,none,0.0,xMIC,0.0,era4tb_C_untreated_r2,4.678490700496566,0.0,3.90308998699194,False,2.6020599913279625,"plated_volume_uL=2.5; plating_condition=3; n0_source_days=0,1"
era4tb,M. tuberculosis,standard,,none,0.0,xMIC,0.0,era4tb_C_untreated_r2,4.678490700496566,1.0,4.95904139232109,False,1.0,"plated_volume_uL=100; plating_condition=0; n0_source_days=0,1"
era4tb,M. tuberculosis,standard,,none,0.0,xMIC,0.0,era4tb_C_untreated_r2,4.678490700496566,1.0,4.34242268082221,False,2.0,"plated_volume_uL=10; plating_condition=1; n0_source_days=0,1"
era4tb,M. tuberculosis,standard,,none,0.0,xMIC,0.0,era4tb_C_untreated_r2,4.678490700496566,1.0,4.43136376415899,False,2.0,"plated_volume_uL=10; plating_condition=2; n0_source_days=0,1"
era4tb,M. tuberculosis,standard,,none,0.0,xMIC,0.0,era4tb_C_untreated_r2,4.678490700496566,1.0,4.38021124171161,False,2.6020599913279625,"plated_volume_uL=2.5; plating_condition=3; n0_source_days=0,1"
era4tb,M. tuberculosis,standard,,none,0.0,xMIC,0.0,era4tb_C_untreated_r2,4.678490700496566,2.0,5.0,False,1.0,"plated_volume_uL=100; plating_condition=0; n0_source_days=0,1"
era4tb,M. tuberculosis,standard,,none,0.0,xMIC,0.0,era4tb_C_untreated_r2,4.678490700496566,2.0,4.30102999566398,False,2.0,"plated_volume_uL=10; plating_condition=1; n0_source_days=0,1"
era4tb,M. tuberculosis,standard,,none,0.0,xMIC,0.0,era4tb_C_untreated_r2,4.678490700496566,2.0,4.90308998699194,False,2.0,"plated_volume_uL=10; plating_condition=2; n0_source_days=0,1"
era4tb,M. tuberculosis,standard,,none,0.0,xMIC,0.0,era4tb_C_untreated_r2,4.678490700496566,2.0,4.50514997831991,False,2.6020599913279625,"plated_volume_uL=2.5; plating_condition=3; n0_source_days=0,1"
era4tb,M. tuberculosis,standard,,none,0.0,xMIC,0.0,era4tb_C_untreated_r2,4.678490700496566,3.0,5.07188200730613,False,1.0,"plated_volume_uL=100; plating_condition=0; n0_source_days=0,1"
era4tb,M. tuberculosis,standard,,none,0.0,xMIC,0.0,era4tb_C_untreated_r2,4.678490700496566,3.0,6.27875360095283,False,2.0,"plated_volume_uL=10; plating_condition=1; n0_source_days=0,1"
era4tb,M. tuberculosis,standard,,none,0.0,xMIC,0.0,era4tb_C_untreated_r2,4.678490700496566,3.0,5.77815125038364,False,2.0,"plated_volume_uL=10; plating_condition=2; n0_source_days=0,1"
era4tb,M. tuberculosis,standard,,none,0.0,xMIC,0.0,era4tb_C_untreated_r2,4.678490700496566,3.0,5.85733249643127,False,2.6020599913279625,"plated_volume_uL=2.5; plating_condition=3; n0_source_days=0,1"
era4tb,M. tuberculosis,standard,,none,0.0,xMIC,0.0,era4tb_C_untreated_r2,4.678490700496566,7.0,5.70757017609794,False,1.0,"plated_volume_uL=100; plating_condition=0; n0_source_days=0,1"
era4tb,M. tuberculosis,standard,,none,0.0,xMIC,0.0,era4tb_C_untreated_r2,4.678490700496566,7.0,5.69897000433602,False,2.0,"plated_volume_uL=10; plating_condition=1; n0_source_days=0,1"
era4tb,M. tuberculosis,standard,,none,0.0,xMIC,0.0,era4tb_C_untreated_r2,4.678490700496566,7.0,6.23044892137827,False,2.0,"plated_volume_uL=10; plating_condition=2; n0_source_days=0,1"
era4tb,M. tuberculosis,standard,,none,0.0,xMIC,0.0,era4tb_C_untreated_r2,4.678490700496566,7.0,5.44715803134222,False,2.6020599913279625,"plated_volume_uL=2.5; plating_condition=3; n0_source_days=0,1"
era4tb,M. tuberculosis,standard,,none,0.0,xMIC,0.0,era4tb_C_untreated_r2,4.678490700496566,10.0,5.7481880270062,False,1.0,"plated_volume_uL=100; plating_condition=0; n0_source_days=0,1"
era4tb,M. tuberculosis,standard,,none,0.0,xMIC,0.0,era4tb_C_untreated_r2,4.678490700496566,10.0,7.14612803567824,False,2.0,"plated_volume_uL=10; plating_condition=1; n0_source_days=0,1"
era4tb,M. tuberculosis,standard,,none,0.0,xMIC,0.0,era4tb_C_untreated_r2,4.678490700496566,10.0,6.47712125471966,False,2.0,"plated_volume_uL=10; plating_condition=2; n0_source_days=0,1"
era4tb,M. tuberculosis,standard,,none,0.0,xMIC,0.0,era4tb_C_untreated_r2,4.678490700496566,10.0,6.55630250076729,False,2.6020599913279625,"plated_volume_uL=2.5; plating_condition=3; n0_source_days=0,1"
era4tb,M. tuberculosis,standard,,none,0.0,xMIC,0.0,era4tb_C_untreated_r2,4.678490700496566,14.0,6.83250891270624,False,1.0,"plated_volume_uL=100; plating_condition=0; n0_source_days=0,1"
era4tb,M. tuberculosis,standard,,none,0.0,xMIC,0.0,era4tb_C_untreated_r2,4.678490700496566,14.0,7.69897000433602,False,2.0,"plated_volume_uL=10; plating_condition=1; n0_source_days=0,1"
era4tb,M. tuberculosis,standard,,none,0.0,xMIC,0.0,era4tb_C_untreated_r2,4.678490700496566,14.0,6.54406804435028,False,2.0,"plated_volume_uL=10; plating_condition=2; n0_source_days=0,1"
era4tb,M. tuberculosis,standard,,none,0.0,xMIC,0.0,era4tb_C_untreated_r2,4.678490700496566,14.0,7.44715803134222,False,2.6020599913279625,"plated_volume_uL=2.5; plating_condition=3; n0_source_days=0,1"
era4tb,M. tuberculosis,standard,,none,0.0,xMIC,0.0,era4tb_C_untreated_r2,4.678490700496566,21.0,6.27875360095283,False,1.0,"plated_volume_uL=100; plating_condition=0; n0_source_days=0,1"
era4tb,M. tuberculosis,standard,,none,0.0,xMIC,0.0,era4tb_C_untreated_r2,4.678490700496566,21.0,6.95424250943933,False,2.0,"plated_volume_uL=10; plating_condition=1; n0_source_days=0,1"
era4tb,M. tuberculosis,standard,,none,0.0,xMIC,0.0,era4tb_C_untreated_r2,4.678490700496566,21.0,7.0,False,2.0,"plated_volume_uL=10; plating_condition=2; n0_source_days=0,1"
era4tb,M. tuberculosis,standard,,none,0.0,xMIC,0.0,era4tb_C_untreated_r2,4.678490700496566,21.0,6.92427928606188,False,2.6020599913279625,"plated_volume_uL=2.5; plating_condition=3; n0_source_days=0,1"
era4tb,M. tuberculosis,standard,,none,0.0,xMIC,0.0,era4tb_C_untreated_r2,4.678490700496566,28.0,7.23044892137827,False,1.0,"plated_volume_uL=100; plating_condition=0; n0_source_days=0,1"
era4tb,M. tuberculosis,standard,,none,0.0,xMIC,0.0,era4tb_C_untreated_r2,4.678490700496566,28.0,7.47712125471966,False,2.0,"plated_volume_uL=10; plating_condition=1; n0_source_days=0,1"
era4tb,M. tuberculosis,standard,,none,0.0,xMIC,0.0,era4tb_C_untreated_r2,4.678490700496566,28.0,7.90308998699194,False,2.0,"plated_volume_uL=10; plating_condition=2; n0_source_days=0,1"
era4tb,M. tuberculosis,standard,,none,0.0,xMIC,0.0,era4tb_C_untreated_r2,4.678490700496566,28.0,7.07918124604763,False,2.6020599913279625,"plated_volume_uL=2.5; plating_condition=3; n0_source_days=0,1"
era4tb,M. tuberculosis,standard,,none,0.0,xMIC,0.0,era4tb_C_untreated_r3,4.75587485567249,-3.0,,False,,plated_volume_uL=absent; plating_condition=0; no_value_reported_not_censored; plating_volume_absent_so_limit_undefined; pre_inoculation_reading_time_-3d; n0_source_days=0
era4tb,M. tuberculosis,standard,,none,0.0,xMIC,0.0,era4tb_C_untreated_r3,4.75587485567249,0.0,4.75587485567249,False,1.0,plated_volume_uL=100; plating_condition=0; n0_source_days=0
era4tb,M. tuberculosis,standard,,none,0.0,xMIC,0.0,era4tb_C_untreated_r3,4.75587485567249,0.0,4.25527250510331,False,2.0,plated_volume_uL=10; plating_condition=1; n0_source_days=0
era4tb,M. tuberculosis,standard,,none,0.0,xMIC,0.0,era4tb_C_untreated_r3,4.75587485567249,0.0,4.0,False,2.0,plated_volume_uL=10; plating_condition=2; n0_source_days=0
era4tb,M. tuberculosis,standard,,none,0.0,xMIC,0.0,era4tb_C_untreated_r3,4.75587485567249,0.0,3.94448267215017,False,2.6020599913279625,plated_volume_uL=2.5; plating_condition=3; n0_source_days=0
era4tb,M. tuberculosis,standard,,none,0.0,xMIC,0.0,era4tb_C_untreated_r3,4.75587485567249,1.0,,True,1.0,plated_volume_uL=100; plating_condition=0; below_limit_of_quantification; n0_source_days=0; bql_contradicted_by_another_plating_of_same_sample_by_3.38_log10
era4tb,M. tuberculosis,standard,,none,0.0,xMIC,0.0,era4tb_C_untreated_r3,4.75587485567249,1.0,4.07918124604763,False,2.0,plated_volume_uL=10; plating_condition=1; n0_source_days=0
era4tb,M. tuberculosis,standard,,none,0.0,xMIC,0.0,era4tb_C_untreated_r3,4.75587485567249,1.0,4.17609125905568,False,2.0,plated_volume_uL=10; plating_condition=2; n0_source_days=0
era4tb,M. tuberculosis,standard,,none,0.0,xMIC,0.0,era4tb_C_untreated_r3,4.75587485567249,1.0,4.38021124171161,False,2.6020599913279625,plated_volume_uL=2.5; plating_condition=3; n0_source_days=0
era4tb,M. tuberculosis,standard,,none,0.0,xMIC,0.0,era4tb_C_untreated_r3,4.75587485567249,2.0,4.8750612633917,False,1.0,plated_volume_uL=100; plating_condition=0; n0_source_days=0
era4tb,M. tuberculosis,standard,,none,0.0,xMIC,0.0,era4tb_C_untreated_r3,4.75587485567249,2.0,4.69897000433602,False,2.0,plated_volume_uL=10; plating_condition=1; n0_source_days=0
era4tb,M. tuberculosis,standard,,none,0.0,xMIC,0.0,era4tb_C_untreated_r3,4.75587485567249,2.0,4.95424250943933,False,2.0,plated_volume_uL=10; plating_condition=2; n0_source_days=0
era4tb,M. tuberculosis,standard,,none,0.0,xMIC,0.0,era4tb_C_untreated_r3,4.75587485567249,2.0,4.64345267648619,False,2.6020599913279625,plated_volume_uL=2.5; plating_condition=3; n0_source_days=0
era4tb,M. tuberculosis,standard,,none,0.0,xMIC,0.0,era4tb_C_untreated_r3,4.75587485567249,3.0,5.11394335230684,False,1.0,plated_volume_uL=100; plating_condition=0; n0_source_days=0
era4tb,M. tuberculosis,standard,,none,0.0,xMIC,0.0,era4tb_C_untreated_r3,4.75587485567249,3.0,5.77815125038364,False,2.0,plated_volume_uL=10; plating_condition=1; n0_source_days=0
era4tb,M. tuberculosis,standard,,none,0.0,xMIC,0.0,era4tb_C_untreated_r3,4.75587485567249,3.0,5.84509804001426,False,2.0,plated_volume_uL=10; plating_condition=2; n0_source_days=0
era4tb,M. tuberculosis,standard,,none,0.0,xMIC,0.0,era4tb_C_untreated_r3,4.75587485567249,3.0,5.64345267648619,False,2.6020599913279625,plated_volume_uL=2.5; plating_condition=3; n0_source_days=0
era4tb,M. tuberculosis,standard,,none,0.0,xMIC,0.0,era4tb_C_untreated_r3,4.75587485567249,7.0,5.68124123737559,False,1.0,plated_volume_uL=100; plating_condition=0; n0_source_days=0
era4tb,M. tuberculosis,standard,,none,0.0,xMIC,0.0,era4tb_C_untreated_r3,4.75587485567249,7.0,5.84509804001426,False,2.0,plated_volume_uL=10; plating_condition=1; n0_source_days=0
era4tb,M. tuberculosis,standard,,none,0.0,xMIC,0.0,era4tb_C_untreated_r3,4.75587485567249,7.0,5.95424250943933,False,2.0,plated_volume_uL=10; plating_condition=2; n0_source_days=0
era4tb,M. tuberculosis,standard,,none,0.0,xMIC,0.0,era4tb_C_untreated_r3,4.75587485567249,7.0,5.64345267648619,False,2.6020599913279625,plated_volume_uL=2.5; plating_condition=3; n0_source_days=0
era4tb,M. tuberculosis,standard,,none,0.0,xMIC,0.0,era4tb_C_untreated_r3,4.75587485567249,10.0,5.70757017609794,False,1.0,plated_volume_uL=100; plating_condition=0; n0_source_days=0
era4tb,M. tuberculosis,standard,,none,0.0,xMIC,0.0,era4tb_C_untreated_r3,4.75587485567249,10.0,7.20411998265593,False,2.0,plated_volume_uL=10; plating_condition=1; n0_source_days=0
era4tb,M. tuberculosis,standard,,none,0.0,xMIC,0.0,era4tb_C_untreated_r3,4.75587485567249,10.0,6.60205999132796,False,2.0,plated_volume_uL=10; plating_condition=2; n0_source_days=0
era4tb,M. tuberculosis,standard,,none,0.0,xMIC,0.0,era4tb_C_untreated_r3,4.75587485567249,10.0,6.38021124171161,False,2.6020599913279625,plated_volume_uL=2.5; plating_condition=3; n0_source_days=0
era4tb,M. tuberculosis,standard,,none,0.0,xMIC,0.0,era4tb_C_untreated_r3,4.75587485567249,14.0,6.88081359228079,False,1.0,plated_volume_uL=100; plating_condition=0; n0_source_days=0
era4tb,M. tuberculosis,standard,,none,0.0,xMIC,0.0,era4tb_C_untreated_r3,4.75587485567249,14.0,7.47712125471966,False,2.0,plated_volume_uL=10; plating_condition=1; n0_source_days=0
era4tb,M. tuberculosis,standard,,none,0.0,xMIC,0.0,era4tb_C_untreated_r3,4.75587485567249,14.0,6.73239375982297,False,2.0,plated_volume_uL=10; plating_condition=2; n0_source_days=0
era4tb,M. tuberculosis,standard,,none,0.0,xMIC,0.0,era4tb_C_untreated_r3,4.75587485567249,14.0,7.20411998265593,False,2.6020599913279625,plated_volume_uL=2.5; plating_condition=3; n0_source_days=0
era4tb,M. tuberculosis,standard,,none,0.0,xMIC,0.0,era4tb_C_untreated_r3,4.75587485567249,21.0,6.86923171973098,False,1.0,plated_volume_uL=100; plating_condition=0; n0_source_days=0
era4tb,M. tuberculosis,standard,,none,0.0,xMIC,0.0,era4tb_C_untreated_r3,4.75587485567249,21.0,7.14612803567824,False,2.0,plated_volume_uL=10; plating_condition=1; n0_source_days=0
era4tb,M. tuberculosis,standard,,none,0.0,xMIC,0.0,era4tb_C_untreated_r3,4.75587485567249,21.0,6.90308998699194,False,2.0,plated_volume_uL=10; plating_condition=2; n0_source_days=0
era4tb,M. tuberculosis,standard,,none,0.0,xMIC,0.0,era4tb_C_untreated_r3,4.75587485567249,21.0,6.88081359228079,False,2.6020599913279625,plated_volume_uL=2.5; plating_condition=3; n0_source_days=0
era4tb,M. tuberculosis,standard,,none,0.0,xMIC,0.0,era4tb_C_untreated_r3,4.75587485567249,28.0,7.30102999566398,False,1.0,plated_volume_uL=100; plating_condition=0; n0_source_days=0
era4tb,M. tuberculosis,standard,,none,0.0,xMIC,0.0,era4tb_C_untreated_r3,4.75587485567249,28.0,7.32221929473392,False,2.0,plated_volume_uL=10; plating_condition=1; n0_source_days=0
era4tb,M. tuberculosis,standard,,none,0.0,xMIC,0.0,era4tb_C_untreated_r3,4.75587485567249,28.0,7.93449845124357,False,2.0,plated_volume_uL=10; plating_condition=2; n0_source_days=0
era4tb,M. tuberculosis,standard,,none,0.0,xMIC,0.0,era4tb_C_untreated_r3,4.75587485567249,28.0,,False,2.6020599913279625,plated_volume_uL=2.5; plating_condition=3; no_value_reported_not_censored; n0_source_days=0
era4tb,M. tuberculosis,standard,,isoniazid,10.0,xMIC,10.0,era4tb_D_INH10x_r1,4.55018527255878,0.0,4.92427928606188,False,1.0,"plated_volume_uL=100; plating_condition=0; n0_source_days=0,1"
era4tb,M. tuberculosis,standard,,isoniazid,10.0,xMIC,10.0,era4tb_D_INH10x_r1,4.55018527255878,0.0,4.39794000867204,False,2.0,"plated_volume_uL=10; plating_condition=1; n0_source_days=0,1"
era4tb,M. tuberculosis,standard,,isoniazid,10.0,xMIC,10.0,era4tb_D_INH10x_r1,4.55018527255878,0.0,4.11394335230684,False,2.0,"plated_volume_uL=10; plating_condition=2; n0_source_days=0,1"
era4tb,M. tuberculosis,standard,,isoniazid,10.0,xMIC,10.0,era4tb_D_INH10x_r1,4.55018527255878,0.0,5.30102999566398,False,2.6020599913279625,"plated_volume_uL=2.5; plating_condition=3; n0_source_days=0,1"
era4tb,M. tuberculosis,standard,,isoniazid,10.0,xMIC,10.0,era4tb_D_INH10x_r1,4.55018527255878,1.0,4.17609125905568,False,1.0,"plated_volume_uL=100; plating_condition=0; n0_source_days=0,1"
era4tb,M. tuberculosis,standard,,isoniazid,10.0,xMIC,10.0,era4tb_D_INH10x_r1,4.55018527255878,1.0,3.69897000433602,False,2.0,"plated_volume_uL=10; plating_condition=1; n0_source_days=0,1"
era4tb,M. tuberculosis,standard,,isoniazid,10.0,xMIC,10.0,era4tb_D_INH10x_r1,4.55018527255878,1.0,3.64345267648619,False,2.0,"plated_volume_uL=10; plating_condition=2; n0_source_days=0,1"
era4tb,M. tuberculosis,standard,,isoniazid,10.0,xMIC,10.0,era4tb_D_INH10x_r1,4.55018527255878,1.0,3.50514997831991,False,2.6020599913279625,"plated_volume_uL=2.5; plating_condition=3; n0_source_days=0,1"
era4tb,M. tuberculosis,standard,,isoniazid,10.0,xMIC,10.0,era4tb_D_INH10x_r1,4.55018527255878,2.0,3.49136169383427,False,2.0,"plated_volume_uL=10; plating_condition=1; n0_source_days=0,1"
era4tb,M. tuberculosis,standard,,isoniazid,10.0,xMIC,10.0,era4tb_D_INH10x_r1,4.55018527255878,2.0,3.47712125471966,False,2.0,"plated_volume_uL=10; plating_condition=2; n0_source_days=0,1"
era4tb,M. tuberculosis,standard,,isoniazid,10.0,xMIC,10.0,era4tb_D_INH10x_r1,4.55018527255878,2.0,3.38021124171161,False,2.6020599913279625,"plated_volume_uL=2.5; plating_condition=3; n0_source_days=0,1"
era4tb,M. tuberculosis,standard,,isoniazid,10.0,xMIC,10.0,era4tb_D_INH10x_r1,4.55018527255878,3.0,3.06445798922692,False,1.0,"plated_volume_uL=100; plating_condition=0; n0_source_days=0,1"
era4tb,M. tuberculosis,standard,,isoniazid,10.0,xMIC,10.0,era4tb_D_INH10x_r1,4.55018527255878,3.0,3.30102999566398,False,2.0,"plated_volume_uL=10; plating_condition=1; n0_source_days=0,1"
era4tb,M. tuberculosis,standard,,isoniazid,10.0,xMIC,10.0,era4tb_D_INH10x_r1,4.55018527255878,3.0,3.25527250510331,False,2.0,"plated_volume_uL=10; plating_condition=2; n0_source_days=0,1"
era4tb,M. tuberculosis,standard,,isoniazid,10.0,xMIC,10.0,era4tb_D_INH10x_r1,4.55018527255878,3.0,3.55630250076729,False,2.6020599913279625,"plated_volume_uL=2.5; plating_condition=3; n0_source_days=0,1"
era4tb,M. tuberculosis,standard,,isoniazid,10.0,xMIC,10.0,era4tb_D_INH10x_r1,4.55018527255878,7.0,2.23044892137827,False,1.0,"plated_volume_uL=100; plating_condition=0; n0_source_days=0,1"
era4tb,M. tuberculosis,standard,,isoniazid,10.0,xMIC,10.0,era4tb_D_INH10x_r1,4.55018527255878,7.0,2.47712125471966,False,2.0,"plated_volume_uL=10; plating_condition=1; n0_source_days=0,1"
era4tb,M. tuberculosis,standard,,isoniazid,10.0,xMIC,10.0,era4tb_D_INH10x_r1,4.55018527255878,7.0,2.77815125038364,False,2.0,"plated_volume_uL=10; plating_condition=2; n0_source_days=0,1"
era4tb,M. tuberculosis,standard,,isoniazid,10.0,xMIC,10.0,era4tb_D_INH10x_r1,4.55018527255878,7.0,3.60205999132796,False,2.6020599913279625,"plated_volume_uL=2.5; plating_condition=3; n0_source_days=0,1"
era4tb,M. tuberculosis,standard,,isoniazid,10.0,xMIC,10.0,era4tb_D_INH10x_r1,4.55018527255878,10.0,3.0,False,1.0,"plated_volume_uL=100; plating_condition=0; n0_source_days=0,1"
era4tb,M. tuberculosis,standard,,isoniazid,10.0,xMIC,10.0,era4tb_D_INH10x_r1,4.55018527255878,10.0,3.0,False,2.0,"plated_volume_uL=10; plating_condition=1; n0_source_days=0,1"
era4tb,M. tuberculosis,standard,,isoniazid,10.0,xMIC,10.0,era4tb_D_INH10x_r1,4.55018527255878,10.0,3.0,False,2.0,"plated_volume_uL=10; plating_condition=2; n0_source_days=0,1"
era4tb,M. tuberculosis,standard,,isoniazid,10.0,xMIC,10.0,era4tb_D_INH10x_r1,4.55018527255878,10.0,,False,2.6020599913279625,"plated_volume_uL=2.5; plating_condition=3; no_value_reported_not_censored; n0_source_days=0,1"
era4tb,M. tuberculosis,standard,,isoniazid,10.0,xMIC,10.0,era4tb_D_INH10x_r1,4.55018527255878,14.0,3.69019608002851,False,1.0,"plated_volume_uL=100; plating_condition=0; n0_source_days=0,1"
era4tb,M. tuberculosis,standard,,isoniazid,10.0,xMIC,10.0,era4tb_D_INH10x_r1,4.55018527255878,14.0,3.77815125038364,False,2.0,"plated_volume_uL=10; plating_condition=1; n0_source_days=0,1"
era4tb,M. tuberculosis,standard,,isoniazid,10.0,xMIC,10.0,era4tb_D_INH10x_r1,4.55018527255878,14.0,3.60205999132796,False,2.0,"plated_volume_uL=10; plating_condition=2; n0_source_days=0,1"
era4tb,M. tuberculosis,standard,,isoniazid,10.0,xMIC,10.0,era4tb_D_INH10x_r1,4.55018527255878,14.0,3.90308998699194,False,2.6020599913279625,"plated_volume_uL=2.5; plating_condition=3; n0_source_days=0,1"
era4tb,M. tuberculosis,standard,,isoniazid,10.0,xMIC,10.0,era4tb_D_INH10x_r1,4.55018527255878,21.0,4.92941892571429,False,1.0,"plated_volume_uL=100; plating_condition=0; n0_source_days=0,1"
era4tb,M. tuberculosis,standard,,isoniazid,10.0,xMIC,10.0,era4tb_D_INH10x_r1,4.55018527255878,21.0,5.11394335230684,False,2.0,"plated_volume_uL=10; plating_condition=1; n0_source_days=0,1"
era4tb,M. tuberculosis,standard,,isoniazid,10.0,xMIC,10.0,era4tb_D_INH10x_r1,4.55018527255878,21.0,5.25527250510331,False,2.0,"plated_volume_uL=10; plating_condition=2; n0_source_days=0,1"
era4tb,M. tuberculosis,standard,,isoniazid,10.0,xMIC,10.0,era4tb_D_INH10x_r1,4.55018527255878,21.0,5.7481880270062,False,2.6020599913279625,"plated_volume_uL=2.5; plating_condition=3; n0_source_days=0,1"
era4tb,M. tuberculosis,standard,,isoniazid,10.0,xMIC,10.0,era4tb_D_INH10x_r2,4.76342799356294,0.0,4.76342799356294,False,1.0,plated_volume_uL=100; plating_condition=0; n0_source_days=0
era4tb,M. tuberculosis,standard,,isoniazid,10.0,xMIC,10.0,era4tb_D_INH10x_r2,4.76342799356294,0.0,4.50514997831991,False,2.0,plated_volume_uL=10; plating_condition=1; n0_source_days=0
era4tb,M. tuberculosis,standard,,isoniazid,10.0,xMIC,10.0,era4tb_D_INH10x_r2,4.76342799356294,0.0,4.39794000867204,False,2.0,plated_volume_uL=10; plating_condition=2; n0_source_days=0
era4tb,M. tuberculosis,standard,,isoniazid,10.0,xMIC,10.0,era4tb_D_INH10x_r2,4.76342799356294,0.0,4.90308998699194,False,2.6020599913279625,plated_volume_uL=2.5; plating_condition=3; n0_source_days=0
era4tb,M. tuberculosis,standard,,isoniazid,10.0,xMIC,10.0,era4tb_D_INH10x_r2,4.76342799356294,1.0,,False,1.0,plated_volume_uL=100; plating_condition=0; no_value_reported_not_censored; n0_source_days=0
era4tb,M. tuberculosis,standard,,isoniazid,10.0,xMIC,10.0,era4tb_D_INH10x_r2,4.76342799356294,1.0,3.72427586960079,False,2.0,plated_volume_uL=10; plating_condition=1; n0_source_days=0
era4tb,M. tuberculosis,standard,,isoniazid,10.0,xMIC,10.0,era4tb_D_INH10x_r2,4.76342799356294,1.0,3.43136376415899,False,2.0,plated_volume_uL=10; plating_condition=2; n0_source_days=0
era4tb,M. tuberculosis,standard,,isoniazid,10.0,xMIC,10.0,era4tb_D_INH10x_r2,4.76342799356294,1.0,3.64345267648619,False,2.6020599913279625,plated_volume_uL=2.5; plating_condition=3; n0_source_days=0
era4tb,M. tuberculosis,standard,,isoniazid,10.0,xMIC,10.0,era4tb_D_INH10x_r2,4.76342799356294,2.0,3.30102999566398,False,2.0,plated_volume_uL=10; plating_condition=1; n0_source_days=0
era4tb,M. tuberculosis,standard,,isoniazid,10.0,xMIC,10.0,era4tb_D_INH10x_r2,4.76342799356294,2.0,3.44715803134222,False,2.0,plated_volume_uL=10; plating_condition=2; n0_source_days=0
era4tb,M. tuberculosis,standard,,isoniazid,10.0,xMIC,10.0,era4tb_D_INH10x_r2,4.76342799356294,2.0,3.07918124604762,False,2.6020599913279625,plated_volume_uL=2.5; plating_condition=3; n0_source_days=0
era4tb,M. tuberculosis,standard,,isoniazid,10.0,xMIC,10.0,era4tb_D_INH10x_r2,4.76342799356294,3.0,3.02118929906994,False,1.0,plated_volume_uL=100; plating_condition=0; n0_source_days=0
era4tb,M. tuberculosis,standard,,isoniazid,10.0,xMIC,10.0,era4tb_D_INH10x_r2,4.76342799356294,3.0,3.43136376415899,False,2.0,plated_volume_uL=10; plating_condition=1; n0_source_days=0
era4tb,M. tuberculosis,standard,,isoniazid,10.0,xMIC,10.0,era4tb_D_INH10x_r2,4.76342799356294,3.0,3.14612803567824,False,2.0,plated_volume_uL=10; plating_condition=2; n0_source_days=0
era4tb,M. tuberculosis,standard,,isoniazid,10.0,xMIC,10.0,era4tb_D_INH10x_r2,4.76342799356294,3.0,3.44715803134222,False,2.6020599913279625,plated_volume_uL=2.5; plating_condition=3; n0_source_days=0
era4tb,M. tuberculosis,standard,,isoniazid,10.0,xMIC,10.0,era4tb_D_INH10x_r2,4.76342799356294,7.0,2.51851393987789,False,1.0,plated_volume_uL=100; plating_condition=0; n0_source_days=0
era4tb,M. tuberculosis,standard,,isoniazid,10.0,xMIC,10.0,era4tb_D_INH10x_r2,4.76342799356294,7.0,,False,2.0,plated_volume_uL=10; plating_condition=1; no_value_reported_not_censored; n0_source_days=0
era4tb,M. tuberculosis,standard,,isoniazid,10.0,xMIC,10.0,era4tb_D_INH10x_r2,4.76342799356294,7.0,2.77815125038364,False,2.0,plated_volume_uL=10; plating_condition=2; n0_source_days=0
era4tb,M. tuberculosis,standard,,isoniazid,10.0,xMIC,10.0,era4tb_D_INH10x_r2,4.76342799356294,7.0,3.20411998265592,False,2.6020599913279625,plated_volume_uL=2.5; plating_condition=3; n0_source_days=0
era4tb,M. tuberculosis,standard,,isoniazid,10.0,xMIC,10.0,era4tb_D_INH10x_r2,4.76342799356294,10.0,2.95424250943932,False,1.0,plated_volume_uL=100; plating_condition=0; n0_source_days=0
era4tb,M. tuberculosis,standard,,isoniazid,10.0,xMIC,10.0,era4tb_D_INH10x_r2,4.76342799356294,10.0,3.47712125471966,False,2.0,plated_volume_uL=10; plating_condition=1; n0_source_days=0
era4tb,M. tuberculosis,standard,,isoniazid,10.0,xMIC,10.0,era4tb_D_INH10x_r2,4.76342799356294,10.0,3.0,False,2.0,plated_volume_uL=10; plating_condition=2; n0_source_days=0
era4tb,M. tuberculosis,standard,,isoniazid,10.0,xMIC,10.0,era4tb_D_INH10x_r2,4.76342799356294,10.0,,False,2.6020599913279625,plated_volume_uL=2.5; plating_condition=3; no_value_reported_not_censored; n0_source_days=0
era4tb,M. tuberculosis,standard,,isoniazid,10.0,xMIC,10.0,era4tb_D_INH10x_r2,4.76342799356294,14.0,3.85125834871908,False,1.0,plated_volume_uL=100; plating_condition=0; n0_source_days=0
era4tb,M. tuberculosis,standard,,isoniazid,10.0,xMIC,10.0,era4tb_D_INH10x_r2,4.76342799356294,14.0,3.84509804001426,False,2.0,plated_volume_uL=10; plating_condition=1; n0_source_days=0
era4tb,M. tuberculosis,standard,,isoniazid,10.0,xMIC,10.0,era4tb_D_INH10x_r2,4.76342799356294,14.0,3.84509804001426,False,2.0,plated_volume_uL=10; plating_condition=2; n0_source_days=0
era4tb,M. tuberculosis,standard,,isoniazid,10.0,xMIC,10.0,era4tb_D_INH10x_r2,4.76342799356294,14.0,4.07918124604763,False,2.6020599913279625,plated_volume_uL=2.5; plating_condition=3; n0_source_days=0
era4tb,M. tuberculosis,standard,,isoniazid,10.0,xMIC,10.0,era4tb_D_INH10x_r2,4.76342799356294,21.0,5.07918124604763,False,1.0,plated_volume_uL=100; plating_condition=0; n0_source_days=0
era4tb,M. tuberculosis,standard,,isoniazid,10.0,xMIC,10.0,era4tb_D_INH10x_r2,4.76342799356294,21.0,4.95424250943933,False,2.0,plated_volume_uL=10; plating_condition=1; n0_source_days=0
era4tb,M. tuberculosis,standard,,isoniazid,10.0,xMIC,10.0,era4tb_D_INH10x_r2,4.76342799356294,21.0,4.77815125038364,False,2.0,plated_volume_uL=10; plating_condition=2; n0_source_days=0
era4tb,M. tuberculosis,standard,,isoniazid,10.0,xMIC,10.0,era4tb_D_INH10x_r2,4.76342799356294,21.0,5.44715803134222,False,2.6020599913279625,plated_volume_uL=2.5; plating_condition=3; n0_source_days=0
era4tb,M. tuberculosis,standard,,isoniazid,10.0,xMIC,10.0,era4tb_D_INH10x_r3,4.46684485447895,0.0,4.76342799356294,False,1.0,"plated_volume_uL=100; plating_condition=0; n0_source_days=0,1"
era4tb,M. tuberculosis,standard,,isoniazid,10.0,xMIC,10.0,era4tb_D_INH10x_r3,4.46684485447895,0.0,4.38021124171161,False,2.0,"plated_volume_uL=10; plating_condition=1; n0_source_days=0,1"
era4tb,M. tuberculosis,standard,,isoniazid,10.0,xMIC,10.0,era4tb_D_INH10x_r3,4.46684485447895,0.0,4.47712125471966,False,2.0,"plated_volume_uL=10; plating_condition=2; n0_source_days=0,1"
era4tb,M. tuberculosis,standard,,isoniazid,10.0,xMIC,10.0,era4tb_D_INH10x_r3,4.46684485447895,0.0,4.90308998699194,False,2.6020599913279625,"plated_volume_uL=2.5; plating_condition=3; n0_source_days=0,1"
era4tb,M. tuberculosis,standard,,isoniazid,10.0,xMIC,10.0,era4tb_D_INH10x_r3,4.46684485447895,1.0,4.17026171539496,False,1.0,"plated_volume_uL=100; plating_condition=0; n0_source_days=0,1"
era4tb,M. tuberculosis,standard,,isoniazid,10.0,xMIC,10.0,era4tb_D_INH10x_r3,4.46684485447895,1.0,3.70757017609794,False,2.0,"plated_volume_uL=10; plating_condition=1; n0_source_days=0,1"
era4tb,M. tuberculosis,standard,,isoniazid,10.0,xMIC,10.0,era4tb_D_INH10x_r3,4.46684485447895,1.0,3.63346845557959,False,2.0,"plated_volume_uL=10; plating_condition=2; n0_source_days=0,1"
era4tb,M. tuberculosis,standard,,isoniazid,10.0,xMIC,10.0,era4tb_D_INH10x_r3,4.46684485447895,1.0,3.77815125038364,False,2.6020599913279625,"plated_volume_uL=2.5; plating_condition=3; n0_source_days=0,1"
era4tb,M. tuberculosis,standard,,isoniazid,10.0,xMIC,10.0,era4tb_D_INH10x_r3,4.46684485447895,2.0,3.34242268082221,False,2.0,"plated_volume_uL=10; plating_condition=1; n0_source_days=0,1"
era4tb,M. tuberculosis,standard,,isoniazid,10.0,xMIC,10.0,era4tb_D_INH10x_r3,4.46684485447895,2.0,3.27875360095283,False,2.0,"plated_volume_uL=10; plating_condition=2; n0_source_days=0,1"
era4tb,M. tuberculosis,standard,,isoniazid,10.0,xMIC,10.0,era4tb_D_INH10x_r3,4.46684485447895,2.0,2.60205999132796,False,2.6020599913279625,"plated_volume_uL=2.5; plating_condition=3; n0_source_days=0,1"
era4tb,M. tuberculosis,standard,,isoniazid,10.0,xMIC,10.0,era4tb_D_INH10x_r3,4.46684485447895,3.0,2.78532983501077,False,1.0,"plated_volume_uL=100; plating_condition=0; n0_source_days=0,1"
era4tb,M. tuberculosis,standard,,isoniazid,10.0,xMIC,10.0,era4tb_D_INH10x_r3,4.46684485447895,3.0,3.25527250510331,False,2.0,"plated_volume_uL=10; plating_condition=1; n0_source_days=0,1"
era4tb,M. tuberculosis,standard,,isoniazid,10.0,xMIC,10.0,era4tb_D_INH10x_r3,4.46684485447895,3.0,3.25527250510331,False,2.0,"plated_volume_uL=10; plating_condition=2; n0_source_days=0,1"
era4tb,M. tuberculosis,standard,,isoniazid,10.0,xMIC,10.0,era4tb_D_INH10x_r3,4.46684485447895,3.0,2.90308998699194,False,2.6020599913279625,"plated_volume_uL=2.5; plating_condition=3; n0_source_days=0,1"
era4tb,M. tuberculosis,standard,,isoniazid,10.0,xMIC,10.0,era4tb_D_INH10x_r3,4.46684485447895,7.0,3.04532297878666,False,1.0,"plated_volume_uL=100; plating_condition=0; n0_source_days=0,1"
era4tb,M. tuberculosis,standard,,isoniazid,10.0,xMIC,10.0,era4tb_D_INH10x_r3,4.46684485447895,7.0,,False,2.0,"plated_volume_uL=10; plating_condition=1; no_value_reported_not_censored; n0_source_days=0,1"
era4tb,M. tuberculosis,standard,,isoniazid,10.0,xMIC,10.0,era4tb_D_INH10x_r3,4.46684485447895,7.0,3.14612803567824,False,2.0,"plated_volume_uL=10; plating_condition=2; n0_source_days=0,1"
era4tb,M. tuberculosis,standard,,isoniazid,10.0,xMIC,10.0,era4tb_D_INH10x_r3,4.46684485447895,7.0,2.90308998699194,False,2.6020599913279625,"plated_volume_uL=2.5; plating_condition=3; n0_source_days=0,1"
era4tb,M. tuberculosis,standard,,isoniazid,10.0,xMIC,10.0,era4tb_D_INH10x_r3,4.46684485447895,10.0,2.90308998699194,False,1.0,"plated_volume_uL=100; plating_condition=0; n0_source_days=0,1"
era4tb,M. tuberculosis,standard,,isoniazid,10.0,xMIC,10.0,era4tb_D_INH10x_r3,4.46684485447895,10.0,3.47712125471966,False,2.0,"plated_volume_uL=10; plating_condition=1; n0_source_days=0,1"
era4tb,M. tuberculosis,standard,,isoniazid,10.0,xMIC,10.0,era4tb_D_INH10x_r3,4.46684485447895,10.0,,False,2.0,"plated_volume_uL=10; plating_condition=2; no_value_reported_not_censored; n0_source_days=0,1"
era4tb,M. tuberculosis,standard,,isoniazid,10.0,xMIC,10.0,era4tb_D_INH10x_r3,4.46684485447895,10.0,,False,2.6020599913279625,"plated_volume_uL=2.5; plating_condition=3; no_value_reported_not_censored; n0_source_days=0,1"
era4tb,M. tuberculosis,standard,,isoniazid,10.0,xMIC,10.0,era4tb_D_INH10x_r3,4.46684485447895,14.0,3.7481880270062,False,1.0,"plated_volume_uL=100; plating_condition=0; n0_source_days=0,1"
era4tb,M. tuberculosis,standard,,isoniazid,10.0,xMIC,10.0,era4tb_D_INH10x_r3,4.46684485447895,14.0,3.47712125471966,False,2.0,"plated_volume_uL=10; plating_condition=1; n0_source_days=0,1"
era4tb,M. tuberculosis,standard,,isoniazid,10.0,xMIC,10.0,era4tb_D_INH10x_r3,4.46684485447895,14.0,3.84509804001426,False,2.0,"plated_volume_uL=10; plating_condition=2; n0_source_days=0,1"
era4tb,M. tuberculosis,standard,,isoniazid,10.0,xMIC,10.0,era4tb_D_INH10x_r3,4.46684485447895,14.0,3.60205999132796,False,2.6020599913279625,"plated_volume_uL=2.5; plating_condition=3; n0_source_days=0,1"
era4tb,M. tuberculosis,standard,,isoniazid,10.0,xMIC,10.0,era4tb_D_INH10x_r3,4.46684485447895,21.0,5.32221929473392,False,1.0,"plated_volume_uL=100; plating_condition=0; n0_source_days=0,1"
era4tb,M. tuberculosis,standard,,isoniazid,10.0,xMIC,10.0,era4tb_D_INH10x_r3,4.46684485447895,21.0,5.04139268515823,False,2.0,"plated_volume_uL=10; plating_condition=1; n0_source_days=0,1"
era4tb,M. tuberculosis,standard,,isoniazid,10.0,xMIC,10.0,era4tb_D_INH10x_r3,4.46684485447895,21.0,5.04139268515823,False,2.0,"plated_volume_uL=10; plating_condition=2; n0_source_days=0,1"
era4tb,M. tuberculosis,standard,,isoniazid,10.0,xMIC,10.0,era4tb_D_INH10x_r3,4.46684485447895,21.0,5.38021124171161,False,2.6020599913279625,"plated_volume_uL=2.5; plating_condition=3; n0_source_days=0,1"
era4tb,M. tuberculosis,standard,,isoniazid,1.0,xMIC,1.0,era4tb_D_INH1x_r1,4.653105254083885,0.0,4.96378782734556,False,1.0,"plated_volume_uL=100; plating_condition=0; n0_source_days=0,1"
era4tb,M. tuberculosis,standard,,isoniazid,1.0,xMIC,1.0,era4tb_D_INH1x_r1,4.653105254083885,0.0,4.95424250943933,False,2.0,"plated_volume_uL=10; plating_condition=1; n0_source_days=0,1"
era4tb,M. tuberculosis,standard,,isoniazid,1.0,xMIC,1.0,era4tb_D_INH1x_r1,4.653105254083885,0.0,4.44715803134222,False,2.0,"plated_volume_uL=10; plating_condition=2; n0_source_days=0,1"
era4tb,M. tuberculosis,standard,,isoniazid,1.0,xMIC,1.0,era4tb_D_INH1x_r1,4.653105254083885,0.0,4.7160033436348,False,2.6020599913279625,"plated_volume_uL=2.5; plating_condition=3; n0_source_days=0,1"
era4tb,M. tuberculosis,standard,,isoniazid,1.0,xMIC,1.0,era4tb_D_INH1x_r1,4.653105254083885,1.0,4.34242268082221,False,1.0,"plated_volume_uL=100; plating_condition=0; n0_source_days=0,1"
era4tb,M. tuberculosis,standard,,isoniazid,1.0,xMIC,1.0,era4tb_D_INH1x_r1,4.653105254083885,1.0,4.20411998265593,False,2.0,"plated_volume_uL=10; plating_condition=1; n0_source_days=0,1"
era4tb,M. tuberculosis,standard,,isoniazid,1.0,xMIC,1.0,era4tb_D_INH1x_r1,4.653105254083885,1.0,4.32221929473392,False,2.0,"plated_volume_uL=10; plating_condition=2; n0_source_days=0,1"
era4tb,M. tuberculosis,standard,,isoniazid,1.0,xMIC,1.0,era4tb_D_INH1x_r1,4.653105254083885,1.0,,True,2.6020599913279625,"plated_volume_uL=2.5; plating_condition=3; below_limit_of_quantification; n0_source_days=0,1; bql_contradicted_by_another_plating_of_same_sample_by_1.74_log10"
era4tb,M. tuberculosis,standard,,isoniazid,1.0,xMIC,1.0,era4tb_D_INH1x_r1,4.653105254083885,2.0,3.34242268082221,False,2.0,"plated_volume_uL=10; plating_condition=1; n0_source_days=0,1"
era4tb,M. tuberculosis,standard,,isoniazid,1.0,xMIC,1.0,era4tb_D_INH1x_r1,4.653105254083885,2.0,3.04139268515822,False,2.0,"plated_volume_uL=10; plating_condition=2; n0_source_days=0,1"
era4tb,M. tuberculosis,standard,,isoniazid,1.0,xMIC,1.0,era4tb_D_INH1x_r1,4.653105254083885,2.0,3.92427928606188,False,2.6020599913279625,"plated_volume_uL=2.5; plating_condition=3; n0_source_days=0,1"
era4tb,M. tuberculosis,standard,,isoniazid,1.0,xMIC,1.0,era4tb_D_INH1x_r1,4.653105254083885,3.0,3.33243845991561,False,1.0,"plated_volume_uL=100; plating_condition=0; n0_source_days=0,1"
era4tb,M. tuberculosis,standard,,isoniazid,1.0,xMIC,1.0,era4tb_D_INH1x_r1,4.653105254083885,3.0,3.47712125471966,False,2.0,"plated_volume_uL=10; plating_condition=1; n0_source_days=0,1"
era4tb,M. tuberculosis,standard,,isoniazid,1.0,xMIC,1.0,era4tb_D_INH1x_r1,4.653105254083885,3.0,3.17609125905568,False,2.0,"plated_volume_uL=10; plating_condition=2; n0_source_days=0,1"
era4tb,M. tuberculosis,standard,,isoniazid,1.0,xMIC,1.0,era4tb_D_INH1x_r1,4.653105254083885,3.0,3.68124123737559,False,2.6020599913279625,"plated_volume_uL=2.5; plating_condition=3; n0_source_days=0,1"
era4tb,M. tuberculosis,standard,,isoniazid,1.0,xMIC,1.0,era4tb_D_INH1x_r1,4.653105254083885,7.0,3.23044892137827,False,1.0,"plated_volume_uL=100; plating_condition=0; n0_source_days=0,1"
era4tb,M. tuberculosis,standard,,isoniazid,1.0,xMIC,1.0,era4tb_D_INH1x_r1,4.653105254083885,7.0,2.69897000433602,False,2.0,"plated_volume_uL=10; plating_condition=1; n0_source_days=0,1"
era4tb,M. tuberculosis,standard,,isoniazid,1.0,xMIC,1.0,era4tb_D_INH1x_r1,4.653105254083885,7.0,2.69897000433602,False,2.0,"plated_volume_uL=10; plating_condition=2; n0_source_days=0,1"
era4tb,M. tuberculosis,standard,,isoniazid,1.0,xMIC,1.0,era4tb_D_INH1x_r1,4.653105254083885,7.0,3.55630250076729,False,2.6020599913279625,"plated_volume_uL=2.5; plating_condition=3; n0_source_days=0,1"
era4tb,M. tuberculosis,standard,,isoniazid,1.0,xMIC,1.0,era4tb_D_INH1x_r1,4.653105254083885,10.0,3.11394335230684,False,1.0,"plated_volume_uL=100; plating_condition=0; n0_source_days=0,1"
era4tb,M. tuberculosis,standard,,isoniazid,1.0,xMIC,1.0,era4tb_D_INH1x_r1,4.653105254083885,10.0,3.0,False,2.0,"plated_volume_uL=10; plating_condition=1; n0_source_days=0,1"
era4tb,M. tuberculosis,standard,,isoniazid,1.0,xMIC,1.0,era4tb_D_INH1x_r1,4.653105254083885,10.0,,True,2.0,"plated_volume_uL=10; plating_condition=2; below_limit_of_quantification; n0_source_days=0,1; bql_contradicted_by_another_plating_of_same_sample_by_1.11_log10"
era4tb,M. tuberculosis,standard,,isoniazid,1.0,xMIC,1.0,era4tb_D_INH1x_r1,4.653105254083885,10.0,,False,2.6020599913279625,"plated_volume_uL=2.5; plating_condition=3; no_value_reported_not_censored; n0_source_days=0,1"
era4tb,M. tuberculosis,standard,,isoniazid,1.0,xMIC,1.0,era4tb_D_INH1x_r1,4.653105254083885,14.0,3.91381385238372,False,1.0,"plated_volume_uL=100; plating_condition=0; n0_source_days=0,1"
era4tb,M. tuberculosis,standard,,isoniazid,1.0,xMIC,1.0,era4tb_D_INH1x_r1,4.653105254083885,14.0,4.04139268515823,False,2.0,"plated_volume_uL=10; plating_condition=1; n0_source_days=0,1"
era4tb,M. tuberculosis,standard,,isoniazid,1.0,xMIC,1.0,era4tb_D_INH1x_r1,4.653105254083885,14.0,3.84509804001426,False,2.0,"plated_volume_uL=10; plating_condition=2; n0_source_days=0,1"
era4tb,M. tuberculosis,standard,,isoniazid,1.0,xMIC,1.0,era4tb_D_INH1x_r1,4.653105254083885,14.0,4.07918124604763,False,2.6020599913279625,"plated_volume_uL=2.5; plating_condition=3; n0_source_days=0,1"
era4tb,M. tuberculosis,standard,,isoniazid,1.0,xMIC,1.0,era4tb_D_INH1x_r1,4.653105254083885,21.0,5.05307844348342,False,1.0,"plated_volume_uL=100; plating_condition=0; n0_source_days=0,1"
era4tb,M. tuberculosis,standard,,isoniazid,1.0,xMIC,1.0,era4tb_D_INH1x_r1,4.653105254083885,21.0,5.17609125905568,False,2.0,"plated_volume_uL=10; plating_condition=1; n0_source_days=0,1"
era4tb,M. tuberculosis,standard,,isoniazid,1.0,xMIC,1.0,era4tb_D_INH1x_r1,4.653105254083885,21.0,5.23044892137827,False,2.0,"plated_volume_uL=10; plating_condition=2; n0_source_days=0,1"
era4tb,M. tuberculosis,standard,,isoniazid,1.0,xMIC,1.0,era4tb_D_INH1x_r1,4.653105254083885,21.0,4.90308998699194,False,2.6020599913279625,"plated_volume_uL=2.5; plating_condition=3; n0_source_days=0,1"
era4tb,M. tuberculosis,standard,,isoniazid,1.0,xMIC,1.0,era4tb_D_INH1x_r2,4.8170874358813,0.0,4.77085201164214,False,1.0,"plated_volume_uL=100; plating_condition=0; n0_source_days=0,1"
era4tb,M. tuberculosis,standard,,isoniazid,1.0,xMIC,1.0,era4tb_D_INH1x_r2,4.8170874358813,0.0,4.69897000433602,False,2.0,"plated_volume_uL=10; plating_condition=1; n0_source_days=0,1"
era4tb,M. tuberculosis,standard,,isoniazid,1.0,xMIC,1.0,era4tb_D_INH1x_r2,4.8170874358813,0.0,4.34242268082221,False,2.0,"plated_volume_uL=10; plating_condition=2; n0_source_days=0,1"
era4tb,M. tuberculosis,standard,,isoniazid,1.0,xMIC,1.0,era4tb_D_INH1x_r2,4.8170874358813,0.0,4.64345267648619,False,2.6020599913279625,"plated_volume_uL=2.5; plating_condition=3; n0_source_days=0,1"
era4tb,M. tuberculosis,standard,,isoniazid,1.0,xMIC,1.0,era4tb_D_INH1x_r2,4.8170874358813,1.0,4.86332286012046,False,1.0,"plated_volume_uL=100; plating_condition=0; n0_source_days=0,1"
era4tb,M. tuberculosis,standard,,isoniazid,1.0,xMIC,1.0,era4tb_D_INH1x_r2,4.8170874358813,1.0,4.27875360095283,False,2.0,"plated_volume_uL=10; plating_condition=1; n0_source_days=0,1"
era4tb,M. tuberculosis,standard,,isoniazid,1.0,xMIC,1.0,era4tb_D_INH1x_r2,4.8170874358813,1.0,4.32221929473392,False,2.0,"plated_volume_uL=10; plating_condition=2; n0_source_days=0,1"
era4tb,M. tuberculosis,standard,,isoniazid,1.0,xMIC,1.0,era4tb_D_INH1x_r2,4.8170874358813,1.0,4.90308998699194,False,2.6020599913279625,"plated_volume_uL=2.5; plating_condition=3; n0_source_days=0,1"
era4tb,M. tuberculosis,standard,,isoniazid,1.0,xMIC,1.0,era4tb_D_INH1x_r2,4.8170874358813,2.0,3.49136169383427,False,2.0,"plated_volume_uL=10; plating_condition=1; n0_source_days=0,1"
era4tb,M. tuberculosis,standard,,isoniazid,1.0,xMIC,1.0,era4tb_D_INH1x_r2,4.8170874358813,2.0,3.41497334797082,False,2.0,"plated_volume_uL=10; plating_condition=2; n0_source_days=0,1"
era4tb,M. tuberculosis,standard,,isoniazid,1.0,xMIC,1.0,era4tb_D_INH1x_r2,4.8170874358813,2.0,3.38021124171161,False,2.6020599913279625,"plated_volume_uL=2.5; plating_condition=3; n0_source_days=0,1"
era4tb,M. tuberculosis,standard,,isoniazid,1.0,xMIC,1.0,era4tb_D_INH1x_r2,4.8170874358813,3.0,3.34635297445064,False,1.0,"plated_volume_uL=100; plating_condition=0; n0_source_days=0,1"
era4tb,M. tuberculosis,standard,,isoniazid,1.0,xMIC,1.0,era4tb_D_INH1x_r2,4.8170874358813,3.0,3.20411998265592,False,2.0,"plated_volume_uL=10; plating_condition=1; n0_source_days=0,1"
era4tb,M. tuberculosis,standard,,isoniazid,1.0,xMIC,1.0,era4tb_D_INH1x_r2,4.8170874358813,3.0,3.36172783601759,False,2.0,"plated_volume_uL=10; plating_condition=2; n0_source_days=0,1"
era4tb,M. tuberculosis,standard,,isoniazid,1.0,xMIC,1.0,era4tb_D_INH1x_r2,4.8170874358813,3.0,3.55630250076729,False,2.6020599913279625,"plated_volume_uL=2.5; plating_condition=3; n0_source_days=0,1"
era4tb,M. tuberculosis,standard,,isoniazid,1.0,xMIC,1.0,era4tb_D_INH1x_r2,4.8170874358813,7.0,2.88081359228079,False,1.0,"plated_volume_uL=100; plating_condition=0; n0_source_days=0,1"
era4tb,M. tuberculosis,standard,,isoniazid,1.0,xMIC,1.0,era4tb_D_INH1x_r2,4.8170874358813,7.0,2.47712125471966,False,2.0,"plated_volume_uL=10; plating_condition=1; n0_source_days=0,1"
era4tb,M. tuberculosis,standard,,isoniazid,1.0,xMIC,1.0,era4tb_D_INH1x_r2,4.8170874358813,7.0,3.30102999566398,False,2.0,"plated_volume_uL=10; plating_condition=2; n0_source_days=0,1"
era4tb,M. tuberculosis,standard,,isoniazid,1.0,xMIC,1.0,era4tb_D_INH1x_r2,4.8170874358813,7.0,3.60205999132796,False,2.6020599913279625,"plated_volume_uL=2.5; plating_condition=3; n0_source_days=0,1"
era4tb,M. tuberculosis,standard,,isoniazid,1.0,xMIC,1.0,era4tb_D_INH1x_r2,4.8170874358813,10.0,3.11394335230684,False,1.0,"plated_volume_uL=100; plating_condition=0; n0_source_days=0,1"
era4tb,M. tuberculosis,standard,,isoniazid,1.0,xMIC,1.0,era4tb_D_INH1x_r2,4.8170874358813,10.0,,False,2.0,"plated_volume_uL=10; plating_condition=1; no_value_reported_not_censored; n0_source_days=0,1"
era4tb,M. tuberculosis,standard,,isoniazid,1.0,xMIC,1.0,era4tb_D_INH1x_r2,4.8170874358813,10.0,,True,2.0,"plated_volume_uL=10; plating_condition=2; below_limit_of_quantification; n0_source_days=0,1; bql_contradicted_by_another_plating_of_same_sample_by_1.11_log10"
era4tb,M. tuberculosis,standard,,isoniazid,1.0,xMIC,1.0,era4tb_D_INH1x_r2,4.8170874358813,10.0,,False,2.6020599913279625,"plated_volume_uL=2.5; plating_condition=3; no_value_reported_not_censored; n0_source_days=0,1"
era4tb,M. tuberculosis,standard,,isoniazid,1.0,xMIC,1.0,era4tb_D_INH1x_r2,4.8170874358813,14.0,3.78532983501077,False,1.0,"plated_volume_uL=100; plating_condition=0; n0_source_days=0,1"
era4tb,M. tuberculosis,standard,,isoniazid,1.0,xMIC,1.0,era4tb_D_INH1x_r2,4.8170874358813,14.0,3.95424250943932,False,2.0,"plated_volume_uL=10; plating_condition=1; n0_source_days=0,1"
era4tb,M. tuberculosis,standard,,isoniazid,1.0,xMIC,1.0,era4tb_D_INH1x_r2,4.8170874358813,14.0,3.69897000433602,False,2.0,"plated_volume_uL=10; plating_condition=2; n0_source_days=0,1"
era4tb,M. tuberculosis,standard,,isoniazid,1.0,xMIC,1.0,era4tb_D_INH1x_r2,4.8170874358813,14.0,3.90308998699194,False,2.6020599913279625,"plated_volume_uL=2.5; plating_condition=3; n0_source_days=0,1"
era4tb,M. tuberculosis,standard,,isoniazid,1.0,xMIC,1.0,era4tb_D_INH1x_r2,4.8170874358813,21.0,,False,1.0,"plated_volume_uL=100; plating_condition=0; no_value_reported_not_censored; n0_source_days=0,1"
era4tb,M. tuberculosis,standard,,isoniazid,1.0,xMIC,1.0,era4tb_D_INH1x_r2,4.8170874358813,21.0,,False,2.0,"plated_volume_uL=10; plating_condition=1; no_value_reported_not_censored; n0_source_days=0,1"
era4tb,M. tuberculosis,standard,,isoniazid,1.0,xMIC,1.0,era4tb_D_INH1x_r2,4.8170874358813,21.0,6.20411998265593,False,2.0,"plated_volume_uL=10; plating_condition=2; n0_source_days=0,1"
era4tb,M. tuberculosis,standard,,isoniazid,1.0,xMIC,1.0,era4tb_D_INH1x_r2,4.8170874358813,21.0,,False,2.6020599913279625,"plated_volume_uL=2.5; plating_condition=3; no_value_reported_not_censored; n0_source_days=0,1"
era4tb,M. tuberculosis,standard,,isoniazid,1.0,xMIC,1.0,era4tb_D_INH1x_r3,4.704119982655925,0.0,4.60205999132796,False,1.0,"plated_volume_uL=100; plating_condition=0; n0_source_days=0,1"
era4tb,M. tuberculosis,standard,,isoniazid,1.0,xMIC,1.0,era4tb_D_INH1x_r3,4.704119982655925,0.0,4.47712125471966,False,2.0,"plated_volume_uL=10; plating_condition=1; n0_source_days=0,1"
era4tb,M. tuberculosis,standard,,isoniazid,1.0,xMIC,1.0,era4tb_D_INH1x_r3,4.704119982655925,0.0,4.36172783601759,False,2.0,"plated_volume_uL=10; plating_condition=2; n0_source_days=0,1"
era4tb,M. tuberculosis,standard,,isoniazid,1.0,xMIC,1.0,era4tb_D_INH1x_r3,4.704119982655925,0.0,4.64345267648619,False,2.6020599913279625,"plated_volume_uL=2.5; plating_condition=3; n0_source_days=0,1"
era4tb,M. tuberculosis,standard,,isoniazid,1.0,xMIC,1.0,era4tb_D_INH1x_r3,4.704119982655925,1.0,4.80617997398389,False,1.0,"plated_volume_uL=100; plating_condition=0; n0_source_days=0,1"
era4tb,M. tuberculosis,standard,,isoniazid,1.0,xMIC,1.0,era4tb_D_INH1x_r3,4.704119982655925,1.0,4.56820172406699,False,2.0,"plated_volume_uL=10; plating_condition=1; n0_source_days=0,1"
era4tb,M. tuberculosis,standard,,isoniazid,1.0,xMIC,1.0,era4tb_D_INH1x_r3,4.704119982655925,1.0,4.43136376415899,False,2.0,"plated_volume_uL=10; plating_condition=2; n0_source_days=0,1"
era4tb,M. tuberculosis,standard,,isoniazid,1.0,xMIC,1.0,era4tb_D_INH1x_r3,4.704119982655925,1.0,4.90308998699194,False,2.6020599913279625,"plated_volume_uL=2.5; plating_condition=3; n0_source_days=0,1"
era4tb,M. tuberculosis,standard,,isoniazid,1.0,xMIC,1.0,era4tb_D_INH1x_r3,4.704119982655925,2.0,3.25527250510331,False,2.0,"plated_volume_uL=10; plating_condition=1; n0_source_days=0,1"
era4tb,M. tuberculosis,standard,,isoniazid,1.0,xMIC,1.0,era4tb_D_INH1x_r3,4.704119982655925,2.0,3.51851393987789,False,2.0,"plated_volume_uL=10; plating_condition=2; n0_source_days=0,1"
era4tb,M. tuberculosis,standard,,isoniazid,1.0,xMIC,1.0,era4tb_D_INH1x_r3,4.704119982655925,2.0,3.85733249643127,False,2.6020599913279625,"plated_volume_uL=2.5; plating_condition=3; n0_source_days=0,1"
era4tb,M. tuberculosis,standard,,isoniazid,1.0,xMIC,1.0,era4tb_D_INH1x_r3,4.704119982655925,3.0,3.34439227368511,False,1.0,"plated_volume_uL=100; plating_condition=0; n0_source_days=0,1"
era4tb,M. tuberculosis,standard,,isoniazid,1.0,xMIC,1.0,era4tb_D_INH1x_r3,4.704119982655925,3.0,3.20411998265592,False,2.0,"plated_volume_uL=10; plating_condition=1; n0_source_days=0,1"
era4tb,M. tuberculosis,standard,,isoniazid,1.0,xMIC,1.0,era4tb_D_INH1x_r3,4.704119982655925,3.0,3.20411998265592,False,2.0,"plated_volume_uL=10; plating_condition=2; n0_source_days=0,1"
era4tb,M. tuberculosis,standard,,isoniazid,1.0,xMIC,1.0,era4tb_D_INH1x_r3,4.704119982655925,3.0,3.90308998699194,False,2.6020599913279625,"plated_volume_uL=2.5; plating_condition=3; n0_source_days=0,1"
era4tb,M. tuberculosis,standard,,isoniazid,1.0,xMIC,1.0,era4tb_D_INH1x_r3,4.704119982655925,7.0,2.77085201164214,False,1.0,"plated_volume_uL=100; plating_condition=0; n0_source_days=0,1"
era4tb,M. tuberculosis,standard,,isoniazid,1.0,xMIC,1.0,era4tb_D_INH1x_r3,4.704119982655925,7.0,3.57978359661681,False,2.0,"plated_volume_uL=10; plating_condition=1; n0_source_days=0,1"
era4tb,M. tuberculosis,standard,,isoniazid,1.0,xMIC,1.0,era4tb_D_INH1x_r3,4.704119982655925,7.0,3.30102999566398,False,2.0,"plated_volume_uL=10; plating_condition=2; n0_source_days=0,1"
era4tb,M. tuberculosis,standard,,isoniazid,1.0,xMIC,1.0,era4tb_D_INH1x_r3,4.704119982655925,7.0,3.77815125038364,False,2.6020599913279625,"plated_volume_uL=2.5; plating_condition=3; n0_source_days=0,1"
era4tb,M. tuberculosis,standard,,isoniazid,1.0,xMIC,1.0,era4tb_D_INH1x_r3,4.704119982655925,10.0,3.94939000664491,False,1.0,"plated_volume_uL=100; plating_condition=0; n0_source_days=0,1"
era4tb,M. tuberculosis,standard,,isoniazid,1.0,xMIC,1.0,era4tb_D_INH1x_r3,4.704119982655925,10.0,3.0,False,2.0,"plated_volume_uL=10; plating_condition=1; n0_source_days=0,1"
era4tb,M. tuberculosis,standard,,isoniazid,1.0,xMIC,1.0,era4tb_D_INH1x_r3,4.704119982655925,10.0,3.69897000433602,False,2.0,"plated_volume_uL=10; plating_condition=2; n0_source_days=0,1"
era4tb,M. tuberculosis,standard,,isoniazid,1.0,xMIC,1.0,era4tb_D_INH1x_r3,4.704119982655925,10.0,,False,2.6020599913279625,"plated_volume_uL=2.5; plating_condition=3; no_value_reported_not_censored; n0_source_days=0,1"
era4tb,M. tuberculosis,standard,,isoniazid,1.0,xMIC,1.0,era4tb_D_INH1x_r3,4.704119982655925,14.0,3.89762709129044,False,1.0,"plated_volume_uL=100; plating_condition=0; n0_source_days=0,1"
era4tb,M. tuberculosis,standard,,isoniazid,1.0,xMIC,1.0,era4tb_D_INH1x_r3,4.704119982655925,14.0,3.77815125038364,False,2.0,"plated_volume_uL=10; plating_condition=1; n0_source_days=0,1"
era4tb,M. tuberculosis,standard,,isoniazid,1.0,xMIC,1.0,era4tb_D_INH1x_r3,4.704119982655925,14.0,3.90308998699194,False,2.0,"plated_volume_uL=10; plating_condition=2; n0_source_days=0,1"
era4tb,M. tuberculosis,standard,,isoniazid,1.0,xMIC,1.0,era4tb_D_INH1x_r3,4.704119982655925,14.0,3.90308998699194,False,2.6020599913279625,"plated_volume_uL=2.5; plating_condition=3; n0_source_days=0,1"
era4tb,M. tuberculosis,standard,,isoniazid,1.0,xMIC,1.0,era4tb_D_INH1x_r3,4.704119982655925,21.0,5.26007138798508,False,1.0,"plated_volume_uL=100; plating_condition=0; n0_source_days=0,1"
era4tb,M. tuberculosis,standard,,isoniazid,1.0,xMIC,1.0,era4tb_D_INH1x_r3,4.704119982655925,21.0,5.0,False,2.0,"plated_volume_uL=10; plating_condition=1; n0_source_days=0,1"
era4tb,M. tuberculosis,standard,,isoniazid,1.0,xMIC,1.0,era4tb_D_INH1x_r3,4.704119982655925,21.0,5.11394335230684,False,2.0,"plated_volume_uL=10; plating_condition=2; n0_source_days=0,1"
era4tb,M. tuberculosis,standard,,isoniazid,1.0,xMIC,1.0,era4tb_D_INH1x_r3,4.704119982655925,21.0,4.60205999132796,False,2.6020599913279625,"plated_volume_uL=2.5; plating_condition=3; n0_source_days=0,1"
era4tb,M. tuberculosis,standard,,moxifloxacin,10.0,xMIC,10.0,era4tb_D_MXF10x_r1,4.65321251377534,0.0,4.65321251377534,False,1.0,plated_volume_uL=100; plating_condition=0; n0_source_days=0
era4tb,M. tuberculosis,standard,,moxifloxacin,10.0,xMIC,10.0,era4tb_D_MXF10x_r1,4.65321251377534,0.0,4.32221929473392,False,2.0,plated_volume_uL=10; plating_condition=1; n0_source_days=0
era4tb,M. tuberculosis,standard,,moxifloxacin,10.0,xMIC,10.0,era4tb_D_MXF10x_r1,4.65321251377534,0.0,4.41497334797082,False,2.0,plated_volume_uL=10; plating_condition=2; n0_source_days=0
era4tb,M. tuberculosis,standard,,moxifloxacin,10.0,xMIC,10.0,era4tb_D_MXF10x_r1,4.65321251377534,0.0,4.60205999132796,False,2.6020599913279625,plated_volume_uL=2.5; plating_condition=3; n0_source_days=0
era4tb,M. tuberculosis,standard,,moxifloxacin,10.0,xMIC,10.0,era4tb_D_MXF10x_r1,4.65321251377534,1.0,,False,1.0,plated_volume_uL=100; plating_condition=0; no_value_reported_not_censored; n0_source_days=0
era4tb,M. tuberculosis,standard,,moxifloxacin,10.0,xMIC,10.0,era4tb_D_MXF10x_r1,4.65321251377534,1.0,5.27875360095283,False,2.0,plated_volume_uL=10; plating_condition=1; n0_source_days=0
era4tb,M. tuberculosis,standard,,moxifloxacin,10.0,xMIC,10.0,era4tb_D_MXF10x_r1,4.65321251377534,1.0,5.0,False,2.0,plated_volume_uL=10; plating_condition=2; n0_source_days=0
era4tb,M. tuberculosis,standard,,moxifloxacin,10.0,xMIC,10.0,era4tb_D_MXF10x_r1,4.65321251377534,1.0,4.38021124171161,False,2.6020599913279625,plated_volume_uL=2.5; plating_condition=3; n0_source_days=0
era4tb,M. tuberculosis,standard,,moxifloxacin,10.0,xMIC,10.0,era4tb_D_MXF10x_r1,4.65321251377534,2.0,3.63346845557959,False,2.0,plated_volume_uL=10; plating_condition=1; n0_source_days=0
era4tb,M. tuberculosis,standard,,moxifloxacin,10.0,xMIC,10.0,era4tb_D_MXF10x_r1,4.65321251377534,2.0,3.5910646070265,False,2.0,plated_volume_uL=10; plating_condition=2; n0_source_days=0
era4tb,M. tuberculosis,standard,,moxifloxacin,10.0,xMIC,10.0,era4tb_D_MXF10x_r1,4.65321251377534,2.0,4.83250891270624,False,2.6020599913279625,plated_volume_uL=2.5; plating_condition=3; n0_source_days=0
era4tb,M. tuberculosis,standard,,moxifloxacin,10.0,xMIC,10.0,era4tb_D_MXF10x_r1,4.65321251377534,3.0,3.6232492903979,False,1.0,plated_volume_uL=100; plating_condition=0; n0_source_days=0
era4tb,M. tuberculosis,standard,,moxifloxacin,10.0,xMIC,10.0,era4tb_D_MXF10x_r1,4.65321251377534,3.0,3.50514997831991,False,2.0,plated_volume_uL=10; plating_condition=1; n0_source_days=0
era4tb,M. tuberculosis,standard,,moxifloxacin,10.0,xMIC,10.0,era4tb_D_MXF10x_r1,4.65321251377534,3.0,3.44715803134222,False,2.0,plated_volume_uL=10; plating_condition=2; n0_source_days=0
era4tb,M. tuberculosis,standard,,moxifloxacin,10.0,xMIC,10.0,era4tb_D_MXF10x_r1,4.65321251377534,3.0,3.77815125038364,False,2.6020599913279625,plated_volume_uL=2.5; plating_condition=3; n0_source_days=0
era4tb,M. tuberculosis,standard,,moxifloxacin,10.0,xMIC,10.0,era4tb_D_MXF10x_r1,4.65321251377534,7.0,3.49136169383427,False,1.0,plated_volume_uL=100; plating_condition=0; n0_source_days=0
era4tb,M. tuberculosis,standard,,moxifloxacin,10.0,xMIC,10.0,era4tb_D_MXF10x_r1,4.65321251377534,7.0,2.84509804001426,False,2.0,plated_volume_uL=10; plating_condition=1; n0_source_days=0
era4tb,M. tuberculosis,standard,,moxifloxacin,10.0,xMIC,10.0,era4tb_D_MXF10x_r1,4.65321251377534,7.0,3.47712125471966,False,2.0,plated_volume_uL=10; plating_condition=2; n0_source_days=0
era4tb,M. tuberculosis,standard,,moxifloxacin,10.0,xMIC,10.0,era4tb_D_MXF10x_r1,4.65321251377534,7.0,2.90308998699194,False,2.6020599913279625,plated_volume_uL=2.5; plating_condition=3; n0_source_days=0
era4tb,M. tuberculosis,standard,,moxifloxacin,10.0,xMIC,10.0,era4tb_D_MXF10x_r1,4.65321251377534,10.0,3.23044892137827,False,1.0,plated_volume_uL=100; plating_condition=0; n0_source_days=0
era4tb,M. tuberculosis,standard,,moxifloxacin,10.0,xMIC,10.0,era4tb_D_MXF10x_r1,4.65321251377534,10.0,3.0,False,2.0,plated_volume_uL=10; plating_condition=1; n0_source_days=0
era4tb,M. tuberculosis,standard,,moxifloxacin,10.0,xMIC,10.0,era4tb_D_MXF10x_r1,4.65321251377534,10.0,,False,2.0,plated_volume_uL=10; plating_condition=2; no_value_reported_not_censored; n0_source_days=0
era4tb,M. tuberculosis,standard,,moxifloxacin,10.0,xMIC,10.0,era4tb_D_MXF10x_r1,4.65321251377534,10.0,,False,2.6020599913279625,plated_volume_uL=2.5; plating_condition=3; no_value_reported_not_censored; n0_source_days=0
era4tb,M. tuberculosis,standard,,moxifloxacin,10.0,xMIC,10.0,era4tb_D_MXF10x_r1,4.65321251377534,14.0,3.04139268515822,False,1.0,plated_volume_uL=100; plating_condition=0; n0_source_days=0
era4tb,M. tuberculosis,standard,,moxifloxacin,10.0,xMIC,10.0,era4tb_D_MXF10x_r1,4.65321251377534,14.0,,False,2.0,plated_volume_uL=10; plating_condition=1; no_value_reported_not_censored; n0_source_days=0
era4tb,M. tuberculosis,standard,,moxifloxacin,10.0,xMIC,10.0,era4tb_D_MXF10x_r1,4.65321251377534,14.0,,False,2.0,plated_volume_uL=10; plating_condition=2; no_value_reported_not_censored; n0_source_days=0
era4tb,M. tuberculosis,standard,,moxifloxacin,10.0,xMIC,10.0,era4tb_D_MXF10x_r1,4.65321251377534,14.0,3.90308998699194,False,2.6020599913279625,plated_volume_uL=2.5; plating_condition=3; n0_source_days=0
era4tb,M. tuberculosis,standard,,moxifloxacin,10.0,xMIC,10.0,era4tb_D_MXF10x_r1,4.65321251377534,21.0,4.98227123303957,False,1.0,plated_volume_uL=100; plating_condition=0; n0_source_days=0
era4tb,M. tuberculosis,standard,,moxifloxacin,10.0,xMIC,10.0,era4tb_D_MXF10x_r1,4.65321251377534,21.0,4.60205999132796,False,2.0,plated_volume_uL=10; plating_condition=1; n0_source_days=0
era4tb,M. tuberculosis,standard,,moxifloxacin,10.0,xMIC,10.0,era4tb_D_MXF10x_r1,4.65321251377534,21.0,4.69897000433602,False,2.0,plated_volume_uL=10; plating_condition=2; n0_source_days=0
era4tb,M. tuberculosis,standard,,moxifloxacin,10.0,xMIC,10.0,era4tb_D_MXF10x_r1,4.65321251377534,21.0,4.60205999132796,False,2.6020599913279625,plated_volume_uL=2.5; plating_condition=3; n0_source_days=0
era4tb,M. tuberculosis,standard,,moxifloxacin,10.0,xMIC,10.0,era4tb_D_MXF10x_r2,4.42684910588809,0.0,4.70757017609794,False,1.0,"plated_volume_uL=100; plating_condition=0; n0_source_days=0,1"
era4tb,M. tuberculosis,standard,,moxifloxacin,10.0,xMIC,10.0,era4tb_D_MXF10x_r2,4.42684910588809,0.0,4.50514997831991,False,2.0,"plated_volume_uL=10; plating_condition=1; n0_source_days=0,1"
era4tb,M. tuberculosis,standard,,moxifloxacin,10.0,xMIC,10.0,era4tb_D_MXF10x_r2,4.42684910588809,0.0,4.39794000867204,False,2.0,"plated_volume_uL=10; plating_condition=2; n0_source_days=0,1"
era4tb,M. tuberculosis,standard,,moxifloxacin,10.0,xMIC,10.0,era4tb_D_MXF10x_r2,4.42684910588809,0.0,5.07918124604763,False,2.6020599913279625,"plated_volume_uL=2.5; plating_condition=3; n0_source_days=0,1"
era4tb,M. tuberculosis,standard,,moxifloxacin,10.0,xMIC,10.0,era4tb_D_MXF10x_r2,4.42684910588809,1.0,4.14612803567824,False,1.0,"plated_volume_uL=100; plating_condition=0; n0_source_days=0,1"
era4tb,M. tuberculosis,standard,,moxifloxacin,10.0,xMIC,10.0,era4tb_D_MXF10x_r2,4.42684910588809,1.0,4.30102999566398,False,2.0,"plated_volume_uL=10; plating_condition=1; n0_source_days=0,1"
era4tb,M. tuberculosis,standard,,moxifloxacin,10.0,xMIC,10.0,era4tb_D_MXF10x_r2,4.42684910588809,1.0,4.30102999566398,False,2.0,"plated_volume_uL=10; plating_condition=2; n0_source_days=0,1"
era4tb,M. tuberculosis,standard,,moxifloxacin,10.0,xMIC,10.0,era4tb_D_MXF10x_r2,4.42684910588809,1.0,4.38021124171161,False,2.6020599913279625,"plated_volume_uL=2.5; plating_condition=3; n0_source_days=0,1"
era4tb,M. tuberculosis,standard,,moxifloxacin,10.0,xMIC,10.0,era4tb_D_MXF10x_r2,4.42684910588809,2.0,3.67209785793572,False,2.0,"plated_volume_uL=10; plating_condition=1; n0_source_days=0,1"
era4tb,M. tuberculosis,standard,,moxifloxacin,10.0,xMIC,10.0,era4tb_D_MXF10x_r2,4.42684910588809,2.0,3.55630250076729,False,2.0,"plated_volume_uL=10; plating_condition=2; n0_source_days=0,1"
era4tb,M. tuberculosis,standard,,moxifloxacin,10.0,xMIC,10.0,era4tb_D_MXF10x_r2,4.42684910588809,2.0,4.20411998265593,False,2.6020599913279625,"plated_volume_uL=2.5; plating_condition=3; n0_source_days=0,1"
era4tb,M. tuberculosis,standard,,moxifloxacin,10.0,xMIC,10.0,era4tb_D_MXF10x_r2,4.42684910588809,3.0,3.65321251377534,False,1.0,"plated_volume_uL=100; plating_condition=0; n0_source_days=0,1"
era4tb,M. tuberculosis,standard,,moxifloxacin,10.0,xMIC,10.0,era4tb_D_MXF10x_r2,4.42684910588809,3.0,3.51851393987789,False,2.0,"plated_volume_uL=10; plating_condition=1; n0_source_days=0,1"
era4tb,M. tuberculosis,standard,,moxifloxacin,10.0,xMIC,10.0,era4tb_D_MXF10x_r2,4.42684910588809,3.0,3.47712125471966,False,2.0,"plated_volume_uL=10; plating_condition=2; n0_source_days=0,1"
era4tb,M. tuberculosis,standard,,moxifloxacin,10.0,xMIC,10.0,era4tb_D_MXF10x_r2,4.42684910588809,3.0,3.07918124604762,False,2.6020599913279625,"plated_volume_uL=2.5; plating_condition=3; n0_source_days=0,1"
era4tb,M. tuberculosis,standard,,moxifloxacin,10.0,xMIC,10.0,era4tb_D_MXF10x_r2,4.42684910588809,7.0,3.5910646070265,False,1.0,"plated_volume_uL=100; plating_condition=0; n0_source_days=0,1"
era4tb,M. tuberculosis,standard,,moxifloxacin,10.0,xMIC,10.0,era4tb_D_MXF10x_r2,4.42684910588809,7.0,2.47712125471966,False,2.0,"plated_volume_uL=10; plating_condition=1; n0_source_days=0,1"
era4tb,M. tuberculosis,standard,,moxifloxacin,10.0,xMIC,10.0,era4tb_D_MXF10x_r2,4.42684910588809,7.0,3.51851393987789,False,2.0,"plated_volume_uL=10; plating_condition=2; n0_source_days=0,1"
era4tb,M. tuberculosis,standard,,moxifloxacin,10.0,xMIC,10.0,era4tb_D_MXF10x_r2,4.42684910588809,7.0,4.38021124171161,False,2.6020599913279625,"plated_volume_uL=2.5; plating_condition=3; n0_source_days=0,1"
era4tb,M. tuberculosis,standard,,moxifloxacin,10.0,xMIC,10.0,era4tb_D_MXF10x_r2,4.42684910588809,10.0,3.30102999566398,False,1.0,"plated_volume_uL=100; plating_condition=0; n0_source_days=0,1"
era4tb,M. tuberculosis,standard,,moxifloxacin,10.0,xMIC,10.0,era4tb_D_MXF10x_r2,4.42684910588809,10.0,3.0,False,2.0,"plated_volume_uL=10; plating_condition=1; n0_source_days=0,1"
era4tb,M. tuberculosis,standard,,moxifloxacin,10.0,xMIC,10.0,era4tb_D_MXF10x_r2,4.42684910588809,10.0,3.0,False,2.0,"plated_volume_uL=10; plating_condition=2; n0_source_days=0,1"
era4tb,M. tuberculosis,standard,,moxifloxacin,10.0,xMIC,10.0,era4tb_D_MXF10x_r2,4.42684910588809,10.0,,False,2.6020599913279625,"plated_volume_uL=2.5; plating_condition=3; no_value_reported_not_censored; n0_source_days=0,1"
era4tb,M. tuberculosis,standard,,moxifloxacin,10.0,xMIC,10.0,era4tb_D_MXF10x_r2,4.42684910588809,14.0,2.95424250943932,False,1.0,"plated_volume_uL=100; plating_condition=0; n0_source_days=0,1"
era4tb,M. tuberculosis,standard,,moxifloxacin,10.0,xMIC,10.0,era4tb_D_MXF10x_r2,4.42684910588809,14.0,,False,2.0,"plated_volume_uL=10; plating_condition=1; no_value_reported_not_censored; n0_source_days=0,1"
era4tb,M. tuberculosis,standard,,moxifloxacin,10.0,xMIC,10.0,era4tb_D_MXF10x_r2,4.42684910588809,14.0,,False,2.0,"plated_volume_uL=10; plating_condition=2; no_value_reported_not_censored; n0_source_days=0,1"
era4tb,M. tuberculosis,standard,,moxifloxacin,10.0,xMIC,10.0,era4tb_D_MXF10x_r2,4.42684910588809,14.0,,True,2.6020599913279625,"plated_volume_uL=2.5; plating_condition=3; below_limit_of_quantification; n0_source_days=0,1; bql_contradicted_by_another_plating_of_same_sample_by_0.35_log10"
era4tb,M. tuberculosis,standard,,moxifloxacin,10.0,xMIC,10.0,era4tb_D_MXF10x_r2,4.42684910588809,21.0,3.95424250943932,False,1.0,"plated_volume_uL=100; plating_condition=0; n0_source_days=0,1"
era4tb,M. tuberculosis,standard,,moxifloxacin,10.0,xMIC,10.0,era4tb_D_MXF10x_r2,4.42684910588809,21.0,4.0,False,2.0,"plated_volume_uL=10; plating_condition=1; n0_source_days=0,1"
era4tb,M. tuberculosis,standard,,moxifloxacin,10.0,xMIC,10.0,era4tb_D_MXF10x_r2,4.42684910588809,21.0,,False,2.0,"plated_volume_uL=10; plating_condition=2; no_value_reported_not_censored; n0_source_days=0,1"
era4tb,M. tuberculosis,standard,,moxifloxacin,10.0,xMIC,10.0,era4tb_D_MXF10x_r2,4.42684910588809,21.0,,True,2.6020599913279625,"plated_volume_uL=2.5; plating_condition=3; below_limit_of_quantification; n0_source_days=0,1; bql_contradicted_by_another_plating_of_same_sample_by_1.4_log10"
era4tb,M. tuberculosis,standard,,moxifloxacin,10.0,xMIC,10.0,era4tb_D_MXF10x_r3,4.58187876199098,0.0,4.73239375982297,False,1.0,"plated_volume_uL=100; plating_condition=0; n0_source_days=0,1"
era4tb,M. tuberculosis,standard,,moxifloxacin,10.0,xMIC,10.0,era4tb_D_MXF10x_r3,4.58187876199098,0.0,4.44715803134222,False,2.0,"plated_volume_uL=10; plating_condition=1; n0_source_days=0,1"
era4tb,M. tuberculosis,standard,,moxifloxacin,10.0,xMIC,10.0,era4tb_D_MXF10x_r3,4.58187876199098,0.0,4.47712125471966,False,2.0,"plated_volume_uL=10; plating_condition=2; n0_source_days=0,1"
era4tb,M. tuberculosis,standard,,moxifloxacin,10.0,xMIC,10.0,era4tb_D_MXF10x_r3,4.58187876199098,0.0,,True,2.6020599913279625,"plated_volume_uL=2.5; plating_condition=3; below_limit_of_quantification; n0_source_days=0,1; bql_contradicted_by_another_plating_of_same_sample_by_2.13_log10"
era4tb,M. tuberculosis,standard,,moxifloxacin,10.0,xMIC,10.0,era4tb_D_MXF10x_r3,4.58187876199098,1.0,4.43136376415899,False,1.0,"plated_volume_uL=100; plating_condition=0; n0_source_days=0,1"
era4tb,M. tuberculosis,standard,,moxifloxacin,10.0,xMIC,10.0,era4tb_D_MXF10x_r3,4.58187876199098,1.0,4.23044892137827,False,2.0,"plated_volume_uL=10; plating_condition=1; n0_source_days=0,1"
era4tb,M. tuberculosis,standard,,moxifloxacin,10.0,xMIC,10.0,era4tb_D_MXF10x_r3,4.58187876199098,1.0,4.23044892137827,False,2.0,"plated_volume_uL=10; plating_condition=2; n0_source_days=0,1"
era4tb,M. tuberculosis,standard,,moxifloxacin,10.0,xMIC,10.0,era4tb_D_MXF10x_r3,4.58187876199098,1.0,4.60205999132796,False,2.6020599913279625,"plated_volume_uL=2.5; plating_condition=3; n0_source_days=0,1"
era4tb,M. tuberculosis,standard,,moxifloxacin,10.0,xMIC,10.0,era4tb_D_MXF10x_r3,4.58187876199098,2.0,3.66275783168157,False,2.0,"plated_volume_uL=10; plating_condition=1; n0_source_days=0,1"
era4tb,M. tuberculosis,standard,,moxifloxacin,10.0,xMIC,10.0,era4tb_D_MXF10x_r3,4.58187876199098,2.0,3.55630250076729,False,2.0,"plated_volume_uL=10; plating_condition=2; n0_source_days=0,1"
era4tb,M. tuberculosis,standard,,moxifloxacin,10.0,xMIC,10.0,era4tb_D_MXF10x_r3,4.58187876199098,2.0,4.20411998265593,False,2.6020599913279625,"plated_volume_uL=2.5; plating_condition=3; n0_source_days=0,1"
era4tb,M. tuberculosis,standard,,moxifloxacin,10.0,xMIC,10.0,era4tb_D_MXF10x_r3,4.58187876199098,3.0,3.69019608002851,False,1.0,"plated_volume_uL=100; plating_condition=0; n0_source_days=0,1"
era4tb,M. tuberculosis,standard,,moxifloxacin,10.0,xMIC,10.0,era4tb_D_MXF10x_r3,4.58187876199098,3.0,3.27875360095283,False,2.0,"plated_volume_uL=10; plating_condition=1; n0_source_days=0,1"
era4tb,M. tuberculosis,standard,,moxifloxacin,10.0,xMIC,10.0,era4tb_D_MXF10x_r3,4.58187876199098,3.0,3.30102999566398,False,2.0,"plated_volume_uL=10; plating_condition=2; n0_source_days=0,1"
era4tb,M. tuberculosis,standard,,moxifloxacin,10.0,xMIC,10.0,era4tb_D_MXF10x_r3,4.58187876199098,3.0,3.83250891270624,False,2.6020599913279625,"plated_volume_uL=2.5; plating_condition=3; n0_source_days=0,1"
era4tb,M. tuberculosis,standard,,moxifloxacin,10.0,xMIC,10.0,era4tb_D_MXF10x_r3,4.58187876199098,7.0,3.72427586960079,False,1.0,"plated_volume_uL=100; plating_condition=0; n0_source_days=0,1"
era4tb,M. tuberculosis,standard,,moxifloxacin,10.0,xMIC,10.0,era4tb_D_MXF10x_r3,4.58187876199098,7.0,2.69897000433602,False,2.0,"plated_volume_uL=10; plating_condition=1; n0_source_days=0,1"
era4tb,M. tuberculosis,standard,,moxifloxacin,10.0,xMIC,10.0,era4tb_D_MXF10x_r3,4.58187876199098,7.0,3.60205999132796,False,2.0,"plated_volume_uL=10; plating_condition=2; n0_source_days=0,1"
era4tb,M. tuberculosis,standard,,moxifloxacin,10.0,xMIC,10.0,era4tb_D_MXF10x_r3,4.58187876199098,7.0,3.38021124171161,False,2.6020599913279625,"plated_volume_uL=2.5; plating_condition=3; n0_source_days=0,1"
era4tb,M. tuberculosis,standard,,moxifloxacin,10.0,xMIC,10.0,era4tb_D_MXF10x_r3,4.58187876199098,10.0,3.14612803567824,False,1.0,"plated_volume_uL=100; plating_condition=0; n0_source_days=0,1"
era4tb,M. tuberculosis,standard,,moxifloxacin,10.0,xMIC,10.0,era4tb_D_MXF10x_r3,4.58187876199098,10.0,3.30102999566398,False,2.0,"plated_volume_uL=10; plating_condition=1; n0_source_days=0,1"
era4tb,M. tuberculosis,standard,,moxifloxacin,10.0,xMIC,10.0,era4tb_D_MXF10x_r3,4.58187876199098,10.0,3.0,False,2.0,"plated_volume_uL=10; plating_condition=2; n0_source_days=0,1"
era4tb,M. tuberculosis,standard,,moxifloxacin,10.0,xMIC,10.0,era4tb_D_MXF10x_r3,4.58187876199098,10.0,,False,2.6020599913279625,"plated_volume_uL=2.5; plating_condition=3; no_value_reported_not_censored; n0_source_days=0,1"
era4tb,M. tuberculosis,standard,,moxifloxacin,10.0,xMIC,10.0,era4tb_D_MXF10x_r3,4.58187876199098,14.0,2.95424250943932,False,1.0,"plated_volume_uL=100; plating_condition=0; n0_source_days=0,1"
era4tb,M. tuberculosis,standard,,moxifloxacin,10.0,xMIC,10.0,era4tb_D_MXF10x_r3,4.58187876199098,14.0,,False,2.0,"plated_volume_uL=10; plating_condition=1; no_value_reported_not_censored; n0_source_days=0,1"
era4tb,M. tuberculosis,standard,,moxifloxacin,10.0,xMIC,10.0,era4tb_D_MXF10x_r3,4.58187876199098,14.0,,False,2.0,"plated_volume_uL=10; plating_condition=2; no_value_reported_not_censored; n0_source_days=0,1"
era4tb,M. tuberculosis,standard,,moxifloxacin,10.0,xMIC,10.0,era4tb_D_MXF10x_r3,4.58187876199098,14.0,3.60205999132796,False,2.6020599913279625,"plated_volume_uL=2.5; plating_condition=3; n0_source_days=0,1"
era4tb,M. tuberculosis,standard,,moxifloxacin,10.0,xMIC,10.0,era4tb_D_MXF10x_r3,4.58187876199098,21.0,4.88649072517248,False,1.0,"plated_volume_uL=100; plating_condition=0; n0_source_days=0,1"
era4tb,M. tuberculosis,standard,,moxifloxacin,10.0,xMIC,10.0,era4tb_D_MXF10x_r3,4.58187876199098,21.0,4.90308998699194,False,2.0,"plated_volume_uL=10; plating_condition=1; n0_source_days=0,1"
era4tb,M. tuberculosis,standard,,moxifloxacin,10.0,xMIC,10.0,era4tb_D_MXF10x_r3,4.58187876199098,21.0,4.95424250943933,False,2.0,"plated_volume_uL=10; plating_condition=2; n0_source_days=0,1"
era4tb,M. tuberculosis,standard,,moxifloxacin,10.0,xMIC,10.0,era4tb_D_MXF10x_r3,4.58187876199098,21.0,5.20411998265593,False,2.6020599913279625,"plated_volume_uL=2.5; plating_condition=3; n0_source_days=0,1"
era4tb,M. tuberculosis,standard,,moxifloxacin,1.0,xMIC,1.0,era4tb_D_MXF1x_r1,4.79553230351325,0.0,4.81291335664286,False,1.0,"plated_volume_uL=100; plating_condition=0; n0_source_days=0,1"
era4tb,M. tuberculosis,standard,,moxifloxacin,1.0,xMIC,1.0,era4tb_D_MXF1x_r1,4.79553230351325,0.0,4.60205999132796,False,2.0,"plated_volume_uL=10; plating_condition=1; n0_source_days=0,1"
era4tb,M. tuberculosis,standard,,moxifloxacin,1.0,xMIC,1.0,era4tb_D_MXF1x_r1,4.79553230351325,0.0,,False,2.0,"plated_volume_uL=10; plating_condition=2; no_value_reported_not_censored; n0_source_days=0,1"
era4tb,M. tuberculosis,standard,,moxifloxacin,1.0,xMIC,1.0,era4tb_D_MXF1x_r1,4.79553230351325,0.0,4.90308998699194,False,2.6020599913279625,"plated_volume_uL=2.5; plating_condition=3; n0_source_days=0,1"
era4tb,M. tuberculosis,standard,,moxifloxacin,1.0,xMIC,1.0,era4tb_D_MXF1x_r1,4.79553230351325,1.0,4.77815125038364,False,1.0,"plated_volume_uL=100; plating_condition=0; n0_source_days=0,1"
era4tb,M. tuberculosis,standard,,moxifloxacin,1.0,xMIC,1.0,era4tb_D_MXF1x_r1,4.79553230351325,1.0,5.0,False,2.0,"plated_volume_uL=10; plating_condition=1; n0_source_days=0,1"
era4tb,M. tuberculosis,standard,,moxifloxacin,1.0,xMIC,1.0,era4tb_D_MXF1x_r1,4.79553230351325,1.0,5.0,False,2.0,"plated_volume_uL=10; plating_condition=2; n0_source_days=0,1"
era4tb,M. tuberculosis,standard,,moxifloxacin,1.0,xMIC,1.0,era4tb_D_MXF1x_r1,4.79553230351325,1.0,5.07918124604763,False,2.6020599913279625,"plated_volume_uL=2.5; plating_condition=3; n0_source_days=0,1"
era4tb,M. tuberculosis,standard,,moxifloxacin,1.0,xMIC,1.0,era4tb_D_MXF1x_r1,4.79553230351325,2.0,5.04139268515823,False,2.0,"plated_volume_uL=10; plating_condition=1; n0_source_days=0,1"
era4tb,M. tuberculosis,standard,,moxifloxacin,1.0,xMIC,1.0,era4tb_D_MXF1x_r1,4.79553230351325,2.0,5.17609125905568,False,2.0,"plated_volume_uL=10; plating_condition=2; n0_source_days=0,1"
era4tb,M. tuberculosis,standard,,moxifloxacin,1.0,xMIC,1.0,era4tb_D_MXF1x_r1,4.79553230351325,2.0,5.20411998265593,False,2.6020599913279625,"plated_volume_uL=2.5; plating_condition=3; n0_source_days=0,1"
era4tb,M. tuberculosis,standard,,moxifloxacin,1.0,xMIC,1.0,era4tb_D_MXF1x_r1,4.79553230351325,3.0,5.69019608002851,False,1.0,"plated_volume_uL=100; plating_condition=0; n0_source_days=0,1"
era4tb,M. tuberculosis,standard,,moxifloxacin,1.0,xMIC,1.0,era4tb_D_MXF1x_r1,4.79553230351325,3.0,5.85733249643127,False,2.0,"plated_volume_uL=10; plating_condition=1; n0_source_days=0,1"
era4tb,M. tuberculosis,standard,,moxifloxacin,1.0,xMIC,1.0,era4tb_D_MXF1x_r1,4.79553230351325,3.0,5.76342799356294,False,2.0,"plated_volume_uL=10; plating_condition=2; n0_source_days=0,1"
era4tb,M. tuberculosis,standard,,moxifloxacin,1.0,xMIC,1.0,era4tb_D_MXF1x_r1,4.79553230351325,3.0,5.30102999566398,False,2.6020599913279625,"plated_volume_uL=2.5; plating_condition=3; n0_source_days=0,1"
era4tb,M. tuberculosis,standard,,moxifloxacin,1.0,xMIC,1.0,era4tb_D_MXF1x_r1,4.79553230351325,7.0,6.04532297878666,False,1.0,"plated_volume_uL=100; plating_condition=0; n0_source_days=0,1"
era4tb,M. tuberculosis,standard,,moxifloxacin,1.0,xMIC,1.0,era4tb_D_MXF1x_r1,4.79553230351325,7.0,6.0,False,2.0,"plated_volume_uL=10; plating_condition=1; n0_source_days=0,1"
era4tb,M. tuberculosis,standard,,moxifloxacin,1.0,xMIC,1.0,era4tb_D_MXF1x_r1,4.79553230351325,7.0,6.0,False,2.0,"plated_volume_uL=10; plating_condition=2; n0_source_days=0,1"
era4tb,M. tuberculosis,standard,,moxifloxacin,1.0,xMIC,1.0,era4tb_D_MXF1x_r1,4.79553230351325,7.0,5.60205999132796,False,2.6020599913279625,"plated_volume_uL=2.5; plating_condition=3; n0_source_days=0,1"
era4tb,M. tuberculosis,standard,,moxifloxacin,1.0,xMIC,1.0,era4tb_D_MXF1x_r1,4.79553230351325,10.0,5.30102999566398,False,1.0,"plated_volume_uL=100; plating_condition=0; n0_source_days=0,1"
era4tb,M. tuberculosis,standard,,moxifloxacin,1.0,xMIC,1.0,era4tb_D_MXF1x_r1,4.79553230351325,10.0,5.34242268082221,False,2.0,"plated_volume_uL=10; plating_condition=1; n0_source_days=0,1"
era4tb,M. tuberculosis,standard,,moxifloxacin,1.0,xMIC,1.0,era4tb_D_MXF1x_r1,4.79553230351325,10.0,5.32221929473392,False,2.0,"plated_volume_uL=10; plating_condition=2; n0_source_days=0,1"
era4tb,M. tuberculosis,standard,,moxifloxacin,1.0,xMIC,1.0,era4tb_D_MXF1x_r1,4.79553230351325,10.0,5.60205999132796,False,2.6020599913279625,"plated_volume_uL=2.5; plating_condition=3; n0_source_days=0,1"
era4tb,M. tuberculosis,standard,,moxifloxacin,1.0,xMIC,1.0,era4tb_D_MXF1x_r1,4.79553230351325,14.0,5.81291335664286,False,1.0,"plated_volume_uL=100; plating_condition=0; n0_source_days=0,1"
era4tb,M. tuberculosis,standard,,moxifloxacin,1.0,xMIC,1.0,era4tb_D_MXF1x_r1,4.79553230351325,14.0,5.70757017609794,False,2.0,"plated_volume_uL=10; plating_condition=1; n0_source_days=0,1"
era4tb,M. tuberculosis,standard,,moxifloxacin,1.0,xMIC,1.0,era4tb_D_MXF1x_r1,4.79553230351325,14.0,5.90308998699194,False,2.0,"plated_volume_uL=10; plating_condition=2; n0_source_days=0,1"
era4tb,M. tuberculosis,standard,,moxifloxacin,1.0,xMIC,1.0,era4tb_D_MXF1x_r1,4.79553230351325,14.0,,True,2.6020599913279625,"plated_volume_uL=2.5; plating_condition=3; below_limit_of_quantification; n0_source_days=0,1; bql_contradicted_by_another_plating_of_same_sample_by_3.3_log10"
era4tb,M. tuberculosis,standard,,moxifloxacin,1.0,xMIC,1.0,era4tb_D_MXF1x_r1,4.79553230351325,21.0,6.47712125471966,False,1.0,"plated_volume_uL=100; plating_condition=0; n0_source_days=0,1"
era4tb,M. tuberculosis,standard,,moxifloxacin,1.0,xMIC,1.0,era4tb_D_MXF1x_r1,4.79553230351325,21.0,6.07918124604763,False,2.0,"plated_volume_uL=10; plating_condition=1; n0_source_days=0,1"
era4tb,M. tuberculosis,standard,,moxifloxacin,1.0,xMIC,1.0,era4tb_D_MXF1x_r1,4.79553230351325,21.0,5.77815125038364,False,2.0,"plated_volume_uL=10; plating_condition=2; n0_source_days=0,1"
era4tb,M. tuberculosis,standard,,moxifloxacin,1.0,xMIC,1.0,era4tb_D_MXF1x_r1,4.79553230351325,21.0,6.20411998265593,False,2.6020599913279625,"plated_volume_uL=2.5; plating_condition=3; n0_source_days=0,1"
era4tb,M. tuberculosis,standard,,moxifloxacin,1.0,xMIC,1.0,era4tb_D_MXF1x_r2,4.818994890392339,0.0,4.74036268949424,False,1.0,"plated_volume_uL=100; plating_condition=0; n0_source_days=0,1"
era4tb,M. tuberculosis,standard,,moxifloxacin,1.0,xMIC,1.0,era4tb_D_MXF1x_r2,4.818994890392339,0.0,4.55630250076729,False,2.0,"plated_volume_uL=10; plating_condition=1; n0_source_days=0,1"
era4tb,M. tuberculosis,standard,,moxifloxacin,1.0,xMIC,1.0,era4tb_D_MXF1x_r2,4.818994890392339,0.0,4.47712125471966,False,2.0,"plated_volume_uL=10; plating_condition=2; n0_source_days=0,1"
era4tb,M. tuberculosis,standard,,moxifloxacin,1.0,xMIC,1.0,era4tb_D_MXF1x_r2,4.818994890392339,0.0,4.60205999132796,False,2.6020599913279625,"plated_volume_uL=2.5; plating_condition=3; n0_source_days=0,1"
era4tb,M. tuberculosis,standard,,moxifloxacin,1.0,xMIC,1.0,era4tb_D_MXF1x_r2,4.818994890392339,1.0,4.89762709129044,False,1.0,"plated_volume_uL=100; plating_condition=0; n0_source_days=0,1"
era4tb,M. tuberculosis,standard,,moxifloxacin,1.0,xMIC,1.0,era4tb_D_MXF1x_r2,4.818994890392339,1.0,4.64345267648619,False,2.0,"plated_volume_uL=10; plating_condition=1; n0_source_days=0,1"
era4tb,M. tuberculosis,standard,,moxifloxacin,1.0,xMIC,1.0,era4tb_D_MXF1x_r2,4.818994890392339,1.0,4.0,False,2.0,"plated_volume_uL=10; plating_condition=2; n0_source_days=0,1"
era4tb,M. tuberculosis,standard,,moxifloxacin,1.0,xMIC,1.0,era4tb_D_MXF1x_r2,4.818994890392339,1.0,5.90308998699194,False,2.6020599913279625,"plated_volume_uL=2.5; plating_condition=3; n0_source_days=0,1"
era4tb,M. tuberculosis,standard,,moxifloxacin,1.0,xMIC,1.0,era4tb_D_MXF1x_r2,4.818994890392339,2.0,5.04139268515823,False,2.0,"plated_volume_uL=10; plating_condition=1; n0_source_days=0,1"
era4tb,M. tuberculosis,standard,,moxifloxacin,1.0,xMIC,1.0,era4tb_D_MXF1x_r2,4.818994890392339,2.0,5.0,False,2.0,"plated_volume_uL=10; plating_condition=2; n0_source_days=0,1"
era4tb,M. tuberculosis,standard,,moxifloxacin,1.0,xMIC,1.0,era4tb_D_MXF1x_r2,4.818994890392339,2.0,4.60205999132796,False,2.6020599913279625,"plated_volume_uL=2.5; plating_condition=3; n0_source_days=0,1"
era4tb,M. tuberculosis,standard,,moxifloxacin,1.0,xMIC,1.0,era4tb_D_MXF1x_r2,4.818994890392339,3.0,,False,1.0,"plated_volume_uL=100; plating_condition=0; no_value_reported_not_censored; n0_source_days=0,1"
era4tb,M. tuberculosis,standard,,moxifloxacin,1.0,xMIC,1.0,era4tb_D_MXF1x_r2,4.818994890392339,3.0,5.39794000867204,False,2.0,"plated_volume_uL=10; plating_condition=1; n0_source_days=0,1"
era4tb,M. tuberculosis,standard,,moxifloxacin,1.0,xMIC,1.0,era4tb_D_MXF1x_r2,4.818994890392339,3.0,5.25527250510331,False,2.0,"plated_volume_uL=10; plating_condition=2; n0_source_days=0,1"
era4tb,M. tuberculosis,standard,,moxifloxacin,1.0,xMIC,1.0,era4tb_D_MXF1x_r2,4.818994890392339,3.0,5.50514997831991,False,2.6020599913279625,"plated_volume_uL=2.5; plating_condition=3; n0_source_days=0,1"
era4tb,M. tuberculosis,standard,,moxifloxacin,1.0,xMIC,1.0,era4tb_D_MXF1x_r2,4.818994890392339,7.0,6.00432137378264,False,1.0,"plated_volume_uL=100; plating_condition=0; n0_source_days=0,1"
era4tb,M. tuberculosis,standard,,moxifloxacin,1.0,xMIC,1.0,era4tb_D_MXF1x_r2,4.818994890392339,7.0,6.27875360095283,False,2.0,"plated_volume_uL=10; plating_condition=1; n0_source_days=0,1"
era4tb,M. tuberculosis,standard,,moxifloxacin,1.0,xMIC,1.0,era4tb_D_MXF1x_r2,4.818994890392339,7.0,6.32221929473392,False,2.0,"plated_volume_uL=10; plating_condition=2; n0_source_days=0,1"
era4tb,M. tuberculosis,standard,,moxifloxacin,1.0,xMIC,1.0,era4tb_D_MXF1x_r2,4.818994890392339,7.0,6.07918124604763,False,2.6020599913279625,"plated_volume_uL=2.5; plating_condition=3; n0_source_days=0,1"
era4tb,M. tuberculosis,standard,,moxifloxacin,1.0,xMIC,1.0,era4tb_D_MXF1x_r2,4.818994890392339,10.0,5.44715803134222,False,1.0,"plated_volume_uL=100; plating_condition=0; n0_source_days=0,1"
era4tb,M. tuberculosis,standard,,moxifloxacin,1.0,xMIC,1.0,era4tb_D_MXF1x_r2,4.818994890392339,10.0,5.55630250076729,False,2.0,"plated_volume_uL=10; plating_condition=1; n0_source_days=0,1"
era4tb,M. tuberculosis,standard,,moxifloxacin,1.0,xMIC,1.0,era4tb_D_MXF1x_r2,4.818994890392339,10.0,5.38021124171161,False,2.0,"plated_volume_uL=10; plating_condition=2; n0_source_days=0,1"
era4tb,M. tuberculosis,standard,,moxifloxacin,1.0,xMIC,1.0,era4tb_D_MXF1x_r2,4.818994890392339,10.0,5.30102999566398,False,2.6020599913279625,"plated_volume_uL=2.5; plating_condition=3; n0_source_days=0,1"
era4tb,M. tuberculosis,standard,,moxifloxacin,1.0,xMIC,1.0,era4tb_D_MXF1x_r2,4.818994890392339,14.0,5.91381385238372,False,1.0,"plated_volume_uL=100; plating_condition=0; n0_source_days=0,1"
era4tb,M. tuberculosis,standard,,moxifloxacin,1.0,xMIC,1.0,era4tb_D_MXF1x_r2,4.818994890392339,14.0,5.7481880270062,False,2.0,"plated_volume_uL=10; plating_condition=1; n0_source_days=0,1"
era4tb,M. tuberculosis,standard,,moxifloxacin,1.0,xMIC,1.0,era4tb_D_MXF1x_r2,4.818994890392339,14.0,5.84509804001426,False,2.0,"plated_volume_uL=10; plating_condition=2; n0_source_days=0,1"
era4tb,M. tuberculosis,standard,,moxifloxacin,1.0,xMIC,1.0,era4tb_D_MXF1x_r2,4.818994890392339,14.0,,True,2.6020599913279625,"plated_volume_uL=2.5; plating_condition=3; below_limit_of_quantification; n0_source_days=0,1; bql_contradicted_by_another_plating_of_same_sample_by_3.31_log10"
era4tb,M. tuberculosis,standard,,moxifloxacin,1.0,xMIC,1.0,era4tb_D_MXF1x_r2,4.818994890392339,21.0,7.04921802267018,False,1.0,"plated_volume_uL=100; plating_condition=0; n0_source_days=0,1"
era4tb,M. tuberculosis,standard,,moxifloxacin,1.0,xMIC,1.0,era4tb_D_MXF1x_r2,4.818994890392339,21.0,5.84509804001426,False,2.0,"plated_volume_uL=10; plating_condition=1; n0_source_days=0,1"
era4tb,M. tuberculosis,standard,,moxifloxacin,1.0,xMIC,1.0,era4tb_D_MXF1x_r2,4.818994890392339,21.0,6.23044892137827,False,2.0,"plated_volume_uL=10; plating_condition=2; n0_source_days=0,1"
era4tb,M. tuberculosis,standard,,moxifloxacin,1.0,xMIC,1.0,era4tb_D_MXF1x_r2,4.818994890392339,21.0,,True,2.6020599913279625,"plated_volume_uL=2.5; plating_condition=3; below_limit_of_quantification; n0_source_days=0,1; bql_contradicted_by_another_plating_of_same_sample_by_4.45_log10"
era4tb,M. tuberculosis,standard,,moxifloxacin,1.0,xMIC,1.0,era4tb_D_MXF1x_r3,4.91381385238372,0.0,4.91381385238372,False,1.0,plated_volume_uL=100; plating_condition=0; n0_source_days=0
era4tb,M. tuberculosis,standard,,moxifloxacin,1.0,xMIC,1.0,era4tb_D_MXF1x_r3,4.91381385238372,0.0,4.47712125471966,False,2.0,plated_volume_uL=10; plating_condition=1; n0_source_days=0
era4tb,M. tuberculosis,standard,,moxifloxacin,1.0,xMIC,1.0,era4tb_D_MXF1x_r3,4.91381385238372,0.0,4.69897000433602,False,2.0,plated_volume_uL=10; plating_condition=2; n0_source_days=0
era4tb,M. tuberculosis,standard,,moxifloxacin,1.0,xMIC,1.0,era4tb_D_MXF1x_r3,4.91381385238372,0.0,4.60205999132796,False,2.6020599913279625,plated_volume_uL=2.5; plating_condition=3; n0_source_days=0
era4tb,M. tuberculosis,standard,,moxifloxacin,1.0,xMIC,1.0,era4tb_D_MXF1x_r3,4.91381385238372,1.0,,False,1.0,plated_volume_uL=100; plating_condition=0; no_value_reported_not_censored; n0_source_days=0
era4tb,M. tuberculosis,standard,,moxifloxacin,1.0,xMIC,1.0,era4tb_D_MXF1x_r3,4.91381385238372,1.0,4.5910646070265,False,2.0,plated_volume_uL=10; plating_condition=1; n0_source_days=0
era4tb,M. tuberculosis,standard,,moxifloxacin,1.0,xMIC,1.0,era4tb_D_MXF1x_r3,4.91381385238372,1.0,3.60205999132796,False,2.0,plated_volume_uL=10; plating_condition=2; n0_source_days=0
era4tb,M. tuberculosis,standard,,moxifloxacin,1.0,xMIC,1.0,era4tb_D_MXF1x_r3,4.91381385238372,1.0,5.60205999132796,False,2.6020599913279625,plated_volume_uL=2.5; plating_condition=3; n0_source_days=0
era4tb,M. tuberculosis,standard,,moxifloxacin,1.0,xMIC,1.0,era4tb_D_MXF1x_r3,4.91381385238372,2.0,4.95424250943933,False,2.0,plated_volume_uL=10; plating_condition=1; n0_source_days=0
era4tb,M. tuberculosis,standard,,moxifloxacin,1.0,xMIC,1.0,era4tb_D_MXF1x_r3,4.91381385238372,2.0,4.69897000433602,False,2.0,plated_volume_uL=10; plating_condition=2; n0_source_days=0
era4tb,M. tuberculosis,standard,,moxifloxacin,1.0,xMIC,1.0,era4tb_D_MXF1x_r3,4.91381385238372,2.0,5.07918124604763,False,2.6020599913279625,plated_volume_uL=2.5; plating_condition=3; n0_source_days=0
era4tb,M. tuberculosis,standard,,moxifloxacin,1.0,xMIC,1.0,era4tb_D_MXF1x_r3,4.91381385238372,3.0,5.88081359228079,False,1.0,plated_volume_uL=100; plating_condition=0; n0_source_days=0
era4tb,M. tuberculosis,standard,,moxifloxacin,1.0,xMIC,1.0,era4tb_D_MXF1x_r3,4.91381385238372,3.0,5.30102999566398,False,2.0,plated_volume_uL=10; plating_condition=1; n0_source_days=0
era4tb,M. tuberculosis,standard,,moxifloxacin,1.0,xMIC,1.0,era4tb_D_MXF1x_r3,4.91381385238372,3.0,5.41497334797082,False,2.0,plated_volume_uL=10; plating_condition=2; n0_source_days=0
era4tb,M. tuberculosis,standard,,moxifloxacin,1.0,xMIC,1.0,era4tb_D_MXF1x_r3,4.91381385238372,3.0,5.30102999566398,False,2.6020599913279625,plated_volume_uL=2.5; plating_condition=3; n0_source_days=0
era4tb,M. tuberculosis,standard,,moxifloxacin,1.0,xMIC,1.0,era4tb_D_MXF1x_r3,4.91381385238372,7.0,,False,1.0,plated_volume_uL=100; plating_condition=0; no_value_reported_not_censored; n0_source_days=0
era4tb,M. tuberculosis,standard,,moxifloxacin,1.0,xMIC,1.0,era4tb_D_MXF1x_r3,4.91381385238372,7.0,,False,2.0,plated_volume_uL=10; plating_condition=1; no_value_reported_not_censored; n0_source_days=0
era4tb,M. tuberculosis,standard,,moxifloxacin,1.0,xMIC,1.0,era4tb_D_MXF1x_r3,4.91381385238372,7.0,6.0,False,2.0,plated_volume_uL=10; plating_condition=2; n0_source_days=0
era4tb,M. tuberculosis,standard,,moxifloxacin,1.0,xMIC,1.0,era4tb_D_MXF1x_r3,4.91381385238372,7.0,6.07918124604763,False,2.6020599913279625,plated_volume_uL=2.5; plating_condition=3; n0_source_days=0
era4tb,M. tuberculosis,standard,,moxifloxacin,1.0,xMIC,1.0,era4tb_D_MXF1x_r3,4.91381385238372,10.0,5.79934054945358,False,1.0,plated_volume_uL=100; plating_condition=0; n0_source_days=0
era4tb,M. tuberculosis,standard,,moxifloxacin,1.0,xMIC,1.0,era4tb_D_MXF1x_r3,4.91381385238372,10.0,5.5910646070265,False,2.0,plated_volume_uL=10; plating_condition=1; n0_source_days=0
era4tb,M. tuberculosis,standard,,moxifloxacin,1.0,xMIC,1.0,era4tb_D_MXF1x_r3,4.91381385238372,10.0,5.43136376415899,False,2.0,plated_volume_uL=10; plating_condition=2; n0_source_days=0
era4tb,M. tuberculosis,standard,,moxifloxacin,1.0,xMIC,1.0,era4tb_D_MXF1x_r3,4.91381385238372,10.0,5.7160033436348,False,2.6020599913279625,plated_volume_uL=2.5; plating_condition=3; n0_source_days=0
era4tb,M. tuberculosis,standard,,moxifloxacin,1.0,xMIC,1.0,era4tb_D_MXF1x_r3,4.91381385238372,14.0,6.13033376849501,False,1.0,plated_volume_uL=100; plating_condition=0; n0_source_days=0
era4tb,M. tuberculosis,standard,,moxifloxacin,1.0,xMIC,1.0,era4tb_D_MXF1x_r3,4.91381385238372,14.0,,False,2.0,plated_volume_uL=10; plating_condition=1; no_value_reported_not_censored; n0_source_days=0
era4tb,M. tuberculosis,standard,,moxifloxacin,1.0,xMIC,1.0,era4tb_D_MXF1x_r3,4.91381385238372,14.0,6.11394335230684,False,2.0,plated_volume_uL=10; plating_condition=2; n0_source_days=0
era4tb,M. tuberculosis,standard,,moxifloxacin,1.0,xMIC,1.0,era4tb_D_MXF1x_r3,4.91381385238372,14.0,5.90308998699194,False,2.6020599913279625,plated_volume_uL=2.5; plating_condition=3; n0_source_days=0
era4tb,M. tuberculosis,standard,,moxifloxacin,1.0,xMIC,1.0,era4tb_D_MXF1x_r3,4.91381385238372,21.0,6.17609125905568,False,1.0,plated_volume_uL=100; plating_condition=0; n0_source_days=0
era4tb,M. tuberculosis,standard,,moxifloxacin,1.0,xMIC,1.0,era4tb_D_MXF1x_r3,4.91381385238372,21.0,6.34242268082221,False,2.0,plated_volume_uL=10; plating_condition=1; n0_source_days=0
era4tb,M. tuberculosis,standard,,moxifloxacin,1.0,xMIC,1.0,era4tb_D_MXF1x_r3,4.91381385238372,21.0,6.27875360095283,False,2.0,plated_volume_uL=10; plating_condition=2; n0_source_days=0
era4tb,M. tuberculosis,standard,,moxifloxacin,1.0,xMIC,1.0,era4tb_D_MXF1x_r3,4.91381385238372,21.0,6.07918124604763,False,2.6020599913279625,plated_volume_uL=2.5; plating_condition=3; n0_source_days=0
era4tb,M. tuberculosis,standard,,none,0.0,xMIC,0.0,era4tb_D_untreated_r1,4.56820172406699,0.0,4.56820172406699,False,1.0,plated_volume_uL=100; plating_condition=0; n0_source_days=0
era4tb,M. tuberculosis,standard,,none,0.0,xMIC,0.0,era4tb_D_untreated_r1,4.56820172406699,0.0,4.47712125471966,False,2.0,plated_volume_uL=10; plating_condition=1; n0_source_days=0
era4tb,M. tuberculosis,standard,,none,0.0,xMIC,0.0,era4tb_D_untreated_r1,4.56820172406699,0.0,4.36172783601759,False,2.0,plated_volume_uL=10; plating_condition=2; n0_source_days=0
era4tb,M. tuberculosis,standard,,none,0.0,xMIC,0.0,era4tb_D_untreated_r1,4.56820172406699,0.0,4.90308998699194,False,2.6020599913279625,plated_volume_uL=2.5; plating_condition=3; n0_source_days=0
era4tb,M. tuberculosis,standard,,none,0.0,xMIC,0.0,era4tb_D_untreated_r1,4.56820172406699,1.0,,False,1.0,plated_volume_uL=100; plating_condition=0; no_value_reported_not_censored; n0_source_days=0
era4tb,M. tuberculosis,standard,,none,0.0,xMIC,0.0,era4tb_D_untreated_r1,4.56820172406699,1.0,5.47712125471966,False,2.0,plated_volume_uL=10; plating_condition=1; n0_source_days=0
era4tb,M. tuberculosis,standard,,none,0.0,xMIC,0.0,era4tb_D_untreated_r1,4.56820172406699,1.0,4.84509804001426,False,2.0,plated_volume_uL=10; plating_condition=2; n0_source_days=0
era4tb,M. tuberculosis,standard,,none,0.0,xMIC,0.0,era4tb_D_untreated_r1,4.56820172406699,1.0,5.44715803134222,False,2.6020599913279625,plated_volume_uL=2.5; plating_condition=3; n0_source_days=0
era4tb,M. tuberculosis,standard,,none,0.0,xMIC,0.0,era4tb_D_untreated_r1,4.56820172406699,2.0,,False,1.0,plated_volume_uL=100; plating_condition=0; no_value_reported_not_censored; n0_source_days=0
era4tb,M. tuberculosis,standard,,none,0.0,xMIC,0.0,era4tb_D_untreated_r1,4.56820172406699,2.0,5.44715803134222,False,2.0,plated_volume_uL=10; plating_condition=1; n0_source_days=0
era4tb,M. tuberculosis,standard,,none,0.0,xMIC,0.0,era4tb_D_untreated_r1,4.56820172406699,2.0,5.23044892137827,False,2.0,plated_volume_uL=10; plating_condition=2; n0_source_days=0
era4tb,M. tuberculosis,standard,,none,0.0,xMIC,0.0,era4tb_D_untreated_r1,4.56820172406699,2.0,,True,2.6020599913279625,plated_volume_uL=2.5; plating_condition=3; below_limit_of_quantification; n0_source_days=0; bql_contradicted_by_another_plating_of_same_sample_by_2.85_log10
era4tb,M. tuberculosis,standard,,none,0.0,xMIC,0.0,era4tb_D_untreated_r1,4.56820172406699,3.0,5.47856649559384,False,1.0,plated_volume_uL=100; plating_condition=0; n0_source_days=0
era4tb,M. tuberculosis,standard,,none,0.0,xMIC,0.0,era4tb_D_untreated_r1,4.56820172406699,3.0,5.34242268082221,False,2.0,plated_volume_uL=10; plating_condition=1; n0_source_days=0
era4tb,M. tuberculosis,standard,,none,0.0,xMIC,0.0,era4tb_D_untreated_r1,4.56820172406699,3.0,5.49136169383427,False,2.0,plated_volume_uL=10; plating_condition=2; n0_source_days=0
era4tb,M. tuberculosis,standard,,none,0.0,xMIC,0.0,era4tb_D_untreated_r1,4.56820172406699,3.0,5.20411998265593,False,2.6020599913279625,plated_volume_uL=2.5; plating_condition=3; n0_source_days=0
era4tb,M. tuberculosis,standard,,none,0.0,xMIC,0.0,era4tb_D_untreated_r1,4.56820172406699,7.0,5.8750612633917,False,1.0,plated_volume_uL=100; plating_condition=0; n0_source_days=0
era4tb,M. tuberculosis,standard,,none,0.0,xMIC,0.0,era4tb_D_untreated_r1,4.56820172406699,7.0,6.17609125905568,False,2.0,plated_volume_uL=10; plating_condition=1; n0_source_days=0
era4tb,M. tuberculosis,standard,,none,0.0,xMIC,0.0,era4tb_D_untreated_r1,4.56820172406699,7.0,6.11394335230684,False,2.0,plated_volume_uL=10; plating_condition=2; n0_source_days=0
era4tb,M. tuberculosis,standard,,none,0.0,xMIC,0.0,era4tb_D_untreated_r1,4.56820172406699,7.0,6.07918124604763,False,2.6020599913279625,plated_volume_uL=2.5; plating_condition=3; n0_source_days=0
era4tb,M. tuberculosis,standard,,none,0.0,xMIC,0.0,era4tb_D_untreated_r1,4.56820172406699,10.0,5.77085201164214,False,1.0,plated_volume_uL=100; plating_condition=0; n0_source_days=0
era4tb,M. tuberculosis,standard,,none,0.0,xMIC,0.0,era4tb_D_untreated_r1,4.56820172406699,10.0,5.66275783168157,False,2.0,plated_volume_uL=10; plating_condition=1; n0_source_days=0
era4tb,M. tuberculosis,standard,,none,0.0,xMIC,0.0,era4tb_D_untreated_r1,4.56820172406699,10.0,5.60205999132796,False,2.0,plated_volume_uL=10; plating_condition=2; n0_source_days=0
era4tb,M. tuberculosis,standard,,none,0.0,xMIC,0.0,era4tb_D_untreated_r1,4.56820172406699,10.0,5.60205999132796,False,2.6020599913279625,plated_volume_uL=2.5; plating_condition=3; n0_source_days=0
era4tb,M. tuberculosis,standard,,none,0.0,xMIC,0.0,era4tb_D_untreated_r1,4.56820172406699,14.0,6.2718416065365,False,1.0,plated_volume_uL=100; plating_condition=0; n0_source_days=0
era4tb,M. tuberculosis,standard,,none,0.0,xMIC,0.0,era4tb_D_untreated_r1,4.56820172406699,14.0,6.04139268515823,False,2.0,plated_volume_uL=10; plating_condition=1; n0_source_days=0
era4tb,M. tuberculosis,standard,,none,0.0,xMIC,0.0,era4tb_D_untreated_r1,4.56820172406699,14.0,6.23044892137827,False,2.0,plated_volume_uL=10; plating_condition=2; n0_source_days=0
era4tb,M. tuberculosis,standard,,none,0.0,xMIC,0.0,era4tb_D_untreated_r1,4.56820172406699,14.0,6.07918124604763,False,2.6020599913279625,plated_volume_uL=2.5; plating_condition=3; n0_source_days=0
era4tb,M. tuberculosis,standard,,none,0.0,xMIC,0.0,era4tb_D_untreated_r1,4.56820172406699,21.0,6.88081359228079,False,1.0,plated_volume_uL=100; plating_condition=0; n0_source_days=0
era4tb,M. tuberculosis,standard,,none,0.0,xMIC,0.0,era4tb_D_untreated_r1,4.56820172406699,21.0,,False,2.0,plated_volume_uL=10; plating_condition=1; no_value_reported_not_censored; n0_source_days=0
era4tb,M. tuberculosis,standard,,none,0.0,xMIC,0.0,era4tb_D_untreated_r1,4.56820172406699,21.0,6.30102999566398,False,2.0,plated_volume_uL=10; plating_condition=2; n0_source_days=0
era4tb,M. tuberculosis,standard,,none,0.0,xMIC,0.0,era4tb_D_untreated_r1,4.56820172406699,21.0,6.68124123737559,False,2.6020599913279625,plated_volume_uL=2.5; plating_condition=3; n0_source_days=0
era4tb,M. tuberculosis,standard,,none,0.0,xMIC,0.0,era4tb_D_untreated_r2,5.052584713999665,0.0,4.69019608002851,False,1.0,"plated_volume_uL=100; plating_condition=0; n0_source_days=0,1"
era4tb,M. tuberculosis,standard,,none,0.0,xMIC,0.0,era4tb_D_untreated_r2,5.052584713999665,0.0,4.49136169383427,False,2.0,"plated_volume_uL=10; plating_condition=1; n0_source_days=0,1"
era4tb,M. tuberculosis,standard,,none,0.0,xMIC,0.0,era4tb_D_untreated_r2,5.052584713999665,0.0,4.25527250510331,False,2.0,"plated_volume_uL=10; plating_condition=2; n0_source_days=0,1"
era4tb,M. tuberculosis,standard,,none,0.0,xMIC,0.0,era4tb_D_untreated_r2,5.052584713999665,0.0,4.90308998699194,False,2.6020599913279625,"plated_volume_uL=2.5; plating_condition=3; n0_source_days=0,1"
era4tb,M. tuberculosis,standard,,none,0.0,xMIC,0.0,era4tb_D_untreated_r2,5.052584713999665,1.0,5.41497334797082,False,1.0,"plated_volume_uL=100; plating_condition=0; n0_source_days=0,1"
era4tb,M. tuberculosis,standard,,none,0.0,xMIC,0.0,era4tb_D_untreated_r2,5.052584713999665,1.0,5.30102999566398,False,2.0,"plated_volume_uL=10; plating_condition=1; n0_source_days=0,1"
era4tb,M. tuberculosis,standard,,none,0.0,xMIC,0.0,era4tb_D_untreated_r2,5.052584713999665,1.0,4.69897000433602,False,2.0,"plated_volume_uL=10; plating_condition=2; n0_source_days=0,1"
era4tb,M. tuberculosis,standard,,none,0.0,xMIC,0.0,era4tb_D_untreated_r2,5.052584713999665,1.0,5.30102999566398,False,2.6020599913279625,"plated_volume_uL=2.5; plating_condition=3; n0_source_days=0,1"
era4tb,M. tuberculosis,standard,,none,0.0,xMIC,0.0,era4tb_D_untreated_r2,5.052584713999665,2.0,,False,1.0,"plated_volume_uL=100; plating_condition=0; no_value_reported_not_censored; n0_source_days=0,1"
era4tb,M. tuberculosis,standard,,none,0.0,xMIC,0.0,era4tb_D_untreated_r2,5.052584713999665,2.0,5.51851393987789,False,2.0,"plated_volume_uL=10; plating_condition=1; n0_source_days=0,1"
era4tb,M. tuberculosis,standard,,none,0.0,xMIC,0.0,era4tb_D_untreated_r2,5.052584713999665,2.0,5.46239799789896,False,2.0,"plated_volume_uL=10; plating_condition=2; n0_source_days=0,1"
era4tb,M. tuberculosis,standard,,none,0.0,xMIC,0.0,era4tb_D_untreated_r2,5.052584713999665,2.0,4.90308998699194,False,2.6020599913279625,"plated_volume_uL=2.5; plating_condition=3; n0_source_days=0,1"
era4tb,M. tuberculosis,standard,,none,0.0,xMIC,0.0,era4tb_D_untreated_r2,5.052584713999665,3.0,5.75587485567249,False,1.0,"plated_volume_uL=100; plating_condition=0; n0_source_days=0,1"
era4tb,M. tuberculosis,standard,,none,0.0,xMIC,0.0,era4tb_D_untreated_r2,5.052584713999665,3.0,5.49136169383427,False,2.0,"plated_volume_uL=10; plating_condition=1; n0_source_days=0,1"
era4tb,M. tuberculosis,standard,,none,0.0,xMIC,0.0,era4tb_D_untreated_r2,5.052584713999665,3.0,5.41497334797082,False,2.0,"plated_volume_uL=10; plating_condition=2; n0_source_days=0,1"
era4tb,M. tuberculosis,standard,,none,0.0,xMIC,0.0,era4tb_D_untreated_r2,5.052584713999665,3.0,5.60205999132796,False,2.6020599913279625,"plated_volume_uL=2.5; plating_condition=3; n0_source_days=0,1"
era4tb,M. tuberculosis,standard,,none,0.0,xMIC,0.0,era4tb_D_untreated_r2,5.052584713999665,7.0,5.94448267215017,False,1.0,"plated_volume_uL=100; plating_condition=0; n0_source_days=0,1"
era4tb,M. tuberculosis,standard,,none,0.0,xMIC,0.0,era4tb_D_untreated_r2,5.052584713999665,7.0,6.07918124604763,False,2.0,"plated_volume_uL=10; plating_condition=1; n0_source_days=0,1"
era4tb,M. tuberculosis,standard,,none,0.0,xMIC,0.0,era4tb_D_untreated_r2,5.052584713999665,7.0,6.07918124604763,False,2.0,"plated_volume_uL=10; plating_condition=2; n0_source_days=0,1"
era4tb,M. tuberculosis,standard,,none,0.0,xMIC,0.0,era4tb_D_untreated_r2,5.052584713999665,7.0,5.90308998699194,False,2.6020599913279625,"plated_volume_uL=2.5; plating_condition=3; n0_source_days=0,1"
era4tb,M. tuberculosis,standard,,none,0.0,xMIC,0.0,era4tb_D_untreated_r2,5.052584713999665,10.0,6.01283722470517,False,1.0,"plated_volume_uL=100; plating_condition=0; n0_source_days=0,1"
era4tb,M. tuberculosis,standard,,none,0.0,xMIC,0.0,era4tb_D_untreated_r2,5.052584713999665,10.0,5.69019608002851,False,2.0,"plated_volume_uL=10; plating_condition=1; n0_source_days=0,1"
era4tb,M. tuberculosis,standard,,none,0.0,xMIC,0.0,era4tb_D_untreated_r2,5.052584713999665,10.0,6.0,False,2.0,"plated_volume_uL=10; plating_condition=2; n0_source_days=0,1"
era4tb,M. tuberculosis,standard,,none,0.0,xMIC,0.0,era4tb_D_untreated_r2,5.052584713999665,10.0,5.7160033436348,False,2.6020599913279625,"plated_volume_uL=2.5; plating_condition=3; n0_source_days=0,1"
era4tb,M. tuberculosis,standard,,none,0.0,xMIC,0.0,era4tb_D_untreated_r2,5.052584713999665,14.0,6.22788670461367,False,1.0,"plated_volume_uL=100; plating_condition=0; n0_source_days=0,1"
era4tb,M. tuberculosis,standard,,none,0.0,xMIC,0.0,era4tb_D_untreated_r2,5.052584713999665,14.0,6.17609125905568,False,2.0,"plated_volume_uL=10; plating_condition=1; n0_source_days=0,1"
era4tb,M. tuberculosis,standard,,none,0.0,xMIC,0.0,era4tb_D_untreated_r2,5.052584713999665,14.0,5.47712125471966,False,2.0,"plated_volume_uL=10; plating_condition=2; n0_source_days=0,1"
era4tb,M. tuberculosis,standard,,none,0.0,xMIC,0.0,era4tb_D_untreated_r2,5.052584713999665,14.0,6.30102999566398,False,2.6020599913279625,"plated_volume_uL=2.5; plating_condition=3; n0_source_days=0,1"
era4tb,M. tuberculosis,standard,,none,0.0,xMIC,0.0,era4tb_D_untreated_r2,5.052584713999665,21.0,6.68124123737559,False,1.0,"plated_volume_uL=100; plating_condition=0; n0_source_days=0,1"
era4tb,M. tuberculosis,standard,,none,0.0,xMIC,0.0,era4tb_D_untreated_r2,5.052584713999665,21.0,6.69897000433602,False,2.0,"plated_volume_uL=10; plating_condition=1; n0_source_days=0,1"
era4tb,M. tuberculosis,standard,,none,0.0,xMIC,0.0,era4tb_D_untreated_r2,5.052584713999665,21.0,6.60205999132796,False,2.0,"plated_volume_uL=10; plating_condition=2; n0_source_days=0,1"
era4tb,M. tuberculosis,standard,,none,0.0,xMIC,0.0,era4tb_D_untreated_r2,5.052584713999665,21.0,6.60205999132796,False,2.6020599913279625,"plated_volume_uL=2.5; plating_condition=3; n0_source_days=0,1"
era4tb,M. tuberculosis,standard,,none,0.0,xMIC,0.0,era4tb_D_untreated_r3,4.69897000433602,0.0,4.69897000433602,False,1.0,plated_volume_uL=100; plating_condition=0; n0_source_days=0
era4tb,M. tuberculosis,standard,,none,0.0,xMIC,0.0,era4tb_D_untreated_r3,4.69897000433602,0.0,,False,2.0,plated_volume_uL=10; plating_condition=1; no_value_reported_not_censored; n0_source_days=0
era4tb,M. tuberculosis,standard,,none,0.0,xMIC,0.0,era4tb_D_untreated_r3,4.69897000433602,0.0,5.0,False,2.0,plated_volume_uL=10; plating_condition=2; n0_source_days=0
era4tb,M. tuberculosis,standard,,none,0.0,xMIC,0.0,era4tb_D_untreated_r3,4.69897000433602,0.0,5.30102999566398,False,2.6020599913279625,plated_volume_uL=2.5; plating_condition=3; n0_source_days=0
era4tb,M. tuberculosis,standard,,none,0.0,xMIC,0.0,era4tb_D_untreated_r3,4.69897000433602,1.0,,False,1.0,plated_volume_uL=100; plating_condition=0; no_value_reported_not_censored; n0_source_days=0
era4tb,M. tuberculosis,standard,,none,0.0,xMIC,0.0,era4tb_D_untreated_r3,4.69897000433602,1.0,5.5910646070265,False,2.0,plated_volume_uL=10; plating_condition=1; n0_source_days=0
era4tb,M. tuberculosis,standard,,none,0.0,xMIC,0.0,era4tb_D_untreated_r3,4.69897000433602,1.0,4.60205999132796,False,2.0,plated_volume_uL=10; plating_condition=2; n0_source_days=0
era4tb,M. tuberculosis,standard,,none,0.0,xMIC,0.0,era4tb_D_untreated_r3,4.69897000433602,1.0,5.20411998265593,False,2.6020599913279625,plated_volume_uL=2.5; plating_condition=3; n0_source_days=0
era4tb,M. tuberculosis,standard,,none,0.0,xMIC,0.0,era4tb_D_untreated_r3,4.69897000433602,2.0,,False,1.0,plated_volume_uL=100; plating_condition=0; no_value_reported_not_censored; n0_source_days=0
era4tb,M. tuberculosis,standard,,none,0.0,xMIC,0.0,era4tb_D_untreated_r3,4.69897000433602,2.0,5.04139268515823,False,2.0,plated_volume_uL=10; plating_condition=1; n0_source_days=0
era4tb,M. tuberculosis,standard,,none,0.0,xMIC,0.0,era4tb_D_untreated_r3,4.69897000433602,2.0,5.0,False,2.0,plated_volume_uL=10; plating_condition=2; n0_source_days=0
era4tb,M. tuberculosis,standard,,none,0.0,xMIC,0.0,era4tb_D_untreated_r3,4.69897000433602,2.0,4.60205999132796,False,2.6020599913279625,plated_volume_uL=2.5; plating_condition=3; n0_source_days=0
era4tb,M. tuberculosis,standard,,none,0.0,xMIC,0.0,era4tb_D_untreated_r3,4.69897000433602,3.0,5.53147891704226,False,1.0,plated_volume_uL=100; plating_condition=0; n0_source_days=0
era4tb,M. tuberculosis,standard,,none,0.0,xMIC,0.0,era4tb_D_untreated_r3,4.69897000433602,3.0,5.53147891704226,False,2.0,plated_volume_uL=10; plating_condition=1; n0_source_days=0
era4tb,M. tuberculosis,standard,,none,0.0,xMIC,0.0,era4tb_D_untreated_r3,4.69897000433602,3.0,5.53147891704226,False,2.0,plated_volume_uL=10; plating_condition=2; n0_source_days=0
era4tb,M. tuberculosis,standard,,none,0.0,xMIC,0.0,era4tb_D_untreated_r3,4.69897000433602,3.0,5.50514997831991,False,2.6020599913279625,plated_volume_uL=2.5; plating_condition=3; n0_source_days=0
era4tb,M. tuberculosis,standard,,none,0.0,xMIC,0.0,era4tb_D_untreated_r3,4.69897000433602,7.0,6.20682587603185,False,1.0,plated_volume_uL=100; plating_condition=0; n0_source_days=0
era4tb,M. tuberculosis,standard,,none,0.0,xMIC,0.0,era4tb_D_untreated_r3,4.69897000433602,7.0,6.25527250510331,False,2.0,plated_volume_uL=10; plating_condition=1; n0_source_days=0
era4tb,M. tuberculosis,standard,,none,0.0,xMIC,0.0,era4tb_D_untreated_r3,4.69897000433602,7.0,6.27875360095283,False,2.0,plated_volume_uL=10; plating_condition=2; n0_source_days=0
era4tb,M. tuberculosis,standard,,none,0.0,xMIC,0.0,era4tb_D_untreated_r3,4.69897000433602,7.0,6.50514997831991,False,2.6020599913279625,plated_volume_uL=2.5; plating_condition=3; n0_source_days=0
era4tb,M. tuberculosis,standard,,none,0.0,xMIC,0.0,era4tb_D_untreated_r3,4.69897000433602,10.0,5.93951925261862,False,1.0,plated_volume_uL=100; plating_condition=0; n0_source_days=0
era4tb,M. tuberculosis,standard,,none,0.0,xMIC,0.0,era4tb_D_untreated_r3,4.69897000433602,10.0,5.6232492903979,False,2.0,plated_volume_uL=10; plating_condition=1; n0_source_days=0
era4tb,M. tuberculosis,standard,,none,0.0,xMIC,0.0,era4tb_D_untreated_r3,4.69897000433602,10.0,5.77815125038364,False,2.0,plated_volume_uL=10; plating_condition=2; n0_source_days=0
era4tb,M. tuberculosis,standard,,none,0.0,xMIC,0.0,era4tb_D_untreated_r3,4.69897000433602,10.0,5.64345267648619,False,2.6020599913279625,plated_volume_uL=2.5; plating_condition=3; n0_source_days=0
era4tb,M. tuberculosis,standard,,none,0.0,xMIC,0.0,era4tb_D_untreated_r3,4.69897000433602,14.0,5.98677173426625,False,1.0,plated_volume_uL=100; plating_condition=0; n0_source_days=0
era4tb,M. tuberculosis,standard,,none,0.0,xMIC,0.0,era4tb_D_untreated_r3,4.69897000433602,14.0,5.90308998699194,False,2.0,plated_volume_uL=10; plating_condition=1; n0_source_days=0
era4tb,M. tuberculosis,standard,,none,0.0,xMIC,0.0,era4tb_D_untreated_r3,4.69897000433602,14.0,6.04139268515823,False,2.0,plated_volume_uL=10; plating_condition=2; n0_source_days=0
era4tb,M. tuberculosis,standard,,none,0.0,xMIC,0.0,era4tb_D_untreated_r3,4.69897000433602,14.0,,True,2.6020599913279625,plated_volume_uL=2.5; plating_condition=3; below_limit_of_quantification; n0_source_days=0; bql_contradicted_by_another_plating_of_same_sample_by_3.44_log10
era4tb,M. tuberculosis,standard,,none,0.0,xMIC,0.0,era4tb_D_untreated_r3,4.69897000433602,21.0,6.68124123737559,False,1.0,plated_volume_uL=100; plating_condition=0; n0_source_days=0
era4tb,M. tuberculosis,standard,,none,0.0,xMIC,0.0,era4tb_D_untreated_r3,4.69897000433602,21.0,6.47712125471966,False,2.0,plated_volume_uL=10; plating_condition=1; n0_source_days=0
era4tb,M. tuberculosis,standard,,none,0.0,xMIC,0.0,era4tb_D_untreated_r3,4.69897000433602,21.0,6.20411998265593,False,2.0,plated_volume_uL=10; plating_condition=2; n0_source_days=0
era4tb,M. tuberculosis,standard,,none,0.0,xMIC,0.0,era4tb_D_untreated_r3,4.69897000433602,21.0,6.30102999566398,False,2.6020599913279625,plated_volume_uL=2.5; plating_condition=3; n0_source_days=0
era4tb,M. tuberculosis,standard,,isoniazid,10.0,xMIC,10.0,era4tb_E_INH10x_r1,4.54406804435028,1.0,4.54406804435028,False,1.0,plated_volume_uL=100; plating_condition=0; n0_source_days=1
era4tb,M. tuberculosis,standard,,isoniazid,10.0,xMIC,10.0,era4tb_E_INH10x_r1,4.54406804435028,1.0,4.69897000433602,False,2.0,plated_volume_uL=10; plating_condition=1; n0_source_days=1
era4tb,M. tuberculosis,standard,,isoniazid,10.0,xMIC,10.0,era4tb_E_INH10x_r1,4.54406804435028,1.0,4.77815125038364,False,2.0,plated_volume_uL=10; plating_condition=2; n0_source_days=1
era4tb,M. tuberculosis,standard,,isoniazid,10.0,xMIC,10.0,era4tb_E_INH10x_r1,4.54406804435028,1.0,4.60205999132796,False,2.6020599913279625,plated_volume_uL=2.5; plating_condition=3; n0_source_days=1
era4tb,M. tuberculosis,standard,,isoniazid,10.0,xMIC,10.0,era4tb_E_INH10x_r1,4.54406804435028,2.0,4.7160033436348,False,1.0,plated_volume_uL=100; plating_condition=0; n0_source_days=1
era4tb,M. tuberculosis,standard,,isoniazid,10.0,xMIC,10.0,era4tb_E_INH10x_r1,4.54406804435028,2.0,4.46239799789896,False,2.0,plated_volume_uL=10; plating_condition=1; n0_source_days=1
era4tb,M. tuberculosis,standard,,isoniazid,10.0,xMIC,10.0,era4tb_E_INH10x_r1,4.54406804435028,2.0,4.41497334797082,False,2.0,plated_volume_uL=10; plating_condition=2; n0_source_days=1
era4tb,M. tuberculosis,standard,,isoniazid,10.0,xMIC,10.0,era4tb_E_INH10x_r1,4.54406804435028,2.0,,False,2.6020599913279625,plated_volume_uL=2.5; plating_condition=3; no_value_reported_not_censored; n0_source_days=1
era4tb,M. tuberculosis,standard,,isoniazid,10.0,xMIC,10.0,era4tb_E_INH10x_r1,4.54406804435028,3.0,4.14612803567824,False,1.0,plated_volume_uL=100; plating_condition=0; n0_source_days=1
era4tb,M. tuberculosis,standard,,isoniazid,10.0,xMIC,10.0,era4tb_E_INH10x_r1,4.54406804435028,3.0,4.41497334797082,False,2.0,plated_volume_uL=10; plating_condition=1; n0_source_days=1
era4tb,M. tuberculosis,standard,,isoniazid,10.0,xMIC,10.0,era4tb_E_INH10x_r1,4.54406804435028,3.0,4.27875360095283,False,2.0,plated_volume_uL=10; plating_condition=2; n0_source_days=1
era4tb,M. tuberculosis,standard,,isoniazid,10.0,xMIC,10.0,era4tb_E_INH10x_r1,4.54406804435028,3.0,4.03342375548695,False,2.6020599913279625,plated_volume_uL=2.5; plating_condition=3; n0_source_days=1
era4tb,M. tuberculosis,standard,,isoniazid,10.0,xMIC,10.0,era4tb_E_INH10x_r1,4.54406804435028,7.0,3.20411998265592,False,1.0,plated_volume_uL=100; plating_condition=0; n0_source_days=1
era4tb,M. tuberculosis,standard,,isoniazid,10.0,xMIC,10.0,era4tb_E_INH10x_r1,4.54406804435028,7.0,3.47712125471966,False,2.0,plated_volume_uL=10; plating_condition=1; n0_source_days=1
era4tb,M. tuberculosis,standard,,isoniazid,10.0,xMIC,10.0,era4tb_E_INH10x_r1,4.54406804435028,7.0,3.50514997831991,False,2.0,plated_volume_uL=10; plating_condition=2; n0_source_days=1
era4tb,M. tuberculosis,standard,,isoniazid,10.0,xMIC,10.0,era4tb_E_INH10x_r1,4.54406804435028,7.0,3.38021124171161,False,2.6020599913279625,plated_volume_uL=2.5; plating_condition=3; n0_source_days=1
era4tb,M. tuberculosis,standard,,isoniazid,10.0,xMIC,10.0,era4tb_E_INH10x_r1,4.54406804435028,10.0,4.07918124604763,False,1.0,plated_volume_uL=100; plating_condition=0; n0_source_days=1
era4tb,M. tuberculosis,standard,,isoniazid,10.0,xMIC,10.0,era4tb_E_INH10x_r1,4.54406804435028,10.0,3.90308998699194,False,2.0,plated_volume_uL=10; plating_condition=1; n0_source_days=1
era4tb,M. tuberculosis,standard,,isoniazid,10.0,xMIC,10.0,era4tb_E_INH10x_r1,4.54406804435028,10.0,3.84509804001426,False,2.0,plated_volume_uL=10; plating_condition=2; n0_source_days=1
era4tb,M. tuberculosis,standard,,isoniazid,10.0,xMIC,10.0,era4tb_E_INH10x_r1,4.54406804435028,10.0,4.44715803134222,False,2.6020599913279625,plated_volume_uL=2.5; plating_condition=3; n0_source_days=1
era4tb,M. tuberculosis,standard,,isoniazid,10.0,xMIC,10.0,era4tb_E_INH10x_r1,4.54406804435028,14.0,5.69019608002851,False,1.0,plated_volume_uL=100; plating_condition=0; n0_source_days=1
era4tb,M. tuberculosis,standard,,isoniazid,10.0,xMIC,10.0,era4tb_E_INH10x_r1,4.54406804435028,14.0,5.83250891270624,False,2.0,plated_volume_uL=10; plating_condition=1; n0_source_days=1
era4tb,M. tuberculosis,standard,,isoniazid,10.0,xMIC,10.0,era4tb_E_INH10x_r1,4.54406804435028,14.0,,False,2.0,plated_volume_uL=10; plating_condition=2; no_value_reported_not_censored; n0_source_days=1
era4tb,M. tuberculosis,standard,,isoniazid,10.0,xMIC,10.0,era4tb_E_INH10x_r1,4.54406804435028,14.0,5.10720996964787,False,2.6020599913279625,plated_volume_uL=2.5; plating_condition=3; n0_source_days=1
era4tb,M. tuberculosis,standard,,isoniazid,10.0,xMIC,10.0,era4tb_E_INH10x_r1,4.54406804435028,21.0,7.51851393987789,False,2.0,plated_volume_uL=10; plating_condition=1; n0_source_days=1
era4tb,M. tuberculosis,standard,,isoniazid,10.0,xMIC,10.0,era4tb_E_INH10x_r1,4.54406804435028,21.0,7.38021124171161,False,2.0,plated_volume_uL=10; plating_condition=2; n0_source_days=1
era4tb,M. tuberculosis,standard,,isoniazid,10.0,xMIC,10.0,era4tb_E_INH10x_r1,4.54406804435028,21.0,7.30102999566398,False,2.6020599913279625,plated_volume_uL=2.5; plating_condition=3; n0_source_days=1
era4tb,M. tuberculosis,standard,,isoniazid,10.0,xMIC,10.0,era4tb_E_INH10x_r2,4.67209785793572,1.0,4.67209785793572,False,1.0,plated_volume_uL=100; plating_condition=0; n0_source_days=1
era4tb,M. tuberculosis,standard,,isoniazid,10.0,xMIC,10.0,era4tb_E_INH10x_r2,4.67209785793572,1.0,4.80617997398389,False,2.0,plated_volume_uL=10; plating_condition=1; n0_source_days=1
era4tb,M. tuberculosis,standard,,isoniazid,10.0,xMIC,10.0,era4tb_E_INH10x_r2,4.67209785793572,1.0,4.47712125471966,False,2.0,plated_volume_uL=10; plating_condition=2; n0_source_days=1
era4tb,M. tuberculosis,standard,,isoniazid,10.0,xMIC,10.0,era4tb_E_INH10x_r2,4.67209785793572,1.0,4.7481880270062,False,2.6020599913279625,plated_volume_uL=2.5; plating_condition=3; n0_source_days=1
era4tb,M. tuberculosis,standard,,isoniazid,10.0,xMIC,10.0,era4tb_E_INH10x_r2,4.67209785793572,2.0,4.30102999566398,False,1.0,plated_volume_uL=100; plating_condition=0; n0_source_days=1
era4tb,M. tuberculosis,standard,,isoniazid,10.0,xMIC,10.0,era4tb_E_INH10x_r2,4.67209785793572,2.0,4.46239799789896,False,2.0,plated_volume_uL=10; plating_condition=1; n0_source_days=1
era4tb,M. tuberculosis,standard,,isoniazid,10.0,xMIC,10.0,era4tb_E_INH10x_r2,4.67209785793572,2.0,4.43136376415899,False,2.0,plated_volume_uL=10; plating_condition=2; n0_source_days=1
era4tb,M. tuberculosis,standard,,isoniazid,10.0,xMIC,10.0,era4tb_E_INH10x_r2,4.67209785793572,2.0,,False,2.6020599913279625,plated_volume_uL=2.5; plating_condition=3; no_value_reported_not_censored; n0_source_days=1
era4tb,M. tuberculosis,standard,,isoniazid,10.0,xMIC,10.0,era4tb_E_INH10x_r2,4.67209785793572,3.0,4.30102999566398,False,1.0,plated_volume_uL=100; plating_condition=0; n0_source_days=1
era4tb,M. tuberculosis,standard,,isoniazid,10.0,xMIC,10.0,era4tb_E_INH10x_r2,4.67209785793572,3.0,4.66275783168157,False,2.0,plated_volume_uL=10; plating_condition=1; n0_source_days=1
era4tb,M. tuberculosis,standard,,isoniazid,10.0,xMIC,10.0,era4tb_E_INH10x_r2,4.67209785793572,3.0,4.23044892137827,False,2.0,plated_volume_uL=10; plating_condition=2; n0_source_days=1
era4tb,M. tuberculosis,standard,,isoniazid,10.0,xMIC,10.0,era4tb_E_INH10x_r2,4.67209785793572,3.0,4.06445798922692,False,2.6020599913279625,plated_volume_uL=2.5; plating_condition=3; n0_source_days=1
era4tb,M. tuberculosis,standard,,isoniazid,10.0,xMIC,10.0,era4tb_E_INH10x_r2,4.67209785793572,7.0,3.04139268515822,False,1.0,plated_volume_uL=100; plating_condition=0; n0_source_days=1
era4tb,M. tuberculosis,standard,,isoniazid,10.0,xMIC,10.0,era4tb_E_INH10x_r2,4.67209785793572,7.0,3.79934054945358,False,2.0,plated_volume_uL=10; plating_condition=1; n0_source_days=1
era4tb,M. tuberculosis,standard,,isoniazid,10.0,xMIC,10.0,era4tb_E_INH10x_r2,4.67209785793572,7.0,3.17609125905568,False,2.0,plated_volume_uL=10; plating_condition=2; n0_source_days=1
era4tb,M. tuberculosis,standard,,isoniazid,10.0,xMIC,10.0,era4tb_E_INH10x_r2,4.67209785793572,7.0,3.50514997831991,False,2.6020599913279625,plated_volume_uL=2.5; plating_condition=3; n0_source_days=1
era4tb,M. tuberculosis,standard,,isoniazid,10.0,xMIC,10.0,era4tb_E_INH10x_r2,4.67209785793572,10.0,4.11394335230684,False,1.0,plated_volume_uL=100; plating_condition=0; n0_source_days=1
era4tb,M. tuberculosis,standard,,isoniazid,10.0,xMIC,10.0,era4tb_E_INH10x_r2,4.67209785793572,10.0,4.25527250510331,False,2.0,plated_volume_uL=10; plating_condition=1; n0_source_days=1
era4tb,M. tuberculosis,standard,,isoniazid,10.0,xMIC,10.0,era4tb_E_INH10x_r2,4.67209785793572,10.0,4.0,False,2.0,plated_volume_uL=10; plating_condition=2; n0_source_days=1
era4tb,M. tuberculosis,standard,,isoniazid,10.0,xMIC,10.0,era4tb_E_INH10x_r2,4.67209785793572,10.0,4.38021124171161,False,2.6020599913279625,plated_volume_uL=2.5; plating_condition=3; n0_source_days=1
era4tb,M. tuberculosis,standard,,isoniazid,10.0,xMIC,10.0,era4tb_E_INH10x_r2,4.67209785793572,14.0,5.79934054945358,False,1.0,plated_volume_uL=100; plating_condition=0; n0_source_days=1
era4tb,M. tuberculosis,standard,,isoniazid,10.0,xMIC,10.0,era4tb_E_INH10x_r2,4.67209785793572,14.0,5.95424250943933,False,2.0,plated_volume_uL=10; plating_condition=1; n0_source_days=1
era4tb,M. tuberculosis,standard,,isoniazid,10.0,xMIC,10.0,era4tb_E_INH10x_r2,4.67209785793572,14.0,5.50514997831991,False,2.0,plated_volume_uL=10; plating_condition=2; n0_source_days=1
era4tb,M. tuberculosis,standard,,isoniazid,10.0,xMIC,10.0,era4tb_E_INH10x_r2,4.67209785793572,14.0,5.15836249209525,False,2.6020599913279625,plated_volume_uL=2.5; plating_condition=3; n0_source_days=1
era4tb,M. tuberculosis,standard,,isoniazid,10.0,xMIC,10.0,era4tb_E_INH10x_r2,4.67209785793572,21.0,7.44715803134222,False,2.0,plated_volume_uL=10; plating_condition=1; n0_source_days=1
era4tb,M. tuberculosis,standard,,isoniazid,10.0,xMIC,10.0,era4tb_E_INH10x_r2,4.67209785793572,21.0,7.27875360095283,False,2.0,plated_volume_uL=10; plating_condition=2; n0_source_days=1
era4tb,M. tuberculosis,standard,,isoniazid,10.0,xMIC,10.0,era4tb_E_INH10x_r2,4.67209785793572,21.0,7.20411998265593,False,2.6020599913279625,plated_volume_uL=2.5; plating_condition=3; n0_source_days=1
era4tb,M. tuberculosis,standard,,isoniazid,10.0,xMIC,10.0,era4tb_E_INH10x_r3,4.67209785793572,1.0,4.67209785793572,False,1.0,plated_volume_uL=100; plating_condition=0; n0_source_days=1
era4tb,M. tuberculosis,standard,,isoniazid,10.0,xMIC,10.0,era4tb_E_INH10x_r3,4.67209785793572,1.0,4.73239375982297,False,2.0,plated_volume_uL=10; plating_condition=1; n0_source_days=1
era4tb,M. tuberculosis,standard,,isoniazid,10.0,xMIC,10.0,era4tb_E_INH10x_r3,4.67209785793572,1.0,4.47712125471966,False,2.0,plated_volume_uL=10; plating_condition=2; n0_source_days=1
era4tb,M. tuberculosis,standard,,isoniazid,10.0,xMIC,10.0,era4tb_E_INH10x_r3,4.67209785793572,1.0,4.64345267648619,False,2.6020599913279625,plated_volume_uL=2.5; plating_condition=3; n0_source_days=1
era4tb,M. tuberculosis,standard,,isoniazid,10.0,xMIC,10.0,era4tb_E_INH10x_r3,4.67209785793572,2.0,4.32221929473392,False,1.0,plated_volume_uL=100; plating_condition=0; n0_source_days=1
era4tb,M. tuberculosis,standard,,isoniazid,10.0,xMIC,10.0,era4tb_E_INH10x_r3,4.67209785793572,2.0,4.5910646070265,False,2.0,plated_volume_uL=10; plating_condition=1; n0_source_days=1
era4tb,M. tuberculosis,standard,,isoniazid,10.0,xMIC,10.0,era4tb_E_INH10x_r3,4.67209785793572,2.0,4.20411998265593,False,2.0,plated_volume_uL=10; plating_condition=2; n0_source_days=1
era4tb,M. tuberculosis,standard,,isoniazid,10.0,xMIC,10.0,era4tb_E_INH10x_r3,4.67209785793572,2.0,,False,2.6020599913279625,plated_volume_uL=2.5; plating_condition=3; no_value_reported_not_censored; n0_source_days=1
era4tb,M. tuberculosis,standard,,isoniazid,10.0,xMIC,10.0,era4tb_E_INH10x_r3,4.67209785793572,3.0,4.07918124604763,False,1.0,plated_volume_uL=100; plating_condition=0; n0_source_days=1
era4tb,M. tuberculosis,standard,,isoniazid,10.0,xMIC,10.0,era4tb_E_INH10x_r3,4.67209785793572,3.0,4.65321251377534,False,2.0,plated_volume_uL=10; plating_condition=1; n0_source_days=1
era4tb,M. tuberculosis,standard,,isoniazid,10.0,xMIC,10.0,era4tb_E_INH10x_r3,4.67209785793572,3.0,4.36172783601759,False,2.0,plated_volume_uL=10; plating_condition=2; n0_source_days=1
era4tb,M. tuberculosis,standard,,isoniazid,10.0,xMIC,10.0,era4tb_E_INH10x_r3,4.67209785793572,3.0,4.03342375548695,False,2.6020599913279625,plated_volume_uL=2.5; plating_condition=3; n0_source_days=1
era4tb,M. tuberculosis,standard,,isoniazid,10.0,xMIC,10.0,era4tb_E_INH10x_r3,4.67209785793572,7.0,3.0,False,1.0,plated_volume_uL=100; plating_condition=0; n0_source_days=1
era4tb,M. tuberculosis,standard,,isoniazid,10.0,xMIC,10.0,era4tb_E_INH10x_r3,4.67209785793572,7.0,3.7481880270062,False,2.0,plated_volume_uL=10; plating_condition=1; n0_source_days=1
era4tb,M. tuberculosis,standard,,isoniazid,10.0,xMIC,10.0,era4tb_E_INH10x_r3,4.67209785793572,7.0,3.44715803134222,False,2.0,plated_volume_uL=10; plating_condition=2; n0_source_days=1
era4tb,M. tuberculosis,standard,,isoniazid,10.0,xMIC,10.0,era4tb_E_INH10x_r3,4.67209785793572,7.0,3.07918124604762,False,2.6020599913279625,plated_volume_uL=2.5; plating_condition=3; n0_source_days=1
era4tb,M. tuberculosis,standard,,isoniazid,10.0,xMIC,10.0,era4tb_E_INH10x_r3,4.67209785793572,10.0,3.90308998699194,False,1.0,plated_volume_uL=100; plating_condition=0; n0_source_days=1
era4tb,M. tuberculosis,standard,,isoniazid,10.0,xMIC,10.0,era4tb_E_INH10x_r3,4.67209785793572,10.0,4.0,False,2.0,plated_volume_uL=10; plating_condition=1; n0_source_days=1
era4tb,M. tuberculosis,standard,,isoniazid,10.0,xMIC,10.0,era4tb_E_INH10x_r3,4.67209785793572,10.0,3.90308998699194,False,2.0,plated_volume_uL=10; plating_condition=2; n0_source_days=1
era4tb,M. tuberculosis,standard,,isoniazid,10.0,xMIC,10.0,era4tb_E_INH10x_r3,4.67209785793572,10.0,4.60205999132796,False,2.6020599913279625,plated_volume_uL=2.5; plating_condition=3; n0_source_days=1
era4tb,M. tuberculosis,standard,,isoniazid,10.0,xMIC,10.0,era4tb_E_INH10x_r3,4.67209785793572,14.0,5.76342799356294,False,1.0,plated_volume_uL=100; plating_condition=0; n0_source_days=1
era4tb,M. tuberculosis,standard,,isoniazid,10.0,xMIC,10.0,era4tb_E_INH10x_r3,4.67209785793572,14.0,5.77085201164214,False,2.0,plated_volume_uL=10; plating_condition=1; n0_source_days=1
era4tb,M. tuberculosis,standard,,isoniazid,10.0,xMIC,10.0,era4tb_E_INH10x_r3,4.67209785793572,14.0,5.70757017609794,False,2.0,plated_volume_uL=10; plating_condition=2; n0_source_days=1
era4tb,M. tuberculosis,standard,,isoniazid,10.0,xMIC,10.0,era4tb_E_INH10x_r3,4.67209785793572,14.0,5.18184358794477,False,2.6020599913279625,plated_volume_uL=2.5; plating_condition=3; n0_source_days=1
era4tb,M. tuberculosis,standard,,isoniazid,10.0,xMIC,10.0,era4tb_E_INH10x_r3,4.67209785793572,21.0,7.5910646070265,False,2.0,plated_volume_uL=10; plating_condition=1; n0_source_days=1
era4tb,M. tuberculosis,standard,,isoniazid,10.0,xMIC,10.0,era4tb_E_INH10x_r3,4.67209785793572,21.0,7.34242268082221,False,2.0,plated_volume_uL=10; plating_condition=2; n0_source_days=1
era4tb,M. tuberculosis,standard,,isoniazid,10.0,xMIC,10.0,era4tb_E_INH10x_r3,4.67209785793572,21.0,7.80617997398389,False,2.6020599913279625,plated_volume_uL=2.5; plating_condition=3; n0_source_days=1
era4tb,M. tuberculosis,standard,,isoniazid,1.0,xMIC,1.0,era4tb_E_INH1x_r1,4.81954393554187,1.0,4.81954393554187,False,1.0,plated_volume_uL=100; plating_condition=0; n0_source_days=1
era4tb,M. tuberculosis,standard,,isoniazid,1.0,xMIC,1.0,era4tb_E_INH1x_r1,4.81954393554187,1.0,5.04139268515823,False,2.0,plated_volume_uL=10; plating_condition=1; n0_source_days=1
era4tb,M. tuberculosis,standard,,isoniazid,1.0,xMIC,1.0,era4tb_E_INH1x_r1,4.81954393554187,1.0,5.0,False,2.0,plated_volume_uL=10; plating_condition=2; n0_source_days=1
era4tb,M. tuberculosis,standard,,isoniazid,1.0,xMIC,1.0,era4tb_E_INH1x_r1,4.81954393554187,1.0,4.68124123737559,False,2.6020599913279625,plated_volume_uL=2.5; plating_condition=3; n0_source_days=1
era4tb,M. tuberculosis,standard,,isoniazid,1.0,xMIC,1.0,era4tb_E_INH1x_r1,4.81954393554187,2.0,4.77815125038364,False,1.0,plated_volume_uL=100; plating_condition=0; n0_source_days=1
era4tb,M. tuberculosis,standard,,isoniazid,1.0,xMIC,1.0,era4tb_E_INH1x_r1,4.81954393554187,2.0,4.65321251377534,False,2.0,plated_volume_uL=10; plating_condition=1; n0_source_days=1
era4tb,M. tuberculosis,standard,,isoniazid,1.0,xMIC,1.0,era4tb_E_INH1x_r1,4.81954393554187,2.0,4.61278385671974,False,2.0,plated_volume_uL=10; plating_condition=2; n0_source_days=1
era4tb,M. tuberculosis,standard,,isoniazid,1.0,xMIC,1.0,era4tb_E_INH1x_r1,4.81954393554187,2.0,4.07918124604763,False,2.6020599913279625,plated_volume_uL=2.5; plating_condition=3; n0_source_days=1
era4tb,M. tuberculosis,standard,,isoniazid,1.0,xMIC,1.0,era4tb_E_INH1x_r1,4.81954393554187,3.0,4.55630250076729,False,1.0,plated_volume_uL=100; plating_condition=0; n0_source_days=1
era4tb,M. tuberculosis,standard,,isoniazid,1.0,xMIC,1.0,era4tb_E_INH1x_r1,4.81954393554187,3.0,4.30102999566398,False,2.0,plated_volume_uL=10; plating_condition=1; n0_source_days=1
era4tb,M. tuberculosis,standard,,isoniazid,1.0,xMIC,1.0,era4tb_E_INH1x_r1,4.81954393554187,3.0,4.30102999566398,False,2.0,plated_volume_uL=10; plating_condition=2; n0_source_days=1
era4tb,M. tuberculosis,standard,,isoniazid,1.0,xMIC,1.0,era4tb_E_INH1x_r1,4.81954393554187,3.0,4.20411998265593,False,2.6020599913279625,plated_volume_uL=2.5; plating_condition=3; n0_source_days=1
era4tb,M. tuberculosis,standard,,isoniazid,1.0,xMIC,1.0,era4tb_E_INH1x_r1,4.81954393554187,7.0,4.20411998265593,False,1.0,plated_volume_uL=100; plating_condition=0; n0_source_days=1
era4tb,M. tuberculosis,standard,,isoniazid,1.0,xMIC,1.0,era4tb_E_INH1x_r1,4.81954393554187,7.0,4.25527250510331,False,2.0,plated_volume_uL=10; plating_condition=1; n0_source_days=1
era4tb,M. tuberculosis,standard,,isoniazid,1.0,xMIC,1.0,era4tb_E_INH1x_r1,4.81954393554187,7.0,4.0,False,2.0,plated_volume_uL=10; plating_condition=2; n0_source_days=1
era4tb,M. tuberculosis,standard,,isoniazid,1.0,xMIC,1.0,era4tb_E_INH1x_r1,4.81954393554187,7.0,3.77815125038364,False,2.6020599913279625,plated_volume_uL=2.5; plating_condition=3; n0_source_days=1
era4tb,M. tuberculosis,standard,,isoniazid,1.0,xMIC,1.0,era4tb_E_INH1x_r1,4.81954393554187,10.0,4.32221929473392,False,1.0,plated_volume_uL=100; plating_condition=0; n0_source_days=1
era4tb,M. tuberculosis,standard,,isoniazid,1.0,xMIC,1.0,era4tb_E_INH1x_r1,4.81954393554187,10.0,4.83250891270624,False,2.0,plated_volume_uL=10; plating_condition=1; n0_source_days=1
era4tb,M. tuberculosis,standard,,isoniazid,1.0,xMIC,1.0,era4tb_E_INH1x_r1,4.81954393554187,10.0,4.81954393554187,False,2.0,plated_volume_uL=10; plating_condition=2; n0_source_days=1
era4tb,M. tuberculosis,standard,,isoniazid,1.0,xMIC,1.0,era4tb_E_INH1x_r1,4.81954393554187,10.0,5.03342375548695,False,2.6020599913279625,plated_volume_uL=2.5; plating_condition=3; n0_source_days=1
era4tb,M. tuberculosis,standard,,isoniazid,1.0,xMIC,1.0,era4tb_E_INH1x_r1,4.81954393554187,14.0,6.39794000867204,False,1.0,plated_volume_uL=100; plating_condition=0; n0_source_days=1
era4tb,M. tuberculosis,standard,,isoniazid,1.0,xMIC,1.0,era4tb_E_INH1x_r1,4.81954393554187,14.0,6.51851393987789,False,2.0,plated_volume_uL=10; plating_condition=1; n0_source_days=1
era4tb,M. tuberculosis,standard,,isoniazid,1.0,xMIC,1.0,era4tb_E_INH1x_r1,4.81954393554187,14.0,6.38021124171161,False,2.0,plated_volume_uL=10; plating_condition=2; n0_source_days=1
era4tb,M. tuberculosis,standard,,isoniazid,1.0,xMIC,1.0,era4tb_E_INH1x_r1,4.81954393554187,14.0,6.30102999566398,False,2.6020599913279625,plated_volume_uL=2.5; plating_condition=3; n0_source_days=1
era4tb,M. tuberculosis,standard,,isoniazid,1.0,xMIC,1.0,era4tb_E_INH1x_r1,4.81954393554187,21.0,7.67209785793572,False,2.0,plated_volume_uL=10; plating_condition=1; n0_source_days=1
era4tb,M. tuberculosis,standard,,isoniazid,1.0,xMIC,1.0,era4tb_E_INH1x_r1,4.81954393554187,21.0,7.20411998265593,False,2.0,plated_volume_uL=10; plating_condition=2; n0_source_days=1
era4tb,M. tuberculosis,standard,,isoniazid,1.0,xMIC,1.0,era4tb_E_INH1x_r1,4.81954393554187,21.0,7.77815125038364,False,2.6020599913279625,plated_volume_uL=2.5; plating_condition=3; n0_source_days=1
era4tb,M. tuberculosis,standard,,isoniazid,1.0,xMIC,1.0,era4tb_E_INH1x_r2,4.57978359661681,1.0,4.57978359661681,False,1.0,plated_volume_uL=100; plating_condition=0; n0_source_days=1
era4tb,M. tuberculosis,standard,,isoniazid,1.0,xMIC,1.0,era4tb_E_INH1x_r2,4.57978359661681,1.0,5.04139268515823,False,2.0,plated_volume_uL=10; plating_condition=1; n0_source_days=1
era4tb,M. tuberculosis,standard,,isoniazid,1.0,xMIC,1.0,era4tb_E_INH1x_r2,4.57978359661681,1.0,4.77815125038364,False,2.0,plated_volume_uL=10; plating_condition=2; n0_source_days=1
era4tb,M. tuberculosis,standard,,isoniazid,1.0,xMIC,1.0,era4tb_E_INH1x_r2,4.57978359661681,1.0,4.80617997398389,False,2.6020599913279625,plated_volume_uL=2.5; plating_condition=3; n0_source_days=1
era4tb,M. tuberculosis,standard,,isoniazid,1.0,xMIC,1.0,era4tb_E_INH1x_r2,4.57978359661681,2.0,4.83884909073726,False,1.0,plated_volume_uL=100; plating_condition=0; n0_source_days=1
era4tb,M. tuberculosis,standard,,isoniazid,1.0,xMIC,1.0,era4tb_E_INH1x_r2,4.57978359661681,2.0,4.90308998699194,False,2.0,plated_volume_uL=10; plating_condition=1; n0_source_days=1
era4tb,M. tuberculosis,standard,,isoniazid,1.0,xMIC,1.0,era4tb_E_INH1x_r2,4.57978359661681,2.0,4.88649072517248,False,2.0,plated_volume_uL=10; plating_condition=2; n0_source_days=1
era4tb,M. tuberculosis,standard,,isoniazid,1.0,xMIC,1.0,era4tb_E_INH1x_r2,4.57978359661681,2.0,4.30102999566398,False,2.6020599913279625,plated_volume_uL=2.5; plating_condition=3; n0_source_days=1
era4tb,M. tuberculosis,standard,,isoniazid,1.0,xMIC,1.0,era4tb_E_INH1x_r2,4.57978359661681,3.0,4.51851393987789,False,1.0,plated_volume_uL=100; plating_condition=0; n0_source_days=1
era4tb,M. tuberculosis,standard,,isoniazid,1.0,xMIC,1.0,era4tb_E_INH1x_r2,4.57978359661681,3.0,4.34242268082221,False,2.0,plated_volume_uL=10; plating_condition=1; n0_source_days=1
era4tb,M. tuberculosis,standard,,isoniazid,1.0,xMIC,1.0,era4tb_E_INH1x_r2,4.57978359661681,3.0,4.49136169383427,False,2.0,plated_volume_uL=10; plating_condition=2; n0_source_days=1
era4tb,M. tuberculosis,standard,,isoniazid,1.0,xMIC,1.0,era4tb_E_INH1x_r2,4.57978359661681,3.0,4.30102999566398,False,2.6020599913279625,plated_volume_uL=2.5; plating_condition=3; n0_source_days=1
era4tb,M. tuberculosis,standard,,isoniazid,1.0,xMIC,1.0,era4tb_E_INH1x_r2,4.57978359661681,7.0,3.95424250943932,False,1.0,plated_volume_uL=100; plating_condition=0; n0_source_days=1
era4tb,M. tuberculosis,standard,,isoniazid,1.0,xMIC,1.0,era4tb_E_INH1x_r2,4.57978359661681,7.0,4.20411998265593,False,2.0,plated_volume_uL=10; plating_condition=1; n0_source_days=1
era4tb,M. tuberculosis,standard,,isoniazid,1.0,xMIC,1.0,era4tb_E_INH1x_r2,4.57978359661681,7.0,3.95424250943932,False,2.0,plated_volume_uL=10; plating_condition=2; n0_source_days=1
era4tb,M. tuberculosis,standard,,isoniazid,1.0,xMIC,1.0,era4tb_E_INH1x_r2,4.57978359661681,7.0,3.92427928606188,False,2.6020599913279625,plated_volume_uL=2.5; plating_condition=3; n0_source_days=1
era4tb,M. tuberculosis,standard,,isoniazid,1.0,xMIC,1.0,era4tb_E_INH1x_r2,4.57978359661681,10.0,4.46239799789896,False,1.0,plated_volume_uL=100; plating_condition=0; n0_source_days=1
era4tb,M. tuberculosis,standard,,isoniazid,1.0,xMIC,1.0,era4tb_E_INH1x_r2,4.57978359661681,10.0,4.84509804001426,False,2.0,plated_volume_uL=10; plating_condition=1; n0_source_days=1
era4tb,M. tuberculosis,standard,,isoniazid,1.0,xMIC,1.0,era4tb_E_INH1x_r2,4.57978359661681,10.0,4.65321251377534,False,2.0,plated_volume_uL=10; plating_condition=2; n0_source_days=1
era4tb,M. tuberculosis,standard,,isoniazid,1.0,xMIC,1.0,era4tb_E_INH1x_r2,4.57978359661681,10.0,5.09342168516223,False,2.6020599913279625,plated_volume_uL=2.5; plating_condition=3; n0_source_days=1
era4tb,M. tuberculosis,standard,,isoniazid,1.0,xMIC,1.0,era4tb_E_INH1x_r2,4.57978359661681,14.0,6.36172783601759,False,1.0,plated_volume_uL=100; plating_condition=0; n0_source_days=1
era4tb,M. tuberculosis,standard,,isoniazid,1.0,xMIC,1.0,era4tb_E_INH1x_r2,4.57978359661681,14.0,6.50514997831991,False,2.0,plated_volume_uL=10; plating_condition=1; n0_source_days=1
era4tb,M. tuberculosis,standard,,isoniazid,1.0,xMIC,1.0,era4tb_E_INH1x_r2,4.57978359661681,14.0,6.20411998265593,False,2.0,plated_volume_uL=10; plating_condition=2; n0_source_days=1
era4tb,M. tuberculosis,standard,,isoniazid,1.0,xMIC,1.0,era4tb_E_INH1x_r2,4.57978359661681,14.0,6.20411998265593,False,2.6020599913279625,plated_volume_uL=2.5; plating_condition=3; n0_source_days=1
era4tb,M. tuberculosis,standard,,isoniazid,1.0,xMIC,1.0,era4tb_E_INH1x_r2,4.57978359661681,21.0,7.46239799789896,False,2.0,plated_volume_uL=10; plating_condition=1; n0_source_days=1
era4tb,M. tuberculosis,standard,,isoniazid,1.0,xMIC,1.0,era4tb_E_INH1x_r2,4.57978359661681,21.0,7.14612803567824,False,2.0,plated_volume_uL=10; plating_condition=2; n0_source_days=1
era4tb,M. tuberculosis,standard,,isoniazid,1.0,xMIC,1.0,era4tb_E_INH1x_r2,4.57978359661681,21.0,7.60205999132796,False,2.6020599913279625,plated_volume_uL=2.5; plating_condition=3; n0_source_days=1
era4tb,M. tuberculosis,standard,,isoniazid,1.0,xMIC,1.0,era4tb_E_INH1x_r3,4.73239375982297,1.0,4.73239375982297,False,1.0,plated_volume_uL=100; plating_condition=0; n0_source_days=1
era4tb,M. tuberculosis,standard,,isoniazid,1.0,xMIC,1.0,era4tb_E_INH1x_r3,4.73239375982297,1.0,5.04139268515823,False,2.0,plated_volume_uL=10; plating_condition=1; n0_source_days=1
era4tb,M. tuberculosis,standard,,isoniazid,1.0,xMIC,1.0,era4tb_E_INH1x_r3,4.73239375982297,1.0,5.20411998265593,False,2.0,plated_volume_uL=10; plating_condition=2; n0_source_days=1
era4tb,M. tuberculosis,standard,,isoniazid,1.0,xMIC,1.0,era4tb_E_INH1x_r3,4.73239375982297,1.0,4.7160033436348,False,2.6020599913279625,plated_volume_uL=2.5; plating_condition=3; n0_source_days=1
era4tb,M. tuberculosis,standard,,isoniazid,1.0,xMIC,1.0,era4tb_E_INH1x_r3,4.73239375982297,2.0,4.80617997398389,False,1.0,plated_volume_uL=100; plating_condition=0; n0_source_days=1
era4tb,M. tuberculosis,standard,,isoniazid,1.0,xMIC,1.0,era4tb_E_INH1x_r3,4.73239375982297,2.0,4.81291335664286,False,2.0,plated_volume_uL=10; plating_condition=1; n0_source_days=1
era4tb,M. tuberculosis,standard,,isoniazid,1.0,xMIC,1.0,era4tb_E_INH1x_r3,4.73239375982297,2.0,4.47712125471966,False,2.0,plated_volume_uL=10; plating_condition=2; n0_source_days=1
era4tb,M. tuberculosis,standard,,isoniazid,1.0,xMIC,1.0,era4tb_E_INH1x_r3,4.73239375982297,2.0,4.20411998265593,False,2.6020599913279625,plated_volume_uL=2.5; plating_condition=3; n0_source_days=1
era4tb,M. tuberculosis,standard,,isoniazid,1.0,xMIC,1.0,era4tb_E_INH1x_r3,4.73239375982297,3.0,4.54406804435028,False,1.0,plated_volume_uL=100; plating_condition=0; n0_source_days=1
era4tb,M. tuberculosis,standard,,isoniazid,1.0,xMIC,1.0,era4tb_E_INH1x_r3,4.73239375982297,3.0,4.25527250510331,False,2.0,plated_volume_uL=10; plating_condition=1; n0_source_days=1
era4tb,M. tuberculosis,standard,,isoniazid,1.0,xMIC,1.0,era4tb_E_INH1x_r3,4.73239375982297,3.0,4.41497334797082,False,2.0,plated_volume_uL=10; plating_condition=2; n0_source_days=1
era4tb,M. tuberculosis,standard,,isoniazid,1.0,xMIC,1.0,era4tb_E_INH1x_r3,4.73239375982297,3.0,4.44715803134222,False,2.6020599913279625,plated_volume_uL=2.5; plating_condition=3; n0_source_days=1
era4tb,M. tuberculosis,standard,,isoniazid,1.0,xMIC,1.0,era4tb_E_INH1x_r3,4.73239375982297,7.0,3.90308998699194,False,1.0,plated_volume_uL=100; plating_condition=0; n0_source_days=1
era4tb,M. tuberculosis,standard,,isoniazid,1.0,xMIC,1.0,era4tb_E_INH1x_r3,4.73239375982297,7.0,4.32221929473392,False,2.0,plated_volume_uL=10; plating_condition=1; n0_source_days=1
era4tb,M. tuberculosis,standard,,isoniazid,1.0,xMIC,1.0,era4tb_E_INH1x_r3,4.73239375982297,7.0,3.90308998699194,False,2.0,plated_volume_uL=10; plating_condition=2; n0_source_days=1
era4tb,M. tuberculosis,standard,,isoniazid,1.0,xMIC,1.0,era4tb_E_INH1x_r3,4.73239375982297,7.0,3.88081359228079,False,2.6020599913279625,plated_volume_uL=2.5; plating_condition=3; n0_source_days=1
era4tb,M. tuberculosis,standard,,isoniazid,1.0,xMIC,1.0,era4tb_E_INH1x_r3,4.73239375982297,10.0,4.63346845557959,False,1.0,plated_volume_uL=100; plating_condition=0; n0_source_days=1
era4tb,M. tuberculosis,standard,,isoniazid,1.0,xMIC,1.0,era4tb_E_INH1x_r3,4.73239375982297,10.0,4.81954393554187,False,2.0,plated_volume_uL=10; plating_condition=1; n0_source_days=1
era4tb,M. tuberculosis,standard,,isoniazid,1.0,xMIC,1.0,era4tb_E_INH1x_r3,4.73239375982297,10.0,4.68124123737559,False,2.0,plated_volume_uL=10; plating_condition=2; n0_source_days=1
era4tb,M. tuberculosis,standard,,isoniazid,1.0,xMIC,1.0,era4tb_E_INH1x_r3,4.73239375982297,10.0,4.60205999132796,False,2.6020599913279625,plated_volume_uL=2.5; plating_condition=3; n0_source_days=1
era4tb,M. tuberculosis,standard,,isoniazid,1.0,xMIC,1.0,era4tb_E_INH1x_r3,4.73239375982297,14.0,6.27875360095283,False,1.0,plated_volume_uL=100; plating_condition=0; n0_source_days=1
era4tb,M. tuberculosis,standard,,isoniazid,1.0,xMIC,1.0,era4tb_E_INH1x_r3,4.73239375982297,14.0,6.41497334797082,False,2.0,plated_volume_uL=10; plating_condition=1; n0_source_days=1
era4tb,M. tuberculosis,standard,,isoniazid,1.0,xMIC,1.0,era4tb_E_INH1x_r3,4.73239375982297,14.0,6.20411998265593,False,2.0,plated_volume_uL=10; plating_condition=2; n0_source_days=1
era4tb,M. tuberculosis,standard,,isoniazid,1.0,xMIC,1.0,era4tb_E_INH1x_r3,4.73239375982297,14.0,6.30102999566398,False,2.6020599913279625,plated_volume_uL=2.5; plating_condition=3; n0_source_days=1
era4tb,M. tuberculosis,standard,,isoniazid,1.0,xMIC,1.0,era4tb_E_INH1x_r3,4.73239375982297,21.0,7.72427586960079,False,2.0,plated_volume_uL=10; plating_condition=1; n0_source_days=1
era4tb,M. tuberculosis,standard,,isoniazid,1.0,xMIC,1.0,era4tb_E_INH1x_r3,4.73239375982297,21.0,7.47712125471966,False,2.0,plated_volume_uL=10; plating_condition=2; n0_source_days=1
era4tb,M. tuberculosis,standard,,isoniazid,1.0,xMIC,1.0,era4tb_E_INH1x_r3,4.73239375982297,21.0,7.64345267648619,False,2.6020599913279625,plated_volume_uL=2.5; plating_condition=3; n0_source_days=1
era4tb,M. tuberculosis,standard,,moxifloxacin,10.0,xMIC,10.0,era4tb_E_MXF10x_r1,4.56820172406699,1.0,4.56820172406699,False,1.0,plated_volume_uL=100; plating_condition=0; n0_source_days=1
era4tb,M. tuberculosis,standard,,moxifloxacin,10.0,xMIC,10.0,era4tb_E_MXF10x_r1,4.56820172406699,1.0,4.78532983501077,False,2.0,plated_volume_uL=10; plating_condition=1; n0_source_days=1
era4tb,M. tuberculosis,standard,,moxifloxacin,10.0,xMIC,10.0,era4tb_E_MXF10x_r1,4.56820172406699,1.0,5.07918124604763,False,2.0,plated_volume_uL=10; plating_condition=2; n0_source_days=1
era4tb,M. tuberculosis,standard,,moxifloxacin,10.0,xMIC,10.0,era4tb_E_MXF10x_r1,4.56820172406699,1.0,5.38021124171161,False,2.6020599913279625,plated_volume_uL=2.5; plating_condition=3; n0_source_days=1
era4tb,M. tuberculosis,standard,,moxifloxacin,10.0,xMIC,10.0,era4tb_E_MXF10x_r1,4.56820172406699,2.0,4.30102999566398,False,1.0,plated_volume_uL=100; plating_condition=0; n0_source_days=1
era4tb,M. tuberculosis,standard,,moxifloxacin,10.0,xMIC,10.0,era4tb_E_MXF10x_r1,4.56820172406699,2.0,4.74036268949424,False,2.0,plated_volume_uL=10; plating_condition=1; n0_source_days=1
era4tb,M. tuberculosis,standard,,moxifloxacin,10.0,xMIC,10.0,era4tb_E_MXF10x_r1,4.56820172406699,2.0,4.55630250076729,False,2.0,plated_volume_uL=10; plating_condition=2; n0_source_days=1
era4tb,M. tuberculosis,standard,,moxifloxacin,10.0,xMIC,10.0,era4tb_E_MXF10x_r1,4.56820172406699,2.0,4.60205999132796,False,2.6020599913279625,plated_volume_uL=2.5; plating_condition=3; n0_source_days=1
era4tb,M. tuberculosis,standard,,moxifloxacin,10.0,xMIC,10.0,era4tb_E_MXF10x_r1,4.56820172406699,3.0,4.57978359661681,False,1.0,plated_volume_uL=100; plating_condition=0; n0_source_days=1
era4tb,M. tuberculosis,standard,,moxifloxacin,10.0,xMIC,10.0,era4tb_E_MXF10x_r1,4.56820172406699,3.0,4.6232492903979,False,2.0,plated_volume_uL=10; plating_condition=1; n0_source_days=1
era4tb,M. tuberculosis,standard,,moxifloxacin,10.0,xMIC,10.0,era4tb_E_MXF10x_r1,4.56820172406699,3.0,4.39794000867204,False,2.0,plated_volume_uL=10; plating_condition=2; n0_source_days=1
era4tb,M. tuberculosis,standard,,moxifloxacin,10.0,xMIC,10.0,era4tb_E_MXF10x_r1,4.56820172406699,3.0,4.68124123737559,False,2.6020599913279625,plated_volume_uL=2.5; plating_condition=3; n0_source_days=1
era4tb,M. tuberculosis,standard,,moxifloxacin,10.0,xMIC,10.0,era4tb_E_MXF10x_r1,4.56820172406699,7.0,3.98227123303957,False,1.0,plated_volume_uL=100; plating_condition=0; n0_source_days=1
era4tb,M. tuberculosis,standard,,moxifloxacin,10.0,xMIC,10.0,era4tb_E_MXF10x_r1,4.56820172406699,7.0,4.47712125471966,False,2.0,plated_volume_uL=10; plating_condition=1; n0_source_days=1
era4tb,M. tuberculosis,standard,,moxifloxacin,10.0,xMIC,10.0,era4tb_E_MXF10x_r1,4.56820172406699,7.0,4.34242268082221,False,2.0,plated_volume_uL=10; plating_condition=2; n0_source_days=1
era4tb,M. tuberculosis,standard,,moxifloxacin,10.0,xMIC,10.0,era4tb_E_MXF10x_r1,4.56820172406699,7.0,4.01703333929878,False,2.6020599913279625,plated_volume_uL=2.5; plating_condition=3; n0_source_days=1
era4tb,M. tuberculosis,standard,,moxifloxacin,10.0,xMIC,10.0,era4tb_E_MXF10x_r1,4.56820172406699,10.0,3.66275783168157,False,1.0,plated_volume_uL=100; plating_condition=0; n0_source_days=1
era4tb,M. tuberculosis,standard,,moxifloxacin,10.0,xMIC,10.0,era4tb_E_MXF10x_r1,4.56820172406699,10.0,3.91381385238372,False,2.0,plated_volume_uL=10; plating_condition=1; n0_source_days=1
era4tb,M. tuberculosis,standard,,moxifloxacin,10.0,xMIC,10.0,era4tb_E_MXF10x_r1,4.56820172406699,10.0,3.90308998699194,False,2.0,plated_volume_uL=10; plating_condition=2; n0_source_days=1
era4tb,M. tuberculosis,standard,,moxifloxacin,10.0,xMIC,10.0,era4tb_E_MXF10x_r1,4.56820172406699,10.0,3.68124123737559,False,2.6020599913279625,plated_volume_uL=2.5; plating_condition=3; n0_source_days=1
era4tb,M. tuberculosis,standard,,moxifloxacin,10.0,xMIC,10.0,era4tb_E_MXF10x_r1,4.56820172406699,14.0,3.49136169383427,False,1.0,plated_volume_uL=100; plating_condition=0; n0_source_days=1
era4tb,M. tuberculosis,standard,,moxifloxacin,10.0,xMIC,10.0,era4tb_E_MXF10x_r1,4.56820172406699,14.0,3.65321251377534,False,2.0,plated_volume_uL=10; plating_condition=1; n0_source_days=1
era4tb,M. tuberculosis,standard,,moxifloxacin,10.0,xMIC,10.0,era4tb_E_MXF10x_r1,4.56820172406699,14.0,3.50514997831991,False,2.0,plated_volume_uL=10; plating_condition=2; n0_source_days=1
era4tb,M. tuberculosis,standard,,moxifloxacin,10.0,xMIC,10.0,era4tb_E_MXF10x_r1,4.56820172406699,14.0,3.55630250076729,False,2.6020599913279625,plated_volume_uL=2.5; plating_condition=3; n0_source_days=1
era4tb,M. tuberculosis,standard,,moxifloxacin,10.0,xMIC,10.0,era4tb_E_MXF10x_r1,4.56820172406699,21.0,2.64345267648619,False,1.0,plated_volume_uL=100; plating_condition=0; n0_source_days=1
era4tb,M. tuberculosis,standard,,moxifloxacin,10.0,xMIC,10.0,era4tb_E_MXF10x_r1,4.56820172406699,21.0,2.47712125471966,False,2.0,plated_volume_uL=10; plating_condition=1; n0_source_days=1
era4tb,M. tuberculosis,standard,,moxifloxacin,10.0,xMIC,10.0,era4tb_E_MXF10x_r1,4.56820172406699,21.0,2.69897000433602,False,2.0,plated_volume_uL=10; plating_condition=2; n0_source_days=1
era4tb,M. tuberculosis,standard,,moxifloxacin,10.0,xMIC,10.0,era4tb_E_MXF10x_r1,4.56820172406699,21.0,2.60205999132796,False,2.6020599913279625,plated_volume_uL=2.5; plating_condition=3; n0_source_days=1
era4tb,M. tuberculosis,standard,,moxifloxacin,10.0,xMIC,10.0,era4tb_E_MXF10x_r2,4.77815125038364,1.0,4.77815125038364,False,1.0,plated_volume_uL=100; plating_condition=0; n0_source_days=1
era4tb,M. tuberculosis,standard,,moxifloxacin,10.0,xMIC,10.0,era4tb_E_MXF10x_r2,4.77815125038364,1.0,4.8750612633917,False,2.0,plated_volume_uL=10; plating_condition=1; n0_source_days=1
era4tb,M. tuberculosis,standard,,moxifloxacin,10.0,xMIC,10.0,era4tb_E_MXF10x_r2,4.77815125038364,1.0,4.69897000433602,False,2.0,plated_volume_uL=10; plating_condition=2; n0_source_days=1
era4tb,M. tuberculosis,standard,,moxifloxacin,10.0,xMIC,10.0,era4tb_E_MXF10x_r2,4.77815125038364,1.0,5.50514997831991,False,2.6020599913279625,plated_volume_uL=2.5; plating_condition=3; n0_source_days=1
era4tb,M. tuberculosis,standard,,moxifloxacin,10.0,xMIC,10.0,era4tb_E_MXF10x_r2,4.77815125038364,2.0,4.14612803567824,False,1.0,plated_volume_uL=100; plating_condition=0; n0_source_days=1
era4tb,M. tuberculosis,standard,,moxifloxacin,10.0,xMIC,10.0,era4tb_E_MXF10x_r2,4.77815125038364,2.0,4.70757017609794,False,2.0,plated_volume_uL=10; plating_condition=1; n0_source_days=1
era4tb,M. tuberculosis,standard,,moxifloxacin,10.0,xMIC,10.0,era4tb_E_MXF10x_r2,4.77815125038364,2.0,4.23044892137827,False,2.0,plated_volume_uL=10; plating_condition=2; n0_source_days=1
era4tb,M. tuberculosis,standard,,moxifloxacin,10.0,xMIC,10.0,era4tb_E_MXF10x_r2,4.77815125038364,2.0,3.60205999132796,False,2.6020599913279625,plated_volume_uL=2.5; plating_condition=3; n0_source_days=1
era4tb,M. tuberculosis,standard,,moxifloxacin,10.0,xMIC,10.0,era4tb_E_MXF10x_r2,4.77815125038364,3.0,4.75587485567249,False,1.0,plated_volume_uL=100; plating_condition=0; n0_source_days=1
era4tb,M. tuberculosis,standard,,moxifloxacin,10.0,xMIC,10.0,era4tb_E_MXF10x_r2,4.77815125038364,3.0,4.64345267648619,False,2.0,plated_volume_uL=10; plating_condition=1; n0_source_days=1
era4tb,M. tuberculosis,standard,,moxifloxacin,10.0,xMIC,10.0,era4tb_E_MXF10x_r2,4.77815125038364,3.0,4.6232492903979,False,2.0,plated_volume_uL=10; plating_condition=2; n0_source_days=1
era4tb,M. tuberculosis,standard,,moxifloxacin,10.0,xMIC,10.0,era4tb_E_MXF10x_r2,4.77815125038364,3.0,4.30102999566398,False,2.6020599913279625,plated_volume_uL=2.5; plating_condition=3; n0_source_days=1
era4tb,M. tuberculosis,standard,,moxifloxacin,10.0,xMIC,10.0,era4tb_E_MXF10x_r2,4.77815125038364,7.0,3.90308998699194,False,1.0,plated_volume_uL=100; plating_condition=0; n0_source_days=1
era4tb,M. tuberculosis,standard,,moxifloxacin,10.0,xMIC,10.0,era4tb_E_MXF10x_r2,4.77815125038364,7.0,4.55630250076729,False,2.0,plated_volume_uL=10; plating_condition=1; n0_source_days=1
era4tb,M. tuberculosis,standard,,moxifloxacin,10.0,xMIC,10.0,era4tb_E_MXF10x_r2,4.77815125038364,7.0,4.14612803567824,False,2.0,plated_volume_uL=10; plating_condition=2; n0_source_days=1
era4tb,M. tuberculosis,standard,,moxifloxacin,10.0,xMIC,10.0,era4tb_E_MXF10x_r2,4.77815125038364,7.0,3.68124123737559,False,2.6020599913279625,plated_volume_uL=2.5; plating_condition=3; n0_source_days=1
era4tb,M. tuberculosis,standard,,moxifloxacin,10.0,xMIC,10.0,era4tb_E_MXF10x_r2,4.77815125038364,10.0,3.70757017609794,False,1.0,plated_volume_uL=100; plating_condition=0; n0_source_days=1
era4tb,M. tuberculosis,standard,,moxifloxacin,10.0,xMIC,10.0,era4tb_E_MXF10x_r2,4.77815125038364,10.0,3.90308998699194,False,2.0,plated_volume_uL=10; plating_condition=1; n0_source_days=1
era4tb,M. tuberculosis,standard,,moxifloxacin,10.0,xMIC,10.0,era4tb_E_MXF10x_r2,4.77815125038364,10.0,3.90308998699194,False,2.0,plated_volume_uL=10; plating_condition=2; n0_source_days=1
era4tb,M. tuberculosis,standard,,moxifloxacin,10.0,xMIC,10.0,era4tb_E_MXF10x_r2,4.77815125038364,10.0,3.96378782734556,False,2.6020599913279625,plated_volume_uL=2.5; plating_condition=3; n0_source_days=1
era4tb,M. tuberculosis,standard,,moxifloxacin,10.0,xMIC,10.0,era4tb_E_MXF10x_r2,4.77815125038364,14.0,3.34242268082221,False,1.0,plated_volume_uL=100; plating_condition=0; n0_source_days=1
era4tb,M. tuberculosis,standard,,moxifloxacin,10.0,xMIC,10.0,era4tb_E_MXF10x_r2,4.77815125038364,14.0,3.60205999132796,False,2.0,plated_volume_uL=10; plating_condition=1; n0_source_days=1
era4tb,M. tuberculosis,standard,,moxifloxacin,10.0,xMIC,10.0,era4tb_E_MXF10x_r2,4.77815125038364,14.0,3.47712125471966,False,2.0,plated_volume_uL=10; plating_condition=2; n0_source_days=1
era4tb,M. tuberculosis,standard,,moxifloxacin,10.0,xMIC,10.0,era4tb_E_MXF10x_r2,4.77815125038364,14.0,3.68124123737559,False,2.6020599913279625,plated_volume_uL=2.5; plating_condition=3; n0_source_days=1
era4tb,M. tuberculosis,standard,,moxifloxacin,10.0,xMIC,10.0,era4tb_E_MXF10x_r2,4.77815125038364,21.0,2.36172783601759,False,1.0,plated_volume_uL=100; plating_condition=0; n0_source_days=1
era4tb,M. tuberculosis,standard,,moxifloxacin,10.0,xMIC,10.0,era4tb_E_MXF10x_r2,4.77815125038364,21.0,2.95424250943932,False,2.0,plated_volume_uL=10; plating_condition=1; n0_source_days=1
era4tb,M. tuberculosis,standard,,moxifloxacin,10.0,xMIC,10.0,era4tb_E_MXF10x_r2,4.77815125038364,21.0,2.69897000433602,False,2.0,plated_volume_uL=10; plating_condition=2; n0_source_days=1
era4tb,M. tuberculosis,standard,,moxifloxacin,10.0,xMIC,10.0,era4tb_E_MXF10x_r2,4.77815125038364,21.0,3.07918124604762,False,2.6020599913279625,plated_volume_uL=2.5; plating_condition=3; n0_source_days=1
era4tb,M. tuberculosis,standard,,moxifloxacin,10.0,xMIC,10.0,era4tb_E_MXF10x_r3,4.7160033436348,1.0,4.7160033436348,False,1.0,plated_volume_uL=100; plating_condition=0; n0_source_days=1
era4tb,M. tuberculosis,standard,,moxifloxacin,10.0,xMIC,10.0,era4tb_E_MXF10x_r3,4.7160033436348,1.0,4.85733249643127,False,2.0,plated_volume_uL=10; plating_condition=1; n0_source_days=1
era4tb,M. tuberculosis,standard,,moxifloxacin,10.0,xMIC,10.0,era4tb_E_MXF10x_r3,4.7160033436348,1.0,4.95424250943933,False,2.0,plated_volume_uL=10; plating_condition=2; n0_source_days=1
era4tb,M. tuberculosis,standard,,moxifloxacin,10.0,xMIC,10.0,era4tb_E_MXF10x_r3,4.7160033436348,1.0,5.07918124604763,False,2.6020599913279625,plated_volume_uL=2.5; plating_condition=3; n0_source_days=1
era4tb,M. tuberculosis,standard,,moxifloxacin,10.0,xMIC,10.0,era4tb_E_MXF10x_r3,4.7160033436348,2.0,4.25527250510331,False,1.0,plated_volume_uL=100; plating_condition=0; n0_source_days=1
era4tb,M. tuberculosis,standard,,moxifloxacin,10.0,xMIC,10.0,era4tb_E_MXF10x_r3,4.7160033436348,2.0,4.51851393987789,False,2.0,plated_volume_uL=10; plating_condition=1; n0_source_days=1
era4tb,M. tuberculosis,standard,,moxifloxacin,10.0,xMIC,10.0,era4tb_E_MXF10x_r3,4.7160033436348,2.0,4.54406804435028,False,2.0,plated_volume_uL=10; plating_condition=2; n0_source_days=1
era4tb,M. tuberculosis,standard,,moxifloxacin,10.0,xMIC,10.0,era4tb_E_MXF10x_r3,4.7160033436348,2.0,4.38021124171161,False,2.6020599913279625,plated_volume_uL=2.5; plating_condition=3; n0_source_days=1
era4tb,M. tuberculosis,standard,,moxifloxacin,10.0,xMIC,10.0,era4tb_E_MXF10x_r3,4.7160033436348,3.0,4.64345267648619,False,1.0,plated_volume_uL=100; plating_condition=0; n0_source_days=1
era4tb,M. tuberculosis,standard,,moxifloxacin,10.0,xMIC,10.0,era4tb_E_MXF10x_r3,4.7160033436348,3.0,4.63346845557959,False,2.0,plated_volume_uL=10; plating_condition=1; n0_source_days=1
era4tb,M. tuberculosis,standard,,moxifloxacin,10.0,xMIC,10.0,era4tb_E_MXF10x_r3,4.7160033436348,3.0,4.30102999566398,False,2.0,plated_volume_uL=10; plating_condition=2; n0_source_days=1
era4tb,M. tuberculosis,standard,,moxifloxacin,10.0,xMIC,10.0,era4tb_E_MXF10x_r3,4.7160033436348,3.0,,True,2.6020599913279625,plated_volume_uL=2.5; plating_condition=3; below_limit_of_quantification; n0_source_days=1; bql_contradicted_by_another_plating_of_same_sample_by_2.04_log10
era4tb,M. tuberculosis,standard,,moxifloxacin,10.0,xMIC,10.0,era4tb_E_MXF10x_r3,4.7160033436348,7.0,4.03342375548695,False,1.0,plated_volume_uL=100; plating_condition=0; n0_source_days=1
era4tb,M. tuberculosis,standard,,moxifloxacin,10.0,xMIC,10.0,era4tb_E_MXF10x_r3,4.7160033436348,7.0,4.47712125471966,False,2.0,plated_volume_uL=10; plating_condition=1; n0_source_days=1
era4tb,M. tuberculosis,standard,,moxifloxacin,10.0,xMIC,10.0,era4tb_E_MXF10x_r3,4.7160033436348,7.0,4.17609125905568,False,2.0,plated_volume_uL=10; plating_condition=2; n0_source_days=1
era4tb,M. tuberculosis,standard,,moxifloxacin,10.0,xMIC,10.0,era4tb_E_MXF10x_r3,4.7160033436348,7.0,4.24551266781415,False,2.6020599913279625,plated_volume_uL=2.5; plating_condition=3; n0_source_days=1
era4tb,M. tuberculosis,standard,,moxifloxacin,10.0,xMIC,10.0,era4tb_E_MXF10x_r3,4.7160033436348,10.0,3.64345267648619,False,1.0,plated_volume_uL=100; plating_condition=0; n0_source_days=1
era4tb,M. tuberculosis,standard,,moxifloxacin,10.0,xMIC,10.0,era4tb_E_MXF10x_r3,4.7160033436348,10.0,3.96848294855394,False,2.0,plated_volume_uL=10; plating_condition=1; n0_source_days=1
era4tb,M. tuberculosis,standard,,moxifloxacin,10.0,xMIC,10.0,era4tb_E_MXF10x_r3,4.7160033436348,10.0,4.0,False,2.0,plated_volume_uL=10; plating_condition=2; n0_source_days=1
era4tb,M. tuberculosis,standard,,moxifloxacin,10.0,xMIC,10.0,era4tb_E_MXF10x_r3,4.7160033436348,10.0,4.01703333929878,False,2.6020599913279625,plated_volume_uL=2.5; plating_condition=3; n0_source_days=1
era4tb,M. tuberculosis,standard,,moxifloxacin,10.0,xMIC,10.0,era4tb_E_MXF10x_r3,4.7160033436348,14.0,3.32221929473392,False,1.0,plated_volume_uL=100; plating_condition=0; n0_source_days=1
era4tb,M. tuberculosis,standard,,moxifloxacin,10.0,xMIC,10.0,era4tb_E_MXF10x_r3,4.7160033436348,14.0,3.51851393987789,False,2.0,plated_volume_uL=10; plating_condition=1; n0_source_days=1
era4tb,M. tuberculosis,standard,,moxifloxacin,10.0,xMIC,10.0,era4tb_E_MXF10x_r3,4.7160033436348,14.0,3.6232492903979,False,2.0,plated_volume_uL=10; plating_condition=2; n0_source_days=1
era4tb,M. tuberculosis,standard,,moxifloxacin,10.0,xMIC,10.0,era4tb_E_MXF10x_r3,4.7160033436348,14.0,3.60205999132796,False,2.6020599913279625,plated_volume_uL=2.5; plating_condition=3; n0_source_days=1
era4tb,M. tuberculosis,standard,,moxifloxacin,10.0,xMIC,10.0,era4tb_E_MXF10x_r3,4.7160033436348,21.0,2.60205999132796,False,1.0,plated_volume_uL=100; plating_condition=0; n0_source_days=1
era4tb,M. tuberculosis,standard,,moxifloxacin,10.0,xMIC,10.0,era4tb_E_MXF10x_r3,4.7160033436348,21.0,2.84509804001426,False,2.0,plated_volume_uL=10; plating_condition=1; n0_source_days=1
era4tb,M. tuberculosis,standard,,moxifloxacin,10.0,xMIC,10.0,era4tb_E_MXF10x_r3,4.7160033436348,21.0,2.0,False,2.0,plated_volume_uL=10; plating_condition=2; n0_source_days=1
era4tb,M. tuberculosis,standard,,moxifloxacin,10.0,xMIC,10.0,era4tb_E_MXF10x_r3,4.7160033436348,21.0,3.30102999566398,False,2.6020599913279625,plated_volume_uL=2.5; plating_condition=3; n0_source_days=1
era4tb,M. tuberculosis,standard,,moxifloxacin,1.0,xMIC,1.0,era4tb_E_MXF1x_r1,5.61278385671974,1.0,5.61278385671974,False,1.0,plated_volume_uL=100; plating_condition=0; n0_source_days=1
era4tb,M. tuberculosis,standard,,moxifloxacin,1.0,xMIC,1.0,era4tb_E_MXF1x_r1,5.61278385671974,1.0,5.39794000867204,False,2.0,plated_volume_uL=10; plating_condition=1; n0_source_days=1
era4tb,M. tuberculosis,standard,,moxifloxacin,1.0,xMIC,1.0,era4tb_E_MXF1x_r1,5.61278385671974,1.0,5.32221929473392,False,2.0,plated_volume_uL=10; plating_condition=2; n0_source_days=1
era4tb,M. tuberculosis,standard,,moxifloxacin,1.0,xMIC,1.0,era4tb_E_MXF1x_r1,5.61278385671974,1.0,5.55630250076729,False,2.6020599913279625,plated_volume_uL=2.5; plating_condition=3; n0_source_days=1
era4tb,M. tuberculosis,standard,,moxifloxacin,1.0,xMIC,1.0,era4tb_E_MXF1x_r1,5.61278385671974,2.0,4.92941892571429,False,1.0,plated_volume_uL=100; plating_condition=0; n0_source_days=1
era4tb,M. tuberculosis,standard,,moxifloxacin,1.0,xMIC,1.0,era4tb_E_MXF1x_r1,5.61278385671974,2.0,5.0,False,2.0,plated_volume_uL=10; plating_condition=1; n0_source_days=1
era4tb,M. tuberculosis,standard,,moxifloxacin,1.0,xMIC,1.0,era4tb_E_MXF1x_r1,5.61278385671974,2.0,5.30102999566398,False,2.0,plated_volume_uL=10; plating_condition=2; n0_source_days=1
era4tb,M. tuberculosis,standard,,moxifloxacin,1.0,xMIC,1.0,era4tb_E_MXF1x_r1,5.61278385671974,2.0,5.44715803134222,False,2.6020599913279625,plated_volume_uL=2.5; plating_condition=3; n0_source_days=1
era4tb,M. tuberculosis,standard,,moxifloxacin,1.0,xMIC,1.0,era4tb_E_MXF1x_r1,5.61278385671974,3.0,5.64345267648619,False,1.0,plated_volume_uL=100; plating_condition=0; n0_source_days=1
era4tb,M. tuberculosis,standard,,moxifloxacin,1.0,xMIC,1.0,era4tb_E_MXF1x_r1,5.61278385671974,3.0,5.67209785793572,False,2.0,plated_volume_uL=10; plating_condition=1; n0_source_days=1
era4tb,M. tuberculosis,standard,,moxifloxacin,1.0,xMIC,1.0,era4tb_E_MXF1x_r1,5.61278385671974,3.0,5.44715803134222,False,2.0,plated_volume_uL=10; plating_condition=2; n0_source_days=1
era4tb,M. tuberculosis,standard,,moxifloxacin,1.0,xMIC,1.0,era4tb_E_MXF1x_r1,5.61278385671974,3.0,5.50514997831991,False,2.6020599913279625,plated_volume_uL=2.5; plating_condition=3; n0_source_days=1
era4tb,M. tuberculosis,standard,,moxifloxacin,1.0,xMIC,1.0,era4tb_E_MXF1x_r1,5.61278385671974,7.0,6.0,False,1.0,plated_volume_uL=100; plating_condition=0; n0_source_days=1
era4tb,M. tuberculosis,standard,,moxifloxacin,1.0,xMIC,1.0,era4tb_E_MXF1x_r1,5.61278385671974,7.0,6.32221929473392,False,2.0,plated_volume_uL=10; plating_condition=1; n0_source_days=1
era4tb,M. tuberculosis,standard,,moxifloxacin,1.0,xMIC,1.0,era4tb_E_MXF1x_r1,5.61278385671974,7.0,6.30102999566398,False,2.0,plated_volume_uL=10; plating_condition=2; n0_source_days=1
era4tb,M. tuberculosis,standard,,moxifloxacin,1.0,xMIC,1.0,era4tb_E_MXF1x_r1,5.61278385671974,7.0,6.31806333496276,False,2.6020599913279625,plated_volume_uL=2.5; plating_condition=3; n0_source_days=1
era4tb,M. tuberculosis,standard,,moxifloxacin,1.0,xMIC,1.0,era4tb_E_MXF1x_r1,5.61278385671974,10.0,6.44715803134222,False,1.0,plated_volume_uL=100; plating_condition=0; n0_source_days=1
era4tb,M. tuberculosis,standard,,moxifloxacin,1.0,xMIC,1.0,era4tb_E_MXF1x_r1,5.61278385671974,10.0,6.38021124171161,False,2.0,plated_volume_uL=10; plating_condition=1; n0_source_days=1
era4tb,M. tuberculosis,standard,,moxifloxacin,1.0,xMIC,1.0,era4tb_E_MXF1x_r1,5.61278385671974,10.0,6.50514997831991,False,2.0,plated_volume_uL=10; plating_condition=2; n0_source_days=1
era4tb,M. tuberculosis,standard,,moxifloxacin,1.0,xMIC,1.0,era4tb_E_MXF1x_r1,5.61278385671974,10.0,6.7160033436348,False,2.6020599913279625,plated_volume_uL=2.5; plating_condition=3; n0_source_days=1
era4tb,M. tuberculosis,standard,,moxifloxacin,1.0,xMIC,1.0,era4tb_E_MXF1x_r1,5.61278385671974,14.0,7.04139268515823,False,1.0,plated_volume_uL=100; plating_condition=0; n0_source_days=1
era4tb,M. tuberculosis,standard,,moxifloxacin,1.0,xMIC,1.0,era4tb_E_MXF1x_r1,5.61278385671974,14.0,7.0,False,2.0,plated_volume_uL=10; plating_condition=1; n0_source_days=1
era4tb,M. tuberculosis,standard,,moxifloxacin,1.0,xMIC,1.0,era4tb_E_MXF1x_r1,5.61278385671974,14.0,7.20411998265593,False,2.0,plated_volume_uL=10; plating_condition=2; n0_source_days=1
era4tb,M. tuberculosis,standard,,moxifloxacin,1.0,xMIC,1.0,era4tb_E_MXF1x_r1,5.61278385671974,14.0,6.83250891270624,False,2.6020599913279625,plated_volume_uL=2.5; plating_condition=3; n0_source_days=1
era4tb,M. tuberculosis,standard,,moxifloxacin,1.0,xMIC,1.0,era4tb_E_MXF1x_r1,5.61278385671974,21.0,7.56820172406699,False,2.0,plated_volume_uL=10; plating_condition=1; n0_source_days=1
era4tb,M. tuberculosis,standard,,moxifloxacin,1.0,xMIC,1.0,era4tb_E_MXF1x_r1,5.61278385671974,21.0,7.55630250076729,False,2.0,plated_volume_uL=10; plating_condition=2; n0_source_days=1
era4tb,M. tuberculosis,standard,,moxifloxacin,1.0,xMIC,1.0,era4tb_E_MXF1x_r1,5.61278385671974,21.0,7.30102999566398,False,2.6020599913279625,plated_volume_uL=2.5; plating_condition=3; n0_source_days=1
era4tb,M. tuberculosis,standard,,moxifloxacin,1.0,xMIC,1.0,era4tb_E_MXF1x_r2,5.32221929473392,1.0,5.32221929473392,False,1.0,plated_volume_uL=100; plating_condition=0; n0_source_days=1
era4tb,M. tuberculosis,standard,,moxifloxacin,1.0,xMIC,1.0,era4tb_E_MXF1x_r2,5.32221929473392,1.0,5.34242268082221,False,2.0,plated_volume_uL=10; plating_condition=1; n0_source_days=1
era4tb,M. tuberculosis,standard,,moxifloxacin,1.0,xMIC,1.0,era4tb_E_MXF1x_r2,5.32221929473392,1.0,5.38021124171161,False,2.0,plated_volume_uL=10; plating_condition=2; n0_source_days=1
era4tb,M. tuberculosis,standard,,moxifloxacin,1.0,xMIC,1.0,era4tb_E_MXF1x_r2,5.32221929473392,1.0,5.50514997831991,False,2.6020599913279625,plated_volume_uL=2.5; plating_condition=3; n0_source_days=1
era4tb,M. tuberculosis,standard,,moxifloxacin,1.0,xMIC,1.0,era4tb_E_MXF1x_r2,5.32221929473392,2.0,4.80617997398389,False,1.0,plated_volume_uL=100; plating_condition=0; n0_source_days=1
era4tb,M. tuberculosis,standard,,moxifloxacin,1.0,xMIC,1.0,era4tb_E_MXF1x_r2,5.32221929473392,2.0,5.17609125905568,False,2.0,plated_volume_uL=10; plating_condition=1; n0_source_days=1
era4tb,M. tuberculosis,standard,,moxifloxacin,1.0,xMIC,1.0,era4tb_E_MXF1x_r2,5.32221929473392,2.0,4.90308998699194,False,2.0,plated_volume_uL=10; plating_condition=2; n0_source_days=1
era4tb,M. tuberculosis,standard,,moxifloxacin,1.0,xMIC,1.0,era4tb_E_MXF1x_r2,5.32221929473392,2.0,4.90308998699194,False,2.6020599913279625,plated_volume_uL=2.5; plating_condition=3; n0_source_days=1
era4tb,M. tuberculosis,standard,,moxifloxacin,1.0,xMIC,1.0,era4tb_E_MXF1x_r2,5.32221929473392,3.0,5.80617997398389,False,1.0,plated_volume_uL=100; plating_condition=0; n0_source_days=1
era4tb,M. tuberculosis,standard,,moxifloxacin,1.0,xMIC,1.0,era4tb_E_MXF1x_r2,5.32221929473392,3.0,5.74036268949424,False,2.0,plated_volume_uL=10; plating_condition=1; n0_source_days=1
era4tb,M. tuberculosis,standard,,moxifloxacin,1.0,xMIC,1.0,era4tb_E_MXF1x_r2,5.32221929473392,3.0,5.53147891704226,False,2.0,plated_volume_uL=10; plating_condition=2; n0_source_days=1
era4tb,M. tuberculosis,standard,,moxifloxacin,1.0,xMIC,1.0,era4tb_E_MXF1x_r2,5.32221929473392,3.0,5.50514997831991,False,2.6020599913279625,plated_volume_uL=2.5; plating_condition=3; n0_source_days=1
era4tb,M. tuberculosis,standard,,moxifloxacin,1.0,xMIC,1.0,era4tb_E_MXF1x_r2,5.32221929473392,7.0,6.00432137378264,False,1.0,plated_volume_uL=100; plating_condition=0; n0_source_days=1
era4tb,M. tuberculosis,standard,,moxifloxacin,1.0,xMIC,1.0,era4tb_E_MXF1x_r2,5.32221929473392,7.0,6.61278385671974,False,2.0,plated_volume_uL=10; plating_condition=1; n0_source_days=1
era4tb,M. tuberculosis,standard,,moxifloxacin,1.0,xMIC,1.0,era4tb_E_MXF1x_r2,5.32221929473392,7.0,6.36172783601759,False,2.0,plated_volume_uL=10; plating_condition=2; n0_source_days=1
era4tb,M. tuberculosis,standard,,moxifloxacin,1.0,xMIC,1.0,era4tb_E_MXF1x_r2,5.32221929473392,7.0,6.19312459835446,False,2.6020599913279625,plated_volume_uL=2.5; plating_condition=3; n0_source_days=1
era4tb,M. tuberculosis,standard,,moxifloxacin,1.0,xMIC,1.0,era4tb_E_MXF1x_r2,5.32221929473392,10.0,6.17609125905568,False,1.0,plated_volume_uL=100; plating_condition=0; n0_source_days=1
era4tb,M. tuberculosis,standard,,moxifloxacin,1.0,xMIC,1.0,era4tb_E_MXF1x_r2,5.32221929473392,10.0,6.38021124171161,False,2.0,plated_volume_uL=10; plating_condition=1; n0_source_days=1
era4tb,M. tuberculosis,standard,,moxifloxacin,1.0,xMIC,1.0,era4tb_E_MXF1x_r2,5.32221929473392,10.0,6.43136376415899,False,2.0,plated_volume_uL=10; plating_condition=2; n0_source_days=1
era4tb,M. tuberculosis,standard,,moxifloxacin,1.0,xMIC,1.0,era4tb_E_MXF1x_r2,5.32221929473392,10.0,6.80617997398389,False,2.6020599913279625,plated_volume_uL=2.5; plating_condition=3; n0_source_days=1
era4tb,M. tuberculosis,standard,,moxifloxacin,1.0,xMIC,1.0,era4tb_E_MXF1x_r2,5.32221929473392,14.0,7.36172783601759,False,2.0,plated_volume_uL=10; plating_condition=1; n0_source_days=1
era4tb,M. tuberculosis,standard,,moxifloxacin,1.0,xMIC,1.0,era4tb_E_MXF1x_r2,5.32221929473392,14.0,7.27875360095283,False,2.0,plated_volume_uL=10; plating_condition=2; n0_source_days=1
era4tb,M. tuberculosis,standard,,moxifloxacin,1.0,xMIC,1.0,era4tb_E_MXF1x_r2,5.32221929473392,14.0,6.68124123737559,False,2.6020599913279625,plated_volume_uL=2.5; plating_condition=3; n0_source_days=1
era4tb,M. tuberculosis,standard,,moxifloxacin,1.0,xMIC,1.0,era4tb_E_MXF1x_r2,5.32221929473392,21.0,7.79934054945358,False,2.0,plated_volume_uL=10; plating_condition=1; n0_source_days=1
era4tb,M. tuberculosis,standard,,moxifloxacin,1.0,xMIC,1.0,era4tb_E_MXF1x_r2,5.32221929473392,21.0,7.61278385671974,False,2.0,plated_volume_uL=10; plating_condition=2; n0_source_days=1
era4tb,M. tuberculosis,standard,,moxifloxacin,1.0,xMIC,1.0,era4tb_E_MXF1x_r2,5.32221929473392,21.0,7.7481880270062,False,2.6020599913279625,plated_volume_uL=2.5; plating_condition=3; n0_source_days=1
era4tb,M. tuberculosis,standard,,moxifloxacin,1.0,xMIC,1.0,era4tb_E_MXF1x_r3,5.41497334797082,1.0,5.41497334797082,False,1.0,plated_volume_uL=100; plating_condition=0; n0_source_days=1
era4tb,M. tuberculosis,standard,,moxifloxacin,1.0,xMIC,1.0,era4tb_E_MXF1x_r3,5.41497334797082,1.0,5.60205999132796,False,2.0,plated_volume_uL=10; plating_condition=1; n0_source_days=1
era4tb,M. tuberculosis,standard,,moxifloxacin,1.0,xMIC,1.0,era4tb_E_MXF1x_r3,5.41497334797082,1.0,5.57978359661681,False,2.0,plated_volume_uL=10; plating_condition=2; n0_source_days=1
era4tb,M. tuberculosis,standard,,moxifloxacin,1.0,xMIC,1.0,era4tb_E_MXF1x_r3,5.41497334797082,1.0,5.07918124604763,False,2.6020599913279625,plated_volume_uL=2.5; plating_condition=3; n0_source_days=1
era4tb,M. tuberculosis,standard,,moxifloxacin,1.0,xMIC,1.0,era4tb_E_MXF1x_r3,5.41497334797082,2.0,4.81291335664286,False,1.0,plated_volume_uL=100; plating_condition=0; n0_source_days=1
era4tb,M. tuberculosis,standard,,moxifloxacin,1.0,xMIC,1.0,era4tb_E_MXF1x_r3,5.41497334797082,2.0,5.04139268515823,False,2.0,plated_volume_uL=10; plating_condition=1; n0_source_days=1
era4tb,M. tuberculosis,standard,,moxifloxacin,1.0,xMIC,1.0,era4tb_E_MXF1x_r3,5.41497334797082,2.0,4.77815125038364,False,2.0,plated_volume_uL=10; plating_condition=2; n0_source_days=1
era4tb,M. tuberculosis,standard,,moxifloxacin,1.0,xMIC,1.0,era4tb_E_MXF1x_r3,5.41497334797082,2.0,5.20411998265593,False,2.6020599913279625,plated_volume_uL=2.5; plating_condition=3; n0_source_days=1
era4tb,M. tuberculosis,standard,,moxifloxacin,1.0,xMIC,1.0,era4tb_E_MXF1x_r3,5.41497334797082,3.0,5.77815125038364,False,1.0,plated_volume_uL=100; plating_condition=0; n0_source_days=1
era4tb,M. tuberculosis,standard,,moxifloxacin,1.0,xMIC,1.0,era4tb_E_MXF1x_r3,5.41497334797082,3.0,5.64345267648619,False,2.0,plated_volume_uL=10; plating_condition=1; n0_source_days=1
era4tb,M. tuberculosis,standard,,moxifloxacin,1.0,xMIC,1.0,era4tb_E_MXF1x_r3,5.41497334797082,3.0,5.41497334797082,False,2.0,plated_volume_uL=10; plating_condition=2; n0_source_days=1
era4tb,M. tuberculosis,standard,,moxifloxacin,1.0,xMIC,1.0,era4tb_E_MXF1x_r3,5.41497334797082,3.0,5.68124123737559,False,2.6020599913279625,plated_volume_uL=2.5; plating_condition=3; n0_source_days=1
era4tb,M. tuberculosis,standard,,moxifloxacin,1.0,xMIC,1.0,era4tb_E_MXF1x_r3,5.41497334797082,7.0,,False,1.0,plated_volume_uL=100; plating_condition=0; no_value_reported_not_censored; n0_source_days=1
era4tb,M. tuberculosis,standard,,moxifloxacin,1.0,xMIC,1.0,era4tb_E_MXF1x_r3,5.41497334797082,7.0,6.46239799789896,False,2.0,plated_volume_uL=10; plating_condition=1; n0_source_days=1
era4tb,M. tuberculosis,standard,,moxifloxacin,1.0,xMIC,1.0,era4tb_E_MXF1x_r3,5.41497334797082,7.0,6.27875360095283,False,2.0,plated_volume_uL=10; plating_condition=2; n0_source_days=1
era4tb,M. tuberculosis,standard,,moxifloxacin,1.0,xMIC,1.0,era4tb_E_MXF1x_r3,5.41497334797082,7.0,4.90308998699194,False,2.6020599913279625,plated_volume_uL=2.5; plating_condition=3; n0_source_days=1
era4tb,M. tuberculosis,standard,,moxifloxacin,1.0,xMIC,1.0,era4tb_E_MXF1x_r3,5.41497334797082,10.0,6.41497334797082,False,1.0,plated_volume_uL=100; plating_condition=0; n0_source_days=1
era4tb,M. tuberculosis,standard,,moxifloxacin,1.0,xMIC,1.0,era4tb_E_MXF1x_r3,5.41497334797082,10.0,,False,2.0,plated_volume_uL=10; plating_condition=1; no_value_reported_not_censored; n0_source_days=1
era4tb,M. tuberculosis,standard,,moxifloxacin,1.0,xMIC,1.0,era4tb_E_MXF1x_r3,5.41497334797082,10.0,6.44715803134222,False,2.0,plated_volume_uL=10; plating_condition=2; n0_source_days=1
era4tb,M. tuberculosis,standard,,moxifloxacin,1.0,xMIC,1.0,era4tb_E_MXF1x_r3,5.41497334797082,10.0,6.7481880270062,False,2.6020599913279625,plated_volume_uL=2.5; plating_condition=3; n0_source_days=1
era4tb,M. tuberculosis,standard,,moxifloxacin,1.0,xMIC,1.0,era4tb_E_MXF1x_r3,5.41497334797082,14.0,7.49136169383427,False,2.0,plated_volume_uL=10; plating_condition=1; n0_source_days=1
era4tb,M. tuberculosis,standard,,moxifloxacin,1.0,xMIC,1.0,era4tb_E_MXF1x_r3,5.41497334797082,14.0,7.41497334797082,False,2.0,plated_volume_uL=10; plating_condition=2; n0_source_days=1
era4tb,M. tuberculosis,standard,,moxifloxacin,1.0,xMIC,1.0,era4tb_E_MXF1x_r3,5.41497334797082,14.0,6.44715803134222,False,2.6020599913279625,plated_volume_uL=2.5; plating_condition=3; n0_source_days=1
era4tb,M. tuberculosis,standard,,moxifloxacin,1.0,xMIC,1.0,era4tb_E_MXF1x_r3,5.41497334797082,21.0,7.89762709129044,False,2.0,plated_volume_uL=10; plating_condition=1; n0_source_days=1
era4tb,M. tuberculosis,standard,,moxifloxacin,1.0,xMIC,1.0,era4tb_E_MXF1x_r3,5.41497334797082,21.0,7.39794000867204,False,2.0,plated_volume_uL=10; plating_condition=2; n0_source_days=1
era4tb,M. tuberculosis,standard,,moxifloxacin,1.0,xMIC,1.0,era4tb_E_MXF1x_r3,5.41497334797082,21.0,7.98227123303957,False,2.6020599913279625,plated_volume_uL=2.5; plating_condition=3; n0_source_days=1
era4tb,M. tuberculosis,standard,,none,0.0,xMIC,0.0,era4tb_E_inoculumTKA_r1,5.17609125905568,-3.0,3.73239375982297,False,1.0,plated_volume_uL=100; plating_condition=0; pre_inoculation_reading_time_-3d; inoculum_arm_not_a_treatment_arm; n0_source_days=0
era4tb,M. tuberculosis,standard,,none,0.0,xMIC,0.0,era4tb_E_inoculumTKA_r1,5.17609125905568,-3.0,3.53147891704225,False,2.0,plated_volume_uL=10; plating_condition=1; pre_inoculation_reading_time_-3d; inoculum_arm_not_a_treatment_arm; n0_source_days=0
era4tb,M. tuberculosis,standard,,none,0.0,xMIC,0.0,era4tb_E_inoculumTKA_r1,5.17609125905568,-3.0,3.43136376415899,False,2.0,plated_volume_uL=10; plating_condition=2; pre_inoculation_reading_time_-3d; inoculum_arm_not_a_treatment_arm; n0_source_days=0
era4tb,M. tuberculosis,standard,,none,0.0,xMIC,0.0,era4tb_E_inoculumTKA_r1,5.17609125905568,-3.0,3.44715803134222,False,2.6020599913279625,plated_volume_uL=2.5; plating_condition=3; pre_inoculation_reading_time_-3d; inoculum_arm_not_a_treatment_arm; n0_source_days=0
era4tb,M. tuberculosis,standard,,none,0.0,xMIC,0.0,era4tb_E_inoculumTKA_r1,5.17609125905568,0.0,5.17609125905568,False,1.0,plated_volume_uL=100; plating_condition=0; inoculum_arm_not_a_treatment_arm; n0_source_days=0
era4tb,M. tuberculosis,standard,,none,0.0,xMIC,0.0,era4tb_E_inoculumTKA_r1,5.17609125905568,0.0,5.38021124171161,False,2.0,plated_volume_uL=10; plating_condition=1; inoculum_arm_not_a_treatment_arm; n0_source_days=0
era4tb,M. tuberculosis,standard,,none,0.0,xMIC,0.0,era4tb_E_inoculumTKA_r1,5.17609125905568,0.0,5.27875360095283,False,2.0,plated_volume_uL=10; plating_condition=2; inoculum_arm_not_a_treatment_arm; n0_source_days=0
era4tb,M. tuberculosis,standard,,none,0.0,xMIC,0.0,era4tb_E_inoculumTKA_r1,5.17609125905568,0.0,4.98227123303957,False,2.6020599913279625,plated_volume_uL=2.5; plating_condition=3; inoculum_arm_not_a_treatment_arm; n0_source_days=0
era4tb,M. tuberculosis,standard,,none,0.0,xMIC,0.0,era4tb_E_inoculumTKA_r2,4.90308998699194,-3.0,3.79239168949825,False,1.0,plated_volume_uL=100; plating_condition=0; pre_inoculation_reading_time_-3d; inoculum_arm_not_a_treatment_arm; n0_source_days=0
era4tb,M. tuberculosis,standard,,none,0.0,xMIC,0.0,era4tb_E_inoculumTKA_r2,4.90308998699194,-3.0,3.54406804435028,False,2.0,plated_volume_uL=10; plating_condition=1; pre_inoculation_reading_time_-3d; inoculum_arm_not_a_treatment_arm; n0_source_days=0
era4tb,M. tuberculosis,standard,,none,0.0,xMIC,0.0,era4tb_E_inoculumTKA_r2,4.90308998699194,-3.0,3.49136169383427,False,2.0,plated_volume_uL=10; plating_condition=2; pre_inoculation_reading_time_-3d; inoculum_arm_not_a_treatment_arm; n0_source_days=0
era4tb,M. tuberculosis,standard,,none,0.0,xMIC,0.0,era4tb_E_inoculumTKA_r2,4.90308998699194,-3.0,3.44715803134222,False,2.6020599913279625,plated_volume_uL=2.5; plating_condition=3; pre_inoculation_reading_time_-3d; inoculum_arm_not_a_treatment_arm; n0_source_days=0
era4tb,M. tuberculosis,standard,,none,0.0,xMIC,0.0,era4tb_E_inoculumTKA_r2,4.90308998699194,0.0,4.90308998699194,False,1.0,plated_volume_uL=100; plating_condition=0; inoculum_arm_not_a_treatment_arm; n0_source_days=0
era4tb,M. tuberculosis,standard,,none,0.0,xMIC,0.0,era4tb_E_inoculumTKA_r2,4.90308998699194,0.0,5.36172783601759,False,2.0,plated_volume_uL=10; plating_condition=1; inoculum_arm_not_a_treatment_arm; n0_source_days=0
era4tb,M. tuberculosis,standard,,none,0.0,xMIC,0.0,era4tb_E_inoculumTKA_r2,4.90308998699194,0.0,5.0,False,2.0,plated_volume_uL=10; plating_condition=2; inoculum_arm_not_a_treatment_arm; n0_source_days=0
era4tb,M. tuberculosis,standard,,none,0.0,xMIC,0.0,era4tb_E_inoculumTKA_r2,4.90308998699194,0.0,4.98227123303957,False,2.6020599913279625,plated_volume_uL=2.5; plating_condition=3; inoculum_arm_not_a_treatment_arm; n0_source_days=0
era4tb,M. tuberculosis,standard,,none,0.0,xMIC,0.0,era4tb_E_inoculumTKA_r3,5.17609125905568,-3.0,3.68124123737559,False,1.0,plated_volume_uL=100; plating_condition=0; pre_inoculation_reading_time_-3d; inoculum_arm_not_a_treatment_arm; n0_source_days=0
era4tb,M. tuberculosis,standard,,none,0.0,xMIC,0.0,era4tb_E_inoculumTKA_r3,5.17609125905568,-3.0,3.6232492903979,False,2.0,plated_volume_uL=10; plating_condition=1; pre_inoculation_reading_time_-3d; inoculum_arm_not_a_treatment_arm; n0_source_days=0
era4tb,M. tuberculosis,standard,,none,0.0,xMIC,0.0,era4tb_E_inoculumTKA_r3,5.17609125905568,-3.0,3.27875360095283,False,2.0,plated_volume_uL=10; plating_condition=2; pre_inoculation_reading_time_-3d; inoculum_arm_not_a_treatment_arm; n0_source_days=0
era4tb,M. tuberculosis,standard,,none,0.0,xMIC,0.0,era4tb_E_inoculumTKA_r3,5.17609125905568,-3.0,3.60205999132796,False,2.6020599913279625,plated_volume_uL=2.5; plating_condition=3; pre_inoculation_reading_time_-3d; inoculum_arm_not_a_treatment_arm; n0_source_days=0
era4tb,M. tuberculosis,standard,,none,0.0,xMIC,0.0,era4tb_E_inoculumTKA_r3,5.17609125905568,0.0,5.17609125905568,False,1.0,plated_volume_uL=100; plating_condition=0; inoculum_arm_not_a_treatment_arm; n0_source_days=0
era4tb,M. tuberculosis,standard,,none,0.0,xMIC,0.0,era4tb_E_inoculumTKA_r3,5.17609125905568,0.0,5.43136376415899,False,2.0,plated_volume_uL=10; plating_condition=1; inoculum_arm_not_a_treatment_arm; n0_source_days=0
era4tb,M. tuberculosis,standard,,none,0.0,xMIC,0.0,era4tb_E_inoculumTKA_r3,5.17609125905568,0.0,5.34242268082221,False,2.0,plated_volume_uL=10; plating_condition=2; inoculum_arm_not_a_treatment_arm; n0_source_days=0
era4tb,M. tuberculosis,standard,,none,0.0,xMIC,0.0,era4tb_E_inoculumTKA_r3,5.17609125905568,0.0,4.77815125038364,False,2.6020599913279625,plated_volume_uL=2.5; plating_condition=3; inoculum_arm_not_a_treatment_arm; n0_source_days=0
era4tb,M. tuberculosis,standard,,none,0.0,xMIC,0.0,era4tb_E_untreated_r1,5.56820172406699,1.0,5.56820172406699,False,1.0,plated_volume_uL=100; plating_condition=0; n0_source_days=1
era4tb,M. tuberculosis,standard,,none,0.0,xMIC,0.0,era4tb_E_untreated_r1,5.56820172406699,1.0,5.53147891704226,False,2.0,plated_volume_uL=10; plating_condition=1; n0_source_days=1
era4tb,M. tuberculosis,standard,,none,0.0,xMIC,0.0,era4tb_E_untreated_r1,5.56820172406699,1.0,5.17609125905568,False,2.0,plated_volume_uL=10; plating_condition=2; n0_source_days=1
era4tb,M. tuberculosis,standard,,none,0.0,xMIC,0.0,era4tb_E_untreated_r1,5.56820172406699,1.0,5.20411998265593,False,2.6020599913279625,plated_volume_uL=2.5; plating_condition=3; n0_source_days=1
era4tb,M. tuberculosis,standard,,none,0.0,xMIC,0.0,era4tb_E_untreated_r1,5.56820172406699,2.0,5.23044892137827,False,1.0,plated_volume_uL=100; plating_condition=0; n0_source_days=1
era4tb,M. tuberculosis,standard,,none,0.0,xMIC,0.0,era4tb_E_untreated_r1,5.56820172406699,2.0,5.46239799789896,False,2.0,plated_volume_uL=10; plating_condition=1; n0_source_days=1
era4tb,M. tuberculosis,standard,,none,0.0,xMIC,0.0,era4tb_E_untreated_r1,5.56820172406699,2.0,5.32221929473392,False,2.0,plated_volume_uL=10; plating_condition=2; n0_source_days=1
era4tb,M. tuberculosis,standard,,none,0.0,xMIC,0.0,era4tb_E_untreated_r1,5.56820172406699,2.0,5.38021124171161,False,2.6020599913279625,plated_volume_uL=2.5; plating_condition=3; n0_source_days=1
era4tb,M. tuberculosis,standard,,none,0.0,xMIC,0.0,era4tb_E_untreated_r1,5.56820172406699,3.0,6.27875360095283,False,1.0,plated_volume_uL=100; plating_condition=0; n0_source_days=1
era4tb,M. tuberculosis,standard,,none,0.0,xMIC,0.0,era4tb_E_untreated_r1,5.56820172406699,3.0,6.27875360095283,False,2.0,plated_volume_uL=10; plating_condition=1; n0_source_days=1
era4tb,M. tuberculosis,standard,,none,0.0,xMIC,0.0,era4tb_E_untreated_r1,5.56820172406699,3.0,6.47712125471966,False,2.0,plated_volume_uL=10; plating_condition=2; n0_source_days=1
era4tb,M. tuberculosis,standard,,none,0.0,xMIC,0.0,era4tb_E_untreated_r1,5.56820172406699,3.0,6.06445798922692,False,2.6020599913279625,plated_volume_uL=2.5; plating_condition=3; n0_source_days=1
era4tb,M. tuberculosis,standard,,none,0.0,xMIC,0.0,era4tb_E_untreated_r1,5.56820172406699,7.0,6.69897000433602,False,1.0,plated_volume_uL=100; plating_condition=0; n0_source_days=1
era4tb,M. tuberculosis,standard,,none,0.0,xMIC,0.0,era4tb_E_untreated_r1,5.56820172406699,7.0,6.53147891704226,False,2.0,plated_volume_uL=10; plating_condition=1; n0_source_days=1
era4tb,M. tuberculosis,standard,,none,0.0,xMIC,0.0,era4tb_E_untreated_r1,5.56820172406699,7.0,6.36172783601759,False,2.0,plated_volume_uL=10; plating_condition=2; n0_source_days=1
era4tb,M. tuberculosis,standard,,none,0.0,xMIC,0.0,era4tb_E_untreated_r1,5.56820172406699,7.0,5.96378782734556,False,2.6020599913279625,plated_volume_uL=2.5; plating_condition=3; n0_source_days=1
era4tb,M. tuberculosis,standard,,none,0.0,xMIC,0.0,era4tb_E_untreated_r1,5.56820172406699,10.0,6.80617997398389,False,1.0,plated_volume_uL=100; plating_condition=0; n0_source_days=1
era4tb,M. tuberculosis,standard,,none,0.0,xMIC,0.0,era4tb_E_untreated_r1,5.56820172406699,10.0,7.04139268515823,False,2.0,plated_volume_uL=10; plating_condition=1; n0_source_days=1
era4tb,M. tuberculosis,standard,,none,0.0,xMIC,0.0,era4tb_E_untreated_r1,5.56820172406699,10.0,7.14612803567824,False,2.0,plated_volume_uL=10; plating_condition=2; n0_source_days=1
era4tb,M. tuberculosis,standard,,none,0.0,xMIC,0.0,era4tb_E_untreated_r1,5.56820172406699,10.0,7.0,False,2.6020599913279625,plated_volume_uL=2.5; plating_condition=3; n0_source_days=1
era4tb,M. tuberculosis,standard,,none,0.0,xMIC,0.0,era4tb_E_untreated_r1,5.56820172406699,14.0,7.46239799789896,False,1.0,plated_volume_uL=100; plating_condition=0; n0_source_days=1
era4tb,M. tuberculosis,standard,,none,0.0,xMIC,0.0,era4tb_E_untreated_r1,5.56820172406699,14.0,7.63346845557959,False,2.0,plated_volume_uL=10; plating_condition=1; n0_source_days=1
era4tb,M. tuberculosis,standard,,none,0.0,xMIC,0.0,era4tb_E_untreated_r1,5.56820172406699,14.0,7.25527250510331,False,2.0,plated_volume_uL=10; plating_condition=2; n0_source_days=1
era4tb,M. tuberculosis,standard,,none,0.0,xMIC,0.0,era4tb_E_untreated_r1,5.56820172406699,14.0,7.44715803134222,False,2.6020599913279625,plated_volume_uL=2.5; plating_condition=3; n0_source_days=1
era4tb,M. tuberculosis,standard,,none,0.0,xMIC,0.0,era4tb_E_untreated_r1,5.56820172406699,21.0,7.64345267648619,False,1.0,plated_volume_uL=100; plating_condition=0; n0_source_days=1
era4tb,M. tuberculosis,standard,,none,0.0,xMIC,0.0,era4tb_E_untreated_r1,5.56820172406699,21.0,8.0,False,2.0,plated_volume_uL=10; plating_condition=1; n0_source_days=1
era4tb,M. tuberculosis,standard,,none,0.0,xMIC,0.0,era4tb_E_untreated_r1,5.56820172406699,21.0,8.14612803567824,False,2.0,plated_volume_uL=10; plating_condition=2; n0_source_days=1
era4tb,M. tuberculosis,standard,,none,0.0,xMIC,0.0,era4tb_E_untreated_r1,5.56820172406699,21.0,7.88081359228079,False,2.6020599913279625,plated_volume_uL=2.5; plating_condition=3; n0_source_days=1
era4tb,M. tuberculosis,standard,,none,0.0,xMIC,0.0,era4tb_E_untreated_r2,,1.0,,False,1.0,plated_volume_uL=100; plating_condition=0; no_value_reported_not_censored; n0_source=none_available
era4tb,M. tuberculosis,standard,,none,0.0,xMIC,0.0,era4tb_E_untreated_r2,,1.0,5.63346845557959,False,2.0,plated_volume_uL=10; plating_condition=1; n0_source=none_available
era4tb,M. tuberculosis,standard,,none,0.0,xMIC,0.0,era4tb_E_untreated_r2,,1.0,5.32221929473392,False,2.0,plated_volume_uL=10; plating_condition=2; n0_source=none_available
era4tb,M. tuberculosis,standard,,none,0.0,xMIC,0.0,era4tb_E_untreated_r2,,1.0,5.38021124171161,False,2.6020599913279625,plated_volume_uL=2.5; plating_condition=3; n0_source=none_available
era4tb,M. tuberculosis,standard,,none,0.0,xMIC,0.0,era4tb_E_untreated_r2,,2.0,5.23044892137827,False,1.0,plated_volume_uL=100; plating_condition=0; n0_source=none_available
era4tb,M. tuberculosis,standard,,none,0.0,xMIC,0.0,era4tb_E_untreated_r2,,2.0,5.32221929473392,False,2.0,plated_volume_uL=10; plating_condition=1; n0_source=none_available
era4tb,M. tuberculosis,standard,,none,0.0,xMIC,0.0,era4tb_E_untreated_r2,,2.0,4.84509804001426,False,2.0,plated_volume_uL=10; plating_condition=2; n0_source=none_available
era4tb,M. tuberculosis,standard,,none,0.0,xMIC,0.0,era4tb_E_untreated_r2,,2.0,5.20411998265593,False,2.6020599913279625,plated_volume_uL=2.5; plating_condition=3; n0_source=none_available
era4tb,M. tuberculosis,standard,,none,0.0,xMIC,0.0,era4tb_E_untreated_r2,,3.0,6.07918124604763,False,1.0,plated_volume_uL=100; plating_condition=0; n0_source=none_available
era4tb,M. tuberculosis,standard,,none,0.0,xMIC,0.0,era4tb_E_untreated_r2,,3.0,6.36172783601759,False,2.0,plated_volume_uL=10; plating_condition=1; n0_source=none_available
era4tb,M. tuberculosis,standard,,none,0.0,xMIC,0.0,era4tb_E_untreated_r2,,3.0,6.14612803567824,False,2.0,plated_volume_uL=10; plating_condition=2; n0_source=none_available
era4tb,M. tuberculosis,standard,,none,0.0,xMIC,0.0,era4tb_E_untreated_r2,,3.0,5.80617997398389,False,2.6020599913279625,plated_volume_uL=2.5; plating_condition=3; n0_source=none_available
era4tb,M. tuberculosis,standard,,none,0.0,xMIC,0.0,era4tb_E_untreated_r2,,7.0,6.65321251377534,False,1.0,plated_volume_uL=100; plating_condition=0; n0_source=none_available
era4tb,M. tuberculosis,standard,,none,0.0,xMIC,0.0,era4tb_E_untreated_r2,,7.0,6.64345267648619,False,2.0,plated_volume_uL=10; plating_condition=1; n0_source=none_available
era4tb,M. tuberculosis,standard,,none,0.0,xMIC,0.0,era4tb_E_untreated_r2,,7.0,6.47712125471966,False,2.0,plated_volume_uL=10; plating_condition=2; n0_source=none_available
era4tb,M. tuberculosis,standard,,none,0.0,xMIC,0.0,era4tb_E_untreated_r2,,7.0,6.22530928172586,False,2.6020599913279625,plated_volume_uL=2.5; plating_condition=3; n0_source=none_available
era4tb,M. tuberculosis,standard,,none,0.0,xMIC,0.0,era4tb_E_untreated_r2,,10.0,6.69019608002851,False,1.0,plated_volume_uL=100; plating_condition=0; n0_source=none_available
era4tb,M. tuberculosis,standard,,none,0.0,xMIC,0.0,era4tb_E_untreated_r2,,10.0,7.25527250510331,False,2.0,plated_volume_uL=10; plating_condition=1; n0_source=none_available
era4tb,M. tuberculosis,standard,,none,0.0,xMIC,0.0,era4tb_E_untreated_r2,,10.0,7.25527250510331,False,2.0,plated_volume_uL=10; plating_condition=2; n0_source=none_available
era4tb,M. tuberculosis,standard,,none,0.0,xMIC,0.0,era4tb_E_untreated_r2,,10.0,7.14612803567824,False,2.6020599913279625,plated_volume_uL=2.5; plating_condition=3; n0_source=none_available
era4tb,M. tuberculosis,standard,,none,0.0,xMIC,0.0,era4tb_E_untreated_r2,,14.0,7.25527250510331,False,1.0,plated_volume_uL=100; plating_condition=0; n0_source=none_available
era4tb,M. tuberculosis,standard,,none,0.0,xMIC,0.0,era4tb_E_untreated_r2,,14.0,7.68124123737559,False,2.0,plated_volume_uL=10; plating_condition=1; n0_source=none_available
era4tb,M. tuberculosis,standard,,none,0.0,xMIC,0.0,era4tb_E_untreated_r2,,14.0,7.07918124604763,False,2.0,plated_volume_uL=10; plating_condition=2; n0_source=none_available
era4tb,M. tuberculosis,standard,,none,0.0,xMIC,0.0,era4tb_E_untreated_r2,,14.0,7.50514997831991,False,2.6020599913279625,plated_volume_uL=2.5; plating_condition=3; n0_source=none_available
era4tb,M. tuberculosis,standard,,none,0.0,xMIC,0.0,era4tb_E_untreated_r2,,21.0,7.84509804001426,False,1.0,plated_volume_uL=100; plating_condition=0; n0_source=none_available
era4tb,M. tuberculosis,standard,,none,0.0,xMIC,0.0,era4tb_E_untreated_r2,,21.0,8.11394335230684,False,2.0,plated_volume_uL=10; plating_condition=1; n0_source=none_available
era4tb,M. tuberculosis,standard,,none,0.0,xMIC,0.0,era4tb_E_untreated_r2,,21.0,7.84509804001426,False,2.0,plated_volume_uL=10; plating_condition=2; n0_source=none_available
era4tb,M. tuberculosis,standard,,none,0.0,xMIC,0.0,era4tb_E_untreated_r2,,21.0,7.90308998699194,False,2.6020599913279625,plated_volume_uL=2.5; plating_condition=3; n0_source=none_available
era4tb,M. tuberculosis,standard,,none,0.0,xMIC,0.0,era4tb_E_untreated_r3,,1.0,,False,1.0,plated_volume_uL=100; plating_condition=0; no_value_reported_not_censored; n0_source=none_available
era4tb,M. tuberculosis,standard,,none,0.0,xMIC,0.0,era4tb_E_untreated_r3,,1.0,5.38021124171161,False,2.0,plated_volume_uL=10; plating_condition=1; n0_source=none_available
era4tb,M. tuberculosis,standard,,none,0.0,xMIC,0.0,era4tb_E_untreated_r3,,1.0,5.14612803567824,False,2.0,plated_volume_uL=10; plating_condition=2; n0_source=none_available
era4tb,M. tuberculosis,standard,,none,0.0,xMIC,0.0,era4tb_E_untreated_r3,,1.0,5.44715803134222,False,2.6020599913279625,plated_volume_uL=2.5; plating_condition=3; n0_source=none_available
era4tb,M. tuberculosis,standard,,none,0.0,xMIC,0.0,era4tb_E_untreated_r3,,2.0,4.69897000433602,False,1.0,plated_volume_uL=100; plating_condition=0; n0_source=none_available
era4tb,M. tuberculosis,standard,,none,0.0,xMIC,0.0,era4tb_E_untreated_r3,,2.0,5.34242268082221,False,2.0,plated_volume_uL=10; plating_condition=1; n0_source=none_available
era4tb,M. tuberculosis,standard,,none,0.0,xMIC,0.0,era4tb_E_untreated_r3,,2.0,5.04139268515823,False,2.0,plated_volume_uL=10; plating_condition=2; n0_source=none_available
era4tb,M. tuberculosis,standard,,none,0.0,xMIC,0.0,era4tb_E_untreated_r3,,2.0,5.20411998265593,False,2.6020599913279625,plated_volume_uL=2.5; plating_condition=3; n0_source=none_available
era4tb,M. tuberculosis,standard,,none,0.0,xMIC,0.0,era4tb_E_untreated_r3,,3.0,6.27875360095283,False,1.0,plated_volume_uL=100; plating_condition=0; n0_source=none_available
era4tb,M. tuberculosis,standard,,none,0.0,xMIC,0.0,era4tb_E_untreated_r3,,3.0,6.50514997831991,False,2.0,plated_volume_uL=10; plating_condition=1; n0_source=none_available
era4tb,M. tuberculosis,standard,,none,0.0,xMIC,0.0,era4tb_E_untreated_r3,,3.0,6.46239799789896,False,2.0,plated_volume_uL=10; plating_condition=2; n0_source=none_available
era4tb,M. tuberculosis,standard,,none,0.0,xMIC,0.0,era4tb_E_untreated_r3,,3.0,5.98227123303957,False,2.6020599913279625,plated_volume_uL=2.5; plating_condition=3; n0_source=none_available
era4tb,M. tuberculosis,standard,,none,0.0,xMIC,0.0,era4tb_E_untreated_r3,,7.0,6.49136169383427,False,1.0,plated_volume_uL=100; plating_condition=0; n0_source=none_available
era4tb,M. tuberculosis,standard,,none,0.0,xMIC,0.0,era4tb_E_untreated_r3,,7.0,6.54406804435028,False,2.0,plated_volume_uL=10; plating_condition=1; n0_source=none_available
era4tb,M. tuberculosis,standard,,none,0.0,xMIC,0.0,era4tb_E_untreated_r3,,7.0,6.47712125471966,False,2.0,plated_volume_uL=10; plating_condition=2; n0_source=none_available
era4tb,M. tuberculosis,standard,,none,0.0,xMIC,0.0,era4tb_E_untreated_r3,,7.0,6.24551266781415,False,2.6020599913279625,plated_volume_uL=2.5; plating_condition=3; n0_source=none_available
era4tb,M. tuberculosis,standard,,none,0.0,xMIC,0.0,era4tb_E_untreated_r3,,10.0,6.88649072517248,False,1.0,plated_volume_uL=100; plating_condition=0; n0_source=none_available
era4tb,M. tuberculosis,standard,,none,0.0,xMIC,0.0,era4tb_E_untreated_r3,,10.0,7.25527250510331,False,2.0,plated_volume_uL=10; plating_condition=1; n0_source=none_available
era4tb,M. tuberculosis,standard,,none,0.0,xMIC,0.0,era4tb_E_untreated_r3,,10.0,7.17609125905568,False,2.0,plated_volume_uL=10; plating_condition=2; n0_source=none_available
era4tb,M. tuberculosis,standard,,none,0.0,xMIC,0.0,era4tb_E_untreated_r3,,10.0,7.07918124604763,False,2.6020599913279625,plated_volume_uL=2.5; plating_condition=3; n0_source=none_available
era4tb,M. tuberculosis,standard,,none,0.0,xMIC,0.0,era4tb_E_untreated_r3,,14.0,7.6232492903979,False,1.0,plated_volume_uL=100; plating_condition=0; n0_source=none_available
era4tb,M. tuberculosis,standard,,none,0.0,xMIC,0.0,era4tb_E_untreated_r3,,14.0,7.74036268949424,False,2.0,plated_volume_uL=10; plating_condition=1; n0_source=none_available
era4tb,M. tuberculosis,standard,,none,0.0,xMIC,0.0,era4tb_E_untreated_r3,,14.0,,False,2.0,plated_volume_uL=10; plating_condition=2; no_value_reported_not_censored; n0_source=none_available
era4tb,M. tuberculosis,standard,,none,0.0,xMIC,0.0,era4tb_E_untreated_r3,,14.0,7.38021124171161,False,2.6020599913279625,plated_volume_uL=2.5; plating_condition=3; n0_source=none_available
era4tb,M. tuberculosis,standard,,none,0.0,xMIC,0.0,era4tb_E_untreated_r3,,21.0,7.83250891270624,False,1.0,plated_volume_uL=100; plating_condition=0; n0_source=none_available
era4tb,M. tuberculosis,standard,,none,0.0,xMIC,0.0,era4tb_E_untreated_r3,,21.0,7.84509804001426,False,2.0,plated_volume_uL=10; plating_condition=1; n0_source=none_available
era4tb,M. tuberculosis,standard,,none,0.0,xMIC,0.0,era4tb_E_untreated_r3,,21.0,7.60205999132796,False,2.0,plated_volume_uL=10; plating_condition=2; n0_source=none_available
era4tb,M. tuberculosis,standard,,none,0.0,xMIC,0.0,era4tb_E_untreated_r3,,21.0,7.7160033436348,False,2.6020599913279625,plated_volume_uL=2.5; plating_condition=3; n0_source=none_available
era4tb,M. tuberculosis,standard,,isoniazid,10.0,xMIC,10.0,era4tb_F_INH10x_r1,6.86923171973098,1.0,6.86923171973098,False,1.0,plated_volume_uL=100; plating_condition=0; n0_source_days=1
era4tb,M. tuberculosis,standard,,isoniazid,10.0,xMIC,10.0,era4tb_F_INH10x_r1,6.86923171973098,1.0,5.90308998699194,False,2.0,plated_volume_uL=10; plating_condition=1; n0_source_days=1
era4tb,M. tuberculosis,standard,,isoniazid,10.0,xMIC,10.0,era4tb_F_INH10x_r1,6.86923171973098,1.0,6.23044892137827,False,2.0,plated_volume_uL=10; plating_condition=2; n0_source_days=1
era4tb,M. tuberculosis,standard,,isoniazid,10.0,xMIC,10.0,era4tb_F_INH10x_r1,6.86923171973098,1.0,6.30102999566398,False,2.6020599913279625,plated_volume_uL=2.5; plating_condition=3; n0_source_days=1
era4tb,M. tuberculosis,standard,,isoniazid,10.0,xMIC,10.0,era4tb_F_INH10x_r1,6.86923171973098,2.0,5.74036268949424,False,1.0,plated_volume_uL=100; plating_condition=0; n0_source_days=1
era4tb,M. tuberculosis,standard,,isoniazid,10.0,xMIC,10.0,era4tb_F_INH10x_r1,6.86923171973098,2.0,4.84509804001426,False,2.0,plated_volume_uL=10; plating_condition=1; n0_source_days=1
era4tb,M. tuberculosis,standard,,isoniazid,10.0,xMIC,10.0,era4tb_F_INH10x_r1,6.86923171973098,2.0,5.60205999132796,False,2.0,plated_volume_uL=10; plating_condition=2; n0_source_days=1
era4tb,M. tuberculosis,standard,,isoniazid,10.0,xMIC,10.0,era4tb_F_INH10x_r1,6.86923171973098,2.0,4.20411998265593,False,2.6020599913279625,plated_volume_uL=2.5; plating_condition=3; n0_source_days=1
era4tb,M. tuberculosis,standard,,isoniazid,10.0,xMIC,10.0,era4tb_F_INH10x_r1,6.86923171973098,3.0,4.65321251377534,False,1.0,plated_volume_uL=100; plating_condition=0; n0_source_days=1
era4tb,M. tuberculosis,standard,,isoniazid,10.0,xMIC,10.0,era4tb_F_INH10x_r1,6.86923171973098,3.0,4.38021124171161,False,2.0,plated_volume_uL=10; plating_condition=1; n0_source_days=1
era4tb,M. tuberculosis,standard,,isoniazid,10.0,xMIC,10.0,era4tb_F_INH10x_r1,6.86923171973098,3.0,4.30102999566398,False,2.0,plated_volume_uL=10; plating_condition=2; n0_source_days=1
era4tb,M. tuberculosis,standard,,isoniazid,10.0,xMIC,10.0,era4tb_F_INH10x_r1,6.86923171973098,3.0,3.64345267648619,False,2.6020599913279625,plated_volume_uL=2.5; plating_condition=3; n0_source_days=1
era4tb,M. tuberculosis,standard,,isoniazid,10.0,xMIC,10.0,era4tb_F_INH10x_r1,6.86923171973098,7.0,3.14612803567824,False,1.0,plated_volume_uL=100; plating_condition=0; n0_source_days=1
era4tb,M. tuberculosis,standard,,isoniazid,10.0,xMIC,10.0,era4tb_F_INH10x_r1,6.86923171973098,7.0,,False,2.0,plated_volume_uL=10; plating_condition=1; no_value_reported_not_censored; n0_source_days=1
era4tb,M. tuberculosis,standard,,isoniazid,10.0,xMIC,10.0,era4tb_F_INH10x_r1,6.86923171973098,7.0,3.30102999566398,False,2.0,plated_volume_uL=10; plating_condition=2; n0_source_days=1
era4tb,M. tuberculosis,standard,,isoniazid,10.0,xMIC,10.0,era4tb_F_INH10x_r1,6.86923171973098,7.0,3.20411998265592,False,2.6020599913279625,plated_volume_uL=2.5; plating_condition=3; n0_source_days=1
era4tb,M. tuberculosis,standard,,isoniazid,10.0,xMIC,10.0,era4tb_F_INH10x_r1,6.86923171973098,10.0,4.0,False,1.0,plated_volume_uL=100; plating_condition=0; n0_source_days=1
era4tb,M. tuberculosis,standard,,isoniazid,10.0,xMIC,10.0,era4tb_F_INH10x_r1,6.86923171973098,10.0,3.53655844257153,False,2.0,plated_volume_uL=10; plating_condition=1; n0_source_days=1
era4tb,M. tuberculosis,standard,,isoniazid,10.0,xMIC,10.0,era4tb_F_INH10x_r1,6.86923171973098,10.0,5.0,False,2.0,plated_volume_uL=10; plating_condition=2; n0_source_days=1
era4tb,M. tuberculosis,standard,,isoniazid,10.0,xMIC,10.0,era4tb_F_INH10x_r1,6.86923171973098,10.0,3.64345267648619,False,2.6020599913279625,plated_volume_uL=2.5; plating_condition=3; n0_source_days=1
era4tb,M. tuberculosis,standard,,isoniazid,10.0,xMIC,10.0,era4tb_F_INH10x_r1,6.86923171973098,15.0,4.55630250076729,False,1.0,plated_volume_uL=100; plating_condition=0; n0_source_days=1
era4tb,M. tuberculosis,standard,,isoniazid,10.0,xMIC,10.0,era4tb_F_INH10x_r1,6.86923171973098,15.0,4.22530928172586,False,2.0,plated_volume_uL=10; plating_condition=1; n0_source_days=1
era4tb,M. tuberculosis,standard,,isoniazid,10.0,xMIC,10.0,era4tb_F_INH10x_r1,6.86923171973098,15.0,4.20411998265593,False,2.0,plated_volume_uL=10; plating_condition=2; n0_source_days=1
era4tb,M. tuberculosis,standard,,isoniazid,10.0,xMIC,10.0,era4tb_F_INH10x_r1,6.86923171973098,15.0,4.68124123737559,False,2.6020599913279625,plated_volume_uL=2.5; plating_condition=3; n0_source_days=1
era4tb,M. tuberculosis,standard,,isoniazid,10.0,xMIC,10.0,era4tb_F_INH10x_r1,6.86923171973098,21.0,5.51851393987789,False,1.0,plated_volume_uL=100; plating_condition=0; n0_source_days=1
era4tb,M. tuberculosis,standard,,isoniazid,10.0,xMIC,10.0,era4tb_F_INH10x_r1,6.86923171973098,21.0,5.19865708695442,False,2.0,plated_volume_uL=10; plating_condition=1; n0_source_days=1
era4tb,M. tuberculosis,standard,,isoniazid,10.0,xMIC,10.0,era4tb_F_INH10x_r1,6.86923171973098,21.0,5.69897000433602,False,2.0,plated_volume_uL=10; plating_condition=2; n0_source_days=1
era4tb,M. tuberculosis,standard,,isoniazid,10.0,xMIC,10.0,era4tb_F_INH10x_r1,6.86923171973098,21.0,5.44715803134222,False,2.6020599913279625,plated_volume_uL=2.5; plating_condition=3; n0_source_days=1
era4tb,M. tuberculosis,standard,,isoniazid,10.0,xMIC,10.0,era4tb_F_INH10x_r2,6.83884909073726,1.0,6.83884909073726,False,1.0,plated_volume_uL=100; plating_condition=0; n0_source_days=1
era4tb,M. tuberculosis,standard,,isoniazid,10.0,xMIC,10.0,era4tb_F_INH10x_r2,6.83884909073726,1.0,6.14612803567824,False,2.0,plated_volume_uL=10; plating_condition=1; n0_source_days=1
era4tb,M. tuberculosis,standard,,isoniazid,10.0,xMIC,10.0,era4tb_F_INH10x_r2,6.83884909073726,1.0,5.77815125038364,False,2.0,plated_volume_uL=10; plating_condition=2; n0_source_days=1
era4tb,M. tuberculosis,standard,,isoniazid,10.0,xMIC,10.0,era4tb_F_INH10x_r2,6.83884909073726,1.0,6.68124123737559,False,2.6020599913279625,plated_volume_uL=2.5; plating_condition=3; n0_source_days=1
era4tb,M. tuberculosis,standard,,isoniazid,10.0,xMIC,10.0,era4tb_F_INH10x_r2,6.83884909073726,2.0,5.75587485567249,False,1.0,plated_volume_uL=100; plating_condition=0; n0_source_days=1
era4tb,M. tuberculosis,standard,,isoniazid,10.0,xMIC,10.0,era4tb_F_INH10x_r2,6.83884909073726,2.0,4.77815125038364,False,2.0,plated_volume_uL=10; plating_condition=1; n0_source_days=1
era4tb,M. tuberculosis,standard,,isoniazid,10.0,xMIC,10.0,era4tb_F_INH10x_r2,6.83884909073726,2.0,5.30102999566398,False,2.0,plated_volume_uL=10; plating_condition=2; n0_source_days=1
era4tb,M. tuberculosis,standard,,isoniazid,10.0,xMIC,10.0,era4tb_F_INH10x_r2,6.83884909073726,2.0,4.38021124171161,False,2.6020599913279625,plated_volume_uL=2.5; plating_condition=3; n0_source_days=1
era4tb,M. tuberculosis,standard,,isoniazid,10.0,xMIC,10.0,era4tb_F_INH10x_r2,6.83884909073726,3.0,4.66275783168157,False,1.0,plated_volume_uL=100; plating_condition=0; n0_source_days=1
era4tb,M. tuberculosis,standard,,isoniazid,10.0,xMIC,10.0,era4tb_F_INH10x_r2,6.83884909073726,3.0,4.36172783601759,False,2.0,plated_volume_uL=10; plating_condition=1; n0_source_days=1
era4tb,M. tuberculosis,standard,,isoniazid,10.0,xMIC,10.0,era4tb_F_INH10x_r2,6.83884909073726,3.0,4.20411998265593,False,2.0,plated_volume_uL=10; plating_condition=2; n0_source_days=1
era4tb,M. tuberculosis,standard,,isoniazid,10.0,xMIC,10.0,era4tb_F_INH10x_r2,6.83884909073726,3.0,3.60205999132796,False,2.6020599913279625,plated_volume_uL=2.5; plating_condition=3; n0_source_days=1
era4tb,M. tuberculosis,standard,,isoniazid,10.0,xMIC,10.0,era4tb_F_INH10x_r2,6.83884909073726,7.0,3.11394335230684,False,1.0,plated_volume_uL=100; plating_condition=0; n0_source_days=1
era4tb,M. tuberculosis,standard,,isoniazid,10.0,xMIC,10.0,era4tb_F_INH10x_r2,6.83884909073726,7.0,2.77815125038364,False,2.0,plated_volume_uL=10; plating_condition=1; n0_source_days=1
era4tb,M. tuberculosis,standard,,isoniazid,10.0,xMIC,10.0,era4tb_F_INH10x_r2,6.83884909073726,7.0,,True,2.0,plated_volume_uL=10; plating_condition=2; below_limit_of_quantification; n0_source_days=1; bql_contradicted_by_another_plating_of_same_sample_by_1.11_log10
era4tb,M. tuberculosis,standard,,isoniazid,10.0,xMIC,10.0,era4tb_F_INH10x_r2,6.83884909073726,7.0,2.90308998699194,False,2.6020599913279625,plated_volume_uL=2.5; plating_condition=3; n0_source_days=1
era4tb,M. tuberculosis,standard,,isoniazid,10.0,xMIC,10.0,era4tb_F_INH10x_r2,6.83884909073726,10.0,3.77815125038364,False,1.0,plated_volume_uL=100; plating_condition=0; n0_source_days=1
era4tb,M. tuberculosis,standard,,isoniazid,10.0,xMIC,10.0,era4tb_F_INH10x_r2,6.83884909073726,10.0,3.59328606702046,False,2.0,plated_volume_uL=10; plating_condition=1; n0_source_days=1
era4tb,M. tuberculosis,standard,,isoniazid,10.0,xMIC,10.0,era4tb_F_INH10x_r2,6.83884909073726,10.0,5.0,False,2.0,plated_volume_uL=10; plating_condition=2; n0_source_days=1
era4tb,M. tuberculosis,standard,,isoniazid,10.0,xMIC,10.0,era4tb_F_INH10x_r2,6.83884909073726,10.0,3.92427928606188,False,2.6020599913279625,plated_volume_uL=2.5; plating_condition=3; n0_source_days=1
era4tb,M. tuberculosis,standard,,isoniazid,10.0,xMIC,10.0,era4tb_F_INH10x_r2,6.83884909073726,15.0,4.55630250076729,False,1.0,plated_volume_uL=100; plating_condition=0; n0_source_days=1
era4tb,M. tuberculosis,standard,,isoniazid,10.0,xMIC,10.0,era4tb_F_INH10x_r2,6.83884909073726,15.0,4.17609125905568,False,2.0,plated_volume_uL=10; plating_condition=1; n0_source_days=1
era4tb,M. tuberculosis,standard,,isoniazid,10.0,xMIC,10.0,era4tb_F_INH10x_r2,6.83884909073726,15.0,4.51851393987789,False,2.0,plated_volume_uL=10; plating_condition=2; n0_source_days=1
era4tb,M. tuberculosis,standard,,isoniazid,10.0,xMIC,10.0,era4tb_F_INH10x_r2,6.83884909073726,15.0,4.30102999566398,False,2.6020599913279625,plated_volume_uL=2.5; plating_condition=3; n0_source_days=1
era4tb,M. tuberculosis,standard,,isoniazid,10.0,xMIC,10.0,era4tb_F_INH10x_r2,6.83884909073726,21.0,5.41497334797082,False,1.0,plated_volume_uL=100; plating_condition=0; n0_source_days=1
era4tb,M. tuberculosis,standard,,isoniazid,10.0,xMIC,10.0,era4tb_F_INH10x_r2,6.83884909073726,21.0,5.39445168082622,False,2.0,plated_volume_uL=10; plating_condition=1; n0_source_days=1
era4tb,M. tuberculosis,standard,,isoniazid,10.0,xMIC,10.0,era4tb_F_INH10x_r2,6.83884909073726,21.0,5.84509804001426,False,2.0,plated_volume_uL=10; plating_condition=2; n0_source_days=1
era4tb,M. tuberculosis,standard,,isoniazid,10.0,xMIC,10.0,era4tb_F_INH10x_r2,6.83884909073726,21.0,5.7160033436348,False,2.6020599913279625,plated_volume_uL=2.5; plating_condition=3; n0_source_days=1
era4tb,M. tuberculosis,standard,,isoniazid,10.0,xMIC,10.0,era4tb_F_INH10x_r3,6.46239799789896,1.0,6.46239799789896,False,1.0,plated_volume_uL=100; plating_condition=0; n0_source_days=1
era4tb,M. tuberculosis,standard,,isoniazid,10.0,xMIC,10.0,era4tb_F_INH10x_r3,6.46239799789896,1.0,5.95424250943933,False,2.0,plated_volume_uL=10; plating_condition=1; n0_source_days=1
era4tb,M. tuberculosis,standard,,isoniazid,10.0,xMIC,10.0,era4tb_F_INH10x_r3,6.46239799789896,1.0,5.95424250943933,False,2.0,plated_volume_uL=10; plating_condition=2; n0_source_days=1
era4tb,M. tuberculosis,standard,,isoniazid,10.0,xMIC,10.0,era4tb_F_INH10x_r3,6.46239799789896,1.0,6.44715803134222,False,2.6020599913279625,plated_volume_uL=2.5; plating_condition=3; n0_source_days=1
era4tb,M. tuberculosis,standard,,isoniazid,10.0,xMIC,10.0,era4tb_F_INH10x_r3,6.46239799789896,2.0,5.68124123737559,False,1.0,plated_volume_uL=100; plating_condition=0; n0_source_days=1
era4tb,M. tuberculosis,standard,,isoniazid,10.0,xMIC,10.0,era4tb_F_INH10x_r3,6.46239799789896,2.0,4.23044892137827,False,2.0,plated_volume_uL=10; plating_condition=1; n0_source_days=1
era4tb,M. tuberculosis,standard,,isoniazid,10.0,xMIC,10.0,era4tb_F_INH10x_r3,6.46239799789896,2.0,5.47712125471966,False,2.0,plated_volume_uL=10; plating_condition=2; n0_source_days=1
era4tb,M. tuberculosis,standard,,isoniazid,10.0,xMIC,10.0,era4tb_F_INH10x_r3,6.46239799789896,2.0,4.44715803134222,False,2.6020599913279625,plated_volume_uL=2.5; plating_condition=3; n0_source_days=1
era4tb,M. tuberculosis,standard,,isoniazid,10.0,xMIC,10.0,era4tb_F_INH10x_r3,6.46239799789896,3.0,4.51851393987789,False,1.0,plated_volume_uL=100; plating_condition=0; n0_source_days=1
era4tb,M. tuberculosis,standard,,isoniazid,10.0,xMIC,10.0,era4tb_F_INH10x_r3,6.46239799789896,3.0,4.27875360095283,False,2.0,plated_volume_uL=10; plating_condition=1; n0_source_days=1
era4tb,M. tuberculosis,standard,,isoniazid,10.0,xMIC,10.0,era4tb_F_INH10x_r3,6.46239799789896,3.0,4.20411998265593,False,2.0,plated_volume_uL=10; plating_condition=2; n0_source_days=1
era4tb,M. tuberculosis,standard,,isoniazid,10.0,xMIC,10.0,era4tb_F_INH10x_r3,6.46239799789896,3.0,3.80617997398389,False,2.6020599913279625,plated_volume_uL=2.5; plating_condition=3; n0_source_days=1
era4tb,M. tuberculosis,standard,,isoniazid,10.0,xMIC,10.0,era4tb_F_INH10x_r3,6.46239799789896,7.0,3.07918124604762,False,1.0,plated_volume_uL=100; plating_condition=0; n0_source_days=1
era4tb,M. tuberculosis,standard,,isoniazid,10.0,xMIC,10.0,era4tb_F_INH10x_r3,6.46239799789896,7.0,3.14612803567824,False,2.0,plated_volume_uL=10; plating_condition=1; n0_source_days=1
era4tb,M. tuberculosis,standard,,isoniazid,10.0,xMIC,10.0,era4tb_F_INH10x_r3,6.46239799789896,7.0,,True,2.0,plated_volume_uL=10; plating_condition=2; below_limit_of_quantification; n0_source_days=1; bql_contradicted_by_another_plating_of_same_sample_by_1.15_log10
era4tb,M. tuberculosis,standard,,isoniazid,10.0,xMIC,10.0,era4tb_F_INH10x_r3,6.46239799789896,7.0,2.90308998699194,False,2.6020599913279625,plated_volume_uL=2.5; plating_condition=3; n0_source_days=1
era4tb,M. tuberculosis,standard,,isoniazid,10.0,xMIC,10.0,era4tb_F_INH10x_r3,6.46239799789896,10.0,3.77815125038364,False,1.0,plated_volume_uL=100; plating_condition=0; n0_source_days=1
era4tb,M. tuberculosis,standard,,isoniazid,10.0,xMIC,10.0,era4tb_F_INH10x_r3,6.46239799789896,10.0,3.61066016308988,False,2.0,plated_volume_uL=10; plating_condition=1; n0_source_days=1
era4tb,M. tuberculosis,standard,,isoniazid,10.0,xMIC,10.0,era4tb_F_INH10x_r3,6.46239799789896,10.0,5.0,False,2.0,plated_volume_uL=10; plating_condition=2; n0_source_days=1
era4tb,M. tuberculosis,standard,,isoniazid,10.0,xMIC,10.0,era4tb_F_INH10x_r3,6.46239799789896,10.0,3.7481880270062,False,2.6020599913279625,plated_volume_uL=2.5; plating_condition=3; n0_source_days=1
era4tb,M. tuberculosis,standard,,isoniazid,10.0,xMIC,10.0,era4tb_F_INH10x_r3,6.46239799789896,15.0,4.89762709129044,False,1.0,plated_volume_uL=100; plating_condition=0; n0_source_days=1
era4tb,M. tuberculosis,standard,,isoniazid,10.0,xMIC,10.0,era4tb_F_INH10x_r3,6.46239799789896,15.0,4.18752072083646,False,2.0,plated_volume_uL=10; plating_condition=1; n0_source_days=1
era4tb,M. tuberculosis,standard,,isoniazid,10.0,xMIC,10.0,era4tb_F_INH10x_r3,6.46239799789896,15.0,4.64345267648619,False,2.0,plated_volume_uL=10; plating_condition=2; n0_source_days=1
era4tb,M. tuberculosis,standard,,isoniazid,10.0,xMIC,10.0,era4tb_F_INH10x_r3,6.46239799789896,15.0,4.50514997831991,False,2.6020599913279625,plated_volume_uL=2.5; plating_condition=3; n0_source_days=1
era4tb,M. tuberculosis,standard,,isoniazid,10.0,xMIC,10.0,era4tb_F_INH10x_r3,6.46239799789896,21.0,5.47712125471966,False,1.0,plated_volume_uL=100; plating_condition=0; n0_source_days=1
era4tb,M. tuberculosis,standard,,isoniazid,10.0,xMIC,10.0,era4tb_F_INH10x_r3,6.46239799789896,21.0,5.16435285578444,False,2.0,plated_volume_uL=10; plating_condition=1; n0_source_days=1
era4tb,M. tuberculosis,standard,,isoniazid,10.0,xMIC,10.0,era4tb_F_INH10x_r3,6.46239799789896,21.0,6.27875360095283,False,2.0,plated_volume_uL=10; plating_condition=2; n0_source_days=1
era4tb,M. tuberculosis,standard,,isoniazid,10.0,xMIC,10.0,era4tb_F_INH10x_r3,6.46239799789896,21.0,5.50514997831991,False,2.6020599913279625,plated_volume_uL=2.5; plating_condition=3; n0_source_days=1
era4tb,M. tuberculosis,standard,,isoniazid,1.0,xMIC,1.0,era4tb_F_INH1x_r1,6.69897000433602,1.0,6.69897000433602,False,1.0,plated_volume_uL=100; plating_condition=0; n0_source_days=1
era4tb,M. tuberculosis,standard,,isoniazid,1.0,xMIC,1.0,era4tb_F_INH1x_r1,6.69897000433602,1.0,5.90308998699194,False,2.0,plated_volume_uL=10; plating_condition=1; n0_source_days=1
era4tb,M. tuberculosis,standard,,isoniazid,1.0,xMIC,1.0,era4tb_F_INH1x_r1,6.69897000433602,1.0,6.14612803567824,False,2.0,plated_volume_uL=10; plating_condition=2; n0_source_days=1
era4tb,M. tuberculosis,standard,,isoniazid,1.0,xMIC,1.0,era4tb_F_INH1x_r1,6.69897000433602,1.0,4.64345267648619,False,2.6020599913279625,plated_volume_uL=2.5; plating_condition=3; n0_source_days=1
era4tb,M. tuberculosis,standard,,isoniazid,1.0,xMIC,1.0,era4tb_F_INH1x_r1,6.69897000433602,2.0,5.32221929473392,False,1.0,plated_volume_uL=100; plating_condition=0; n0_source_days=1
era4tb,M. tuberculosis,standard,,isoniazid,1.0,xMIC,1.0,era4tb_F_INH1x_r1,6.69897000433602,2.0,4.34242268082221,False,2.0,plated_volume_uL=10; plating_condition=1; n0_source_days=1
era4tb,M. tuberculosis,standard,,isoniazid,1.0,xMIC,1.0,era4tb_F_INH1x_r1,6.69897000433602,2.0,5.0,False,2.0,plated_volume_uL=10; plating_condition=2; n0_source_days=1
era4tb,M. tuberculosis,standard,,isoniazid,1.0,xMIC,1.0,era4tb_F_INH1x_r1,6.69897000433602,2.0,4.38021124171161,False,2.6020599913279625,plated_volume_uL=2.5; plating_condition=3; n0_source_days=1
era4tb,M. tuberculosis,standard,,isoniazid,1.0,xMIC,1.0,era4tb_F_INH1x_r1,6.69897000433602,3.0,4.5910646070265,False,1.0,plated_volume_uL=100; plating_condition=0; n0_source_days=1
era4tb,M. tuberculosis,standard,,isoniazid,1.0,xMIC,1.0,era4tb_F_INH1x_r1,6.69897000433602,3.0,,False,2.0,plated_volume_uL=10; plating_condition=1; no_value_reported_not_censored; n0_source_days=1
era4tb,M. tuberculosis,standard,,isoniazid,1.0,xMIC,1.0,era4tb_F_INH1x_r1,6.69897000433602,3.0,4.11394335230684,False,2.0,plated_volume_uL=10; plating_condition=2; n0_source_days=1
era4tb,M. tuberculosis,standard,,isoniazid,1.0,xMIC,1.0,era4tb_F_INH1x_r1,6.69897000433602,3.0,4.77815125038364,False,2.6020599913279625,plated_volume_uL=2.5; plating_condition=3; n0_source_days=1
era4tb,M. tuberculosis,standard,,isoniazid,1.0,xMIC,1.0,era4tb_F_INH1x_r1,6.69897000433602,7.0,3.5910646070265,False,1.0,plated_volume_uL=100; plating_condition=0; n0_source_days=1
era4tb,M. tuberculosis,standard,,isoniazid,1.0,xMIC,1.0,era4tb_F_INH1x_r1,6.69897000433602,7.0,3.17609125905568,False,2.0,plated_volume_uL=10; plating_condition=1; n0_source_days=1
era4tb,M. tuberculosis,standard,,isoniazid,1.0,xMIC,1.0,era4tb_F_INH1x_r1,6.69897000433602,7.0,3.47712125471966,False,2.0,plated_volume_uL=10; plating_condition=2; n0_source_days=1
era4tb,M. tuberculosis,standard,,isoniazid,1.0,xMIC,1.0,era4tb_F_INH1x_r1,6.69897000433602,7.0,2.60205999132796,False,2.6020599913279625,plated_volume_uL=2.5; plating_condition=3; n0_source_days=1
era4tb,M. tuberculosis,standard,,isoniazid,1.0,xMIC,1.0,era4tb_F_INH1x_r1,6.69897000433602,10.0,3.95424250943932,False,1.0,plated_volume_uL=100; plating_condition=0; n0_source_days=1
era4tb,M. tuberculosis,standard,,isoniazid,1.0,xMIC,1.0,era4tb_F_INH1x_r1,6.69897000433602,10.0,3.54654266347813,False,2.0,plated_volume_uL=10; plating_condition=1; n0_source_days=1
era4tb,M. tuberculosis,standard,,isoniazid,1.0,xMIC,1.0,era4tb_F_INH1x_r1,6.69897000433602,10.0,,True,2.0,plated_volume_uL=10; plating_condition=2; below_limit_of_quantification; n0_source_days=1; bql_contradicted_by_another_plating_of_same_sample_by_1.95_log10
era4tb,M. tuberculosis,standard,,isoniazid,1.0,xMIC,1.0,era4tb_F_INH1x_r1,6.69897000433602,10.0,3.7481880270062,False,2.6020599913279625,plated_volume_uL=2.5; plating_condition=3; n0_source_days=1
era4tb,M. tuberculosis,standard,,isoniazid,1.0,xMIC,1.0,era4tb_F_INH1x_r1,6.69897000433602,15.0,5.04139268515823,False,1.0,plated_volume_uL=100; plating_condition=0; n0_source_days=1
era4tb,M. tuberculosis,standard,,isoniazid,1.0,xMIC,1.0,era4tb_F_INH1x_r1,6.69897000433602,15.0,4.49415459401844,False,2.0,plated_volume_uL=10; plating_condition=1; n0_source_days=1
era4tb,M. tuberculosis,standard,,isoniazid,1.0,xMIC,1.0,era4tb_F_INH1x_r1,6.69897000433602,15.0,4.46239799789896,False,2.0,plated_volume_uL=10; plating_condition=2; n0_source_days=1
era4tb,M. tuberculosis,standard,,isoniazid,1.0,xMIC,1.0,era4tb_F_INH1x_r1,6.69897000433602,15.0,4.50514997831991,False,2.6020599913279625,plated_volume_uL=2.5; plating_condition=3; n0_source_days=1
era4tb,M. tuberculosis,standard,,isoniazid,1.0,xMIC,1.0,era4tb_F_INH1x_r1,6.69897000433602,21.0,5.69019608002851,False,1.0,plated_volume_uL=100; plating_condition=0; n0_source_days=1
era4tb,M. tuberculosis,standard,,isoniazid,1.0,xMIC,1.0,era4tb_F_INH1x_r1,6.69897000433602,21.0,5.31806333496276,False,2.0,plated_volume_uL=10; plating_condition=1; n0_source_days=1
era4tb,M. tuberculosis,standard,,isoniazid,1.0,xMIC,1.0,era4tb_F_INH1x_r1,6.69897000433602,21.0,5.84509804001426,False,2.0,plated_volume_uL=10; plating_condition=2; n0_source_days=1
era4tb,M. tuberculosis,standard,,isoniazid,1.0,xMIC,1.0,era4tb_F_INH1x_r1,6.69897000433602,21.0,5.77815125038364,False,2.6020599913279625,plated_volume_uL=2.5; plating_condition=3; n0_source_days=1
era4tb,M. tuberculosis,standard,,isoniazid,1.0,xMIC,1.0,era4tb_F_INH1x_r2,7.01703333929878,1.0,7.01703333929878,False,1.0,plated_volume_uL=100; plating_condition=0; n0_source_days=1
era4tb,M. tuberculosis,standard,,isoniazid,1.0,xMIC,1.0,era4tb_F_INH1x_r2,7.01703333929878,1.0,6.17609125905568,False,2.0,plated_volume_uL=10; plating_condition=1; n0_source_days=1
era4tb,M. tuberculosis,standard,,isoniazid,1.0,xMIC,1.0,era4tb_F_INH1x_r2,7.01703333929878,1.0,6.20411998265593,False,2.0,plated_volume_uL=10; plating_condition=2; n0_source_days=1
era4tb,M. tuberculosis,standard,,isoniazid,1.0,xMIC,1.0,era4tb_F_INH1x_r2,7.01703333929878,1.0,4.44715803134222,False,2.6020599913279625,plated_volume_uL=2.5; plating_condition=3; n0_source_days=1
era4tb,M. tuberculosis,standard,,isoniazid,1.0,xMIC,1.0,era4tb_F_INH1x_r2,7.01703333929878,2.0,5.53147891704226,False,1.0,plated_volume_uL=100; plating_condition=0; n0_source_days=1
era4tb,M. tuberculosis,standard,,isoniazid,1.0,xMIC,1.0,era4tb_F_INH1x_r2,7.01703333929878,2.0,4.20411998265593,False,2.0,plated_volume_uL=10; plating_condition=1; n0_source_days=1
era4tb,M. tuberculosis,standard,,isoniazid,1.0,xMIC,1.0,era4tb_F_INH1x_r2,7.01703333929878,2.0,4.90308998699194,False,2.0,plated_volume_uL=10; plating_condition=2; n0_source_days=1
era4tb,M. tuberculosis,standard,,isoniazid,1.0,xMIC,1.0,era4tb_F_INH1x_r2,7.01703333929878,2.0,4.50514997831991,False,2.6020599913279625,plated_volume_uL=2.5; plating_condition=3; n0_source_days=1
era4tb,M. tuberculosis,standard,,isoniazid,1.0,xMIC,1.0,era4tb_F_INH1x_r2,7.01703333929878,3.0,4.54406804435028,False,1.0,plated_volume_uL=100; plating_condition=0; n0_source_days=1
era4tb,M. tuberculosis,standard,,isoniazid,1.0,xMIC,1.0,era4tb_F_INH1x_r2,7.01703333929878,3.0,4.34242268082221,False,2.0,plated_volume_uL=10; plating_condition=1; n0_source_days=1
era4tb,M. tuberculosis,standard,,isoniazid,1.0,xMIC,1.0,era4tb_F_INH1x_r2,7.01703333929878,3.0,4.04139268515823,False,2.0,plated_volume_uL=10; plating_condition=2; n0_source_days=1
era4tb,M. tuberculosis,standard,,isoniazid,1.0,xMIC,1.0,era4tb_F_INH1x_r2,7.01703333929878,3.0,4.68124123737559,False,2.6020599913279625,plated_volume_uL=2.5; plating_condition=3; n0_source_days=1
era4tb,M. tuberculosis,standard,,isoniazid,1.0,xMIC,1.0,era4tb_F_INH1x_r2,7.01703333929878,7.0,3.34242268082221,False,1.0,plated_volume_uL=100; plating_condition=0; n0_source_days=1
era4tb,M. tuberculosis,standard,,isoniazid,1.0,xMIC,1.0,era4tb_F_INH1x_r2,7.01703333929878,7.0,3.25527250510331,False,2.0,plated_volume_uL=10; plating_condition=1; n0_source_days=1
era4tb,M. tuberculosis,standard,,isoniazid,1.0,xMIC,1.0,era4tb_F_INH1x_r2,7.01703333929878,7.0,3.77815125038364,False,2.0,plated_volume_uL=10; plating_condition=2; n0_source_days=1
era4tb,M. tuberculosis,standard,,isoniazid,1.0,xMIC,1.0,era4tb_F_INH1x_r2,7.01703333929878,7.0,3.30102999566398,False,2.6020599913279625,plated_volume_uL=2.5; plating_condition=3; n0_source_days=1
era4tb,M. tuberculosis,standard,,isoniazid,1.0,xMIC,1.0,era4tb_F_INH1x_r2,7.01703333929878,10.0,3.90308998699194,False,1.0,plated_volume_uL=100; plating_condition=0; n0_source_days=1
era4tb,M. tuberculosis,standard,,isoniazid,1.0,xMIC,1.0,era4tb_F_INH1x_r2,7.01703333929878,10.0,3.53402610605613,False,2.0,plated_volume_uL=10; plating_condition=1; n0_source_days=1
era4tb,M. tuberculosis,standard,,isoniazid,1.0,xMIC,1.0,era4tb_F_INH1x_r2,7.01703333929878,10.0,,True,2.0,plated_volume_uL=10; plating_condition=2; below_limit_of_quantification; n0_source_days=1; bql_contradicted_by_another_plating_of_same_sample_by_1.9_log10
era4tb,M. tuberculosis,standard,,isoniazid,1.0,xMIC,1.0,era4tb_F_INH1x_r2,7.01703333929878,10.0,3.68124123737559,False,2.6020599913279625,plated_volume_uL=2.5; plating_condition=3; n0_source_days=1
era4tb,M. tuberculosis,standard,,isoniazid,1.0,xMIC,1.0,era4tb_F_INH1x_r2,7.01703333929878,15.0,5.07918124604763,False,1.0,plated_volume_uL=100; plating_condition=0; n0_source_days=1
era4tb,M. tuberculosis,standard,,isoniazid,1.0,xMIC,1.0,era4tb_F_INH1x_r2,7.01703333929878,15.0,4.46834733041216,False,2.0,plated_volume_uL=10; plating_condition=1; n0_source_days=1
era4tb,M. tuberculosis,standard,,isoniazid,1.0,xMIC,1.0,era4tb_F_INH1x_r2,7.01703333929878,15.0,4.73239375982297,False,2.0,plated_volume_uL=10; plating_condition=2; n0_source_days=1
era4tb,M. tuberculosis,standard,,isoniazid,1.0,xMIC,1.0,era4tb_F_INH1x_r2,7.01703333929878,15.0,4.64345267648619,False,2.6020599913279625,plated_volume_uL=2.5; plating_condition=3; n0_source_days=1
era4tb,M. tuberculosis,standard,,isoniazid,1.0,xMIC,1.0,era4tb_F_INH1x_r2,7.01703333929878,21.0,5.80617997398389,False,1.0,plated_volume_uL=100; plating_condition=0; n0_source_days=1
era4tb,M. tuberculosis,standard,,isoniazid,1.0,xMIC,1.0,era4tb_F_INH1x_r2,7.01703333929878,21.0,5.40823996531185,False,2.0,plated_volume_uL=10; plating_condition=1; n0_source_days=1
era4tb,M. tuberculosis,standard,,isoniazid,1.0,xMIC,1.0,era4tb_F_INH1x_r2,7.01703333929878,21.0,5.95424250943933,False,2.0,plated_volume_uL=10; plating_condition=2; n0_source_days=1
era4tb,M. tuberculosis,standard,,isoniazid,1.0,xMIC,1.0,era4tb_F_INH1x_r2,7.01703333929878,21.0,5.64345267648619,False,2.6020599913279625,plated_volume_uL=2.5; plating_condition=3; n0_source_days=1
era4tb,M. tuberculosis,standard,,isoniazid,1.0,xMIC,1.0,era4tb_F_INH1x_r3,6.90848501887865,1.0,6.90848501887865,False,1.0,plated_volume_uL=100; plating_condition=0; n0_source_days=1
era4tb,M. tuberculosis,standard,,isoniazid,1.0,xMIC,1.0,era4tb_F_INH1x_r3,6.90848501887865,1.0,5.95424250943933,False,2.0,plated_volume_uL=10; plating_condition=1; n0_source_days=1
era4tb,M. tuberculosis,standard,,isoniazid,1.0,xMIC,1.0,era4tb_F_INH1x_r3,6.90848501887865,1.0,6.04139268515823,False,2.0,plated_volume_uL=10; plating_condition=2; n0_source_days=1
era4tb,M. tuberculosis,standard,,isoniazid,1.0,xMIC,1.0,era4tb_F_INH1x_r3,6.90848501887865,1.0,4.55630250076729,False,2.6020599913279625,plated_volume_uL=2.5; plating_condition=3; n0_source_days=1
era4tb,M. tuberculosis,standard,,isoniazid,1.0,xMIC,1.0,era4tb_F_INH1x_r3,6.90848501887865,2.0,5.38021124171161,False,1.0,plated_volume_uL=100; plating_condition=0; n0_source_days=1
era4tb,M. tuberculosis,standard,,isoniazid,1.0,xMIC,1.0,era4tb_F_INH1x_r3,6.90848501887865,2.0,4.38021124171161,False,2.0,plated_volume_uL=10; plating_condition=1; n0_source_days=1
era4tb,M. tuberculosis,standard,,isoniazid,1.0,xMIC,1.0,era4tb_F_INH1x_r3,6.90848501887865,2.0,4.90308998699194,False,2.0,plated_volume_uL=10; plating_condition=2; n0_source_days=1
era4tb,M. tuberculosis,standard,,isoniazid,1.0,xMIC,1.0,era4tb_F_INH1x_r3,6.90848501887865,2.0,4.50514997831991,False,2.6020599913279625,plated_volume_uL=2.5; plating_condition=3; n0_source_days=1
era4tb,M. tuberculosis,standard,,isoniazid,1.0,xMIC,1.0,era4tb_F_INH1x_r3,6.90848501887865,3.0,4.75587485567249,False,1.0,plated_volume_uL=100; plating_condition=0; n0_source_days=1
era4tb,M. tuberculosis,standard,,isoniazid,1.0,xMIC,1.0,era4tb_F_INH1x_r3,6.90848501887865,3.0,4.32221929473392,False,2.0,plated_volume_uL=10; plating_condition=1; n0_source_days=1
era4tb,M. tuberculosis,standard,,isoniazid,1.0,xMIC,1.0,era4tb_F_INH1x_r3,6.90848501887865,3.0,4.11394335230684,False,2.0,plated_volume_uL=10; plating_condition=2; n0_source_days=1
era4tb,M. tuberculosis,standard,,isoniazid,1.0,xMIC,1.0,era4tb_F_INH1x_r3,6.90848501887865,3.0,4.55630250076729,False,2.6020599913279625,plated_volume_uL=2.5; plating_condition=3; n0_source_days=1
era4tb,M. tuberculosis,standard,,isoniazid,1.0,xMIC,1.0,era4tb_F_INH1x_r3,6.90848501887865,7.0,3.43136376415899,False,1.0,plated_volume_uL=100; plating_condition=0; n0_source_days=1
era4tb,M. tuberculosis,standard,,isoniazid,1.0,xMIC,1.0,era4tb_F_INH1x_r3,6.90848501887865,7.0,3.25527250510331,False,2.0,plated_volume_uL=10; plating_condition=1; n0_source_days=1
era4tb,M. tuberculosis,standard,,isoniazid,1.0,xMIC,1.0,era4tb_F_INH1x_r3,6.90848501887865,7.0,3.60205999132796,False,2.0,plated_volume_uL=10; plating_condition=2; n0_source_days=1
era4tb,M. tuberculosis,standard,,isoniazid,1.0,xMIC,1.0,era4tb_F_INH1x_r3,6.90848501887865,7.0,3.38021124171161,False,2.6020599913279625,plated_volume_uL=2.5; plating_condition=3; n0_source_days=1
era4tb,M. tuberculosis,standard,,isoniazid,1.0,xMIC,1.0,era4tb_F_INH1x_r3,6.90848501887865,10.0,3.84509804001426,False,1.0,plated_volume_uL=100; plating_condition=0; n0_source_days=1
era4tb,M. tuberculosis,standard,,isoniazid,1.0,xMIC,1.0,era4tb_F_INH1x_r3,6.90848501887865,10.0,3.60205999132796,False,2.0,plated_volume_uL=10; plating_condition=1; n0_source_days=1
era4tb,M. tuberculosis,standard,,isoniazid,1.0,xMIC,1.0,era4tb_F_INH1x_r3,6.90848501887865,10.0,,True,2.0,plated_volume_uL=10; plating_condition=2; below_limit_of_quantification; n0_source_days=1; bql_contradicted_by_another_plating_of_same_sample_by_1.85_log10
era4tb,M. tuberculosis,standard,,isoniazid,1.0,xMIC,1.0,era4tb_F_INH1x_r3,6.90848501887865,10.0,3.7481880270062,False,2.6020599913279625,plated_volume_uL=2.5; plating_condition=3; n0_source_days=1
era4tb,M. tuberculosis,standard,,isoniazid,1.0,xMIC,1.0,era4tb_F_INH1x_r3,6.90848501887865,15.0,4.90308998699194,False,1.0,plated_volume_uL=100; plating_condition=0; n0_source_days=1
era4tb,M. tuberculosis,standard,,isoniazid,1.0,xMIC,1.0,era4tb_F_INH1x_r3,6.90848501887865,15.0,4.42160392686983,False,2.0,plated_volume_uL=10; plating_condition=1; n0_source_days=1
era4tb,M. tuberculosis,standard,,isoniazid,1.0,xMIC,1.0,era4tb_F_INH1x_r3,6.90848501887865,15.0,4.36172783601759,False,2.0,plated_volume_uL=10; plating_condition=2; n0_source_days=1
era4tb,M. tuberculosis,standard,,isoniazid,1.0,xMIC,1.0,era4tb_F_INH1x_r3,6.90848501887865,15.0,4.68124123737559,False,2.6020599913279625,plated_volume_uL=2.5; plating_condition=3; n0_source_days=1
era4tb,M. tuberculosis,standard,,isoniazid,1.0,xMIC,1.0,era4tb_F_INH1x_r3,6.90848501887865,21.0,5.81291335664286,False,1.0,plated_volume_uL=100; plating_condition=0; n0_source_days=1
era4tb,M. tuberculosis,standard,,isoniazid,1.0,xMIC,1.0,era4tb_F_INH1x_r3,6.90848501887865,21.0,5.44404479591808,False,2.0,plated_volume_uL=10; plating_condition=1; n0_source_days=1
era4tb,M. tuberculosis,standard,,isoniazid,1.0,xMIC,1.0,era4tb_F_INH1x_r3,6.90848501887865,21.0,5.47712125471966,False,2.0,plated_volume_uL=10; plating_condition=2; n0_source_days=1
era4tb,M. tuberculosis,standard,,isoniazid,1.0,xMIC,1.0,era4tb_F_INH1x_r3,6.90848501887865,21.0,5.7160033436348,False,2.6020599913279625,plated_volume_uL=2.5; plating_condition=3; n0_source_days=1
era4tb,M. tuberculosis,standard,,moxifloxacin,10.0,xMIC,10.0,era4tb_F_MXF10x_r1,6.23044892137827,1.0,6.23044892137827,False,1.0,plated_volume_uL=100; plating_condition=0; n0_source_days=1
era4tb,M. tuberculosis,standard,,moxifloxacin,10.0,xMIC,10.0,era4tb_F_MXF10x_r1,6.23044892137827,1.0,5.30102999566398,False,2.0,plated_volume_uL=10; plating_condition=1; n0_source_days=1
era4tb,M. tuberculosis,standard,,moxifloxacin,10.0,xMIC,10.0,era4tb_F_MXF10x_r1,6.23044892137827,1.0,5.47712125471966,False,2.0,plated_volume_uL=10; plating_condition=2; n0_source_days=1
era4tb,M. tuberculosis,standard,,moxifloxacin,10.0,xMIC,10.0,era4tb_F_MXF10x_r1,6.23044892137827,1.0,5.60205999132796,False,2.6020599913279625,plated_volume_uL=2.5; plating_condition=3; n0_source_days=1
era4tb,M. tuberculosis,standard,,moxifloxacin,10.0,xMIC,10.0,era4tb_F_MXF10x_r1,6.23044892137827,2.0,5.69897000433602,False,1.0,plated_volume_uL=100; plating_condition=0; n0_source_days=1
era4tb,M. tuberculosis,standard,,moxifloxacin,10.0,xMIC,10.0,era4tb_F_MXF10x_r1,6.23044892137827,2.0,,False,2.0,plated_volume_uL=10; plating_condition=1; no_value_reported_not_censored; n0_source_days=1
era4tb,M. tuberculosis,standard,,moxifloxacin,10.0,xMIC,10.0,era4tb_F_MXF10x_r1,6.23044892137827,2.0,5.0,False,2.0,plated_volume_uL=10; plating_condition=2; n0_source_days=1
era4tb,M. tuberculosis,standard,,moxifloxacin,10.0,xMIC,10.0,era4tb_F_MXF10x_r1,6.23044892137827,2.0,4.44715803134222,False,2.6020599913279625,plated_volume_uL=2.5; plating_condition=3; n0_source_days=1
era4tb,M. tuberculosis,standard,,moxifloxacin,10.0,xMIC,10.0,era4tb_F_MXF10x_r1,6.23044892137827,3.0,4.77815125038364,False,1.0,plated_volume_uL=100; plating_condition=0; n0_source_days=1
era4tb,M. tuberculosis,standard,,moxifloxacin,10.0,xMIC,10.0,era4tb_F_MXF10x_r1,6.23044892137827,3.0,4.23044892137827,False,2.0,plated_volume_uL=10; plating_condition=1; n0_source_days=1
era4tb,M. tuberculosis,standard,,moxifloxacin,10.0,xMIC,10.0,era4tb_F_MXF10x_r1,6.23044892137827,3.0,4.34242268082221,False,2.0,plated_volume_uL=10; plating_condition=2; n0_source_days=1
era4tb,M. tuberculosis,standard,,moxifloxacin,10.0,xMIC,10.0,era4tb_F_MXF10x_r1,6.23044892137827,3.0,4.60205999132796,False,2.6020599913279625,plated_volume_uL=2.5; plating_condition=3; n0_source_days=1
era4tb,M. tuberculosis,standard,,moxifloxacin,10.0,xMIC,10.0,era4tb_F_MXF10x_r1,6.23044892137827,7.0,3.69897000433602,False,1.0,plated_volume_uL=100; plating_condition=0; n0_source_days=1
era4tb,M. tuberculosis,standard,,moxifloxacin,10.0,xMIC,10.0,era4tb_F_MXF10x_r1,6.23044892137827,7.0,3.85733249643127,False,2.0,plated_volume_uL=10; plating_condition=1; n0_source_days=1
era4tb,M. tuberculosis,standard,,moxifloxacin,10.0,xMIC,10.0,era4tb_F_MXF10x_r1,6.23044892137827,7.0,3.84509804001426,False,2.0,plated_volume_uL=10; plating_condition=2; n0_source_days=1
era4tb,M. tuberculosis,standard,,moxifloxacin,10.0,xMIC,10.0,era4tb_F_MXF10x_r1,6.23044892137827,7.0,3.7481880270062,False,2.6020599913279625,plated_volume_uL=2.5; plating_condition=3; n0_source_days=1
era4tb,M. tuberculosis,standard,,moxifloxacin,10.0,xMIC,10.0,era4tb_F_MXF10x_r1,6.23044892137827,10.0,3.68124123737559,False,1.0,plated_volume_uL=100; plating_condition=0; n0_source_days=1
era4tb,M. tuberculosis,standard,,moxifloxacin,10.0,xMIC,10.0,era4tb_F_MXF10x_r1,6.23044892137827,10.0,3.44090908206522,False,2.0,plated_volume_uL=10; plating_condition=1; n0_source_days=1
era4tb,M. tuberculosis,standard,,moxifloxacin,10.0,xMIC,10.0,era4tb_F_MXF10x_r1,6.23044892137827,10.0,3.60205999132796,False,2.0,plated_volume_uL=10; plating_condition=2; n0_source_days=1
era4tb,M. tuberculosis,standard,,moxifloxacin,10.0,xMIC,10.0,era4tb_F_MXF10x_r1,6.23044892137827,10.0,3.50514997831991,False,2.6020599913279625,plated_volume_uL=2.5; plating_condition=3; n0_source_days=1
era4tb,M. tuberculosis,standard,,moxifloxacin,10.0,xMIC,10.0,era4tb_F_MXF10x_r1,6.23044892137827,15.0,2.95424250943932,False,1.0,plated_volume_uL=100; plating_condition=0; n0_source_days=1
era4tb,M. tuberculosis,standard,,moxifloxacin,10.0,xMIC,10.0,era4tb_F_MXF10x_r1,6.23044892137827,15.0,3.01703333929878,False,2.0,plated_volume_uL=10; plating_condition=1; n0_source_days=1
era4tb,M. tuberculosis,standard,,moxifloxacin,10.0,xMIC,10.0,era4tb_F_MXF10x_r1,6.23044892137827,15.0,3.60205999132796,False,2.0,plated_volume_uL=10; plating_condition=2; n0_source_days=1
era4tb,M. tuberculosis,standard,,moxifloxacin,10.0,xMIC,10.0,era4tb_F_MXF10x_r1,6.23044892137827,15.0,2.90308998699194,False,2.6020599913279625,plated_volume_uL=2.5; plating_condition=3; n0_source_days=1
era4tb,M. tuberculosis,standard,,moxifloxacin,10.0,xMIC,10.0,era4tb_F_MXF10x_r1,6.23044892137827,21.0,2.0,False,1.0,plated_volume_uL=100; plating_condition=0; n0_source_days=1
era4tb,M. tuberculosis,standard,,moxifloxacin,10.0,xMIC,10.0,era4tb_F_MXF10x_r1,6.23044892137827,21.0,2.41497334797082,False,2.0,plated_volume_uL=10; plating_condition=1; n0_source_days=1
era4tb,M. tuberculosis,standard,,moxifloxacin,10.0,xMIC,10.0,era4tb_F_MXF10x_r1,6.23044892137827,21.0,,True,2.0,plated_volume_uL=10; plating_condition=2; below_limit_of_quantification; n0_source_days=1; bql_contradicted_by_another_plating_of_same_sample_by_0.41_log10
era4tb,M. tuberculosis,standard,,moxifloxacin,10.0,xMIC,10.0,era4tb_F_MXF10x_r1,6.23044892137827,21.0,,True,2.6020599913279625,plated_volume_uL=2.5; plating_condition=3; below_limit_of_quantification; n0_source_days=1
era4tb,M. tuberculosis,standard,,moxifloxacin,10.0,xMIC,10.0,era4tb_F_MXF10x_r2,6.14612803567824,1.0,6.14612803567824,False,1.0,plated_volume_uL=100; plating_condition=0; n0_source_days=1
era4tb,M. tuberculosis,standard,,moxifloxacin,10.0,xMIC,10.0,era4tb_F_MXF10x_r2,6.14612803567824,1.0,5.47712125471966,False,2.0,plated_volume_uL=10; plating_condition=1; n0_source_days=1
era4tb,M. tuberculosis,standard,,moxifloxacin,10.0,xMIC,10.0,era4tb_F_MXF10x_r2,6.14612803567824,1.0,5.69897000433602,False,2.0,plated_volume_uL=10; plating_condition=2; n0_source_days=1
era4tb,M. tuberculosis,standard,,moxifloxacin,10.0,xMIC,10.0,era4tb_F_MXF10x_r2,6.14612803567824,1.0,5.90308998699194,False,2.6020599913279625,plated_volume_uL=2.5; plating_condition=3; n0_source_days=1
era4tb,M. tuberculosis,standard,,moxifloxacin,10.0,xMIC,10.0,era4tb_F_MXF10x_r2,6.14612803567824,2.0,5.17609125905568,False,1.0,plated_volume_uL=100; plating_condition=0; n0_source_days=1
era4tb,M. tuberculosis,standard,,moxifloxacin,10.0,xMIC,10.0,era4tb_F_MXF10x_r2,6.14612803567824,2.0,,False,2.0,plated_volume_uL=10; plating_condition=1; no_value_reported_not_censored; n0_source_days=1
era4tb,M. tuberculosis,standard,,moxifloxacin,10.0,xMIC,10.0,era4tb_F_MXF10x_r2,6.14612803567824,2.0,5.04139268515823,False,2.0,plated_volume_uL=10; plating_condition=2; n0_source_days=1
era4tb,M. tuberculosis,standard,,moxifloxacin,10.0,xMIC,10.0,era4tb_F_MXF10x_r2,6.14612803567824,2.0,4.44715803134222,False,2.6020599913279625,plated_volume_uL=2.5; plating_condition=3; n0_source_days=1
era4tb,M. tuberculosis,standard,,moxifloxacin,10.0,xMIC,10.0,era4tb_F_MXF10x_r2,6.14612803567824,3.0,4.79239168949825,False,1.0,plated_volume_uL=100; plating_condition=0; n0_source_days=1
era4tb,M. tuberculosis,standard,,moxifloxacin,10.0,xMIC,10.0,era4tb_F_MXF10x_r2,6.14612803567824,3.0,4.20411998265593,False,2.0,plated_volume_uL=10; plating_condition=1; n0_source_days=1
era4tb,M. tuberculosis,standard,,moxifloxacin,10.0,xMIC,10.0,era4tb_F_MXF10x_r2,6.14612803567824,3.0,4.34242268082221,False,2.0,plated_volume_uL=10; plating_condition=2; n0_source_days=1
era4tb,M. tuberculosis,standard,,moxifloxacin,10.0,xMIC,10.0,era4tb_F_MXF10x_r2,6.14612803567824,3.0,4.55630250076729,False,2.6020599913279625,plated_volume_uL=2.5; plating_condition=3; n0_source_days=1
era4tb,M. tuberculosis,standard,,moxifloxacin,10.0,xMIC,10.0,era4tb_F_MXF10x_r2,6.14612803567824,7.0,4.25527250510331,False,1.0,plated_volume_uL=100; plating_condition=0; n0_source_days=1
era4tb,M. tuberculosis,standard,,moxifloxacin,10.0,xMIC,10.0,era4tb_F_MXF10x_r2,6.14612803567824,7.0,3.7481880270062,False,2.0,plated_volume_uL=10; plating_condition=1; n0_source_days=1
era4tb,M. tuberculosis,standard,,moxifloxacin,10.0,xMIC,10.0,era4tb_F_MXF10x_r2,6.14612803567824,7.0,3.30102999566398,False,2.0,plated_volume_uL=10; plating_condition=2; n0_source_days=1
era4tb,M. tuberculosis,standard,,moxifloxacin,10.0,xMIC,10.0,era4tb_F_MXF10x_r2,6.14612803567824,7.0,3.7481880270062,False,2.6020599913279625,plated_volume_uL=2.5; plating_condition=3; n0_source_days=1
era4tb,M. tuberculosis,standard,,moxifloxacin,10.0,xMIC,10.0,era4tb_F_MXF10x_r2,6.14612803567824,10.0,3.64345267648619,False,1.0,plated_volume_uL=100; plating_condition=0; n0_source_days=1
era4tb,M. tuberculosis,standard,,moxifloxacin,10.0,xMIC,10.0,era4tb_F_MXF10x_r2,6.14612803567824,10.0,3.37106786227174,False,2.0,plated_volume_uL=10; plating_condition=1; n0_source_days=1
era4tb,M. tuberculosis,standard,,moxifloxacin,10.0,xMIC,10.0,era4tb_F_MXF10x_r2,6.14612803567824,10.0,3.0,False,2.0,plated_volume_uL=10; plating_condition=2; n0_source_days=1
era4tb,M. tuberculosis,standard,,moxifloxacin,10.0,xMIC,10.0,era4tb_F_MXF10x_r2,6.14612803567824,10.0,3.30102999566398,False,2.6020599913279625,plated_volume_uL=2.5; plating_condition=3; n0_source_days=1
era4tb,M. tuberculosis,standard,,moxifloxacin,10.0,xMIC,10.0,era4tb_F_MXF10x_r2,6.14612803567824,15.0,3.0,False,1.0,plated_volume_uL=100; plating_condition=0; n0_source_days=1
era4tb,M. tuberculosis,standard,,moxifloxacin,10.0,xMIC,10.0,era4tb_F_MXF10x_r2,6.14612803567824,15.0,2.94448267215017,False,2.0,plated_volume_uL=10; plating_condition=1; n0_source_days=1
era4tb,M. tuberculosis,standard,,moxifloxacin,10.0,xMIC,10.0,era4tb_F_MXF10x_r2,6.14612803567824,15.0,3.0,False,2.0,plated_volume_uL=10; plating_condition=2; n0_source_days=1
era4tb,M. tuberculosis,standard,,moxifloxacin,10.0,xMIC,10.0,era4tb_F_MXF10x_r2,6.14612803567824,15.0,3.07918124604762,False,2.6020599913279625,plated_volume_uL=2.5; plating_condition=3; n0_source_days=1
era4tb,M. tuberculosis,standard,,moxifloxacin,10.0,xMIC,10.0,era4tb_F_MXF10x_r2,6.14612803567824,21.0,2.90308998699194,False,1.0,plated_volume_uL=100; plating_condition=0; n0_source_days=1
era4tb,M. tuberculosis,standard,,moxifloxacin,10.0,xMIC,10.0,era4tb_F_MXF10x_r2,6.14612803567824,21.0,2.92427928606188,False,2.0,plated_volume_uL=10; plating_condition=1; n0_source_days=1
era4tb,M. tuberculosis,standard,,moxifloxacin,10.0,xMIC,10.0,era4tb_F_MXF10x_r2,6.14612803567824,21.0,3.30102999566398,False,2.0,plated_volume_uL=10; plating_condition=2; n0_source_days=1
era4tb,M. tuberculosis,standard,,moxifloxacin,10.0,xMIC,10.0,era4tb_F_MXF10x_r2,6.14612803567824,21.0,3.07918124604762,False,2.6020599913279625,plated_volume_uL=2.5; plating_condition=3; n0_source_days=1
era4tb,M. tuberculosis,standard,,moxifloxacin,10.0,xMIC,10.0,era4tb_F_MXF10x_r3,6.11394335230684,1.0,6.11394335230684,False,1.0,plated_volume_uL=100; plating_condition=0; n0_source_days=1
era4tb,M. tuberculosis,standard,,moxifloxacin,10.0,xMIC,10.0,era4tb_F_MXF10x_r3,6.11394335230684,1.0,5.47712125471966,False,2.0,plated_volume_uL=10; plating_condition=1; n0_source_days=1
era4tb,M. tuberculosis,standard,,moxifloxacin,10.0,xMIC,10.0,era4tb_F_MXF10x_r3,6.11394335230684,1.0,5.30102999566398,False,2.0,plated_volume_uL=10; plating_condition=2; n0_source_days=1
era4tb,M. tuberculosis,standard,,moxifloxacin,10.0,xMIC,10.0,era4tb_F_MXF10x_r3,6.11394335230684,1.0,5.90308998699194,False,2.6020599913279625,plated_volume_uL=2.5; plating_condition=3; n0_source_days=1
era4tb,M. tuberculosis,standard,,moxifloxacin,10.0,xMIC,10.0,era4tb_F_MXF10x_r3,6.11394335230684,2.0,5.38021124171161,False,1.0,plated_volume_uL=100; plating_condition=0; n0_source_days=1
era4tb,M. tuberculosis,standard,,moxifloxacin,10.0,xMIC,10.0,era4tb_F_MXF10x_r3,6.11394335230684,2.0,4.34242268082221,False,2.0,plated_volume_uL=10; plating_condition=1; n0_source_days=1
era4tb,M. tuberculosis,standard,,moxifloxacin,10.0,xMIC,10.0,era4tb_F_MXF10x_r3,6.11394335230684,2.0,4.90308998699194,False,2.0,plated_volume_uL=10; plating_condition=2; n0_source_days=1
era4tb,M. tuberculosis,standard,,moxifloxacin,10.0,xMIC,10.0,era4tb_F_MXF10x_r3,6.11394335230684,2.0,4.60205999132796,False,2.6020599913279625,plated_volume_uL=2.5; plating_condition=3; n0_source_days=1
era4tb,M. tuberculosis,standard,,moxifloxacin,10.0,xMIC,10.0,era4tb_F_MXF10x_r3,6.11394335230684,3.0,4.66275783168157,False,1.0,plated_volume_uL=100; plating_condition=0; n0_source_days=1
era4tb,M. tuberculosis,standard,,moxifloxacin,10.0,xMIC,10.0,era4tb_F_MXF10x_r3,6.11394335230684,3.0,4.27875360095283,False,2.0,plated_volume_uL=10; plating_condition=1; n0_source_days=1
era4tb,M. tuberculosis,standard,,moxifloxacin,10.0,xMIC,10.0,era4tb_F_MXF10x_r3,6.11394335230684,3.0,4.43136376415899,False,2.0,plated_volume_uL=10; plating_condition=2; n0_source_days=1
era4tb,M. tuberculosis,standard,,moxifloxacin,10.0,xMIC,10.0,era4tb_F_MXF10x_r3,6.11394335230684,3.0,4.38021124171161,False,2.6020599913279625,plated_volume_uL=2.5; plating_condition=3; n0_source_days=1
era4tb,M. tuberculosis,standard,,moxifloxacin,10.0,xMIC,10.0,era4tb_F_MXF10x_r3,6.11394335230684,7.0,4.20411998265593,False,1.0,plated_volume_uL=100; plating_condition=0; n0_source_days=1
era4tb,M. tuberculosis,standard,,moxifloxacin,10.0,xMIC,10.0,era4tb_F_MXF10x_r3,6.11394335230684,7.0,3.84509804001426,False,2.0,plated_volume_uL=10; plating_condition=1; n0_source_days=1
era4tb,M. tuberculosis,standard,,moxifloxacin,10.0,xMIC,10.0,era4tb_F_MXF10x_r3,6.11394335230684,7.0,3.90308998699194,False,2.0,plated_volume_uL=10; plating_condition=2; n0_source_days=1
era4tb,M. tuberculosis,standard,,moxifloxacin,10.0,xMIC,10.0,era4tb_F_MXF10x_r3,6.11394335230684,7.0,3.7160033436348,False,2.6020599913279625,plated_volume_uL=2.5; plating_condition=3; n0_source_days=1
era4tb,M. tuberculosis,standard,,moxifloxacin,10.0,xMIC,10.0,era4tb_F_MXF10x_r3,6.11394335230684,10.0,3.69019608002851,False,1.0,plated_volume_uL=100; plating_condition=0; n0_source_days=1
era4tb,M. tuberculosis,standard,,moxifloxacin,10.0,xMIC,10.0,era4tb_F_MXF10x_r3,6.11394335230684,10.0,3.42160392686983,False,2.0,plated_volume_uL=10; plating_condition=1; n0_source_days=1
era4tb,M. tuberculosis,standard,,moxifloxacin,10.0,xMIC,10.0,era4tb_F_MXF10x_r3,6.11394335230684,10.0,3.84509804001426,False,2.0,plated_volume_uL=10; plating_condition=2; n0_source_days=1
era4tb,M. tuberculosis,standard,,moxifloxacin,10.0,xMIC,10.0,era4tb_F_MXF10x_r3,6.11394335230684,10.0,2.90308998699194,False,2.6020599913279625,plated_volume_uL=2.5; plating_condition=3; n0_source_days=1
era4tb,M. tuberculosis,standard,,moxifloxacin,10.0,xMIC,10.0,era4tb_F_MXF10x_r3,6.11394335230684,15.0,3.07918124604762,False,1.0,plated_volume_uL=100; plating_condition=0; n0_source_days=1
era4tb,M. tuberculosis,standard,,moxifloxacin,10.0,xMIC,10.0,era4tb_F_MXF10x_r3,6.11394335230684,15.0,2.93449845124357,False,2.0,plated_volume_uL=10; plating_condition=1; n0_source_days=1
era4tb,M. tuberculosis,standard,,moxifloxacin,10.0,xMIC,10.0,era4tb_F_MXF10x_r3,6.11394335230684,15.0,3.69897000433602,False,2.0,plated_volume_uL=10; plating_condition=2; n0_source_days=1
era4tb,M. tuberculosis,standard,,moxifloxacin,10.0,xMIC,10.0,era4tb_F_MXF10x_r3,6.11394335230684,15.0,3.20411998265592,False,2.6020599913279625,plated_volume_uL=2.5; plating_condition=3; n0_source_days=1
era4tb,M. tuberculosis,standard,,moxifloxacin,10.0,xMIC,10.0,era4tb_F_MXF10x_r3,6.11394335230684,21.0,2.30102999566398,False,1.0,plated_volume_uL=100; plating_condition=0; n0_source_days=1
era4tb,M. tuberculosis,standard,,moxifloxacin,10.0,xMIC,10.0,era4tb_F_MXF10x_r3,6.11394335230684,21.0,2.30102999566398,False,2.0,plated_volume_uL=10; plating_condition=1; n0_source_days=1
era4tb,M. tuberculosis,standard,,moxifloxacin,10.0,xMIC,10.0,era4tb_F_MXF10x_r3,6.11394335230684,21.0,,True,2.0,plated_volume_uL=10; plating_condition=2; below_limit_of_quantification; n0_source_days=1; bql_contradicted_by_another_plating_of_same_sample_by_0.6_log10
era4tb,M. tuberculosis,standard,,moxifloxacin,10.0,xMIC,10.0,era4tb_F_MXF10x_r3,6.11394335230684,21.0,2.60205999132796,False,2.6020599913279625,plated_volume_uL=2.5; plating_condition=3; n0_source_days=1
era4tb,M. tuberculosis,standard,,moxifloxacin,1.0,xMIC,1.0,era4tb_F_MXF1x_r1,6.88081359228079,1.0,6.88081359228079,False,1.0,plated_volume_uL=100; plating_condition=0; n0_source_days=1
era4tb,M. tuberculosis,standard,,moxifloxacin,1.0,xMIC,1.0,era4tb_F_MXF1x_r1,6.88081359228079,1.0,6.17609125905568,False,2.0,plated_volume_uL=10; plating_condition=1; n0_source_days=1
era4tb,M. tuberculosis,standard,,moxifloxacin,1.0,xMIC,1.0,era4tb_F_MXF1x_r1,6.88081359228079,1.0,6.17609125905568,False,2.0,plated_volume_uL=10; plating_condition=2; n0_source_days=1
era4tb,M. tuberculosis,standard,,moxifloxacin,1.0,xMIC,1.0,era4tb_F_MXF1x_r1,6.88081359228079,1.0,,True,2.6020599913279625,plated_volume_uL=2.5; plating_condition=3; below_limit_of_quantification; n0_source_days=1; bql_contradicted_by_another_plating_of_same_sample_by_4.28_log10
era4tb,M. tuberculosis,standard,,moxifloxacin,1.0,xMIC,1.0,era4tb_F_MXF1x_r1,6.88081359228079,2.0,6.98227123303957,False,1.0,plated_volume_uL=100; plating_condition=0; n0_source_days=1
era4tb,M. tuberculosis,standard,,moxifloxacin,1.0,xMIC,1.0,era4tb_F_MXF1x_r1,6.88081359228079,2.0,4.27875360095283,False,2.0,plated_volume_uL=10; plating_condition=1; n0_source_days=1
era4tb,M. tuberculosis,standard,,moxifloxacin,1.0,xMIC,1.0,era4tb_F_MXF1x_r1,6.88081359228079,2.0,6.95424250943933,False,2.0,plated_volume_uL=10; plating_condition=2; n0_source_days=1
era4tb,M. tuberculosis,standard,,moxifloxacin,1.0,xMIC,1.0,era4tb_F_MXF1x_r1,6.88081359228079,2.0,4.68124123737559,False,2.6020599913279625,plated_volume_uL=2.5; plating_condition=3; n0_source_days=1
era4tb,M. tuberculosis,standard,,moxifloxacin,1.0,xMIC,1.0,era4tb_F_MXF1x_r1,6.88081359228079,3.0,7.7160033436348,False,1.0,plated_volume_uL=100; plating_condition=0; n0_source_days=1
era4tb,M. tuberculosis,standard,,moxifloxacin,1.0,xMIC,1.0,era4tb_F_MXF1x_r1,6.88081359228079,3.0,6.04139268515823,False,2.0,plated_volume_uL=10; plating_condition=1; n0_source_days=1
era4tb,M. tuberculosis,standard,,moxifloxacin,1.0,xMIC,1.0,era4tb_F_MXF1x_r1,6.88081359228079,3.0,7.23044892137827,False,2.0,plated_volume_uL=10; plating_condition=2; n0_source_days=1
era4tb,M. tuberculosis,standard,,moxifloxacin,1.0,xMIC,1.0,era4tb_F_MXF1x_r1,6.88081359228079,3.0,5.30102999566398,False,2.6020599913279625,plated_volume_uL=2.5; plating_condition=3; n0_source_days=1
era4tb,M. tuberculosis,standard,,moxifloxacin,1.0,xMIC,1.0,era4tb_F_MXF1x_r1,6.88081359228079,7.0,7.77085201164214,False,1.0,plated_volume_uL=100; plating_condition=0; n0_source_days=1
era4tb,M. tuberculosis,standard,,moxifloxacin,1.0,xMIC,1.0,era4tb_F_MXF1x_r1,6.88081359228079,7.0,6.16435285578444,False,2.0,plated_volume_uL=10; plating_condition=1; n0_source_days=1
era4tb,M. tuberculosis,standard,,moxifloxacin,1.0,xMIC,1.0,era4tb_F_MXF1x_r1,6.88081359228079,7.0,6.95424250943933,False,2.0,plated_volume_uL=10; plating_condition=2; n0_source_days=1
era4tb,M. tuberculosis,standard,,moxifloxacin,1.0,xMIC,1.0,era4tb_F_MXF1x_r1,6.88081359228079,7.0,6.38021124171161,False,2.6020599913279625,plated_volume_uL=2.5; plating_condition=3; n0_source_days=1
era4tb,M. tuberculosis,standard,,moxifloxacin,1.0,xMIC,1.0,era4tb_F_MXF1x_r1,6.88081359228079,10.0,8.92427928606188,False,1.0,plated_volume_uL=100; plating_condition=0; n0_source_days=1
era4tb,M. tuberculosis,standard,,moxifloxacin,1.0,xMIC,1.0,era4tb_F_MXF1x_r1,6.88081359228079,10.0,6.37291200297011,False,2.0,plated_volume_uL=10; plating_condition=1; n0_source_days=1
era4tb,M. tuberculosis,standard,,moxifloxacin,1.0,xMIC,1.0,era4tb_F_MXF1x_r1,6.88081359228079,10.0,8.07918124604763,False,2.0,plated_volume_uL=10; plating_condition=2; n0_source_days=1
era4tb,M. tuberculosis,standard,,moxifloxacin,1.0,xMIC,1.0,era4tb_F_MXF1x_r1,6.88081359228079,10.0,6.55630250076729,False,2.6020599913279625,plated_volume_uL=2.5; plating_condition=3; n0_source_days=1
era4tb,M. tuberculosis,standard,,moxifloxacin,1.0,xMIC,1.0,era4tb_F_MXF1x_r1,6.88081359228079,15.0,8.36172783601759,False,1.0,plated_volume_uL=100; plating_condition=0; n0_source_days=1
era4tb,M. tuberculosis,standard,,moxifloxacin,1.0,xMIC,1.0,era4tb_F_MXF1x_r1,6.88081359228079,15.0,6.55144999797287,False,2.0,plated_volume_uL=10; plating_condition=1; n0_source_days=1
era4tb,M. tuberculosis,standard,,moxifloxacin,1.0,xMIC,1.0,era4tb_F_MXF1x_r1,6.88081359228079,15.0,7.38021124171161,False,2.0,plated_volume_uL=10; plating_condition=2; n0_source_days=1
era4tb,M. tuberculosis,standard,,moxifloxacin,1.0,xMIC,1.0,era4tb_F_MXF1x_r1,6.88081359228079,15.0,7.50514997831991,False,2.6020599913279625,plated_volume_uL=2.5; plating_condition=3; n0_source_days=1
era4tb,M. tuberculosis,standard,,moxifloxacin,1.0,xMIC,1.0,era4tb_F_MXF1x_r1,6.88081359228079,21.0,9.15836249209525,False,1.0,plated_volume_uL=100; plating_condition=0; n0_source_days=1
era4tb,M. tuberculosis,standard,,moxifloxacin,1.0,xMIC,1.0,era4tb_F_MXF1x_r1,6.88081359228079,21.0,7.45331834004704,False,2.0,plated_volume_uL=10; plating_condition=1; n0_source_days=1
era4tb,M. tuberculosis,standard,,moxifloxacin,1.0,xMIC,1.0,era4tb_F_MXF1x_r1,6.88081359228079,21.0,8.44715803134222,False,2.0,plated_volume_uL=10; plating_condition=2; n0_source_days=1
era4tb,M. tuberculosis,standard,,moxifloxacin,1.0,xMIC,1.0,era4tb_F_MXF1x_r1,6.88081359228079,21.0,8.44715803134222,False,2.6020599913279625,plated_volume_uL=2.5; plating_condition=3; n0_source_days=1
era4tb,M. tuberculosis,standard,,moxifloxacin,1.0,xMIC,1.0,era4tb_F_MXF1x_r2,6.70757017609794,1.0,6.70757017609794,False,1.0,plated_volume_uL=100; plating_condition=0; n0_source_days=1
era4tb,M. tuberculosis,standard,,moxifloxacin,1.0,xMIC,1.0,era4tb_F_MXF1x_r2,6.70757017609794,1.0,5.95424250943933,False,2.0,plated_volume_uL=10; plating_condition=1; n0_source_days=1
era4tb,M. tuberculosis,standard,,moxifloxacin,1.0,xMIC,1.0,era4tb_F_MXF1x_r2,6.70757017609794,1.0,6.04139268515823,False,2.0,plated_volume_uL=10; plating_condition=2; n0_source_days=1
era4tb,M. tuberculosis,standard,,moxifloxacin,1.0,xMIC,1.0,era4tb_F_MXF1x_r2,6.70757017609794,1.0,,True,2.6020599913279625,plated_volume_uL=2.5; plating_condition=3; below_limit_of_quantification; n0_source_days=1; bql_contradicted_by_another_plating_of_same_sample_by_4.11_log10
era4tb,M. tuberculosis,standard,,moxifloxacin,1.0,xMIC,1.0,era4tb_F_MXF1x_r2,6.70757017609794,2.0,6.95424250943933,False,1.0,plated_volume_uL=100; plating_condition=0; n0_source_days=1
era4tb,M. tuberculosis,standard,,moxifloxacin,1.0,xMIC,1.0,era4tb_F_MXF1x_r2,6.70757017609794,2.0,4.39794000867204,False,2.0,plated_volume_uL=10; plating_condition=1; n0_source_days=1
era4tb,M. tuberculosis,standard,,moxifloxacin,1.0,xMIC,1.0,era4tb_F_MXF1x_r2,6.70757017609794,2.0,6.90308998699194,False,2.0,plated_volume_uL=10; plating_condition=2; n0_source_days=1
era4tb,M. tuberculosis,standard,,moxifloxacin,1.0,xMIC,1.0,era4tb_F_MXF1x_r2,6.70757017609794,2.0,4.88081359228079,False,2.6020599913279625,plated_volume_uL=2.5; plating_condition=3; n0_source_days=1
era4tb,M. tuberculosis,standard,,moxifloxacin,1.0,xMIC,1.0,era4tb_F_MXF1x_r2,6.70757017609794,3.0,7.77815125038364,False,1.0,plated_volume_uL=100; plating_condition=0; n0_source_days=1
era4tb,M. tuberculosis,standard,,moxifloxacin,1.0,xMIC,1.0,era4tb_F_MXF1x_r2,6.70757017609794,3.0,6.11394335230684,False,2.0,plated_volume_uL=10; plating_condition=1; n0_source_days=1
era4tb,M. tuberculosis,standard,,moxifloxacin,1.0,xMIC,1.0,era4tb_F_MXF1x_r2,6.70757017609794,3.0,7.07918124604763,False,2.0,plated_volume_uL=10; plating_condition=2; n0_source_days=1
era4tb,M. tuberculosis,standard,,moxifloxacin,1.0,xMIC,1.0,era4tb_F_MXF1x_r2,6.70757017609794,3.0,5.44715803134222,False,2.6020599913279625,plated_volume_uL=2.5; plating_condition=3; n0_source_days=1
era4tb,M. tuberculosis,standard,,moxifloxacin,1.0,xMIC,1.0,era4tb_F_MXF1x_r2,6.70757017609794,7.0,7.70757017609794,False,1.0,plated_volume_uL=100; plating_condition=0; n0_source_days=1
era4tb,M. tuberculosis,standard,,moxifloxacin,1.0,xMIC,1.0,era4tb_F_MXF1x_r2,6.70757017609794,7.0,6.38021124171161,False,2.0,plated_volume_uL=10; plating_condition=1; n0_source_days=1
era4tb,M. tuberculosis,standard,,moxifloxacin,1.0,xMIC,1.0,era4tb_F_MXF1x_r2,6.70757017609794,7.0,7.11394335230684,False,2.0,plated_volume_uL=10; plating_condition=2; n0_source_days=1
era4tb,M. tuberculosis,standard,,moxifloxacin,1.0,xMIC,1.0,era4tb_F_MXF1x_r2,6.70757017609794,7.0,6.44715803134222,False,2.6020599913279625,plated_volume_uL=2.5; plating_condition=3; n0_source_days=1
era4tb,M. tuberculosis,standard,,moxifloxacin,1.0,xMIC,1.0,era4tb_F_MXF1x_r2,6.70757017609794,10.0,8.85125834871907,False,1.0,plated_volume_uL=100; plating_condition=0; n0_source_days=1
era4tb,M. tuberculosis,standard,,moxifloxacin,1.0,xMIC,1.0,era4tb_F_MXF1x_r2,6.70757017609794,10.0,6.31386722036915,False,2.0,plated_volume_uL=10; plating_condition=1; n0_source_days=1
era4tb,M. tuberculosis,standard,,moxifloxacin,1.0,xMIC,1.0,era4tb_F_MXF1x_r2,6.70757017609794,10.0,8.23044892137827,False,2.0,plated_volume_uL=10; plating_condition=2; n0_source_days=1
era4tb,M. tuberculosis,standard,,moxifloxacin,1.0,xMIC,1.0,era4tb_F_MXF1x_r2,6.70757017609794,10.0,6.20411998265593,False,2.6020599913279625,plated_volume_uL=2.5; plating_condition=3; n0_source_days=1
era4tb,M. tuberculosis,standard,,moxifloxacin,1.0,xMIC,1.0,era4tb_F_MXF1x_r2,6.70757017609794,15.0,8.97772360528885,False,1.0,plated_volume_uL=100; plating_condition=0; n0_source_days=1
era4tb,M. tuberculosis,standard,,moxifloxacin,1.0,xMIC,1.0,era4tb_F_MXF1x_r2,6.70757017609794,15.0,6.5854607295085,False,2.0,plated_volume_uL=10; plating_condition=1; n0_source_days=1
era4tb,M. tuberculosis,standard,,moxifloxacin,1.0,xMIC,1.0,era4tb_F_MXF1x_r2,6.70757017609794,15.0,7.43136376415899,False,2.0,plated_volume_uL=10; plating_condition=2; n0_source_days=1
era4tb,M. tuberculosis,standard,,moxifloxacin,1.0,xMIC,1.0,era4tb_F_MXF1x_r2,6.70757017609794,15.0,7.55630250076729,False,2.6020599913279625,plated_volume_uL=2.5; plating_condition=3; n0_source_days=1
era4tb,M. tuberculosis,standard,,moxifloxacin,1.0,xMIC,1.0,era4tb_F_MXF1x_r2,6.70757017609794,21.0,9.07918124604763,False,1.0,plated_volume_uL=100; plating_condition=0; n0_source_days=1
era4tb,M. tuberculosis,standard,,moxifloxacin,1.0,xMIC,1.0,era4tb_F_MXF1x_r2,6.70757017609794,21.0,7.45939248775923,False,2.0,plated_volume_uL=10; plating_condition=1; n0_source_days=1
era4tb,M. tuberculosis,standard,,moxifloxacin,1.0,xMIC,1.0,era4tb_F_MXF1x_r2,6.70757017609794,21.0,8.44715803134222,False,2.0,plated_volume_uL=10; plating_condition=2; n0_source_days=1
era4tb,M. tuberculosis,standard,,moxifloxacin,1.0,xMIC,1.0,era4tb_F_MXF1x_r2,6.70757017609794,21.0,8.44715803134222,False,2.6020599913279625,plated_volume_uL=2.5; plating_condition=3; n0_source_days=1
era4tb,M. tuberculosis,standard,,moxifloxacin,1.0,xMIC,1.0,era4tb_F_MXF1x_r3,6.50514997831991,1.0,6.50514997831991,False,1.0,plated_volume_uL=100; plating_condition=0; n0_source_days=1
era4tb,M. tuberculosis,standard,,moxifloxacin,1.0,xMIC,1.0,era4tb_F_MXF1x_r3,6.50514997831991,1.0,,False,2.0,plated_volume_uL=10; plating_condition=1; no_value_reported_not_censored; n0_source_days=1
era4tb,M. tuberculosis,standard,,moxifloxacin,1.0,xMIC,1.0,era4tb_F_MXF1x_r3,6.50514997831991,1.0,6.07918124604763,False,2.0,plated_volume_uL=10; plating_condition=2; n0_source_days=1
era4tb,M. tuberculosis,standard,,moxifloxacin,1.0,xMIC,1.0,era4tb_F_MXF1x_r3,6.50514997831991,1.0,,True,2.6020599913279625,plated_volume_uL=2.5; plating_condition=3; below_limit_of_quantification; n0_source_days=1; bql_contradicted_by_another_plating_of_same_sample_by_3.9_log10
era4tb,M. tuberculosis,standard,,moxifloxacin,1.0,xMIC,1.0,era4tb_F_MXF1x_r3,6.50514997831991,2.0,6.90848501887865,False,1.0,plated_volume_uL=100; plating_condition=0; n0_source_days=1
era4tb,M. tuberculosis,standard,,moxifloxacin,1.0,xMIC,1.0,era4tb_F_MXF1x_r3,6.50514997831991,2.0,4.95424250943933,False,2.0,plated_volume_uL=10; plating_condition=1; n0_source_days=1
era4tb,M. tuberculosis,standard,,moxifloxacin,1.0,xMIC,1.0,era4tb_F_MXF1x_r3,6.50514997831991,2.0,6.95424250943933,False,2.0,plated_volume_uL=10; plating_condition=2; n0_source_days=1
era4tb,M. tuberculosis,standard,,moxifloxacin,1.0,xMIC,1.0,era4tb_F_MXF1x_r3,6.50514997831991,2.0,4.83250891270624,False,2.6020599913279625,plated_volume_uL=2.5; plating_condition=3; n0_source_days=1
era4tb,M. tuberculosis,standard,,moxifloxacin,1.0,xMIC,1.0,era4tb_F_MXF1x_r3,6.50514997831991,3.0,7.78532983501077,False,1.0,plated_volume_uL=100; plating_condition=0; n0_source_days=1
era4tb,M. tuberculosis,standard,,moxifloxacin,1.0,xMIC,1.0,era4tb_F_MXF1x_r3,6.50514997831991,3.0,6.07918124604763,False,2.0,plated_volume_uL=10; plating_condition=1; n0_source_days=1
era4tb,M. tuberculosis,standard,,moxifloxacin,1.0,xMIC,1.0,era4tb_F_MXF1x_r3,6.50514997831991,3.0,7.11394335230684,False,2.0,plated_volume_uL=10; plating_condition=2; n0_source_days=1
era4tb,M. tuberculosis,standard,,moxifloxacin,1.0,xMIC,1.0,era4tb_F_MXF1x_r3,6.50514997831991,3.0,5.30102999566398,False,2.6020599913279625,plated_volume_uL=2.5; plating_condition=3; n0_source_days=1
era4tb,M. tuberculosis,standard,,moxifloxacin,1.0,xMIC,1.0,era4tb_F_MXF1x_r3,6.50514997831991,7.0,7.89762709129044,False,1.0,plated_volume_uL=100; plating_condition=0; n0_source_days=1
era4tb,M. tuberculosis,standard,,moxifloxacin,1.0,xMIC,1.0,era4tb_F_MXF1x_r3,6.50514997831991,7.0,6.37291200297011,False,2.0,plated_volume_uL=10; plating_condition=1; n0_source_days=1
era4tb,M. tuberculosis,standard,,moxifloxacin,1.0,xMIC,1.0,era4tb_F_MXF1x_r3,6.50514997831991,7.0,6.95424250943933,False,2.0,plated_volume_uL=10; plating_condition=2; n0_source_days=1
era4tb,M. tuberculosis,standard,,moxifloxacin,1.0,xMIC,1.0,era4tb_F_MXF1x_r3,6.50514997831991,7.0,6.60205999132796,False,2.6020599913279625,plated_volume_uL=2.5; plating_condition=3; n0_source_days=1
era4tb,M. tuberculosis,standard,,moxifloxacin,1.0,xMIC,1.0,era4tb_F_MXF1x_r3,6.50514997831991,10.0,8.44715803134222,False,1.0,plated_volume_uL=100; plating_condition=0; n0_source_days=1
era4tb,M. tuberculosis,standard,,moxifloxacin,1.0,xMIC,1.0,era4tb_F_MXF1x_r3,6.50514997831991,10.0,6.3654879848909,False,2.0,plated_volume_uL=10; plating_condition=1; n0_source_days=1
era4tb,M. tuberculosis,standard,,moxifloxacin,1.0,xMIC,1.0,era4tb_F_MXF1x_r3,6.50514997831991,10.0,8.17609125905568,False,2.0,plated_volume_uL=10; plating_condition=2; n0_source_days=1
era4tb,M. tuberculosis,standard,,moxifloxacin,1.0,xMIC,1.0,era4tb_F_MXF1x_r3,6.50514997831991,10.0,6.7160033436348,False,2.6020599913279625,plated_volume_uL=2.5; plating_condition=3; n0_source_days=1
era4tb,M. tuberculosis,standard,,moxifloxacin,1.0,xMIC,1.0,era4tb_F_MXF1x_r3,6.50514997831991,15.0,8.69019608002851,False,1.0,plated_volume_uL=100; plating_condition=0; n0_source_days=1
era4tb,M. tuberculosis,standard,,moxifloxacin,1.0,xMIC,1.0,era4tb_F_MXF1x_r3,6.50514997831991,15.0,,False,2.0,plated_volume_uL=10; plating_condition=1; no_value_reported_not_censored; n0_source_days=1
era4tb,M. tuberculosis,standard,,moxifloxacin,1.0,xMIC,1.0,era4tb_F_MXF1x_r3,6.50514997831991,15.0,7.38021124171161,False,2.0,plated_volume_uL=10; plating_condition=2; n0_source_days=1
era4tb,M. tuberculosis,standard,,moxifloxacin,1.0,xMIC,1.0,era4tb_F_MXF1x_r3,6.50514997831991,15.0,,False,2.6020599913279625,plated_volume_uL=2.5; plating_condition=3; no_value_reported_not_censored; n0_source_days=1
era4tb,M. tuberculosis,standard,,moxifloxacin,1.0,xMIC,1.0,era4tb_F_MXF1x_r3,6.50514997831991,21.0,9.29003461136252,False,1.0,plated_volume_uL=100; plating_condition=0; n0_source_days=1
era4tb,M. tuberculosis,standard,,moxifloxacin,1.0,xMIC,1.0,era4tb_F_MXF1x_r3,6.50514997831991,21.0,7.56110138364906,False,2.0,plated_volume_uL=10; plating_condition=1; n0_source_days=1
era4tb,M. tuberculosis,standard,,moxifloxacin,1.0,xMIC,1.0,era4tb_F_MXF1x_r3,6.50514997831991,21.0,8.46239799789896,False,2.0,plated_volume_uL=10; plating_condition=2; n0_source_days=1
era4tb,M. tuberculosis,standard,,moxifloxacin,1.0,xMIC,1.0,era4tb_F_MXF1x_r3,6.50514997831991,21.0,8.7481880270062,False,2.6020599913279625,plated_volume_uL=2.5; plating_condition=3; n0_source_days=1
era4tb,M. tuberculosis,standard,,none,0.0,xMIC,0.0,era4tb_F_untreated_r1,6.387331461268911,-3.0,6.20682587603185,False,1.0,"plated_volume_uL=100; plating_condition=0; pre_inoculation_reading_time_-3d; n0_source_days=0,1"
era4tb,M. tuberculosis,standard,,none,0.0,xMIC,0.0,era4tb_F_untreated_r1,6.387331461268911,-3.0,5.84509804001426,False,2.0,"plated_volume_uL=10; plating_condition=1; pre_inoculation_reading_time_-3d; n0_source_days=0,1"
era4tb,M. tuberculosis,standard,,none,0.0,xMIC,0.0,era4tb_F_untreated_r1,6.387331461268911,-3.0,5.60205999132796,False,2.0,"plated_volume_uL=10; plating_condition=2; pre_inoculation_reading_time_-3d; n0_source_days=0,1"
era4tb,M. tuberculosis,standard,,none,0.0,xMIC,0.0,era4tb_F_untreated_r1,6.387331461268911,-3.0,5.44715803134222,False,2.6020599913279625,"plated_volume_uL=2.5; plating_condition=3; pre_inoculation_reading_time_-3d; n0_source_days=0,1"
era4tb,M. tuberculosis,standard,,none,0.0,xMIC,0.0,era4tb_F_untreated_r1,6.387331461268911,0.0,6.09342168516223,False,1.0,"plated_volume_uL=100; plating_condition=0; n0_source_days=0,1"
era4tb,M. tuberculosis,standard,,none,0.0,xMIC,0.0,era4tb_F_untreated_r1,6.387331461268911,0.0,6.07918124604763,False,2.0,"plated_volume_uL=10; plating_condition=1; n0_source_days=0,1"
era4tb,M. tuberculosis,standard,,none,0.0,xMIC,0.0,era4tb_F_untreated_r1,6.387331461268911,0.0,6.04139268515823,False,2.0,"plated_volume_uL=10; plating_condition=2; n0_source_days=0,1"
era4tb,M. tuberculosis,standard,,none,0.0,xMIC,0.0,era4tb_F_untreated_r1,6.387331461268911,0.0,6.30102999566398,False,2.6020599913279625,"plated_volume_uL=2.5; plating_condition=3; n0_source_days=0,1"
era4tb,M. tuberculosis,standard,,none,0.0,xMIC,0.0,era4tb_F_untreated_r1,6.387331461268911,1.0,6.68124123737559,False,1.0,"plated_volume_uL=100; plating_condition=0; n0_source_days=0,1"
era4tb,M. tuberculosis,standard,,none,0.0,xMIC,0.0,era4tb_F_untreated_r1,6.387331461268911,1.0,6.11394335230684,False,2.0,"plated_volume_uL=10; plating_condition=1; n0_source_days=0,1"
era4tb,M. tuberculosis,standard,,none,0.0,xMIC,0.0,era4tb_F_untreated_r1,6.387331461268911,1.0,6.47712125471966,False,2.0,"plated_volume_uL=10; plating_condition=2; n0_source_days=0,1"
era4tb,M. tuberculosis,standard,,none,0.0,xMIC,0.0,era4tb_F_untreated_r1,6.387331461268911,1.0,5.38021124171161,False,2.6020599913279625,"plated_volume_uL=2.5; plating_condition=3; n0_source_days=0,1"
era4tb,M. tuberculosis,standard,,none,0.0,xMIC,0.0,era4tb_F_untreated_r1,6.387331461268911,2.0,7.67209785793572,False,1.0,"plated_volume_uL=100; plating_condition=0; n0_source_days=0,1"
era4tb,M. tuberculosis,standard,,none,0.0,xMIC,0.0,era4tb_F_untreated_r1,6.387331461268911,2.0,,False,2.0,"plated_volume_uL=10; plating_condition=1; no_value_reported_not_censored; n0_source_days=0,1"
era4tb,M. tuberculosis,standard,,none,0.0,xMIC,0.0,era4tb_F_untreated_r1,6.387331461268911,2.0,7.20411998265593,False,2.0,"plated_volume_uL=10; plating_condition=2; n0_source_days=0,1"
era4tb,M. tuberculosis,standard,,none,0.0,xMIC,0.0,era4tb_F_untreated_r1,6.387331461268911,2.0,4.64345267648619,False,2.6020599913279625,"plated_volume_uL=2.5; plating_condition=3; n0_source_days=0,1"
era4tb,M. tuberculosis,standard,,none,0.0,xMIC,0.0,era4tb_F_untreated_r1,6.387331461268911,3.0,,False,1.0,"plated_volume_uL=100; plating_condition=0; no_value_reported_not_censored; n0_source_days=0,1"
era4tb,M. tuberculosis,standard,,none,0.0,xMIC,0.0,era4tb_F_untreated_r1,6.387331461268911,3.0,5.39794000867204,False,2.0,"plated_volume_uL=10; plating_condition=1; n0_source_days=0,1"
era4tb,M. tuberculosis,standard,,none,0.0,xMIC,0.0,era4tb_F_untreated_r1,6.387331461268911,3.0,7.27875360095283,False,2.0,"plated_volume_uL=10; plating_condition=2; n0_source_days=0,1"
era4tb,M. tuberculosis,standard,,none,0.0,xMIC,0.0,era4tb_F_untreated_r1,6.387331461268911,3.0,6.64345267648619,False,2.6020599913279625,"plated_volume_uL=2.5; plating_condition=3; n0_source_days=0,1"
era4tb,M. tuberculosis,standard,,none,0.0,xMIC,0.0,era4tb_F_untreated_r1,6.387331461268911,7.0,7.89762709129044,False,1.0,"plated_volume_uL=100; plating_condition=0; n0_source_days=0,1"
era4tb,M. tuberculosis,standard,,none,0.0,xMIC,0.0,era4tb_F_untreated_r1,6.387331461268911,7.0,7.14612803567824,False,2.0,"plated_volume_uL=10; plating_condition=1; n0_source_days=0,1"
era4tb,M. tuberculosis,standard,,none,0.0,xMIC,0.0,era4tb_F_untreated_r1,6.387331461268911,7.0,7.20411998265593,False,2.0,"plated_volume_uL=10; plating_condition=2; n0_source_days=0,1"
era4tb,M. tuberculosis,standard,,none,0.0,xMIC,0.0,era4tb_F_untreated_r1,6.387331461268911,7.0,6.60205999132796,False,2.6020599913279625,"plated_volume_uL=2.5; plating_condition=3; n0_source_days=0,1"
era4tb,M. tuberculosis,standard,,none,0.0,xMIC,0.0,era4tb_F_untreated_r1,6.387331461268911,10.0,8.97772360528885,False,1.0,"plated_volume_uL=100; plating_condition=0; n0_source_days=0,1"
era4tb,M. tuberculosis,standard,,none,0.0,xMIC,0.0,era4tb_F_untreated_r1,6.387331461268911,10.0,8.27875360095283,False,2.0,"plated_volume_uL=10; plating_condition=1; n0_source_days=0,1"
era4tb,M. tuberculosis,standard,,none,0.0,xMIC,0.0,era4tb_F_untreated_r1,6.387331461268911,10.0,8.43136376415899,False,2.0,"plated_volume_uL=10; plating_condition=2; n0_source_days=0,1"
era4tb,M. tuberculosis,standard,,none,0.0,xMIC,0.0,era4tb_F_untreated_r1,6.387331461268911,10.0,6.80617997398389,False,2.6020599913279625,"plated_volume_uL=2.5; plating_condition=3; n0_source_days=0,1"
era4tb,M. tuberculosis,standard,,none,0.0,xMIC,0.0,era4tb_F_untreated_r1,6.387331461268911,15.0,8.72427586960079,False,1.0,"plated_volume_uL=100; plating_condition=0; n0_source_days=0,1"
era4tb,M. tuberculosis,standard,,none,0.0,xMIC,0.0,era4tb_F_untreated_r1,6.387331461268911,15.0,7.47712125471966,False,2.0,"plated_volume_uL=10; plating_condition=1; n0_source_days=0,1"
era4tb,M. tuberculosis,standard,,none,0.0,xMIC,0.0,era4tb_F_untreated_r1,6.387331461268911,15.0,8.23044892137827,False,2.0,"plated_volume_uL=10; plating_condition=2; n0_source_days=0,1"
era4tb,M. tuberculosis,standard,,none,0.0,xMIC,0.0,era4tb_F_untreated_r1,6.387331461268911,15.0,7.60205999132796,False,2.6020599913279625,"plated_volume_uL=2.5; plating_condition=3; n0_source_days=0,1"
era4tb,M. tuberculosis,standard,,none,0.0,xMIC,0.0,era4tb_F_untreated_r1,6.387331461268911,21.0,9.06818586174616,False,1.0,"plated_volume_uL=100; plating_condition=0; n0_source_days=0,1"
era4tb,M. tuberculosis,standard,,none,0.0,xMIC,0.0,era4tb_F_untreated_r1,6.387331461268911,21.0,7.47712125471966,False,2.0,"plated_volume_uL=10; plating_condition=1; n0_source_days=0,1"
era4tb,M. tuberculosis,standard,,none,0.0,xMIC,0.0,era4tb_F_untreated_r1,6.387331461268911,21.0,9.17609125905568,False,2.0,"plated_volume_uL=10; plating_condition=2; n0_source_days=0,1"
era4tb,M. tuberculosis,standard,,none,0.0,xMIC,0.0,era4tb_F_untreated_r1,6.387331461268911,21.0,6.90308998699194,False,2.6020599913279625,"plated_volume_uL=2.5; plating_condition=3; n0_source_days=0,1"
era4tb,M. tuberculosis,standard,,none,0.0,xMIC,0.0,era4tb_F_untreated_r2,6.3337264764449746,-3.0,6.14612803567824,False,1.0,"plated_volume_uL=100; plating_condition=0; pre_inoculation_reading_time_-3d; n0_source_days=0,1"
era4tb,M. tuberculosis,standard,,none,0.0,xMIC,0.0,era4tb_F_untreated_r2,6.3337264764449746,-3.0,6.0,False,2.0,"plated_volume_uL=10; plating_condition=1; pre_inoculation_reading_time_-3d; n0_source_days=0,1"
era4tb,M. tuberculosis,standard,,none,0.0,xMIC,0.0,era4tb_F_untreated_r2,6.3337264764449746,-3.0,5.6232492903979,False,2.0,"plated_volume_uL=10; plating_condition=2; pre_inoculation_reading_time_-3d; n0_source_days=0,1"
era4tb,M. tuberculosis,standard,,none,0.0,xMIC,0.0,era4tb_F_untreated_r2,6.3337264764449746,-3.0,5.60205999132796,False,2.6020599913279625,"plated_volume_uL=2.5; plating_condition=3; pre_inoculation_reading_time_-3d; n0_source_days=0,1"
era4tb,M. tuberculosis,standard,,none,0.0,xMIC,0.0,era4tb_F_untreated_r2,6.3337264764449746,0.0,5.96848294855393,False,1.0,"plated_volume_uL=100; plating_condition=0; n0_source_days=0,1"
era4tb,M. tuberculosis,standard,,none,0.0,xMIC,0.0,era4tb_F_untreated_r2,6.3337264764449746,0.0,6.0,False,2.0,"plated_volume_uL=10; plating_condition=1; n0_source_days=0,1"
era4tb,M. tuberculosis,standard,,none,0.0,xMIC,0.0,era4tb_F_untreated_r2,6.3337264764449746,0.0,5.84509804001426,False,2.0,"plated_volume_uL=10; plating_condition=2; n0_source_days=0,1"
era4tb,M. tuberculosis,standard,,none,0.0,xMIC,0.0,era4tb_F_untreated_r2,6.3337264764449746,0.0,5.90308998699194,False,2.6020599913279625,"plated_volume_uL=2.5; plating_condition=3; n0_source_days=0,1"
era4tb,M. tuberculosis,standard,,none,0.0,xMIC,0.0,era4tb_F_untreated_r2,6.3337264764449746,1.0,6.69897000433602,False,1.0,"plated_volume_uL=100; plating_condition=0; n0_source_days=0,1"
era4tb,M. tuberculosis,standard,,none,0.0,xMIC,0.0,era4tb_F_untreated_r2,6.3337264764449746,1.0,6.14612803567824,False,2.0,"plated_volume_uL=10; plating_condition=1; n0_source_days=0,1"
era4tb,M. tuberculosis,standard,,none,0.0,xMIC,0.0,era4tb_F_untreated_r2,6.3337264764449746,1.0,6.84509804001426,False,2.0,"plated_volume_uL=10; plating_condition=2; n0_source_days=0,1"
era4tb,M. tuberculosis,standard,,none,0.0,xMIC,0.0,era4tb_F_untreated_r2,6.3337264764449746,1.0,5.44715803134222,False,2.6020599913279625,"plated_volume_uL=2.5; plating_condition=3; n0_source_days=0,1"
era4tb,M. tuberculosis,standard,,none,0.0,xMIC,0.0,era4tb_F_untreated_r2,6.3337264764449746,2.0,7.77815125038364,False,1.0,"plated_volume_uL=100; plating_condition=0; n0_source_days=0,1"
era4tb,M. tuberculosis,standard,,none,0.0,xMIC,0.0,era4tb_F_untreated_r2,6.3337264764449746,2.0,,False,2.0,"plated_volume_uL=10; plating_condition=1; no_value_reported_not_censored; n0_source_days=0,1"
era4tb,M. tuberculosis,standard,,none,0.0,xMIC,0.0,era4tb_F_untreated_r2,6.3337264764449746,2.0,7.04139268515823,False,2.0,"plated_volume_uL=10; plating_condition=2; n0_source_days=0,1"
era4tb,M. tuberculosis,standard,,none,0.0,xMIC,0.0,era4tb_F_untreated_r2,6.3337264764449746,2.0,4.7160033436348,False,2.6020599913279625,"plated_volume_uL=2.5; plating_condition=3; n0_source_days=0,1"
era4tb,M. tuberculosis,standard,,none,0.0,xMIC,0.0,era4tb_F_untreated_r2,6.3337264764449746,3.0,7.97772360528885,False,1.0,"plated_volume_uL=100; plating_condition=0; n0_source_days=0,1"
era4tb,M. tuberculosis,standard,,none,0.0,xMIC,0.0,era4tb_F_untreated_r2,6.3337264764449746,3.0,5.23044892137827,False,2.0,"plated_volume_uL=10; plating_condition=1; n0_source_days=0,1"
era4tb,M. tuberculosis,standard,,none,0.0,xMIC,0.0,era4tb_F_untreated_r2,6.3337264764449746,3.0,7.27875360095283,False,2.0,"plated_volume_uL=10; plating_condition=2; n0_source_days=0,1"
era4tb,M. tuberculosis,standard,,none,0.0,xMIC,0.0,era4tb_F_untreated_r2,6.3337264764449746,3.0,6.50514997831991,False,2.6020599913279625,"plated_volume_uL=2.5; plating_condition=3; n0_source_days=0,1"
era4tb,M. tuberculosis,standard,,none,0.0,xMIC,0.0,era4tb_F_untreated_r2,6.3337264764449746,7.0,7.95424250943933,False,1.0,"plated_volume_uL=100; plating_condition=0; n0_source_days=0,1"
era4tb,M. tuberculosis,standard,,none,0.0,xMIC,0.0,era4tb_F_untreated_r2,6.3337264764449746,7.0,7.23044892137827,False,2.0,"plated_volume_uL=10; plating_condition=1; n0_source_days=0,1"
era4tb,M. tuberculosis,standard,,none,0.0,xMIC,0.0,era4tb_F_untreated_r2,6.3337264764449746,7.0,7.14612803567824,False,2.0,"plated_volume_uL=10; plating_condition=2; n0_source_days=0,1"
era4tb,M. tuberculosis,standard,,none,0.0,xMIC,0.0,era4tb_F_untreated_r2,6.3337264764449746,7.0,6.55630250076729,False,2.6020599913279625,"plated_volume_uL=2.5; plating_condition=3; n0_source_days=0,1"
era4tb,M. tuberculosis,standard,,none,0.0,xMIC,0.0,era4tb_F_untreated_r2,6.3337264764449746,10.0,8.99563519459755,False,1.0,"plated_volume_uL=100; plating_condition=0; n0_source_days=0,1"
era4tb,M. tuberculosis,standard,,none,0.0,xMIC,0.0,era4tb_F_untreated_r2,6.3337264764449746,10.0,8.25527250510331,False,2.0,"plated_volume_uL=10; plating_condition=1; n0_source_days=0,1"
era4tb,M. tuberculosis,standard,,none,0.0,xMIC,0.0,era4tb_F_untreated_r2,6.3337264764449746,10.0,8.38021124171161,False,2.0,"plated_volume_uL=10; plating_condition=2; n0_source_days=0,1"
era4tb,M. tuberculosis,standard,,none,0.0,xMIC,0.0,era4tb_F_untreated_r2,6.3337264764449746,10.0,6.77815125038364,False,2.6020599913279625,"plated_volume_uL=2.5; plating_condition=3; n0_source_days=0,1"
era4tb,M. tuberculosis,standard,,none,0.0,xMIC,0.0,era4tb_F_untreated_r2,6.3337264764449746,15.0,8.7481880270062,False,1.0,"plated_volume_uL=100; plating_condition=0; n0_source_days=0,1"
era4tb,M. tuberculosis,standard,,none,0.0,xMIC,0.0,era4tb_F_untreated_r2,6.3337264764449746,15.0,7.49136169383427,False,2.0,"plated_volume_uL=10; plating_condition=1; n0_source_days=0,1"
era4tb,M. tuberculosis,standard,,none,0.0,xMIC,0.0,era4tb_F_untreated_r2,6.3337264764449746,15.0,8.20411998265593,False,2.0,"plated_volume_uL=10; plating_condition=2; n0_source_days=0,1"
era4tb,M. tuberculosis,standard,,none,0.0,xMIC,0.0,era4tb_F_untreated_r2,6.3337264764449746,15.0,7.7160033436348,False,2.6020599913279625,"plated_volume_uL=2.5; plating_condition=3; n0_source_days=0,1"
era4tb,M. tuberculosis,standard,,none,0.0,xMIC,0.0,era4tb_F_untreated_r2,6.3337264764449746,21.0,9.04139268515823,False,1.0,"plated_volume_uL=100; plating_condition=0; n0_source_days=0,1"
era4tb,M. tuberculosis,standard,,none,0.0,xMIC,0.0,era4tb_F_untreated_r2,6.3337264764449746,21.0,7.47712125471966,False,2.0,"plated_volume_uL=10; plating_condition=1; n0_source_days=0,1"
era4tb,M. tuberculosis,standard,,none,0.0,xMIC,0.0,era4tb_F_untreated_r2,6.3337264764449746,21.0,9.44715803134222,False,2.0,"plated_volume_uL=10; plating_condition=2; n0_source_days=0,1"
era4tb,M. tuberculosis,standard,,none,0.0,xMIC,0.0,era4tb_F_untreated_r2,6.3337264764449746,21.0,6.83250891270624,False,2.6020599913279625,"plated_volume_uL=2.5; plating_condition=3; n0_source_days=0,1"
era4tb,M. tuberculosis,standard,,none,0.0,xMIC,0.0,era4tb_F_untreated_r3,6.36490625358047,-3.0,5.81954393554187,False,1.0,"plated_volume_uL=100; plating_condition=0; pre_inoculation_reading_time_-3d; n0_source_days=0,1"
era4tb,M. tuberculosis,standard,,none,0.0,xMIC,0.0,era4tb_F_untreated_r3,6.36490625358047,-3.0,5.95424250943933,False,2.0,"plated_volume_uL=10; plating_condition=1; pre_inoculation_reading_time_-3d; n0_source_days=0,1"
era4tb,M. tuberculosis,standard,,none,0.0,xMIC,0.0,era4tb_F_untreated_r3,6.36490625358047,-3.0,5.65321251377534,False,2.0,"plated_volume_uL=10; plating_condition=2; pre_inoculation_reading_time_-3d; n0_source_days=0,1"
era4tb,M. tuberculosis,standard,,none,0.0,xMIC,0.0,era4tb_F_untreated_r3,6.36490625358047,-3.0,5.44715803134222,False,2.6020599913279625,"plated_volume_uL=2.5; plating_condition=3; pre_inoculation_reading_time_-3d; n0_source_days=0,1"
era4tb,M. tuberculosis,standard,,none,0.0,xMIC,0.0,era4tb_F_untreated_r3,6.36490625358047,0.0,5.94448267215017,False,1.0,"plated_volume_uL=100; plating_condition=0; n0_source_days=0,1"
era4tb,M. tuberculosis,standard,,none,0.0,xMIC,0.0,era4tb_F_untreated_r3,6.36490625358047,0.0,5.84509804001426,False,2.0,"plated_volume_uL=10; plating_condition=1; n0_source_days=0,1"
era4tb,M. tuberculosis,standard,,none,0.0,xMIC,0.0,era4tb_F_untreated_r3,6.36490625358047,0.0,6.04139268515823,False,2.0,"plated_volume_uL=10; plating_condition=2; n0_source_days=0,1"
era4tb,M. tuberculosis,standard,,none,0.0,xMIC,0.0,era4tb_F_untreated_r3,6.36490625358047,0.0,5.60205999132796,False,2.6020599913279625,"plated_volume_uL=2.5; plating_condition=3; n0_source_days=0,1"
era4tb,M. tuberculosis,standard,,none,0.0,xMIC,0.0,era4tb_F_untreated_r3,6.36490625358047,1.0,6.78532983501077,False,1.0,"plated_volume_uL=100; plating_condition=0; n0_source_days=0,1"
era4tb,M. tuberculosis,standard,,none,0.0,xMIC,0.0,era4tb_F_untreated_r3,6.36490625358047,1.0,6.07918124604763,False,2.0,"plated_volume_uL=10; plating_condition=1; n0_source_days=0,1"
era4tb,M. tuberculosis,standard,,none,0.0,xMIC,0.0,era4tb_F_untreated_r3,6.36490625358047,1.0,6.69897000433602,False,2.0,"plated_volume_uL=10; plating_condition=2; n0_source_days=0,1"
era4tb,M. tuberculosis,standard,,none,0.0,xMIC,0.0,era4tb_F_untreated_r3,6.36490625358047,1.0,5.55630250076729,False,2.6020599913279625,"plated_volume_uL=2.5; plating_condition=3; n0_source_days=0,1"
era4tb,M. tuberculosis,standard,,none,0.0,xMIC,0.0,era4tb_F_untreated_r3,6.36490625358047,2.0,7.50514997831991,False,1.0,"plated_volume_uL=100; plating_condition=0; n0_source_days=0,1"
era4tb,M. tuberculosis,standard,,none,0.0,xMIC,0.0,era4tb_F_untreated_r3,6.36490625358047,2.0,5.11394335230684,False,2.0,"plated_volume_uL=10; plating_condition=1; n0_source_days=0,1"
era4tb,M. tuberculosis,standard,,none,0.0,xMIC,0.0,era4tb_F_untreated_r3,6.36490625358047,2.0,6.90308998699194,False,2.0,"plated_volume_uL=10; plating_condition=2; n0_source_days=0,1"
era4tb,M. tuberculosis,standard,,none,0.0,xMIC,0.0,era4tb_F_untreated_r3,6.36490625358047,2.0,4.64345267648619,False,2.6020599913279625,"plated_volume_uL=2.5; plating_condition=3; n0_source_days=0,1"
era4tb,M. tuberculosis,standard,,none,0.0,xMIC,0.0,era4tb_F_untreated_r3,6.36490625358047,3.0,7.79239168949825,False,1.0,"plated_volume_uL=100; plating_condition=0; n0_source_days=0,1"
era4tb,M. tuberculosis,standard,,none,0.0,xMIC,0.0,era4tb_F_untreated_r3,6.36490625358047,3.0,6.20411998265593,False,2.0,"plated_volume_uL=10; plating_condition=1; n0_source_days=0,1"
era4tb,M. tuberculosis,standard,,none,0.0,xMIC,0.0,era4tb_F_untreated_r3,6.36490625358047,3.0,7.34242268082221,False,2.0,"plated_volume_uL=10; plating_condition=2; n0_source_days=0,1"
era4tb,M. tuberculosis,standard,,none,0.0,xMIC,0.0,era4tb_F_untreated_r3,6.36490625358047,3.0,6.38021124171161,False,2.6020599913279625,"plated_volume_uL=2.5; plating_condition=3; n0_source_days=0,1"
era4tb,M. tuberculosis,standard,,none,0.0,xMIC,0.0,era4tb_F_untreated_r3,6.36490625358047,7.0,7.74036268949424,False,1.0,"plated_volume_uL=100; plating_condition=0; n0_source_days=0,1"
era4tb,M. tuberculosis,standard,,none,0.0,xMIC,0.0,era4tb_F_untreated_r3,6.36490625358047,7.0,7.27875360095283,False,2.0,"plated_volume_uL=10; plating_condition=1; n0_source_days=0,1"
era4tb,M. tuberculosis,standard,,none,0.0,xMIC,0.0,era4tb_F_untreated_r3,6.36490625358047,7.0,7.07918124604763,False,2.0,"plated_volume_uL=10; plating_condition=2; n0_source_days=0,1"
era4tb,M. tuberculosis,standard,,none,0.0,xMIC,0.0,era4tb_F_untreated_r3,6.36490625358047,7.0,6.44715803134222,False,2.6020599913279625,"plated_volume_uL=2.5; plating_condition=3; n0_source_days=0,1"
era4tb,M. tuberculosis,standard,,none,0.0,xMIC,0.0,era4tb_F_untreated_r3,6.36490625358047,10.0,8.95904139232109,False,1.0,"plated_volume_uL=100; plating_condition=0; n0_source_days=0,1"
era4tb,M. tuberculosis,standard,,none,0.0,xMIC,0.0,era4tb_F_untreated_r3,6.36490625358047,10.0,8.20411998265593,False,2.0,"plated_volume_uL=10; plating_condition=1; n0_source_days=0,1"
era4tb,M. tuberculosis,standard,,none,0.0,xMIC,0.0,era4tb_F_untreated_r3,6.36490625358047,10.0,8.25527250510331,False,2.0,"plated_volume_uL=10; plating_condition=2; n0_source_days=0,1"
era4tb,M. tuberculosis,standard,,none,0.0,xMIC,0.0,era4tb_F_untreated_r3,6.36490625358047,10.0,6.80617997398389,False,2.6020599913279625,"plated_volume_uL=2.5; plating_condition=3; n0_source_days=0,1"
era4tb,M. tuberculosis,standard,,none,0.0,xMIC,0.0,era4tb_F_untreated_r3,6.36490625358047,15.0,8.57978359661681,False,1.0,"plated_volume_uL=100; plating_condition=0; n0_source_days=0,1"
era4tb,M. tuberculosis,standard,,none,0.0,xMIC,0.0,era4tb_F_untreated_r3,6.36490625358047,15.0,7.44715803134222,False,2.0,"plated_volume_uL=10; plating_condition=1; n0_source_days=0,1"
era4tb,M. tuberculosis,standard,,none,0.0,xMIC,0.0,era4tb_F_untreated_r3,6.36490625358047,15.0,8.30102999566398,False,2.0,"plated_volume_uL=10; plating_condition=2; n0_source_days=0,1"
era4tb,M. tuberculosis,standard,,none,0.0,xMIC,0.0,era4tb_F_untreated_r3,6.36490625358047,15.0,7.60205999132796,False,2.6020599913279625,"plated_volume_uL=2.5; plating_condition=3; n0_source_days=0,1"
era4tb,M. tuberculosis,standard,,none,0.0,xMIC,0.0,era4tb_F_untreated_r3,6.36490625358047,21.0,8.93951925261862,False,1.0,"plated_volume_uL=100; plating_condition=0; n0_source_days=0,1"
era4tb,M. tuberculosis,standard,,none,0.0,xMIC,0.0,era4tb_F_untreated_r3,6.36490625358047,21.0,7.51851393987789,False,2.0,"plated_volume_uL=10; plating_condition=1; n0_source_days=0,1"
era4tb,M. tuberculosis,standard,,none,0.0,xMIC,0.0,era4tb_F_untreated_r3,6.36490625358047,21.0,9.23044892137827,False,2.0,"plated_volume_uL=10; plating_condition=2; n0_source_days=0,1"
era4tb,M. tuberculosis,standard,,none,0.0,xMIC,0.0,era4tb_F_untreated_r3,6.36490625358047,21.0,6.85733249643127,False,2.6020599913279625,"plated_volume_uL=2.5; plating_condition=3; n0_source_days=0,1"
