Group,Replicate,Time,CFU,CFUlog10,Condition,Volume,AQL,BQL,Institute,Sample,Comments
0,1,0,NA,NA,0,100,1,0,A,untreated,100µl quad
0,2,0,NA,NA,0,100,1,0,A,untreated,100µl quad
0,3,0,NA,NA,0,100,1,0,A,untreated,100µl quad
0,1,0,2700,3.43136376415899,1,10,0,0,A,untreated,10µl 4 drops
0,2,0,3000,3.47712125471966,1,10,0,0,A,untreated,10µl 4 drops
0,3,0,3500,3.54406804435028,1,10,0,0,A,untreated,10µl 4 drops
0,1,0,1700,3.23044892137827,2,10,0,0,A,untreated,10µl single drop
0,2,0,1400,3.14612803567824,2,10,0,0,A,untreated,10µl single drop
0,3,0,1400,3.14612803567824,2,10,0,0,A,untreated,10µl single drop
0,1,0,1600,3.20411998265592,3,2.5,0,0,A,untreated,2.5µl single drop
0,2,0,1600,3.20411998265592,3,2.5,0,0,A,untreated,2.5µl single drop
0,3,0,1600,3.20411998265592,3,2.5,0,0,A,untreated,2.5µl single drop
0,1,1,9700,3.98677173426624,0,100,0,0,A,untreated,100µl quad
0,2,1,8500,3.92941892571429,0,100,0,0,A,untreated,100µl quad
0,3,1,NA,NA,0,100,0,0,A,untreated,100µl quad
0,1,1,5100,3.70757017609794,1,10,0,0,A,untreated,10µl 4 drops
0,2,1,5700,3.75587485567249,1,10,0,0,A,untreated,10µl 4 drops
0,3,1,5200,3.7160033436348,1,10,0,0,A,untreated,10µl 4 drops
0,1,1,1700,3.23044892137827,2,10,0,0,A,untreated,10µl single drop
0,2,1,1100,3.04139268515822,2,10,0,0,A,untreated,10µl single drop
0,3,1,1900,3.27875360095283,2,10,0,0,A,untreated,10µl single drop
0,1,1,2000,3.30102999566398,3,2.5,0,0,A,untreated,2.5µl single drop
0,2,1,2000,3.30102999566398,3,2.5,0,0,A,untreated,2.5µl single drop
0,3,1,2000,3.30102999566398,3,2.5,0,0,A,untreated,2.5µl single drop
1,1,1,5400,3.73239375982297,0,100,0,0,A,MXF 1X MIC,100µl quad
1,2,1,5100,3.70757017609794,0,100,0,0,A,MXF 1X MIC,100µl quad
1,3,1,3600,3.55630250076729,0,100,0,0,A,MXF 1X MIC,100µl quad
1,1,1,4000,3.60205999132796,1,10,0,0,A,MXF 1X MIC,10µl 4 drops
1,2,1,3000,3.47712125471966,1,10,0,0,A,MXF 1X MIC,10µl 4 drops
1,3,1,4700,3.67209785793572,1,10,0,0,A,MXF 1X MIC,10µl 4 drops
1,1,1,1200,3.07918124604762,2,10,0,0,A,MXF 1X MIC,10µl single drop
1,2,1,1200,3.07918124604762,2,10,0,0,A,MXF 1X MIC,10µl single drop
1,3,1,1100,3.04139268515822,2,10,0,0,A,MXF 1X MIC,10µl single drop
1,1,1,2000,3.30102999566398,3,2.5,0,0,A,MXF 1X MIC,2.5µl single drop
1,2,1,2000,3.30102999566398,3,2.5,0,0,A,MXF 1X MIC,2.5µl single drop
1,3,1,1600,3.20411998265592,3,2.5,0,0,A,MXF 1X MIC,2.5µl single drop
2,1,1,NA,NA,0,100,1,0,A,MXF 10X MIC,100µl quad
2,2,1,260,2.41497334797082,0,100,0,0,A,MXF 10X MIC,100µl quad
2,3,1,290,2.46239799789896,0,100,0,0,A,MXF 10X MIC,100µl quad
2,1,1,400,2.60205999132796,1,10,0,0,A,MXF 10X MIC,10µl 4 drops
2,2,1,600,2.77815125038364,1,10,0,0,A,MXF 10X MIC,10µl 4 drops
2,3,1,1700,3.23044892137827,1,10,0,0,A,MXF 10X MIC,10µl 4 drops
2,1,1,400,2.60205999132796,2,10,0,0,A,MXF 10X MIC,10µl single drop
2,2,1,600,2.77815125038364,2,10,0,0,A,MXF 10X MIC,10µl single drop
2,3,1,1500,3.17609125905568,2,10,0,0,A,MXF 10X MIC,10µl single drop
2,1,1,NA,NA,3,2.5,0,1,A,MXF 10X MIC,2.5µl single drop
2,2,1,NA,NA,3,2.5,0,1,A,MXF 10X MIC,2.5µl single drop
2,3,1,400,2.60205999132796,3,2.5,0,0,A,MXF 10X MIC,2.5µl single drop
3,1,1,350,2.54406804435028,0,100,0,0,A,INH 1X MIC,100µl quad
3,2,1,390,2.5910646070265,0,100,0,0,A,INH 1X MIC,100µl quad
3,3,1,280,2.44715803134222,0,100,0,0,A,INH 1X MIC,100µl quad
3,1,1,100,2,1,10,0,0,A,INH 1X MIC,10µl 4 drops
3,2,1,500,2.69897000433602,1,10,0,0,A,INH 1X MIC,10µl 4 drops
3,3,1,400,2.60205999132796,1,10,0,0,A,INH 1X MIC,10µl 4 drops
3,1,1,900,2.95424250943932,2,10,0,0,A,INH 1X MIC,10µl single drop
3,2,1,300,2.47712125471966,2,10,0,0,A,INH 1X MIC,10µl single drop
3,3,1,900,2.95424250943932,2,10,0,0,A,INH 1X MIC,10µl single drop
3,1,1,400,2.60205999132796,3,2.5,0,0,A,INH 1X MIC,2.5µl single drop
3,2,1,2800,3.44715803134222,3,2.5,0,0,A,INH 1X MIC,2.5µl single drop
3,3,1,2400,3.38021124171161,3,2.5,0,0,A,INH 1X MIC,2.5µl single drop
4,1,1,130,2.11394335230684,0,100,0,0,A,INH 10X MIC,100µl quad
4,2,1,240,2.38021124171161,0,100,0,0,A,INH 10X MIC,100µl quad
4,3,1,290,2.46239799789896,0,100,0,0,A,INH 10X MIC,100µl quad
4,1,1,100,2,1,10,0,0,A,INH 10X MIC,10µl 4 drops
4,2,1,100,2,1,10,0,0,A,INH 10X MIC,10µl 4 drops
4,3,1,100,2,1,10,0,0,A,INH 10X MIC,10µl 4 drops
4,1,1,200,2.30102999566398,2,10,0,0,A,INH 10X MIC,10µl single drop
4,2,1,NA,NA,2,10,0,1,A,INH 10X MIC,10µl single drop
4,3,1,NA,NA,2,10,0,1,A,INH 10X MIC,10µl single drop
4,1,1,800,2.90308998699194,3,2.5,0,0,A,INH 10X MIC,2.5µl single drop
4,2,1,2000,3.30102999566398,3,2.5,0,0,A,INH 10X MIC,2.5µl single drop
4,3,1,2000,3.30102999566398,3,2.5,0,0,A,INH 10X MIC,2.5µl single drop
0,1,2,11000,4.04139268515823,0,100,0,0,A,untreated,100µl quad
0,2,2,14300,4.15533603746506,0,100,0,0,A,untreated,100µl quad
0,3,2,11800,4.07188200730613,0,100,0,0,A,untreated,100µl quad
0,1,2,24000,4.38021124171161,1,10,0,0,A,untreated,10µl 4 drops
0,2,2,17000,4.23044892137827,1,10,0,0,A,untreated,10µl 4 drops
0,3,2,23000,4.36172783601759,1,10,0,0,A,untreated,10µl 4 drops
0,1,2,17000,4.23044892137827,2,10,0,0,A,untreated,10µl single drop
0,2,2,23000,4.36172783601759,2,10,0,0,A,untreated,10µl single drop
0,3,2,22000,4.34242268082221,2,10,0,0,A,untreated,10µl single drop
0,1,2,4400,3.64345267648619,3,2.5,0,0,A,untreated,2.5µl single drop
0,2,2,5200,3.7160033436348,3,2.5,0,0,A,untreated,2.5µl single drop
0,3,2,5200,3.7160033436348,3,2.5,0,0,A,untreated,2.5µl single drop
1,1,2,11400,4.05690485133647,0,100,0,0,A,MXF 1X MIC,100µl quad
1,2,2,9000,3.95424250943932,0,100,0,0,A,MXF 1X MIC,100µl quad
1,3,2,10000,4,0,100,0,0,A,MXF 1X MIC,100µl quad
1,1,2,15000,4.17609125905568,1,10,0,0,A,MXF 1X MIC,10µl 4 drops
1,2,2,9000,3.95424250943932,1,10,0,0,A,MXF 1X MIC,10µl 4 drops
1,3,2,13000,4.11394335230684,1,10,0,0,A,MXF 1X MIC,10µl 4 drops
1,1,2,11000,4.04139268515823,2,10,0,0,A,MXF 1X MIC,10µl single drop
1,2,2,22000,4.34242268082221,2,10,0,0,A,MXF 1X MIC,10µl single drop
1,3,2,7000,3.84509804001426,2,10,0,0,A,MXF 1X MIC,10µl single drop
1,1,2,4800,3.68124123737559,3,2.5,0,0,A,MXF 1X MIC,2.5µl single drop
1,2,2,4800,3.68124123737559,3,2.5,0,0,A,MXF 1X MIC,2.5µl single drop
1,3,2,3200,3.50514997831991,3,2.5,0,0,A,MXF 1X MIC,2.5µl single drop
2,1,2,120,2.07918124604762,0,100,0,0,A,MXF 10X MIC,100µl quad
2,2,2,150,2.17609125905568,0,100,0,0,A,MXF 10X MIC,100µl quad
2,3,2,100,2,0,100,0,0,A,MXF 10X MIC,100µl quad
2,1,2,800,2.90308998699194,1,10,0,0,A,MXF 10X MIC,10µl 4 drops
2,2,2,100,2,1,10,0,0,A,MXF 10X MIC,10µl 4 drops
2,3,2,NA,NA,1,10,0,1,A,MXF 10X MIC,10µl 4 drops
2,1,2,100,2,2,10,0,0,A,MXF 10X MIC,10µl single drop
2,2,2,100,2,2,10,0,0,A,MXF 10X MIC,10µl single drop
2,3,2,NA,NA,2,10,0,1,A,MXF 10X MIC,10µl single drop
2,1,2,400,2.60205999132796,3,2.5,0,0,A,MXF 10X MIC,2.5µl single drop
2,2,2,1200,3.07918124604762,3,2.5,0,0,A,MXF 10X MIC,2.5µl single drop
2,3,2,NA,NA,3,2.5,0,1,A,MXF 10X MIC,2.5µl single drop
3,1,2,150,2.17609125905568,0,100,0,0,A,INH 1X MIC,100µl quad
3,2,2,190,2.27875360095283,0,100,0,0,A,INH 1X MIC,100µl quad
3,3,2,180,2.25527250510331,0,100,0,0,A,INH 1X MIC,100µl quad
3,1,2,NA,NA,1,10,0,1,A,INH 1X MIC,10µl 4 drops
3,2,2,NA,NA,1,10,0,1,A,INH 1X MIC,10µl 4 drops
3,3,2,NA,NA,1,10,0,1,A,INH 1X MIC,10µl 4 drops
3,1,2,NA,NA,2,10,0,1,A,INH 1X MIC,10µl single drop
3,2,2,300,2.47712125471966,2,10,0,0,A,INH 1X MIC,10µl single drop
3,3,2,300,2.47712125471966,2,10,0,0,A,INH 1X MIC,10µl single drop
3,1,2,400,2.60205999132796,3,2.5,0,0,A,INH 1X MIC,2.5µl single drop
3,2,2,NA,NA,3,2.5,0,1,A,INH 1X MIC,2.5µl single drop
3,3,2,NA,NA,3,2.5,0,1,A,INH 1X MIC,2.5µl single drop
4,1,2,80,1.90308998699194,0,100,0,0,A,INH 10X MIC,100µl quad
4,2,2,40,1.60205999132796,0,100,0,0,A,INH 10X MIC,100µl quad
4,3,2,20,1.30102999566398,0,100,0,0,A,INH 10X MIC,100µl quad
4,1,2,NA,NA,1,10,0,1,A,INH 10X MIC,10µl 4 drops
4,2,2,NA,NA,1,10,0,1,A,INH 10X MIC,10µl 4 drops
4,3,2,NA,NA,1,10,0,1,A,INH 10X MIC,10µl 4 drops
4,1,2,400,2.60205999132796,2,10,0,0,A,INH 10X MIC,10µl single drop
4,2,2,NA,NA,2,10,0,1,A,INH 10X MIC,10µl single drop
4,3,2,500,2.69897000433602,2,10,0,0,A,INH 10X MIC,10µl single drop
4,1,2,NA,NA,3,2.5,0,1,A,INH 10X MIC,2.5µl single drop
4,2,2,NA,NA,3,2.5,0,1,A,INH 10X MIC,2.5µl single drop
4,3,2,400,2.60205999132796,3,2.5,0,0,A,INH 10X MIC,2.5µl single drop
0,1,3,49000,4.69019608002851,0,100,0,0,A,untreated,100µl quad
0,2,3,70000,4.84509804001426,0,100,0,0,A,untreated,100µl quad
0,3,3,55000,4.74036268949424,0,100,0,0,A,untreated,100µl quad
0,1,3,32000,4.50514997831991,1,10,0,0,A,untreated,10µl 4 drops
0,2,3,34000,4.53147891704226,1,10,0,0,A,untreated,10µl 4 drops
0,3,3,32000,4.50514997831991,1,10,0,0,A,untreated,10µl 4 drops
0,1,3,26000,4.41497334797082,2,10,0,0,A,untreated,10µl single drop
0,2,3,27000,4.43136376415899,2,10,0,0,A,untreated,10µl single drop
0,3,3,28000,4.44715803134222,2,10,0,0,A,untreated,10µl single drop
0,1,3,32000,4.50514997831991,3,2.5,0,0,A,untreated,2.5µl single drop
0,2,3,28000,4.44715803134222,3,2.5,0,0,A,untreated,2.5µl single drop
0,3,3,28000,4.44715803134222,3,2.5,0,0,A,untreated,2.5µl single drop
1,1,3,12000,4.07918124604763,0,100,0,0,A,MXF 1X MIC,100µl quad
1,2,3,16900,4.22788670461367,0,100,0,0,A,MXF 1X MIC,100µl quad
1,3,3,12300,4.0899051114394,0,100,0,0,A,MXF 1X MIC,100µl quad
1,1,3,20000,4.30102999566398,1,10,0,0,A,MXF 1X MIC,10µl 4 drops
1,2,3,20000,4.30102999566398,1,10,0,0,A,MXF 1X MIC,10µl 4 drops
1,3,3,25000,4.39794000867204,1,10,0,0,A,MXF 1X MIC,10µl 4 drops
1,1,3,19000,4.27875360095283,2,10,0,0,A,MXF 1X MIC,10µl single drop
1,2,3,19000,4.27875360095283,2,10,0,0,A,MXF 1X MIC,10µl single drop
1,3,3,18000,4.25527250510331,2,10,0,0,A,MXF 1X MIC,10µl single drop
1,1,3,16000,4.20411998265593,3,2.5,0,0,A,MXF 1X MIC,2.5µl single drop
1,2,3,12000,4.07918124604763,3,2.5,0,0,A,MXF 1X MIC,2.5µl single drop
1,3,3,20000,4.30102999566398,3,2.5,0,0,A,MXF 1X MIC,2.5µl single drop
2,1,3,70,1.84509804001426,0,100,0,0,A,MXF 10X MIC,100µl quad
2,2,3,80,1.90308998699194,0,100,0,0,A,MXF 10X MIC,100µl quad
2,3,3,100,2,0,100,0,0,A,MXF 10X MIC,100µl quad
2,1,3,400,2.60205999132796,1,10,0,0,A,MXF 10X MIC,10µl 4 drops
2,2,3,NA,NA,1,10,0,1,A,MXF 10X MIC,10µl 4 drops
2,3,3,NA,NA,1,10,0,1,A,MXF 10X MIC,10µl 4 drops
2,1,3,100,2,2,10,0,0,A,MXF 10X MIC,10µl single drop
2,2,3,NA,NA,2,10,0,1,A,MXF 10X MIC,10µl single drop
2,3,3,NA,NA,2,10,0,1,A,MXF 10X MIC,10µl single drop
2,1,3,800,2.90308998699194,3,2.5,0,0,A,MXF 10X MIC,2.5µl single drop
2,2,3,400,2.60205999132796,3,2.5,0,0,A,MXF 10X MIC,2.5µl single drop
2,3,3,400,2.60205999132796,3,2.5,0,0,A,MXF 10X MIC,2.5µl single drop
3,1,3,110,2.04139268515822,0,100,0,0,A,INH 1X MIC,100µl quad
3,2,3,70,1.84509804001426,0,100,0,0,A,INH 1X MIC,100µl quad
3,3,3,70,1.84509804001426,0,100,0,0,A,INH 1X MIC,100µl quad
3,1,3,NA,NA,1,10,0,1,A,INH 1X MIC,10µl 4 drops
3,2,3,NA,NA,1,10,0,1,A,INH 1X MIC,10µl 4 drops
3,3,3,NA,NA,1,10,0,1,A,INH 1X MIC,10µl 4 drops
3,1,3,NA,NA,2,10,0,1,A,INH 1X MIC,10µl single drop
3,2,3,NA,NA,2,10,0,1,A,INH 1X MIC,10µl single drop
3,3,3,NA,NA,2,10,0,1,A,INH 1X MIC,10µl single drop
3,1,3,NA,NA,3,2.5,0,1,A,INH 1X MIC,2.5µl single drop
3,2,3,400,2.60205999132796,3,2.5,0,0,A,INH 1X MIC,2.5µl single drop
3,3,3,NA,NA,3,2.5,0,1,A,INH 1X MIC,2.5µl single drop
4,1,3,10,1,0,100,0,0,A,INH 10X MIC,100µl quad
4,2,3,20,1.30102999566398,0,100,0,0,A,INH 10X MIC,100µl quad
4,3,3,NA,NA,0,100,0,1,A,INH 10X MIC,100µl quad
4,1,3,NA,NA,1,10,0,1,A,INH 10X MIC,10µl 4 drops
4,2,3,NA,NA,1,10,0,1,A,INH 10X MIC,10µl 4 drops
4,3,3,NA,NA,1,10,0,1,A,INH 10X MIC,10µl 4 drops
4,1,3,NA,NA,2,10,0,1,A,INH 10X MIC,10µl single drop
4,2,3,NA,NA,2,10,0,1,A,INH 10X MIC,10µl single drop
4,3,3,NA,NA,2,10,0,1,A,INH 10X MIC,10µl single drop
4,1,3,1200,3.07918124604762,3,2.5,0,0,A,INH 10X MIC,2.5µl single drop
4,2,3,800,2.90308998699194,3,2.5,0,0,A,INH 10X MIC,2.5µl single drop
4,3,3,400,2.60205999132796,3,2.5,0,0,A,INH 10X MIC,2.5µl single drop
0,1,7,390000,5.5910646070265,0,100,0,0,A,untreated,100µl quad
0,2,7,370000,5.56820172406699,0,100,0,0,A,untreated,100µl quad
0,3,7,430000,5.63346845557959,0,100,0,0,A,untreated,100µl quad
0,1,7,150000,5.17609125905568,1,10,0,0,A,untreated,10µl 4 drops
0,2,7,150000,5.17609125905568,1,10,0,0,A,untreated,10µl 4 drops
0,3,7,120000,5.07918124604763,1,10,0,0,A,untreated,10µl 4 drops
0,1,7,45000,4.65321251377534,2,10,0,0,A,untreated,10µl single drop
0,2,7,33000,4.51851393987789,2,10,0,0,A,untreated,10µl single drop
0,3,7,31000,4.49136169383427,2,10,0,0,A,untreated,10µl single drop
0,1,7,48000,4.68124123737559,3,2.5,0,0,A,untreated,2.5µl single drop
0,2,7,48000,4.68124123737559,3,2.5,0,0,A,untreated,2.5µl single drop
0,3,7,40000,4.60205999132796,3,2.5,0,0,A,untreated,2.5µl single drop
1,1,7,95000,4.97772360528885,0,100,0,0,A,MXF 1X MIC,100µl quad
1,2,7,95000,4.97772360528885,0,100,0,0,A,MXF 1X MIC,100µl quad
1,3,7,125000,5.09691001300806,0,100,0,0,A,MXF 1X MIC,100µl quad
1,1,7,140000,5.14612803567824,1,10,0,0,A,MXF 1X MIC,10µl 4 drops
1,2,7,100000,5,1,10,0,0,A,MXF 1X MIC,10µl 4 drops
1,3,7,50000,4.69897000433602,1,10,0,0,A,MXF 1X MIC,10µl 4 drops
1,1,7,20000,4.30102999566398,2,10,0,0,A,MXF 1X MIC,10µl single drop
1,2,7,22000,4.34242268082221,2,10,0,0,A,MXF 1X MIC,10µl single drop
1,3,7,40000,4.60205999132796,2,10,0,0,A,MXF 1X MIC,10µl single drop
1,1,7,32000,4.50514997831991,3,2.5,0,0,A,MXF 1X MIC,2.5µl single drop
1,2,7,32000,4.50514997831991,3,2.5,0,0,A,MXF 1X MIC,2.5µl single drop
1,3,7,36000,4.55630250076729,3,2.5,0,0,A,MXF 1X MIC,2.5µl single drop
2,1,7,NA,NA,0,100,0,1,A,MXF 10X MIC,100µl quad
2,2,7,40,1.60205999132796,0,100,0,0,A,MXF 10X MIC,100µl quad
2,3,7,50,1.69897000433602,0,100,0,0,A,MXF 10X MIC,100µl quad
2,1,7,100,2,1,10,0,0,A,MXF 10X MIC,10µl 4 drops
2,2,7,NA,NA,1,10,0,1,A,MXF 10X MIC,10µl 4 drops
2,3,7,NA,NA,1,10,0,1,A,MXF 10X MIC,10µl 4 drops
2,1,7,200,2.30102999566398,2,10,0,0,A,MXF 10X MIC,10µl single drop
2,2,7,NA,NA,2,10,0,1,A,MXF 10X MIC,10µl single drop
2,3,7,NA,NA,2,10,0,1,A,MXF 10X MIC,10µl single drop
2,1,7,400,2.60205999132796,3,2.5,0,0,A,MXF 10X MIC,2.5µl single drop
2,2,7,NA,NA,3,2.5,0,1,A,MXF 10X MIC,2.5µl single drop
2,3,7,NA,NA,3,2.5,0,1,A,MXF 10X MIC,2.5µl single drop
3,1,7,NA,NA,0,100,0,1,A,INH 1X MIC,100µl quad
3,2,7,NA,NA,0,100,0,1,A,INH 1X MIC,100µl quad
3,3,7,NA,NA,0,100,0,1,A,INH 1X MIC,100µl quad
3,1,7,NA,NA,1,10,0,1,A,INH 1X MIC,10µl 4 drops
3,2,7,NA,NA,1,10,0,1,A,INH 1X MIC,10µl 4 drops
3,3,7,NA,NA,1,10,0,1,A,INH 1X MIC,10µl 4 drops
3,1,7,NA,NA,2,10,0,1,A,INH 1X MIC,10µl single drop
3,2,7,NA,NA,2,10,0,1,A,INH 1X MIC,10µl single drop
3,3,7,NA,NA,2,10,0,1,A,INH 1X MIC,10µl single drop
3,1,7,NA,NA,3,2.5,0,1,A,INH 1X MIC,2.5µl single drop
3,2,7,NA,NA,3,2.5,0,1,A,INH 1X MIC,2.5µl single drop
3,3,7,NA,NA,3,2.5,0,1,A,INH 1X MIC,2.5µl single drop
4,1,7,NA,NA,0,100,0,1,A,INH 10X MIC,100µl quad
4,2,7,10,1,0,100,0,0,A,INH 10X MIC,100µl quad
4,3,7,NA,NA,0,100,0,1,A,INH 10X MIC,100µl quad
4,1,7,NA,NA,1,10,0,1,A,INH 10X MIC,10µl 4 drops
4,2,7,NA,NA,1,10,0,1,A,INH 10X MIC,10µl 4 drops
4,3,7,NA,NA,1,10,0,1,A,INH 10X MIC,10µl 4 drops
4,1,7,100,2,2,10,0,0,A,INH 10X MIC,10µl single drop
4,2,7,NA,NA,2,10,0,1,A,INH 10X MIC,10µl single drop
4,3,7,NA,NA,2,10,0,1,A,INH 10X MIC,10µl single drop
4,1,7,NA,NA,3,2.5,0,1,A,INH 10X MIC,2.5µl single drop
4,2,7,NA,NA,3,2.5,0,1,A,INH 10X MIC,2.5µl single drop
4,3,7,NA,NA,3,2.5,0,1,A,INH 10X MIC,2.5µl single drop
0,1,10,610000,5.78532983501077,0,100,0,0,A,untreated,100µl quad
0,2,10,640000,5.80617997398389,0,100,0,0,A,untreated,100µl quad
0,3,10,460000,5.66275783168157,0,100,0,0,A,untreated,100µl quad
0,1,10,350000,5.54406804435028,1,10,0,0,A,untreated,10µl 4 drops
0,2,10,300000,5.47712125471966,1,10,0,0,A,untreated,10µl 4 drops
0,3,10,280000,5.44715803134222,1,10,0,0,A,untreated,10µl 4 drops
0,1,10,260000,5.41497334797082,2,10,0,0,A,untreated,10µl single drop
0,2,10,320000,5.50514997831991,2,10,0,0,A,untreated,10µl single drop
0,3,10,280000,5.44715803134222,2,10,0,0,A,untreated,10µl single drop
0,1,10,52000,4.7160033436348,3,2.5,0,0,A,untreated,2.5µl single drop
0,2,10,56000,4.7481880270062,3,2.5,0,0,A,untreated,2.5µl single drop
0,3,10,64000,4.80617997398389,3,2.5,0,0,A,untreated,2.5µl single drop
1,1,10,300000,5.47712125471966,0,100,0,0,A,MXF 1X MIC,100µl quad
1,2,10,240000,5.38021124171161,0,100,0,0,A,MXF 1X MIC,100µl quad
1,3,10,130000,5.11394335230684,0,100,0,0,A,MXF 1X MIC,100µl quad
1,1,10,150000,5.17609125905568,1,10,0,0,A,MXF 1X MIC,10µl 4 drops
1,2,10,90000,4.95424250943933,1,10,0,0,A,MXF 1X MIC,10µl 4 drops
1,3,10,140000,5.14612803567824,1,10,0,0,A,MXF 1X MIC,10µl 4 drops
1,1,10,170000,5.23044892137827,2,10,0,0,A,MXF 1X MIC,10µl single drop
1,2,10,190000,5.27875360095283,2,10,0,0,A,MXF 1X MIC,10µl single drop
1,3,10,150000,5.17609125905568,2,10,0,0,A,MXF 1X MIC,10µl single drop
1,1,10,32000,4.50514997831991,3,2.5,0,0,A,MXF 1X MIC,2.5µl single drop
1,2,10,52000,4.7160033436348,3,2.5,0,0,A,MXF 1X MIC,2.5µl single drop
1,3,10,44000,4.64345267648619,3,2.5,0,0,A,MXF 1X MIC,2.5µl single drop
2,1,10,40,1.60205999132796,0,100,0,0,A,MXF 10X MIC,100µl quad
2,2,10,20,1.30102999566398,0,100,0,0,A,MXF 10X MIC,100µl quad
2,3,10,40,1.60205999132796,0,100,0,0,A,MXF 10X MIC,100µl quad
2,1,10,NA,NA,1,10,0,1,A,MXF 10X MIC,10µl 4 drops
2,2,10,NA,NA,1,10,0,1,A,MXF 10X MIC,10µl 4 drops
2,3,10,NA,NA,1,10,0,1,A,MXF 10X MIC,10µl 4 drops
2,1,10,NA,NA,2,10,0,1,A,MXF 10X MIC,10µl single drop
2,2,10,NA,NA,2,10,0,1,A,MXF 10X MIC,10µl single drop
2,3,10,NA,NA,2,10,0,1,A,MXF 10X MIC,10µl single drop
2,1,10,NA,NA,3,2.5,0,1,A,MXF 10X MIC,2.5µl single drop
2,2,10,NA,NA,3,2.5,0,1,A,MXF 10X MIC,2.5µl single drop
2,3,10,NA,NA,3,2.5,0,1,A,MXF 10X MIC,2.5µl single drop
3,1,10,NA,NA,0,100,0,0,A,INH 1X MIC,100µl quad
3,2,10,90,1.95424250943932,0,100,0,0,A,INH 1X MIC,100µl quad
3,3,10,90,1.95424250943932,0,100,0,0,A,INH 1X MIC,100µl quad
3,1,10,NA,NA,1,10,0,0,A,INH 1X MIC,10µl 4 drops
3,2,10,NA,NA,1,10,0,1,A,INH 1X MIC,10µl 4 drops
3,3,10,NA,NA,1,10,0,1,A,INH 1X MIC,10µl 4 drops
3,1,10,NA,NA,2,10,0,0,A,INH 1X MIC,10µl single drop
3,2,10,100,2,2,10,0,0,A,INH 1X MIC,10µl single drop
3,3,10,NA,NA,2,10,0,1,A,INH 1X MIC,10µl single drop
3,1,10,NA,NA,3,2.5,0,0,A,INH 1X MIC,2.5µl single drop
3,2,10,NA,NA,3,2.5,0,1,A,INH 1X MIC,2.5µl single drop
3,3,10,NA,NA,3,2.5,0,1,A,INH 1X MIC,2.5µl single drop
4,1,10,NA,NA,0,100,0,1,A,INH 10X MIC,100µl quad
4,2,10,NA,NA,0,100,0,1,A,INH 10X MIC,100µl quad
4,3,10,NA,NA,0,100,0,1,A,INH 10X MIC,100µl quad
4,1,10,NA,NA,1,10,0,1,A,INH 10X MIC,10µl 4 drops
4,2,10,NA,NA,1,10,0,1,A,INH 10X MIC,10µl 4 drops
4,3,10,NA,NA,1,10,0,1,A,INH 10X MIC,10µl 4 drops
4,1,10,NA,NA,2,10,0,1,A,INH 10X MIC,10µl single drop
4,2,10,NA,NA,2,10,0,1,A,INH 10X MIC,10µl single drop
4,3,10,NA,NA,2,10,0,1,A,INH 10X MIC,10µl single drop
4,1,10,NA,NA,3,2.5,0,1,A,INH 10X MIC,2.5µl single drop
4,2,10,NA,NA,3,2.5,0,1,A,INH 10X MIC,2.5µl single drop
4,3,10,NA,NA,3,2.5,0,1,A,INH 10X MIC,2.5µl single drop
0,1,14,5600000,6.7481880270062,0,100,0,0,A,untreated,100µl quad
0,2,14,4300000,6.63346845557959,0,100,0,0,A,untreated,100µl quad
0,3,14,5200000,6.7160033436348,0,100,0,0,A,untreated,100µl quad
0,1,14,3700000,6.56820172406699,1,10,0,0,A,untreated,10µl 4 drops
0,2,14,4000000,6.60205999132796,1,10,0,0,A,untreated,10µl 4 drops
0,3,14,4000000,6.60205999132796,1,10,0,0,A,untreated,10µl 4 drops
0,1,14,320000,5.50514997831991,2,10,0,0,A,untreated,10µl single drop
0,2,14,280000,5.44715803134222,2,10,0,0,A,untreated,10µl single drop
0,3,14,260000,5.41497334797082,2,10,0,0,A,untreated,10µl single drop
0,1,14,200000,5.30102999566398,3,2.5,0,0,A,untreated,2.5µl single drop
0,2,14,280000,5.44715803134222,3,2.5,0,0,A,untreated,2.5µl single drop
0,3,14,240000,5.38021124171161,3,2.5,0,0,A,untreated,2.5µl single drop
1,1,14,3100000,6.49136169383427,0,100,0,0,A,MXF 1X MIC,100µl quad
1,2,14,2900000,6.46239799789896,0,100,0,0,A,MXF 1X MIC,100µl quad
1,3,14,1700000,6.23044892137827,0,100,0,0,A,MXF 1X MIC,100µl quad
1,1,14,3200000,6.50514997831991,1,10,0,0,A,MXF 1X MIC,10µl 4 drops
1,2,14,2800000,6.44715803134222,1,10,0,0,A,MXF 1X MIC,10µl 4 drops
1,3,14,2600000,6.41497334797082,1,10,0,0,A,MXF 1X MIC,10µl 4 drops
1,1,14,230000,5.36172783601759,2,10,0,0,A,MXF 1X MIC,10µl single drop
1,2,14,210000,5.32221929473392,2,10,0,0,A,MXF 1X MIC,10µl single drop
1,3,14,200000,5.30102999566398,2,10,0,0,A,MXF 1X MIC,10µl single drop
1,1,14,80000,4.90308998699194,3,2.5,0,0,A,MXF 1X MIC,2.5µl single drop
1,2,14,240000,5.38021124171161,3,2.5,0,0,A,MXF 1X MIC,2.5µl single drop
1,3,14,200000,5.30102999566398,3,2.5,0,0,A,MXF 1X MIC,2.5µl single drop
2,1,14,NA,NA,0,100,0,1,A,MXF 10X MIC,100µl quad
2,2,14,NA,NA,0,100,0,1,A,MXF 10X MIC,100µl quad
2,3,14,NA,NA,0,100,0,1,A,MXF 10X MIC,100µl quad
2,1,14,NA,NA,1,10,0,1,A,MXF 10X MIC,10µl 4 drops
2,2,14,NA,NA,1,10,0,1,A,MXF 10X MIC,10µl 4 drops
2,3,14,200,2.30102999566398,1,10,0,0,A,MXF 10X MIC,10µl 4 drops
2,1,14,NA,NA,2,10,0,1,A,MXF 10X MIC,10µl single drop
2,2,14,NA,NA,2,10,0,1,A,MXF 10X MIC,10µl single drop
2,3,14,NA,NA,2,10,0,1,A,MXF 10X MIC,10µl single drop
2,1,14,NA,NA,3,2.5,0,1,A,MXF 10X MIC,2.5µl single drop
2,2,14,NA,NA,3,2.5,0,1,A,MXF 10X MIC,2.5µl single drop
2,3,14,NA,NA,3,2.5,0,1,A,MXF 10X MIC,2.5µl single drop
3,1,14,200,2.30102999566398,0,100,0,0,A,INH 1X MIC,100µl quad
3,2,14,310,2.49136169383427,0,100,0,0,A,INH 1X MIC,100µl quad
3,3,14,NA,NA,0,100,0,0,A,INH 1X MIC,100µl quad
3,1,14,3000,3.47712125471966,1,10,0,0,A,INH 1X MIC,10µl 4 drops
3,2,14,1000,3,1,10,0,0,A,INH 1X MIC,10µl 4 drops
3,3,14,3400,3.53147891704225,1,10,0,0,A,INH 1X MIC,10µl 4 drops
3,1,14,NA,NA,2,10,0,1,A,INH 1X MIC,10µl single drop
3,2,14,NA,NA,2,10,0,1,A,INH 1X MIC,10µl single drop
3,3,14,1400,3.14612803567824,2,10,0,0,A,INH 1X MIC,10µl single drop
3,1,14,NA,NA,3,2.5,0,1,A,INH 1X MIC,2.5µl single drop
3,2,14,NA,NA,3,2.5,0,1,A,INH 1X MIC,2.5µl single drop
3,3,14,1200,3.07918124604762,3,2.5,0,0,A,INH 1X MIC,2.5µl single drop
4,1,14,NA,NA,0,100,0,1,A,INH 10X MIC,100µl quad
4,2,14,NA,NA,0,100,0,1,A,INH 10X MIC,100µl quad
4,3,14,NA,NA,0,100,0,1,A,INH 10X MIC,100µl quad
4,1,14,NA,NA,1,10,0,1,A,INH 10X MIC,10µl 4 drops
4,2,14,NA,NA,1,10,0,1,A,INH 10X MIC,10µl 4 drops
4,3,14,NA,NA,1,10,0,1,A,INH 10X MIC,10µl 4 drops
4,1,14,NA,NA,2,10,0,1,A,INH 10X MIC,10µl single drop
4,2,14,NA,NA,2,10,0,1,A,INH 10X MIC,10µl single drop
4,3,14,NA,NA,2,10,0,1,A,INH 10X MIC,10µl single drop
4,1,14,NA,NA,3,2.5,0,1,A,INH 10X MIC,2.5µl single drop
4,2,14,NA,NA,3,2.5,0,1,A,INH 10X MIC,2.5µl single drop
4,3,14,NA,NA,3,2.5,0,1,A,INH 10X MIC,2.5µl single drop
0,1,21,10300000,7.01283722470517,0,100,0,0,A,untreated,100µl quad
0,2,21,9900000,6.99563519459755,0,100,0,0,A,untreated,100µl quad
0,3,21,9200000,6.96378782734556,0,100,0,0,A,untreated,100µl quad
0,1,21,2700000,6.43136376415899,1,10,0,0,A,untreated,10µl 4 drops
0,2,21,3300000,6.51851393987789,1,10,0,0,A,untreated,10µl 4 drops
0,3,21,2300000,6.36172783601759,1,10,0,0,A,untreated,10µl 4 drops
0,1,21,2300000,6.36172783601759,2,10,0,0,A,untreated,10µl single drop
0,2,21,3300000,6.51851393987789,2,10,0,0,A,untreated,10µl single drop
0,3,21,3400000,6.53147891704226,2,10,0,0,A,untreated,10µl single drop
0,1,21,3200000,6.50514997831991,3,2.5,0,0,A,untreated,2.5µl single drop
0,2,21,4000000,6.60205999132796,3,2.5,0,0,A,untreated,2.5µl single drop
0,3,21,1600000,6.20411998265593,3,2.5,0,0,A,untreated,2.5µl single drop
1,1,21,4900000,6.69019608002851,0,100,0,0,A,MXF 1X MIC,100µl quad
1,2,21,4000000,6.60205999132796,0,100,0,0,A,MXF 1X MIC,100µl quad
1,3,21,4800000,6.68124123737559,0,100,0,0,A,MXF 1X MIC,100µl quad
1,1,21,1600000,6.20411998265593,1,10,0,0,A,MXF 1X MIC,10µl 4 drops
1,2,21,1700000,6.23044892137827,1,10,0,0,A,MXF 1X MIC,10µl 4 drops
1,3,21,2200000,6.34242268082221,1,10,0,0,A,MXF 1X MIC,10µl 4 drops
1,1,21,1800000,6.25527250510331,2,10,0,0,A,MXF 1X MIC,10µl single drop
1,2,21,1400000,6.14612803567824,2,10,0,0,A,MXF 1X MIC,10µl single drop
1,3,21,2400000,6.38021124171161,2,10,0,0,A,MXF 1X MIC,10µl single drop
1,1,21,1600000,6.20411998265593,3,2.5,0,0,A,MXF 1X MIC,2.5µl single drop
1,2,21,2000000,6.30102999566398,3,2.5,0,0,A,MXF 1X MIC,2.5µl single drop
1,3,21,2000000,6.30102999566398,3,2.5,0,0,A,MXF 1X MIC,2.5µl single drop
2,1,21,5700,3.75587485567249,0,100,0,0,A,MXF 10X MIC,100µl quad
2,2,21,9000,3.95424250943932,0,100,0,0,A,MXF 10X MIC,100µl quad
2,3,21,NA,NA,0,100,0,0,A,MXF 10X MIC,100µl quad
2,1,21,4200,3.6232492903979,1,10,0,0,A,MXF 10X MIC,10µl 4 drops
2,2,21,4700,3.67209785793572,1,10,0,0,A,MXF 10X MIC,10µl 4 drops
2,3,21,NA,NA,1,10,0,0,A,MXF 10X MIC,10µl 4 drops
2,1,21,3100,3.49136169383427,2,10,0,0,A,MXF 10X MIC,10µl single drop
2,2,21,2800,3.44715803134222,2,10,0,0,A,MXF 10X MIC,10µl single drop
2,3,21,NA,NA,2,10,0,0,A,MXF 10X MIC,10µl single drop
2,1,21,3600,3.55630250076729,3,2.5,0,0,A,MXF 10X MIC,2.5µl single drop
2,2,21,4800,3.68124123737559,3,2.5,0,0,A,MXF 10X MIC,2.5µl single drop
2,3,21,NA,NA,3,2.5,0,0,A,MXF 10X MIC,2.5µl single drop
3,1,21,42000,4.6232492903979,0,100,0,0,A,INH 1X MIC,100µl quad
3,2,21,62000,4.79239168949825,0,100,0,0,A,INH 1X MIC,100µl quad
3,3,21,75000,4.8750612633917,0,100,0,0,A,INH 1X MIC,100µl quad
3,1,21,23000,4.36172783601759,1,10,0,0,A,INH 1X MIC,10µl 4 drops
3,2,21,22000,4.34242268082221,1,10,0,0,A,INH 1X MIC,10µl 4 drops
3,3,21,26000,4.41497334797082,1,10,0,0,A,INH 1X MIC,10µl 4 drops
3,1,21,14000,4.14612803567824,2,10,0,0,A,INH 1X MIC,10µl single drop
3,2,21,18000,4.25527250510331,2,10,0,0,A,INH 1X MIC,10µl single drop
3,3,21,16000,4.20411998265593,2,10,0,0,A,INH 1X MIC,10µl single drop
3,1,21,24000,4.38021124171161,3,2.5,0,0,A,INH 1X MIC,2.5µl single drop
3,2,21,36000,4.55630250076729,3,2.5,0,0,A,INH 1X MIC,2.5µl single drop
3,3,21,28000,4.44715803134222,3,2.5,0,0,A,INH 1X MIC,2.5µl single drop
4,1,21,NA,NA,0,100,0,1,A,INH 10X MIC,100µl quad
4,2,21,NA,NA,0,100,0,1,A,INH 10X MIC,100µl quad
4,3,21,NA,NA,0,100,0,1,A,INH 10X MIC,100µl quad
4,1,21,NA,NA,1,10,0,1,A,INH 10X MIC,10µl 4 drops
4,2,21,NA,NA,1,10,0,1,A,INH 10X MIC,10µl 4 drops
4,3,21,NA,NA,1,10,0,1,A,INH 10X MIC,10µl 4 drops
4,1,21,NA,NA,2,10,0,1,A,INH 10X MIC,10µl single drop
4,2,21,NA,NA,2,10,0,1,A,INH 10X MIC,10µl single drop
4,3,21,NA,NA,2,10,0,1,A,INH 10X MIC,10µl single drop
4,1,21,NA,NA,3,2.5,0,1,A,INH 10X MIC,2.5µl single drop
4,2,21,NA,NA,3,2.5,0,1,A,INH 10X MIC,2.5µl single drop
4,3,21,NA,NA,3,2.5,0,1,A,INH 10X MIC,2.5µl single drop
0,1,-3,2500,3.39794000867204,0,100,0,0,B,untreated,a) 100µl quad
0,2,-3,3000,3.47712125471966,0,100,0,0,B,untreated,a) 100µl quad
0,3,-3,3300,3.51851393987789,0,100,0,0,B,untreated,a) 100µl quad
0,1,-3,4000,3.60205999132796,1,10,0,0,B,untreated,c ) 10µl 4 drops
0,2,-3,9000,3.95424250943932,1,10,0,0,B,untreated,c ) 10µl 4 drops
0,3,-3,3000,3.47712125471966,1,10,0,0,B,untreated,c ) 10µl 4 drops
0,1,-3,5000,3.69897000433602,2,10,0,0,B,untreated,b) 10µl single drop
0,2,-3,2000,3.30102999566398,2,10,0,0,B,untreated,b) 10µl single drop
0,3,-3,10000,4,2,10,0,0,B,untreated,b) 10µl single drop
0,1,-3,3200,3.50514997831991,3,2.5,0,0,B,untreated,d) 2.5µl single drop
0,2,-3,4000,3.60205999132796,3,2.5,0,0,B,untreated,d) 2.5µl single drop
0,3,-3,1600,3.20411998265592,3,2.5,0,0,B,untreated,d) 2.5µl single drop
0,1,0,5500,3.74036268949424,0,100,0,0,B,untreated,a) 100µl quad
0,2,0,2500,3.39794000867204,0,100,0,0,B,untreated,a) 100µl quad
0,3,0,7300,3.86332286012046,0,100,0,0,B,untreated,a) 100µl quad
0,1,0,3000,3.47712125471966,1,10,0,0,B,untreated,c ) 10µl 4 drops
0,2,0,7000,3.84509804001426,1,10,0,0,B,untreated,c ) 10µl 4 drops
0,3,0,5000,3.69897000433602,1,10,0,0,B,untreated,c ) 10µl 4 drops
0,1,0,5000,3.69897000433602,2,10,0,0,B,untreated,b) 10µl single drop
0,2,0,4000,3.60205999132796,2,10,0,0,B,untreated,b) 10µl single drop
0,3,0,3000,3.47712125471966,2,10,0,0,B,untreated,b) 10µl single drop
0,1,0,3600,3.55630250076729,3,2.5,0,0,B,untreated,d) 2.5µl single drop
0,2,0,4400,3.64345267648619,3,2.5,0,0,B,untreated,d) 2.5µl single drop
0,3,0,3600,3.55630250076729,3,2.5,0,0,B,untreated,d) 2.5µl single drop
0,1,1,3000,3.47712125471966,0,100,0,0,B,untreated,a) 100µl quad
0,2,1,NA,NA,0,100,1,0,B,untreated,a) 100µl quad
0,3,1,NA,NA,0,100,0,1,B,untreated,a) 100µl quad
0,1,1,1400,3.14612803567824,1,10,0,0,B,untreated,c ) 10µl 4 drops
0,2,1,7000,3.84509804001426,1,10,0,0,B,untreated,c ) 10µl 4 drops
0,3,1,4000,3.60205999132796,1,10,0,0,B,untreated,c ) 10µl 4 drops
0,1,1,4000,3.60205999132796,2,10,0,0,B,untreated,b) 10µl single drop
0,2,1,12000,4.07918124604763,2,10,0,0,B,untreated,b) 10µl single drop
0,3,1,11000,4.04139268515823,2,10,0,0,B,untreated,b) 10µl single drop
0,1,1,4000,3.60205999132796,3,2.5,0,0,B,untreated,d) 2.5µl single drop
0,2,1,7200,3.85733249643127,3,2.5,0,0,B,untreated,d) 2.5µl single drop
0,3,1,4400,3.64345267648619,3,2.5,0,0,B,untreated,d) 2.5µl single drop
1,1,1,5100,3.70757017609794,0,100,0,0,B,MXF 1X MIC,a) 100µl quad
1,2,1,NA,NA,0,100,1,0,B,MXF 1X MIC,a) 100µl quad
1,3,1,1800,3.25527250510331,0,100,0,0,B,MXF 1X MIC,a) 100µl quad
1,1,1,5600,3.7481880270062,1,10,0,0,B,MXF 1X MIC,c ) 10µl 4 drops
1,2,1,3200,3.50514997831991,1,10,0,0,B,MXF 1X MIC,c ) 10µl 4 drops
1,3,1,3800,3.57978359661681,1,10,0,0,B,MXF 1X MIC,c ) 10µl 4 drops
1,1,1,4000,3.60205999132796,2,10,0,0,B,MXF 1X MIC,b) 10µl single drop
1,2,1,8000,3.90308998699194,2,10,0,0,B,MXF 1X MIC,b) 10µl single drop
1,3,1,4000,3.60205999132796,2,10,0,0,B,MXF 1X MIC,b) 10µl single drop
1,1,1,2800,3.44715803134222,3,2.5,0,0,B,MXF 1X MIC,d) 2.5µl single drop
1,2,1,3600,3.55630250076729,3,2.5,0,0,B,MXF 1X MIC,d) 2.5µl single drop
1,3,1,1600,3.20411998265592,3,2.5,0,0,B,MXF 1X MIC,d) 2.5µl single drop
2,1,1,800,2.90308998699194,0,100,0,0,B,MXF 10X MIC,a) 100µl quad
2,2,1,900,2.95424250943932,0,100,0,0,B,MXF 10X MIC,a) 100µl quad
2,3,1,600,2.77815125038364,0,100,0,0,B,MXF 10X MIC,a) 100µl quad
2,1,1,500,2.69897000433602,1,10,0,0,B,MXF 10X MIC,c ) 10µl 4 drops
2,2,1,1000,3,1,10,0,0,B,MXF 10X MIC,c ) 10µl 4 drops
2,3,1,300,2.47712125471966,1,10,0,0,B,MXF 10X MIC,c ) 10µl 4 drops
2,1,1,NA,NA,2,10,0,1,B,MXF 10X MIC,b) 10µl single drop
2,2,1,2000,3.30102999566398,2,10,0,0,B,MXF 10X MIC,b) 10µl single drop
2,3,1,NA,NA,2,10,0,1,B,MXF 10X MIC,b) 10µl single drop
2,1,1,400,2.60205999132796,3,2.5,0,0,B,MXF 10X MIC,d) 2.5µl single drop
2,2,1,800,2.90308998699194,3,2.5,0,0,B,MXF 10X MIC,d) 2.5µl single drop
2,3,1,400,2.60205999132796,3,2.5,0,0,B,MXF 10X MIC,d) 2.5µl single drop
3,1,1,500,2.69897000433602,0,100,0,0,B,INH 1X MIC,a) 100µl quad
3,2,1,NA,NA,0,100,1,0,B,INH 1X MIC,a) 100µl quad
3,3,1,NA,NA,0,100,1,0,B,INH 1X MIC,a) 100µl quad
3,1,1,600,2.77815125038364,1,10,0,0,B,INH 1X MIC,c ) 10µl 4 drops
3,2,1,600,2.77815125038364,1,10,0,0,B,INH 1X MIC,c ) 10µl 4 drops
3,3,1,700,2.84509804001426,1,10,0,0,B,INH 1X MIC,c ) 10µl 4 drops
3,1,1,NA,NA,2,10,0,1,B,INH 1X MIC,b) 10µl single drop
3,2,1,NA,NA,2,10,0,1,B,INH 1X MIC,b) 10µl single drop
3,3,1,NA,NA,2,10,0,1,B,INH 1X MIC,b) 10µl single drop
3,1,1,400,2.60205999132796,3,2.5,0,0,B,INH 1X MIC,d) 2.5µl single drop
3,2,1,NA,NA,3,2.5,0,1,B,INH 1X MIC,d) 2.5µl single drop
3,3,1,800,2.90308998699194,3,2.5,0,0,B,INH 1X MIC,d) 2.5µl single drop
4,1,1,NA,NA,0,100,1,0,B,INH 10X MIC,a) 100µl quad
4,2,1,200,2.30102999566398,0,100,0,0,B,INH 10X MIC,a) 100µl quad
4,3,1,700,2.84509804001426,0,100,0,0,B,INH 10X MIC,a) 100µl quad
4,1,1,400,2.60205999132796,1,10,0,0,B,INH 10X MIC,c ) 10µl 4 drops
4,2,1,100,2,1,10,0,0,B,INH 10X MIC,c ) 10µl 4 drops
4,3,1,NA,NA,1,10,0,1,B,INH 10X MIC,c ) 10µl 4 drops
4,1,1,NA,NA,2,10,0,1,B,INH 10X MIC,b) 10µl single drop
4,2,1,NA,NA,2,10,0,1,B,INH 10X MIC,b) 10µl single drop
4,3,1,NA,NA,2,10,0,1,B,INH 10X MIC,b) 10µl single drop
4,1,1,NA,NA,3,2.5,0,1,B,INH 10X MIC,d) 2.5µl single drop
4,2,1,NA,NA,3,2.5,0,1,B,INH 10X MIC,d) 2.5µl single drop
4,3,1,NA,NA,3,2.5,0,1,B,INH 10X MIC,d) 2.5µl single drop
0,1,2,4600,3.66275783168157,0,100,0,0,B,untreated,a) 100µl quad
0,2,2,NA,NA,0,100,0,1,B,untreated,a) 100µl quad
0,3,2,1700,3.23044892137827,0,100,0,0,B,untreated,a) 100µl quad
0,1,2,11000,4.04139268515823,1,10,0,0,B,untreated,c ) 10µl 4 drops
0,2,2,6000,3.77815125038364,1,10,0,0,B,untreated,c ) 10µl 4 drops
0,3,2,8000,3.90308998699194,1,10,0,0,B,untreated,c ) 10µl 4 drops
0,1,2,NA,NA,2,10,1,0,B,untreated,b) 10µl single drop
0,2,2,NA,NA,2,10,1,0,B,untreated,b) 10µl single drop
0,3,2,NA,NA,2,10,1,0,B,untreated,b) 10µl single drop
0,1,2,12000,4.07918124604763,3,2.5,0,0,B,untreated,d) 2.5µl single drop
0,2,2,8000,3.90308998699194,3,2.5,0,0,B,untreated,d) 2.5µl single drop
0,3,2,12000,4.07918124604763,3,2.5,0,0,B,untreated,d) 2.5µl single drop
1,1,2,NA,NA,0,100,0,1,B,MXF 1X MIC,a) 100µl quad
1,2,2,1200,3.07918124604762,0,100,0,0,B,MXF 1X MIC,a) 100µl quad
1,3,2,4200,3.6232492903979,0,100,0,0,B,MXF 1X MIC,a) 100µl quad
1,1,2,6000,3.77815125038364,1,10,0,0,B,MXF 1X MIC,c ) 10µl 4 drops
1,2,2,1700,3.23044892137827,1,10,0,0,B,MXF 1X MIC,c ) 10µl 4 drops
1,3,2,5000,3.69897000433602,1,10,0,0,B,MXF 1X MIC,c ) 10µl 4 drops
1,1,2,9000,3.95424250943932,2,10,0,0,B,MXF 1X MIC,b) 10µl single drop
1,2,2,2000,3.30102999566398,2,10,0,0,B,MXF 1X MIC,b) 10µl single drop
1,3,2,4000,3.60205999132796,2,10,0,0,B,MXF 1X MIC,b) 10µl single drop
1,1,2,8000,3.90308998699194,3,2.5,0,0,B,MXF 1X MIC,d) 2.5µl single drop
1,2,2,8000,3.90308998699194,3,2.5,0,0,B,MXF 1X MIC,d) 2.5µl single drop
1,3,2,12000,4.07918124604763,3,2.5,0,0,B,MXF 1X MIC,d) 2.5µl single drop
2,1,2,200,2.30102999566398,0,100,0,0,B,MXF 10X MIC,a) 100µl quad
2,2,2,300,2.47712125471966,0,100,0,0,B,MXF 10X MIC,a) 100µl quad
2,3,2,100,2,0,100,0,0,B,MXF 10X MIC,a) 100µl quad
2,1,2,100,2,1,10,0,0,B,MXF 10X MIC,c ) 10µl 4 drops
2,2,2,100,2,1,10,0,0,B,MXF 10X MIC,c ) 10µl 4 drops
2,3,2,200,2.30102999566398,1,10,0,0,B,MXF 10X MIC,c ) 10µl 4 drops
2,1,2,NA,NA,2,10,0,1,B,MXF 10X MIC,b) 10µl single drop
2,2,2,NA,NA,2,10,0,1,B,MXF 10X MIC,b) 10µl single drop
2,3,2,NA,NA,2,10,0,1,B,MXF 10X MIC,b) 10µl single drop
2,1,2,NA,NA,3,2.5,0,1,B,MXF 10X MIC,d) 2.5µl single drop
2,2,2,NA,NA,3,2.5,0,1,B,MXF 10X MIC,d) 2.5µl single drop
2,3,2,800,2.90308998699194,3,2.5,0,0,B,MXF 10X MIC,d) 2.5µl single drop
3,1,2,100,2,0,100,0,0,B,INH 1X MIC,a) 100µl quad
3,2,2,200,2.30102999566398,0,100,0,0,B,INH 1X MIC,a) 100µl quad
3,3,2,NA,NA,0,100,0,1,B,INH 1X MIC,a) 100µl quad
3,1,2,200,2.30102999566398,1,10,0,0,B,INH 1X MIC,c ) 10µl 4 drops
3,2,2,200,2.30102999566398,1,10,0,0,B,INH 1X MIC,c ) 10µl 4 drops
3,3,2,200,2.30102999566398,1,10,0,0,B,INH 1X MIC,c ) 10µl 4 drops
3,1,2,NA,NA,2,10,0,1,B,INH 1X MIC,b) 10µl single drop
3,2,2,NA,NA,2,10,0,1,B,INH 1X MIC,b) 10µl single drop
3,3,2,NA,NA,2,10,0,1,B,INH 1X MIC,b) 10µl single drop
3,1,2,NA,NA,3,2.5,0,1,B,INH 1X MIC,d) 2.5µl single drop
3,2,2,NA,NA,3,2.5,0,1,B,INH 1X MIC,d) 2.5µl single drop
3,3,2,NA,NA,3,2.5,0,1,B,INH 1X MIC,d) 2.5µl single drop
4,1,2,100,2,0,100,0,0,B,INH 10X MIC,a) 100µl quad
4,2,2,100,2,0,100,0,0,B,INH 10X MIC,a) 100µl quad
4,3,2,100,2,0,100,0,0,B,INH 10X MIC,a) 100µl quad
4,1,2,100,2,1,10,0,0,B,INH 10X MIC,c ) 10µl 4 drops
4,2,2,200,2.30102999566398,1,10,0,0,B,INH 10X MIC,c ) 10µl 4 drops
4,3,2,100,2,1,10,0,0,B,INH 10X MIC,c ) 10µl 4 drops
4,1,2,1000,3,2,10,0,0,B,INH 10X MIC,b) 10µl single drop
4,2,2,NA,NA,2,10,0,1,B,INH 10X MIC,b) 10µl single drop
4,3,2,NA,NA,2,10,0,1,B,INH 10X MIC,b) 10µl single drop
4,1,2,NA,NA,3,2.5,0,1,B,INH 10X MIC,d) 2.5µl single drop
4,2,2,NA,NA,3,2.5,0,1,B,INH 10X MIC,d) 2.5µl single drop
4,3,2,NA,NA,3,2.5,0,1,B,INH 10X MIC,d) 2.5µl single drop
0,1,3,4000,3.60205999132796,0,100,0,0,B,untreated,a) 100µl quad
0,2,3,18000,4.25527250510331,0,100,0,0,B,untreated,a) 100µl quad
0,3,3,18000,4.25527250510331,0,100,0,0,B,untreated,a) 100µl quad
0,1,3,16000,4.20411998265593,1,10,0,0,B,untreated,c ) 10µl 4 drops
0,2,3,12000,4.07918124604763,1,10,0,0,B,untreated,c ) 10µl 4 drops
0,3,3,17000,4.23044892137827,1,10,0,0,B,untreated,c ) 10µl 4 drops
0,1,3,11000,4.04139268515823,2,10,0,0,B,untreated,b) 10µl single drop
0,2,3,16000,4.20411998265593,2,10,0,0,B,untreated,b) 10µl single drop
0,3,3,18000,4.25527250510331,2,10,0,0,B,untreated,b) 10µl single drop
0,1,3,20000,4.30102999566398,3,2.5,0,0,B,untreated,d) 2.5µl single drop
0,2,3,16000,4.20411998265593,3,2.5,0,0,B,untreated,d) 2.5µl single drop
0,3,3,12000,4.07918124604763,3,2.5,0,0,B,untreated,d) 2.5µl single drop
1,1,3,1500,3.17609125905568,0,100,0,0,B,MXF 1X MIC,a) 100µl quad
1,2,3,2900,3.46239799789896,0,100,0,0,B,MXF 1X MIC,a) 100µl quad
1,3,3,2500,3.39794000867204,0,100,0,0,B,MXF 1X MIC,a) 100µl quad
1,1,3,7000,3.84509804001426,1,10,0,0,B,MXF 1X MIC,c ) 10µl 4 drops
1,2,3,6000,3.77815125038364,1,10,0,0,B,MXF 1X MIC,c ) 10µl 4 drops
1,3,3,8000,3.90308998699194,1,10,0,0,B,MXF 1X MIC,c ) 10µl 4 drops
1,1,3,7000,3.84509804001426,2,10,0,0,B,MXF 1X MIC,b) 10µl single drop
1,2,3,12000,4.07918124604763,2,10,0,0,B,MXF 1X MIC,b) 10µl single drop
1,3,3,7000,3.84509804001426,2,10,0,0,B,MXF 1X MIC,b) 10µl single drop
1,1,3,20000,4.30102999566398,3,2.5,0,0,B,MXF 1X MIC,d) 2.5µl single drop
1,2,3,12000,4.07918124604763,3,2.5,0,0,B,MXF 1X MIC,d) 2.5µl single drop
1,3,3,4000,3.60205999132796,3,2.5,0,0,B,MXF 1X MIC,d) 2.5µl single drop
2,1,3,300,2.47712125471966,0,100,0,0,B,MXF 10X MIC,a) 100µl quad
2,2,3,300,2.47712125471966,0,100,0,0,B,MXF 10X MIC,a) 100µl quad
2,3,3,NA,NA,0,100,1,0,B,MXF 10X MIC,a) 100µl quad
2,1,3,NA,NA,1,10,0,1,B,MXF 10X MIC,c ) 10µl 4 drops
2,2,3,100,2,1,10,0,0,B,MXF 10X MIC,c ) 10µl 4 drops
2,3,3,200,2.30102999566398,1,10,0,0,B,MXF 10X MIC,c ) 10µl 4 drops
2,1,3,NA,NA,2,10,0,1,B,MXF 10X MIC,b) 10µl single drop
2,2,3,1000,3,2,10,0,0,B,MXF 10X MIC,b) 10µl single drop
2,3,3,NA,NA,2,10,0,1,B,MXF 10X MIC,b) 10µl single drop
2,1,3,800,2.90308998699194,3,2.5,0,0,B,MXF 10X MIC,d) 2.5µl single drop
2,2,3,800,2.90308998699194,3,2.5,0,0,B,MXF 10X MIC,d) 2.5µl single drop
2,3,3,NA,NA,3,2.5,0,1,B,MXF 10X MIC,d) 2.5µl single drop
3,1,3,NA,NA,0,100,0,1,B,INH 1X MIC,a) 100µl quad
3,2,3,NA,NA,0,100,0,1,B,INH 1X MIC,a) 100µl quad
3,3,3,5000,3.69897000433602,0,100,0,0,B,INH 1X MIC,a) 100µl quad
3,1,3,200,2.30102999566398,1,10,0,0,B,INH 1X MIC,c ) 10µl 4 drops
3,2,3,100,2,1,10,0,0,B,INH 1X MIC,c ) 10µl 4 drops
3,3,3,NA,NA,1,10,0,1,B,INH 1X MIC,c ) 10µl 4 drops
3,1,3,NA,NA,2,10,0,1,B,INH 1X MIC,b) 10µl single drop
3,2,3,NA,NA,2,10,0,1,B,INH 1X MIC,b) 10µl single drop
3,3,3,NA,NA,2,10,0,1,B,INH 1X MIC,b) 10µl single drop
3,1,3,NA,NA,3,2.5,0,1,B,INH 1X MIC,d) 2.5µl single drop
3,2,3,1200,3.07918124604762,3,2.5,0,0,B,INH 1X MIC,d) 2.5µl single drop
3,3,3,800,2.90308998699194,3,2.5,0,0,B,INH 1X MIC,d) 2.5µl single drop
4,1,3,NA,NA,0,100,0,1,B,INH 10X MIC,a) 100µl quad
4,2,3,200,2.30102999566398,0,100,0,0,B,INH 10X MIC,a) 100µl quad
4,3,3,100,2,0,100,0,0,B,INH 10X MIC,a) 100µl quad
4,1,3,100,2,1,10,0,0,B,INH 10X MIC,c ) 10µl 4 drops
4,2,3,100,2,1,10,0,0,B,INH 10X MIC,c ) 10µl 4 drops
4,3,3,NA,NA,1,10,0,1,B,INH 10X MIC,c ) 10µl 4 drops
4,1,3,NA,NA,2,10,0,1,B,INH 10X MIC,b) 10µl single drop
4,2,3,NA,NA,2,10,0,1,B,INH 10X MIC,b) 10µl single drop
4,3,3,NA,NA,2,10,0,1,B,INH 10X MIC,b) 10µl single drop
4,1,3,NA,NA,3,2.5,0,1,B,INH 10X MIC,d) 2.5µl single drop
4,2,3,NA,NA,3,2.5,0,1,B,INH 10X MIC,d) 2.5µl single drop
4,3,3,NA,NA,3,2.5,0,1,B,INH 10X MIC,d) 2.5µl single drop
0,1,7,69000,4.83884909073726,0,100,0,0,B,untreated,a) 100µl quad
0,2,7,54000,4.73239375982297,0,100,0,0,B,untreated,a) 100µl quad
0,3,7,34000,4.53147891704226,0,100,0,0,B,untreated,a) 100µl quad
0,1,7,70000,4.84509804001426,1,10,0,0,B,untreated,c ) 10µl 4 drops
0,2,7,100000,5,1,10,0,0,B,untreated,c ) 10µl 4 drops
0,3,7,110000,5.04139268515823,1,10,0,0,B,untreated,c ) 10µl 4 drops
0,1,7,40000,4.60205999132796,2,10,0,0,B,untreated,b) 10µl single drop
0,2,7,40000,4.60205999132796,2,10,0,0,B,untreated,b) 10µl single drop
0,3,7,40000,4.60205999132796,2,10,0,0,B,untreated,b) 10µl single drop
0,1,7,4000,3.60205999132796,3,2.5,0,0,B,untreated,d) 2.5µl single drop
0,2,7,3600,3.55630250076729,3,2.5,0,0,B,untreated,d) 2.5µl single drop
0,3,7,2800,3.44715803134222,3,2.5,0,0,B,untreated,d) 2.5µl single drop
1,1,7,5600,3.7481880270062,0,100,0,0,B,MXF 1X MIC,a) 100µl quad
1,2,7,5800,3.76342799356294,0,100,0,0,B,MXF 1X MIC,a) 100µl quad
1,3,7,2400,3.38021124171161,0,100,0,0,B,MXF 1X MIC,a) 100µl quad
1,1,7,7000,3.84509804001426,1,10,0,0,B,MXF 1X MIC,c ) 10µl 4 drops
1,2,7,7000,3.84509804001426,1,10,0,0,B,MXF 1X MIC,c ) 10µl 4 drops
1,3,7,6000,3.77815125038364,1,10,0,0,B,MXF 1X MIC,c ) 10µl 4 drops
1,1,7,5000,3.69897000433602,2,10,0,0,B,MXF 1X MIC,b) 10µl single drop
1,2,7,6000,3.77815125038364,2,10,0,0,B,MXF 1X MIC,b) 10µl single drop
1,3,7,12000,4.07918124604763,2,10,0,0,B,MXF 1X MIC,b) 10µl single drop
1,1,7,5200,3.7160033436348,3,2.5,0,0,B,MXF 1X MIC,d) 2.5µl single drop
1,2,7,5600,3.7481880270062,3,2.5,0,0,B,MXF 1X MIC,d) 2.5µl single drop
1,3,7,4400,3.64345267648619,3,2.5,0,0,B,MXF 1X MIC,d) 2.5µl single drop
2,1,7,100,2,0,100,0,0,B,MXF 10X MIC,a) 100µl quad
2,2,7,200,2.30102999566398,0,100,0,0,B,MXF 10X MIC,a) 100µl quad
2,3,7,100,2,0,100,0,0,B,MXF 10X MIC,a) 100µl quad
2,1,7,NA,NA,1,10,0,1,B,MXF 10X MIC,c ) 10µl 4 drops
2,2,7,200,2.30102999566398,1,10,0,0,B,MXF 10X MIC,c ) 10µl 4 drops
2,3,7,NA,NA,1,10,0,1,B,MXF 10X MIC,c ) 10µl 4 drops
2,1,7,NA,NA,2,10,0,1,B,MXF 10X MIC,b) 10µl single drop
2,2,7,NA,NA,2,10,0,1,B,MXF 10X MIC,b) 10µl single drop
2,3,7,NA,NA,2,10,0,1,B,MXF 10X MIC,b) 10µl single drop
2,1,7,NA,NA,3,2.5,0,1,B,MXF 10X MIC,d) 2.5µl single drop
2,2,7,NA,NA,3,2.5,0,1,B,MXF 10X MIC,d) 2.5µl single drop
2,3,7,NA,NA,3,2.5,0,1,B,MXF 10X MIC,d) 2.5µl single drop
3,1,7,NA,NA,0,100,0,1,B,INH 1X MIC,a) 100µl quad
3,2,7,NA,NA,0,100,0,1,B,INH 1X MIC,a) 100µl quad
3,3,7,NA,NA,0,100,0,1,B,INH 1X MIC,a) 100µl quad
3,1,7,1000,3,1,10,0,0,B,INH 1X MIC,c ) 10µl 4 drops
3,2,7,NA,NA,1,10,0,1,B,INH 1X MIC,c ) 10µl 4 drops
3,3,7,NA,NA,1,10,0,1,B,INH 1X MIC,c ) 10µl 4 drops
3,1,7,NA,NA,2,10,0,1,B,INH 1X MIC,b) 10µl single drop
3,2,7,NA,NA,2,10,0,1,B,INH 1X MIC,b) 10µl single drop
3,3,7,NA,NA,2,10,0,1,B,INH 1X MIC,b) 10µl single drop
3,1,7,NA,NA,3,2.5,0,1,B,INH 1X MIC,d) 2.5µl single drop
3,2,7,NA,NA,3,2.5,0,1,B,INH 1X MIC,d) 2.5µl single drop
3,3,7,NA,NA,3,2.5,0,1,B,INH 1X MIC,d) 2.5µl single drop
4,1,7,NA,NA,0,100,0,1,B,INH 10X MIC,a) 100µl quad
4,2,7,NA,NA,0,100,0,1,B,INH 10X MIC,a) 100µl quad
4,3,7,NA,NA,0,100,0,1,B,INH 10X MIC,a) 100µl quad
4,1,7,NA,NA,1,10,0,1,B,INH 10X MIC,c ) 10µl 4 drops
4,2,7,NA,NA,1,10,0,1,B,INH 10X MIC,c ) 10µl 4 drops
4,3,7,NA,NA,1,10,0,1,B,INH 10X MIC,c ) 10µl 4 drops
4,1,7,NA,NA,2,10,0,1,B,INH 10X MIC,b) 10µl single drop
4,2,7,NA,NA,2,10,0,1,B,INH 10X MIC,b) 10µl single drop
4,3,7,NA,NA,2,10,0,1,B,INH 10X MIC,b) 10µl single drop
4,1,7,NA,NA,3,2.5,0,1,B,INH 10X MIC,d) 2.5µl single drop
4,2,7,NA,NA,3,2.5,0,1,B,INH 10X MIC,d) 2.5µl single drop
4,3,7,NA,NA,3,2.5,0,1,B,INH 10X MIC,d) 2.5µl single drop
0,1,10,130000,5.11394335230684,0,100,0,0,B,untreated,a) 100µl quad
0,2,10,170000,5.23044892137827,0,100,0,0,B,untreated,a) 100µl quad
0,3,10,150000,5.17609125905568,0,100,0,0,B,untreated,a) 100µl quad
0,1,10,150000,5.17609125905568,1,10,0,0,B,untreated,c ) 10µl 4 drops
0,2,10,150000,5.17609125905568,1,10,0,0,B,untreated,c ) 10µl 4 drops
0,3,10,170000,5.23044892137827,1,10,0,0,B,untreated,c ) 10µl 4 drops
0,1,10,110000,5.04139268515823,2,10,0,0,B,untreated,b) 10µl single drop
0,2,10,140000,5.14612803567824,2,10,0,0,B,untreated,b) 10µl single drop
0,3,10,140000,5.14612803567824,2,10,0,0,B,untreated,b) 10µl single drop
0,1,10,64000,4.80617997398389,3,2.5,0,0,B,untreated,d) 2.5µl single drop
0,2,10,72000,4.85733249643127,3,2.5,0,0,B,untreated,d) 2.5µl single drop
0,3,10,40000,4.60205999132796,3,2.5,0,0,B,untreated,d) 2.5µl single drop
1,1,10,16000,4.20411998265593,0,100,0,0,B,MXF 1X MIC,a) 100µl quad
1,2,10,16000,4.20411998265593,0,100,0,0,B,MXF 1X MIC,a) 100µl quad
1,3,10,14000,4.14612803567824,0,100,0,0,B,MXF 1X MIC,a) 100µl quad
1,1,10,20000,4.30102999566398,1,10,0,0,B,MXF 1X MIC,c ) 10µl 4 drops
1,2,10,14000,4.14612803567824,1,10,0,0,B,MXF 1X MIC,c ) 10µl 4 drops
1,3,10,19000,4.27875360095283,1,10,0,0,B,MXF 1X MIC,c ) 10µl 4 drops
1,1,10,19000,4.27875360095283,2,10,0,0,B,MXF 1X MIC,b) 10µl single drop
1,2,10,25000,4.39794000867204,2,10,0,0,B,MXF 1X MIC,b) 10µl single drop
1,3,10,15000,4.17609125905568,2,10,0,0,B,MXF 1X MIC,b) 10µl single drop
1,1,10,16000,4.20411998265593,3,2.5,0,0,B,MXF 1X MIC,d) 2.5µl single drop
1,2,10,12000,4.07918124604763,3,2.5,0,0,B,MXF 1X MIC,d) 2.5µl single drop
1,3,10,12000,4.07918124604763,3,2.5,0,0,B,MXF 1X MIC,d) 2.5µl single drop
2,1,10,NA,NA,0,100,0,1,B,MXF 10X MIC,a) 100µl quad
2,2,10,NA,NA,0,100,0,1,B,MXF 10X MIC,a) 100µl quad
2,3,10,NA,NA,0,100,0,1,B,MXF 10X MIC,a) 100µl quad
2,1,10,NA,NA,1,10,0,1,B,MXF 10X MIC,c ) 10µl 4 drops
2,2,10,NA,NA,1,10,0,1,B,MXF 10X MIC,c ) 10µl 4 drops
2,3,10,NA,NA,1,10,0,1,B,MXF 10X MIC,c ) 10µl 4 drops
2,1,10,NA,NA,2,10,0,1,B,MXF 10X MIC,b) 10µl single drop
2,2,10,NA,NA,2,10,0,1,B,MXF 10X MIC,b) 10µl single drop
2,3,10,NA,NA,2,10,0,1,B,MXF 10X MIC,b) 10µl single drop
2,1,10,NA,NA,3,2.5,0,1,B,MXF 10X MIC,d) 2.5µl single drop
2,2,10,400,2.60205999132796,3,2.5,0,0,B,MXF 10X MIC,d) 2.5µl single drop
2,3,10,NA,NA,3,2.5,0,1,B,MXF 10X MIC,d) 2.5µl single drop
3,1,10,NA,NA,0,100,0,1,B,INH 1X MIC,a) 100µl quad
3,2,10,400,2.60205999132796,0,100,0,0,B,INH 1X MIC,a) 100µl quad
3,3,10,100,2,0,100,0,0,B,INH 1X MIC,a) 100µl quad
3,1,10,NA,NA,1,10,0,1,B,INH 1X MIC,c ) 10µl 4 drops
3,2,10,NA,NA,1,10,0,1,B,INH 1X MIC,c ) 10µl 4 drops
3,3,10,NA,NA,1,10,0,1,B,INH 1X MIC,c ) 10µl 4 drops
3,1,10,1000,3,2,10,0,0,B,INH 1X MIC,b) 10µl single drop
3,2,10,NA,NA,2,10,0,1,B,INH 1X MIC,b) 10µl single drop
3,3,10,NA,NA,2,10,0,1,B,INH 1X MIC,b) 10µl single drop
3,1,10,NA,NA,3,2.5,0,1,B,INH 1X MIC,d) 2.5µl single drop
3,2,10,NA,NA,3,2.5,0,1,B,INH 1X MIC,d) 2.5µl single drop
3,3,10,NA,NA,3,2.5,0,1,B,INH 1X MIC,d) 2.5µl single drop
4,1,10,NA,NA,0,100,0,1,B,INH 10X MIC,a) 100µl quad
4,2,10,100,2,0,100,0,0,B,INH 10X MIC,a) 100µl quad
4,3,10,NA,NA,0,100,0,1,B,INH 10X MIC,a) 100µl quad
4,1,10,100,2,1,10,0,0,B,INH 10X MIC,c ) 10µl 4 drops
4,2,10,NA,NA,1,10,0,1,B,INH 10X MIC,c ) 10µl 4 drops
4,3,10,NA,NA,1,10,0,1,B,INH 10X MIC,c ) 10µl 4 drops
4,1,10,NA,NA,2,10,0,1,B,INH 10X MIC,b) 10µl single drop
4,2,10,NA,NA,2,10,0,1,B,INH 10X MIC,b) 10µl single drop
4,3,10,NA,NA,2,10,0,1,B,INH 10X MIC,b) 10µl single drop
4,1,10,NA,NA,3,2.5,0,1,B,INH 10X MIC,d) 2.5µl single drop
4,2,10,NA,NA,3,2.5,0,1,B,INH 10X MIC,d) 2.5µl single drop
4,3,10,NA,NA,3,2.5,0,1,B,INH 10X MIC,d) 2.5µl single drop
0,1,14,420000,5.6232492903979,0,100,0,0,B,untreated,a) 100µl quad
0,2,14,260000,5.41497334797082,0,100,0,0,B,untreated,a) 100µl quad
0,3,14,140000,5.14612803567824,0,100,0,0,B,untreated,a) 100µl quad
0,1,14,1400000,6.14612803567824,1,10,0,0,B,untreated,c ) 10µl 4 drops
0,2,14,600000,5.77815125038364,1,10,0,0,B,untreated,c ) 10µl 4 drops
0,3,14,600000,5.77815125038364,1,10,0,0,B,untreated,c ) 10µl 4 drops
0,1,14,400000,5.60205999132796,2,10,0,0,B,untreated,b) 10µl single drop
0,2,14,800000,5.90308998699194,2,10,0,0,B,untreated,b) 10µl single drop
0,3,14,1000000,6,2,10,0,0,B,untreated,b) 10µl single drop
0,1,14,720000,5.85733249643127,3,2.5,0,0,B,untreated,d) 2.5µl single drop
0,2,14,680000,5.83250891270624,3,2.5,0,0,B,untreated,d) 2.5µl single drop
0,3,14,400000,5.60205999132796,3,2.5,0,0,B,untreated,d) 2.5µl single drop
1,1,14,25000,4.39794000867204,0,100,0,0,B,MXF 1X MIC,a) 100µl quad
1,2,14,16000,4.20411998265593,0,100,0,0,B,MXF 1X MIC,a) 100µl quad
1,3,14,6400,3.80617997398389,0,100,0,0,B,MXF 1X MIC,a) 100µl quad
1,1,14,190000,5.27875360095283,1,10,0,0,B,MXF 1X MIC,c ) 10µl 4 drops
1,2,14,190000,5.27875360095283,1,10,0,0,B,MXF 1X MIC,c ) 10µl 4 drops
1,3,14,360000,5.55630250076729,1,10,0,0,B,MXF 1X MIC,c ) 10µl 4 drops
1,1,14,200000,5.30102999566398,2,10,0,0,B,MXF 1X MIC,b) 10µl single drop
1,2,14,430000,5.63346845557959,2,10,0,0,B,MXF 1X MIC,b) 10µl single drop
1,3,14,190000,5.27875360095283,2,10,0,0,B,MXF 1X MIC,b) 10µl single drop
1,1,14,400000,5.60205999132796,3,2.5,0,0,B,MXF 1X MIC,d) 2.5µl single drop
1,2,14,80000,4.90308998699194,3,2.5,0,0,B,MXF 1X MIC,d) 2.5µl single drop
1,3,14,80000,4.90308998699194,3,2.5,0,0,B,MXF 1X MIC,d) 2.5µl single drop
2,1,14,NA,NA,0,100,0,1,B,MXF 10X MIC,a) 100µl quad
2,2,14,NA,NA,0,100,0,1,B,MXF 10X MIC,a) 100µl quad
2,3,14,NA,NA,0,100,0,1,B,MXF 10X MIC,a) 100µl quad
2,1,14,NA,NA,1,10,0,1,B,MXF 10X MIC,c ) 10µl 4 drops
2,2,14,100,2,1,10,0,0,B,MXF 10X MIC,c ) 10µl 4 drops
2,3,14,NA,NA,1,10,0,1,B,MXF 10X MIC,c ) 10µl 4 drops
2,1,14,NA,NA,2,10,0,1,B,MXF 10X MIC,b) 10µl single drop
2,2,14,NA,NA,2,10,0,1,B,MXF 10X MIC,b) 10µl single drop
2,3,14,NA,NA,2,10,0,1,B,MXF 10X MIC,b) 10µl single drop
2,1,14,NA,NA,3,2.5,0,1,B,MXF 10X MIC,d) 2.5µl single drop
2,2,14,NA,NA,3,2.5,0,1,B,MXF 10X MIC,d) 2.5µl single drop
2,3,14,NA,NA,3,2.5,0,1,B,MXF 10X MIC,d) 2.5µl single drop
3,1,14,NA,NA,0,100,0,1,B,INH 1X MIC,a) 100µl quad
3,2,14,NA,NA,0,100,0,1,B,INH 1X MIC,a) 100µl quad
3,3,14,NA,NA,0,100,0,1,B,INH 1X MIC,a) 100µl quad
3,1,14,3700,3.56820172406699,1,10,0,0,B,INH 1X MIC,c ) 10µl 4 drops
3,2,14,3000,3.47712125471966,1,10,0,0,B,INH 1X MIC,c ) 10µl 4 drops
3,3,14,1400,3.14612803567824,1,10,0,0,B,INH 1X MIC,c ) 10µl 4 drops
3,1,14,1000,3,2,10,0,0,B,INH 1X MIC,b) 10µl single drop
3,2,14,2000,3.30102999566398,2,10,0,0,B,INH 1X MIC,b) 10µl single drop
3,3,14,5000,3.69897000433602,2,10,0,0,B,INH 1X MIC,b) 10µl single drop
3,1,14,NA,NA,3,2.5,0,1,B,INH 1X MIC,d) 2.5µl single drop
3,2,14,3200,3.50514997831991,3,2.5,0,0,B,INH 1X MIC,d) 2.5µl single drop
3,3,14,2800,3.44715803134222,3,2.5,0,0,B,INH 1X MIC,d) 2.5µl single drop
4,1,14,NA,NA,0,100,0,1,B,INH 10X MIC,a) 100µl quad
4,2,14,NA,NA,0,100,0,1,B,INH 10X MIC,a) 100µl quad
4,3,14,100,2,0,100,0,0,B,INH 10X MIC,a) 100µl quad
4,1,14,NA,NA,1,10,0,1,B,INH 10X MIC,c ) 10µl 4 drops
4,2,14,NA,NA,1,10,0,1,B,INH 10X MIC,c ) 10µl 4 drops
4,3,14,NA,NA,1,10,0,1,B,INH 10X MIC,c ) 10µl 4 drops
4,1,14,NA,NA,2,10,0,1,B,INH 10X MIC,b) 10µl single drop
4,2,14,NA,NA,2,10,0,1,B,INH 10X MIC,b) 10µl single drop
4,3,14,NA,NA,2,10,0,1,B,INH 10X MIC,b) 10µl single drop
4,1,14,NA,NA,3,2.5,0,1,B,INH 10X MIC,d) 2.5µl single drop
4,2,14,NA,NA,3,2.5,0,1,B,INH 10X MIC,d) 2.5µl single drop
4,3,14,NA,NA,3,2.5,0,1,B,INH 10X MIC,d) 2.5µl single drop
0,1,21,NA,NA,0,100,0,0,B,untreated,a) 100µl quad
0,2,21,NA,NA,0,100,0,0,B,untreated,a) 100µl quad
0,3,21,NA,NA,0,100,0,0,B,untreated,a) 100µl quad
0,1,21,NA,NA,1,10,0,0,B,untreated,c ) 10µl 4 drops
0,2,21,NA,NA,1,10,0,0,B,untreated,c ) 10µl 4 drops
0,3,21,NA,NA,1,10,0,0,B,untreated,c ) 10µl 4 drops
0,1,21,NA,NA,2,10,0,0,B,untreated,b) 10µl single drop
0,2,21,NA,NA,2,10,0,0,B,untreated,b) 10µl single drop
0,3,21,NA,NA,2,10,0,0,B,untreated,b) 10µl single drop
0,1,21,NA,NA,3,2.5,0,0,B,untreated,d) 2.5µl single drop
0,2,21,NA,NA,3,2.5,0,0,B,untreated,d) 2.5µl single drop
0,3,21,NA,NA,3,2.5,0,0,B,untreated,d) 2.5µl single drop
1,1,21,NA,NA,0,100,0,0,B,MXF 1X MIC,a) 100µl quad
1,2,21,NA,NA,0,100,0,0,B,MXF 1X MIC,a) 100µl quad
1,3,21,NA,NA,0,100,0,0,B,MXF 1X MIC,a) 100µl quad
1,1,21,NA,NA,1,10,0,0,B,MXF 1X MIC,c ) 10µl 4 drops
1,2,21,NA,NA,1,10,0,0,B,MXF 1X MIC,c ) 10µl 4 drops
1,3,21,NA,NA,1,10,0,0,B,MXF 1X MIC,c ) 10µl 4 drops
1,1,21,NA,NA,2,10,0,0,B,MXF 1X MIC,b) 10µl single drop
1,2,21,NA,NA,2,10,0,0,B,MXF 1X MIC,b) 10µl single drop
1,3,21,NA,NA,2,10,0,0,B,MXF 1X MIC,b) 10µl single drop
1,1,21,NA,NA,3,2.5,0,0,B,MXF 1X MIC,d) 2.5µl single drop
1,2,21,NA,NA,3,2.5,0,0,B,MXF 1X MIC,d) 2.5µl single drop
1,3,21,NA,NA,3,2.5,0,0,B,MXF 1X MIC,d) 2.5µl single drop
2,1,21,NA,NA,0,100,0,0,B,MXF 10X MIC,a) 100µl quad
2,2,21,NA,NA,0,100,0,0,B,MXF 10X MIC,a) 100µl quad
2,3,21,NA,NA,0,100,0,0,B,MXF 10X MIC,a) 100µl quad
2,1,21,NA,NA,1,10,0,0,B,MXF 10X MIC,c ) 10µl 4 drops
2,2,21,NA,NA,1,10,0,0,B,MXF 10X MIC,c ) 10µl 4 drops
2,3,21,NA,NA,1,10,0,0,B,MXF 10X MIC,c ) 10µl 4 drops
2,1,21,NA,NA,2,10,0,0,B,MXF 10X MIC,b) 10µl single drop
2,2,21,NA,NA,2,10,0,0,B,MXF 10X MIC,b) 10µl single drop
2,3,21,NA,NA,2,10,0,0,B,MXF 10X MIC,b) 10µl single drop
2,1,21,NA,NA,3,2.5,0,0,B,MXF 10X MIC,d) 2.5µl single drop
2,2,21,NA,NA,3,2.5,0,0,B,MXF 10X MIC,d) 2.5µl single drop
2,3,21,NA,NA,3,2.5,0,0,B,MXF 10X MIC,d) 2.5µl single drop
3,1,21,NA,NA,0,100,0,0,B,INH 1X MIC,a) 100µl quad
3,2,21,NA,NA,0,100,0,0,B,INH 1X MIC,a) 100µl quad
3,3,21,NA,NA,0,100,0,0,B,INH 1X MIC,a) 100µl quad
3,1,21,NA,NA,1,10,0,0,B,INH 1X MIC,c ) 10µl 4 drops
3,2,21,NA,NA,1,10,0,0,B,INH 1X MIC,c ) 10µl 4 drops
3,3,21,NA,NA,1,10,0,0,B,INH 1X MIC,c ) 10µl 4 drops
3,1,21,NA,NA,2,10,0,0,B,INH 1X MIC,b) 10µl single drop
3,2,21,NA,NA,2,10,0,0,B,INH 1X MIC,b) 10µl single drop
3,3,21,NA,NA,2,10,0,0,B,INH 1X MIC,b) 10µl single drop
3,1,21,NA,NA,3,2.5,0,0,B,INH 1X MIC,d) 2.5µl single drop
3,2,21,NA,NA,3,2.5,0,0,B,INH 1X MIC,d) 2.5µl single drop
3,3,21,NA,NA,3,2.5,0,0,B,INH 1X MIC,d) 2.5µl single drop
4,1,21,NA,NA,0,100,0,0,B,INH 10X MIC,a) 100µl quad
4,2,21,NA,NA,0,100,0,0,B,INH 10X MIC,a) 100µl quad
4,3,21,NA,NA,0,100,0,0,B,INH 10X MIC,a) 100µl quad
4,1,21,NA,NA,1,10,0,0,B,INH 10X MIC,c ) 10µl 4 drops
4,2,21,NA,NA,1,10,0,0,B,INH 10X MIC,c ) 10µl 4 drops
4,3,21,NA,NA,1,10,0,0,B,INH 10X MIC,c ) 10µl 4 drops
4,1,21,NA,NA,2,10,0,0,B,INH 10X MIC,b) 10µl single drop
4,2,21,NA,NA,2,10,0,0,B,INH 10X MIC,b) 10µl single drop
4,3,21,NA,NA,2,10,0,0,B,INH 10X MIC,b) 10µl single drop
4,1,21,NA,NA,3,2.5,0,0,B,INH 10X MIC,d) 2.5µl single drop
4,2,21,NA,NA,3,2.5,0,0,B,INH 10X MIC,d) 2.5µl single drop
4,3,21,NA,NA,3,2.5,0,0,B,INH 10X MIC,d) 2.5µl single drop
0,1,-3,52000,4.7160033436348,0,50,0,0,C,untreated,100µl quad
0,2,-3,60000,4.77815125038364,0,50,0,0,C,untreated,100µl quad
0,3,-3,NA,NA,0,NA,0,0,C,untreated,100µl quad
0,1,0,46000,4.66275783168157,0,100,0,0,C,untreated,100µl quad
0,2,0,25000,4.39794000867204,0,100,0,0,C,untreated,100µl quad
0,3,0,57000,4.75587485567249,0,100,0,0,C,untreated,100µl quad
0,1,0,12000,4.07918124604763,1,10,0,0,C,untreated,10µl 4 drops
0,2,0,14000,4.14612803567824,1,10,0,0,C,untreated,10µl 4 drops
0,3,0,18000,4.25527250510331,1,10,0,0,C,untreated,10µl 4 drops
0,1,0,8000,3.90308998699194,2,10,0,0,C,untreated,10µl single drop
0,2,0,9000,3.95424250943932,2,10,0,0,C,untreated,10µl single drop
0,3,0,10000,4,2,10,0,0,C,untreated,10µl single drop
0,1,0,7600,3.88081359228079,3,2.5,0,0,C,untreated,2.5µl single drop
0,2,0,8000,3.90308998699194,3,2.5,0,0,C,untreated,2.5µl single drop
0,3,0,8800,3.94448267215017,3,2.5,0,0,C,untreated,2.5µl single drop
1,1,0,35000,4.54406804435028,0,100,0,0,C,MXF 1X MIC,100µl quad
1,2,0,30000,4.47712125471966,0,100,0,0,C,MXF 1X MIC,100µl quad
1,3,0,28000,4.44715803134222,0,100,0,0,C,MXF 1X MIC,100µl quad
1,1,0,11000,4.04139268515823,1,10,0,0,C,MXF 1X MIC,10µl 4 drops
1,2,0,24000,4.38021124171161,1,10,0,0,C,MXF 1X MIC,10µl 4 drops
1,3,0,20000,4.30102999566398,1,10,0,0,C,MXF 1X MIC,10µl 4 drops
1,1,0,20000,4.30102999566398,2,10,0,0,C,MXF 1X MIC,10µl single drop
1,2,0,13000,4.11394335230684,2,10,0,0,C,MXF 1X MIC,10µl single drop
1,3,0,23000,4.36172783601759,2,10,0,0,C,MXF 1X MIC,10µl single drop
1,1,0,8400,3.92427928606188,3,2.5,0,0,C,MXF 1X MIC,2.5µl single drop
1,2,0,10800,4.03342375548695,3,2.5,0,0,C,MXF 1X MIC,2.5µl single drop
1,3,0,8800,3.94448267215017,3,2.5,0,0,C,MXF 1X MIC,2.5µl single drop
2,1,0,43000,4.63346845557959,0,100,0,0,C,MXF 10X MIC,100µl quad
2,2,0,NA,NA,0,100,0,0,C,MXF 10X MIC,100µl quad
2,3,0,NA,NA,0,100,0,0,C,MXF 10X MIC,100µl quad
2,1,0,8000,3.90308998699194,1,10,0,0,C,MXF 10X MIC,10µl 4 drops
2,2,0,15000,4.17609125905568,1,10,0,0,C,MXF 10X MIC,10µl 4 drops
2,3,0,15000,4.17609125905568,1,10,0,0,C,MXF 10X MIC,10µl 4 drops
2,1,0,16000,4.20411998265593,2,10,0,0,C,MXF 10X MIC,10µl single drop
2,2,0,12000,4.07918124604763,2,10,0,0,C,MXF 10X MIC,10µl single drop
2,3,0,12000,4.07918124604763,2,10,0,0,C,MXF 10X MIC,10µl single drop
2,1,0,6800,3.83250891270624,3,2.5,0,0,C,MXF 10X MIC,2.5µl single drop
2,2,0,6400,3.80617997398389,3,2.5,0,0,C,MXF 10X MIC,2.5µl single drop
2,3,0,7200,3.85733249643127,3,2.5,0,0,C,MXF 10X MIC,2.5µl single drop
3,1,0,120000,5.07918124604763,0,100,0,0,C,INH 1X MIC,100µl quad
3,2,0,55000,4.74036268949424,0,100,0,0,C,INH 1X MIC,100µl quad
3,3,0,58000,4.76342799356294,0,100,0,0,C,INH 1X MIC,100µl quad
3,1,0,11000,4.04139268515823,1,10,0,0,C,INH 1X MIC,10µl 4 drops
3,2,0,10000,4,1,10,0,0,C,INH 1X MIC,10µl 4 drops
3,3,0,16000,4.20411998265593,1,10,0,0,C,INH 1X MIC,10µl 4 drops
3,1,0,7000,3.84509804001426,2,10,0,0,C,INH 1X MIC,10µl single drop
3,2,0,11000,4.04139268515823,2,10,0,0,C,INH 1X MIC,10µl single drop
3,3,0,12000,4.07918124604763,2,10,0,0,C,INH 1X MIC,10µl single drop
3,1,0,4800,3.68124123737559,3,2.5,0,0,C,INH 1X MIC,2.5µl single drop
3,2,0,6000,3.77815125038364,3,2.5,0,0,C,INH 1X MIC,2.5µl single drop
3,3,0,6000,3.77815125038364,3,2.5,0,0,C,INH 1X MIC,2.5µl single drop
4,1,0,15000,4.17609125905568,0,100,0,0,C,INH 10X MIC,100µl quad
4,2,0,60000,4.77815125038364,0,100,0,0,C,INH 10X MIC,100µl quad
4,3,0,94000,4.9731278535997,0,100,0,0,C,INH 10X MIC,100µl quad
4,1,0,11000,4.04139268515823,1,10,0,0,C,INH 10X MIC,10µl 4 drops
4,2,0,12000,4.07918124604763,1,10,0,0,C,INH 10X MIC,10µl 4 drops
4,3,0,10000,4,1,10,0,0,C,INH 10X MIC,10µl 4 drops
4,1,0,18000,4.25527250510331,2,10,0,0,C,INH 10X MIC,10µl single drop
4,2,0,18000,4.25527250510331,2,10,0,0,C,INH 10X MIC,10µl single drop
4,3,0,11000,4.04139268515823,2,10,0,0,C,INH 10X MIC,10µl single drop
4,1,0,8800,3.94448267215017,3,2.5,0,0,C,INH 10X MIC,2.5µl single drop
4,2,0,8400,3.92427928606188,3,2.5,0,0,C,INH 10X MIC,2.5µl single drop
4,3,0,10000,4,3,2.5,0,0,C,INH 10X MIC,2.5µl single drop
0,1,1,36000,4.55630250076729,0,100,0,0,C,untreated,100µl quad
0,2,1,91000,4.95904139232109,0,100,0,0,C,untreated,100µl quad
0,3,1,NA,NA,0,100,0,1,C,untreated,100µl quad
0,1,1,25000,4.39794000867204,1,10,0,0,C,untreated,10µl 4 drops
0,2,1,22000,4.34242268082221,1,10,0,0,C,untreated,10µl 4 drops
0,3,1,12000,4.07918124604763,1,10,0,0,C,untreated,10µl 4 drops
0,1,1,16000,4.20411998265593,2,10,0,0,C,untreated,10µl single drop
0,2,1,27000,4.43136376415899,2,10,0,0,C,untreated,10µl single drop
0,3,1,15000,4.17609125905568,2,10,0,0,C,untreated,10µl single drop
0,1,1,24000,4.38021124171161,3,2.5,0,0,C,untreated,2.5µl single drop
0,2,1,24000,4.38021124171161,3,2.5,0,0,C,untreated,2.5µl single drop
0,3,1,24000,4.38021124171161,3,2.5,0,0,C,untreated,2.5µl single drop
1,1,1,34000,4.53147891704226,0,100,0,0,C,MXF 1X MIC,100µl quad
1,2,1,47000,4.67209785793572,0,100,0,0,C,MXF 1X MIC,100µl quad
1,3,1,38000,4.57978359661681,0,100,0,0,C,MXF 1X MIC,100µl quad
1,1,1,27000,4.43136376415899,1,10,0,0,C,MXF 1X MIC,10µl 4 drops
1,2,1,19000,4.27875360095283,1,10,0,0,C,MXF 1X MIC,10µl 4 drops
1,3,1,24000,4.38021124171161,1,10,0,0,C,MXF 1X MIC,10µl 4 drops
1,1,1,18000,4.25527250510331,2,10,0,0,C,MXF 1X MIC,10µl single drop
1,2,1,19000,4.27875360095283,2,10,0,0,C,MXF 1X MIC,10µl single drop
1,3,1,22000,4.34242268082221,2,10,0,0,C,MXF 1X MIC,10µl single drop
1,1,1,20000,4.30102999566398,3,2.5,0,0,C,MXF 1X MIC,2.5µl single drop
1,2,1,12000,4.07918124604763,3,2.5,0,0,C,MXF 1X MIC,2.5µl single drop
1,3,1,24000,4.38021124171161,3,2.5,0,0,C,MXF 1X MIC,2.5µl single drop
2,1,1,2000,3.30102999566398,0,100,0,0,C,MXF 10X MIC,100µl quad
2,2,1,3000,3.47712125471966,0,100,0,0,C,MXF 10X MIC,100µl quad
2,3,1,5000,3.69897000433602,0,100,0,0,C,MXF 10X MIC,100µl quad
2,1,1,4000,3.60205999132796,1,10,0,0,C,MXF 10X MIC,10µl 4 drops
2,2,1,7000,3.84509804001426,1,10,0,0,C,MXF 10X MIC,10µl 4 drops
2,3,1,5000,3.69897000433602,1,10,0,0,C,MXF 10X MIC,10µl 4 drops
2,1,1,5000,3.69897000433602,2,10,0,0,C,MXF 10X MIC,10µl single drop
2,2,1,7000,3.84509804001426,2,10,0,0,C,MXF 10X MIC,10µl single drop
2,3,1,7000,3.84509804001426,2,10,0,0,C,MXF 10X MIC,10µl single drop
2,1,1,8000,3.90308998699194,3,2.5,0,0,C,MXF 10X MIC,2.5µl single drop
2,2,1,24000,4.38021124171161,3,2.5,0,0,C,MXF 10X MIC,2.5µl single drop
2,3,1,8000,3.90308998699194,3,2.5,0,0,C,MXF 10X MIC,2.5µl single drop
3,1,1,5200,3.7160033436348,0,100,0,0,C,INH 1X MIC,100µl quad
3,2,1,4300,3.63346845557959,0,100,0,0,C,INH 1X MIC,100µl quad
3,3,1,3000,3.47712125471966,0,100,0,0,C,INH 1X MIC,100µl quad
3,1,1,2000,3.30102999566398,1,10,0,0,C,INH 1X MIC,10µl 4 drops
3,2,1,5000,3.69897000433602,1,10,0,0,C,INH 1X MIC,10µl 4 drops
3,3,1,11000,4.04139268515823,1,10,0,0,C,INH 1X MIC,10µl 4 drops
3,1,1,7000,3.84509804001426,2,10,0,0,C,INH 1X MIC,10µl single drop
3,2,1,3000,3.47712125471966,2,10,0,0,C,INH 1X MIC,10µl single drop
3,3,1,9000,3.95424250943932,2,10,0,0,C,INH 1X MIC,10µl single drop
3,1,1,400,2.60205999132796,3,2.5,0,0,C,INH 1X MIC,2.5µl single drop
3,2,1,NA,NA,3,2.5,0,1,C,INH 1X MIC,2.5µl single drop
3,3,1,NA,NA,3,2.5,0,1,C,INH 1X MIC,2.5µl single drop
4,1,1,30,1.47712125471966,0,100,0,0,C,INH 10X MIC,100µl quad
4,2,1,10,1,0,100,0,0,C,INH 10X MIC,100µl quad
4,3,1,10,1,0,100,0,0,C,INH 10X MIC,100µl quad
4,1,1,100,2,1,10,0,0,C,INH 10X MIC,10µl 4 drops
4,2,1,200,2.30102999566398,1,10,0,0,C,INH 10X MIC,10µl 4 drops
4,3,1,200,2.30102999566398,1,10,0,0,C,INH 10X MIC,10µl 4 drops
4,1,1,NA,NA,2,10,0,1,C,INH 10X MIC,10µl single drop
4,2,1,100,2,2,10,0,0,C,INH 10X MIC,10µl single drop
4,3,1,NA,NA,2,10,0,1,C,INH 10X MIC,10µl single drop
4,1,1,NA,NA,3,2.5,0,1,C,INH 10X MIC,2.5µl single drop
4,2,1,NA,NA,3,2.5,0,1,C,INH 10X MIC,2.5µl single drop
4,3,1,NA,NA,3,2.5,0,1,C,INH 10X MIC,2.5µl single drop
0,1,2,87000,4.93951925261862,0,100,0,0,C,untreated,100µl quad
0,2,2,100000,5,0,100,0,0,C,untreated,100µl quad
0,3,2,75000,4.8750612633917,0,100,0,0,C,untreated,100µl quad
0,1,2,100000,5,1,10,0,0,C,untreated,10µl 4 drops
0,2,2,20000,4.30102999566398,1,10,0,0,C,untreated,10µl 4 drops
0,3,2,50000,4.69897000433602,1,10,0,0,C,untreated,10µl 4 drops
0,1,2,170000,5.23044892137827,2,10,0,0,C,untreated,10µl single drop
0,2,2,80000,4.90308998699194,2,10,0,0,C,untreated,10µl single drop
0,3,2,90000,4.95424250943933,2,10,0,0,C,untreated,10µl single drop
0,1,2,16000,4.20411998265593,3,2.5,0,0,C,untreated,2.5µl single drop
0,2,2,32000,4.50514997831991,3,2.5,0,0,C,untreated,2.5µl single drop
0,3,2,44000,4.64345267648619,3,2.5,0,0,C,untreated,2.5µl single drop
1,1,2,35000,4.54406804435028,0,100,0,0,C,MXF 1X MIC,100µl quad
1,2,2,80000,4.90308998699194,0,100,0,0,C,MXF 1X MIC,100µl quad
1,3,2,77000,4.88649072517248,0,100,0,0,C,MXF 1X MIC,100µl quad
1,1,2,80000,4.90308998699194,1,10,0,0,C,MXF 1X MIC,10µl 4 drops
1,2,2,30000,4.47712125471966,1,10,0,0,C,MXF 1X MIC,10µl 4 drops
1,3,2,40000,4.60205999132796,1,10,0,0,C,MXF 1X MIC,10µl 4 drops
1,1,2,170000,5.23044892137827,2,10,0,0,C,MXF 1X MIC,10µl single drop
1,2,2,80000,4.90308998699194,2,10,0,0,C,MXF 1X MIC,10µl single drop
1,3,2,90000,4.95424250943933,2,10,0,0,C,MXF 1X MIC,10µl single drop
1,1,2,44000,4.64345267648619,3,2.5,0,0,C,MXF 1X MIC,2.5µl single drop
1,2,2,72000,4.85733249643127,3,2.5,0,0,C,MXF 1X MIC,2.5µl single drop
1,3,2,32000,4.50514997831991,3,2.5,0,0,C,MXF 1X MIC,2.5µl single drop
2,1,2,1250,3.09691001300806,0,100,0,0,C,MXF 10X MIC,100µl quad
2,2,2,750,2.8750612633917,0,100,0,0,C,MXF 10X MIC,100µl quad
2,3,2,710,2.85125834871908,0,100,0,0,C,MXF 10X MIC,100µl quad
2,1,2,1500,3.17609125905568,1,10,0,0,C,MXF 10X MIC,10µl 4 drops
2,2,2,1400,3.14612803567824,1,10,0,0,C,MXF 10X MIC,10µl 4 drops
2,3,2,2500,3.39794000867204,1,10,0,0,C,MXF 10X MIC,10µl 4 drops
2,1,2,700,2.84509804001426,2,10,0,0,C,MXF 10X MIC,10µl single drop
2,2,2,2400,3.38021124171161,2,10,0,0,C,MXF 10X MIC,10µl single drop
2,3,2,700,2.84509804001426,2,10,0,0,C,MXF 10X MIC,10µl single drop
2,1,2,4000,3.60205999132796,3,2.5,0,0,C,MXF 10X MIC,2.5µl single drop
2,2,2,4000,3.60205999132796,3,2.5,0,0,C,MXF 10X MIC,2.5µl single drop
2,3,2,3200,3.50514997831991,3,2.5,0,0,C,MXF 10X MIC,2.5µl single drop
3,1,2,280,2.44715803134222,0,100,0,0,C,INH 1X MIC,100µl quad
3,2,2,30,1.47712125471966,0,100,0,0,C,INH 1X MIC,100µl quad
3,3,2,30,1.47712125471966,0,100,0,0,C,INH 1X MIC,100µl quad
3,1,2,100,2,1,10,0,0,C,INH 1X MIC,10µl 4 drops
3,2,2,100,2,1,10,0,0,C,INH 1X MIC,10µl 4 drops
3,3,2,100,2,1,10,0,0,C,INH 1X MIC,10µl 4 drops
3,1,2,NA,NA,2,10,0,1,C,INH 1X MIC,10µl single drop
3,2,2,NA,NA,2,10,0,1,C,INH 1X MIC,10µl single drop
3,3,2,NA,NA,2,10,0,1,C,INH 1X MIC,10µl single drop
3,1,2,NA,NA,3,2.5,0,1,C,INH 1X MIC,2.5µl single drop
3,2,2,NA,NA,3,2.5,0,1,C,INH 1X MIC,2.5µl single drop
3,3,2,NA,NA,3,2.5,0,1,C,INH 1X MIC,2.5µl single drop
4,1,2,NA,NA,0,100,0,1,C,INH 10X MIC,100µl quad
4,2,2,NA,NA,0,100,0,1,C,INH 10X MIC,100µl quad
4,3,2,NA,NA,0,100,0,1,C,INH 10X MIC,100µl quad
4,1,2,NA,NA,1,10,0,1,C,INH 10X MIC,10µl 4 drops
4,2,2,NA,NA,1,10,0,1,C,INH 10X MIC,10µl 4 drops
4,3,2,NA,NA,1,10,0,1,C,INH 10X MIC,10µl 4 drops
4,1,2,NA,NA,2,10,0,1,C,INH 10X MIC,10µl single drop
4,2,2,NA,NA,2,10,0,1,C,INH 10X MIC,10µl single drop
4,3,2,NA,NA,2,10,0,1,C,INH 10X MIC,10µl single drop
4,1,2,NA,NA,3,2.5,0,1,C,INH 10X MIC,2.5µl single drop
4,2,2,NA,NA,3,2.5,0,1,C,INH 10X MIC,2.5µl single drop
4,3,2,NA,NA,3,2.5,0,1,C,INH 10X MIC,2.5µl single drop
0,1,3,390000,5.5910646070265,0,100,0,0,C,untreated,100µl quad
0,2,3,118000,5.07188200730613,0,100,0,0,C,untreated,100µl quad
0,3,3,130000,5.11394335230684,0,100,0,0,C,untreated,100µl quad
0,1,3,500000,5.69897000433602,1,10,0,0,C,untreated,10µl 4 drops
0,2,3,1900000,6.27875360095283,1,10,0,0,C,untreated,10µl 4 drops
0,3,3,600000,5.77815125038364,1,10,0,0,C,untreated,10µl 4 drops
0,1,3,200000,5.30102999566398,2,10,0,0,C,untreated,10µl single drop
0,2,3,600000,5.77815125038364,2,10,0,0,C,untreated,10µl single drop
0,3,3,700000,5.84509804001426,2,10,0,0,C,untreated,10µl single drop
0,1,3,360000,5.55630250076729,3,2.5,0,0,C,untreated,2.5µl single drop
0,2,3,720000,5.85733249643127,3,2.5,0,0,C,untreated,2.5µl single drop
0,3,3,440000,5.64345267648619,3,2.5,0,0,C,untreated,2.5µl single drop
1,1,3,28000,4.44715803134222,0,100,0,0,C,MXF 1X MIC,100µl quad
1,2,3,55000,4.74036268949424,0,100,0,0,C,MXF 1X MIC,100µl quad
1,3,3,51000,4.70757017609794,0,100,0,0,C,MXF 1X MIC,100µl quad
1,1,3,50000,4.69897000433602,1,10,0,0,C,MXF 1X MIC,10µl 4 drops
1,2,3,90000,4.95424250943933,1,10,0,0,C,MXF 1X MIC,10µl 4 drops
1,3,3,40000,4.60205999132796,1,10,0,0,C,MXF 1X MIC,10µl 4 drops
1,1,3,19000,4.27875360095283,2,10,0,0,C,MXF 1X MIC,10µl single drop
1,2,3,40000,4.60205999132796,2,10,0,0,C,MXF 1X MIC,10µl single drop
1,3,3,42000,4.6232492903979,2,10,0,0,C,MXF 1X MIC,10µl single drop
1,1,3,32000,4.50514997831991,3,2.5,0,0,C,MXF 1X MIC,2.5µl single drop
1,2,3,32000,4.50514997831991,3,2.5,0,0,C,MXF 1X MIC,2.5µl single drop
1,3,3,24000,4.38021124171161,3,2.5,0,0,C,MXF 1X MIC,2.5µl single drop
2,1,3,720,2.85733249643127,0,100,0,0,C,MXF 10X MIC,100µl quad
2,2,3,330,2.51851393987789,0,100,0,0,C,MXF 10X MIC,100µl quad
2,3,3,350,2.54406804435028,0,100,0,0,C,MXF 10X MIC,100µl quad
2,1,3,1200,3.07918124604762,1,10,0,0,C,MXF 10X MIC,10µl 4 drops
2,2,3,500,2.69897000433602,1,10,0,0,C,MXF 10X MIC,10µl 4 drops
2,3,3,200,2.30102999566398,1,10,0,0,C,MXF 10X MIC,10µl 4 drops
2,1,3,1200,3.07918124604762,2,10,0,0,C,MXF 10X MIC,10µl single drop
2,2,3,2600,3.41497334797082,2,10,0,0,C,MXF 10X MIC,10µl single drop
2,3,3,2400,3.38021124171161,2,10,0,0,C,MXF 10X MIC,10µl single drop
2,1,3,400,2.60205999132796,3,2.5,0,0,C,MXF 10X MIC,2.5µl single drop
2,2,3,1600,3.20411998265592,3,2.5,0,0,C,MXF 10X MIC,2.5µl single drop
2,3,3,2000,3.30102999566398,3,2.5,0,0,C,MXF 10X MIC,2.5µl single drop
3,1,3,30,1.47712125471966,0,100,0,0,C,INH 1X MIC,100µl quad
3,2,3,NA,NA,0,100,0,1,C,INH 1X MIC,100µl quad
3,3,3,NA,NA,0,100,0,1,C,INH 1X MIC,100µl quad
3,1,3,NA,NA,1,10,0,1,C,INH 1X MIC,10µl 4 drops
3,2,3,NA,NA,1,10,0,1,C,INH 1X MIC,10µl 4 drops
3,3,3,NA,NA,1,10,0,1,C,INH 1X MIC,10µl 4 drops
3,1,3,100,2,2,10,0,0,C,INH 1X MIC,10µl single drop
3,2,3,NA,NA,2,10,0,1,C,INH 1X MIC,10µl single drop
3,3,3,NA,NA,2,10,0,1,C,INH 1X MIC,10µl single drop
3,1,3,NA,NA,3,2.5,0,1,C,INH 1X MIC,2.5µl single drop
3,2,3,NA,NA,3,2.5,0,1,C,INH 1X MIC,2.5µl single drop
3,3,3,NA,NA,3,2.5,0,1,C,INH 1X MIC,2.5µl single drop
4,1,3,NA,NA,0,100,0,1,C,INH 10X MIC,100µl quad
4,2,3,NA,NA,0,100,0,1,C,INH 10X MIC,100µl quad
4,3,3,NA,NA,0,100,0,1,C,INH 10X MIC,100µl quad
4,1,3,NA,NA,1,10,0,1,C,INH 10X MIC,10µl 4 drops
4,2,3,NA,NA,1,10,0,1,C,INH 10X MIC,10µl 4 drops
4,3,3,NA,NA,1,10,0,1,C,INH 10X MIC,10µl 4 drops
4,1,3,NA,NA,2,10,0,1,C,INH 10X MIC,10µl single drop
4,2,3,NA,NA,2,10,0,1,C,INH 10X MIC,10µl single drop
4,3,3,NA,NA,2,10,0,1,C,INH 10X MIC,10µl single drop
4,1,3,NA,NA,3,2.5,0,1,C,INH 10X MIC,2.5µl single drop
4,2,3,NA,NA,3,2.5,0,1,C,INH 10X MIC,2.5µl single drop
4,3,3,NA,NA,3,2.5,0,1,C,INH 10X MIC,2.5µl single drop
0,1,7,430000,5.63346845557959,0,100,0,0,C,untreated,100µl quad
0,2,7,510000,5.70757017609794,0,100,0,0,C,untreated,100µl quad
0,3,7,480000,5.68124123737559,0,100,0,0,C,untreated,100µl quad
0,1,7,500000,5.69897000433602,1,10,0,0,C,untreated,10µl 4 drops
0,2,7,500000,5.69897000433602,1,10,0,0,C,untreated,10µl 4 drops
0,3,7,700000,5.84509804001426,1,10,0,0,C,untreated,10µl 4 drops
0,1,7,700000,5.84509804001426,2,10,0,0,C,untreated,10µl single drop
0,2,7,1700000,6.23044892137827,2,10,0,0,C,untreated,10µl single drop
0,3,7,900000,5.95424250943933,2,10,0,0,C,untreated,10µl single drop
0,1,7,320000,5.50514997831991,3,2.5,0,0,C,untreated,2.5µl single drop
0,2,7,280000,5.44715803134222,3,2.5,0,0,C,untreated,2.5µl single drop
0,3,7,440000,5.64345267648619,3,2.5,0,0,C,untreated,2.5µl single drop
1,1,7,1800,3.25527250510331,0,100,0,0,C,MXF 1X MIC,100µl quad
1,2,7,100,2,0,100,0,0,C,MXF 1X MIC,100µl quad
1,3,7,NA,NA,0,100,0,1,C,MXF 1X MIC,100µl quad
1,1,7,NA,NA,1,10,0,1,C,MXF 1X MIC,10µl 4 drops
1,2,7,NA,NA,1,10,0,1,C,MXF 1X MIC,10µl 4 drops
1,3,7,NA,NA,1,10,0,1,C,MXF 1X MIC,10µl 4 drops
1,1,7,100,2,2,10,0,0,C,MXF 1X MIC,10µl single drop
1,2,7,NA,NA,2,10,0,1,C,MXF 1X MIC,10µl single drop
1,3,7,NA,NA,2,10,0,1,C,MXF 1X MIC,10µl single drop
1,1,7,2800,3.44715803134222,3,2.5,0,0,C,MXF 1X MIC,2.5µl single drop
1,2,7,400,2.60205999132796,3,2.5,0,0,C,MXF 1X MIC,2.5µl single drop
1,3,7,2000,3.30102999566398,3,2.5,0,0,C,MXF 1X MIC,2.5µl single drop
2,1,7,NA,NA,0,100,0,1,C,MXF 10X MIC,100µl quad
2,2,7,NA,NA,0,100,0,1,C,MXF 10X MIC,100µl quad
2,3,7,NA,NA,0,100,0,1,C,MXF 10X MIC,100µl quad
2,1,7,NA,NA,1,10,0,1,C,MXF 10X MIC,10µl 4 drops
2,2,7,NA,NA,1,10,0,1,C,MXF 10X MIC,10µl 4 drops
2,3,7,NA,NA,1,10,0,1,C,MXF 10X MIC,10µl 4 drops
2,1,7,NA,NA,2,10,0,1,C,MXF 10X MIC,10µl single drop
2,2,7,NA,NA,2,10,0,1,C,MXF 10X MIC,10µl single drop
2,3,7,NA,NA,2,10,0,1,C,MXF 10X MIC,10µl single drop
2,1,7,NA,NA,3,2.5,0,1,C,MXF 10X MIC,2.5µl single drop
2,2,7,NA,NA,3,2.5,0,1,C,MXF 10X MIC,2.5µl single drop
2,3,7,NA,NA,3,2.5,0,1,C,MXF 10X MIC,2.5µl single drop
3,1,7,NA,NA,0,100,0,1,C,INH 1X MIC,100µl quad
3,2,7,NA,NA,0,100,0,1,C,INH 1X MIC,100µl quad
3,3,7,NA,NA,0,100,0,1,C,INH 1X MIC,100µl quad
3,1,7,NA,NA,1,10,0,1,C,INH 1X MIC,10µl 4 drops
3,2,7,NA,NA,1,10,0,1,C,INH 1X MIC,10µl 4 drops
3,3,7,NA,NA,1,10,0,1,C,INH 1X MIC,10µl 4 drops
3,1,7,NA,NA,2,10,0,1,C,INH 1X MIC,10µl single drop
3,2,7,NA,NA,2,10,0,1,C,INH 1X MIC,10µl single drop
3,3,7,NA,NA,2,10,0,1,C,INH 1X MIC,10µl single drop
3,1,7,NA,NA,3,2.5,0,1,C,INH 1X MIC,2.5µl single drop
3,2,7,NA,NA,3,2.5,0,1,C,INH 1X MIC,2.5µl single drop
3,3,7,NA,NA,3,2.5,0,1,C,INH 1X MIC,2.5µl single drop
4,1,7,NA,NA,0,100,0,1,C,INH 10X MIC,100µl quad
4,2,7,NA,NA,0,100,0,1,C,INH 10X MIC,100µl quad
4,3,7,NA,NA,0,100,0,1,C,INH 10X MIC,100µl quad
4,1,7,NA,NA,1,10,0,1,C,INH 10X MIC,10µl 4 drops
4,2,7,NA,NA,1,10,0,1,C,INH 10X MIC,10µl 4 drops
4,3,7,NA,NA,1,10,0,1,C,INH 10X MIC,10µl 4 drops
4,1,7,NA,NA,2,10,0,1,C,INH 10X MIC,10µl single drop
4,2,7,NA,NA,2,10,0,1,C,INH 10X MIC,10µl single drop
4,3,7,NA,NA,2,10,0,1,C,INH 10X MIC,10µl single drop
4,1,7,NA,NA,3,2.5,0,1,C,INH 10X MIC,2.5µl single drop
4,2,7,NA,NA,3,2.5,0,1,C,INH 10X MIC,2.5µl single drop
4,3,7,NA,NA,3,2.5,0,1,C,INH 10X MIC,2.5µl single drop
0,1,10,610000,5.78532983501077,0,100,0,0,C,untreated,100µl quad
0,2,10,560000,5.7481880270062,0,100,0,0,C,untreated,100µl quad
0,3,10,510000,5.70757017609794,0,100,0,0,C,untreated,100µl quad
0,1,10,1000000,6,1,10,0,0,C,untreated,10µl 4 drops
0,2,10,14000000,7.14612803567824,1,10,0,0,C,untreated,10µl 4 drops
0,3,10,16000000,7.20411998265593,1,10,0,0,C,untreated,10µl 4 drops
0,1,10,2000000,6.30102999566398,2,10,0,0,C,untreated,10µl single drop
0,2,10,3000000,6.47712125471966,2,10,0,0,C,untreated,10µl single drop
0,3,10,4000000,6.60205999132796,2,10,0,0,C,untreated,10µl single drop
0,1,10,2000000,6.30102999566398,3,2.5,0,0,C,untreated,2.5µl single drop
0,2,10,3600000,6.55630250076729,3,2.5,0,0,C,untreated,2.5µl single drop
0,3,10,2400000,6.38021124171161,3,2.5,0,0,C,untreated,2.5µl single drop
1,1,10,10000,4,0,100,0,0,C,MXF 1X MIC,100µl quad
1,2,10,10000,4,0,100,0,0,C,MXF 1X MIC,100µl quad
1,3,10,NA,NA,0,100,0,0,C,MXF 1X MIC,100µl quad
1,1,10,10000,4,1,10,0,0,C,MXF 1X MIC,10µl 4 drops
1,2,10,10000,4,1,10,0,0,C,MXF 1X MIC,10µl 4 drops
1,3,10,10000,4,1,10,0,0,C,MXF 1X MIC,10µl 4 drops
1,1,10,10000,4,2,10,0,0,C,MXF 1X MIC,10µl single drop
1,2,10,10000,4,2,10,0,0,C,MXF 1X MIC,10µl single drop
1,3,10,10000,4,2,10,0,0,C,MXF 1X MIC,10µl single drop
1,1,10,160000,5.20411998265593,3,2.5,0,0,C,MXF 1X MIC,2.5µl single drop
1,2,10,120000,5.07918124604763,3,2.5,0,0,C,MXF 1X MIC,2.5µl single drop
1,3,10,NA,NA,3,2.5,0,1,C,MXF 1X MIC,2.5µl single drop
2,1,10,NA,NA,0,100,0,1,C,MXF 10X MIC,100µl quad
2,2,10,NA,NA,0,100,0,1,C,MXF 10X MIC,100µl quad
2,3,10,NA,NA,0,100,0,1,C,MXF 10X MIC,100µl quad
2,1,10,NA,NA,1,10,0,1,C,MXF 10X MIC,10µl 4 drops
2,2,10,NA,NA,1,10,0,1,C,MXF 10X MIC,10µl 4 drops
2,3,10,NA,NA,1,10,0,1,C,MXF 10X MIC,10µl 4 drops
2,1,10,NA,NA,2,10,0,1,C,MXF 10X MIC,10µl single drop
2,2,10,NA,NA,2,10,0,1,C,MXF 10X MIC,10µl single drop
2,3,10,NA,NA,2,10,0,1,C,MXF 10X MIC,10µl single drop
2,1,10,NA,NA,3,2.5,0,1,C,MXF 10X MIC,2.5µl single drop
2,2,10,NA,NA,3,2.5,0,1,C,MXF 10X MIC,2.5µl single drop
2,3,10,NA,NA,3,2.5,0,1,C,MXF 10X MIC,2.5µl single drop
3,1,10,NA,NA,0,100,0,1,C,INH 1X MIC,100µl quad
3,2,10,NA,NA,0,100,0,1,C,INH 1X MIC,100µl quad
3,3,10,NA,NA,0,100,0,1,C,INH 1X MIC,100µl quad
3,1,10,NA,NA,1,10,0,1,C,INH 1X MIC,10µl 4 drops
3,2,10,NA,NA,1,10,0,1,C,INH 1X MIC,10µl 4 drops
3,3,10,NA,NA,1,10,0,1,C,INH 1X MIC,10µl 4 drops
3,1,10,100,2,2,10,0,0,C,INH 1X MIC,10µl single drop
3,2,10,NA,NA,2,10,0,1,C,INH 1X MIC,10µl single drop
3,3,10,NA,NA,2,10,0,1,C,INH 1X MIC,10µl single drop
3,1,10,NA,NA,3,2.5,0,1,C,INH 1X MIC,2.5µl single drop
3,2,10,NA,NA,3,2.5,0,1,C,INH 1X MIC,2.5µl single drop
3,3,10,NA,NA,3,2.5,0,1,C,INH 1X MIC,2.5µl single drop
4,1,10,NA,NA,0,100,0,1,C,INH 10X MIC,100µl quad
4,2,10,NA,NA,0,100,0,1,C,INH 10X MIC,100µl quad
4,3,10,NA,NA,0,100,0,1,C,INH 10X MIC,100µl quad
4,1,10,NA,NA,1,10,0,1,C,INH 10X MIC,10µl 4 drops
4,2,10,NA,NA,1,10,0,1,C,INH 10X MIC,10µl 4 drops
4,3,10,NA,NA,1,10,0,1,C,INH 10X MIC,10µl 4 drops
4,1,10,NA,NA,2,10,0,1,C,INH 10X MIC,10µl single drop
4,2,10,NA,NA,2,10,0,1,C,INH 10X MIC,10µl single drop
4,3,10,NA,NA,2,10,0,1,C,INH 10X MIC,10µl single drop
4,1,10,NA,NA,3,2.5,0,1,C,INH 10X MIC,2.5µl single drop
4,2,10,NA,NA,3,2.5,0,1,C,INH 10X MIC,2.5µl single drop
4,3,10,NA,NA,3,2.5,0,1,C,INH 10X MIC,2.5µl single drop
0,1,14,5800000,6.76342799356294,0,100,0,0,C,untreated,100µl quad
0,2,14,6800000,6.83250891270624,0,100,0,0,C,untreated,100µl quad
0,3,14,7600000,6.88081359228079,0,100,0,0,C,untreated,100µl quad
0,1,14,30000000,7.47712125471966,1,10,0,0,C,untreated,10µl 4 drops
0,2,14,50000000,7.69897000433602,1,10,0,0,C,untreated,10µl 4 drops
0,3,14,30000000,7.47712125471966,1,10,0,0,C,untreated,10µl 4 drops
0,1,14,6000000,6.77815125038364,2,10,0,0,C,untreated,10µl single drop
0,2,14,3500000,6.54406804435028,2,10,0,0,C,untreated,10µl single drop
0,3,14,5400000,6.73239375982297,2,10,0,0,C,untreated,10µl single drop
0,1,14,60000000,7.77815125038364,3,2.5,0,0,C,untreated,2.5µl single drop
0,2,14,28000000,7.44715803134222,3,2.5,0,0,C,untreated,2.5µl single drop
0,3,14,16000000,7.20411998265593,3,2.5,0,0,C,untreated,2.5µl single drop
1,1,14,41000,4.61278385671974,0,100,0,0,C,MXF 1X MIC,100µl quad
1,2,14,49000,4.69019608002851,0,100,0,0,C,MXF 1X MIC,100µl quad
1,3,14,41000,4.61278385671974,0,100,0,0,C,MXF 1X MIC,100µl quad
1,1,14,100000,5,1,10,0,0,C,MXF 1X MIC,10µl 4 drops
1,2,14,100000,5,1,10,0,0,C,MXF 1X MIC,10µl 4 drops
1,3,14,100000,5,1,10,0,0,C,MXF 1X MIC,10µl 4 drops
1,1,14,110000,5.04139268515823,2,10,0,0,C,MXF 1X MIC,10µl single drop
1,2,14,80000,4.90308998699194,2,10,0,0,C,MXF 1X MIC,10µl single drop
1,3,14,140000,5.14612803567824,2,10,0,0,C,MXF 1X MIC,10µl single drop
1,1,14,400000,5.60205999132796,3,2.5,0,0,C,MXF 1X MIC,2.5µl single drop
1,2,14,400000,5.60205999132796,3,2.5,0,0,C,MXF 1X MIC,2.5µl single drop
1,3,14,400000,5.60205999132796,3,2.5,0,0,C,MXF 1X MIC,2.5µl single drop
2,1,14,NA,NA,0,100,0,1,C,MXF 10X MIC,100µl quad
2,2,14,NA,NA,0,100,0,1,C,MXF 10X MIC,100µl quad
2,3,14,NA,NA,0,100,0,1,C,MXF 10X MIC,100µl quad
2,1,14,NA,NA,1,10,0,1,C,MXF 10X MIC,10µl 4 drops
2,2,14,NA,NA,1,10,0,1,C,MXF 10X MIC,10µl 4 drops
2,3,14,NA,NA,1,10,0,1,C,MXF 10X MIC,10µl 4 drops
2,1,14,NA,NA,2,10,0,1,C,MXF 10X MIC,10µl single drop
2,2,14,NA,NA,2,10,0,1,C,MXF 10X MIC,10µl single drop
2,3,14,NA,NA,2,10,0,1,C,MXF 10X MIC,10µl single drop
2,1,14,NA,NA,3,2.5,0,1,C,MXF 10X MIC,2.5µl single drop
2,2,14,NA,NA,3,2.5,0,1,C,MXF 10X MIC,2.5µl single drop
2,3,14,NA,NA,3,2.5,0,1,C,MXF 10X MIC,2.5µl single drop
3,1,14,80,1.90308998699194,0,100,0,0,C,INH 1X MIC,100µl quad
3,2,14,210,2.32221929473392,0,100,0,0,C,INH 1X MIC,100µl quad
3,3,14,NA,NA,0,100,0,1,C,INH 1X MIC,100µl quad
3,1,14,1100,3.04139268515822,1,10,0,0,C,INH 1X MIC,10µl 4 drops
3,2,14,1600,3.20411998265592,1,10,0,0,C,INH 1X MIC,10µl 4 drops
3,3,14,1000,3,1,10,0,0,C,INH 1X MIC,10µl 4 drops
3,1,14,NA,NA,2,10,0,1,C,INH 1X MIC,10µl single drop
3,2,14,NA,NA,2,10,0,1,C,INH 1X MIC,10µl single drop
3,3,14,NA,NA,2,10,0,1,C,INH 1X MIC,10µl single drop
3,1,14,2400,3.38021124171161,3,2.5,0,0,C,INH 1X MIC,2.5µl single drop
3,2,14,NA,NA,3,2.5,0,1,C,INH 1X MIC,2.5µl single drop
3,3,14,NA,NA,3,2.5,0,1,C,INH 1X MIC,2.5µl single drop
4,1,14,NA,NA,0,100,0,1,C,INH 10X MIC,100µl quad
4,2,14,NA,NA,0,100,0,1,C,INH 10X MIC,100µl quad
4,3,14,NA,NA,0,100,0,1,C,INH 10X MIC,100µl quad
4,1,14,NA,NA,1,10,0,1,C,INH 10X MIC,10µl 4 drops
4,2,14,NA,NA,1,10,0,1,C,INH 10X MIC,10µl 4 drops
4,3,14,NA,NA,1,10,0,1,C,INH 10X MIC,10µl 4 drops
4,1,14,NA,NA,2,10,0,1,C,INH 10X MIC,10µl single drop
4,2,14,NA,NA,2,10,0,1,C,INH 10X MIC,10µl single drop
4,3,14,NA,NA,2,10,0,1,C,INH 10X MIC,10µl single drop
4,1,14,NA,NA,3,2.5,0,1,C,INH 10X MIC,2.5µl single drop
4,2,14,NA,NA,3,2.5,0,1,C,INH 10X MIC,2.5µl single drop
4,3,14,NA,NA,3,2.5,0,1,C,INH 10X MIC,2.5µl single drop
0,1,21,4600000,6.66275783168157,0,100,0,0,C,untreated,100µl quad
0,2,21,1900000,6.27875360095283,0,100,0,0,C,untreated,100µl quad
0,3,21,7400000,6.86923171973098,0,100,0,0,C,untreated,100µl quad
0,1,21,11000000,7.04139268515823,1,10,0,0,C,untreated,10µl 4 drops
0,2,21,9000000,6.95424250943933,1,10,0,0,C,untreated,10µl 4 drops
0,3,21,14000000,7.14612803567824,1,10,0,0,C,untreated,10µl 4 drops
0,1,21,14000000,7.14612803567824,2,10,0,0,C,untreated,10µl single drop
0,2,21,10000000,7,2,10,0,0,C,untreated,10µl single drop
0,3,21,8000000,6.90308998699194,2,10,0,0,C,untreated,10µl single drop
0,1,21,8800000,6.94448267215017,3,2.5,0,0,C,untreated,2.5µl single drop
0,2,21,8400000,6.92427928606188,3,2.5,0,0,C,untreated,2.5µl single drop
0,3,21,7600000,6.88081359228079,3,2.5,0,0,C,untreated,2.5µl single drop
1,1,21,2100000,6.32221929473392,0,100,0,0,C,MXF 1X MIC,100µl quad
1,2,21,2800000,6.44715803134222,0,100,0,0,C,MXF 1X MIC,100µl quad
1,3,21,2000000,6.30102999566398,0,100,0,0,C,MXF 1X MIC,100µl quad
1,1,21,2000000,6.30102999566398,1,10,0,0,C,MXF 1X MIC,10µl 4 drops
1,2,21,2400000,6.38021124171161,1,10,0,0,C,MXF 1X MIC,10µl 4 drops
1,3,21,2600000,6.41497334797082,1,10,0,0,C,MXF 1X MIC,10µl 4 drops
1,1,21,2700000,6.43136376415899,2,10,0,0,C,MXF 1X MIC,10µl single drop
1,2,21,3000000,6.47712125471966,2,10,0,0,C,MXF 1X MIC,10µl single drop
1,3,21,3500000,6.54406804435028,2,10,0,0,C,MXF 1X MIC,10µl single drop
1,1,21,8000000,6.90308998699194,3,2.5,0,0,C,MXF 1X MIC,2.5µl single drop
1,2,21,12000000,7.07918124604763,3,2.5,0,0,C,MXF 1X MIC,2.5µl single drop
1,3,21,32000000,7.50514997831991,3,2.5,0,0,C,MXF 1X MIC,2.5µl single drop
2,1,21,NA,NA,0,100,0,1,C,MXF 10X MIC,100µl quad
2,2,21,NA,NA,0,100,0,1,C,MXF 10X MIC,100µl quad
2,3,21,NA,NA,0,100,0,1,C,MXF 10X MIC,100µl quad
2,1,21,NA,NA,1,10,0,1,C,MXF 10X MIC,10µl 4 drops
2,2,21,NA,NA,1,10,0,1,C,MXF 10X MIC,10µl 4 drops
2,3,21,NA,NA,1,10,0,1,C,MXF 10X MIC,10µl 4 drops
2,1,21,NA,NA,2,10,0,1,C,MXF 10X MIC,10µl single drop
2,2,21,NA,NA,2,10,0,1,C,MXF 10X MIC,10µl single drop
2,3,21,NA,NA,2,10,0,1,C,MXF 10X MIC,10µl single drop
2,1,21,NA,NA,3,2.5,0,1,C,MXF 10X MIC,2.5µl single drop
2,2,21,NA,NA,3,2.5,0,1,C,MXF 10X MIC,2.5µl single drop
2,3,21,NA,NA,3,2.5,0,1,C,MXF 10X MIC,2.5µl single drop
3,1,21,1200000,6.07918124604763,0,100,0,0,C,INH 1X MIC,100µl quad
3,2,21,1400000,6.14612803567824,0,100,0,0,C,INH 1X MIC,100µl quad
3,3,21,1500000,6.17609125905568,0,100,0,0,C,INH 1X MIC,100µl quad
3,1,21,1000000,6,1,10,0,0,C,INH 1X MIC,10µl 4 drops
3,2,21,1200000,6.07918124604763,1,10,0,0,C,INH 1X MIC,10µl 4 drops
3,3,21,700000,5.84509804001426,1,10,0,0,C,INH 1X MIC,10µl 4 drops
3,1,21,1100000,6.04139268515823,2,10,0,0,C,INH 1X MIC,10µl single drop
3,2,21,400000,5.60205999132796,2,10,0,0,C,INH 1X MIC,10µl single drop
3,3,21,1900000,6.27875360095283,2,10,0,0,C,INH 1X MIC,10µl single drop
3,1,21,440000,5.64345267648619,3,2.5,0,0,C,INH 1X MIC,2.5µl single drop
3,2,21,480000,5.68124123737559,3,2.5,0,0,C,INH 1X MIC,2.5µl single drop
3,3,21,480000,5.68124123737559,3,2.5,0,0,C,INH 1X MIC,2.5µl single drop
4,1,21,NA,NA,0,100,0,1,C,INH 10X MIC,100µl quad
4,2,21,NA,NA,0,100,0,1,C,INH 10X MIC,100µl quad
4,3,21,NA,NA,0,100,0,1,C,INH 10X MIC,100µl quad
4,1,21,NA,NA,1,10,0,1,C,INH 10X MIC,10µl 4 drops
4,2,21,NA,NA,1,10,0,1,C,INH 10X MIC,10µl 4 drops
4,3,21,NA,NA,1,10,0,1,C,INH 10X MIC,10µl 4 drops
4,1,21,NA,NA,2,10,0,1,C,INH 10X MIC,10µl single drop
4,2,21,NA,NA,2,10,0,1,C,INH 10X MIC,10µl single drop
4,3,21,NA,NA,2,10,0,1,C,INH 10X MIC,10µl single drop
4,1,21,NA,NA,3,2.5,0,1,C,INH 10X MIC,2.5µl single drop
4,2,21,NA,NA,3,2.5,0,1,C,INH 10X MIC,2.5µl single drop
4,3,21,NA,NA,3,2.5,0,1,C,INH 10X MIC,2.5µl single drop
0,1,28,14000000,7.14612803567824,0,100,0,0,C,untreated,100µl quad
0,2,28,17000000,7.23044892137827,0,100,0,0,C,untreated,100µl quad
0,3,28,20000000,7.30102999566398,0,100,0,0,C,untreated,100µl quad
0,1,28,50000000,7.69897000433602,1,10,0,0,C,untreated,10µl 4 drops
0,2,28,30000000,7.47712125471966,1,10,0,0,C,untreated,10µl 4 drops
0,3,28,21000000,7.32221929473392,1,10,0,0,C,untreated,10µl 4 drops
0,1,28,84000000,7.92427928606188,2,10,0,0,C,untreated,10µl single drop
0,2,28,80000000,7.90308998699194,2,10,0,0,C,untreated,10µl single drop
0,3,28,86000000,7.93449845124357,2,10,0,0,C,untreated,10µl single drop
0,1,28,16000000,7.20411998265593,3,2.5,0,0,C,untreated,2.5µl single drop
0,2,28,12000000,7.07918124604763,3,2.5,0,0,C,untreated,2.5µl single drop
0,3,28,NA,NA,3,2.5,0,0,C,untreated,2.5µl single drop
1,1,28,8000000,6.90308998699194,0,100,0,0,C,MXF 1X MIC,100µl quad
1,2,28,7700000,6.88649072517248,0,100,0,0,C,MXF 1X MIC,100µl quad
1,3,28,18000000,7.25527250510331,0,100,0,0,C,MXF 1X MIC,100µl quad
1,1,28,16000000,7.20411998265593,1,10,0,0,C,MXF 1X MIC,10µl 4 drops
1,2,28,6000000,6.77815125038364,1,10,0,0,C,MXF 1X MIC,10µl 4 drops
1,3,28,5000000,6.69897000433602,1,10,0,0,C,MXF 1X MIC,10µl 4 drops
1,1,28,25000000,7.39794000867204,2,10,0,0,C,MXF 1X MIC,10µl single drop
1,2,28,16000000,7.20411998265593,2,10,0,0,C,MXF 1X MIC,10µl single drop
1,3,28,21000000,7.32221929473392,2,10,0,0,C,MXF 1X MIC,10µl single drop
1,1,28,4000000,6.60205999132796,3,2.5,0,0,C,MXF 1X MIC,2.5µl single drop
1,2,28,6000000,6.77815125038364,3,2.5,0,0,C,MXF 1X MIC,2.5µl single drop
1,3,28,2800000,6.44715803134222,3,2.5,0,0,C,MXF 1X MIC,2.5µl single drop
2,1,28,NA,NA,0,100,0,1,C,MXF 10X MIC,100µl quad
2,2,28,NA,NA,0,100,0,1,C,MXF 10X MIC,100µl quad
2,3,28,NA,NA,0,100,0,1,C,MXF 10X MIC,100µl quad
2,1,28,NA,NA,1,10,0,1,C,MXF 10X MIC,10µl 4 drops
2,2,28,NA,NA,1,10,0,1,C,MXF 10X MIC,10µl 4 drops
2,3,28,NA,NA,1,10,0,1,C,MXF 10X MIC,10µl 4 drops
2,1,28,NA,NA,2,10,0,1,C,MXF 10X MIC,10µl single drop
2,2,28,NA,NA,2,10,0,1,C,MXF 10X MIC,10µl single drop
2,3,28,NA,NA,2,10,0,1,C,MXF 10X MIC,10µl single drop
2,1,28,NA,NA,3,2.5,0,1,C,MXF 10X MIC,2.5µl single drop
2,2,28,NA,NA,3,2.5,0,1,C,MXF 10X MIC,2.5µl single drop
2,3,28,NA,NA,3,2.5,0,1,C,MXF 10X MIC,2.5µl single drop
3,1,28,6400000,6.80617997398389,0,100,0,0,C,INH 1X MIC,100µl quad
3,2,28,10400000,7.01703333929878,0,100,0,0,C,INH 1X MIC,100µl quad
3,3,28,5300000,6.72427586960079,0,100,0,0,C,INH 1X MIC,100µl quad
3,1,28,13000000,7.11394335230684,1,10,0,0,C,INH 1X MIC,10µl 4 drops
3,2,28,20000000,7.30102999566398,1,10,0,0,C,INH 1X MIC,10µl 4 drops
3,3,28,21000000,7.32221929473392,1,10,0,0,C,INH 1X MIC,10µl 4 drops
3,1,28,22000000,7.34242268082221,2,10,0,0,C,INH 1X MIC,10µl single drop
3,2,28,10000000,7,2,10,0,0,C,INH 1X MIC,10µl single drop
3,3,28,11000000,7.04139268515823,2,10,0,0,C,INH 1X MIC,10µl single drop
3,1,28,4400000,6.64345267648619,3,2.5,0,0,C,INH 1X MIC,2.5µl single drop
3,2,28,24000000,7.38021124171161,3,2.5,0,0,C,INH 1X MIC,2.5µl single drop
3,3,28,8000000,6.90308998699194,3,2.5,0,0,C,INH 1X MIC,2.5µl single drop
4,1,28,NA,NA,0,100,0,1,C,INH 10X MIC,100µl quad
4,2,28,NA,NA,0,100,0,1,C,INH 10X MIC,100µl quad
4,3,28,NA,NA,0,100,0,1,C,INH 10X MIC,100µl quad
4,1,28,NA,NA,1,10,0,1,C,INH 10X MIC,10µl 4 drops
4,2,28,NA,NA,1,10,0,1,C,INH 10X MIC,10µl 4 drops
4,3,28,NA,NA,1,10,0,1,C,INH 10X MIC,10µl 4 drops
4,1,28,NA,NA,2,10,0,1,C,INH 10X MIC,10µl single drop
4,2,28,NA,NA,2,10,0,1,C,INH 10X MIC,10µl single drop
4,3,28,NA,NA,2,10,0,1,C,INH 10X MIC,10µl single drop
4,1,28,NA,NA,3,2.5,0,1,C,INH 10X MIC,2.5µl single drop
4,2,28,NA,NA,3,2.5,0,1,C,INH 10X MIC,2.5µl single drop
4,3,28,NA,NA,3,2.5,0,1,C,INH 10X MIC,2.5µl single drop
0,1,0,37000,4.56820172406699,0,100,0,0,D,untreated,100µl quad
0,2,0,49000,4.69019608002851,0,100,0,0,D,untreated,100µl quad
0,3,0,50000,4.69897000433602,0,100,0,0,D,untreated,100µl quad
0,1,0,30000,4.47712125471966,1,10,0,0,D,untreated,10µl 4 drops
0,2,0,31000,4.49136169383427,1,10,0,0,D,untreated,10µl 4 drops
0,3,0,NA,NA,1,10,0,0,D,untreated,10µl 4 drops
0,1,0,23000,4.36172783601759,2,10,0,0,D,untreated,10µl single drop
0,2,0,18000,4.25527250510331,2,10,0,0,D,untreated,10µl single drop
0,3,0,100000,5,2,10,0,0,D,untreated,10µl single drop
0,1,0,80000,4.90308998699194,3,2.5,0,0,D,untreated,2.5µl single drop
0,2,0,80000,4.90308998699194,3,2.5,0,0,D,untreated,2.5µl single drop
0,3,0,200000,5.30102999566398,3,2.5,0,0,D,untreated,2.5µl single drop
1,1,0,65000,4.81291335664286,0,100,0,0,D,MXF 1X MIC,100µl quad
1,2,0,55000,4.74036268949424,0,100,0,0,D,MXF 1X MIC,100µl quad
1,3,0,82000,4.91381385238372,0,100,0,0,D,MXF 1X MIC,100µl quad
1,1,0,40000,4.60205999132796,1,10,0,0,D,MXF 1X MIC,10µl 4 drops
1,2,0,36000,4.55630250076729,1,10,0,0,D,MXF 1X MIC,10µl 4 drops
1,3,0,30000,4.47712125471966,1,10,0,0,D,MXF 1X MIC,10µl 4 drops
1,1,0,NA,NA,2,10,0,0,D,MXF 1X MIC,10µl single drop
1,2,0,30000,4.47712125471966,2,10,0,0,D,MXF 1X MIC,10µl single drop
1,3,0,50000,4.69897000433602,2,10,0,0,D,MXF 1X MIC,10µl single drop
1,1,0,80000,4.90308998699194,3,2.5,0,0,D,MXF 1X MIC,2.5µl single drop
1,2,0,40000,4.60205999132796,3,2.5,0,0,D,MXF 1X MIC,2.5µl single drop
1,3,0,40000,4.60205999132796,3,2.5,0,0,D,MXF 1X MIC,2.5µl single drop
2,1,0,45000,4.65321251377534,0,100,0,0,D,MXF 10X MIC,100µl quad
2,2,0,51000,4.70757017609794,0,100,0,0,D,MXF 10X MIC,100µl quad
2,3,0,54000,4.73239375982297,0,100,0,0,D,MXF 10X MIC,100µl quad
2,1,0,21000,4.32221929473392,1,10,0,0,D,MXF 10X MIC,10µl 4 drops
2,2,0,32000,4.50514997831991,1,10,0,0,D,MXF 10X MIC,10µl 4 drops
2,3,0,28000,4.44715803134222,1,10,0,0,D,MXF 10X MIC,10µl 4 drops
2,1,0,26000,4.41497334797082,2,10,0,0,D,MXF 10X MIC,10µl single drop
2,2,0,25000,4.39794000867204,2,10,0,0,D,MXF 10X MIC,10µl single drop
2,3,0,30000,4.47712125471966,2,10,0,0,D,MXF 10X MIC,10µl single drop
2,1,0,40000,4.60205999132796,3,2.5,0,0,D,MXF 10X MIC,2.5µl single drop
2,2,0,120000,5.07918124604763,3,2.5,0,0,D,MXF 10X MIC,2.5µl single drop
2,3,0,NA,NA,3,2.5,0,1,D,MXF 10X MIC,2.5µl single drop
3,1,0,92000,4.96378782734556,0,100,0,0,D,INH 1X MIC,100µl quad
3,2,0,59000,4.77085201164214,0,100,0,0,D,INH 1X MIC,100µl quad
3,3,0,40000,4.60205999132796,0,100,0,0,D,INH 1X MIC,100µl quad
3,1,0,90000,4.95424250943933,1,10,0,0,D,INH 1X MIC,10µl 4 drops
3,2,0,50000,4.69897000433602,1,10,0,0,D,INH 1X MIC,10µl 4 drops
3,3,0,30000,4.47712125471966,1,10,0,0,D,INH 1X MIC,10µl 4 drops
3,1,0,28000,4.44715803134222,2,10,0,0,D,INH 1X MIC,10µl single drop
3,2,0,22000,4.34242268082221,2,10,0,0,D,INH 1X MIC,10µl single drop
3,3,0,23000,4.36172783601759,2,10,0,0,D,INH 1X MIC,10µl single drop
3,1,0,52000,4.7160033436348,3,2.5,0,0,D,INH 1X MIC,2.5µl single drop
3,2,0,44000,4.64345267648619,3,2.5,0,0,D,INH 1X MIC,2.5µl single drop
3,3,0,44000,4.64345267648619,3,2.5,0,0,D,INH 1X MIC,2.5µl single drop
4,1,0,84000,4.92427928606188,0,100,0,0,D,INH 10X MIC,100µl quad
4,2,0,58000,4.76342799356294,0,100,0,0,D,INH 10X MIC,100µl quad
4,3,0,58000,4.76342799356294,0,100,0,0,D,INH 10X MIC,100µl quad
4,1,0,25000,4.39794000867204,1,10,0,0,D,INH 10X MIC,10µl 4 drops
4,2,0,32000,4.50514997831991,1,10,0,0,D,INH 10X MIC,10µl 4 drops
4,3,0,24000,4.38021124171161,1,10,0,0,D,INH 10X MIC,10µl 4 drops
4,1,0,13000,4.11394335230684,2,10,0,0,D,INH 10X MIC,10µl single drop
4,2,0,25000,4.39794000867204,2,10,0,0,D,INH 10X MIC,10µl single drop
4,3,0,30000,4.47712125471966,2,10,0,0,D,INH 10X MIC,10µl single drop
4,1,0,200000,5.30102999566398,3,2.5,0,0,D,INH 10X MIC,2.5µl single drop
4,2,0,80000,4.90308998699194,3,2.5,0,0,D,INH 10X MIC,2.5µl single drop
4,3,0,80000,4.90308998699194,3,2.5,0,0,D,INH 10X MIC,2.5µl single drop
0,1,1,NA,NA,0,100,0,0,D,untreated,100µl quad
0,2,1,260000,5.41497334797082,0,100,0,0,D,untreated,100µl quad
0,3,1,NA,NA,0,100,0,0,D,untreated,100µl quad
0,1,1,300000,5.47712125471966,1,10,0,0,D,untreated,10µl 4 drops
0,2,1,200000,5.30102999566398,1,10,0,0,D,untreated,10µl 4 drops
0,3,1,390000,5.5910646070265,1,10,0,0,D,untreated,10µl 4 drops
0,1,1,70000,4.84509804001426,2,10,0,0,D,untreated,10µl single drop
0,2,1,50000,4.69897000433602,2,10,0,0,D,untreated,10µl single drop
0,3,1,40000,4.60205999132796,2,10,0,0,D,untreated,10µl single drop
0,1,1,280000,5.44715803134222,3,2.5,0,0,D,untreated,2.5µl single drop
0,2,1,200000,5.30102999566398,3,2.5,0,0,D,untreated,2.5µl single drop
0,3,1,160000,5.20411998265593,3,2.5,0,0,D,untreated,2.5µl single drop
1,1,1,60000,4.77815125038364,0,100,0,0,D,MXF 1X MIC,100µl quad
1,2,1,79000,4.89762709129044,0,100,0,0,D,MXF 1X MIC,100µl quad
1,3,1,NA,NA,0,100,0,0,D,MXF 1X MIC,100µl quad
1,1,1,100000,5,1,10,0,0,D,MXF 1X MIC,10µl 4 drops
1,2,1,44000,4.64345267648619,1,10,0,0,D,MXF 1X MIC,10µl 4 drops
1,3,1,39000,4.5910646070265,1,10,0,0,D,MXF 1X MIC,10µl 4 drops
1,1,1,100000,5,2,10,0,0,D,MXF 1X MIC,10µl single drop
1,2,1,10000,4,2,10,0,0,D,MXF 1X MIC,10µl single drop
1,3,1,4000,3.60205999132796,2,10,0,0,D,MXF 1X MIC,10µl single drop
1,1,1,120000,5.07918124604763,3,2.5,0,0,D,MXF 1X MIC,2.5µl single drop
1,2,1,800000,5.90308998699194,3,2.5,0,0,D,MXF 1X MIC,2.5µl single drop
1,3,1,400000,5.60205999132796,3,2.5,0,0,D,MXF 1X MIC,2.5µl single drop
2,1,1,NA,NA,0,100,0,0,D,MXF 10X MIC,100µl quad
2,2,1,14000,4.14612803567824,0,100,0,0,D,MXF 10X MIC,100µl quad
2,3,1,27000,4.43136376415899,0,100,0,0,D,MXF 10X MIC,100µl quad
2,1,1,190000,5.27875360095283,1,10,0,0,D,MXF 10X MIC,10µl 4 drops
2,2,1,20000,4.30102999566398,1,10,0,0,D,MXF 10X MIC,10µl 4 drops
2,3,1,17000,4.23044892137827,1,10,0,0,D,MXF 10X MIC,10µl 4 drops
2,1,1,100000,5,2,10,0,0,D,MXF 10X MIC,10µl single drop
2,2,1,20000,4.30102999566398,2,10,0,0,D,MXF 10X MIC,10µl single drop
2,3,1,17000,4.23044892137827,2,10,0,0,D,MXF 10X MIC,10µl single drop
2,1,1,24000,4.38021124171161,3,2.5,0,0,D,MXF 10X MIC,2.5µl single drop
2,2,1,24000,4.38021124171161,3,2.5,0,0,D,MXF 10X MIC,2.5µl single drop
2,3,1,40000,4.60205999132796,3,2.5,0,0,D,MXF 10X MIC,2.5µl single drop
3,1,1,22000,4.34242268082221,0,100,0,0,D,INH 1X MIC,100µl quad
3,2,1,73000,4.86332286012046,0,100,0,0,D,INH 1X MIC,100µl quad
3,3,1,64000,4.80617997398389,0,100,0,0,D,INH 1X MIC,100µl quad
3,1,1,16000,4.20411998265593,1,10,0,0,D,INH 1X MIC,10µl 4 drops
3,2,1,19000,4.27875360095283,1,10,0,0,D,INH 1X MIC,10µl 4 drops
3,3,1,37000,4.56820172406699,1,10,0,0,D,INH 1X MIC,10µl 4 drops
3,1,1,21000,4.32221929473392,2,10,0,0,D,INH 1X MIC,10µl single drop
3,2,1,21000,4.32221929473392,2,10,0,0,D,INH 1X MIC,10µl single drop
3,3,1,27000,4.43136376415899,2,10,0,0,D,INH 1X MIC,10µl single drop
3,1,1,NA,NA,3,2.5,0,1,D,INH 1X MIC,2.5µl single drop
3,2,1,80000,4.90308998699194,3,2.5,0,0,D,INH 1X MIC,2.5µl single drop
3,3,1,80000,4.90308998699194,3,2.5,0,0,D,INH 1X MIC,2.5µl single drop
4,1,1,15000,4.17609125905568,0,100,0,0,D,INH 10X MIC,100µl quad
4,2,1,NA,NA,0,100,0,0,D,INH 10X MIC,100µl quad
4,3,1,14800,4.17026171539496,0,100,0,0,D,INH 10X MIC,100µl quad
4,1,1,5000,3.69897000433602,1,10,0,0,D,INH 10X MIC,10µl 4 drops
4,2,1,5300,3.72427586960079,1,10,0,0,D,INH 10X MIC,10µl 4 drops
4,3,1,5100,3.70757017609794,1,10,0,0,D,INH 10X MIC,10µl 4 drops
4,1,1,4400,3.64345267648619,2,10,0,0,D,INH 10X MIC,10µl single drop
4,2,1,2700,3.43136376415899,2,10,0,0,D,INH 10X MIC,10µl single drop
4,3,1,4300,3.63346845557959,2,10,0,0,D,INH 10X MIC,10µl single drop
4,1,1,3200,3.50514997831991,3,2.5,0,0,D,INH 10X MIC,2.5µl single drop
4,2,1,4400,3.64345267648619,3,2.5,0,0,D,INH 10X MIC,2.5µl single drop
4,3,1,6000,3.77815125038364,3,2.5,0,0,D,INH 10X MIC,2.5µl single drop
0,1,2,NA,NA,0,100,0,0,D,untreated,100µl quad
0,2,2,NA,NA,0,100,0,0,D,untreated,100µl quad
0,3,2,NA,NA,0,100,0,0,D,untreated,100µl quad
0,1,2,280000,5.44715803134222,1,10,0,0,D,untreated,10µl 4 drops
0,2,2,330000,5.51851393987789,1,10,0,0,D,untreated,10µl 4 drops
0,3,2,110000,5.04139268515823,1,10,0,0,D,untreated,10µl 4 drops
0,1,2,170000,5.23044892137827,2,10,0,0,D,untreated,10µl single drop
0,2,2,290000,5.46239799789896,2,10,0,0,D,untreated,10µl single drop
0,3,2,100000,5,2,10,0,0,D,untreated,10µl single drop
0,1,2,NA,NA,3,2.5,0,1,D,untreated,2.5µl single drop
0,2,2,80000,4.90308998699194,3,2.5,0,0,D,untreated,2.5µl single drop
0,3,2,40000,4.60205999132796,3,2.5,0,0,D,untreated,2.5µl single drop
1,1,2,110000,5.04139268515823,1,10,0,0,D,MXF 1X MIC,10µl 4 drops
1,2,2,110000,5.04139268515823,1,10,0,0,D,MXF 1X MIC,10µl 4 drops
1,3,2,90000,4.95424250943933,1,10,0,0,D,MXF 1X MIC,10µl 4 drops
1,1,2,150000,5.17609125905568,2,10,0,0,D,MXF 1X MIC,10µl single drop
1,2,2,100000,5,2,10,0,0,D,MXF 1X MIC,10µl single drop
1,3,2,50000,4.69897000433602,2,10,0,0,D,MXF 1X MIC,10µl single drop
1,1,2,160000,5.20411998265593,3,2.5,0,0,D,MXF 1X MIC,2.5µl single drop
1,2,2,40000,4.60205999132796,3,2.5,0,0,D,MXF 1X MIC,2.5µl single drop
1,3,2,120000,5.07918124604763,3,2.5,0,0,D,MXF 1X MIC,2.5µl single drop
2,1,2,4300,3.63346845557959,1,10,0,0,D,MXF 10X MIC,10µl 4 drops
2,2,2,4700,3.67209785793572,1,10,0,0,D,MXF 10X MIC,10µl 4 drops
2,3,2,4600,3.66275783168157,1,10,0,0,D,MXF 10X MIC,10µl 4 drops
2,1,2,3900,3.5910646070265,2,10,0,0,D,MXF 10X MIC,10µl single drop
2,2,2,3600,3.55630250076729,2,10,0,0,D,MXF 10X MIC,10µl single drop
2,3,2,3600,3.55630250076729,2,10,0,0,D,MXF 10X MIC,10µl single drop
2,1,2,68000,4.83250891270624,3,2.5,0,0,D,MXF 10X MIC,2.5µl single drop
2,2,2,16000,4.20411998265593,3,2.5,0,0,D,MXF 10X MIC,2.5µl single drop
2,3,2,16000,4.20411998265593,3,2.5,0,0,D,MXF 10X MIC,2.5µl single drop
3,1,2,2200,3.34242268082221,1,10,0,0,D,INH 1X MIC,10µl 4 drops
3,2,2,3100,3.49136169383427,1,10,0,0,D,INH 1X MIC,10µl 4 drops
3,3,2,1800,3.25527250510331,1,10,0,0,D,INH 1X MIC,10µl 4 drops
3,1,2,1100,3.04139268515822,2,10,0,0,D,INH 1X MIC,10µl single drop
3,2,2,2600,3.41497334797082,2,10,0,0,D,INH 1X MIC,10µl single drop
3,3,2,3300,3.51851393987789,2,10,0,0,D,INH 1X MIC,10µl single drop
3,1,2,8400,3.92427928606188,3,2.5,0,0,D,INH 1X MIC,2.5µl single drop
3,2,2,2400,3.38021124171161,3,2.5,0,0,D,INH 1X MIC,2.5µl single drop
3,3,2,7200,3.85733249643127,3,2.5,0,0,D,INH 1X MIC,2.5µl single drop
4,1,2,3100,3.49136169383427,1,10,0,0,D,INH 10X MIC,10µl 4 drops
4,2,2,2000,3.30102999566398,1,10,0,0,D,INH 10X MIC,10µl 4 drops
4,3,2,2200,3.34242268082221,1,10,0,0,D,INH 10X MIC,10µl 4 drops
4,1,2,3000,3.47712125471966,2,10,0,0,D,INH 10X MIC,10µl single drop
4,2,2,2800,3.44715803134222,2,10,0,0,D,INH 10X MIC,10µl single drop
4,3,2,1900,3.27875360095283,2,10,0,0,D,INH 10X MIC,10µl single drop
4,1,2,2400,3.38021124171161,3,2.5,0,0,D,INH 10X MIC,2.5µl single drop
4,2,2,1200,3.07918124604762,3,2.5,0,0,D,INH 10X MIC,2.5µl single drop
4,3,2,400,2.60205999132796,3,2.5,0,0,D,INH 10X MIC,2.5µl single drop
0,1,3,301000,5.47856649559384,0,100,0,0,D,untreated,100µl quad
0,2,3,570000,5.75587485567249,0,100,0,0,D,untreated,100µl quad
0,3,3,340000,5.53147891704226,0,100,0,0,D,untreated,100µl quad
0,1,3,220000,5.34242268082221,1,10,0,0,D,untreated,10µl 4 drops
0,2,3,310000,5.49136169383427,1,10,0,0,D,untreated,10µl 4 drops
0,3,3,340000,5.53147891704226,1,10,0,0,D,untreated,10µl 4 drops
0,1,3,310000,5.49136169383427,2,10,0,0,D,untreated,10µl single drop
0,2,3,260000,5.41497334797082,2,10,0,0,D,untreated,10µl single drop
0,3,3,340000,5.53147891704226,2,10,0,0,D,untreated,10µl single drop
0,1,3,160000,5.20411998265593,3,2.5,0,0,D,untreated,2.5µl single drop
0,2,3,400000,5.60205999132796,3,2.5,0,0,D,untreated,2.5µl single drop
0,3,3,320000,5.50514997831991,3,2.5,0,0,D,untreated,2.5µl single drop
1,1,3,490000,5.69019608002851,0,100,0,0,D,MXF 1X MIC,100µl quad
1,2,3,NA,NA,0,100,0,0,D,MXF 1X MIC,100µl quad
1,3,3,760000,5.88081359228079,0,100,0,0,D,MXF 1X MIC,100µl quad
1,1,3,720000,5.85733249643127,1,10,0,0,D,MXF 1X MIC,10µl 4 drops
1,2,3,250000,5.39794000867204,1,10,0,0,D,MXF 1X MIC,10µl 4 drops
1,3,3,200000,5.30102999566398,1,10,0,0,D,MXF 1X MIC,10µl 4 drops
1,1,3,580000,5.76342799356294,2,10,0,0,D,MXF 1X MIC,10µl single drop
1,2,3,180000,5.25527250510331,2,10,0,0,D,MXF 1X MIC,10µl single drop
1,3,3,260000,5.41497334797082,2,10,0,0,D,MXF 1X MIC,10µl single drop
1,1,3,200000,5.30102999566398,3,2.5,0,0,D,MXF 1X MIC,2.5µl single drop
1,2,3,320000,5.50514997831991,3,2.5,0,0,D,MXF 1X MIC,2.5µl single drop
1,3,3,200000,5.30102999566398,3,2.5,0,0,D,MXF 1X MIC,2.5µl single drop
2,1,3,4200,3.6232492903979,0,100,0,0,D,MXF 10X MIC,100µl quad
2,2,3,4500,3.65321251377534,0,100,0,0,D,MXF 10X MIC,100µl quad
2,3,3,4900,3.69019608002851,0,100,0,0,D,MXF 10X MIC,100µl quad
2,1,3,3200,3.50514997831991,1,10,0,0,D,MXF 10X MIC,10µl 4 drops
2,2,3,3300,3.51851393987789,1,10,0,0,D,MXF 10X MIC,10µl 4 drops
2,3,3,1900,3.27875360095283,1,10,0,0,D,MXF 10X MIC,10µl 4 drops
2,1,3,2800,3.44715803134222,2,10,0,0,D,MXF 10X MIC,10µl single drop
2,2,3,3000,3.47712125471966,2,10,0,0,D,MXF 10X MIC,10µl single drop
2,3,3,2000,3.30102999566398,2,10,0,0,D,MXF 10X MIC,10µl single drop
2,1,3,6000,3.77815125038364,3,2.5,0,0,D,MXF 10X MIC,2.5µl single drop
2,2,3,1200,3.07918124604762,3,2.5,0,0,D,MXF 10X MIC,2.5µl single drop
2,3,3,6800,3.83250891270624,3,2.5,0,0,D,MXF 10X MIC,2.5µl single drop
3,1,3,2150,3.33243845991561,0,100,0,0,D,INH 1X MIC,100µl quad
3,2,3,2220,3.34635297445064,0,100,0,0,D,INH 1X MIC,100µl quad
3,3,3,2210,3.34439227368511,0,100,0,0,D,INH 1X MIC,100µl quad
3,1,3,3000,3.47712125471966,1,10,0,0,D,INH 1X MIC,10µl 4 drops
3,2,3,1600,3.20411998265592,1,10,0,0,D,INH 1X MIC,10µl 4 drops
3,3,3,1600,3.20411998265592,1,10,0,0,D,INH 1X MIC,10µl 4 drops
3,1,3,1500,3.17609125905568,2,10,0,0,D,INH 1X MIC,10µl single drop
3,2,3,2300,3.36172783601759,2,10,0,0,D,INH 1X MIC,10µl single drop
3,3,3,1600,3.20411998265592,2,10,0,0,D,INH 1X MIC,10µl single drop
3,1,3,4800,3.68124123737559,3,2.5,0,0,D,INH 1X MIC,2.5µl single drop
3,2,3,3600,3.55630250076729,3,2.5,0,0,D,INH 1X MIC,2.5µl single drop
3,3,3,8000,3.90308998699194,3,2.5,0,0,D,INH 1X MIC,2.5µl single drop
4,1,3,1160,3.06445798922692,0,100,0,0,D,INH 10X MIC,100µl quad
4,2,3,1050,3.02118929906994,0,100,0,0,D,INH 10X MIC,100µl quad
4,3,3,610,2.78532983501077,0,100,0,0,D,INH 10X MIC,100µl quad
4,1,3,2000,3.30102999566398,1,10,0,0,D,INH 10X MIC,10µl 4 drops
4,2,3,2700,3.43136376415899,1,10,0,0,D,INH 10X MIC,10µl 4 drops
4,3,3,1800,3.25527250510331,1,10,0,0,D,INH 10X MIC,10µl 4 drops
4,1,3,1800,3.25527250510331,2,10,0,0,D,INH 10X MIC,10µl single drop
4,2,3,1400,3.14612803567824,2,10,0,0,D,INH 10X MIC,10µl single drop
4,3,3,1800,3.25527250510331,2,10,0,0,D,INH 10X MIC,10µl single drop
4,1,3,3600,3.55630250076729,3,2.5,0,0,D,INH 10X MIC,2.5µl single drop
4,2,3,2800,3.44715803134222,3,2.5,0,0,D,INH 10X MIC,2.5µl single drop
4,3,3,800,2.90308998699194,3,2.5,0,0,D,INH 10X MIC,2.5µl single drop
0,1,7,750000,5.8750612633917,0,100,0,0,D,untreated,100µl quad
0,2,7,880000,5.94448267215017,0,100,0,0,D,untreated,100µl quad
0,3,7,1610000,6.20682587603185,0,100,0,0,D,untreated,100µl quad
0,1,7,1500000,6.17609125905568,1,10,0,0,D,untreated,10µl 4 drops
0,2,7,1200000,6.07918124604763,1,10,0,0,D,untreated,10µl 4 drops
0,3,7,1800000,6.25527250510331,1,10,0,0,D,untreated,10µl 4 drops
0,1,7,1300000,6.11394335230684,2,10,0,0,D,untreated,10µl single drop
0,2,7,1200000,6.07918124604763,2,10,0,0,D,untreated,10µl single drop
0,3,7,1900000,6.27875360095283,2,10,0,0,D,untreated,10µl single drop
0,1,7,1200000,6.07918124604763,3,2.5,0,0,D,untreated,2.5µl single drop
0,2,7,800000,5.90308998699194,3,2.5,0,0,D,untreated,2.5µl single drop
0,3,7,3200000,6.50514997831991,3,2.5,0,0,D,untreated,2.5µl single drop
1,1,7,1110000,6.04532297878666,0,100,0,0,D,MXF 1X MIC,100µl quad
1,2,7,1010000,6.00432137378264,0,100,0,0,D,MXF 1X MIC,100µl quad
1,3,7,NA,NA,0,100,0,0,D,MXF 1X MIC,100µl quad
1,1,7,1000000,6,1,10,0,0,D,MXF 1X MIC,10µl 4 drops
1,2,7,1900000,6.27875360095283,1,10,0,0,D,MXF 1X MIC,10µl 4 drops
1,3,7,NA,NA,1,10,0,0,D,MXF 1X MIC,10µl 4 drops
1,1,7,1000000,6,2,10,0,0,D,MXF 1X MIC,10µl single drop
1,2,7,2100000,6.32221929473392,2,10,0,0,D,MXF 1X MIC,10µl single drop
1,3,7,1000000,6,2,10,0,0,D,MXF 1X MIC,10µl single drop
1,1,7,400000,5.60205999132796,3,2.5,0,0,D,MXF 1X MIC,2.5µl single drop
1,2,7,1200000,6.07918124604763,3,2.5,0,0,D,MXF 1X MIC,2.5µl single drop
1,3,7,1200000,6.07918124604763,3,2.5,0,0,D,MXF 1X MIC,2.5µl single drop
2,1,7,3100,3.49136169383427,0,100,0,0,D,MXF 10X MIC,100µl quad
2,2,7,3900,3.5910646070265,0,100,0,0,D,MXF 10X MIC,100µl quad
2,3,7,5300,3.72427586960079,0,100,0,0,D,MXF 10X MIC,100µl quad
2,1,7,700,2.84509804001426,1,10,0,0,D,MXF 10X MIC,10µl 4 drops
2,2,7,300,2.47712125471966,1,10,0,0,D,MXF 10X MIC,10µl 4 drops
2,3,7,500,2.69897000433602,1,10,0,0,D,MXF 10X MIC,10µl 4 drops
2,1,7,3000,3.47712125471966,2,10,0,0,D,MXF 10X MIC,10µl single drop
2,2,7,3300,3.51851393987789,2,10,0,0,D,MXF 10X MIC,10µl single drop
2,3,7,4000,3.60205999132796,2,10,0,0,D,MXF 10X MIC,10µl single drop
2,1,7,800,2.90308998699194,3,2.5,0,0,D,MXF 10X MIC,2.5µl single drop
2,2,7,24000,4.38021124171161,3,2.5,0,0,D,MXF 10X MIC,2.5µl single drop
2,3,7,2400,3.38021124171161,3,2.5,0,0,D,MXF 10X MIC,2.5µl single drop
3,1,7,1700,3.23044892137827,0,100,0,0,D,INH 1X MIC,100µl quad
3,2,7,760,2.88081359228079,0,100,0,0,D,INH 1X MIC,100µl quad
3,3,7,590,2.77085201164214,0,100,0,0,D,INH 1X MIC,100µl quad
3,1,7,500,2.69897000433602,1,10,0,0,D,INH 1X MIC,10µl 4 drops
3,2,7,300,2.47712125471966,1,10,0,0,D,INH 1X MIC,10µl 4 drops
3,3,7,3800,3.57978359661681,1,10,0,0,D,INH 1X MIC,10µl 4 drops
3,1,7,500,2.69897000433602,2,10,0,0,D,INH 1X MIC,10µl single drop
3,2,7,2000,3.30102999566398,2,10,0,0,D,INH 1X MIC,10µl single drop
3,3,7,2000,3.30102999566398,2,10,0,0,D,INH 1X MIC,10µl single drop
3,1,7,3600,3.55630250076729,3,2.5,0,0,D,INH 1X MIC,2.5µl single drop
3,2,7,4000,3.60205999132796,3,2.5,0,0,D,INH 1X MIC,2.5µl single drop
3,3,7,6000,3.77815125038364,3,2.5,0,0,D,INH 1X MIC,2.5µl single drop
4,1,7,170,2.23044892137827,0,100,0,0,D,INH 10X MIC,100µl quad
4,2,7,330,2.51851393987789,0,100,0,0,D,INH 10X MIC,100µl quad
4,3,7,1110,3.04532297878666,0,100,0,0,D,INH 10X MIC,100µl quad
4,1,7,300,2.47712125471966,1,10,0,0,D,INH 10X MIC,10µl 4 drops
4,2,7,NA,NA,1,10,0,0,D,INH 10X MIC,10µl 4 drops
4,3,7,NA,NA,1,10,0,0,D,INH 10X MIC,10µl 4 drops
4,1,7,600,2.77815125038364,2,10,0,0,D,INH 10X MIC,10µl single drop
4,2,7,600,2.77815125038364,2,10,0,0,D,INH 10X MIC,10µl single drop
4,3,7,1400,3.14612803567824,2,10,0,0,D,INH 10X MIC,10µl single drop
4,1,7,4000,3.60205999132796,3,2.5,0,0,D,INH 10X MIC,2.5µl single drop
4,2,7,1600,3.20411998265592,3,2.5,0,0,D,INH 10X MIC,2.5µl single drop
4,3,7,800,2.90308998699194,3,2.5,0,0,D,INH 10X MIC,2.5µl single drop
0,1,10,590000,5.77085201164214,0,100,0,0,D,untreated,100µl quad
0,2,10,1030000,6.01283722470517,0,100,0,0,D,untreated,100µl quad
0,3,10,870000,5.93951925261862,0,100,0,0,D,untreated,100µl quad
0,1,10,460000,5.66275783168157,1,10,0,0,D,untreated,10µl 4 drops
0,2,10,490000,5.69019608002851,1,10,0,0,D,untreated,10µl 4 drops
0,3,10,420000,5.6232492903979,1,10,0,0,D,untreated,10µl 4 drops
0,1,10,400000,5.60205999132796,2,10,0,0,D,untreated,10µl single drop
0,2,10,1000000,6,2,10,0,0,D,untreated,10µl single drop
0,3,10,600000,5.77815125038364,2,10,0,0,D,untreated,10µl single drop
0,1,10,400000,5.60205999132796,3,2.5,0,0,D,untreated,2.5µl single drop
0,2,10,520000,5.7160033436348,3,2.5,0,0,D,untreated,2.5µl single drop
0,3,10,440000,5.64345267648619,3,2.5,0,0,D,untreated,2.5µl single drop
1,1,10,200000,5.30102999566398,0,100,0,0,D,MXF 1X MIC,100µl quad
1,2,10,280000,5.44715803134222,0,100,0,0,D,MXF 1X MIC,100µl quad
1,3,10,630000,5.79934054945358,0,100,0,0,D,MXF 1X MIC,100µl quad
1,1,10,220000,5.34242268082221,1,10,0,0,D,MXF 1X MIC,10µl 4 drops
1,2,10,360000,5.55630250076729,1,10,0,0,D,MXF 1X MIC,10µl 4 drops
1,3,10,390000,5.5910646070265,1,10,0,0,D,MXF 1X MIC,10µl 4 drops
1,1,10,210000,5.32221929473392,2,10,0,0,D,MXF 1X MIC,10µl single drop
1,2,10,240000,5.38021124171161,2,10,0,0,D,MXF 1X MIC,10µl single drop
1,3,10,270000,5.43136376415899,2,10,0,0,D,MXF 1X MIC,10µl single drop
1,1,10,400000,5.60205999132796,3,2.5,0,0,D,MXF 1X MIC,2.5µl single drop
1,2,10,200000,5.30102999566398,3,2.5,0,0,D,MXF 1X MIC,2.5µl single drop
1,3,10,520000,5.7160033436348,3,2.5,0,0,D,MXF 1X MIC,2.5µl single drop
2,1,10,1700,3.23044892137827,0,100,0,0,D,MXF 10X MIC,100µl quad
2,2,10,2000,3.30102999566398,0,100,0,0,D,MXF 10X MIC,100µl quad
2,3,10,1400,3.14612803567824,0,100,0,0,D,MXF 10X MIC,100µl quad
2,1,10,1000,3,1,10,0,0,D,MXF 10X MIC,10µl 4 drops
2,2,10,1000,3,1,10,0,0,D,MXF 10X MIC,10µl 4 drops
2,3,10,2000,3.30102999566398,1,10,0,0,D,MXF 10X MIC,10µl 4 drops
2,1,10,NA,NA,2,10,0,0,D,MXF 10X MIC,10µl single drop
2,2,10,1000,3,2,10,0,0,D,MXF 10X MIC,10µl single drop
2,3,10,1000,3,2,10,0,0,D,MXF 10X MIC,10µl single drop
2,1,10,NA,NA,3,2.5,0,0,D,MXF 10X MIC,2.5µl single drop
2,2,10,NA,NA,3,2.5,0,0,D,MXF 10X MIC,2.5µl single drop
2,3,10,NA,NA,3,2.5,0,0,D,MXF 10X MIC,2.5µl single drop
3,1,10,1300,3.11394335230684,0,100,0,0,D,INH 1X MIC,100µl quad
3,2,10,1300,3.11394335230684,0,100,0,0,D,INH 1X MIC,100µl quad
3,3,10,8900,3.94939000664491,0,100,0,0,D,INH 1X MIC,100µl quad
3,1,10,1000,3,1,10,0,0,D,INH 1X MIC,10µl 4 drops
3,2,10,NA,NA,1,10,0,0,D,INH 1X MIC,10µl 4 drops
3,3,10,1000,3,1,10,0,0,D,INH 1X MIC,10µl 4 drops
3,1,10,NA,NA,2,10,0,1,D,INH 1X MIC,10µl single drop
3,2,10,NA,NA,2,10,0,1,D,INH 1X MIC,10µl single drop
3,3,10,5000,3.69897000433602,2,10,0,0,D,INH 1X MIC,10µl single drop
3,1,10,NA,NA,3,2.5,0,0,D,INH 1X MIC,2.5µl single drop
3,2,10,NA,NA,3,2.5,0,0,D,INH 1X MIC,2.5µl single drop
3,3,10,NA,NA,3,2.5,0,0,D,INH 1X MIC,2.5µl single drop
4,1,10,1000,3,0,100,0,0,D,INH 10X MIC,100µl quad
4,2,10,900,2.95424250943932,0,100,0,0,D,INH 10X MIC,100µl quad
4,3,10,800,2.90308998699194,0,100,0,0,D,INH 10X MIC,100µl quad
4,1,10,1000,3,1,10,0,0,D,INH 10X MIC,10µl 4 drops
4,2,10,3000,3.47712125471966,1,10,0,0,D,INH 10X MIC,10µl 4 drops
4,3,10,3000,3.47712125471966,1,10,0,0,D,INH 10X MIC,10µl 4 drops
4,1,10,1000,3,2,10,0,0,D,INH 10X MIC,10µl single drop
4,2,10,1000,3,2,10,0,0,D,INH 10X MIC,10µl single drop
4,3,10,NA,NA,2,10,0,0,D,INH 10X MIC,10µl single drop
4,1,10,NA,NA,3,2.5,0,0,D,INH 10X MIC,2.5µl single drop
4,2,10,NA,NA,3,2.5,0,0,D,INH 10X MIC,2.5µl single drop
4,3,10,NA,NA,3,2.5,0,0,D,INH 10X MIC,2.5µl single drop
0,1,14,1870000,6.2718416065365,0,100,0,0,D,untreated,100µl quad
0,2,14,1690000,6.22788670461367,0,100,0,0,D,untreated,100µl quad
0,3,14,970000,5.98677173426625,0,100,0,0,D,untreated,100µl quad
0,1,14,1100000,6.04139268515823,1,10,0,0,D,untreated,10µl 4 drops
0,2,14,1500000,6.17609125905568,1,10,0,0,D,untreated,10µl 4 drops
0,3,14,800000,5.90308998699194,1,10,0,0,D,untreated,10µl 4 drops
0,1,14,1700000,6.23044892137827,2,10,0,0,D,untreated,10µl single drop
0,2,14,300000,5.47712125471966,2,10,0,0,D,untreated,10µl single drop
0,3,14,1100000,6.04139268515823,2,10,0,0,D,untreated,10µl single drop
0,1,14,1200000,6.07918124604763,3,2.5,0,0,D,untreated,2.5µl single drop
0,2,14,2000000,6.30102999566398,3,2.5,0,0,D,untreated,2.5µl single drop
0,3,14,NA,NA,3,2.5,0,1,D,untreated,2.5µl single drop
1,1,14,650000,5.81291335664286,0,100,0,0,D,MXF 1X MIC,100µl quad
1,2,14,820000,5.91381385238372,0,100,0,0,D,MXF 1X MIC,100µl quad
1,3,14,1350000,6.13033376849501,0,100,0,0,D,MXF 1X MIC,100µl quad
1,1,14,510000,5.70757017609794,1,10,0,0,D,MXF 1X MIC,10µl 4 drops
1,2,14,560000,5.7481880270062,1,10,0,0,D,MXF 1X MIC,10µl 4 drops
1,3,14,NA,NA,1,10,0,0,D,MXF 1X MIC,10µl 4 drops
1,1,14,800000,5.90308998699194,2,10,0,0,D,MXF 1X MIC,10µl single drop
1,2,14,700000,5.84509804001426,2,10,0,0,D,MXF 1X MIC,10µl single drop
1,3,14,1300000,6.11394335230684,2,10,0,0,D,MXF 1X MIC,10µl single drop
1,1,14,NA,NA,3,2.5,0,1,D,MXF 1X MIC,2.5µl single drop
1,2,14,NA,NA,3,2.5,0,1,D,MXF 1X MIC,2.5µl single drop
1,3,14,800000,5.90308998699194,3,2.5,0,0,D,MXF 1X MIC,2.5µl single drop
2,1,14,1100,3.04139268515822,0,100,0,0,D,MXF 10X MIC,100µl quad
2,2,14,900,2.95424250943932,0,100,0,0,D,MXF 10X MIC,100µl quad
2,3,14,900,2.95424250943932,0,100,0,0,D,MXF 10X MIC,100µl quad
2,1,14,NA,NA,1,10,0,0,D,MXF 10X MIC,10µl 4 drops
2,2,14,NA,NA,1,10,0,0,D,MXF 10X MIC,10µl 4 drops
2,3,14,NA,NA,1,10,0,0,D,MXF 10X MIC,10µl 4 drops
2,1,14,NA,NA,2,10,0,0,D,MXF 10X MIC,10µl single drop
2,2,14,NA,NA,2,10,0,0,D,MXF 10X MIC,10µl single drop
2,3,14,NA,NA,2,10,0,0,D,MXF 10X MIC,10µl single drop
2,1,14,8000,3.90308998699194,3,2.5,0,0,D,MXF 10X MIC,2.5µl single drop
2,2,14,NA,NA,3,2.5,0,1,D,MXF 10X MIC,2.5µl single drop
2,3,14,4000,3.60205999132796,3,2.5,0,0,D,MXF 10X MIC,2.5µl single drop
3,1,14,8200,3.91381385238372,0,100,0,0,D,INH 1X MIC,100µl quad
3,2,14,6100,3.78532983501077,0,100,0,0,D,INH 1X MIC,100µl quad
3,3,14,7900,3.89762709129044,0,100,0,0,D,INH 1X MIC,100µl quad
3,1,14,11000,4.04139268515823,1,10,0,0,D,INH 1X MIC,10µl 4 drops
3,2,14,9000,3.95424250943932,1,10,0,0,D,INH 1X MIC,10µl 4 drops
3,3,14,6000,3.77815125038364,1,10,0,0,D,INH 1X MIC,10µl 4 drops
3,1,14,7000,3.84509804001426,2,10,0,0,D,INH 1X MIC,10µl single drop
3,2,14,5000,3.69897000433602,2,10,0,0,D,INH 1X MIC,10µl single drop
3,3,14,8000,3.90308998699194,2,10,0,0,D,INH 1X MIC,10µl single drop
3,1,14,12000,4.07918124604763,3,2.5,0,0,D,INH 1X MIC,2.5µl single drop
3,2,14,8000,3.90308998699194,3,2.5,0,0,D,INH 1X MIC,2.5µl single drop
3,3,14,8000,3.90308998699194,3,2.5,0,0,D,INH 1X MIC,2.5µl single drop
4,1,14,4900,3.69019608002851,0,100,0,0,D,INH 10X MIC,100µl quad
4,2,14,7100,3.85125834871908,0,100,0,0,D,INH 10X MIC,100µl quad
4,3,14,5600,3.7481880270062,0,100,0,0,D,INH 10X MIC,100µl quad
4,1,14,6000,3.77815125038364,1,10,0,0,D,INH 10X MIC,10µl 4 drops
4,2,14,7000,3.84509804001426,1,10,0,0,D,INH 10X MIC,10µl 4 drops
4,3,14,3000,3.47712125471966,1,10,0,0,D,INH 10X MIC,10µl 4 drops
4,1,14,4000,3.60205999132796,2,10,0,0,D,INH 10X MIC,10µl single drop
4,2,14,7000,3.84509804001426,2,10,0,0,D,INH 10X MIC,10µl single drop
4,3,14,7000,3.84509804001426,2,10,0,0,D,INH 10X MIC,10µl single drop
4,1,14,8000,3.90308998699194,3,2.5,0,0,D,INH 10X MIC,2.5µl single drop
4,2,14,12000,4.07918124604763,3,2.5,0,0,D,INH 10X MIC,2.5µl single drop
4,3,14,4000,3.60205999132796,3,2.5,0,0,D,INH 10X MIC,2.5µl single drop
0,1,21,7600000,6.88081359228079,0,100,0,0,D,untreated,100µl quad
0,2,21,4800000,6.68124123737559,0,100,0,0,D,untreated,100µl quad
0,3,21,4800000,6.68124123737559,0,100,0,0,D,untreated,100µl quad
0,1,21,NA,NA,1,10,0,0,D,untreated,10µl 4 drops
0,2,21,5000000,6.69897000433602,1,10,0,0,D,untreated,10µl 4 drops
0,3,21,3000000,6.47712125471966,1,10,0,0,D,untreated,10µl 4 drops
0,1,21,2000000,6.30102999566398,2,10,0,0,D,untreated,10µl single drop
0,2,21,4000000,6.60205999132796,2,10,0,0,D,untreated,10µl single drop
0,3,21,1600000,6.20411998265593,2,10,0,0,D,untreated,10µl single drop
0,1,21,4800000,6.68124123737559,3,2.5,0,0,D,untreated,2.5µl single drop
0,2,21,4000000,6.60205999132796,3,2.5,0,0,D,untreated,2.5µl single drop
0,3,21,2000000,6.30102999566398,3,2.5,0,0,D,untreated,2.5µl single drop
1,1,21,3000000,6.47712125471966,0,100,0,0,D,MXF 1X MIC,100µl quad
1,2,21,11200000,7.04921802267018,0,100,0,0,D,MXF 1X MIC,100µl quad
1,3,21,1500000,6.17609125905568,0,100,0,0,D,MXF 1X MIC,100µl quad
1,1,21,1200000,6.07918124604763,1,10,0,0,D,MXF 1X MIC,10µl 4 drops
1,2,21,700000,5.84509804001426,1,10,0,0,D,MXF 1X MIC,10µl 4 drops
1,3,21,2200000,6.34242268082221,1,10,0,0,D,MXF 1X MIC,10µl 4 drops
1,1,21,600000,5.77815125038364,2,10,0,0,D,MXF 1X MIC,10µl single drop
1,2,21,1700000,6.23044892137827,2,10,0,0,D,MXF 1X MIC,10µl single drop
1,3,21,1900000,6.27875360095283,2,10,0,0,D,MXF 1X MIC,10µl single drop
1,1,21,1600000,6.20411998265593,3,2.5,0,0,D,MXF 1X MIC,2.5µl single drop
1,2,21,NA,NA,3,2.5,0,1,D,MXF 1X MIC,2.5µl single drop
1,3,21,1200000,6.07918124604763,3,2.5,0,0,D,MXF 1X MIC,2.5µl single drop
2,1,21,96000,4.98227123303957,0,100,0,0,D,MXF 10X MIC,100µl quad
2,2,21,9000,3.95424250943932,0,100,0,0,D,MXF 10X MIC,100µl quad
2,3,21,77000,4.88649072517248,0,100,0,0,D,MXF 10X MIC,100µl quad
2,1,21,40000,4.60205999132796,1,10,0,0,D,MXF 10X MIC,10µl 4 drops
2,2,21,10000,4,1,10,0,0,D,MXF 10X MIC,10µl 4 drops
2,3,21,80000,4.90308998699194,1,10,0,0,D,MXF 10X MIC,10µl 4 drops
2,1,21,50000,4.69897000433602,2,10,0,0,D,MXF 10X MIC,10µl single drop
2,2,21,NA,NA,2,10,0,0,D,MXF 10X MIC,10µl single drop
2,3,21,90000,4.95424250943933,2,10,0,0,D,MXF 10X MIC,10µl single drop
2,1,21,40000,4.60205999132796,3,2.5,0,0,D,MXF 10X MIC,2.5µl single drop
2,2,21,NA,NA,3,2.5,0,1,D,MXF 10X MIC,2.5µl single drop
2,3,21,160000,5.20411998265593,3,2.5,0,0,D,MXF 10X MIC,2.5µl single drop
3,1,21,113000,5.05307844348342,0,100,0,0,D,INH 1X MIC,100µl quad
3,2,21,NA,NA,0,100,0,0,D,INH 1X MIC,100µl quad
3,3,21,182000,5.26007138798508,0,100,0,0,D,INH 1X MIC,100µl quad
3,1,21,150000,5.17609125905568,1,10,0,0,D,INH 1X MIC,10µl 4 drops
3,2,21,NA,NA,1,10,0,0,D,INH 1X MIC,10µl 4 drops
3,3,21,100000,5,1,10,0,0,D,INH 1X MIC,10µl 4 drops
3,1,21,170000,5.23044892137827,2,10,0,0,D,INH 1X MIC,10µl single drop
3,2,21,1600000,6.20411998265593,2,10,0,0,D,INH 1X MIC,10µl single drop
3,3,21,130000,5.11394335230684,2,10,0,0,D,INH 1X MIC,10µl single drop
3,1,21,80000,4.90308998699194,3,2.5,0,0,D,INH 1X MIC,2.5µl single drop
3,2,21,NA,NA,3,2.5,0,0,D,INH 1X MIC,2.5µl single drop
3,3,21,40000,4.60205999132796,3,2.5,0,0,D,INH 1X MIC,2.5µl single drop
4,1,21,85000,4.92941892571429,0,100,0,0,D,INH 10X MIC,100µl quad
4,2,21,120000,5.07918124604763,0,100,0,0,D,INH 10X MIC,100µl quad
4,3,21,210000,5.32221929473392,0,100,0,0,D,INH 10X MIC,100µl quad
4,1,21,130000,5.11394335230684,1,10,0,0,D,INH 10X MIC,10µl 4 drops
4,2,21,90000,4.95424250943933,1,10,0,0,D,INH 10X MIC,10µl 4 drops
4,3,21,110000,5.04139268515823,1,10,0,0,D,INH 10X MIC,10µl 4 drops
4,1,21,180000,5.25527250510331,2,10,0,0,D,INH 10X MIC,10µl single drop
4,2,21,60000,4.77815125038364,2,10,0,0,D,INH 10X MIC,10µl single drop
4,3,21,110000,5.04139268515823,2,10,0,0,D,INH 10X MIC,10µl single drop
4,1,21,560000,5.7481880270062,3,2.5,0,0,D,INH 10X MIC,2.5µl single drop
4,2,21,280000,5.44715803134222,3,2.5,0,0,D,INH 10X MIC,2.5µl single drop
4,3,21,240000,5.38021124171161,3,2.5,0,0,D,INH 10X MIC,2.5µl single drop
0,1,-3,5400,3.73239375982297,0,100,0,0,E,Inoculum TKA,100µl quad
0,2,-3,6200,3.79239168949825,0,100,0,0,E,Inoculum TKA,100µl quad
0,3,-3,4800,3.68124123737559,0,100,0,0,E,Inoculum TKA,100µl quad
0,1,-3,3400,3.53147891704225,1,10,0,0,E,Inoculum TKA,10µl 4 drops
0,2,-3,3500,3.54406804435028,1,10,0,0,E,Inoculum TKA,10µl 4 drops
0,3,-3,4200,3.6232492903979,1,10,0,0,E,Inoculum TKA,10µl 4 drops
0,1,-3,2700,3.43136376415899,2,10,0,0,E,Inoculum TKA,10µl single drop
0,2,-3,3100,3.49136169383427,2,10,0,0,E,Inoculum TKA,10µl single drop
0,3,-3,1900,3.27875360095283,2,10,0,0,E,Inoculum TKA,10µl single drop
0,1,-3,2800,3.44715803134222,3,2.5,0,0,E,Inoculum TKA,2.5µl single drop
0,2,-3,2800,3.44715803134222,3,2.5,0,0,E,Inoculum TKA,2.5µl single drop
0,3,-3,4000,3.60205999132796,3,2.5,0,0,E,Inoculum TKA,2.5µl single drop
0,1,0,150000,5.17609125905568,0,100,0,0,E,Inoculum TKA,100µl quad
0,2,0,80000,4.90308998699194,0,100,0,0,E,Inoculum TKA,100µl quad
0,3,0,150000,5.17609125905568,0,100,0,0,E,Inoculum TKA,100µl quad
0,1,0,240000,5.38021124171161,1,10,0,0,E,Inoculum TKA,10µl 4 drops
0,2,0,230000,5.36172783601759,1,10,0,0,E,Inoculum TKA,10µl 4 drops
0,3,0,270000,5.43136376415899,1,10,0,0,E,Inoculum TKA,10µl 4 drops
0,1,0,190000,5.27875360095283,2,10,0,0,E,Inoculum TKA,10µl single drop
0,2,0,100000,5,2,10,0,0,E,Inoculum TKA,10µl single drop
0,3,0,220000,5.34242268082221,2,10,0,0,E,Inoculum TKA,10µl single drop
0,1,0,96000,4.98227123303957,3,2.5,0,0,E,Inoculum TKA,2.5µl single drop
0,2,0,96000,4.98227123303957,3,2.5,0,0,E,Inoculum TKA,2.5µl single drop
0,3,0,60000,4.77815125038364,3,2.5,0,0,E,Inoculum TKA,2.5µl single drop
0,1,1,370000,5.56820172406699,0,100,0,0,E,untreated,100µl quad
0,2,1,NA,NA,0,100,0,0,E,untreated,100µl quad
0,3,1,NA,NA,0,100,0,0,E,untreated,100µl quad
0,1,1,340000,5.53147891704226,1,10,0,0,E,untreated,10µl 4 drops
0,2,1,430000,5.63346845557959,1,10,0,0,E,untreated,10µl 4 drops
0,3,1,240000,5.38021124171161,1,10,0,0,E,untreated,10µl 4 drops
0,1,1,150000,5.17609125905568,2,10,0,0,E,untreated,10µl single drop
0,2,1,210000,5.32221929473392,2,10,0,0,E,untreated,10µl single drop
0,3,1,140000,5.14612803567824,2,10,0,0,E,untreated,10µl single drop
0,1,1,160000,5.20411998265593,3,2.5,0,0,E,untreated,2.5µl single drop
0,2,1,240000,5.38021124171161,3,2.5,0,0,E,untreated,2.5µl single drop
0,3,1,280000,5.44715803134222,3,2.5,0,0,E,untreated,2.5µl single drop
1,1,1,410000,5.61278385671974,0,100,0,0,E,MXF 1X MIC,100µl quad
1,2,1,210000,5.32221929473392,0,100,0,0,E,MXF 1X MIC,100µl quad
1,3,1,260000,5.41497334797082,0,100,0,0,E,MXF 1X MIC,100µl quad
1,1,1,250000,5.39794000867204,1,10,0,0,E,MXF 1X MIC,10µl 4 drops
1,2,1,220000,5.34242268082221,1,10,0,0,E,MXF 1X MIC,10µl 4 drops
1,3,1,400000,5.60205999132796,1,10,0,0,E,MXF 1X MIC,10µl 4 drops
1,1,1,210000,5.32221929473392,2,10,0,0,E,MXF 1X MIC,10µl single drop
1,2,1,240000,5.38021124171161,2,10,0,0,E,MXF 1X MIC,10µl single drop
1,3,1,380000,5.57978359661681,2,10,0,0,E,MXF 1X MIC,10µl single drop
1,1,1,360000,5.55630250076729,3,2.5,0,0,E,MXF 1X MIC,2.5µl single drop
1,2,1,320000,5.50514997831991,3,2.5,0,0,E,MXF 1X MIC,2.5µl single drop
1,3,1,120000,5.07918124604763,3,2.5,0,0,E,MXF 1X MIC,2.5µl single drop
2,1,1,37000,4.56820172406699,0,100,0,0,E,MXF 10X MIC,100µl quad
2,2,1,60000,4.77815125038364,0,100,0,0,E,MXF 10X MIC,100µl quad
2,3,1,52000,4.7160033436348,0,100,0,0,E,MXF 10X MIC,100µl quad
2,1,1,61000,4.78532983501077,1,10,0,0,E,MXF 10X MIC,10µl 4 drops
2,2,1,75000,4.8750612633917,1,10,0,0,E,MXF 10X MIC,10µl 4 drops
2,3,1,72000,4.85733249643127,1,10,0,0,E,MXF 10X MIC,10µl 4 drops
2,1,1,120000,5.07918124604763,2,10,0,0,E,MXF 10X MIC,10µl single drop
2,2,1,50000,4.69897000433602,2,10,0,0,E,MXF 10X MIC,10µl single drop
2,3,1,90000,4.95424250943933,2,10,0,0,E,MXF 10X MIC,10µl single drop
2,1,1,240000,5.38021124171161,3,2.5,0,0,E,MXF 10X MIC,2.5µl single drop
2,2,1,320000,5.50514997831991,3,2.5,0,0,E,MXF 10X MIC,2.5µl single drop
2,3,1,120000,5.07918124604763,3,2.5,0,0,E,MXF 10X MIC,2.5µl single drop
3,1,1,66000,4.81954393554187,0,100,0,0,E,INH 1X MIC,100µl quad
3,2,1,38000,4.57978359661681,0,100,0,0,E,INH 1X MIC,100µl quad
3,3,1,54000,4.73239375982297,0,100,0,0,E,INH 1X MIC,100µl quad
3,1,1,110000,5.04139268515823,1,10,0,0,E,INH 1X MIC,10µl 4 drops
3,2,1,110000,5.04139268515823,1,10,0,0,E,INH 1X MIC,10µl 4 drops
3,3,1,110000,5.04139268515823,1,10,0,0,E,INH 1X MIC,10µl 4 drops
3,1,1,100000,5,2,10,0,0,E,INH 1X MIC,10µl single drop
3,2,1,60000,4.77815125038364,2,10,0,0,E,INH 1X MIC,10µl single drop
3,3,1,160000,5.20411998265593,2,10,0,0,E,INH 1X MIC,10µl single drop
3,1,1,48000,4.68124123737559,3,2.5,0,0,E,INH 1X MIC,2.5µl single drop
3,2,1,64000,4.80617997398389,3,2.5,0,0,E,INH 1X MIC,2.5µl single drop
3,3,1,52000,4.7160033436348,3,2.5,0,0,E,INH 1X MIC,2.5µl single drop
4,1,1,35000,4.54406804435028,0,100,0,0,E,INH 10X MIC,100µl quad
4,2,1,47000,4.67209785793572,0,100,0,0,E,INH 10X MIC,100µl quad
4,3,1,47000,4.67209785793572,0,100,0,0,E,INH 10X MIC,100µl quad
4,1,1,50000,4.69897000433602,1,10,0,0,E,INH 10X MIC,10µl 4 drops
4,2,1,64000,4.80617997398389,1,10,0,0,E,INH 10X MIC,10µl 4 drops
4,3,1,54000,4.73239375982297,1,10,0,0,E,INH 10X MIC,10µl 4 drops
4,1,1,60000,4.77815125038364,2,10,0,0,E,INH 10X MIC,10µl single drop
4,2,1,30000,4.47712125471966,2,10,0,0,E,INH 10X MIC,10µl single drop
4,3,1,30000,4.47712125471966,2,10,0,0,E,INH 10X MIC,10µl single drop
4,1,1,40000,4.60205999132796,3,2.5,0,0,E,INH 10X MIC,2.5µl single drop
4,2,1,56000,4.7481880270062,3,2.5,0,0,E,INH 10X MIC,2.5µl single drop
4,3,1,44000,4.64345267648619,3,2.5,0,0,E,INH 10X MIC,2.5µl single drop
0,1,2,170000,5.23044892137827,0,100,0,0,E,untreated,100µl quad
0,2,2,170000,5.23044892137827,0,100,0,0,E,untreated,100µl quad
0,3,2,50000,4.69897000433602,0,100,0,0,E,untreated,100µl quad
0,1,2,290000,5.46239799789896,1,10,0,0,E,untreated,10µl 4 drops
0,2,2,210000,5.32221929473392,1,10,0,0,E,untreated,10µl 4 drops
0,3,2,220000,5.34242268082221,1,10,0,0,E,untreated,10µl 4 drops
0,1,2,210000,5.32221929473392,2,10,0,0,E,untreated,10µl single drop
0,2,2,70000,4.84509804001426,2,10,0,0,E,untreated,10µl single drop
0,3,2,110000,5.04139268515823,2,10,0,0,E,untreated,10µl single drop
0,1,2,240000,5.38021124171161,3,2.5,0,0,E,untreated,2.5µl single drop
0,2,2,160000,5.20411998265593,3,2.5,0,0,E,untreated,2.5µl single drop
0,3,2,160000,5.20411998265593,3,2.5,0,0,E,untreated,2.5µl single drop
1,1,2,85000,4.92941892571429,0,100,0,0,E,MXF 1X MIC,100µl quad
1,2,2,64000,4.80617997398389,0,100,0,0,E,MXF 1X MIC,100µl quad
1,3,2,65000,4.81291335664286,0,100,0,0,E,MXF 1X MIC,100µl quad
1,1,2,100000,5,1,10,0,0,E,MXF 1X MIC,10µl 4 drops
1,2,2,150000,5.17609125905568,1,10,0,0,E,MXF 1X MIC,10µl 4 drops
1,3,2,110000,5.04139268515823,1,10,0,0,E,MXF 1X MIC,10µl 4 drops
1,1,2,200000,5.30102999566398,2,10,0,0,E,MXF 1X MIC,10µl single drop
1,2,2,80000,4.90308998699194,2,10,0,0,E,MXF 1X MIC,10µl single drop
1,3,2,60000,4.77815125038364,2,10,0,0,E,MXF 1X MIC,10µl single drop
1,1,2,280000,5.44715803134222,3,2.5,0,0,E,MXF 1X MIC,2.5µl single drop
1,2,2,80000,4.90308998699194,3,2.5,0,0,E,MXF 1X MIC,2.5µl single drop
1,3,2,160000,5.20411998265593,3,2.5,0,0,E,MXF 1X MIC,2.5µl single drop
2,1,2,20000,4.30102999566398,0,100,0,0,E,MXF 10X MIC,100µl quad
2,2,2,14000,4.14612803567824,0,100,0,0,E,MXF 10X MIC,100µl quad
2,3,2,18000,4.25527250510331,0,100,0,0,E,MXF 10X MIC,100µl quad
2,1,2,55000,4.74036268949424,1,10,0,0,E,MXF 10X MIC,10µl 4 drops
2,2,2,51000,4.70757017609794,1,10,0,0,E,MXF 10X MIC,10µl 4 drops
2,3,2,33000,4.51851393987789,1,10,0,0,E,MXF 10X MIC,10µl 4 drops
2,1,2,36000,4.55630250076729,2,10,0,0,E,MXF 10X MIC,10µl single drop
2,2,2,17000,4.23044892137827,2,10,0,0,E,MXF 10X MIC,10µl single drop
2,3,2,35000,4.54406804435028,2,10,0,0,E,MXF 10X MIC,10µl single drop
2,1,2,40000,4.60205999132796,3,2.5,0,0,E,MXF 10X MIC,2.5µl single drop
2,2,2,4000,3.60205999132796,3,2.5,0,0,E,MXF 10X MIC,2.5µl single drop
2,3,2,24000,4.38021124171161,3,2.5,0,0,E,MXF 10X MIC,2.5µl single drop
3,1,2,60000,4.77815125038364,0,100,0,0,E,INH 1X MIC,100µl quad
3,2,2,69000,4.83884909073726,0,100,0,0,E,INH 1X MIC,100µl quad
3,3,2,64000,4.80617997398389,0,100,0,0,E,INH 1X MIC,100µl quad
3,1,2,45000,4.65321251377534,1,10,0,0,E,INH 1X MIC,10µl 4 drops
3,2,2,80000,4.90308998699194,1,10,0,0,E,INH 1X MIC,10µl 4 drops
3,3,2,65000,4.81291335664286,1,10,0,0,E,INH 1X MIC,10µl 4 drops
3,1,2,41000,4.61278385671974,2,10,0,0,E,INH 1X MIC,10µl single drop
3,2,2,77000,4.88649072517248,2,10,0,0,E,INH 1X MIC,10µl single drop
3,3,2,30000,4.47712125471966,2,10,0,0,E,INH 1X MIC,10µl single drop
3,1,2,12000,4.07918124604763,3,2.5,0,0,E,INH 1X MIC,2.5µl single drop
3,2,2,20000,4.30102999566398,3,2.5,0,0,E,INH 1X MIC,2.5µl single drop
3,3,2,16000,4.20411998265593,3,2.5,0,0,E,INH 1X MIC,2.5µl single drop
4,1,2,52000,4.7160033436348,0,100,0,0,E,INH 10X MIC,100µl quad
4,2,2,20000,4.30102999566398,0,100,0,0,E,INH 10X MIC,100µl quad
4,3,2,21000,4.32221929473392,0,100,0,0,E,INH 10X MIC,100µl quad
4,1,2,29000,4.46239799789896,1,10,0,0,E,INH 10X MIC,10µl 4 drops
4,2,2,29000,4.46239799789896,1,10,0,0,E,INH 10X MIC,10µl 4 drops
4,3,2,39000,4.5910646070265,1,10,0,0,E,INH 10X MIC,10µl 4 drops
4,1,2,26000,4.41497334797082,2,10,0,0,E,INH 10X MIC,10µl single drop
4,2,2,27000,4.43136376415899,2,10,0,0,E,INH 10X MIC,10µl single drop
4,3,2,16000,4.20411998265593,2,10,0,0,E,INH 10X MIC,10µl single drop
4,1,2,NA,NA,3,2.5,0,0,E,INH 10X MIC,2.5µl single drop
4,2,2,NA,NA,3,2.5,0,0,E,INH 10X MIC,2.5µl single drop
4,3,2,NA,NA,3,2.5,0,0,E,INH 10X MIC,2.5µl single drop
0,1,3,1900000,6.27875360095283,0,100,0,0,E,untreated,100µl quad
0,2,3,1200000,6.07918124604763,0,100,0,0,E,untreated,100µl quad
0,3,3,1900000,6.27875360095283,0,100,0,0,E,untreated,100µl quad
0,1,3,1900000,6.27875360095283,1,10,0,0,E,untreated,10µl 4 drops
0,2,3,2300000,6.36172783601759,1,10,0,0,E,untreated,10µl 4 drops
0,3,3,3200000,6.50514997831991,1,10,0,0,E,untreated,10µl 4 drops
0,1,3,3000000,6.47712125471966,2,10,0,0,E,untreated,10µl single drop
0,2,3,1400000,6.14612803567824,2,10,0,0,E,untreated,10µl single drop
0,3,3,2900000,6.46239799789896,2,10,0,0,E,untreated,10µl single drop
0,1,3,1160000,6.06445798922692,3,2.5,0,0,E,untreated,2.5µl single drop
0,2,3,640000,5.80617997398389,3,2.5,0,0,E,untreated,2.5µl single drop
0,3,3,960000,5.98227123303957,3,2.5,0,0,E,untreated,2.5µl single drop
1,1,3,440000,5.64345267648619,0,100,0,0,E,MXF 1X MIC,100µl quad
1,2,3,640000,5.80617997398389,0,100,0,0,E,MXF 1X MIC,100µl quad
1,3,3,600000,5.77815125038364,0,100,0,0,E,MXF 1X MIC,100µl quad
1,1,3,470000,5.67209785793572,1,10,0,0,E,MXF 1X MIC,10µl 4 drops
1,2,3,550000,5.74036268949424,1,10,0,0,E,MXF 1X MIC,10µl 4 drops
1,3,3,440000,5.64345267648619,1,10,0,0,E,MXF 1X MIC,10µl 4 drops
1,1,3,280000,5.44715803134222,2,10,0,0,E,MXF 1X MIC,10µl single drop
1,2,3,340000,5.53147891704226,2,10,0,0,E,MXF 1X MIC,10µl single drop
1,3,3,260000,5.41497334797082,2,10,0,0,E,MXF 1X MIC,10µl single drop
1,1,3,320000,5.50514997831991,3,2.5,0,0,E,MXF 1X MIC,2.5µl single drop
1,2,3,320000,5.50514997831991,3,2.5,0,0,E,MXF 1X MIC,2.5µl single drop
1,3,3,480000,5.68124123737559,3,2.5,0,0,E,MXF 1X MIC,2.5µl single drop
2,1,3,38000,4.57978359661681,0,100,0,0,E,MXF 10X MIC,100µl quad
2,2,3,57000,4.75587485567249,0,100,0,0,E,MXF 10X MIC,100µl quad
2,3,3,44000,4.64345267648619,0,100,0,0,E,MXF 10X MIC,100µl quad
2,1,3,42000,4.6232492903979,1,10,0,0,E,MXF 10X MIC,10µl 4 drops
2,2,3,44000,4.64345267648619,1,10,0,0,E,MXF 10X MIC,10µl 4 drops
2,3,3,43000,4.63346845557959,1,10,0,0,E,MXF 10X MIC,10µl 4 drops
2,1,3,25000,4.39794000867204,2,10,0,0,E,MXF 10X MIC,10µl single drop
2,2,3,42000,4.6232492903979,2,10,0,0,E,MXF 10X MIC,10µl single drop
2,3,3,20000,4.30102999566398,2,10,0,0,E,MXF 10X MIC,10µl single drop
2,1,3,48000,4.68124123737559,3,2.5,0,0,E,MXF 10X MIC,2.5µl single drop
2,2,3,20000,4.30102999566398,3,2.5,0,0,E,MXF 10X MIC,2.5µl single drop
2,3,3,NA,NA,3,2.5,0,1,E,MXF 10X MIC,2.5µl single drop
3,1,3,36000,4.55630250076729,0,100,0,0,E,INH 1X MIC,100µl quad
3,2,3,33000,4.51851393987789,0,100,0,0,E,INH 1X MIC,100µl quad
3,3,3,35000,4.54406804435028,0,100,0,0,E,INH 1X MIC,100µl quad
3,1,3,20000,4.30102999566398,1,10,0,0,E,INH 1X MIC,10µl 4 drops
3,2,3,22000,4.34242268082221,1,10,0,0,E,INH 1X MIC,10µl 4 drops
3,3,3,18000,4.25527250510331,1,10,0,0,E,INH 1X MIC,10µl 4 drops
3,1,3,20000,4.30102999566398,2,10,0,0,E,INH 1X MIC,10µl single drop
3,2,3,31000,4.49136169383427,2,10,0,0,E,INH 1X MIC,10µl single drop
3,3,3,26000,4.41497334797082,2,10,0,0,E,INH 1X MIC,10µl single drop
3,1,3,16000,4.20411998265593,3,2.5,0,0,E,INH 1X MIC,2.5µl single drop
3,2,3,20000,4.30102999566398,3,2.5,0,0,E,INH 1X MIC,2.5µl single drop
3,3,3,28000,4.44715803134222,3,2.5,0,0,E,INH 1X MIC,2.5µl single drop
4,1,3,14000,4.14612803567824,0,100,0,0,E,INH 10X MIC,100µl quad
4,2,3,20000,4.30102999566398,0,100,0,0,E,INH 10X MIC,100µl quad
4,3,3,12000,4.07918124604763,0,100,0,0,E,INH 10X MIC,100µl quad
4,1,3,26000,4.41497334797082,1,10,0,0,E,INH 10X MIC,10µl 4 drops
4,2,3,46000,4.66275783168157,1,10,0,0,E,INH 10X MIC,10µl 4 drops
4,3,3,45000,4.65321251377534,1,10,0,0,E,INH 10X MIC,10µl 4 drops
4,1,3,19000,4.27875360095283,2,10,0,0,E,INH 10X MIC,10µl single drop
4,2,3,17000,4.23044892137827,2,10,0,0,E,INH 10X MIC,10µl single drop
4,3,3,23000,4.36172783601759,2,10,0,0,E,INH 10X MIC,10µl single drop
4,1,3,10800,4.03342375548695,3,2.5,0,0,E,INH 10X MIC,2.5µl single drop
4,2,3,11600,4.06445798922692,3,2.5,0,0,E,INH 10X MIC,2.5µl single drop
4,3,3,10800,4.03342375548695,3,2.5,0,0,E,INH 10X MIC,2.5µl single drop
0,1,7,5000000,6.69897000433602,0,100,0,0,E,untreated,100µl quad
0,2,7,4500000,6.65321251377534,0,100,0,0,E,untreated,100µl quad
0,3,7,3100000,6.49136169383427,0,100,0,0,E,untreated,100µl quad
0,1,7,3400000,6.53147891704226,1,10,0,0,E,untreated,10µl 4 drops
0,2,7,4400000,6.64345267648619,1,10,0,0,E,untreated,10µl 4 drops
0,3,7,3500000,6.54406804435028,1,10,0,0,E,untreated,10µl 4 drops
0,1,7,2300000,6.36172783601759,2,10,0,0,E,untreated,10µl single drop
0,2,7,3000000,6.47712125471966,2,10,0,0,E,untreated,10µl single drop
0,3,7,3000000,6.47712125471966,2,10,0,0,E,untreated,10µl single drop
0,1,7,920000,5.96378782734556,3,2.5,0,0,E,untreated,2.5µl single drop
0,2,7,1680000,6.22530928172586,3,2.5,0,0,E,untreated,2.5µl single drop
0,3,7,1760000,6.24551266781415,3,2.5,0,0,E,untreated,2.5µl single drop
1,1,7,1000000,6,0,100,0,0,E,MXF 1X MIC,100µl quad
1,2,7,1010000,6.00432137378264,0,100,0,0,E,MXF 1X MIC,100µl quad
1,3,7,NA,NA,0,100,0,0,E,MXF 1X MIC,100µl quad
1,1,7,2100000,6.32221929473392,1,10,0,0,E,MXF 1X MIC,10µl 4 drops
1,2,7,4100000,6.61278385671974,1,10,0,0,E,MXF 1X MIC,10µl 4 drops
1,3,7,2900000,6.46239799789896,1,10,0,0,E,MXF 1X MIC,10µl 4 drops
1,1,7,2000000,6.30102999566398,2,10,0,0,E,MXF 1X MIC,10µl single drop
1,2,7,2300000,6.36172783601759,2,10,0,0,E,MXF 1X MIC,10µl single drop
1,3,7,1900000,6.27875360095283,2,10,0,0,E,MXF 1X MIC,10µl single drop
1,1,7,2080000,6.31806333496276,3,2.5,0,0,E,MXF 1X MIC,2.5µl single drop
1,2,7,1560000,6.19312459835446,3,2.5,0,0,E,MXF 1X MIC,2.5µl single drop
1,3,7,80000,4.90308998699194,3,2.5,0,0,E,MXF 1X MIC,2.5µl single drop
2,1,7,9600,3.98227123303957,0,100,0,0,E,MXF 10X MIC,100µl quad
2,2,7,8000,3.90308998699194,0,100,0,0,E,MXF 10X MIC,100µl quad
2,3,7,10800,4.03342375548695,0,100,0,0,E,MXF 10X MIC,100µl quad
2,1,7,30000,4.47712125471966,1,10,0,0,E,MXF 10X MIC,10µl 4 drops
2,2,7,36000,4.55630250076729,1,10,0,0,E,MXF 10X MIC,10µl 4 drops
2,3,7,30000,4.47712125471966,1,10,0,0,E,MXF 10X MIC,10µl 4 drops
2,1,7,22000,4.34242268082221,2,10,0,0,E,MXF 10X MIC,10µl single drop
2,2,7,14000,4.14612803567824,2,10,0,0,E,MXF 10X MIC,10µl single drop
2,3,7,15000,4.17609125905568,2,10,0,0,E,MXF 10X MIC,10µl single drop
2,1,7,10400,4.01703333929878,3,2.5,0,0,E,MXF 10X MIC,2.5µl single drop
2,2,7,4800,3.68124123737559,3,2.5,0,0,E,MXF 10X MIC,2.5µl single drop
2,3,7,17600,4.24551266781415,3,2.5,0,0,E,MXF 10X MIC,2.5µl single drop
3,1,7,16000,4.20411998265593,0,100,0,0,E,INH 1X MIC,100µl quad
3,2,7,9000,3.95424250943932,0,100,0,0,E,INH 1X MIC,100µl quad
3,3,7,8000,3.90308998699194,0,100,0,0,E,INH 1X MIC,100µl quad
3,1,7,18000,4.25527250510331,1,10,0,0,E,INH 1X MIC,10µl 4 drops
3,2,7,16000,4.20411998265593,1,10,0,0,E,INH 1X MIC,10µl 4 drops
3,3,7,21000,4.32221929473392,1,10,0,0,E,INH 1X MIC,10µl 4 drops
3,1,7,10000,4,2,10,0,0,E,INH 1X MIC,10µl single drop
3,2,7,9000,3.95424250943932,2,10,0,0,E,INH 1X MIC,10µl single drop
3,3,7,8000,3.90308998699194,2,10,0,0,E,INH 1X MIC,10µl single drop
3,1,7,6000,3.77815125038364,3,2.5,0,0,E,INH 1X MIC,2.5µl single drop
3,2,7,8400,3.92427928606188,3,2.5,0,0,E,INH 1X MIC,2.5µl single drop
3,3,7,7600,3.88081359228079,3,2.5,0,0,E,INH 1X MIC,2.5µl single drop
4,1,7,1600,3.20411998265592,0,100,0,0,E,INH 10X MIC,100µl quad
4,2,7,1100,3.04139268515822,0,100,0,0,E,INH 10X MIC,100µl quad
4,3,7,1000,3,0,100,0,0,E,INH 10X MIC,100µl quad
4,1,7,3000,3.47712125471966,1,10,0,0,E,INH 10X MIC,10µl 4 drops
4,2,7,6300,3.79934054945358,1,10,0,0,E,INH 10X MIC,10µl 4 drops
4,3,7,5600,3.7481880270062,1,10,0,0,E,INH 10X MIC,10µl 4 drops
4,1,7,3200,3.50514997831991,2,10,0,0,E,INH 10X MIC,10µl single drop
4,2,7,1500,3.17609125905568,2,10,0,0,E,INH 10X MIC,10µl single drop
4,3,7,2800,3.44715803134222,2,10,0,0,E,INH 10X MIC,10µl single drop
4,1,7,2400,3.38021124171161,3,2.5,0,0,E,INH 10X MIC,2.5µl single drop
4,2,7,3200,3.50514997831991,3,2.5,0,0,E,INH 10X MIC,2.5µl single drop
4,3,7,1200,3.07918124604762,3,2.5,0,0,E,INH 10X MIC,2.5µl single drop
0,1,10,6400000,6.80617997398389,0,100,0,0,E,untreated,100µl quad
0,2,10,4900000,6.69019608002851,0,100,0,0,E,untreated,100µl quad
0,3,10,7700000,6.88649072517248,0,100,0,0,E,untreated,100µl quad
0,1,10,11000000,7.04139268515823,1,10,0,0,E,untreated,10µl 4 drops
0,2,10,18000000,7.25527250510331,1,10,0,0,E,untreated,10µl 4 drops
0,3,10,18000000,7.25527250510331,1,10,0,0,E,untreated,10µl 4 drops
0,1,10,14000000,7.14612803567824,2,10,0,0,E,untreated,10µl single drop
0,2,10,18000000,7.25527250510331,2,10,0,0,E,untreated,10µl single drop
0,3,10,15000000,7.17609125905568,2,10,0,0,E,untreated,10µl single drop
0,1,10,10000000,7,3,2.5,0,0,E,untreated,2.5µl single drop
0,2,10,14000000,7.14612803567824,3,2.5,0,0,E,untreated,2.5µl single drop
0,3,10,12000000,7.07918124604763,3,2.5,0,0,E,untreated,2.5µl single drop
1,1,10,2800000,6.44715803134222,0,100,0,0,E,MXF 1X MIC,100µl quad
1,2,10,1500000,6.17609125905568,0,100,0,0,E,MXF 1X MIC,100µl quad
1,3,10,2600000,6.41497334797082,0,100,0,0,E,MXF 1X MIC,100µl quad
1,1,10,2400000,6.38021124171161,1,10,0,0,E,MXF 1X MIC,10µl 4 drops
1,2,10,2400000,6.38021124171161,1,10,0,0,E,MXF 1X MIC,10µl 4 drops
1,3,10,NA,NA,1,10,0,0,E,MXF 1X MIC,10µl 4 drops
1,1,10,3200000,6.50514997831991,2,10,0,0,E,MXF 1X MIC,10µl single drop
1,2,10,2700000,6.43136376415899,2,10,0,0,E,MXF 1X MIC,10µl single drop
1,3,10,2800000,6.44715803134222,2,10,0,0,E,MXF 1X MIC,10µl single drop
1,1,10,5200000,6.7160033436348,3,2.5,0,0,E,MXF 1X MIC,2.5µl single drop
1,2,10,6400000,6.80617997398389,3,2.5,0,0,E,MXF 1X MIC,2.5µl single drop
1,3,10,5600000,6.7481880270062,3,2.5,0,0,E,MXF 1X MIC,2.5µl single drop
2,1,10,4600,3.66275783168157,0,100,0,0,E,MXF 10X MIC,100µl quad
2,2,10,5100,3.70757017609794,0,100,0,0,E,MXF 10X MIC,100µl quad
2,3,10,4400,3.64345267648619,0,100,0,0,E,MXF 10X MIC,100µl quad
2,1,10,8200,3.91381385238372,1,10,0,0,E,MXF 10X MIC,10µl 4 drops
2,2,10,8000,3.90308998699194,1,10,0,0,E,MXF 10X MIC,10µl 4 drops
2,3,10,9300,3.96848294855394,1,10,0,0,E,MXF 10X MIC,10µl 4 drops
2,1,10,8000,3.90308998699194,2,10,0,0,E,MXF 10X MIC,10µl single drop
2,2,10,8000,3.90308998699194,2,10,0,0,E,MXF 10X MIC,10µl single drop
2,3,10,10000,4,2,10,0,0,E,MXF 10X MIC,10µl single drop
2,1,10,4800,3.68124123737559,3,2.5,0,0,E,MXF 10X MIC,2.5µl single drop
2,2,10,9200,3.96378782734556,3,2.5,0,0,E,MXF 10X MIC,2.5µl single drop
2,3,10,10400,4.01703333929878,3,2.5,0,0,E,MXF 10X MIC,2.5µl single drop
3,1,10,21000,4.32221929473392,0,100,0,0,E,INH 1X MIC,100µl quad
3,2,10,29000,4.46239799789896,0,100,0,0,E,INH 1X MIC,100µl quad
3,3,10,43000,4.63346845557959,0,100,0,0,E,INH 1X MIC,100µl quad
3,1,10,68000,4.83250891270624,1,10,0,0,E,INH 1X MIC,10µl 4 drops
3,2,10,70000,4.84509804001426,1,10,0,0,E,INH 1X MIC,10µl 4 drops
3,3,10,66000,4.81954393554187,1,10,0,0,E,INH 1X MIC,10µl 4 drops
3,1,10,66000,4.81954393554187,2,10,0,0,E,INH 1X MIC,10µl single drop
3,2,10,45000,4.65321251377534,2,10,0,0,E,INH 1X MIC,10µl single drop
3,3,10,48000,4.68124123737559,2,10,0,0,E,INH 1X MIC,10µl single drop
3,1,10,108000,5.03342375548695,3,2.5,0,0,E,INH 1X MIC,2.5µl single drop
3,2,10,124000,5.09342168516223,3,2.5,0,0,E,INH 1X MIC,2.5µl single drop
3,3,10,40000,4.60205999132796,3,2.5,0,0,E,INH 1X MIC,2.5µl single drop
4,1,10,12000,4.07918124604763,0,100,0,0,E,INH 10X MIC,100µl quad
4,2,10,13000,4.11394335230684,0,100,0,0,E,INH 10X MIC,100µl quad
4,3,10,8000,3.90308998699194,0,100,0,0,E,INH 10X MIC,100µl quad
4,1,10,8000,3.90308998699194,1,10,0,0,E,INH 10X MIC,10µl 4 drops
4,2,10,18000,4.25527250510331,1,10,0,0,E,INH 10X MIC,10µl 4 drops
4,3,10,10000,4,1,10,0,0,E,INH 10X MIC,10µl 4 drops
4,1,10,7000,3.84509804001426,2,10,0,0,E,INH 10X MIC,10µl single drop
4,2,10,10000,4,2,10,0,0,E,INH 10X MIC,10µl single drop
4,3,10,8000,3.90308998699194,2,10,0,0,E,INH 10X MIC,10µl single drop
4,1,10,28000,4.44715803134222,3,2.5,0,0,E,INH 10X MIC,2.5µl single drop
4,2,10,24000,4.38021124171161,3,2.5,0,0,E,INH 10X MIC,2.5µl single drop
4,3,10,40000,4.60205999132796,3,2.5,0,0,E,INH 10X MIC,2.5µl single drop
0,1,14,29000000,7.46239799789896,0,100,0,0,E,untreated,100µl quad
0,2,14,18000000,7.25527250510331,0,100,0,0,E,untreated,100µl quad
0,3,14,42000000,7.6232492903979,0,100,0,0,E,untreated,100µl quad
0,1,14,43000000,7.63346845557959,1,10,0,0,E,untreated,10µl 4 drops
0,2,14,48000000,7.68124123737559,1,10,0,0,E,untreated,10µl 4 drops
0,3,14,55000000,7.74036268949424,1,10,0,0,E,untreated,10µl 4 drops
0,1,14,18000000,7.25527250510331,2,10,0,0,E,untreated,10µl single drop
0,2,14,12000000,7.07918124604763,2,10,0,0,E,untreated,10µl single drop
0,3,14,NA,NA,2,10,0,0,E,untreated,10µl single drop
0,1,14,28000000,7.44715803134222,3,2.5,0,0,E,untreated,2.5µl single drop
0,2,14,32000000,7.50514997831991,3,2.5,0,0,E,untreated,2.5µl single drop
0,3,14,24000000,7.38021124171161,3,2.5,0,0,E,untreated,2.5µl single drop
1,1,14,11000000,7.04139268515823,0,100,0,0,E,MXF 1X MIC,100µl quad
1,2,14,NA,NA,0,100,1,0,E,MXF 1X MIC,100µl quad
1,3,14,NA,NA,0,100,1,0,E,MXF 1X MIC,100µl quad
1,1,14,10000000,7,1,10,0,0,E,MXF 1X MIC,10µl 4 drops
1,2,14,23000000,7.36172783601759,1,10,0,0,E,MXF 1X MIC,10µl 4 drops
1,3,14,31000000,7.49136169383427,1,10,0,0,E,MXF 1X MIC,10µl 4 drops
1,1,14,16000000,7.20411998265593,2,10,0,0,E,MXF 1X MIC,10µl single drop
1,2,14,19000000,7.27875360095283,2,10,0,0,E,MXF 1X MIC,10µl single drop
1,3,14,26000000,7.41497334797082,2,10,0,0,E,MXF 1X MIC,10µl single drop
1,1,14,6800000,6.83250891270624,3,2.5,0,0,E,MXF 1X MIC,2.5µl single drop
1,2,14,4800000,6.68124123737559,3,2.5,0,0,E,MXF 1X MIC,2.5µl single drop
1,3,14,2800000,6.44715803134222,3,2.5,0,0,E,MXF 1X MIC,2.5µl single drop
2,1,14,3100,3.49136169383427,0,100,0,0,E,MXF 10X MIC,100µl quad
2,2,14,2200,3.34242268082221,0,100,0,0,E,MXF 10X MIC,100µl quad
2,3,14,2100,3.32221929473392,0,100,0,0,E,MXF 10X MIC,100µl quad
2,1,14,4500,3.65321251377534,1,10,0,0,E,MXF 10X MIC,10µl 4 drops
2,2,14,4000,3.60205999132796,1,10,0,0,E,MXF 10X MIC,10µl 4 drops
2,3,14,3300,3.51851393987789,1,10,0,0,E,MXF 10X MIC,10µl 4 drops
2,1,14,3200,3.50514997831991,2,10,0,0,E,MXF 10X MIC,10µl single drop
2,2,14,3000,3.47712125471966,2,10,0,0,E,MXF 10X MIC,10µl single drop
2,3,14,4200,3.6232492903979,2,10,0,0,E,MXF 10X MIC,10µl single drop
2,1,14,3600,3.55630250076729,3,2.5,0,0,E,MXF 10X MIC,2.5µl single drop
2,2,14,4800,3.68124123737559,3,2.5,0,0,E,MXF 10X MIC,2.5µl single drop
2,3,14,4000,3.60205999132796,3,2.5,0,0,E,MXF 10X MIC,2.5µl single drop
3,1,14,2500000,6.39794000867204,0,100,0,0,E,INH 1X MIC,100µl quad
3,2,14,2300000,6.36172783601759,0,100,0,0,E,INH 1X MIC,100µl quad
3,3,14,1900000,6.27875360095283,0,100,0,0,E,INH 1X MIC,100µl quad
3,1,14,3300000,6.51851393987789,1,10,0,0,E,INH 1X MIC,10µl 4 drops
3,2,14,3200000,6.50514997831991,1,10,0,0,E,INH 1X MIC,10µl 4 drops
3,3,14,2600000,6.41497334797082,1,10,0,0,E,INH 1X MIC,10µl 4 drops
3,1,14,2400000,6.38021124171161,2,10,0,0,E,INH 1X MIC,10µl single drop
3,2,14,1600000,6.20411998265593,2,10,0,0,E,INH 1X MIC,10µl single drop
3,3,14,1600000,6.20411998265593,2,10,0,0,E,INH 1X MIC,10µl single drop
3,1,14,2000000,6.30102999566398,3,2.5,0,0,E,INH 1X MIC,2.5µl single drop
3,2,14,1600000,6.20411998265593,3,2.5,0,0,E,INH 1X MIC,2.5µl single drop
3,3,14,2000000,6.30102999566398,3,2.5,0,0,E,INH 1X MIC,2.5µl single drop
4,1,14,490000,5.69019608002851,0,100,0,0,E,INH 10X MIC,100µl quad
4,2,14,630000,5.79934054945358,0,100,0,0,E,INH 10X MIC,100µl quad
4,3,14,580000,5.76342799356294,0,100,0,0,E,INH 10X MIC,100µl quad
4,1,14,680000,5.83250891270624,1,10,0,0,E,INH 10X MIC,10µl 4 drops
4,2,14,900000,5.95424250943933,1,10,0,0,E,INH 10X MIC,10µl 4 drops
4,3,14,590000,5.77085201164214,1,10,0,0,E,INH 10X MIC,10µl 4 drops
4,1,14,NA,NA,2,10,0,0,E,INH 10X MIC,10µl single drop
4,2,14,320000,5.50514997831991,2,10,0,0,E,INH 10X MIC,10µl single drop
4,3,14,510000,5.70757017609794,2,10,0,0,E,INH 10X MIC,10µl single drop
4,1,14,128000,5.10720996964787,3,2.5,0,0,E,INH 10X MIC,2.5µl single drop
4,2,14,144000,5.15836249209525,3,2.5,0,0,E,INH 10X MIC,2.5µl single drop
4,3,14,152000,5.18184358794477,3,2.5,0,0,E,INH 10X MIC,2.5µl single drop
0,1,21,44000000,7.64345267648619,0,100,0,0,E,untreated,100µl quad
0,2,21,70000000,7.84509804001426,0,100,0,0,E,untreated,100µl quad
0,3,21,68000000,7.83250891270624,0,100,0,0,E,untreated,100µl quad
0,1,21,100000000,8,1,10,0,0,E,untreated,10µl 4 drops
0,2,21,130000000,8.11394335230684,1,10,0,0,E,untreated,10µl 4 drops
0,3,21,70000000,7.84509804001426,1,10,0,0,E,untreated,10µl 4 drops
0,1,21,140000000,8.14612803567824,2,10,0,0,E,untreated,10µl single drop
0,2,21,70000000,7.84509804001426,2,10,0,0,E,untreated,10µl single drop
0,3,21,40000000,7.60205999132796,2,10,0,0,E,untreated,10µl single drop
0,1,21,76000000,7.88081359228079,3,2.5,0,0,E,untreated,2.5µl single drop
0,2,21,80000000,7.90308998699194,3,2.5,0,0,E,untreated,2.5µl single drop
0,3,21,52000000,7.7160033436348,3,2.5,0,0,E,untreated,2.5µl single drop
1,1,21,NA,NA,0,100,1,0,E,MXF 1X MIC,100µl quad
1,2,21,NA,NA,0,100,1,0,E,MXF 1X MIC,100µl quad
1,3,21,NA,NA,0,100,1,0,E,MXF 1X MIC,100µl quad
1,1,21,37000000,7.56820172406699,1,10,0,0,E,MXF 1X MIC,10µl 4 drops
1,2,21,63000000,7.79934054945358,1,10,0,0,E,MXF 1X MIC,10µl 4 drops
1,3,21,79000000,7.89762709129044,1,10,0,0,E,MXF 1X MIC,10µl 4 drops
1,1,21,36000000,7.55630250076729,2,10,0,0,E,MXF 1X MIC,10µl single drop
1,2,21,41000000,7.61278385671974,2,10,0,0,E,MXF 1X MIC,10µl single drop
1,3,21,25000000,7.39794000867204,2,10,0,0,E,MXF 1X MIC,10µl single drop
1,1,21,20000000,7.30102999566398,3,2.5,0,0,E,MXF 1X MIC,2.5µl single drop
1,2,21,56000000,7.7481880270062,3,2.5,0,0,E,MXF 1X MIC,2.5µl single drop
1,3,21,96000000,7.98227123303957,3,2.5,0,0,E,MXF 1X MIC,2.5µl single drop
2,1,21,440,2.64345267648619,0,100,0,0,E,MXF 10X MIC,100µl quad
2,2,21,230,2.36172783601759,0,100,0,0,E,MXF 10X MIC,100µl quad
2,3,21,400,2.60205999132796,0,100,0,0,E,MXF 10X MIC,100µl quad
2,1,21,300,2.47712125471966,1,10,0,0,E,MXF 10X MIC,10µl 4 drops
2,2,21,900,2.95424250943932,1,10,0,0,E,MXF 10X MIC,10µl 4 drops
2,3,21,700,2.84509804001426,1,10,0,0,E,MXF 10X MIC,10µl 4 drops
2,1,21,500,2.69897000433602,2,10,0,0,E,MXF 10X MIC,10µl single drop
2,2,21,500,2.69897000433602,2,10,0,0,E,MXF 10X MIC,10µl single drop
2,3,21,100,2,2,10,0,0,E,MXF 10X MIC,10µl single drop
2,1,21,400,2.60205999132796,3,2.5,0,0,E,MXF 10X MIC,2.5µl single drop
2,2,21,1200,3.07918124604762,3,2.5,0,0,E,MXF 10X MIC,2.5µl single drop
2,3,21,2000,3.30102999566398,3,2.5,0,0,E,MXF 10X MIC,2.5µl single drop
3,1,21,NA,NA,0,100,1,0,E,INH 1X MIC,100µl quad
3,2,21,NA,NA,0,100,1,0,E,INH 1X MIC,100µl quad
3,3,21,NA,NA,0,100,1,0,E,INH 1X MIC,100µl quad
3,1,21,47000000,7.67209785793572,1,10,0,0,E,INH 1X MIC,10µl 4 drops
3,2,21,29000000,7.46239799789896,1,10,0,0,E,INH 1X MIC,10µl 4 drops
3,3,21,53000000,7.72427586960079,1,10,0,0,E,INH 1X MIC,10µl 4 drops
3,1,21,16000000,7.20411998265593,2,10,0,0,E,INH 1X MIC,10µl single drop
3,2,21,14000000,7.14612803567824,2,10,0,0,E,INH 1X MIC,10µl single drop
3,3,21,30000000,7.47712125471966,2,10,0,0,E,INH 1X MIC,10µl single drop
3,1,21,60000000,7.77815125038364,3,2.5,0,0,E,INH 1X MIC,2.5µl single drop
3,2,21,40000000,7.60205999132796,3,2.5,0,0,E,INH 1X MIC,2.5µl single drop
3,3,21,44000000,7.64345267648619,3,2.5,0,0,E,INH 1X MIC,2.5µl single drop
4,1,21,NA,NA,0,100,1,0,E,INH 10X MIC,100µl quad
4,2,21,NA,NA,0,100,1,0,E,INH 10X MIC,100µl quad
4,3,21,NA,NA,0,100,1,0,E,INH 10X MIC,100µl quad
4,1,21,33000000,7.51851393987789,1,10,0,0,E,INH 10X MIC,10µl 4 drops
4,2,21,28000000,7.44715803134222,1,10,0,0,E,INH 10X MIC,10µl 4 drops
4,3,21,39000000,7.5910646070265,1,10,0,0,E,INH 10X MIC,10µl 4 drops
4,1,21,24000000,7.38021124171161,2,10,0,0,E,INH 10X MIC,10µl single drop
4,2,21,19000000,7.27875360095283,2,10,0,0,E,INH 10X MIC,10µl single drop
4,3,21,22000000,7.34242268082221,2,10,0,0,E,INH 10X MIC,10µl single drop
4,1,21,20000000,7.30102999566398,3,2.5,0,0,E,INH 10X MIC,2.5µl single drop
4,2,21,16000000,7.20411998265593,3,2.5,0,0,E,INH 10X MIC,2.5µl single drop
4,3,21,64000000,7.80617997398389,3,2.5,0,0,E,INH 10X MIC,2.5µl single drop
0,1,-3,1610000,6.20682587603185,0,100,0,0,F,untreated,100µl quad
0,2,-3,1400000,6.14612803567824,0,100,0,0,F,untreated,100µl quad
0,3,-3,660000,5.81954393554187,0,100,0,0,F,untreated,100µl quad
0,1,-3,700000,5.84509804001426,1,10,0,0,F,untreated,10µl 4 drops
0,2,-3,1000000,6,1,10,0,0,F,untreated,10µl 4 drops
0,3,-3,900000,5.95424250943933,1,10,0,0,F,untreated,10µl 4 drops
0,1,-3,400000,5.60205999132796,2,10,0,0,F,untreated,10µl single drop
0,2,-3,420000,5.6232492903979,2,10,0,0,F,untreated,10µl single drop
0,3,-3,450000,5.65321251377534,2,10,0,0,F,untreated,10µl single drop
0,1,-3,280000,5.44715803134222,3,2.5,0,0,F,untreated,2.5µl single drop
0,2,-3,400000,5.60205999132796,3,2.5,0,0,F,untreated,2.5µl single drop
0,3,-3,280000,5.44715803134222,3,2.5,0,0,F,untreated,2.5µl single drop
0,1,0,1240000,6.09342168516223,0,100,0,0,F,untreated,100µl quad
0,2,0,930000,5.96848294855393,0,100,0,0,F,untreated,100µl quad
0,3,0,880000,5.94448267215017,0,100,0,0,F,untreated,100µl quad
0,1,0,1200000,6.07918124604763,1,10,0,0,F,untreated,10µl 4 drops
0,2,0,1000000,6,1,10,0,0,F,untreated,10µl 4 drops
0,3,0,700000,5.84509804001426,1,10,0,0,F,untreated,10µl 4 drops
0,1,0,1100000,6.04139268515823,2,10,0,0,F,untreated,10µl single drop
0,2,0,700000,5.84509804001426,2,10,0,0,F,untreated,10µl single drop
0,3,0,1100000,6.04139268515823,2,10,0,0,F,untreated,10µl single drop
0,1,0,2000000,6.30102999566398,3,2.5,0,0,F,untreated,2.5µl single drop
0,2,0,800000,5.90308998699194,3,2.5,0,0,F,untreated,2.5µl single drop
0,3,0,400000,5.60205999132796,3,2.5,0,0,F,untreated,2.5µl single drop
0,1,1,4800000,6.68124123737559,0,100,0,0,F,untreated,100µl quad
0,2,1,5000000,6.69897000433602,0,100,0,0,F,untreated,100µl quad
0,3,1,6100000,6.78532983501077,0,100,0,0,F,untreated,100µl quad
0,1,1,1300000,6.11394335230684,1,10,0,0,F,untreated,10µl 4 drops
0,2,1,1400000,6.14612803567824,1,10,0,0,F,untreated,10µl 4 drops
0,3,1,1200000,6.07918124604763,1,10,0,0,F,untreated,10µl 4 drops
0,1,1,3000000,6.47712125471966,2,10,0,0,F,untreated,10µl single drop
0,2,1,7000000,6.84509804001426,2,10,0,0,F,untreated,10µl single drop
0,3,1,5000000,6.69897000433602,2,10,0,0,F,untreated,10µl single drop
0,1,1,240000,5.38021124171161,3,2.5,0,0,F,untreated,2.5µl single drop
0,2,1,280000,5.44715803134222,3,2.5,0,0,F,untreated,2.5µl single drop
0,3,1,360000,5.55630250076729,3,2.5,0,0,F,untreated,2.5µl single drop
1,1,1,7600000,6.88081359228079,0,100,0,0,F,MXF 1X MIC,100µl quad
1,2,1,5100000,6.70757017609794,0,100,0,0,F,MXF 1X MIC,100µl quad
1,3,1,3200000,6.50514997831991,0,100,0,0,F,MXF 1X MIC,100µl quad
1,1,1,1500000,6.17609125905568,1,10,0,0,F,MXF 1X MIC,10µl 4 drops
1,2,1,900000,5.95424250943933,1,10,0,0,F,MXF 1X MIC,10µl 4 drops
1,3,1,NA,NA,1,10,0,0,F,MXF 1X MIC,10µl 4 drops
1,1,1,1500000,6.17609125905568,2,10,0,0,F,MXF 1X MIC,10µl single drop
1,2,1,1100000,6.04139268515823,2,10,0,0,F,MXF 1X MIC,10µl single drop
1,3,1,1200000,6.07918124604763,2,10,0,0,F,MXF 1X MIC,10µl single drop
1,1,1,NA,NA,3,2.5,0,1,F,MXF 1X MIC,2.5µl single drop
1,2,1,NA,NA,3,2.5,0,1,F,MXF 1X MIC,2.5µl single drop
1,3,1,NA,NA,3,2.5,0,1,F,MXF 1X MIC,2.5µl single drop
2,1,1,1700000,6.23044892137827,0,100,0,0,F,MXF 10X MIC,100µl quad
2,2,1,1400000,6.14612803567824,0,100,0,0,F,MXF 10X MIC,100µl quad
2,3,1,1300000,6.11394335230684,0,100,0,0,F,MXF 10X MIC,100µl quad
2,1,1,200000,5.30102999566398,1,10,0,0,F,MXF 10X MIC,10µl 4 drops
2,2,1,300000,5.47712125471966,1,10,0,0,F,MXF 10X MIC,10µl 4 drops
2,3,1,300000,5.47712125471966,1,10,0,0,F,MXF 10X MIC,10µl 4 drops
2,1,1,300000,5.47712125471966,2,10,0,0,F,MXF 10X MIC,10µl single drop
2,2,1,500000,5.69897000433602,2,10,0,0,F,MXF 10X MIC,10µl single drop
2,3,1,200000,5.30102999566398,2,10,0,0,F,MXF 10X MIC,10µl single drop
2,1,1,400000,5.60205999132796,3,2.5,0,0,F,MXF 10X MIC,2.5µl single drop
2,2,1,800000,5.90308998699194,3,2.5,0,0,F,MXF 10X MIC,2.5µl single drop
2,3,1,800000,5.90308998699194,3,2.5,0,0,F,MXF 10X MIC,2.5µl single drop
3,1,1,5000000,6.69897000433602,0,100,0,0,F,INH 1X MIC,100µl quad
3,2,1,10400000,7.01703333929878,0,100,0,0,F,INH 1X MIC,100µl quad
3,3,1,8100000,6.90848501887865,0,100,0,0,F,INH 1X MIC,100µl quad
3,1,1,800000,5.90308998699194,1,10,0,0,F,INH 1X MIC,10µl 4 drops
3,2,1,1500000,6.17609125905568,1,10,0,0,F,INH 1X MIC,10µl 4 drops
3,3,1,900000,5.95424250943933,1,10,0,0,F,INH 1X MIC,10µl 4 drops
3,1,1,1400000,6.14612803567824,2,10,0,0,F,INH 1X MIC,10µl single drop
3,2,1,1600000,6.20411998265593,2,10,0,0,F,INH 1X MIC,10µl single drop
3,3,1,1100000,6.04139268515823,2,10,0,0,F,INH 1X MIC,10µl single drop
3,1,1,44000,4.64345267648619,3,2.5,0,0,F,INH 1X MIC,2.5µl single drop
3,2,1,28000,4.44715803134222,3,2.5,0,0,F,INH 1X MIC,2.5µl single drop
3,3,1,36000,4.55630250076729,3,2.5,0,0,F,INH 1X MIC,2.5µl single drop
4,1,1,7400000,6.86923171973098,0,100,0,0,F,INH 10X MIC,100µl quad
4,2,1,6900000,6.83884909073726,0,100,0,0,F,INH 10X MIC,100µl quad
4,3,1,2900000,6.46239799789896,0,100,0,0,F,INH 10X MIC,100µl quad
4,1,1,800000,5.90308998699194,1,10,0,0,F,INH 10X MIC,10µl 4 drops
4,2,1,1400000,6.14612803567824,1,10,0,0,F,INH 10X MIC,10µl 4 drops
4,3,1,900000,5.95424250943933,1,10,0,0,F,INH 10X MIC,10µl 4 drops
4,1,1,1700000,6.23044892137827,2,10,0,0,F,INH 10X MIC,10µl single drop
4,2,1,600000,5.77815125038364,2,10,0,0,F,INH 10X MIC,10µl single drop
4,3,1,900000,5.95424250943933,2,10,0,0,F,INH 10X MIC,10µl single drop
4,1,1,2000000,6.30102999566398,3,2.5,0,0,F,INH 10X MIC,2.5µl single drop
4,2,1,4800000,6.68124123737559,3,2.5,0,0,F,INH 10X MIC,2.5µl single drop
4,3,1,2800000,6.44715803134222,3,2.5,0,0,F,INH 10X MIC,2.5µl single drop
0,1,2,47000000,7.67209785793572,0,100,0,0,F,untreated,100µl quad
0,2,2,60000000,7.77815125038364,0,100,0,0,F,untreated,100µl quad
0,3,2,32000000,7.50514997831991,0,100,0,0,F,untreated,100µl quad
0,1,2,NA,NA,1,10,0,0,F,untreated,10µl 4 drops
0,2,2,NA,NA,1,10,0,0,F,untreated,10µl 4 drops
0,3,2,130000,5.11394335230684,1,10,0,0,F,untreated,10µl 4 drops
0,1,2,16000000,7.20411998265593,2,10,0,0,F,untreated,10µl single drop
0,2,2,11000000,7.04139268515823,2,10,0,0,F,untreated,10µl single drop
0,3,2,8000000,6.90308998699194,2,10,0,0,F,untreated,10µl single drop
0,1,2,44000,4.64345267648619,3,2.5,0,0,F,untreated,2.5µl single drop
0,2,2,52000,4.7160033436348,3,2.5,0,0,F,untreated,2.5µl single drop
0,3,2,44000,4.64345267648619,3,2.5,0,0,F,untreated,2.5µl single drop
1,1,2,9600000,6.98227123303957,0,100,0,0,F,MXF 1X MIC,100µl quad
1,2,2,9000000,6.95424250943933,0,100,0,0,F,MXF 1X MIC,100µl quad
1,3,2,8100000,6.90848501887865,0,100,0,0,F,MXF 1X MIC,100µl quad
1,1,2,19000,4.27875360095283,1,10,0,0,F,MXF 1X MIC,10µl 4 drops
1,2,2,25000,4.39794000867204,1,10,0,0,F,MXF 1X MIC,10µl 4 drops
1,3,2,90000,4.95424250943933,1,10,0,0,F,MXF 1X MIC,10µl 4 drops
1,1,2,9000000,6.95424250943933,2,10,0,0,F,MXF 1X MIC,10µl single drop
1,2,2,8000000,6.90308998699194,2,10,0,0,F,MXF 1X MIC,10µl single drop
1,3,2,9000000,6.95424250943933,2,10,0,0,F,MXF 1X MIC,10µl single drop
1,1,2,48000,4.68124123737559,3,2.5,0,0,F,MXF 1X MIC,2.5µl single drop
1,2,2,76000,4.88081359228079,3,2.5,0,0,F,MXF 1X MIC,2.5µl single drop
1,3,2,68000,4.83250891270624,3,2.5,0,0,F,MXF 1X MIC,2.5µl single drop
2,1,2,500000,5.69897000433602,0,100,0,0,F,MXF 10X MIC,100µl quad
2,2,2,150000,5.17609125905568,0,100,0,0,F,MXF 10X MIC,100µl quad
2,3,2,240000,5.38021124171161,0,100,0,0,F,MXF 10X MIC,100µl quad
2,1,2,NA,NA,1,10,0,0,F,MXF 10X MIC,10µl 4 drops
2,2,2,NA,NA,1,10,0,0,F,MXF 10X MIC,10µl 4 drops
2,3,2,22000,4.34242268082221,1,10,0,0,F,MXF 10X MIC,10µl 4 drops
2,1,2,100000,5,2,10,0,0,F,MXF 10X MIC,10µl single drop
2,2,2,110000,5.04139268515823,2,10,0,0,F,MXF 10X MIC,10µl single drop
2,3,2,80000,4.90308998699194,2,10,0,0,F,MXF 10X MIC,10µl single drop
2,1,2,28000,4.44715803134222,3,2.5,0,0,F,MXF 10X MIC,2.5µl single drop
2,2,2,28000,4.44715803134222,3,2.5,0,0,F,MXF 10X MIC,2.5µl single drop
2,3,2,40000,4.60205999132796,3,2.5,0,0,F,MXF 10X MIC,2.5µl single drop
3,1,2,210000,5.32221929473392,0,100,0,0,F,INH 1X MIC,100µl quad
3,2,2,340000,5.53147891704226,0,100,0,0,F,INH 1X MIC,100µl quad
3,3,2,240000,5.38021124171161,0,100,0,0,F,INH 1X MIC,100µl quad
3,1,2,22000,4.34242268082221,1,10,0,0,F,INH 1X MIC,10µl 4 drops
3,2,2,16000,4.20411998265593,1,10,0,0,F,INH 1X MIC,10µl 4 drops
3,3,2,24000,4.38021124171161,1,10,0,0,F,INH 1X MIC,10µl 4 drops
3,1,2,100000,5,2,10,0,0,F,INH 1X MIC,10µl single drop
3,2,2,80000,4.90308998699194,2,10,0,0,F,INH 1X MIC,10µl single drop
3,3,2,80000,4.90308998699194,2,10,0,0,F,INH 1X MIC,10µl single drop
3,1,2,24000,4.38021124171161,3,2.5,0,0,F,INH 1X MIC,2.5µl single drop
3,2,2,32000,4.50514997831991,3,2.5,0,0,F,INH 1X MIC,2.5µl single drop
3,3,2,32000,4.50514997831991,3,2.5,0,0,F,INH 1X MIC,2.5µl single drop
4,1,2,550000,5.74036268949424,0,100,0,0,F,INH 10X MIC,100µl quad
4,2,2,570000,5.75587485567249,0,100,0,0,F,INH 10X MIC,100µl quad
4,3,2,480000,5.68124123737559,0,100,0,0,F,INH 10X MIC,100µl quad
4,1,2,70000,4.84509804001426,1,10,0,0,F,INH 10X MIC,10µl 4 drops
4,2,2,60000,4.77815125038364,1,10,0,0,F,INH 10X MIC,10µl 4 drops
4,3,2,17000,4.23044892137827,1,10,0,0,F,INH 10X MIC,10µl 4 drops
4,1,2,400000,5.60205999132796,2,10,0,0,F,INH 10X MIC,10µl single drop
4,2,2,200000,5.30102999566398,2,10,0,0,F,INH 10X MIC,10µl single drop
4,3,2,300000,5.47712125471966,2,10,0,0,F,INH 10X MIC,10µl single drop
4,1,2,16000,4.20411998265593,3,2.5,0,0,F,INH 10X MIC,2.5µl single drop
4,2,2,24000,4.38021124171161,3,2.5,0,0,F,INH 10X MIC,2.5µl single drop
4,3,2,28000,4.44715803134222,3,2.5,0,0,F,INH 10X MIC,2.5µl single drop
0,1,3,NA,NA,0,100,0,0,F,untreated,100µl quad
0,2,3,95000000,7.97772360528885,0,100,0,0,F,untreated,100µl quad
0,3,3,62000000,7.79239168949825,0,100,0,0,F,untreated,100µl quad
0,1,3,250000,5.39794000867204,1,10,0,0,F,untreated,10µl 4 drops
0,2,3,170000,5.23044892137827,1,10,0,0,F,untreated,10µl 4 drops
0,3,3,1600000,6.20411998265593,1,10,0,0,F,untreated,10µl 4 drops
0,1,3,19000000,7.27875360095283,2,10,0,0,F,untreated,10µl single drop
0,2,3,19000000,7.27875360095283,2,10,0,0,F,untreated,10µl single drop
0,3,3,22000000,7.34242268082221,2,10,0,0,F,untreated,10µl single drop
0,1,3,4400000,6.64345267648619,3,2.5,0,0,F,untreated,2.5µl single drop
0,2,3,3200000,6.50514997831991,3,2.5,0,0,F,untreated,2.5µl single drop
0,3,3,2400000,6.38021124171161,3,2.5,0,0,F,untreated,2.5µl single drop
1,1,3,52000000,7.7160033436348,0,100,0,0,F,MXF 1X MIC,100µl quad
1,2,3,60000000,7.77815125038364,0,100,0,0,F,MXF 1X MIC,100µl quad
1,3,3,61000000,7.78532983501077,0,100,0,0,F,MXF 1X MIC,100µl quad
1,1,3,1100000,6.04139268515823,1,10,0,0,F,MXF 1X MIC,10µl 4 drops
1,2,3,1300000,6.11394335230684,1,10,0,0,F,MXF 1X MIC,10µl 4 drops
1,3,3,1200000,6.07918124604763,1,10,0,0,F,MXF 1X MIC,10µl 4 drops
1,1,3,17000000,7.23044892137827,2,10,0,0,F,MXF 1X MIC,10µl single drop
1,2,3,12000000,7.07918124604763,2,10,0,0,F,MXF 1X MIC,10µl single drop
1,3,3,13000000,7.11394335230684,2,10,0,0,F,MXF 1X MIC,10µl single drop
1,1,3,200000,5.30102999566398,3,2.5,0,0,F,MXF 1X MIC,2.5µl single drop
1,2,3,280000,5.44715803134222,3,2.5,0,0,F,MXF 1X MIC,2.5µl single drop
1,3,3,200000,5.30102999566398,3,2.5,0,0,F,MXF 1X MIC,2.5µl single drop
2,1,3,60000,4.77815125038364,0,100,0,0,F,MXF 10X MIC,100µl quad
2,2,3,62000,4.79239168949825,0,100,0,0,F,MXF 10X MIC,100µl quad
2,3,3,46000,4.66275783168157,0,100,0,0,F,MXF 10X MIC,100µl quad
2,1,3,17000,4.23044892137827,1,10,0,0,F,MXF 10X MIC,10µl 4 drops
2,2,3,16000,4.20411998265593,1,10,0,0,F,MXF 10X MIC,10µl 4 drops
2,3,3,19000,4.27875360095283,1,10,0,0,F,MXF 10X MIC,10µl 4 drops
2,1,3,22000,4.34242268082221,2,10,0,0,F,MXF 10X MIC,10µl single drop
2,2,3,22000,4.34242268082221,2,10,0,0,F,MXF 10X MIC,10µl single drop
2,3,3,27000,4.43136376415899,2,10,0,0,F,MXF 10X MIC,10µl single drop
2,1,3,40000,4.60205999132796,3,2.5,0,0,F,MXF 10X MIC,2.5µl single drop
2,2,3,36000,4.55630250076729,3,2.5,0,0,F,MXF 10X MIC,2.5µl single drop
2,3,3,24000,4.38021124171161,3,2.5,0,0,F,MXF 10X MIC,2.5µl single drop
3,1,3,39000,4.5910646070265,0,100,0,0,F,INH 1X MIC,100µl quad
3,2,3,35000,4.54406804435028,0,100,0,0,F,INH 1X MIC,100µl quad
3,3,3,57000,4.75587485567249,0,100,0,0,F,INH 1X MIC,100µl quad
3,1,3,NA,NA,1,10,0,0,F,INH 1X MIC,10µl 4 drops
3,2,3,22000,4.34242268082221,1,10,0,0,F,INH 1X MIC,10µl 4 drops
3,3,3,21000,4.32221929473392,1,10,0,0,F,INH 1X MIC,10µl 4 drops
3,1,3,13000,4.11394335230684,2,10,0,0,F,INH 1X MIC,10µl single drop
3,2,3,11000,4.04139268515823,2,10,0,0,F,INH 1X MIC,10µl single drop
3,3,3,13000,4.11394335230684,2,10,0,0,F,INH 1X MIC,10µl single drop
3,1,3,60000,4.77815125038364,3,2.5,0,0,F,INH 1X MIC,2.5µl single drop
3,2,3,48000,4.68124123737559,3,2.5,0,0,F,INH 1X MIC,2.5µl single drop
3,3,3,36000,4.55630250076729,3,2.5,0,0,F,INH 1X MIC,2.5µl single drop
4,1,3,45000,4.65321251377534,0,100,0,0,F,INH 10X MIC,100µl quad
4,2,3,46000,4.66275783168157,0,100,0,0,F,INH 10X MIC,100µl quad
4,3,3,33000,4.51851393987789,0,100,0,0,F,INH 10X MIC,100µl quad
4,1,3,24000,4.38021124171161,1,10,0,0,F,INH 10X MIC,10µl 4 drops
4,2,3,23000,4.36172783601759,1,10,0,0,F,INH 10X MIC,10µl 4 drops
4,3,3,19000,4.27875360095283,1,10,0,0,F,INH 10X MIC,10µl 4 drops
4,1,3,20000,4.30102999566398,2,10,0,0,F,INH 10X MIC,10µl single drop
4,2,3,16000,4.20411998265593,2,10,0,0,F,INH 10X MIC,10µl single drop
4,3,3,16000,4.20411998265593,2,10,0,0,F,INH 10X MIC,10µl single drop
4,1,3,4400,3.64345267648619,3,2.5,0,0,F,INH 10X MIC,2.5µl single drop
4,2,3,4000,3.60205999132796,3,2.5,0,0,F,INH 10X MIC,2.5µl single drop
4,3,3,6400,3.80617997398389,3,2.5,0,0,F,INH 10X MIC,2.5µl single drop
0,1,7,79000000,7.89762709129044,0,100,0,0,F,untreated,100µl quad
0,2,7,90000000,7.95424250943933,0,100,0,0,F,untreated,100µl quad
0,3,7,55000000,7.74036268949424,0,100,0,0,F,untreated,100µl quad
0,1,7,14000000,7.14612803567824,1,10,0,0,F,untreated,10µl 4 drops
0,2,7,17000000,7.23044892137827,1,10,0,0,F,untreated,10µl 4 drops
0,3,7,19000000,7.27875360095283,1,10,0,0,F,untreated,10µl 4 drops
0,1,7,16000000,7.20411998265593,2,10,0,0,F,untreated,10µl single drop
0,2,7,14000000,7.14612803567824,2,10,0,0,F,untreated,10µl single drop
0,3,7,12000000,7.07918124604763,2,10,0,0,F,untreated,10µl single drop
0,1,7,4000000,6.60205999132796,3,2.5,0,0,F,untreated,2.5µl single drop
0,2,7,3600000,6.55630250076729,3,2.5,0,0,F,untreated,2.5µl single drop
0,3,7,2800000,6.44715803134222,3,2.5,0,0,F,untreated,2.5µl single drop
1,1,7,59000000,7.77085201164214,0,100,0,0,F,MXF 1X MIC,100µl quad
1,2,7,51000000,7.70757017609794,0,100,0,0,F,MXF 1X MIC,100µl quad
1,3,7,79000000,7.89762709129044,0,100,0,0,F,MXF 1X MIC,100µl quad
1,1,7,1460000,6.16435285578444,1,10,0,0,F,MXF 1X MIC,10µl 4 drops
1,2,7,2400000,6.38021124171161,1,10,0,0,F,MXF 1X MIC,10µl 4 drops
1,3,7,2360000,6.37291200297011,1,10,0,0,F,MXF 1X MIC,10µl 4 drops
1,1,7,9000000,6.95424250943933,2,10,0,0,F,MXF 1X MIC,10µl single drop
1,2,7,13000000,7.11394335230684,2,10,0,0,F,MXF 1X MIC,10µl single drop
1,3,7,9000000,6.95424250943933,2,10,0,0,F,MXF 1X MIC,10µl single drop
1,1,7,2400000,6.38021124171161,3,2.5,0,0,F,MXF 1X MIC,2.5µl single drop
1,2,7,2800000,6.44715803134222,3,2.5,0,0,F,MXF 1X MIC,2.5µl single drop
1,3,7,4000000,6.60205999132796,3,2.5,0,0,F,MXF 1X MIC,2.5µl single drop
2,1,7,5000,3.69897000433602,0,100,0,0,F,MXF 10X MIC,100µl quad
2,2,7,18000,4.25527250510331,0,100,0,0,F,MXF 10X MIC,100µl quad
2,3,7,16000,4.20411998265593,0,100,0,0,F,MXF 10X MIC,100µl quad
2,1,7,7200,3.85733249643127,1,10,0,0,F,MXF 10X MIC,10µl 4 drops
2,2,7,5600,3.7481880270062,1,10,0,0,F,MXF 10X MIC,10µl 4 drops
2,3,7,7000,3.84509804001426,1,10,0,0,F,MXF 10X MIC,10µl 4 drops
2,1,7,7000,3.84509804001426,2,10,0,0,F,MXF 10X MIC,10µl single drop
2,2,7,2000,3.30102999566398,2,10,0,0,F,MXF 10X MIC,10µl single drop
2,3,7,8000,3.90308998699194,2,10,0,0,F,MXF 10X MIC,10µl single drop
2,1,7,5600,3.7481880270062,3,2.5,0,0,F,MXF 10X MIC,2.5µl single drop
2,2,7,5600,3.7481880270062,3,2.5,0,0,F,MXF 10X MIC,2.5µl single drop
2,3,7,5200,3.7160033436348,3,2.5,0,0,F,MXF 10X MIC,2.5µl single drop
3,1,7,3900,3.5910646070265,0,100,0,0,F,INH 1X MIC,100µl quad
3,2,7,2200,3.34242268082221,0,100,0,0,F,INH 1X MIC,100µl quad
3,3,7,2700,3.43136376415899,0,100,0,0,F,INH 1X MIC,100µl quad
3,1,7,1500,3.17609125905568,1,10,0,0,F,INH 1X MIC,10µl 4 drops
3,2,7,1800,3.25527250510331,1,10,0,0,F,INH 1X MIC,10µl 4 drops
3,3,7,1800,3.25527250510331,1,10,0,0,F,INH 1X MIC,10µl 4 drops
3,1,7,3000,3.47712125471966,2,10,0,0,F,INH 1X MIC,10µl single drop
3,2,7,6000,3.77815125038364,2,10,0,0,F,INH 1X MIC,10µl single drop
3,3,7,4000,3.60205999132796,2,10,0,0,F,INH 1X MIC,10µl single drop
3,1,7,400,2.60205999132796,3,2.5,0,0,F,INH 1X MIC,2.5µl single drop
3,2,7,2000,3.30102999566398,3,2.5,0,0,F,INH 1X MIC,2.5µl single drop
3,3,7,2400,3.38021124171161,3,2.5,0,0,F,INH 1X MIC,2.5µl single drop
4,1,7,1400,3.14612803567824,0,100,0,0,F,INH 10X MIC,100µl quad
4,2,7,1300,3.11394335230684,0,100,0,0,F,INH 10X MIC,100µl quad
4,3,7,1200,3.07918124604762,0,100,0,0,F,INH 10X MIC,100µl quad
4,1,7,NA,NA,1,10,0,0,F,INH 10X MIC,10µl 4 drops
4,2,7,600,2.77815125038364,1,10,0,0,F,INH 10X MIC,10µl 4 drops
4,3,7,1400,3.14612803567824,1,10,0,0,F,INH 10X MIC,10µl 4 drops
4,1,7,2000,3.30102999566398,2,10,0,0,F,INH 10X MIC,10µl single drop
4,2,7,NA,NA,2,10,0,1,F,INH 10X MIC,10µl single drop
4,3,7,NA,NA,2,10,0,1,F,INH 10X MIC,10µl single drop
4,1,7,1600,3.20411998265592,3,2.5,0,0,F,INH 10X MIC,2.5µl single drop
4,2,7,800,2.90308998699194,3,2.5,0,0,F,INH 10X MIC,2.5µl single drop
4,3,7,800,2.90308998699194,3,2.5,0,0,F,INH 10X MIC,2.5µl single drop
0,1,10,950000000,8.97772360528885,0,100,0,0,F,untreated,100µl quad
0,2,10,990000000,8.99563519459755,0,100,0,0,F,untreated,100µl quad
0,3,10,910000000,8.95904139232109,0,100,0,0,F,untreated,100µl quad
0,1,10,190000000,8.27875360095283,1,10,0,0,F,untreated,10µl 4 drops
0,2,10,180000000,8.25527250510331,1,10,0,0,F,untreated,10µl 4 drops
0,3,10,160000000,8.20411998265593,1,10,0,0,F,untreated,10µl 4 drops
0,1,10,270000000,8.43136376415899,2,10,0,0,F,untreated,10µl single drop
0,2,10,240000000,8.38021124171161,2,10,0,0,F,untreated,10µl single drop
0,3,10,180000000,8.25527250510331,2,10,0,0,F,untreated,10µl single drop
0,1,10,6400000,6.80617997398389,3,2.5,0,0,F,untreated,2.5µl single drop
0,2,10,6000000,6.77815125038364,3,2.5,0,0,F,untreated,2.5µl single drop
0,3,10,6400000,6.80617997398389,3,2.5,0,0,F,untreated,2.5µl single drop
1,1,10,840000000,8.92427928606188,0,100,0,0,F,MXF 1X MIC,100µl quad
1,2,10,710000000,8.85125834871907,0,100,0,0,F,MXF 1X MIC,100µl quad
1,3,10,280000000,8.44715803134222,0,100,0,0,F,MXF 1X MIC,100µl quad
1,1,10,2360000,6.37291200297011,1,10,0,0,F,MXF 1X MIC,10µl 4 drops
1,2,10,2060000,6.31386722036915,1,10,0,0,F,MXF 1X MIC,10µl 4 drops
1,3,10,2320000,6.3654879848909,1,10,0,0,F,MXF 1X MIC,10µl 4 drops
1,1,10,120000000,8.07918124604763,2,10,0,0,F,MXF 1X MIC,10µl single drop
1,2,10,170000000,8.23044892137827,2,10,0,0,F,MXF 1X MIC,10µl single drop
1,3,10,150000000,8.17609125905568,2,10,0,0,F,MXF 1X MIC,10µl single drop
1,1,10,3600000,6.55630250076729,3,2.5,0,0,F,MXF 1X MIC,2.5µl single drop
1,2,10,1600000,6.20411998265593,3,2.5,0,0,F,MXF 1X MIC,2.5µl single drop
1,3,10,5200000,6.7160033436348,3,2.5,0,0,F,MXF 1X MIC,2.5µl single drop
2,1,10,4800,3.68124123737559,0,100,0,0,F,MXF 10X MIC,100µl quad
2,2,10,4400,3.64345267648619,0,100,0,0,F,MXF 10X MIC,100µl quad
2,3,10,4900,3.69019608002851,0,100,0,0,F,MXF 10X MIC,100µl quad
2,1,10,2760,3.44090908206522,1,10,0,0,F,MXF 10X MIC,10µl 4 drops
2,2,10,2350,3.37106786227174,1,10,0,0,F,MXF 10X MIC,10µl 4 drops
2,3,10,2640,3.42160392686983,1,10,0,0,F,MXF 10X MIC,10µl 4 drops
2,1,10,4000,3.60205999132796,2,10,0,0,F,MXF 10X MIC,10µl single drop
2,2,10,1000,3,2,10,0,0,F,MXF 10X MIC,10µl single drop
2,3,10,7000,3.84509804001426,2,10,0,0,F,MXF 10X MIC,10µl single drop
2,1,10,3200,3.50514997831991,3,2.5,0,0,F,MXF 10X MIC,2.5µl single drop
2,2,10,2000,3.30102999566398,3,2.5,0,0,F,MXF 10X MIC,2.5µl single drop
2,3,10,800,2.90308998699194,3,2.5,0,0,F,MXF 10X MIC,2.5µl single drop
3,1,10,9000,3.95424250943932,0,100,0,0,F,INH 1X MIC,100µl quad
3,2,10,8000,3.90308998699194,0,100,0,0,F,INH 1X MIC,100µl quad
3,3,10,7000,3.84509804001426,0,100,0,0,F,INH 1X MIC,100µl quad
3,1,10,3520,3.54654266347813,1,10,0,0,F,INH 1X MIC,10µl 4 drops
3,2,10,3420,3.53402610605613,1,10,0,0,F,INH 1X MIC,10µl 4 drops
3,3,10,4000,3.60205999132796,1,10,0,0,F,INH 1X MIC,10µl 4 drops
3,1,10,NA,NA,2,10,0,1,F,INH 1X MIC,10µl single drop
3,2,10,NA,NA,2,10,0,1,F,INH 1X MIC,10µl single drop
3,3,10,NA,NA,2,10,0,1,F,INH 1X MIC,10µl single drop
3,1,10,5600,3.7481880270062,3,2.5,0,0,F,INH 1X MIC,2.5µl single drop
3,2,10,4800,3.68124123737559,3,2.5,0,0,F,INH 1X MIC,2.5µl single drop
3,3,10,5600,3.7481880270062,3,2.5,0,0,F,INH 1X MIC,2.5µl single drop
4,1,10,10000,4,0,100,0,0,F,INH 10X MIC,100µl quad
4,2,10,6000,3.77815125038364,0,100,0,0,F,INH 10X MIC,100µl quad
4,3,10,6000,3.77815125038364,0,100,0,0,F,INH 10X MIC,100µl quad
4,1,10,3440,3.53655844257153,1,10,0,0,F,INH 10X MIC,10µl 4 drops
4,2,10,3920,3.59328606702046,1,10,0,0,F,INH 10X MIC,10µl 4 drops
4,3,10,4080,3.61066016308988,1,10,0,0,F,INH 10X MIC,10µl 4 drops
4,1,10,100000,5,2,10,0,0,F,INH 10X MIC,10µl single drop
4,2,10,100000,5,2,10,0,0,F,INH 10X MIC,10µl single drop
4,3,10,100000,5,2,10,0,0,F,INH 10X MIC,10µl single drop
4,1,10,4400,3.64345267648619,3,2.5,0,0,F,INH 10X MIC,2.5µl single drop
4,2,10,8400,3.92427928606188,3,2.5,0,0,F,INH 10X MIC,2.5µl single drop
4,3,10,5600,3.7481880270062,3,2.5,0,0,F,INH 10X MIC,2.5µl single drop
0,1,15,530000000,8.72427586960079,0,100,0,0,F,untreated,100µl quad
0,2,15,560000000,8.7481880270062,0,100,0,0,F,untreated,100µl quad
0,3,15,380000000,8.57978359661681,0,100,0,0,F,untreated,100µl quad
0,1,15,30000000,7.47712125471966,1,10,0,0,F,untreated,10µl 4 drops
0,2,15,31000000,7.49136169383427,1,10,0,0,F,untreated,10µl 4 drops
0,3,15,28000000,7.44715803134222,1,10,0,0,F,untreated,10µl 4 drops
0,1,15,170000000,8.23044892137827,2,10,0,0,F,untreated,10µl single drop
0,2,15,160000000,8.20411998265593,2,10,0,0,F,untreated,10µl single drop
0,3,15,200000000,8.30102999566398,2,10,0,0,F,untreated,10µl single drop
0,1,15,40000000,7.60205999132796,3,2.5,0,0,F,untreated,2.5µl single drop
0,2,15,52000000,7.7160033436348,3,2.5,0,0,F,untreated,2.5µl single drop
0,3,15,40000000,7.60205999132796,3,2.5,0,0,F,untreated,2.5µl single drop
1,1,15,230000000,8.36172783601759,0,100,0,0,F,MXF 1X MIC,100µl quad
1,2,15,950000000,8.97772360528885,0,100,0,0,F,MXF 1X MIC,100µl quad
1,3,15,490000000,8.69019608002851,0,100,0,0,F,MXF 1X MIC,100µl quad
1,1,15,3560000,6.55144999797287,1,10,0,0,F,MXF 1X MIC,10µl 4 drops
1,2,15,3850000,6.5854607295085,1,10,0,0,F,MXF 1X MIC,10µl 4 drops
1,3,15,NA,NA,1,10,0,0,F,MXF 1X MIC,10µl 4 drops
1,1,15,24000000,7.38021124171161,2,10,0,0,F,MXF 1X MIC,10µl single drop
1,2,15,27000000,7.43136376415899,2,10,0,0,F,MXF 1X MIC,10µl single drop
1,3,15,24000000,7.38021124171161,2,10,0,0,F,MXF 1X MIC,10µl single drop
1,1,15,32000000,7.50514997831991,3,2.5,0,0,F,MXF 1X MIC,2.5µl single drop
1,2,15,36000000,7.55630250076729,3,2.5,0,0,F,MXF 1X MIC,2.5µl single drop
1,3,15,NA,NA,3,2.5,0,0,F,MXF 1X MIC,2.5µl single drop
2,1,15,900,2.95424250943932,0,100,0,0,F,MXF 10X MIC,100µl quad
2,2,15,1000,3,0,100,0,0,F,MXF 10X MIC,100µl quad
2,3,15,1200,3.07918124604762,0,100,0,0,F,MXF 10X MIC,100µl quad
2,1,15,1040,3.01703333929878,1,10,0,0,F,MXF 10X MIC,10µl 4 drops
2,2,15,880,2.94448267215017,1,10,0,0,F,MXF 10X MIC,10µl 4 drops
2,3,15,860,2.93449845124357,1,10,0,0,F,MXF 10X MIC,10µl 4 drops
2,1,15,4000,3.60205999132796,2,10,0,0,F,MXF 10X MIC,10µl single drop
2,2,15,1000,3,2,10,0,0,F,MXF 10X MIC,10µl single drop
2,3,15,5000,3.69897000433602,2,10,0,0,F,MXF 10X MIC,10µl single drop
2,1,15,800,2.90308998699194,3,2.5,0,0,F,MXF 10X MIC,2.5µl single drop
2,2,15,1200,3.07918124604762,3,2.5,0,0,F,MXF 10X MIC,2.5µl single drop
2,3,15,1600,3.20411998265592,3,2.5,0,0,F,MXF 10X MIC,2.5µl single drop
3,1,15,110000,5.04139268515823,0,100,0,0,F,INH 1X MIC,100µl quad
3,2,15,120000,5.07918124604763,0,100,0,0,F,INH 1X MIC,100µl quad
3,3,15,80000,4.90308998699194,0,100,0,0,F,INH 1X MIC,100µl quad
3,1,15,31200,4.49415459401844,1,10,0,0,F,INH 1X MIC,10µl 4 drops
3,2,15,29400,4.46834733041216,1,10,0,0,F,INH 1X MIC,10µl 4 drops
3,3,15,26400,4.42160392686983,1,10,0,0,F,INH 1X MIC,10µl 4 drops
3,1,15,29000,4.46239799789896,2,10,0,0,F,INH 1X MIC,10µl single drop
3,2,15,54000,4.73239375982297,2,10,0,0,F,INH 1X MIC,10µl single drop
3,3,15,23000,4.36172783601759,2,10,0,0,F,INH 1X MIC,10µl single drop
3,1,15,32000,4.50514997831991,3,2.5,0,0,F,INH 1X MIC,2.5µl single drop
3,2,15,44000,4.64345267648619,3,2.5,0,0,F,INH 1X MIC,2.5µl single drop
3,3,15,48000,4.68124123737559,3,2.5,0,0,F,INH 1X MIC,2.5µl single drop
4,1,15,36000,4.55630250076729,0,100,0,0,F,INH 10X MIC,100µl quad
4,2,15,36000,4.55630250076729,0,100,0,0,F,INH 10X MIC,100µl quad
4,3,15,79000,4.89762709129044,0,100,0,0,F,INH 10X MIC,100µl quad
4,1,15,16800,4.22530928172586,1,10,0,0,F,INH 10X MIC,10µl 4 drops
4,2,15,15000,4.17609125905568,1,10,0,0,F,INH 10X MIC,10µl 4 drops
4,3,15,15400,4.18752072083646,1,10,0,0,F,INH 10X MIC,10µl 4 drops
4,1,15,16000,4.20411998265593,2,10,0,0,F,INH 10X MIC,10µl single drop
4,2,15,33000,4.51851393987789,2,10,0,0,F,INH 10X MIC,10µl single drop
4,3,15,44000,4.64345267648619,2,10,0,0,F,INH 10X MIC,10µl single drop
4,1,15,48000,4.68124123737559,3,2.5,0,0,F,INH 10X MIC,2.5µl single drop
4,2,15,20000,4.30102999566398,3,2.5,0,0,F,INH 10X MIC,2.5µl single drop
4,3,15,32000,4.50514997831991,3,2.5,0,0,F,INH 10X MIC,2.5µl single drop
0,1,21,1170000000,9.06818586174616,0,100,0,0,F,untreated,100µl quad
0,2,21,1100000000,9.04139268515823,0,100,0,0,F,untreated,100µl quad
0,3,21,870000000,8.93951925261862,0,100,0,0,F,untreated,100µl quad
0,1,21,30000000,7.47712125471966,1,10,0,0,F,untreated,10µl 4 drops
0,2,21,30000000,7.47712125471966,1,10,0,0,F,untreated,10µl 4 drops
0,3,21,33000000,7.51851393987789,1,10,0,0,F,untreated,10µl 4 drops
0,1,21,1500000000,9.17609125905568,2,10,0,0,F,untreated,10µl single drop
0,2,21,2800000000,9.44715803134222,2,10,0,0,F,untreated,10µl single drop
0,3,21,1700000000,9.23044892137827,2,10,0,0,F,untreated,10µl single drop
0,1,21,8000000,6.90308998699194,3,2.5,0,0,F,untreated,2.5µl single drop
0,2,21,6800000,6.83250891270624,3,2.5,0,0,F,untreated,2.5µl single drop
0,3,21,7200000,6.85733249643127,3,2.5,0,0,F,untreated,2.5µl single drop
1,1,21,1440000000,9.15836249209525,0,100,0,0,F,MXF 1X MIC,100µl quad
1,2,21,1200000000,9.07918124604763,0,100,0,0,F,MXF 1X MIC,100µl quad
1,3,21,1950000000,9.29003461136252,0,100,0,0,F,MXF 1X MIC,100µl quad
1,1,21,28400000,7.45331834004704,1,10,0,0,F,MXF 1X MIC,10µl 4 drops
1,2,21,28800000,7.45939248775923,1,10,0,0,F,MXF 1X MIC,10µl 4 drops
1,3,21,36400000,7.56110138364906,1,10,0,0,F,MXF 1X MIC,10µl 4 drops
1,1,21,280000000,8.44715803134222,2,10,0,0,F,MXF 1X MIC,10µl single drop
1,2,21,280000000,8.44715803134222,2,10,0,0,F,MXF 1X MIC,10µl single drop
1,3,21,290000000,8.46239799789896,2,10,0,0,F,MXF 1X MIC,10µl single drop
1,1,21,280000000,8.44715803134222,3,2.5,0,0,F,MXF 1X MIC,2.5µl single drop
1,2,21,280000000,8.44715803134222,3,2.5,0,0,F,MXF 1X MIC,2.5µl single drop
1,3,21,560000000,8.7481880270062,3,2.5,0,0,F,MXF 1X MIC,2.5µl single drop
2,1,21,100,2,0,100,0,0,F,MXF 10X MIC,100µl quad
2,2,21,800,2.90308998699194,0,100,0,0,F,MXF 10X MIC,100µl quad
2,3,21,200,2.30102999566398,0,100,0,0,F,MXF 10X MIC,100µl quad
2,1,21,260,2.41497334797082,1,10,0,0,F,MXF 10X MIC,10µl 4 drops
2,2,21,840,2.92427928606188,1,10,0,0,F,MXF 10X MIC,10µl 4 drops
2,3,21,200,2.30102999566398,1,10,0,0,F,MXF 10X MIC,10µl 4 drops
2,1,21,NA,NA,2,10,0,1,F,MXF 10X MIC,10µl single drop
2,2,21,2000,3.30102999566398,2,10,0,0,F,MXF 10X MIC,10µl single drop
2,3,21,NA,NA,2,10,0,1,F,MXF 10X MIC,10µl single drop
2,1,21,NA,NA,3,2.5,0,1,F,MXF 10X MIC,2.5µl single drop
2,2,21,1200,3.07918124604762,3,2.5,0,0,F,MXF 10X MIC,2.5µl single drop
2,3,21,400,2.60205999132796,3,2.5,0,0,F,MXF 10X MIC,2.5µl single drop
3,1,21,490000,5.69019608002851,0,100,0,0,F,INH 1X MIC,100µl quad
3,2,21,640000,5.80617997398389,0,100,0,0,F,INH 1X MIC,100µl quad
3,3,21,650000,5.81291335664286,0,100,0,0,F,INH 1X MIC,100µl quad
3,1,21,208000,5.31806333496276,1,10,0,0,F,INH 1X MIC,10µl 4 drops
3,2,21,256000,5.40823996531185,1,10,0,0,F,INH 1X MIC,10µl 4 drops
3,3,21,278000,5.44404479591808,1,10,0,0,F,INH 1X MIC,10µl 4 drops
3,1,21,700000,5.84509804001426,2,10,0,0,F,INH 1X MIC,10µl single drop
3,2,21,900000,5.95424250943933,2,10,0,0,F,INH 1X MIC,10µl single drop
3,3,21,300000,5.47712125471966,2,10,0,0,F,INH 1X MIC,10µl single drop
3,1,21,600000,5.77815125038364,3,2.5,0,0,F,INH 1X MIC,2.5µl single drop
3,2,21,440000,5.64345267648619,3,2.5,0,0,F,INH 1X MIC,2.5µl single drop
3,3,21,520000,5.7160033436348,3,2.5,0,0,F,INH 1X MIC,2.5µl single drop
4,1,21,330000,5.51851393987789,0,100,0,0,F,INH 10X MIC,100µl quad
4,2,21,260000,5.41497334797082,0,100,0,0,F,INH 10X MIC,100µl quad
4,3,21,300000,5.47712125471966,0,100,0,0,F,INH 10X MIC,100µl quad
4,1,21,158000,5.19865708695442,1,10,0,0,F,INH 10X MIC,10µl 4 drops
4,2,21,248000,5.39445168082622,1,10,0,0,F,INH 10X MIC,10µl 4 drops
4,3,21,146000,5.16435285578444,1,10,0,0,F,INH 10X MIC,10µl 4 drops
4,1,21,500000,5.69897000433602,2,10,0,0,F,INH 10X MIC,10µl single drop
4,2,21,700000,5.84509804001426,2,10,0,0,F,INH 10X MIC,10µl single drop
4,3,21,1900000,6.27875360095283,2,10,0,0,F,INH 10X MIC,10µl single drop
4,1,21,280000,5.44715803134222,3,2.5,0,0,F,INH 10X MIC,2.5µl single drop
4,2,21,520000,5.7160033436348,3,2.5,0,0,F,INH 10X MIC,2.5µl single drop
4,3,21,320000,5.50514997831991,3,2.5,0,0,F,INH 10X MIC,2.5µl single drop
